Reaction,FSR,RegulationStatus
4,1904.60778121078,Upregulated
27,0.383033034636551,Downregulated
40,899.495066624265,Upregulated
45,3995.52050176442,Upregulated
87,0.5,Downregulated
92,4.02009769299222,Upregulated
108,0.0109435598221102,Downregulated
109,0.0109435598221102,Downregulated
110,0.0109435598221102,Downregulated
111,0.0119051538639433,Downregulated
112,0.0119051538639433,Downregulated
113,0.0119051538639433,Downregulated
117,0.363347954793132,Downregulated
133,2.05128068245615,Upregulated
154,0.273588253175577,Downregulated
155,0.01,Downregulated
158,0.135488809427395,Downregulated
159,0.338705578668575,Downregulated
164,0.150985791683108,Downregulated
187,16273.1788622298,Upregulated
198,0.398345660686156,Downregulated
240,0.100913500016111,Downregulated
242,0.302638406497498,Downregulated
256,9545.2987958364,Upregulated
257,0.109435629898675,Downregulated
258,0.338705481127352,Downregulated
265,0.0198026542280442,Downregulated
277,0.5,Downregulated
295,0.248431467957688,Downregulated
296,0.248471292122086,Downregulated
298,15546.1933442391,Upregulated
331,2,Upregulated
339,4.46735592808476,Upregulated
397,7.80294135728834,Upregulated
399,7.80294141101959,Upregulated
405,24.9781903643672,Upregulated
406,23.6615787573157,Upregulated
424,0.0166858153579721,Downregulated
425,4.12760480578794,Upregulated
426,4.12760477908861,Upregulated
430,31.900551691198,Upregulated
443,0.5,Downregulated
487,0.243903344744508,Downregulated
516,13481.8676509664,Upregulated
561,0.0320295789364648,Downregulated
564,0.069959019972019,Downregulated
565,0.0451781588905908,Downregulated
574,2730.46176359308,Upregulated
575,12587.6868672865,Upregulated
580,429.928155832855,Upregulated
601,1247.7343820743,Upregulated
605,0.379290385159054,Downregulated
615,0.101031678427338,Downregulated
648,17701.691361604,Upregulated
651,18236.6572763427,Upregulated
659,0.0126249163774304,Downregulated
676,2877.24905482639,Upregulated
718,27.9163405484216,Upregulated
720,3594.46132440743,Upregulated
725,1531.27821120259,Upregulated
726,0.0556284573969318,Downregulated
745,2.65472366208826,Upregulated
761,17701.6915120947,Upregulated
763,14549.3728479455,Upregulated
770,17701.6911416561,Upregulated
772,10080.6235009691,Upregulated
777,17701.691025894,Upregulated
778,17701.691416591,Upregulated
780,0.0308479362012511,Downregulated
784,1036.068817055,Upregulated
785,16.5924239797327,Upregulated
797,0.0109435598221102,Downregulated
799,0.467785168305597,Downregulated
800,4.27233475140317,Upregulated
801,3.24195248855901,Upregulated
833,0.177508667131833,Downregulated
835,4.72771013589514,Upregulated
838,0.223537144449814,Downregulated
839,0.229919512101634,Downregulated
860,0.366819701078874,Downregulated
868,0.225814617031934,Downregulated
885,0.0173069931995493,Downregulated
887,860.599698887507,Upregulated
888,860.599698892191,Upregulated
889,17924.3215715024,Upregulated
924,130.175303520067,Upregulated
933,17.8925310810307,Upregulated
938,26.2332113440086,Upregulated
939,0.39017425267147,Downregulated
940,16684.338274099,Upregulated
942,4.46735592808476,Upregulated
946,0.383743009677521,Downregulated
947,0.351063591648759,Downregulated
948,0.20713747261822,Downregulated
950,0.38394559892914,Downregulated
952,0.225814682395159,Downregulated
953,0.225814617028098,Downregulated
970,2072.13763411028,Upregulated
971,397.794062519578,Upregulated
987,0.135488770217173,Downregulated
988,0.135488770214913,Downregulated
989,0.0971260969266939,Downregulated
990,0.333333333333333,Downregulated
991,0.342168942362507,Downregulated
993,0.3536782185809,Downregulated
1000,0.225814617028553,Downregulated
1014,3225.80463611079,Upregulated
1015,2699.71795854529,Upregulated
1017,19777.1519281144,Upregulated
1034,0.225814617038547,Downregulated
1051,0.152843899800861,Downregulated
1058,0.161641448327887,Downregulated
1059,0.320349405081367,Downregulated
1067,0.281261275771923,Downregulated
1085,10235.5655030707,Upregulated
1087,11607.2662824178,Upregulated
1097,0.5,Downregulated
1101,0.338705481124378,Downregulated
1117,9063.22426022994,Upregulated
1120,7483.45387866695,Upregulated
1125,262.305866983309,Upregulated
1136,301.242124853776,Upregulated
1137,17635.5560473129,Upregulated
1140,1057.49084253126,Upregulated
1144,4766.37738580787,Upregulated
1148,12787.7182328373,Upregulated
1152,17635.5560473129,Upregulated
1161,4766.37738580787,Upregulated
1174,7106.45700269703,Upregulated
1195,0.272339046294235,Downregulated
1208,12775.9040941631,Upregulated
1216,0.135488770217835,Downregulated
1217,0.135488770216908,Downregulated
1225,28.7134033361942,Upregulated
1226,4.10255373819218,Upregulated
1246,0.453350443289382,Downregulated
1249,7.80294143926696,Upregulated
1252,4.08743418192302,Upregulated
1254,7.80294140419863,Upregulated
1271,5.78933904799158,Upregulated
1277,5.58231893962169,Upregulated
1298,0.398347380750345,Downregulated
1300,0.244981629410603,Downregulated
1301,0.225814682395159,Downregulated
1303,0.252977467992998,Downregulated
1308,0.0567423511162428,Downregulated
1309,0.0173069881854258,Downregulated
1310,0.0974485502290003,Downregulated
1311,0.0991603049538638,Downregulated
1312,0.0173069881854258,Downregulated
1313,0.0173069881841846,Downregulated
1315,0.169403566535029,Downregulated
1321,0.225814617032213,Downregulated
1322,0.0787258181276944,Downregulated
1323,0.468685928148113,Downregulated
1324,0.367451671397695,Downregulated
1328,0.239717346161736,Downregulated
1331,0.367451671397695,Downregulated
1332,0.338705481127838,Downregulated
1338,0.24498162941254,Downregulated
1342,0.0711932285815319,Downregulated
1345,0.22251387450379,Downregulated
1346,0.39834566069635,Downregulated
1349,0.333333333333333,Downregulated
1350,0.0967776930122986,Downregulated
1351,0.0619507003577545,Downregulated
1354,0.338705481123739,Downregulated
1356,0.177765708814729,Downregulated
1359,0.338705481122895,Downregulated
1361,0.39834566069635,Downregulated
1362,0.39834566069669,Downregulated
1363,0.0619507003577545,Downregulated
1368,0.383945598932183,Downregulated
1371,0.481109693183253,Downregulated
1373,0.383743009684529,Downregulated
1374,0.0619507003577545,Downregulated
1379,0.239717346159519,Downregulated
1382,0.415268623680506,Downregulated
1383,0.338705481126779,Downregulated
1384,0.140631183430505,Downregulated
1385,0.140631183430505,Downregulated
1386,0.22581468251294,Downregulated
1388,0.220826689973637,Downregulated
1391,0.340998627292583,Downregulated
1393,0.400600208933594,Downregulated
1399,0.383743009684529,Downregulated
1401,0.130863003195439,Downregulated
1402,0.140631183430505,Downregulated
1403,0.199757870705891,Downregulated
1406,0.481109693183253,Downregulated
1407,0.140631183430505,Downregulated
1408,0.415128584375763,Downregulated
1411,0.225814617028993,Downregulated
1412,0.0787258181276944,Downregulated
1413,0.338705481122992,Downregulated
1414,0.0787258181276944,Downregulated
1415,0.468199642328297,Downregulated
1416,0.140631183430505,Downregulated
1417,0.0711932285815319,Downregulated
1418,0.383945598932183,Downregulated
1438,0.415845631960312,Downregulated
1439,0.0695070817425048,Downregulated
1444,0.341052358738195,Downregulated
1446,0.415845631960313,Downregulated
1448,0.415845631960313,Downregulated
1450,0.415845631960313,Downregulated
1452,0.415845631960313,Downregulated
1454,0.415845631960312,Downregulated
1457,0.466952586821272,Downregulated
1459,0.466952586821272,Downregulated
1467,0.341052358580808,Downregulated
1468,0.341052358706121,Downregulated
1470,0.0160147894678508,Downregulated
1471,0.0451781588903338,Downregulated
1474,0.340998627292583,Downregulated
1475,0.340998627292583,Downregulated
1477,0.0711932285815319,Downregulated
1480,0.371838756803435,Downregulated
1493,0.340530140845412,Downregulated
1494,0.468685928152163,Downregulated
1495,0.112907308513794,Downregulated
1496,0.291327090445849,Downregulated
1497,0.366942740327181,Downregulated
1499,0.244981698620444,Downregulated
1500,0.01,Downregulated
1504,0.0619507003577545,Downregulated
1507,0.01,Downregulated
1508,0.0971090301294103,Downregulated
1510,0.0787258181276944,Downregulated
1512,0.340196187534004,Downregulated
1513,0.340196187534004,Downregulated
1516,0.338705481126779,Downregulated
1517,0.415268609462418,Downregulated
1519,0.317898548853738,Downregulated
1521,0.01,Downregulated
1522,0.366942740327181,Downregulated
1523,0.333333333333333,Downregulated
1525,0.0160147894680599,Downregulated
1527,0.239717346161736,Downregulated
1529,0.464273823827018,Downregulated
1532,0.338705481122895,Downregulated
1533,0.33870548112855,Downregulated
1534,0.33870548112409,Downregulated
1535,0.372963911124366,Downregulated
1536,0.33870548112516,Downregulated
1537,0.338705481123732,Downregulated
1538,0.381624055667,Downregulated
1539,0.338705481123503,Downregulated
1540,0.338705481122895,Downregulated
1541,0.33870548112855,Downregulated
1542,0.33870548112409,Downregulated
1543,0.372963911124366,Downregulated
1544,0.33870548112516,Downregulated
1545,0.338705481123732,Downregulated
1546,0.381624055667,Downregulated
1547,0.338705481123503,Downregulated
1548,0.33870548112855,Downregulated
1549,0.271671644911965,Downregulated
1550,0.212556605783727,Downregulated
1552,0.338705578974994,Downregulated
1553,0.33870548112516,Downregulated
1554,0.339069387850504,Downregulated
1555,0.338705481215085,Downregulated
1556,0.338705481123503,Downregulated
1557,0.0567678068090736,Downregulated
1558,0.339069387970755,Downregulated
1559,0.339069387970755,Downregulated
1562,0.0160147894684623,Downregulated
1563,0.0376357695045627,Downregulated
1564,0.148824166192539,Downregulated
1565,0.400600208933701,Downregulated
1570,0.415845631960313,Downregulated
1571,0.415845631960313,Downregulated
1572,0.41584563196031,Downregulated
1601,7.17835109513208,Upregulated
1602,7.17835114103572,Upregulated
1603,7.17835067862678,Upregulated
1604,7.1783494836572,Upregulated
1605,7.17835115703959,Upregulated
1606,7.17835069958165,Upregulated
1607,7.17835067811698,Upregulated
1608,7.17835001819538,Upregulated
1609,7.17835115703954,Upregulated
1610,7.17835114102961,Upregulated
1611,7.17835115704469,Upregulated
1619,2.23367889467309,Upregulated
1630,17296.9490860756,Upregulated
1948,28.4806628489318,Upregulated
1972,8240.4039092446,Upregulated
2009,0.293504308360929,Downregulated
2019,6.43823982140884,Upregulated
2022,8599.41537758632,Upregulated
2038,0.5,Downregulated
2083,0.204219322899947,Downregulated
2084,0.204219322899947,Downregulated
2089,0.465725661102928,Downregulated
2090,0.0783832040063329,Downregulated
2102,9326.74070260988,Upregulated
2103,3937.76894788653,Upregulated
2104,990.64041917705,Upregulated
2109,9966.13686916652,Upregulated
2117,5516.52979364665,Upregulated
2157,2.92589453777771,Upregulated
2165,2.20694279204271,Upregulated
2181,71.8504763531299,Upregulated
2187,16115.0081123863,Upregulated
2227,1302.24125257641,Upregulated
2230,0.0110347139636261,Downregulated
2257,0.405643603091051,Downregulated
2261,0.386032714426405,Downregulated
2279,11666.791865774,Upregulated
2284,13036.5339836604,Upregulated
2287,0.222689169232687,Downregulated
2295,4295.12226464391,Upregulated
2298,14497.2818607869,Upregulated
2331,8649.78413557009,Upregulated
2332,12697.8442521467,Upregulated
2388,0.252977467992998,Downregulated
2395,0.01,Downregulated
2418,0.0760398932916391,Downregulated
2433,23.9025540725419,Upregulated
2434,47.8694179686809,Upregulated
2484,51.3264970460384,Upregulated
2548,359.159554123662,Upregulated
2560,359.159553154798,Upregulated
2606,2,Upregulated
2636,0.158127468345188,Downregulated
2645,0.1754834738708,Downregulated
2686,11568.454745703,Upregulated
2757,15.6403690079104,Upregulated
2766,7618.4362816925,Upregulated
2862,11270.9777370449,Upregulated
3021,85.6100900839564,Upregulated
3097,6.23286837446404,Upregulated
3098,590.40078625618,Upregulated
3171,10.6631955932795,Upregulated
3175,0.032374050063296,Downregulated
3177,8567.49267619323,Upregulated
3184,0.113291525107345,Downregulated
3185,0.0323740500628218,Downregulated
3189,0.0157823892769221,Downregulated
3192,0.0272977688759503,Downregulated
3198,0.03580351377044,Downregulated
3201,1108.65810238165,Upregulated
3202,0.06655429593627,Downregulated
3203,0.0665542952785507,Downregulated
3204,1108.69959680451,Upregulated
3227,0.0281460047401034,Downregulated
3228,17624.8417569434,Upregulated
3229,0.0162728025591782,Downregulated
3238,6215.97324480374,Upregulated
3344,6.24174294221402,Upregulated
3355,7532.75515574758,Upregulated
3356,327.293338104396,Upregulated
3359,9.07495314148624,Upregulated
3379,0.204348862809027,Downregulated
3389,0.5,Downregulated
3412,0.260316111778667,Downregulated
3413,0.260316111778667,Downregulated
3442,0.206659314995589,Downregulated
3457,14517.4252566842,Upregulated
3476,0.412024966028392,Downregulated
3485,0.338705578668456,Downregulated
3487,0.338705578668456,Downregulated
3494,4168.45594401487,Upregulated
3500,0.318617823216183,Downregulated
3511,0.318617823215932,Downregulated
3513,2.41230228133351,Upregulated
3528,2.99998721504068,Upregulated
3549,10477.2476768002,Upregulated
3551,16879.2785411482,Upregulated
3554,343.206730136537,Upregulated
3555,1339.82355490574,Upregulated
3556,14775.383722328,Upregulated
3557,258.500322230336,Upregulated
3559,14688.5235961865,Upregulated
3590,6013.61973326834,Upregulated
3615,0.333334236426742,Downregulated
3616,0.333334236426742,Downregulated
3617,0.333334236426742,Downregulated
3620,2.47579589534607,Upregulated
3636,0.235572363198527,Downregulated
3637,0.226881873941696,Downregulated
3638,0.25500936296077,Downregulated
3640,0.226889239032853,Downregulated
3641,0.204348862808824,Downregulated
3642,0.185887273400038,Downregulated
3646,0.236640004332379,Downregulated
3647,17540.6779674541,Upregulated
3651,8.69138251368478,Upregulated
3703,2.70964462934765,Upregulated
3704,2.70964462934765,Upregulated
3710,0.338705578668456,Downregulated
3720,0.338705578668456,Downregulated
3726,4.81710523385187,Upregulated
3729,0.338705578668456,Downregulated
3731,0.338705481124254,Downregulated
3757,0.338705578668456,Downregulated
3758,0.338705578668456,Downregulated
3765,5789.52402276791,Upregulated
3769,0.01,Downregulated
3791,0.01,Downregulated
3792,0.0911619816515526,Downregulated
3794,0.117613392017525,Downregulated
3795,0.225814682394462,Downregulated
3824,9.78789899917012,Upregulated
3841,0.0871566682614362,Downregulated
3864,3.07156479145747,Upregulated
3867,4.81710523384965,Upregulated
3868,3.21156033142131,Upregulated
3891,0.477704410274068,Downregulated
3906,2.04260615020684,Upregulated
3914,3.99999455357848,Upregulated
3930,0.338705481121793,Downregulated
3943,297.271776980892,Upregulated
3960,11398.1369550729,Upregulated
3973,2.82576781767034,Upregulated
3979,12841.3368561513,Upregulated
3982,2.02697952567426,Upregulated
3987,19193.5822684129,Upregulated
3988,19193.5824990229,Upregulated
3991,17069.7327045152,Upregulated
4025,0.278033760116056,Downregulated
4028,2736.09562920632,Upregulated
4039,148.987836754972,Upregulated
4045,0.258592714769215,Downregulated
4075,2.04417228121584,Upregulated
4090,18894.1940400439,Upregulated
4133,0.18630112539116,Downregulated
4143,2.50140057490365,Upregulated
4144,2.35242255155817,Upregulated
4156,0.0615080630350059,Downregulated
4168,0.367409734803856,Downregulated
4169,0.0917534554705763,Downregulated
4206,474.050365681112,Upregulated
4208,0.0183506910940353,Downregulated
4211,0.0603324889239794,Downregulated
4212,12452.6343022536,Upregulated
4242,0.0818270148208627,Downregulated
4252,2.95921058448557,Upregulated
4260,0.274084582344947,Downregulated
4264,8.95156254526878,Upregulated
4281,0.0455896354108672,Downregulated
4312,11.884244207105,Upregulated
4313,28.4442118673631,Upregulated
4314,0.367409734801943,Downregulated
4325,16534.1376199652,Upregulated
4326,17329.1147539604,Upregulated
4334,0.368213723507127,Downregulated
4336,0.367409734798922,Downregulated
4338,0.436353712996117,Downregulated
4353,0.207205674312568,Downregulated
4385,0.0757172025592162,Downregulated
4408,4.23094320958577,Upregulated
4411,3.9999922407678,Upregulated
4412,3.95075850571641,Upregulated
4420,3.95075850571634,Upregulated
4428,28.4441182543859,Upregulated
4435,0.0719019132074686,Downregulated
4436,13790.7875594051,Upregulated
4437,10.6477847487192,Upregulated
4438,11590.0318560117,Upregulated
4440,0.01,Downregulated
4451,0.386694599365666,Downregulated
4461,5303.94695603108,Upregulated
4466,0.201632019128266,Downregulated
4480,118.736540042488,Upregulated
4485,644.317709967998,Upregulated
4489,13930.5406675861,Upregulated
4491,13930.5407850617,Upregulated
4494,0.0807491124562618,Downregulated
4509,6,Upregulated
4525,0.0299995547856342,Downregulated
4530,0.367409734802705,Downregulated
4549,0.367409734802536,Downregulated
4551,0.264189390546462,Downregulated
4553,0.109243716018411,Downregulated
4554,10871.3959421057,Upregulated
4624,613.667625950653,Upregulated
4630,0.0201109153470707,Downregulated
4631,0.0201109153470707,Downregulated
4632,0.0201109153470707,Downregulated
4648,0.0455896354108672,Downregulated
4664,0.0735618940017271,Downregulated
4686,2000.33174567812,Upregulated
4687,0.0101473420983922,Downregulated
4688,0.0101473420983922,Downregulated
4689,0.0101473420983922,Downregulated
4690,0.0101473420983922,Downregulated
4691,0.0101473420983922,Downregulated
4692,0.0101473420983922,Downregulated
4693,0.0101473420983922,Downregulated
4695,421.507842665728,Upregulated
4696,421.220888022227,Upregulated
4719,17658.357011265,Upregulated
4740,0.336178244779076,Downregulated
4742,0.367409734802481,Downregulated
4759,0.264189372310336,Downregulated
4767,5.75195502784431,Upregulated
4789,14904.9473276792,Upregulated
4790,1448.57686737531,Upregulated
4796,0.0101473420983922,Downregulated
4798,2398.96221073482,Upregulated
4800,15.9938079418355,Upregulated
4801,0.0908345674620007,Downregulated
4802,0.0101473420983922,Downregulated
4804,14457.4313910529,Upregulated
4812,19.5756895307638,Upregulated
4814,3.57436207990678,Upregulated
4817,0.0201109153470707,Downregulated
4820,0.0183506910940353,Downregulated
4824,0.119194257038387,Downregulated
4833,0.39292633826685,Downregulated
4849,5602.93803651378,Upregulated
4851,915.021938927653,Upregulated
4862,0.454611195024583,Downregulated
4868,0.02,Downregulated
4878,8138.97955204574,Upregulated
4883,17341.0540753737,Upregulated
4884,5.83533119902503,Upregulated
4902,2875.65961877194,Upregulated
4913,0.0201109153472859,Downregulated
4915,17341.0540751101,Upregulated
4928,29.9721690445305,Upregulated
4937,0.367409734803406,Downregulated
4943,0.224118829853565,Downregulated
4947,0.164983815747836,Downregulated
4951,13016.6430369475,Upregulated
4959,0.142221059365867,Downregulated
4969,5871.76758881248,Upregulated
4974,27.9995720395321,Upregulated
4982,27.9995720395321,Upregulated
4989,5.74254949608636,Upregulated
4990,18.7770150835872,Upregulated
4998,0.129050458927806,Downregulated
5001,8,Upregulated
5046,0.5,Downregulated
5068,0.5,Downregulated
5070,0.5,Downregulated
5072,0.5,Downregulated
5149,0.048175574705511,Downregulated
5150,0.048175574705511,Downregulated
5151,0.0455896354108672,Downregulated
5207,14045.3506576028,Upregulated
5237,0.0286080033254708,Downregulated
5238,0.205850081475439,Downregulated
5239,0.193233759980359,Downregulated
5240,0.0926722381157822,Downregulated
5248,0.0698066012197338,Downregulated
5263,55.9985957009239,Upregulated
5299,0.5,Downregulated
5424,0.0927505060771052,Downregulated
5453,19181.0109536148,Upregulated
5473,0.367409734806585,Downregulated
5494,2,Upregulated
5556,2,Upregulated
5735,14014.6841007488,Upregulated
5741,0.01,Downregulated
5743,14688.5232512581,Upregulated
5744,0.290837561654759,Downregulated
5745,0.264189472416333,Downregulated
5755,0.0881756988857045,Downregulated
5756,0.0803461076016252,Downregulated
5758,0.0881756988857045,Downregulated
5764,5.22534017051292,Upregulated
5772,0.0747610921327697,Downregulated
5775,0.0747610921327697,Downregulated
5778,0.22985089726273,Downregulated
5779,0.0766170204382997,Downregulated
5780,1347.64541192101,Upregulated
5783,2979.17448549197,Upregulated
5808,5.42207565494307,Upregulated
5853,0.367409734797062,Downregulated
5854,0.367409734797062,Downregulated
5857,2.50498718123569,Upregulated
5859,4000.75040830979,Upregulated
5871,0.0589344578492749,Downregulated
5873,3264.45656806807,Upregulated
5874,16681.2654532125,Upregulated
5892,4352.68956137499,Upregulated
5903,1906.17322364022,Upregulated
5921,14688.5235431442,Upregulated
5923,0.048445639729706,Downregulated
5936,0.389072939273914,Downregulated
5941,0.442436873015874,Downregulated
5942,0.0895156254526877,Downregulated
5947,0.01,Downregulated
5952,14688.5234450312,Upregulated
5953,0.150084022588132,Downregulated
5954,7257.17272812675,Upregulated
5956,14688.5234818236,Upregulated
5968,0.0978790999868232,Downregulated
5997,8217.44193080841,Upregulated
6019,322.858723334619,Upregulated
6036,2.9361285673161,Upregulated
6051,0.385098544265179,Downregulated
6053,9.78790024235139,Upregulated
6054,9.78790184128101,Upregulated
6055,10.3446733401694,Upregulated
6062,0.027275665052332,Downregulated
6067,0.5,Downregulated
6072,1563.78470162196,Upregulated
6076,17.903125090538,Upregulated
6077,7006.43813372022,Upregulated
6078,5.85236484699853,Upregulated
6081,0.0368151155543947,Downregulated
6091,8206.71704911537,Upregulated
6095,0.341054509466042,Downregulated
6109,0.01,Downregulated
6128,37.7636355023396,Upregulated
6129,371.648973590944,Upregulated
6130,13653.9978911264,Upregulated
6131,5710.61864628535,Upregulated
6139,13930.5403636479,Upregulated
6140,656.068152559997,Upregulated
6143,17329.1146534018,Upregulated
6144,656.068152567829,Upregulated
6150,14688.5233769653,Upregulated
6275,0.103261992054687,Downregulated
6355,14688.52379999,Upregulated
6393,7.40827129046462,Upregulated
6414,18.7769971105813,Upregulated
6457,0.155993266658941,Downregulated
6522,0.367409734801296,Downregulated
6524,0.367409734802079,Downregulated
6539,112.680310931511,Upregulated
6557,0.08,Downregulated
6558,5.36868033590904,Upregulated
6559,5.22534017049568,Upregulated
6617,856.284575643271,Upregulated
6830,87.0804288377432,Upregulated
6831,87.0804288377432,Upregulated
6832,87.0804288377432,Upregulated
6866,7208.66756488092,Upregulated
6867,7208.66756488092,Upregulated
6868,3806.06145164815,Upregulated
7018,0.279995720395237,Downregulated
7089,0.01,Downregulated
7093,0.195560232764219,Downregulated
7096,0.0864737392299183,Downregulated
7097,0.0867487116277574,Downregulated
7103,5035.45969861336,Upregulated
7104,3.77702191859476,Upregulated
7105,0.0902122729667459,Downregulated
7109,0.145112378548755,Downregulated
7111,0.01,Downregulated
7112,14688.5237516343,Upregulated
7128,0.367409734802441,Downregulated
7149,0.367409734804841,Downregulated
7156,0.492516095975008,Downregulated
7157,0.367409850214491,Downregulated
7158,0.367409734793018,Downregulated
7225,16219.9282077796,Upregulated
7244,6653.79185547405,Upregulated
7264,3009.22021826772,Upregulated
7265,33.2255798265979,Upregulated
7270,958.857331363546,Upregulated
7298,11503.4124472105,Upregulated
7355,28.4662510548864,Upregulated
7363,3503.21906686011,Upregulated
7367,9934.81025332148,Upregulated
7380,12883.4303781195,Upregulated
7386,2674.19919486911,Upregulated
7389,11484.4996343905,Upregulated
7401,0.0843312606357285,Downregulated
7405,0.373952522619421,Downregulated
7421,94.3409298370309,Upregulated
7425,21.0725598044748,Upregulated
7426,25.4945914765924,Upregulated
7463,0.428900948377814,Downregulated
7467,0.193095936962678,Downregulated
7468,0.193233759975729,Downregulated
7476,20.8611837401774,Upregulated
7481,0.186301186411165,Downregulated
7482,75.9171473879901,Upregulated
7491,13.7553694093481,Upregulated
7498,16440.7259015341,Upregulated
7513,11636.3378005485,Upregulated
7514,34.8699583518767,Upregulated
7517,0.46253384040831,Downregulated
7533,0.0435883282821717,Downregulated
7545,1349.19734943969,Upregulated
7549,2.43630227877647,Upregulated
7552,33.1765629033429,Upregulated
7553,4.17620757975549,Upregulated
7558,3.18949954233887,Upregulated
7559,3.74223559147276,Upregulated
7560,5.18472884953651,Upregulated
7561,5.18472887999547,Upregulated
7563,66.9416691085742,Upregulated
7564,23.7049268747782,Upregulated
7565,0.295003775881687,Downregulated
7567,0.295003775881687,Downregulated
7573,0.23607024900526,Downregulated
7574,6.13494896203242,Upregulated
7575,12.2506930517235,Upregulated
7576,6.68209445546459,Upregulated
7580,21.0629710573693,Upregulated
7581,81.0156722514256,Upregulated
7582,0.0579849148656269,Downregulated
7584,189.015701656091,Upregulated
7586,130.429760902914,Upregulated
7587,2730.17071251435,Upregulated
7588,53.5213452734637,Upregulated
7589,36.0551360840837,Upregulated
7599,0.114203087521229,Downregulated
7600,0.0259126156894759,Downregulated
7603,94.4512360312428,Upregulated
7608,6.71881438087651,Upregulated
7610,13.6731203824797,Upregulated
7612,72.6688653539855,Upregulated
7614,0.301115036710544,Downregulated
7615,0.215994250838947,Downregulated
7617,0.459723450775123,Downregulated
7620,0.417572174728847,Downregulated
7626,0.309007067930037,Downregulated
7627,0.157473211803014,Downregulated
7628,0.309007063622243,Downregulated
7630,0.371262274731431,Downregulated
7632,0.153566167966861,Downregulated
7637,0.423832115767366,Downregulated
7638,18569.1517639375,Upregulated
7639,5.36427391212114,Upregulated
7643,290.058472958045,Upregulated
7646,17.5432025342615,Upregulated
7647,5.60060055389434,Upregulated
7650,0.123142425121098,Downregulated
7651,2.01276726056454,Upregulated
7656,0.309007071001119,Downregulated
7663,1267.70378043919,Upregulated
7664,1267.70380782709,Upregulated
7670,9.08474454128706,Upregulated
7674,3.85043547429208,Upregulated
7683,2.71875234489045,Upregulated
7684,0.0521927826805546,Downregulated
7685,2.40605804820343,Upregulated
7686,51.2092904078632,Upregulated
7688,15.6448991931029,Upregulated
7692,2.40440368196161,Upregulated
7695,0.287497662289404,Downregulated
7697,15.6564741994303,Upregulated
7702,7.80364910877885,Upregulated
7703,0.314543785217907,Downregulated
7705,0.0452779871322061,Downregulated
7712,3.03324243216179,Upregulated
7713,0.251259111385743,Downregulated
7715,0.038269905161365,Downregulated
7720,25.9464508782498,Upregulated
7721,0.174155382632896,Downregulated
7723,16370.8524362892,Upregulated
7729,0.402964835870165,Downregulated
7734,2.19884797105909,Upregulated
7736,7.43148651744134,Upregulated
7738,6.16448055682435,Upregulated
7739,2857.30827480853,Upregulated
7740,2.0188011659554,Upregulated
7741,2.0188011659554,Upregulated
7742,0.373965159800302,Downregulated
7744,2.01880111799782,Upregulated
7745,6.82297889421061,Upregulated
7748,0.109888127984175,Downregulated
7755,49.3939853891538,Upregulated
7758,10.3441725060748,Upregulated
7761,12.0714264657481,Upregulated
7762,17.791314685223,Upregulated
7764,342.047941050021,Upregulated
7767,24.5621841771758,Upregulated
7768,11.9676986354412,Upregulated
7769,13.240722292185,Upregulated
7770,28.4172384720296,Upregulated
7771,39.2004193907797,Upregulated
7772,19.2515995415004,Upregulated
7773,10.344172538778,Upregulated
7775,54.4484075044676,Upregulated
7776,84.6140771166573,Upregulated
7777,84.8579746602708,Upregulated
7778,31.8821752891995,Upregulated
7779,13.4269297589495,Upregulated
7780,51.0696741999946,Upregulated
7781,31.8821753890329,Upregulated
7782,38.247175079487,Upregulated
7783,28.417238451878,Upregulated
7784,43.7598928098794,Upregulated
7786,0.0235604018269749,Downregulated
7787,8166.36693578027,Upregulated
7788,69.7653174890801,Upregulated
7795,0.0965204923938483,Downregulated
7797,0.348042734938055,Downregulated
7799,2071.75769444675,Upregulated
7802,0.135848734251077,Downregulated
7811,8.66438479600755,Upregulated
7812,14.8940335495491,Upregulated
7813,14.8940337709388,Upregulated
7814,8.55288233126558,Upregulated
7815,3.63887708888664,Upregulated
7817,0.391534504392507,Downregulated
7819,0.333333333333333,Downregulated
7820,2.52454267988391,Upregulated
7824,0.0963757304214553,Downregulated
7827,2.61724824412364,Upregulated
7831,0.20173247729924,Downregulated
7832,4.05558388944969,Upregulated
7837,7.50911620880066,Upregulated
7838,5.32928322616974,Upregulated
7839,3.75455815064133,Upregulated
7849,0.279608070502714,Downregulated
7852,0.45849601263167,Downregulated
7855,0.364822579615969,Downregulated
7856,0.197316998857089,Downregulated
7860,5.27538639252374,Upregulated
7865,0.0111463295887285,Downregulated
7867,77.4833669110693,Upregulated
7868,511.496326928262,Upregulated
7869,50.0139157044775,Upregulated
7870,50.0139162588501,Upregulated
7871,50.0139157660745,Upregulated
7872,60.1596094217325,Upregulated
7873,13.1667040593301,Upregulated
7874,11729.2458069348,Upregulated
7878,497.855020184201,Upregulated
7880,0.0212577953868055,Downregulated
7881,0.0212577953868055,Downregulated
7882,0.025423503329707,Downregulated
7883,0.0229842587748185,Downregulated
7884,2.46725143377997,Upregulated
7885,2.46725143377997,Upregulated
7886,2.46725143377997,Upregulated
7889,2.05557850979711,Upregulated
7892,2.46725143377997,Upregulated
7893,2.4672514498035,Upregulated
7894,2.4672514498035,Upregulated
7899,2.1749998576724,Upregulated
7900,0.100341509462749,Downregulated
7902,2.01880116483615,Upregulated
7905,7.27849949421627,Upregulated
7907,2.18055214020325,Upregulated
7908,0.463195158337939,Downregulated
7917,22.783035955775,Upregulated
7918,12395.7524300178,Upregulated
7919,13714.3088682617,Upregulated
7921,0.0286900046053179,Downregulated
7922,0.0969641284302473,Downregulated
7924,0.277644390883276,Downregulated
7925,0.102780182135397,Downregulated
7930,0.0594230037497042,Downregulated
7935,0.157393971777406,Downregulated
7940,0.019379605455574,Downregulated
7946,0.022210070474184,Downregulated
7955,2.29212755271944,Upregulated
7958,3.74411482996126,Upregulated
7963,9.67421522257273,Upregulated
7964,3.90691966402505,Upregulated
7966,13928.7545869174,Upregulated
7967,126.054094428871,Upregulated
7968,19.2921400519761,Upregulated
7969,23.7049269726807,Upregulated
7970,13.9185270502968,Upregulated
7971,19.6219386731992,Upregulated
7972,21.7091555217876,Upregulated
7973,5.30776157955394,Upregulated
7974,0.193636458339394,Downregulated
7976,0.0270236901095868,Downregulated
7979,86.2229103482238,Upregulated
7984,2.32296508110126,Upregulated
7985,3.89826882680101,Upregulated
7986,137.758503281784,Upregulated
7995,60.4341575983604,Upregulated
7998,0.364747497445415,Downregulated
7999,0.36474748601284,Downregulated
8000,0.0545400275092507,Downregulated
8002,0.0556229540665554,Downregulated
8003,0.466090638868777,Downregulated
8004,0.100964454536433,Downregulated
8011,2.06938859422532,Upregulated
8018,12.7035066868009,Upregulated
8020,6.30877457262882,Upregulated
8022,5.52606446474124,Upregulated
8026,3.31816663805023,Upregulated
8027,0.48521067266066,Downregulated
8029,28.9947607343473,Upregulated
8030,0.0312033326826345,Downregulated
8031,0.0318350876466758,Downregulated
8032,0.0630384186115322,Downregulated
8034,2.77402898930232,Upregulated
8035,0.0266195683008821,Downregulated
8036,0.0280935816871058,Downregulated
8037,0.24533196521768,Downregulated
8047,5.17790223656113,Upregulated
8050,0.0636701730466097,Downregulated
8051,0.0318350862519262,Downregulated
8052,0.0636701731364794,Downregulated
8056,0.0318350862821037,Downregulated
8057,0.0318350867922118,Downregulated
8058,0.030274451437979,Downregulated
8059,0.0804213070620925,Downregulated
8061,9.92667033000609,Upregulated
8064,729.128236351408,Upregulated
8070,4.31238295831733,Upregulated
8071,0.213077506540491,Downregulated
8072,0.213077506540491,Downregulated
8079,2.45772293235195,Upregulated
8081,10.2140239192441,Upregulated
8088,0.0312033329848182,Downregulated
8089,0.0563902539037732,Downregulated
8090,0.157869009506566,Downregulated
8091,0.0177395338603034,Downregulated
8101,0.308034353299684,Downregulated
8108,39.3697659759641,Upregulated
8111,61.2939112767916,Upregulated
8114,124.143193912608,Upregulated
8116,727.478167385064,Upregulated
8117,261.122777194708,Upregulated
8118,261.122775069614,Upregulated
8122,274.91502661606,Upregulated
8123,57.4755872050211,Upregulated
8124,12.4695879063878,Upregulated
8125,7.41279606385183,Upregulated
8126,7.41279606385183,Upregulated
8127,24.2333089408706,Upregulated
8129,8.81615873643808,Upregulated
8130,31.0325170496917,Upregulated
8132,423.765867204272,Upregulated
8134,36.0551362143008,Upregulated
8135,5465.12239671919,Upregulated
8139,6.68251890905417,Upregulated
8140,92.9714792616459,Upregulated
8145,2.19884795277305,Upregulated
8146,3.96796697796241,Upregulated
8147,3.50956434930675,Upregulated
8148,0.295337795081013,Downregulated
8150,0.244316131822864,Downregulated
8159,5502.45924751777,Upregulated
8161,7.27849949421627,Upregulated
8163,814.98259967492,Upregulated
8168,2.22467459342568,Upregulated
8171,0.0788139723231486,Downregulated
8172,27.9011350740615,Upregulated
8176,0.096221861078263,Downregulated
8181,0.0786682240008061,Downregulated
8185,0.0335876974365574,Downregulated
8194,3.48788790361743,Upregulated
8198,162.821650941343,Upregulated
8200,15.6675265537779,Upregulated
8206,109.734239239484,Upregulated
8212,5.27793468214046,Upregulated
8213,22.446077388622,Upregulated
8214,15.2350218445929,Upregulated
8216,3.09121894698383,Upregulated
8220,176.770724734304,Upregulated
8222,38.5072050492328,Upregulated
8224,31.2849788432666,Upregulated
8227,3.67537585636204,Upregulated
8234,16.8854850320847,Upregulated
8235,17.6505857477507,Upregulated
8236,5.54505483986531,Upregulated
8240,0.103674553163579,Downregulated
8242,4.36923914567627,Upregulated
8246,0.215042838688206,Downregulated
8256,0.185446873727842,Downregulated
8257,3.64281439869152,Upregulated
8261,0.0347211763134971,Downregulated
8264,2.08133173446223,Upregulated
8267,7.91136001675445,Upregulated
8268,5.25434198327153,Upregulated
8269,5.24765024652571,Upregulated
8270,56.4380658457308,Upregulated
8272,5.28908354548043,Upregulated
8273,0.126626663796674,Downregulated
8274,0.269879278632744,Downregulated
8279,138.957086317288,Upregulated
8289,519.586465188351,Upregulated
8293,0.160405273407371,Downregulated
8295,2.39671665137896,Upregulated
8303,4.3979264233389,Upregulated
8304,5142.67494010228,Upregulated
8305,4225.38531219127,Upregulated
8306,3400.12205574446,Upregulated
8307,0.37925821958336,Downregulated
8308,0.0372428900262467,Downregulated
8317,0.0496001812885332,Downregulated
8319,0.119980955119361,Downregulated
8321,0.0551525815617541,Downregulated
8322,0.0404039332992917,Downregulated
8323,0.0404039332992917,Downregulated
8324,0.0404039332992917,Downregulated
8325,0.115399404537984,Downregulated
8334,0.157523652847289,Downregulated
8335,0.0979469995613768,Downregulated
8338,0.0113843448600037,Downregulated
8342,0.0554148641870133,Downregulated
8343,0.0537652367094464,Downregulated
8346,0.21554023826116,Downregulated
8349,0.211974174639948,Downregulated
8365,0.365616567751932,Downregulated
8366,0.0481724771125636,Downregulated
8369,0.478072902872987,Downregulated
8370,0.186056223447162,Downregulated
8382,0.08075434403393,Downregulated
8383,2.28363454999303,Upregulated
8387,97.3148109337515,Upregulated
8388,2.45090688629895,Upregulated
8391,0.184376387544406,Downregulated
8392,0.184376382213306,Downregulated
8393,10.3122210912936,Upregulated
8394,2.24278746843907,Upregulated
8395,0.393551966245669,Downregulated
8396,2.01080864875049,Upregulated
8398,250.264750415122,Upregulated
8399,11.5360122185395,Upregulated
8406,0.199720177196796,Downregulated
8418,0.0344938936401707,Downregulated
8420,0.0176288325396789,Downregulated
8421,0.0374245340639518,Downregulated
8422,0.21308838606418,Downregulated
8428,0.0268813695813933,Downregulated
8429,0.0597921927661051,Downregulated
8430,0.0147546226352976,Downregulated
8432,8.68111107789824,Upregulated
8433,2.86943716177809,Upregulated
8434,0.274348978223154,Downregulated
8435,0.0909255536679918,Downregulated
8436,0.300976521308547,Downregulated
8437,0.0909255552326132,Downregulated
8438,0.106132543977783,Downregulated
8440,0.300976518580686,Downregulated
8442,1351.16281879734,Upregulated
8453,674.469079657336,Upregulated
8454,6.40562027518474,Upregulated
8457,21.4485665226702,Upregulated
8458,20.3971032193592,Upregulated
8464,2,Upregulated
8485,0.176196570183601,Downregulated
8505,0.364568790798218,Downregulated
8507,0.297387816329228,Downregulated
8514,0.120873565707579,Downregulated
8521,11.5588808845059,Upregulated
8522,4.71456102916932,Upregulated
8523,4.71456099290522,Upregulated
8525,7.29728891476559,Upregulated
8526,16.2041786560208,Upregulated
8527,26.1280660520936,Upregulated
8528,1297.28999239593,Upregulated
8529,0.125302939108503,Downregulated
8530,3260.02670926183,Upregulated
8540,0.360892693135186,Downregulated
8541,5.44689573035447,Upregulated
8546,5.44689577809785,Upregulated
8547,15.433789714714,Upregulated
8548,15.433789714714,Upregulated
8551,2.35487372777527,Upregulated
8554,0.337279325376479,Downregulated
8563,23.112389034554,Upregulated
8564,9.90098659257391,Upregulated
8565,7.15768942802441,Upregulated
8567,5.55297856207885,Upregulated
8570,7.15630798932217,Upregulated
8571,0.134435245366182,Downregulated
8574,0.353037725176179,Downregulated
8578,7.15630809281358,Upregulated
8579,13.861262354731,Upregulated
8581,14.7509752854383,Upregulated
8583,3.14687862952561,Upregulated
8585,21.7582859014248,Upregulated
8594,115.442750343819,Upregulated
8597,19.3286808045541,Upregulated
8605,0.13597911392565,Downregulated
8608,366.1708471236,Upregulated
8610,0.0809477246909051,Downregulated
8613,0.157504276644896,Downregulated
8627,7.67518534517073,Upregulated
8629,2.60258607533405,Upregulated
8634,34.917719980644,Upregulated
8635,2.27445771419171,Upregulated
8645,0.483343283280377,Downregulated
8649,2.00182537251107,Upregulated
8650,2.00182537888501,Upregulated
8660,0.0807543427559881,Downregulated
8666,0.425100360701912,Downregulated
8671,2.44582556862206,Upregulated
8683,5.96864450427703,Upregulated
8684,20.4002478208906,Upregulated
8685,7.991051095293,Upregulated
8686,27.3126392253314,Upregulated
8687,7.99105165638137,Upregulated
8688,27.3126391995053,Upregulated
8689,2.76556829626329,Upregulated
8692,4.32083327118902,Upregulated
8719,0.213308325876392,Downregulated
8721,0.213308325876392,Downregulated
8868,12.6159501693472,Upregulated
8877,81.4982469692258,Upregulated
8880,244.46711542444,Upregulated
8883,2.13777685629093,Upregulated
8888,81.4982469692258,Upregulated
8891,81.4982469692258,Upregulated
8895,407.496987622716,Upregulated
8909,2,Upregulated
8919,2.13777685629092,Upregulated
8922,2237.46280047106,Upregulated
8946,9.08474456561245,Upregulated
8947,9.08474438541082,Upregulated
8948,0.0110833924466462,Downregulated
8949,9.08474435219468,Upregulated
8951,10.2561332866974,Upregulated
8952,6.77396185697252,Upregulated
8953,6.77080650901706,Upregulated
8954,15.4234896976925,Upregulated
8955,15.4234895748895,Upregulated
8966,0.476372043897255,Downregulated
8971,15.6768392211095,Upregulated
8979,2.02993259502798,Upregulated
8980,7.96520894697411,Upregulated
8983,32.0359587813361,Upregulated
8984,160.624147581879,Upregulated
8991,16.1305992892478,Upregulated
8996,16634.4349097332,Upregulated
9000,2698.58988306451,Upregulated
9006,4.97955904162654,Upregulated
9010,4.09259513766446,Upregulated
9011,0.207059853122409,Downregulated
9018,27.9014368089422,Upregulated
9021,30.8137407245375,Upregulated
9024,0.256999505517289,Downregulated
9025,4.54691692674505,Upregulated
9028,15.6768393501683,Upregulated
9029,9.837169223032,Upregulated
9031,4.54691682297141,Upregulated
9033,8.38180958167628,Upregulated
9034,21.1516128458543,Upregulated
9038,0.189679730590362,Downregulated
9043,11.3406343712872,Upregulated
9044,646.939579527516,Upregulated
9045,0.477694397477286,Downregulated
9047,24.5768139684257,Upregulated
9054,0.485777883239124,Downregulated
9055,84.3190816709839,Upregulated
9056,4.13334105726542,Upregulated
9058,2.08978927556602,Upregulated
9063,4.7113072410051,Upregulated
9064,3.48554049969809,Upregulated
9066,20.4422265859025,Upregulated
9069,4.67495989204841,Upregulated
9075,3.63551273485798,Upregulated
9078,18.3256615677691,Upregulated
9084,0.477068035942866,Downregulated
9085,8.00706287246478,Upregulated
9086,9.66977902343149,Upregulated
9087,18.0602058649893,Upregulated
9089,8.00706287471245,Upregulated
9102,0.161655882981035,Downregulated
9108,0.204229008936329,Downregulated
9109,12.2397938879945,Upregulated
9112,13.66480228058,Upregulated
9113,3.74356900747688,Upregulated
9121,2.78086126390522,Upregulated
9122,0.352999213806486,Downregulated
9125,0.357724550128743,Downregulated
9128,14.7278911657781,Upregulated
9130,10.1910385749831,Upregulated
9132,0.378087419862758,Downregulated
9136,6.36104522545251,Upregulated
9139,2.22057818066404,Upregulated
9142,0.407916568363909,Downregulated
9147,2.27618323130591,Upregulated
9148,0.253779480264165,Downregulated
9152,2.23510115861407,Upregulated
9153,2.29212751048592,Upregulated
9154,2.14814630829992,Upregulated
9174,0.0151763596155118,Downregulated
9198,128.691397420773,Upregulated
9202,8.02344995610087,Upregulated
9206,2.98940557412332,Upregulated
9207,19.9321143988804,Upregulated
9208,68.7218536468002,Upregulated
9209,15.6768392294681,Upregulated
9210,19.9237565680346,Upregulated
9261,3.85803240768973,Upregulated
9264,3.85803240106187,Upregulated
9265,6.25597868493336,Upregulated
9275,0.129164515586459,Downregulated
9294,9.32887384548319,Upregulated
9295,2.30695816572607,Upregulated
9296,9.32887356973746,Upregulated
9297,9.80273928033573,Upregulated
9298,2.65740328127893,Upregulated
9300,814.982599674484,Upregulated
9301,2.30695805846923,Upregulated
9307,5.5541908601502,Upregulated
9325,33.9824364920201,Upregulated
9338,19.6290104407374,Upregulated
9343,18200.6550561735,Upregulated
9344,5289.69251648416,Upregulated
9345,5396.78944259374,Upregulated
9347,3.69253373197737,Upregulated
9353,2.57994280668522,Upregulated
9355,19.2249389471416,Upregulated
9356,2.92901411366919,Upregulated
9359,5.63465130498354,Upregulated
9360,0.0955052594911324,Downregulated
9364,8.87889633719428,Upregulated
9370,675.2132986872,Upregulated
9371,149.589008484315,Upregulated
9373,2.34545399794148,Upregulated
9374,0.143807410118951,Downregulated
9392,2.35387396110574,Upregulated
9396,0.0542275446926491,Downregulated
9398,2.02666417150706,Upregulated
9399,0.44892614357057,Downregulated
9400,0.44001740083937,Downregulated
9401,0.440017400104398,Downregulated
9402,0.448926144188096,Downregulated
9403,0.440017408223922,Downregulated
9404,0.448926135436261,Downregulated
9408,2.13043192599609,Upregulated
9415,183.41791849006,Upregulated
9436,3.33508173994877,Upregulated
9438,3.88969859934598,Upregulated
9439,9.75680157476917,Upregulated
9440,9.95434102197342,Upregulated
9446,2.09548510687188,Upregulated
9447,2.09548512147837,Upregulated
9456,2.99581187019733,Upregulated
9457,4.14938630636915,Upregulated
9458,1774.45084879429,Upregulated
9459,8.00690271156091,Upregulated
9460,11.0900592878622,Upregulated
9461,10.0884012002831,Upregulated
9462,4.877456181425,Upregulated
9463,2.59635485533177,Upregulated
9464,14.052872875053,Upregulated
9470,2.36629437716338,Upregulated
9471,16.9937266196398,Upregulated
9476,35.4102693993408,Upregulated
9477,25.8118674893672,Upregulated
9478,25.8118675456573,Upregulated
9481,15.8054020425081,Upregulated
9487,13.0071432525196,Upregulated
9488,3.29177747929257,Upregulated
9489,46.3476565201373,Upregulated
9490,0.186223082505601,Downregulated
9493,2.92089902296578,Upregulated
9496,6.48569554796844,Upregulated
9497,1099.58959801535,Upregulated
9501,22.2303774762295,Upregulated
9506,0.182341258479864,Downregulated
9508,0.182341256907868,Downregulated
9510,0.182341258929006,Downregulated
9511,0.182341258929006,Downregulated
9517,0.182341255480692,Downregulated
9519,0.0911706272912045,Downregulated
9521,0.110756277720837,Downregulated
9523,0.0941469193139851,Downregulated
9525,0.0723321240141389,Downregulated
9526,4.70225563989614,Upregulated
9527,4.70225563989614,Upregulated
9529,66.8826198661561,Upregulated
9532,0.27475462071604,Downregulated
9534,2.12860564038139,Upregulated
9537,0.478558302416817,Downregulated
9539,373.9036476485,Upregulated
9541,47.2744189719727,Upregulated
9543,12.076664762111,Upregulated
9560,7.71727010189932,Upregulated
9561,2.97556470538903,Upregulated
9562,1253.40830394152,Upregulated
9571,0.360892680381899,Downregulated
9573,0.0141101155266572,Downregulated
9594,0.462590012592393,Downregulated
9595,0.462590012592393,Downregulated
9596,2.45025257120732,Upregulated
9609,2.44582552748576,Upregulated
9615,0.0327843662109745,Downregulated
9616,0.280678312934021,Downregulated
9618,0.145235066601087,Downregulated
9622,4.96938465293378,Upregulated
9624,2.17094154395149,Upregulated
9626,7.1119277931447,Upregulated
9670,0.414974214118671,Downregulated
9682,0.162899207188834,Downregulated
9705,0.370306417626462,Downregulated
9714,0.255235077552485,Downregulated
9716,0.0521938610771812,Downregulated
9745,628.02036952114,Upregulated
9747,2.96953994914491,Upregulated
9755,177.752118117258,Upregulated
9758,0.412255572853961,Downregulated
9759,0.412255572853961,Downregulated
9761,2.93298954455542,Upregulated
9763,5.59175326238564,Upregulated
9770,0.354898865210813,Downregulated
9771,0.354898865210813,Downregulated
9772,0.354898865210813,Downregulated
9773,0.354898865210813,Downregulated
9778,0.470617970403816,Downregulated
9780,0.0122000108677358,Downregulated
9781,0.0593954604629527,Downregulated
9782,0.0148464588688973,Downregulated
9784,0.247961794247638,Downregulated
9787,0.495923589222394,Downregulated
9788,0.495923589222394,Downregulated
9794,0.422511156802932,Downregulated
9798,0.402604487760143,Downregulated
9799,0.402604487760143,Downregulated
9800,0.37406053040394,Downregulated
9805,0.131337081952949,Downregulated
9806,0.0443394003265737,Downregulated
9807,0.11142581664796,Downregulated
9808,0.421059977475512,Downregulated
9813,2.32811178682318,Upregulated
9818,3.48144301551354,Upregulated
9819,3.48144301586505,Upregulated
9820,3.37279354246467,Upregulated
9821,29.8189962525382,Upregulated
9822,2.17993370622149,Upregulated
9823,3.37279352098629,Upregulated
9824,3.37279352098629,Upregulated
9825,2.17993370622149,Upregulated
9827,2.1799336860855,Upregulated
9828,0.252037663336728,Downregulated
9829,0.252037663336728,Downregulated
9830,0.162899207489773,Downregulated
9831,0.162899206988208,Downregulated
9832,0.250994573341393,Downregulated
9833,0.250994569245581,Downregulated
9834,0.162225025000764,Downregulated
9835,0.250994572642108,Downregulated
9836,0.111495360453137,Downregulated
9837,0.213603980549105,Downregulated
9838,0.0344946929577335,Downregulated
9839,0.0533701916125789,Downregulated
9840,0.0533701916125789,Downregulated
9841,0.0344946926842427,Downregulated
9842,0.0344946923018909,Downregulated
9843,0.0344946927692097,Downregulated
9844,0.0533701922093036,Downregulated
9853,0.299476398007798,Downregulated
9856,2.9730127107371,Upregulated
9857,2.97301273085291,Upregulated
9866,2.97301272966963,Upregulated
9867,2.97301272966963,Upregulated
9871,2.97301272966963,Upregulated
9872,2.97301272966963,Upregulated
9877,2.97301272375321,Upregulated
9878,2.97301272375321,Upregulated
9881,2.97301272375321,Upregulated
9882,2.97301272375321,Upregulated
9884,0.257946270016824,Downregulated
9885,0.346949572425419,Downregulated
9887,0.361620823848003,Downregulated
9894,0.370306416828343,Downregulated
9896,2.64211291361795,Upregulated
9897,0.482942568703928,Downregulated
9899,0.377506323066586,Downregulated
9909,0.482624279511271,Downregulated
9910,0.482624279511271,Downregulated
9912,0.482624279511271,Downregulated
9913,0.482624279511271,Downregulated
9930,23.8521085633072,Upregulated
9949,2.29353717651509,Upregulated
9951,0.232827359173324,Downregulated
9953,3.71010363710446,Upregulated
9957,3.71010363710446,Upregulated
9958,3.71010363710446,Upregulated
9965,0.274734121098528,Downregulated
9967,0.274734121098528,Downregulated
9971,0.471697004856117,Downregulated
9973,0.486117442576243,Downregulated
9975,0.486117442576243,Downregulated
9978,0.47169699664185,Downregulated
9979,0.47169699664185,Downregulated
9980,0.47169699664185,Downregulated
9983,0.243058722137711,Downregulated
9991,174.244267513473,Upregulated
9992,7.72408655155895,Upregulated
9993,7.72408655143072,Upregulated
10002,7.72408655155895,Upregulated
10003,7.72408653727628,Upregulated
10004,7.72408655155895,Upregulated
10011,0.458410734608238,Downregulated
10015,0.0501196613824795,Downregulated
10016,0.0243719555013918,Downregulated
10017,0.0206835844711206,Downregulated
10019,0.0103118020391905,Downregulated
10020,0.0973301462290739,Downregulated
10021,0.386239094911852,Downregulated
10022,0.386239094911852,Downregulated
10024,0.0139037291182005,Downregulated
10025,0.386239098182679,Downregulated
10026,0.0108747664550897,Downregulated
10027,0.0501196614612133,Downregulated
10028,0.050119662073368,Downregulated
10030,0.485777885917709,Downregulated
10031,0.485777881514913,Downregulated
10032,0.485777876199406,Downregulated
10033,0.118092981761389,Downregulated
10034,0.118092981761389,Downregulated
10035,0.118092981761389,Downregulated
10036,0.263802342296372,Downregulated
10037,8.92788502796307,Upregulated
10038,0.324832046801064,Downregulated
10039,0.485777885988764,Downregulated
10040,0.28935299648171,Downregulated
10041,0.165958316262652,Downregulated
10043,0.485777885646748,Downregulated
10045,0.019089268097525,Downregulated
10050,0.29092359350333,Downregulated
10058,0.248668392212014,Downregulated
10070,0.139441951332915,Downregulated
10071,0.139436859002906,Downregulated
10072,2.56435156496586,Upregulated
10073,0.157643562705135,Downregulated
10078,2.63217098578269,Upregulated
10079,2.63217098578269,Upregulated
10080,2.88545304157724,Upregulated
10081,2.88545304157724,Upregulated
10082,2.63217099436812,Upregulated
10083,2.63217099436812,Upregulated
10084,2.63217099436812,Upregulated
10085,2.63217099436812,Upregulated
10086,0.435550834567678,Downregulated
10087,0.435550834567678,Downregulated
10088,0.435550829402714,Downregulated
10089,0.435550829402714,Downregulated
10090,2.3435653356836,Upregulated
10105,2.63217103306563,Upregulated
10106,2.6321710379652,Upregulated
10107,2.6321710379652,Upregulated
10108,2.63217104711217,Upregulated
10128,2.84583966483218,Upregulated
10129,2.84583966483218,Upregulated
10131,3.88342658929406,Upregulated
10134,3.4776221164932,Upregulated
10135,3.4776221164932,Upregulated
10151,0.0337589502888123,Downregulated
10153,0.0351605860447025,Downregulated
10154,0.0234343574950504,Downregulated
10157,0.112533133874655,Downregulated
10159,3.54128958895701,Upregulated
10160,0.0361442008412372,Downregulated
10161,4.8813502872655,Upregulated
10168,0.486245233013071,Downregulated
10169,3.76064079108525,Upregulated
10170,3.76064073519968,Upregulated
10171,0.0805249754874049,Downregulated
10172,7.72111780586578,Upregulated
10174,14.9917973949275,Upregulated
10176,0.346099649758935,Downregulated
10179,6.21399510573232,Upregulated
10180,13.0646003846386,Upregulated
10181,0.0242471360689591,Downregulated
10184,3.12374144032668,Upregulated
10186,3.39478202213625,Upregulated
10187,3.61470508664542,Upregulated
10188,0.459952917900497,Downregulated
10189,0.473006737176308,Downregulated
10192,0.0435873460676087,Downregulated
10196,0.312185584841816,Downregulated
10200,0.0163318254838486,Downregulated
10204,3.54982810630294,Upregulated
10222,25.9946986371761,Upregulated
10232,6.83840722364329,Upregulated
10233,6.83840741653738,Upregulated
10234,6.83840733556949,Upregulated
10235,4.21272887030657,Upregulated
10243,0.150340588709432,Downregulated
10247,0.408962551825309,Downregulated
10250,0.359494813584695,Downregulated
10252,28.8672674419321,Upregulated
10254,0.408962542726433,Downregulated
10256,32.5886305480122,Upregulated
10259,0.0575320654274817,Downregulated
10260,0.119395159859541,Downregulated
10261,0.0575335020940461,Downregulated
10263,0.0314754197061189,Downregulated
10264,0.0434340373756144,Downregulated
10268,10.418028639038,Upregulated
10270,13.6958162118956,Upregulated
10271,28.4844007577121,Upregulated
10272,2.25153848171794,Upregulated
10273,29.8617930613272,Upregulated
10276,2.51213198534542,Upregulated
10277,2.51213199280839,Upregulated
10278,0.0419240386922363,Downregulated
10281,2.13400467604454,Upregulated
10282,2.13400468691966,Upregulated
10283,3.23293941409042,Upregulated
10284,5.71080957466677,Upregulated
10289,0.245679696019967,Downregulated
10290,0.347968230607947,Downregulated
10291,0.236020564146919,Downregulated
10292,0.347968228463669,Downregulated
10293,0.245679695753589,Downregulated
10294,0.387718673983401,Downregulated
10295,0.410962981226652,Downregulated
10296,0.318934805277189,Downregulated
10304,24.5978639625811,Upregulated
10306,0.49729539503936,Downregulated
10307,0.49729539503936,Downregulated
10308,24.5978639625811,Upregulated
10309,11.6181750148153,Upregulated
10311,0.451382901641169,Downregulated
10312,2.88327161102899,Upregulated
10315,4.1522556148307,Upregulated
10317,2.92086778286097,Upregulated
10318,6.73531226885181,Upregulated
10319,68.2989473362551,Upregulated
10320,68.3342018265885,Upregulated
10321,1361.4069214449,Upregulated
10334,24.041852013637,Upregulated
10335,25.3652068723922,Upregulated
10336,3.04126237024443,Upregulated
10337,6.53230009878432,Upregulated
10345,0.0779432857209811,Downregulated
10352,0.0161705940169728,Downregulated
10363,0.13848740538218,Downregulated
10364,6.24421940381495,Upregulated
10366,3.12210960131035,Upregulated
10368,3.12210960131035,Upregulated
10370,0.412389788412877,Downregulated
10371,0.0342415551227494,Downregulated
10375,3.00498620965028,Upregulated
10377,0.37172219769885,Downregulated
10379,0.0784811614283937,Downregulated
10380,0.067827638897261,Downregulated
10387,2.59609374832968,Upregulated
10398,38.110053404165,Upregulated
10399,10.2564699803252,Upregulated
10401,11.370565410224,Upregulated
10402,11.370565410224,Upregulated
10403,11.370565410224,Upregulated
10404,10.3750867717569,Upregulated
10405,10.3750867717569,Upregulated
10406,10.3750867717569,Upregulated
10420,0.0469213936088265,Downregulated
10421,0.0469213936088265,Downregulated
10422,0.374990764369296,Downregulated
10423,0.0185769041837146,Downregulated
10430,9.53244675837684,Upregulated
10447,0.379025046156466,Downregulated
10448,0.250383785259392,Downregulated
10449,2.01753178153605,Upregulated
10454,0.108819653421446,Downregulated
10458,2.58667876337234,Upregulated
10459,2.56260395937109,Upregulated
10460,68.3250273104613,Upregulated
10463,8.63727810562349,Upregulated
10464,12.6859596938577,Upregulated
10465,4.40055325296315,Upregulated
10468,2.72742877207085,Upregulated
10471,3.062942859055,Upregulated
10472,0.204528373555556,Downregulated
10474,3.81315925169989,Upregulated
10477,2.6829231683473,Upregulated
10482,3.82207017417166,Upregulated
10485,3.82207017417166,Upregulated
10495,0.122647036621657,Downregulated
10496,0.122647035553251,Downregulated
10505,0.307495383056741,Downregulated
10511,2.02434087181622,Upregulated
10517,3.10198733941447,Upregulated
10518,3.56932570270482,Upregulated
10520,0.0178286134989001,Downregulated
10526,3.10198732856347,Upregulated
10527,28.8313316288943,Upregulated
10534,0.0111907017737168,Downregulated
10536,2.27050451309556,Upregulated
10537,2.27050452702892,Upregulated
10540,2005.21416804249,Upregulated
10541,3.17148994473693,Upregulated
10542,2.02434087793255,Upregulated
10543,2.02434081570294,Upregulated
10544,2.02434087793255,Upregulated
10552,44.0202564201809,Upregulated
10553,44.0202563851401,Upregulated
10554,44.0202564201809,Upregulated
10555,44.0202564201809,Upregulated
10556,32.3295583068121,Upregulated
10558,111.910139300137,Upregulated
10559,18.1421734747718,Upregulated
10560,29.3738375504573,Upregulated
10561,93.5248099102101,Upregulated
10562,0.0909074758295651,Downregulated
10565,29.3272422721234,Upregulated
10567,384.26972144283,Upregulated
10571,1905.61733403764,Upregulated
10576,111.309659785543,Upregulated
10577,15.2519203757942,Upregulated
10578,31.2504850621044,Upregulated
10579,4.23823721547876,Upregulated
10585,11.3716164911532,Upregulated
10588,19.3005378974364,Upregulated
10593,819.809781843955,Upregulated
10594,1350.1274154796,Upregulated
10600,0.49892788570672,Downregulated
10605,0.126336171073571,Downregulated
10611,10.8727833055911,Upregulated
10620,65.8912394930032,Upregulated
10624,0.461341477224058,Downregulated
10626,95.5335298879427,Upregulated
10634,7.06897468211018,Upregulated
10635,28.7675922295512,Upregulated
10641,0.0758335010957679,Downregulated
10652,0.147857189918377,Downregulated
10654,4.17556069057554,Upregulated
10655,4.08898494066233,Upregulated
10656,2.46455487284938,Upregulated
10657,0.141272498415141,Downregulated
10658,39.2004212644204,Upregulated
10663,0.0537718892793054,Downregulated
10665,0.0537718878150716,Downregulated
10666,0.0537718875195039,Downregulated
10667,0.053771887775952,Downregulated
10668,0.0537718874697011,Downregulated
10669,0.107543775318153,Downregulated
10670,0.406225454599128,Downregulated
10671,0.182205557756005,Downregulated
10672,0.0455322871998623,Downregulated
10673,0.182205557266901,Downregulated
10674,0.091102777585896,Downregulated
10675,0.406225453881684,Downregulated
10676,0.0537718883235593,Downregulated
10678,0.0537718881098959,Downregulated
10679,0.0537718879995031,Downregulated
10682,0.107543775963396,Downregulated
10683,0.0537718887081535,Downregulated
10684,0.107543777035965,Downregulated
10687,0.107543774848094,Downregulated
10688,0.16131566351673,Downregulated
10689,0.10754377800319,Downregulated
10690,0.107543776792431,Downregulated
10691,0.161248018183789,Downregulated
10692,0.0537718880999041,Downregulated
10693,0.0537718882743959,Downregulated
10694,0.107543777780918,Downregulated
10695,0.10754377704447,Downregulated
10696,0.0537718881768126,Downregulated
10697,0.0425995228565186,Downregulated
10707,0.0537718891538209,Downregulated
10711,0.340540437298085,Downregulated
10712,0.026885944237599,Downregulated
10713,0.0268859441236451,Downregulated
10714,0.476848907302918,Downregulated
10721,0.476848894678215,Downregulated
10724,78.2503468362644,Upregulated
10735,6.84201691975145,Upregulated
10737,3.41524276583576,Upregulated
10738,3.41524276583579,Upregulated
10740,3.37824039599642,Upregulated
10741,22.7453754035487,Upregulated
10743,0.413008204212398,Downregulated
10748,55.1518438577146,Upregulated
10755,0.120341290445569,Downregulated
10756,0.120341290445569,Downregulated
10763,0.100407310050257,Downregulated
10766,3.55401551769633,Upregulated
10767,146.272431135509,Upregulated
10768,16.0162101696647,Upregulated
10769,3.55401555306248,Upregulated
10770,9.5894548166756,Upregulated
10772,8.10203727181269,Upregulated
10776,139.264604719585,Upregulated
10777,1627.98441584874,Upregulated
10778,27.5733139154642,Upregulated
10783,0.258419772040973,Downregulated
10787,36.822002126359,Upregulated
10788,17.5906551746766,Upregulated
10792,5.23693228773868,Upregulated
10793,5.64103069396467,Upregulated
10799,2934.34205311868,Upregulated
10803,2.44721155907305,Upregulated
10804,1639.93464454811,Upregulated
10809,5.01783149790283,Upregulated
10810,46.6591981710336,Upregulated
10812,3.52076953829863,Upregulated
10813,7.61420176237481,Upregulated
10817,34.9477499238889,Upregulated
10819,4345.28138047093,Upregulated
10820,26.388679715653,Upregulated
10827,64.8025409622969,Upregulated
10828,81.4628390931123,Upregulated
10839,10.6794188880492,Upregulated
10840,0.0617492447098549,Downregulated
10841,29.4291241269741,Upregulated
10842,74.7492109085555,Upregulated
10843,24.5245381339665,Upregulated
10845,35.402149368336,Upregulated
10846,14.0266754844006,Upregulated
10848,4.38258282654879,Upregulated
10849,5.64480917549772,Upregulated
10851,11.0794674906937,Upregulated
10852,16.2729133037099,Upregulated
10853,27.8687426093635,Upregulated
10854,24.8314413684523,Upregulated
10855,8.47349230748927,Upregulated
10856,1263.54325254623,Upregulated
10857,1650.21006579387,Upregulated
10858,46.2503779289528,Upregulated
10859,3.3381330440679,Upregulated
10860,8.02731530865091,Upregulated
10862,1146.40204057463,Upregulated
10863,412.215616641563,Upregulated
10864,3.26795491487645,Upregulated
10865,48.04424132939,Upregulated
10866,12.492104020291,Upregulated
10867,10.7449780246782,Upregulated
10869,316.867446899034,Upregulated
10871,3.23954844601094,Upregulated
10875,4919.80391874095,Upregulated
10876,1229.71468438406,Upregulated
10879,15.4672532065046,Upregulated
10880,3.27344691654488,Upregulated
10881,0.0288076754612795,Downregulated
10882,654.618252004249,Upregulated
10884,294.391631283218,Upregulated
10887,100.554599424719,Upregulated
10889,66.6992915954527,Upregulated
10890,12.8803952286077,Upregulated
10891,48.9299669114621,Upregulated
10892,335.43495325166,Upregulated
10894,252.371340134134,Upregulated
10896,883.880160213358,Upregulated
10897,256.959975309557,Upregulated
10899,183.097718574313,Upregulated
10900,203.841991214463,Upregulated
10901,649.006332288706,Upregulated
10902,25.3036127134025,Upregulated
10903,182.893318079546,Upregulated
10904,1030.82556576791,Upregulated
10905,346.606255229892,Upregulated
10906,151.068260425377,Upregulated
10911,82.687604163912,Upregulated
10912,108.891865357751,Upregulated
10913,82.6876041510537,Upregulated
10914,137.277208000274,Upregulated
10915,1594.17573894148,Upregulated
10916,1594.17574038162,Upregulated
10918,37.5269749505963,Upregulated
10919,86.3511088781429,Upregulated
10922,0.146042155121837,Downregulated
10923,78.4218480637309,Upregulated
10925,1642.09385921146,Upregulated
10926,1021.26903386889,Upregulated
10928,2585.96107465306,Upregulated
10930,0.0372639133655172,Downregulated
10931,566.967956354149,Upregulated
10932,2.78635457214631,Upregulated
10936,0.064500495382206,Downregulated
10937,0.336494091099199,Downregulated
10938,333.783951582043,Upregulated
10939,4.57529004396022,Upregulated
10941,82.575930599972,Upregulated
10944,18.3136581572355,Upregulated
10945,21.6325012686405,Upregulated
10949,66.8594771423313,Upregulated
10956,8765.69055554999,Upregulated
10957,0.101713083361438,Downregulated
10964,41.4232796103403,Upregulated
10965,77.4992889865925,Upregulated
10975,35.5156076986079,Upregulated
10976,4012.33454681524,Upregulated
10977,7482.90385288616,Upregulated
10978,61.9190339109921,Upregulated
10982,164.531022330732,Upregulated
10984,38.333182275552,Upregulated
10985,352.816570430192,Upregulated
10986,14.4085653817445,Upregulated
10988,132.711862453776,Upregulated
10989,22.6906379247284,Upregulated
10990,49.3406083345177,Upregulated
10993,3.64157516525537,Upregulated
10996,0.0135812776128991,Downregulated
10998,0.0184628018152793,Downregulated
11000,15.9956741837382,Upregulated
11001,55.7767578190501,Upregulated
11005,0.462826267425106,Downregulated
11006,0.0361293482839518,Downregulated
11007,6.42507918069869,Upregulated
11009,131.851261244588,Upregulated
11010,515.412782265146,Upregulated
11011,527.405039783568,Upregulated
11012,736.488089894111,Upregulated
11014,399.71841145554,Upregulated
11015,1030.82557247998,Upregulated
11017,0.0954766369745986,Downregulated
11018,45.8664283590026,Upregulated
11027,4.77102700796636,Upregulated
11030,5857.45649736265,Upregulated
11032,1097.36456967799,Upregulated
11034,373.729896806825,Upregulated
11048,360.528156510208,Upregulated
11049,179.822502039395,Upregulated
11050,2907.73787153848,Upregulated
11051,21.0777349425195,Upregulated
11067,256.959971959063,Upregulated
11068,103.292509804533,Upregulated
11069,236.94264843637,Upregulated
11082,84.0561718929385,Upregulated
11086,17.0262647595946,Upregulated
11087,44.2460935771043,Upregulated
11088,20.5360271291095,Upregulated
11089,72.6833741888938,Upregulated
11092,19636.6730104863,Upregulated
11100,10.5884925411697,Upregulated
11101,194.309507074843,Upregulated
11106,26.055895431373,Upregulated
11115,17.1924318345945,Upregulated
11120,6.84775829997164,Upregulated
11128,7.4812220239385,Upregulated
11130,46.2503776650392,Upregulated
11131,10.2013612785567,Upregulated
11132,15900.210351085,Upregulated
11133,143.131537487985,Upregulated
11135,54.0527664412512,Upregulated
11138,16530.8696104707,Upregulated
11141,44.2170646591458,Upregulated
11142,498.928924611984,Upregulated
11143,203.313221682442,Upregulated
11144,178.721544395459,Upregulated
11145,177.335422755377,Upregulated
11149,0.0360671706456977,Downregulated
11154,3692.31032225016,Upregulated
11155,3368.88113428854,Upregulated
11156,10.2526138829836,Upregulated
11157,19.5760297845679,Upregulated
11167,17.1924325800653,Upregulated
11169,40.0944929464613,Upregulated
11173,827.230779979968,Upregulated
11174,378.051274158787,Upregulated
11178,34.4586283130802,Upregulated
11185,0.0186691341891517,Downregulated
11186,0.0148392240996356,Downregulated
11206,17.833742407506,Upregulated
11207,42.544803918245,Upregulated
11208,16.5235644566388,Upregulated
11209,0.468754104539574,Downregulated
11210,32.8316667753663,Upregulated
11213,17.1924318098665,Upregulated
11217,0.355978818091826,Downregulated
11219,0.355978822825017,Downregulated
11220,0.355978820534763,Downregulated
11223,0.415644301580817,Downregulated
11225,2816.63338890551,Upregulated
11226,529.923894577853,Upregulated
11233,0.46379550029426,Downregulated
11234,0.429558255589786,Downregulated
11236,6.80832462611788,Upregulated
11237,2067.63835598681,Upregulated
11245,0.46379550029426,Downregulated
11246,0.463795494724292,Downregulated
11249,8.02571830520452,Upregulated
11254,34.8603581122739,Upregulated
11256,5.26188909965233,Upregulated
11258,377.978642823246,Upregulated
11260,3.87863478123793,Upregulated
11261,6.83632753622071,Upregulated
11275,19.2333123915625,Upregulated
11277,8.31529828591496,Upregulated
11282,304.702188391772,Upregulated
11283,0.0185657116594354,Downregulated
11284,34.9008956732447,Upregulated
11285,2640.8311611902,Upregulated
11287,13.5539825548702,Upregulated
11288,13.5539825873533,Upregulated
11289,0.419651998017399,Downregulated
11297,106.818186880328,Upregulated
11298,9.51045928803955,Upregulated
11300,2.83269380375676,Upregulated
11301,0.0653705340930144,Downregulated
11303,4.01269430663454,Upregulated
11306,556.822930331501,Upregulated
11307,0.206810208826409,Downregulated
11308,3006.59585166105,Upregulated
11309,13.8106658071154,Upregulated
11310,35.8255831346821,Upregulated
11311,35.8255831346821,Upregulated
11312,35.8255833855643,Upregulated
11313,467.403232851407,Upregulated
11314,15.1282815590593,Upregulated
11315,9.27929118638144,Upregulated
11318,82.6876039453197,Upregulated
11319,18390.5238413488,Upregulated
11321,249.236539358,Upregulated
11323,177.335419934422,Upregulated
11328,433.866940779515,Upregulated
11329,433.866940779515,Upregulated
11330,18.1683222765148,Upregulated
11332,267.205775972447,Upregulated
11333,30.7176251451859,Upregulated
11334,33.7647637905586,Upregulated
11335,167.066460834844,Upregulated
11336,39.7172518676588,Upregulated
11337,10971.1477162348,Upregulated
11338,1153.46809397443,Upregulated
11339,71.6511664057613,Upregulated
11354,1959.10151744765,Upregulated
11364,16.5625151459507,Upregulated
11365,2051.61502050725,Upregulated
11368,2183.68334751944,Upregulated
11369,1091.84158549722,Upregulated
11372,15471.4984361503,Upregulated
11382,39.3081101329324,Upregulated
11383,15.1578799140938,Upregulated
11386,17.19243178969,Upregulated
11389,33.6115723701499,Upregulated
11390,24.1344535377633,Upregulated
11391,3.17507580321331,Upregulated
11392,29.305679229507,Upregulated
11397,137.796412289178,Upregulated
11398,42.5076451433135,Upregulated
11399,137.796412289178,Upregulated
11400,49.2584176022369,Upregulated
11401,53.8092345183156,Upregulated
11402,202.3878021388,Upregulated
11411,702.285291261503,Upregulated
11413,34.003920824779,Upregulated
11423,9.82337800202304,Upregulated
11426,2962.88930520455,Upregulated
11431,0.0410914196836534,Downregulated
11432,126.676989303798,Upregulated
11436,112.686656537742,Upregulated
11437,0.0538303407885545,Downregulated
11441,7.53585072862378,Upregulated
11447,0.493588706017577,Downregulated
11450,237.69832188081,Upregulated
11451,4.6744066116388,Upregulated
11453,12.0441833744054,Upregulated
11454,21.6720766347653,Upregulated
11458,52.561885377104,Upregulated
11459,177.335422292214,Upregulated
11460,29.2444514803888,Upregulated
11462,177.335421495185,Upregulated
11464,22.0814760248252,Upregulated
11465,35.9192600216142,Upregulated
11466,29.1344138357678,Upregulated
11467,46.2503786018737,Upregulated
11471,10.7260804904285,Upregulated
11476,4.12972945110721,Upregulated
11477,2.81374579596602,Upregulated
11478,106.818186699613,Upregulated
11486,33.9478969318674,Upregulated
11494,0.17969011373734,Downregulated
11495,5.78335027815405,Upregulated
11498,3198.39792519745,Upregulated
11499,990.238749858319,Upregulated
11500,0.0922573245973503,Downregulated
11502,0.0300373496303105,Downregulated
11505,0.0767977318955384,Downregulated
11507,2.59059703471412,Upregulated
11509,0.0228157003294466,Downregulated
11511,0.076797731859711,Downregulated
11513,0.0527562438476716,Downregulated
11523,0.0531375837641616,Downregulated
11528,0.172363618888688,Downregulated
11533,33.305438196288,Upregulated
11535,2.00816021537504,Upregulated
11536,38.2811449667203,Upregulated
11537,2.74454408304549,Upregulated
11539,0.19309331986068,Downregulated
11541,0.0158134127829629,Downregulated
11543,2.94887672973814,Upregulated
11544,0.350397463679065,Downregulated
11546,2.06553740802612,Upregulated
11547,7.29833553134991,Upregulated
11548,2.01053256458688,Upregulated
11555,5854.80925653798,Upregulated
11556,2.41426644572259,Upregulated
11558,0.405562344431041,Downregulated
11560,16.523564321695,Upregulated
11561,2.27369654014797,Upregulated
11562,167.423630640204,Upregulated
11564,17.192432332284,Upregulated
11571,3.43340051746859,Upregulated
11581,731.851743958634,Upregulated
11584,0.229718118805063,Downregulated
11586,0.0731137005792375,Downregulated
11587,0.464406152348403,Downregulated
11589,7.64532216727664,Upregulated
11593,2.15216998092312,Upregulated
11596,11.9031428430948,Upregulated
11599,0.010335481994183,Downregulated
11608,0.497864386730923,Downregulated
11609,0.497896857128504,Downregulated
11612,0.0301894834523726,Downregulated
11614,62.7172490250526,Upregulated
11615,21.5186704580864,Upregulated
11616,0.458243040960333,Downregulated
11617,14.6097568412875,Upregulated
11620,15717.1995309963,Upregulated
11621,2.33864476181073,Upregulated
11624,34.4198980421929,Upregulated
11626,28.6185273623872,Upregulated
11629,12847.3916657224,Upregulated
11632,0.0180390192331922,Downregulated
11633,0.0593008355807265,Downregulated
11635,23.6318717089979,Upregulated
11636,0.033134328130251,Downregulated
11640,2.33864452245688,Upregulated
11644,5933.08324626266,Upregulated
11645,160.50744116107,Upregulated
11646,0.045725224562368,Downregulated
11648,11.7797232827713,Upregulated
11649,5.99405300515785,Upregulated
11654,4.39602501766939,Upregulated
11659,0.155547049067804,Downregulated
11661,5.60941046799127,Upregulated
11662,389.95864154878,Upregulated
11667,41.2149163505183,Upregulated
11668,0.053827925567071,Downregulated
11669,2.39526290891098,Upregulated
11674,0.0470936082055882,Downregulated
11677,6571.49321742019,Upregulated
11678,0.197174732282744,Downregulated
11680,2.8621729452666,Upregulated
11682,2.67702247539213,Upregulated
11684,126.676988488799,Upregulated
11685,27.8745122873975,Upregulated
11687,15.4331530779048,Upregulated
11688,14.9693883008573,Upregulated
11690,0.261662308565813,Downregulated
11693,23.6182663465739,Upregulated
11694,66.5939359181256,Upregulated
11700,48.2039271644554,Upregulated
11703,17.3840325427059,Upregulated
11704,69.508329797979,Upregulated
11706,4.54097358233926,Upregulated
11710,15.7154644055561,Upregulated
11711,173.580205366175,Upregulated
11713,32.1968991457218,Upregulated
11714,0.48800528207584,Downregulated
11715,0.488005290041468,Downregulated
11716,0.488005288621227,Downregulated
11717,0.488005296039118,Downregulated
11718,0.48800528207584,Downregulated
11721,0.426489507340465,Downregulated
11724,90.0255914152902,Upregulated
11725,23.7593797671333,Upregulated
11730,108.266801784701,Upregulated
11734,104.340856343089,Upregulated
11735,51.5772967926548,Upregulated
11740,0.239294872446378,Downregulated
11742,0.0389066774647236,Downregulated
11751,25.0779018056612,Upregulated
11755,378.05127055886,Upregulated
11756,8.79622667435101,Upregulated
11757,16.181730868854,Upregulated
11779,0.430199275974775,Downregulated
11780,0.430199275974775,Downregulated
11832,0.142118300996428,Downregulated
11834,0.142118300996422,Downregulated
11874,17.1924323053613,Upregulated
11875,17.1924322725665,Upregulated
11876,8.69507132174526,Upregulated
11888,0.321903302309556,Downregulated
11895,27.4792006500065,Upregulated
11896,26.5881633066888,Upregulated
11897,27.4792006992425,Upregulated
11900,17.1924320554856,Upregulated
11909,0.166669092243754,Downregulated
11923,0.0410914518422474,Downregulated
11931,0.142118300996432,Downregulated
11940,8.79622655489051,Upregulated
11959,0.139097690556727,Downregulated
11961,78.3989316203835,Upregulated
11972,33.2076407738703,Upregulated
11975,2.36519180846732,Upregulated
11976,0.387927682617202,Downregulated
11977,0.14211830099643,Downregulated
11978,0.14211830099647,Downregulated
11981,0.142118300996441,Downregulated
11982,0.142118300996422,Downregulated
11992,2.92750944188478,Upregulated
11994,4612.96240997429,Upregulated
11995,12.3187880918625,Upregulated
11997,3.48574295444184,Upregulated
11998,48.5183971568211,Upregulated
12006,3.06751463177303,Upregulated
12007,115.82484391281,Upregulated
12008,16.8048149718647,Upregulated
12013,94.3410426980457,Upregulated
12014,9.65411964745187,Upregulated
12015,15.6957786378478,Upregulated
12016,46.0622371032516,Upregulated
12019,14.8533458141268,Upregulated
12022,9.15213631577528,Upregulated
12023,49.4881284007132,Upregulated
12027,25.2593710348958,Upregulated
12028,25.2593710245006,Upregulated
12029,25.2593706086923,Upregulated
12030,5.98880795808765,Upregulated
12031,33.255787894377,Upregulated
12032,8.00345853525897,Upregulated
12035,44.2269479113302,Upregulated
12036,10.4470733494386,Upregulated
12037,2.9275094179294,Upregulated
12049,93.8869397836882,Upregulated
12050,139.623173924772,Upregulated
12055,0.0512525128488834,Downregulated
12056,0.0707754777257678,Downregulated
12057,0.453518874488363,Downregulated
12058,0.0531049724717068,Downregulated
12059,0.0858143026448246,Downregulated
12060,0.0312007312659053,Downregulated
12061,0.0463999066374075,Downregulated
12063,0.0858143021685006,Downregulated
12064,0.0531049713763356,Downregulated
12065,0.0789746133340192,Downregulated
12067,0.0463999066374075,Downregulated
12068,0.0188533528889528,Downregulated
12073,0.267514856421477,Downregulated
12079,0.0475918376473423,Downregulated
12080,0.0728170085145493,Downregulated
12081,0.0728170062137539,Downregulated
12082,0.270850127822192,Downregulated
12087,0.392100613220614,Downregulated
12088,0.0229332854572549,Downregulated
12089,0.0145475471969333,Downregulated
12098,0.490837559969164,Downregulated
12099,0.375903679157943,Downregulated
12102,0.162947287627077,Downregulated
12106,10.544699388256,Upregulated
12110,24.8269824469575,Upregulated
12112,14.1017192584869,Upregulated
12113,4.72129572183257,Upregulated
12118,422.239415658738,Upregulated
12120,38.367591776007,Upregulated
12124,0.0592999225483633,Downregulated
12125,0.0673722594025783,Downregulated
12126,0.263023579170003,Downregulated
12136,5.07720870711781,Upregulated
12137,85.0365527181915,Upregulated
12139,20.5796284731186,Upregulated
12140,11.3519481471616,Upregulated
12142,228.25684713528,Upregulated
12145,23.1986598493119,Upregulated
12146,17.5066693387434,Upregulated
12151,30.4633674690358,Upregulated
12152,2.02120212378715,Upregulated
12153,3.13601788255261,Upregulated
12154,0.461578144475622,Downregulated
12160,2407.67214427301,Upregulated
12161,0.405284485518175,Downregulated
12162,19.5737095303529,Upregulated
12163,7.48373922787306,Upregulated
12164,3.79633730993179,Upregulated
12178,4.66252522213154,Upregulated
12181,7.98580490499245,Upregulated
12189,17.3302265929289,Upregulated
12204,98.4160522983121,Upregulated
12207,28.5804745924621,Upregulated
12208,62.800915820139,Upregulated
12211,13.8981876712518,Upregulated
12212,20.7673678589281,Upregulated
12213,2.45284224726284,Upregulated
12218,39.9813432636983,Upregulated
12221,23.0931498720477,Upregulated
12224,10.2238232194232,Upregulated
12227,4.37202515967348,Upregulated
12229,1440.65504280239,Upregulated
12255,0.363176949986109,Downregulated
12257,0.0753211591049872,Downregulated
12266,99.9082519519273,Upregulated
12271,10.8751348413106,Upregulated
12273,41.0251072999704,Upregulated
12276,2.51018945324428,Upregulated
12277,193.122527767583,Upregulated
12279,0.056179363946558,Downregulated
12284,3.42075933000302,Upregulated
12287,4137.34400626411,Upregulated
12290,4.30323781073,Upregulated
12292,2085.7571166475,Upregulated
12293,272.079436506722,Upregulated
12295,8.03818909860065,Upregulated
12300,10.3536000351782,Upregulated
12301,22.807535553726,Upregulated
12311,22.630645723631,Upregulated
12312,222.36677991052,Upregulated
12313,24.9804171016,Upregulated
12314,29.9917593040187,Upregulated
12315,89.0951433078669,Upregulated
12316,4.28211762845513,Upregulated
12317,22.6306458665918,Upregulated
12319,0.0566184838365957,Downregulated
12320,2883.95161248629,Upregulated
12322,0.0318818866290151,Downregulated
12324,1980.24937508088,Upregulated
12328,3228.89429255817,Upregulated
12331,37.4899895565792,Upregulated
12334,0.0106825570371654,Downregulated
12336,37.9267872322102,Upregulated
12339,1669.02436224199,Upregulated
12340,44.2321294131371,Upregulated
12342,2917.9139958648,Upregulated
12343,17.180541831349,Upregulated
12344,44.2321301206816,Upregulated
12345,301.236992466692,Upregulated
12368,14.6460189017411,Upregulated
12380,16.7305730366603,Upregulated
12382,1065.90211913522,Upregulated
12390,670.468203518761,Upregulated
12391,38.9425361716055,Upregulated
12396,15.6222642464984,Upregulated
12397,1216.93272174169,Upregulated
12400,588.995095064571,Upregulated
12402,0.499478532482374,Downregulated
12413,16.4411429040065,Upregulated
12414,30.5619710306105,Upregulated
12418,6.22800110282247,Upregulated
12421,0.0431923556807522,Downregulated
12422,0.0431923556807522,Downregulated
12423,78.3008782257739,Upregulated
12424,309.049930087894,Upregulated
12427,10.7719834737528,Upregulated
12428,472.500746296785,Upregulated
12430,25.5682970504007,Upregulated
12446,3697.03884756462,Upregulated
12450,74.0606235600517,Upregulated
12457,25.2984880738609,Upregulated
12470,98.1817870383042,Upregulated
12471,2.24582656146654,Upregulated
12474,20.8342242644891,Upregulated
12480,0.337054902469213,Downregulated
12486,3.42416283499018,Upregulated
12488,114.770486130668,Upregulated
12489,114.612857626907,Upregulated
12490,20.3462181676767,Upregulated
12491,43.3154172607044,Upregulated
12492,12913.4088411918,Upregulated
12506,20.3990531262284,Upregulated
12509,3.1713368580667,Upregulated
12510,8.79622651853658,Upregulated
12512,17.5924530858105,Upregulated
12513,21.2952343920705,Upregulated
12514,3.33813303837094,Upregulated
12518,9.53781082591424,Upregulated
12519,13.8981874709949,Upregulated
12520,0.0323383111987708,Downregulated
12521,11.1323080488426,Upregulated
12522,8.7962266920857,Upregulated
12523,8.79622681832017,Upregulated
12524,8.79622677690669,Upregulated
12525,8.79622668454009,Upregulated
12527,10.4955449557049,Upregulated
12530,8.62115794007477,Upregulated
12531,14.4863200846554,Upregulated
12532,0.046427044107333,Downregulated
12535,13094.4045664336,Upregulated
12540,0.109494536617101,Downregulated
12541,6.99698768694487,Upregulated
12545,2.6076219313572,Upregulated
12553,1103.20728010376,Upregulated
12554,1102.99534950707,Upregulated
12555,18.0921389184035,Upregulated
12559,16.455229445484,Upregulated
12560,63.1897415747517,Upregulated
12561,60.3798562080308,Upregulated
12574,0.0827811028986153,Downregulated
12608,18.4024534535043,Upregulated
12625,16790.755635199,Upregulated
12630,18.4024534535043,Upregulated
12664,41.5514856954055,Upregulated
12665,69.7797843834999,Upregulated
12668,18.7876241525717,Upregulated
12670,6.62028078456156,Upregulated
12672,277.900963289163,Upregulated
12673,277.967409376706,Upregulated
12684,267.94801650976,Upregulated
12685,97.6355710051258,Upregulated
12688,535.896027463211,Upregulated
12689,535.89603234327,Upregulated
12690,1021.26905953883,Upregulated
12691,2242.74647052811,Upregulated
12692,3.42387228131002,Upregulated
12694,19.4729157038566,Upregulated
12703,32.2956961352735,Upregulated
12704,21.8982162514975,Upregulated
12708,81.4022626794052,Upregulated
12710,51.5772970023969,Upregulated
12711,5.28353802344235,Upregulated
12712,6.03735705047183,Upregulated
12713,8.79622672125981,Upregulated
12714,488.508887333061,Upregulated
12717,277.972905655172,Upregulated
12721,28.0842303245251,Upregulated
12723,14.9504819037055,Upregulated
12724,59.0756357095572,Upregulated
12725,17.8809092263133,Upregulated
12726,14.9504819755969,Upregulated
12727,55.2867139397829,Upregulated
12728,0.460125231923702,Downregulated
12729,58.4253607327804,Upregulated
12730,4.53682221610799,Upregulated
12733,167.314514256192,Upregulated
12734,5.0370639826098,Upregulated
12736,3.09039169556592,Upregulated
12737,9.17759215043194,Upregulated
12742,9.17759223205905,Upregulated
12749,17.1924317917033,Upregulated
12752,19.6807985327247,Upregulated
12753,108.157525276132,Upregulated
12754,22.6476437085323,Upregulated
12757,72.779369617706,Upregulated
12759,119.556343976598,Upregulated
12761,48.9975792214681,Upregulated
12765,36.9700500109641,Upregulated
12767,815.460729278444,Upregulated
12769,2.67020949388471,Upregulated
12771,32.0856875216858,Upregulated
12772,31.0399924338644,Upregulated
12774,36.9700503949361,Upregulated
12780,13.245947794718,Upregulated
12784,6.27532122270381,Upregulated
12785,6.17053370230845,Upregulated
12786,6.34582143870817,Upregulated
12793,0.056610078498436,Downregulated
12796,12.3826329169856,Upregulated
12802,0.381122431811089,Downregulated
12803,0.38219301204776,Downregulated
12805,335.234103759096,Upregulated
12808,9.73824359483121,Upregulated
12809,7.43241634308004,Upregulated
12810,27.4792007694367,Upregulated
12812,4.99187399018985,Upregulated
12814,8.79622676222414,Upregulated
12815,8.86498147186947,Upregulated
12816,8.79622670903906,Upregulated
12817,6.12984048919401,Upregulated
12818,29.8614688590052,Upregulated
12819,8.79622642224665,Upregulated
12820,43.2900470083987,Upregulated
12821,53.1763267948858,Upregulated
12823,8.93481945469701,Upregulated
12824,17.7299627948703,Upregulated
12826,5.91274989198409,Upregulated
12827,56.7888954619375,Upregulated
12828,11.6573923432875,Upregulated
12829,11.6573923432875,Upregulated
12830,11.6573923432875,Upregulated
12831,11.6573923432875,Upregulated
12832,56.7888945739803,Upregulated
12833,56.788895760551,Upregulated
12834,16.5148751181312,Upregulated
12835,56.78889498928,Upregulated
12836,11.6573923232876,Upregulated
12837,11.6573921978831,Upregulated
12838,11.6573923357875,Upregulated
12839,11.657392335383,Upregulated
12840,99.8755487676668,Upregulated
12841,99.8755487676668,Upregulated
12842,99.8755487676668,Upregulated
12843,11.6573923357875,Upregulated
12844,99.8755487676668,Upregulated
12845,99.8755487676668,Upregulated
12846,99.8755448051686,Upregulated
12847,99.8755481465184,Upregulated
12848,12.5129835193039,Upregulated
12849,12.991992548591,Upregulated
12850,12.5129835193039,Upregulated
12851,8.16473098000168,Upregulated
12852,8.16473098000168,Upregulated
12853,56.8640614047357,Upregulated
12854,56.8640615488501,Upregulated
12855,4.08236551187765,Upregulated
12856,3.30843144915304,Upregulated
12857,8.88640394790566,Upregulated
12858,8.88640393837695,Upregulated
12859,9.94356240516188,Upregulated
12860,19.0873529807553,Upregulated
12863,107.116983080028,Upregulated
12865,9.19362754174595,Upregulated
12867,8.52613937345992,Upregulated
12869,227.603864724786,Upregulated
12870,225.363310152441,Upregulated
12871,85.0365527798701,Upregulated
12873,2.39782211315456,Upregulated
12875,10.3808321917615,Upregulated
12876,10.3808321095923,Upregulated
12877,0.492583606835229,Downregulated
12878,20.5051318476629,Upregulated
12879,34.9937586783205,Upregulated
12880,44.630300594975,Upregulated
12881,44.630300594975,Upregulated
12882,44.630300594975,Upregulated
12884,6.2958251226874,Upregulated
12885,15.4919196219933,Upregulated
12886,10.1099467564054,Upregulated
12887,19.293438035891,Upregulated
12888,12.5907976555888,Upregulated
12889,28.2388578723742,Upregulated
12890,28.2388580006,Upregulated
12891,4.52047315986869,Upregulated
12892,40.3160176042268,Upregulated
12893,146.608507602406,Upregulated
12894,28.5899305725115,Upregulated
12897,327.015590990519,Upregulated
12898,5.67364844505317,Upregulated
12899,20.5045729896474,Upregulated
12900,33.7578786311041,Upregulated
12901,327.015590985828,Upregulated
12902,89.926338776996,Upregulated
12903,28.0842297265635,Upregulated
12904,28.0842296303963,Upregulated
12905,28.0842303601357,Upregulated
12906,23.2583117837194,Upregulated
12907,135.411055000228,Upregulated
12908,82.9163610773153,Upregulated
12909,273.857559315675,Upregulated
12910,200.241723085016,Upregulated
12911,327.015592880931,Upregulated
12912,28.0842303885642,Upregulated
12913,44.1530974245459,Upregulated
12914,18.2931270332333,Upregulated
12915,31.3134728978561,Upregulated
12916,50.7742215073401,Upregulated
12922,51.6192170588994,Upregulated
12924,213.636372601066,Upregulated
12925,479.147344675437,Upregulated
12926,49.079393174432,Upregulated
12929,11.7527150775217,Upregulated
12930,106.818187382886,Upregulated
12933,52.7183831816283,Upregulated
12944,0.0938391745620879,Downregulated
12945,14.6190323294534,Upregulated
12946,37.4392601693206,Upregulated
12947,12.2854875554041,Upregulated
12949,12.2854877692128,Upregulated
12952,15.9662681146835,Upregulated
12971,3884.02408212173,Upregulated
12974,2114.76218048786,Upregulated
12981,16.6929608328335,Upregulated
12982,8.88640384604348,Upregulated
12983,8.88640371308077,Upregulated
12984,32.2956959371332,Upregulated
12987,15.8694203082088,Upregulated
12988,16.5235646348397,Upregulated
12991,36.9700505864392,Upregulated
12992,41.6359107059907,Upregulated
12996,40.2275889833775,Upregulated
12998,18.2676548542968,Upregulated
13000,18.2676553244098,Upregulated
13002,34.3154835924306,Upregulated
13004,8.63719486839754,Upregulated
13005,11.6291555834266,Upregulated
13006,14.6206282321739,Upregulated
13007,7.7832094789596,Upregulated
13008,8.37554675805615,Upregulated
13009,34.3154844218742,Upregulated
13011,34.3154843389298,Upregulated
13013,22.1646429703494,Upregulated
13015,14.6206287387095,Upregulated
13016,30.3735786625579,Upregulated
13018,18.2676551285294,Upregulated
13020,16.1761877927679,Upregulated
13021,8.88640360328889,Upregulated
13025,16.1692035989896,Upregulated
13026,17.9029595505992,Upregulated
13027,16.1692039076045,Upregulated
13028,14.6206285855709,Upregulated
13029,14.6206285855709,Upregulated
13030,16.1692039076045,Upregulated
13031,18.2676554771965,Upregulated
13033,30.3735783444204,Upregulated
13034,18.2676554771965,Upregulated
13036,7.78320954405668,Upregulated
13037,34.3154844218742,Upregulated
13039,18.2676554771965,Upregulated
13041,13.9084351098291,Upregulated
13044,22.6095767959181,Upregulated
13045,9.40888735003009,Upregulated
13048,7.78320954572584,Upregulated
13049,30.3735784178368,Upregulated
13050,34.3154845048186,Upregulated
13052,7.78320954572584,Upregulated
13053,30.373578466781,Upregulated
13055,7.78320954572584,Upregulated
13056,16.1692038555907,Upregulated
13057,30.3735781975877,Upregulated
13058,14.6206285148915,Upregulated
13059,16.1692038555907,Upregulated
13060,7.78320954572584,Upregulated
13061,30.3735778794503,Upregulated
13062,14.6206283617528,Upregulated
13063,16.1692039110721,Upregulated
13065,30.3735781486435,Upregulated
13069,147.086889629935,Upregulated
13071,34.3154843251058,Upregulated
13073,34.3154849748367,Upregulated
13075,8.61130254441397,Upregulated
13078,30.3735786384682,Upregulated
13084,0.0823456292528333,Downregulated
13087,17.2226050001842,Upregulated
13098,5.00876833275039,Upregulated
13100,5.00876835208528,Upregulated
13101,17.0285317151974,Upregulated
13108,11.0048085580102,Upregulated
13109,17.357715964767,Upregulated
13110,32.2956967885457,Upregulated
13111,17.3577165059788,Upregulated
13112,16.6929609125659,Upregulated
13113,3.37235493359874,Upregulated
13114,33.3859218574109,Upregulated
13115,3.37235478882394,Upregulated
13116,16.6929603914087,Upregulated
13117,33.3859208164414,Upregulated
13118,36.7582758110412,Upregulated
13119,20.0653154212443,Upregulated
13120,12720.1795470579,Upregulated
13137,39.3434428523944,Upregulated
13138,66.4276734077745,Upregulated
13139,9.71580080223805,Upregulated
13145,23.7686036620799,Upregulated
13152,5.664458735275,Upregulated
13154,0.137676538391864,Downregulated
13158,2.14204110671434,Upregulated
13161,6.0723187236218,Upregulated
13166,3.27244316563482,Upregulated
13168,6.07231863557247,Upregulated
13169,3.27244316563482,Upregulated
13170,15.6932455744253,Upregulated
13173,4.00908495513881,Upregulated
13174,10.1530384568676,Upregulated
13178,0.410888304608357,Downregulated
13182,13.1422958174764,Upregulated
13183,19.8443527720806,Upregulated
13188,36.8049069070096,Upregulated
13189,0.482576353789991,Downregulated
13192,1451.3011911093,Upregulated
13193,9.76121660303633,Upregulated
13194,2.08865730119438,Upregulated
13195,2.08865727579717,Upregulated
13199,1666.9002425307,Upregulated
13204,501.883819483755,Upregulated
13205,501.883823382437,Upregulated
13206,501.883820410298,Upregulated
13207,501.883818607295,Upregulated
13209,256.780647191113,Upregulated
13210,2707.64466357934,Upregulated
13211,70.7632804775108,Upregulated
13212,501.883823815971,Upregulated
13213,428.496723308139,Upregulated
13214,1983.45253275975,Upregulated
13217,9.21040666443501,Upregulated
13219,49.48812814089,Upregulated
13220,2.22129316347567,Upregulated
13225,388.331504971727,Upregulated
13229,2.29340677943631,Upregulated
13230,3.70361643553398,Upregulated
13231,3.70361650810984,Upregulated
13232,3.70361643003962,Upregulated
13233,6.11874750164988,Upregulated
13235,2.23229324562396,Upregulated
13236,47.3800916032991,Upregulated
13238,16.8048149962211,Upregulated
13240,16.8048147038884,Upregulated
13241,16.8048147034692,Upregulated
13243,147.970759611508,Upregulated
13244,23.0099408601496,Upregulated
13245,62.7172488498115,Upregulated
13246,207.437634169987,Upregulated
13247,32.088254434433,Upregulated
13248,32.0882546284499,Upregulated
13249,5.68782586331188,Upregulated
13250,5.68782583894344,Upregulated
13251,55.5820166273624,Upregulated
13252,16.8048153520543,Upregulated
13253,39.814756184546,Upregulated
13254,19.9073780326757,Upregulated
13255,19.9423156633042,Upregulated
13258,2.44493068365906,Upregulated
13260,41.975479025179,Upregulated
13261,29.5857503647253,Upregulated
13263,29.0250670444098,Upregulated
13264,13.776547855017,Upregulated
13265,15.7362894438733,Upregulated
13266,17.95463498758,Upregulated
13267,20.6932620028969,Upregulated
13268,16.804815072786,Upregulated
13269,65.5118873389681,Upregulated
13270,36.6982287817565,Upregulated
13271,36.6982290353603,Upregulated
13278,193.150132390177,Upregulated
13280,44.3075994759179,Upregulated
13282,2.20511159525894,Upregulated
13283,0.0278028527658709,Downregulated
13284,27.2392853904335,Upregulated
13286,2.98058901153276,Upregulated
13287,5.73526692953144,Upregulated
13296,3.8575436881777,Upregulated
13300,0.5,Downregulated
13302,125.221548469164,Upregulated
13304,462.53506959368,Upregulated
13309,1372.68795206239,Upregulated
13311,42.9391134986513,Upregulated
13313,4.03308718470648,Upregulated
13315,5.73463254331084,Upregulated
13318,58.2410886270841,Upregulated
13321,2.76612570546684,Upregulated
13323,65.8437596713096,Upregulated
13326,39.151116332825,Upregulated
13329,44.7204407560129,Upregulated
13334,16.8048146411593,Upregulated
13337,46.1552097675466,Upregulated
13351,35.8933401680428,Upregulated
13352,35.332227818033,Upregulated
13354,35.4066105423491,Upregulated
13356,2435.50951554056,Upregulated
13357,37.938221063496,Upregulated
13358,108.140648699377,Upregulated
13366,2.33591002971187,Upregulated
13369,2.94374606354608,Upregulated
13372,10927.8260106161,Upregulated
13377,2624.30224890275,Upregulated
13379,334.1785717096,Upregulated
13382,16.3963979462579,Upregulated
13384,20.4808293647636,Upregulated
13385,49.1005113365555,Upregulated
13388,5.92502969867758,Upregulated
13394,8.1861216812655,Upregulated
13395,677.047422259026,Upregulated
13406,30.7897182635348,Upregulated
13407,101.837157322787,Upregulated
13409,1298.12096704844,Upregulated
13410,40.8757974881868,Upregulated
13411,30.7897187701891,Upregulated
13412,1297.90535554777,Upregulated
13413,8.18612190048131,Upregulated
13414,11.9210332104074,Upregulated
13416,677.047448470553,Upregulated
13417,23.7001194053288,Upregulated
13421,32.2566358462245,Upregulated
13422,1818.66660882016,Upregulated
13423,1818.66660882016,Upregulated
13424,15.7530557301242,Upregulated
13431,60.1874146064665,Upregulated
13438,2.15243527955925,Upregulated
13443,47.5023974623358,Upregulated
13444,3.67354669835169,Upregulated
13446,23.3168578860697,Upregulated
13447,16.4231655801633,Upregulated
13449,5.06896981890261,Upregulated
13450,5.06896981890261,Upregulated
13454,1151.14960874656,Upregulated
13455,10.3478650060221,Upregulated
13456,0.0561793643348618,Downregulated
13457,0.0561793643348618,Downregulated
13459,83.8417207331431,Upregulated
13460,34.1104477589456,Upregulated
13461,51.7111408687705,Upregulated
13464,5.60160512614205,Upregulated
13465,16.8048153054781,Upregulated
13466,16.8048151553567,Upregulated
13471,0.167356119776304,Downregulated
13472,0.167356118813484,Downregulated
13473,0.167356119776263,Downregulated
13475,2.0082442072645,Upregulated
13476,277.145843843586,Upregulated
13477,14.7477498579089,Upregulated
13478,89.1659312753679,Upregulated
13479,16.8048146498062,Upregulated
13481,5.00802132827049,Upregulated
13482,8.40240756055136,Upregulated
13484,60.4289844306364,Upregulated
13485,3985.62540827836,Upregulated
13486,30.9175016235575,Upregulated
13488,2.25329543545739,Upregulated
13489,290.154871531273,Upregulated
13490,1382.6420141947,Upregulated
13491,70.1468753242648,Upregulated
13493,60.4289849288868,Upregulated
13494,5891.2412309805,Upregulated
13495,44.7996254419584,Upregulated
13498,384.340405229503,Upregulated
13501,1533.22370456329,Upregulated
13502,8.90557269589891,Upregulated
13503,4.45278628707385,Upregulated
13510,4.67728931604052,Upregulated
13513,16.8048154673458,Upregulated
13514,1602.96103362126,Upregulated
13515,8.10002976264837,Upregulated
13520,4.79733908282617,Upregulated
13523,0.233474171396719,Downregulated
13524,42.637784543733,Upregulated
13526,17.4045003910265,Upregulated
13527,13.8225016458777,Upregulated
13528,9907.00719088768,Upregulated
13531,4137.34400720604,Upregulated
13532,5.88438526416568,Upregulated
13533,1222.91951232404,Upregulated
13534,1222.91951232423,Upregulated
13535,1120.75010439885,Upregulated
13536,1120.75010439936,Upregulated
13537,1222.91950801538,Upregulated
13538,1222.91950801518,Upregulated
13548,6706.13608410703,Upregulated
13549,6706.13608410703,Upregulated
13550,6706.13608410703,Upregulated
13551,265.907856460839,Upregulated
13552,82.9116941424318,Upregulated
13553,17.4458186327763,Upregulated
13554,16.7769756481899,Upregulated
13555,11.5049704349713,Upregulated
13556,22.3463009396946,Upregulated
13557,39.8147570150393,Upregulated
13558,39.151116227338,Upregulated
13559,44.7204410684013,Upregulated
13560,56.6195718507132,Upregulated
13561,56.6351794438293,Upregulated
13562,64.3072880678587,Upregulated
13563,21.2266489494838,Upregulated
13564,36.6982289731038,Upregulated
13565,51.0658543402663,Upregulated
13567,34.5058926174307,Upregulated
13569,36.2229132917984,Upregulated
13570,34.2610378206183,Upregulated
13571,51.0658537858321,Upregulated
13572,51.3107073083477,Upregulated
13573,24.8269819873801,Upregulated
13574,24.8269819873801,Upregulated
13575,3.94790764926646,Upregulated
13576,24.8269820030313,Upregulated
13577,24.8269820030313,Upregulated
13578,24.8269820030313,Upregulated
13579,4.42659267484862,Upregulated
13580,0.355918487622345,Downregulated
13581,0.355918480637432,Downregulated
13583,0.355918475005329,Downregulated
13584,4.42659267786483,Upregulated
13587,30.7897184156252,Upregulated
13588,30.7897184156252,Upregulated
13589,30.7897184156252,Upregulated
13590,30.7897184156252,Upregulated
13591,30.7897184156252,Upregulated
13592,30.7897184156252,Upregulated
13593,30.7897184156252,Upregulated
13594,30.7897184156252,Upregulated
13595,30.7897181544599,Upregulated
13596,30.7897180392399,Upregulated
13597,30.7897180392399,Upregulated
13598,30.7897180392399,Upregulated
13599,30.7897180392399,Upregulated
13600,30.7897180392399,Upregulated
13601,30.7897180392399,Upregulated
13602,30.7897180899367,Upregulated
13603,30.7897180899367,Upregulated
13604,30.7897180899367,Upregulated
13605,30.7897180899367,Upregulated
13606,30.7897184156252,Upregulated
13607,30.7897181109163,Upregulated
13608,30.7897179393826,Upregulated
13609,5300.89727622221,Upregulated
13610,2.88881559760062,Upregulated
13611,734.234780941335,Upregulated
13613,3.47109859103807,Upregulated
13614,3.36165145325795,Upregulated
13620,20.700238852102,Upregulated
13623,207.774645394629,Upregulated
13625,30.7897184112395,Upregulated
13627,5299.8788644456,Upregulated
13628,30.7897185472712,Upregulated
13629,101.83715800981,Upregulated
13630,101.837157014464,Upregulated
13633,3.42837466838057,Upregulated
13634,45.105322585809,Upregulated
13636,22.8262620165576,Upregulated
13637,5872.74956242179,Upregulated
13639,12.5794219661945,Upregulated
13640,12.5794219888032,Upregulated
13641,19.3851634371288,Upregulated
13642,12.5794219661945,Upregulated
13643,12.5794219888032,Upregulated
13648,17.8078051691689,Upregulated
13649,27.2046707091807,Upregulated
13651,3.9382639363485,Upregulated
13653,7.87652793406912,Upregulated
13654,10.4212130582093,Upregulated
13655,27.2046716103557,Upregulated
13657,7.78594905190265,Upregulated
13658,2.2058260011151,Upregulated
13659,7.87652804297315,Upregulated
13661,3.938263970381,Upregulated
13662,15.7530558297895,Upregulated
13663,15.7530559849194,Upregulated
13664,15.7530557707152,Upregulated
13665,15.7530558717008,Upregulated
13666,10.4212127744871,Upregulated
13667,15.7530558012781,Upregulated
13668,27.2046708681923,Upregulated
13669,10.4212128276009,Upregulated
13670,15.7530557572249,Upregulated
13677,6.03721840918806,Upregulated
13678,8.07088020523464,Upregulated
13679,27.3625608178603,Upregulated
13680,27.3954333711155,Upregulated
13681,15.514088439225,Upregulated
13682,307.579257944364,Upregulated
13684,9.31760813750322,Upregulated
13685,3.62632512160567,Upregulated
13686,37.1673387565792,Upregulated
13687,0.0816779008764134,Downregulated
13690,31.6282906284299,Upregulated
13692,9.35571225266387,Upregulated
13693,74.6551851008141,Upregulated
13698,6.9003384784138,Upregulated
13700,0.164695432915163,Downregulated
13703,40.046817509827,Upregulated
13707,54.5066103175015,Upregulated
13709,8.7962267281224,Upregulated
13710,8.79622676585047,Upregulated
13711,17.1924323156228,Upregulated
13712,8.79622674810646,Upregulated
13713,8.7962268235626,Upregulated
13714,17.1924323893632,Upregulated
13719,4.69341525642802,Upregulated
13720,3.4884813525184,Upregulated
13722,2.2675028043389,Upregulated
13724,359.820390803854,Upregulated
13725,703.277424724249,Upregulated
13726,359.820393488264,Upregulated
13727,359.820393488264,Upregulated
13728,346.606255385539,Upregulated
13729,21.7583579771683,Upregulated
13730,8.79622671770955,Upregulated
13733,17.1924322383442,Upregulated
13734,8.79622670427813,Upregulated
13735,8.79622676464304,Upregulated
13737,11.1323079683693,Upregulated
13740,115.239963480659,Upregulated
13741,100.930630980382,Upregulated
13745,2.01500408907862,Upregulated
13746,0.0907464386104804,Downregulated
13748,8.62115785920504,Upregulated
13751,25.8197539904401,Upregulated
13752,35.919260084257,Upregulated
13753,33.1020604304771,Upregulated
13756,46.0622371661674,Upregulated
13757,0.4724996293672,Downregulated
13759,50.5293172703961,Upregulated
13760,17.7010772604923,Upregulated
13761,0.310753129782705,Downregulated
13764,30.7897189709357,Upregulated
13765,8.7962267592258,Upregulated
13766,15.5688820713607,Upregulated
13767,15.6932458287516,Upregulated
13768,15.693246024978,Upregulated
13769,15.5688824690846,Upregulated
13770,85.0365529089287,Upregulated
13771,15.6932456605576,Upregulated
13772,15.3728759374847,Upregulated
13773,17.1924321725962,Upregulated
13774,8.79622673416682,Upregulated
13777,17.1924322111982,Upregulated
13778,8.79622671958381,Upregulated
13779,15.8662855267236,Upregulated
13782,17.1924322237355,Upregulated
13785,17.1924322237355,Upregulated
13786,8.79622672143461,Upregulated
13787,5.99757595261716,Upregulated
13788,5.48286235759815,Upregulated
13790,8.52613925291467,Upregulated
13791,8.79622659693198,Upregulated
13792,2.31152541139648,Upregulated
13793,5.18613933263449,Upregulated
13795,2.31152545711617,Upregulated
13796,2.31152539069557,Upregulated
13799,5.48056315903215,Upregulated
13800,8.79622674491309,Upregulated
13801,17.1924323244028,Upregulated
13802,4.51793084214898,Upregulated
13805,4.51793083635654,Upregulated
13806,0.051301974729012,Downregulated
13808,8.79622676550087,Upregulated
13809,19.7352182131176,Upregulated
13810,15.8662857153136,Upregulated
13811,0.344438725401071,Downregulated
13812,2.31152537377779,Upregulated
13813,2.31152537335583,Upregulated
13816,5.4805631830191,Upregulated
13817,9.21040638061715,Upregulated
13818,4.71037788139915,Upregulated
13819,2.31152540643503,Upregulated
13820,4.51793071821915,Upregulated
13821,17.1924321135389,Upregulated
13822,8.7962267093134,Upregulated
13823,8.7962267093134,Upregulated
13824,17.1924321135389,Upregulated
13825,17.1924321135389,Upregulated
13826,8.79622672561205,Upregulated
13827,8.79622672561205,Upregulated
13828,17.1924321135389,Upregulated
13830,0.372440016104984,Downregulated
13836,3.11739146851147,Upregulated
13841,5.81902016920937,Upregulated
13844,20.2219254087285,Upregulated
13847,0.484467502132314,Downregulated
13848,0.484467493269249,Downregulated
13850,4.5179307647692,Upregulated
13853,8.79622674354705,Upregulated
13854,8.79622672324521,Upregulated
13855,4.71204659857787,Upregulated
13856,8.79622672324521,Upregulated
13857,8.79622663288775,Upregulated
13858,8.79622675855897,Upregulated
13859,8.79622676842394,Upregulated
13860,2.19905666695159,Upregulated
13861,8.796226763277,Upregulated
13862,8.79622668121184,Upregulated
13863,2.19905666695159,Upregulated
13864,2.93207554343809,Upregulated
13865,4.39811335106512,Upregulated
13866,2.19905669317827,Upregulated
13869,8.79622673361119,Upregulated
13870,0.158642878171554,Downregulated
13872,8.26178226743252,Upregulated
13873,8.26178213186112,Upregulated
13874,16.5235643064246,Upregulated
13875,8.26178213755829,Upregulated
13879,16.52356441924,Upregulated
13880,16.52356441924,Upregulated
13881,16.5235644045359,Upregulated
13882,16.523564504695,Upregulated
13883,4.41473793440521,Upregulated
13884,4.41473791549108,Upregulated
13885,86.2825416668642,Upregulated
13893,124.019489274675,Upregulated
13894,15.33731055597,Upregulated
13918,0.0430751380821991,Downregulated
13920,0.370754563262039,Downregulated
13922,0.485159354106819,Downregulated
13927,0.391881044549087,Downregulated
13934,7.83308977731253,Upregulated
13937,0.0397170436635464,Downregulated
13939,4.29356719638625,Upregulated
13945,8.90517143337861,Upregulated
13946,46.6668929789343,Upregulated
13947,0.344032706492019,Downregulated
13949,124.936903490155,Upregulated
13950,9.97677943553172,Upregulated
13951,25.5684390682712,Upregulated
13952,124.936904190928,Upregulated
13953,15.1819606144903,Upregulated
13954,18648.7523192955,Upregulated
13960,12.527401704368,Upregulated
13961,9.20861828379188,Upregulated
13962,3.91950406181461,Upregulated
13963,9.21814577481406,Upregulated
13965,19.3806703837663,Upregulated
13968,0.181559568816663,Downregulated
13970,110.20795277442,Upregulated
13971,176.816675162729,Upregulated
13975,53.6591773346548,Upregulated
13976,122.160263726957,Upregulated
13986,3.01195388450077,Upregulated
13997,15.2969017412331,Upregulated
13998,73.0533961362003,Upregulated
13999,683.450444835882,Upregulated
14001,30.0524629068965,Upregulated
14003,32.7075175946394,Upregulated
14006,0.040952446087514,Downregulated
14010,0.186174134723806,Downregulated
14012,2.21825482368948,Upregulated
14016,0.0318649411044244,Downregulated
14017,10.2488360717969,Upregulated
14032,8.45399350204282,Upregulated
14053,219.845607049376,Upregulated
14056,0.0961258131967485,Downregulated
14057,8.85255338894909,Upregulated
14058,595.129430835974,Upregulated
14059,2.06023754393229,Upregulated
14060,36.3102688334127,Upregulated
14065,88.5508544993102,Upregulated
14070,115.579651458697,Upregulated
14071,36.7012755299909,Upregulated
14072,8.6696078082344,Upregulated
14074,0.015116310217019,Downregulated
14075,11.6978701889703,Upregulated
14076,10.4300401073654,Upregulated
14078,17.5981110857746,Upregulated
14079,45.7550851679776,Upregulated
14080,9.58412512146597,Upregulated
14081,64.3565157668764,Upregulated
14082,42.0018357787939,Upregulated
14083,0.130509042197904,Downregulated
14084,7.18112605922338,Upregulated
14086,13.5498972240443,Upregulated
14087,15.4547372614716,Upregulated
14089,9.9747383592625,Upregulated
14090,32.6155995848897,Upregulated
14092,115.236897995064,Upregulated
14097,13.4331279727149,Upregulated
14102,0.394636597212905,Downregulated
14104,0.394626729821966,Downregulated
14105,4.27029746406441,Upregulated
14108,0.436667043339167,Downregulated
14110,0.0836299590043078,Downregulated
14112,337.390203924856,Upregulated
14114,195.373980437277,Upregulated
14116,4.19059477154922,Upregulated
14118,129.610071034347,Upregulated
14119,7.56782047001385,Upregulated
14124,3.00910592163299,Upregulated
14126,0.327894040240184,Downregulated
14131,14.4342424206062,Upregulated
14133,4.52993940714377,Upregulated
14134,22.7515716425777,Upregulated
14135,18.4034568492817,Upregulated
14139,12.0825983723788,Upregulated
14140,17.7206059941774,Upregulated
14141,7.79939710266618,Upregulated
14146,346.064540358515,Upregulated
14147,346.064540358515,Upregulated
14148,187.89883091516,Upregulated
14149,13.849996547959,Upregulated
14151,9.51708101365149,Upregulated
14155,21.0195072410544,Upregulated
14160,22.3244342419146,Upregulated
14162,4.21259388296294,Upregulated
14163,4.21259388296294,Upregulated
14164,28.3977146892327,Upregulated
14165,17.9749317753869,Upregulated
14166,360.965302505559,Upregulated
14167,360.965302505559,Upregulated
14170,22.0413990709896,Upregulated
14172,19.4179972485216,Upregulated
14173,2.06474670890503,Upregulated
14174,23.5911523661404,Upregulated
14175,23.5911526556072,Upregulated
14176,44.0001417868119,Upregulated
14180,0.263252051396179,Downregulated
14181,0.449846797413838,Downregulated
14183,2.08756791814339,Upregulated
14184,2.08756789242765,Upregulated
14185,13.3464070746692,Upregulated
14186,13.3464070405031,Upregulated
14190,6.08903501766315,Upregulated
14191,14.1776815080613,Upregulated
14196,44.0001421332878,Upregulated
14197,14.1776818805094,Upregulated
14198,6.75229158959895,Upregulated
14199,6.75229144718621,Upregulated
14200,14.1776820275284,Upregulated
14201,9.71958958213779,Upregulated
14202,19.370209198641,Upregulated
14203,73.7297249962268,Upregulated
14204,7.22766691225973,Upregulated
14205,515.482211147806,Upregulated
14207,65.1690271582704,Upregulated
14208,33.7392997380479,Upregulated
14210,65.1690271582704,Upregulated
14212,16.2570087951053,Upregulated
14213,28.5676672960425,Upregulated
14214,28.2735542576917,Upregulated
14215,58.4687131564706,Upregulated
14216,32.5845127982433,Upregulated
14218,58.7473841556894,Upregulated
14219,116.406719883805,Upregulated
14229,0.0531403076677869,Downregulated
14231,7069.69249223465,Upregulated
14244,19068.6594081596,Upregulated
14245,3755.28483253887,Upregulated
14246,2471.12253331457,Upregulated
14248,1641.21985964991,Upregulated
14249,3.33874578847062,Upregulated
14250,8.41334975079411,Upregulated
14251,8.41334951116871,Upregulated
14252,8.41334975079411,Upregulated
14253,8.41334949786323,Upregulated
14258,11.7684132236754,Upregulated
14260,0.0336766235159725,Downregulated
14269,12.7008810370793,Upregulated
14270,12.7008812627078,Upregulated
14273,15.2613748100633,Upregulated
14276,0.263517290069176,Downregulated
14277,13.8983660888785,Upregulated
14279,2.5818452658674,Upregulated
14280,2.25041782033793,Upregulated
14282,12.3018192976397,Upregulated
14294,33.5092502022085,Upregulated
14299,2.68805512754773,Upregulated
14300,32.5867494101084,Upregulated
14306,12.2238626671641,Upregulated
14309,10.3994647702277,Upregulated
14310,10.4451769215812,Upregulated
14312,0.127662055118085,Downregulated
14314,30.9669567243117,Upregulated
14315,40.6366070114987,Upregulated
14316,70.5710322944584,Upregulated
14317,87.5537594715234,Upregulated
14318,0.188291198566035,Downregulated
14319,17.7291413081779,Upregulated
14320,13.6241522936412,Upregulated
14322,86.7279552414955,Upregulated
14325,36.0487592079912,Upregulated
14329,5.44323001983689,Upregulated
14348,3.496133352929,Upregulated
14349,3.54170545684483,Upregulated
14354,8.92948164780995,Upregulated
14357,2.6076215595762,Upregulated
14359,6.9064049655918,Upregulated
14360,0.407950773290383,Downregulated
14361,17.7129456260883,Upregulated
14362,11.3365225140048,Upregulated
14365,9.53011877353341,Upregulated
14369,13.3655456404051,Upregulated
14371,26.6185314878202,Upregulated
14373,12.9629915750218,Upregulated
14376,258.414194820628,Upregulated
14377,19.5566594248003,Upregulated
14378,21.5499379604025,Upregulated
14383,22.0413989015128,Upregulated
14384,302.025865448416,Upregulated
14385,237.468946252261,Upregulated
14386,7.86371762725106,Upregulated
14390,9.60935783240784,Upregulated
14391,9.60935784124858,Upregulated
14393,14766.4694498912,Upregulated
14394,20.0545080764871,Upregulated
14395,87.9280556802402,Upregulated
14396,14.1776816769407,Upregulated
14397,87.9280556802402,Upregulated
14404,360.965301235567,Upregulated
14405,360.965301235567,Upregulated
14406,360.965302159619,Upregulated
14407,360.965301235567,Upregulated
14408,250.171815812822,Upregulated
14409,272.213212606762,Upregulated
14410,272.213212606762,Upregulated
14411,123.22948992297,Upregulated
14412,360.965301375795,Upregulated
14419,168.624003846676,Upregulated
14420,190.665404971279,Upregulated
14421,168.624006477778,Upregulated
14422,212.706798635498,Upregulated
14423,234.748202341715,Upregulated
14424,6.89432006433211,Upregulated
14430,168.624004374442,Upregulated
14431,168.624004374442,Upregulated
14432,190.665406056125,Upregulated
14433,190.665406056125,Upregulated
14434,168.624005221314,Upregulated
14435,168.624005221314,Upregulated
14436,212.706799845755,Upregulated
14437,212.706799845755,Upregulated
14438,234.748203076439,Upregulated
14439,234.748203076439,Upregulated
14440,87.9280567302788,Upregulated
14445,4.21259388296294,Upregulated
14453,7.86371752725689,Upregulated
14465,11914.4187496753,Upregulated
14480,13.8909298695157,Upregulated
14481,0.4932556996685,Downregulated
14491,5.14283082638359,Upregulated
14497,243.331696600257,Upregulated
14499,1680.79468870056,Upregulated
14501,3.23352897484954,Upregulated
14502,6.17895549151344,Upregulated
14503,49.9285211449937,Upregulated
14510,5.48000141421081,Upregulated
14514,4.03559606836683,Upregulated
14517,464.138645903214,Upregulated
14519,35.459287080491,Upregulated
14521,2054.65669592765,Upregulated
14523,38.0756436649488,Upregulated
14524,41.7669907200792,Upregulated
14525,3.56089725523382,Upregulated
14531,0.320233962224813,Downregulated
14533,10.2462477969594,Upregulated
14534,22.1893880406661,Upregulated
14535,316.094479494479,Upregulated
14536,106.574310014949,Upregulated
14537,126.359581258603,Upregulated
14538,37.0479461746756,Upregulated
14539,100.112148417594,Upregulated
14544,23.7480770452301,Upregulated
14546,774.921749372672,Upregulated
14547,0.099146293921057,Downregulated
14549,1986.75567674496,Upregulated
14552,880.56242582239,Upregulated
14553,2624.21081028228,Upregulated
14555,341.419626666977,Upregulated
14571,53.1800890135016,Upregulated
14573,186.996274016468,Upregulated
14576,2.51970681721243,Upregulated
14577,36.051114175996,Upregulated
14581,4179.31016657184,Upregulated
14583,861.729883049026,Upregulated
14586,15.3698209490143,Upregulated
14588,0.0829347848287592,Downregulated
14594,43.080432753822,Upregulated
14595,43.0804328464241,Upregulated
14598,27.710612701913,Upregulated
14605,27.7106129417087,Upregulated
14608,27.710612117966,Upregulated
14611,91.6529982875341,Upregulated
14612,91.6529984870564,Upregulated
14613,91.6529984870564,Upregulated
14614,27.7106123582908,Upregulated
14615,34.9788981395828,Upregulated
14616,8.19149961212154,Upregulated
14617,8.19149961211999,Upregulated
14621,26.8529089092677,Upregulated
14624,13.5338220695043,Upregulated
14625,2.47618517288,Upregulated
14635,2.29602494821701,Upregulated
14637,4.70406353199976,Upregulated
14638,1114.60332192037,Upregulated
14644,152.507292354162,Upregulated
14645,152.507290924019,Upregulated
14649,46.1094325162012,Upregulated
14650,46.1094325150508,Upregulated
14653,8.23361392278085,Upregulated
14655,532.047134513338,Upregulated
14656,532.047134500065,Upregulated
14657,1759.7487413096,Upregulated
14658,1759.74874524183,Upregulated
14659,1617.2599995429,Upregulated
14660,1617.25999376381,Upregulated
14661,1617.25999763077,Upregulated
14662,1617.25999763992,Upregulated
14663,210.597625500891,Upregulated
14664,119.777761963502,Upregulated
14665,331.121468796468,Upregulated
14666,33.5620239352881,Upregulated
14667,1617.25994552725,Upregulated
14668,488.966697150337,Upregulated
14669,488.966697162535,Upregulated
14670,532.047139743043,Upregulated
14671,85.9993173109195,Upregulated
14678,415.740452213502,Upregulated
14679,458.820894191026,Upregulated
14680,1617.25994143046,Upregulated
14681,2.20730670589697,Upregulated
14683,48.3001363062054,Upregulated
14684,329.579592234067,Upregulated
14685,13.4948254423933,Upregulated
14686,42.0848610172503,Upregulated
14687,85.9993147706631,Upregulated
14689,16.0782044507885,Upregulated
14690,14.5475213616926,Upregulated
14691,82.1135625568208,Upregulated
14692,46.1094326991029,Upregulated
14693,46.1094326991029,Upregulated
14694,46.1094326991029,Upregulated
14695,46.1094629430559,Upregulated
14696,23.5911528988293,Upregulated
14697,23.5911526093624,Upregulated
14698,46.1094638033091,Upregulated
14699,46.1094632375393,Upregulated
14700,46.1094638033091,Upregulated
14701,136.726657343365,Upregulated
14702,30.2838455487396,Upregulated
14707,6.90440678078708,Upregulated
14708,136.726657343365,Upregulated
14709,964.636471468996,Upregulated
14710,329.579590263231,Upregulated
14711,329.579591918462,Upregulated
14712,415.740462038832,Upregulated
14713,458.820894877818,Upregulated
14714,107.587238158734,Upregulated
14715,107.587238158734,Upregulated
14721,234.748203394796,Upregulated
14722,493.540466736468,Upregulated
14723,964.636463768042,Upregulated
14724,964.636463768042,Upregulated
14725,964.636463768042,Upregulated
14726,329.579590305947,Upregulated
14727,964.636463768042,Upregulated
14728,964.636463768042,Upregulated
14729,964.636463768042,Upregulated
14730,964.636463768042,Upregulated
14731,964.636463768042,Upregulated
14732,964.636463768042,Upregulated
14733,493.540468782034,Upregulated
14734,493.540468782034,Upregulated
14735,964.636463768042,Upregulated
14740,28.8646463246961,Upregulated
14742,19.3682080450002,Upregulated
14743,136.726656210907,Upregulated
14750,9.90942677313915,Upregulated
14752,30.2838448859238,Upregulated
14756,183.260031486414,Upregulated
14769,9234.40536016691,Upregulated
14775,199.48082163712,Upregulated
14778,2.74793350941831,Upregulated
14779,100.493380654278,Upregulated
14780,947.514675284596,Upregulated
14786,463.342796309835,Upregulated
14787,160.012369469568,Upregulated
14803,60.5939388290557,Upregulated
14804,115.538941756426,Upregulated
14807,3.37864180077664,Upregulated
14811,5131.21323405623,Upregulated
14812,5130.22640474816,Upregulated
14813,5.31342742593853,Upregulated
14816,2.72707922120083,Upregulated
14819,0.357454395289491,Downregulated
14820,0.183341250592506,Downregulated
14827,90.7786739448285,Upregulated
14828,0.0139982155146506,Downregulated
14831,0.255434820976703,Downregulated
14833,1038.60799506011,Upregulated
14837,0.493255700671479,Downregulated
14838,0.468951991808317,Downregulated
14841,8.90116667449961,Upregulated
14842,9.74021050971092,Upregulated
14843,19.5400736661882,Upregulated
14844,492.362736148198,Upregulated
14846,7947.98311489942,Upregulated
14848,19.5400737624501,Upregulated
14849,2.78556502765507,Upregulated
14851,21.5336939458279,Upregulated
14852,2.7855650276551,Upregulated
14856,10.9167420566906,Upregulated
14860,492.362740913163,Upregulated
14864,71.7129962954515,Upregulated
14873,2,Upregulated
14879,62.0066201843117,Upregulated
14880,313.44062975066,Upregulated
14882,68.9420279679164,Upregulated
14883,19.1659831164386,Upregulated
14885,5.61316343512032,Upregulated
14897,16.7900375705589,Upregulated
14898,151.512083890109,Upregulated
14903,3.00340832622949,Upregulated
14911,16.790037570561,Upregulated
14932,428.421717583656,Upregulated
14949,31.2410688333148,Upregulated
14955,1466.08121759829,Upregulated
14956,31.4216871483354,Upregulated
14962,2.04403853495469,Upregulated
14966,39.3151798713819,Upregulated
14968,0.0702543302118809,Downregulated
14969,0.0600871302686358,Downregulated
14970,929.228384785532,Upregulated
14972,18.1707189818123,Upregulated
14973,3234.51988739879,Upregulated
14974,1759.74873330193,Upregulated
14975,55.0452499350045,Upregulated
14976,168.624003301204,Upregulated
14977,126.132021544263,Upregulated
14978,111.550841909241,Upregulated
14979,1090.08624134947,Upregulated
14980,494.436274939548,Upregulated
14981,208.235043047455,Upregulated
14982,19.8126768705701,Upregulated
14984,249.056998091534,Upregulated
14985,172.058266897207,Upregulated
14988,276.275193212662,Upregulated
14990,244.337087404975,Upregulated
14993,2070.86845718499,Upregulated
14998,3.02902979034224,Upregulated
14999,5.91132634795766,Upregulated
15001,265.99654769352,Upregulated
15002,11660.2672082686,Upregulated
15007,899.085364358992,Upregulated
15008,512.051186155084,Upregulated
15009,299.695131658736,Upregulated
15016,2184.88139837348,Upregulated
15024,158.047239756776,Upregulated
15026,16.2531447228453,Upregulated
15029,0.281058097468856,Downregulated
15031,6.27948149468725,Upregulated
15034,0.0279503210151154,Downregulated
15036,0.239139569415402,Downregulated
15038,10.631634784909,Upregulated
15039,2.52475410994647,Upregulated
15041,39.8449961454873,Upregulated
15042,15.3698212872607,Upregulated
15043,4.70406351328933,Upregulated
15045,2.87372453108604,Upregulated
15050,0.409439221091561,Downregulated
15051,4.15050060578399,Upregulated
15055,0.44659242757077,Downregulated
15064,0.36556845552712,Downregulated
15084,0.21009692740595,Downregulated
15085,0.5,Downregulated
15104,0.0841001884653588,Downregulated
15105,0.12629273572195,Downregulated
15138,0.019624105181405,Downregulated
15140,4.19968600130162,Upregulated
15152,0.334010460902866,Downregulated
15165,6.36501505368087,Upregulated
15170,2,Upregulated
15173,0.177553843045357,Downregulated
15253,0.298790624116496,Downregulated
15257,0.114012666314693,Downregulated
15267,0.262346418458586,Downregulated
15268,5221.79062100059,Upregulated
15270,0.0240213134623434,Downregulated
15271,0.0240213134623434,Downregulated
15279,0.25167980942521,Downregulated
15283,296.485303801567,Upregulated
15319,2896.29058504863,Upregulated
15324,0.334010460903085,Downregulated
15326,0.428670852938662,Downregulated
15328,0.0214020484479682,Downregulated
15330,2896.29067111699,Upregulated
15381,0.0146411134336029,Downregulated
15391,9194.27097711359,Upregulated
15414,2,Upregulated
15423,8613.88120356145,Upregulated
15431,3.02266804239576,Upregulated
15432,10.0518796193984,Upregulated
15438,31.6104969133943,Upregulated
15471,0.405445056849123,Downregulated
15475,0.168247700966114,Downregulated
15481,0.0637902647628272,Downregulated
15485,0.0130415627345689,Downregulated
15491,2.7107007811279,Upregulated
15502,8.8191839072883,Upregulated
15508,0.112649812525411,Downregulated
15549,0.401390782143518,Downregulated
15555,2.81673330244793,Upregulated
15566,0.0176109827143086,Downregulated
15583,0.149310900370668,Downregulated
15589,4.16503215832847,Upregulated
15603,0.136413903225567,Downregulated
15635,0.334011833399182,Downregulated
15655,6.00680542426843,Upregulated
15656,3.00338769809769,Upregulated
15658,5.91132634941731,Upregulated
15738,0.084100188465796,Downregulated
15739,0.0841001884653588,Downregulated
15766,7002.11158611586,Upregulated
15807,1092.05745143058,Upregulated
15812,205.341968356761,Upregulated
15817,11126.4474839619,Upregulated
15890,6.55792356869394,Upregulated
15959,0.347914234648355,Downregulated
15965,5.02586430187418,Upregulated
16060,8727.20317092472,Upregulated
16061,7496.02078870952,Upregulated
16062,0.0787755034815917,Downregulated
16101,9705.82739763176,Upregulated
16106,8.34105901742207,Upregulated
16138,15127.5419322879,Upregulated
16148,5.02593980969925,Upregulated
16183,5105.69598923482,Upregulated
16194,2918.14679529489,Upregulated
16195,5057.1154277617,Upregulated
16218,4.78024881048477,Upregulated
16246,12077.0973340838,Upregulated
16266,0.24683798523534,Downregulated
16267,0.0217991679733462,Downregulated
16278,0.5,Downregulated
16283,0.127463503120976,Downregulated
16284,0.127463503120946,Downregulated
16313,16336.4221381448,Upregulated
16326,0.0146411134336029,Downregulated
16327,0.0146411134336029,Downregulated
16330,0.017086754263712,Downregulated
16335,0.0158662718163515,Downregulated
16336,0.0158662718163175,Downregulated
16339,0.0182481994816102,Downregulated
16347,0.333310966403117,Downregulated
16348,0.27427692274995,Downregulated
16358,12777.7455751628,Upregulated
16366,0.5,Downregulated
16395,9238.97037546657,Upregulated
16405,0.318083140500602,Downregulated
16416,7.50412585972448,Upregulated
16419,0.22437142233129,Downregulated
16425,0.0130415627345689,Downregulated
16431,3.02266835723031,Upregulated
16433,2,Upregulated
16435,17.7296435402455,Upregulated
16437,3.02266903445318,Upregulated
16441,0.484326452467878,Downregulated
16442,3.02266903445322,Upregulated
16478,0.0131732935375426,Downregulated
16479,0.337384156126886,Downregulated
16482,0.0104471599123486,Downregulated
16488,5.71361230199901,Upregulated
16501,2.02019895022781,Upregulated
16502,3.00340832625156,Upregulated
16503,3.00340832623012,Upregulated
16504,2.02020113509477,Upregulated
16505,3.00340832623012,Upregulated
16512,2.02020113509477,Upregulated
16513,2.02020113509476,Upregulated
16515,3.02266903445317,Upregulated
16526,0.093785102479535,Downregulated
16539,3.02266903445318,Upregulated
16544,0.133381932020099,Downregulated
16567,0.183673265814402,Downregulated
16571,4.7356070039661,Upregulated
16573,0.448692042389208,Downregulated
16689,0.31962376161713,Downregulated
16695,7.17813036381676,Upregulated
16699,0.326901733256837,Downregulated
16701,2,Upregulated
16728,0.447932575209502,Downregulated
16930,12.7917315028816,Upregulated
16950,0.33401046090926,Downregulated
16989,0.311867627525081,Downregulated
16990,5.33854408013015,Upregulated
16996,0.31186762752508,Downregulated
16998,0.439496250130691,Downregulated
17018,17.7296435402454,Upregulated
17019,0.0209155901608537,Downregulated
17035,2.259882474761,Upregulated
17047,0.243068085057217,Downregulated
17071,0.35739183181395,Downregulated
17161,0.5,Downregulated
17326,5886.11383390993,Upregulated
17367,17907.3856124046,Upregulated
17474,0.336340319232674,Downregulated
17491,5.16343486661605,Upregulated
17523,55.8317818901685,Upregulated
17546,0.16815948149729,Downregulated
17573,17.7296435402454,Upregulated
17628,0.136145714196482,Downregulated
17632,0.136145714278439,Downregulated
17634,0.13614567584557,Downregulated
17635,0.042487846380112,Downregulated
17644,5987.0370444967,Upregulated
17682,0.263719600748141,Downregulated
17696,2.16579141673281,Upregulated
17703,0.5,Downregulated
17706,8925.24934899531,Upregulated
17718,3.00340832625166,Upregulated
17733,0.334010460908385,Downregulated
17757,2.44477986421634,Upregulated
17765,19267.9296135552,Upregulated
17798,0.411944116466713,Downregulated
17799,0.354746103190072,Downregulated
17835,19304.8506703685,Upregulated
17843,7.71132009557806,Upregulated
17861,15.865503959921,Upregulated
17867,0.345513021861164,Downregulated
17887,0.219206580360396,Downregulated
17890,8.66521023477254,Upregulated
17908,2.66293201084006,Upregulated
17969,13.3748337937198,Upregulated
18002,7.90038705857003,Upregulated
18019,33.3884760863018,Upregulated
18020,6.93845486079084,Upregulated
18022,0.433424344110107,Downregulated
18026,0.240495607258676,Downregulated
18033,17.9473880324671,Upregulated
18053,6.84776032553695,Upregulated
18072,5.2992456432445,Upregulated
18073,0.0793453286285722,Downregulated
18077,0.397742393642943,Downregulated
18078,0.129508093685648,Downregulated
18082,0.239214960229165,Downregulated
18083,0.182720409265506,Downregulated
18084,0.0109062627426791,Downregulated
18113,0.334010460905191,Downregulated
18119,2.66293189843482,Upregulated
18137,0.334010460908813,Downregulated
18145,4.39443294759917,Upregulated
18174,0.334010460905262,Downregulated
18177,0.334010460910098,Downregulated
18180,6.74925564680663,Upregulated
18201,10019.1357815299,Upregulated
18213,6.48682865415136,Upregulated
18230,33.3884760862214,Upregulated
18231,6.93845486089088,Upregulated
18234,16994.5970480078,Upregulated
18237,0.389016067341403,Downregulated
18242,10075.0523320941,Upregulated
18244,17.9473880324677,Upregulated
18246,18.7856221914259,Upregulated
18247,5.29513714092388,Upregulated
18252,0.209376890233963,Downregulated
18253,5.68689586029026,Upregulated
18264,3.42388016276848,Upregulated
18300,2.27056634053775,Upregulated
18339,460.21994041189,Upregulated
18380,5726.14094476367,Upregulated
18409,0.441954474472672,Downregulated
18414,0.349974960646612,Downregulated
18427,364.354758470152,Upregulated
18451,0.0814461308165396,Downregulated
18478,0.0983889318157856,Downregulated
18535,11868.577618377,Upregulated
18536,5945.22340755578,Upregulated
18537,5942.80125525485,Upregulated
18577,0.231247797014282,Downregulated
18614,7760.05001451296,Upregulated
18632,7655.58986511134,Upregulated
18633,7634.69011131461,Upregulated
