Reaction,FSR,RegulationStatus
1,2.9627324920763,Upregulated
2,1.54046290807717,Unchanged
3,0,Unchanged
4,0.145430745571358,Downregulated
5,0,Unchanged
6,199.578913454805,Upregulated
7,0,Unchanged
8,5.59272673113351,Upregulated
9,3.82864456081536,Upregulated
10,0,Unchanged
11,2.29492083866714,Upregulated
12,0.173107626311626,Downregulated
13,0,Unchanged
14,1.72517237329367,Unchanged
15,0,Unchanged
16,0,Unchanged
17,0,Unchanged
18,0.131823355124045,Downregulated
19,0.995748565272064,Unchanged
20,0,Unchanged
21,5.82199707309879,Upregulated
22,1.01247702110796,Unchanged
23,2.77189358040421,Upregulated
24,19.1487789715636,Upregulated
25,6.28785317331702,Upregulated
26,2.22431891687967,Upregulated
27,4.80247609516482e-07,Unchanged
28,5.51661783834496,Upregulated
29,0,Unchanged
30,0.538354782808897,Unchanged
31,0,Unchanged
32,5.91444829131197,Upregulated
33,1.45129840183706,Unchanged
34,2.51828079398615,Upregulated
35,0,Unchanged
36,5.54574144103167,Upregulated
37,9.82535505952132,Upregulated
38,70.8993118209224,Upregulated
39,62.7584843345905,Upregulated
40,2.03729224969886,Upregulated
41,0.160939091370446,Downregulated
42,1.76058237859107,Unchanged
43,0,Unchanged
44,0.426298291601583,Downregulated
45,0.118831963037459,Downregulated
46,0,Unchanged
47,0,Unchanged
48,0,Unchanged
49,8.13291987065894,Upregulated
50,2.38335922648428,Upregulated
51,0,Unchanged
52,54.9520809088868,Upregulated
53,0,Unchanged
54,11.7893502635018,Upregulated
55,12.7730770252574,Upregulated
56,1.28258561915837,Unchanged
57,0,Unchanged
58,0,Unchanged
59,0,Unchanged
60,4.26287463704965,Upregulated
61,6.02677539650838,Upregulated
62,276922020.023549,Unchanged
63,0,Unchanged
64,8.61386009636615,Upregulated
65,8.57721497578091,Upregulated
66,16.3563508322847,Upregulated
67,30.8664932805133,Upregulated
68,0,Unchanged
69,29.6042195779527,Upregulated
70,0,Unchanged
71,1.78271802268899,Unchanged
72,0,Unchanged
73,5.65287488884836e-07,Unchanged
74,0.21809970101601,Downregulated
75,0,Unchanged
76,6.1263567439127,Upregulated
77,0,Unchanged
78,6.39439721715945,Upregulated
79,0,Unchanged
80,0,Unchanged
81,250594.758826067,Unchanged
82,0.249846543059177,Downregulated
83,5910291.86645041,Unchanged
84,0,Unchanged
85,0.500007371272299,Unchanged
86,0,Unchanged
87,0,Unchanged
88,0.652455278506701,Unchanged
89,0,Unchanged
90,0,Unchanged
91,8.22943437663836e-05,Unchanged
92,7.08292986303279,Upregulated
93,46535065.0043431,Unchanged
94,17858781.1072816,Unchanged
95,17858780.2098755,Unchanged
96,0,Unchanged
97,20.0712757838769,Upregulated
98,1308002843.09923,Unchanged
99,6897.68738214249,Upregulated
100,381.008897970512,Upregulated
101,92.1515955867615,Upregulated
102,86.9754233946707,Upregulated
103,86.9754048381322,Upregulated
104,18183049.7594801,Unchanged
105,3.16727985107581,Upregulated
106,0,Unchanged
107,0,Unchanged
108,1.2191763406325e-08,Unchanged
109,1.2191763406325e-08,Unchanged
110,1.2191763406325e-08,Unchanged
111,1.32883868786848e-08,Unchanged
112,1.32883868786848e-08,Unchanged
113,1.32883868786848e-08,Unchanged
114,0.0287190463631816,Downregulated
115,1.25418456448756e-06,Unchanged
116,0,Unchanged
117,2.3141658933028e-05,Unchanged
118,0,Unchanged
119,0,Unchanged
120,0,Unchanged
121,1486040.27685831,Unchanged
122,9580619.89171486,Unchanged
123,11786477.6624845,Unchanged
124,1244304.08917997,Unchanged
125,90.6639167243757,Upregulated
126,1486504.86854724,Unchanged
127,79515630.2028131,Unchanged
128,0,Unchanged
129,0,Unchanged
130,152857.710861543,Unchanged
131,7.55203873324381e-06,Unchanged
132,9.93175551235424,Upregulated
133,22.66396493465,Upregulated
134,0,Unchanged
135,41.3427159576835,Upregulated
136,9.11150243935166,Upregulated
137,0,Unchanged
138,0,Unchanged
139,0,Unchanged
140,0,Unchanged
141,11.4024501718246,Upregulated
142,3.27073627391808,Upregulated
143,0,Unchanged
144,0,Unchanged
145,7.21825504286531,Upregulated
146,2.15450781468638,Upregulated
147,1.47732104239252,Unchanged
148,34.8507120163119,Upregulated
149,0,Unchanged
150,4.65654229752014e-07,Unchanged
151,4.65552426862642e-07,Unchanged
152,0,Unchanged
153,3.77170937883875e-06,Unchanged
154,2.55645372189406e-06,Unchanged
155,2.35491589823241e-07,Unchanged
156,0,Unchanged
157,6.9486809353895,Upregulated
158,1.50499766364668e-07,Unchanged
159,0,Unchanged
160,0,Unchanged
161,0,Unchanged
162,1238.52396968526,Upregulated
163,0,Unchanged
164,1.83971597088182e-07,Unchanged
165,278339946.322006,Unchanged
166,223274773.794104,Unchanged
167,139169973.161003,Unchanged
168,152857.710861543,Unchanged
169,23755322.1319632,Unchanged
170,23863559.4371224,Unchanged
171,39716480.7067992,Unchanged
172,1333957.49340173,Unchanged
173,85194269.7922474,Unchanged
174,0,Unchanged
175,0,Unchanged
176,64888838.1977052,Unchanged
177,0,Unchanged
178,0,Unchanged
179,0,Unchanged
180,0,Unchanged
181,0,Unchanged
182,0,Unchanged
183,0,Unchanged
184,0,Unchanged
185,0,Unchanged
186,0,Unchanged
187,0.658304461172253,Unchanged
188,0,Unchanged
189,8.98144682460583,Upregulated
190,8.97948235991495,Upregulated
191,9673.68015670369,Upregulated
192,15.4991890646599,Upregulated
193,9.70255411557295,Upregulated
194,1.66951707928284e-06,Unchanged
195,0.0538737338262397,Downregulated
196,48.0099043366208,Upregulated
197,32.879566618559,Upregulated
198,5.6740276093592e-07,Unchanged
199,10621688.84804,Unchanged
200,0,Unchanged
201,9863306.47620192,Unchanged
202,1.67006368029209e-05,Unchanged
203,1.2363683467757e-06,Unchanged
204,79772315.5882407,Unchanged
205,0.00015556646064871,Unchanged
206,13.6397317063205,Upregulated
207,9.55516681111135e-06,Unchanged
208,278340231.368064,Unchanged
209,5.37134705693076e-05,Unchanged
210,0,Unchanged
211,0,Unchanged
212,0,Unchanged
213,79772324.0888978,Unchanged
214,0,Unchanged
215,0,Unchanged
216,3258.47793035038,Upregulated
217,0.00016668638291145,Unchanged
218,15956025.2354494,Unchanged
219,0.330064180266669,Downregulated
220,0.768539373773241,Unchanged
221,0.760972622537333,Unchanged
222,1.60576328230344,Unchanged
223,0.305559219667728,Downregulated
224,0,Unchanged
225,190458.76327572,Unchanged
226,558.40756602206,Upregulated
227,0,Unchanged
228,0,Unchanged
229,63.5064236882305,Upregulated
230,654001421.549614,Unchanged
231,5528.25492457796,Upregulated
232,607.026004724686,Upregulated
233,0,Unchanged
234,161.230318131359,Upregulated
235,0,Unchanged
236,98.8960500065284,Upregulated
237,176.110573194688,Upregulated
238,193.334620315667,Upregulated
239,89990.7945844408,Unchanged
240,6.97409675467497e-08,Unchanged
241,0,Unchanged
242,1.47734278079348e-07,Unchanged
243,0,Unchanged
244,5448.32145887263,Upregulated
245,1012299.17669124,Unchanged
246,0.998897042994714,Unchanged
247,98.8960648774686,Upregulated
248,829831761.050981,Unchanged
249,467196329.883819,Unchanged
250,106.68550100354,Upregulated
251,414915858.77907,Unchanged
252,107.100030232089,Upregulated
253,110.983999253224,Upregulated
254,110.983930545709,Upregulated
255,1136425106.4617,Unchanged
256,755.344062795258,Upregulated
257,1.23944449200053e-07,Unchanged
258,3.88585565474386e-07,Unchanged
259,1.65855326923179e-05,Unchanged
260,1.23061515096899,Unchanged
261,0,Unchanged
262,0.83518265227979,Unchanged
263,12709282.9986704,Unchanged
264,1.25788917297892e-08,Unchanged
265,4.61832681854056e-08,Unchanged
266,0.133609074007005,Downregulated
267,0,Unchanged
268,0.530022659821478,Unchanged
269,0.129497117410904,Downregulated
270,0,Unchanged
271,0,Unchanged
272,0,Unchanged
273,0,Unchanged
274,0,Unchanged
275,0,Unchanged
276,0,Unchanged
277,0.475622023084933,Downregulated
278,0,Unchanged
279,0,Unchanged
280,0.192169819355652,Downregulated
281,0,Unchanged
282,0,Unchanged
283,0,Unchanged
284,0,Unchanged
285,0,Unchanged
286,0,Unchanged
287,0.999155143061588,Unchanged
288,7.37288469878195e-06,Unchanged
289,0,Unchanged
290,0.999155143061643,Unchanged
291,0,Unchanged
292,0,Unchanged
293,0,Unchanged
294,0,Unchanged
295,0.148134234935127,Downregulated
296,0.260046107286115,Downregulated
297,0,Unchanged
298,0.0205074888095382,Downregulated
299,902.208474082855,Upregulated
300,0,Unchanged
301,0,Unchanged
302,644351.648028727,Unchanged
303,0,Unchanged
304,41381047.1849736,Unchanged
305,27.6038039766509,Upregulated
306,0,Unchanged
307,30.8600677968495,Upregulated
308,18017020.9667994,Unchanged
309,2871190.15988131,Unchanged
310,4.37067061641484,Upregulated
311,19712886.5324597,Unchanged
312,141.058271763573,Upregulated
313,39594204.1735974,Unchanged
314,0.68435407051021,Unchanged
315,165.785748839035,Upregulated
316,22947033.0629695,Unchanged
317,21243378.0419861,Unchanged
318,305715.421719101,Unchanged
319,78280756.5282366,Unchanged
320,78280756.5282366,Unchanged
321,78280756.5282366,Unchanged
322,172149822991.633,Unchanged
323,2660387.64132122,Unchanged
324,526983.216563275,Unchanged
325,5408742.75721701,Unchanged
326,0,Unchanged
327,43576402.8610405,Unchanged
328,40191541.901321,Unchanged
329,0,Unchanged
330,0,Unchanged
331,2,Upregulated
332,0,Unchanged
333,17858783.4459766,Unchanged
334,0,Unchanged
335,309531167.842532,Unchanged
336,719991.950109367,Unchanged
337,47727118.8742449,Unchanged
338,47727118.8742449,Unchanged
339,0,Unchanged
340,309531167.842532,Unchanged
341,0,Unchanged
342,0,Unchanged
343,1.15253712938608,Unchanged
344,13.2947204606702,Upregulated
345,0,Unchanged
346,0,Unchanged
347,599.150981506947,Upregulated
348,0,Unchanged
349,79270055.6629592,Unchanged
350,239201.202042195,Unchanged
351,1.39249147199587,Unchanged
352,8969.485735481,Upregulated
353,0,Unchanged
354,22734951.1378648,Unchanged
355,0,Unchanged
356,0.00794503391856367,Unchanged
357,0,Unchanged
358,0,Unchanged
359,13.8415968031102,Upregulated
360,14.9913773126406,Upregulated
361,25.8391480538589,Upregulated
362,0,Unchanged
363,27.4051821827813,Upregulated
364,0,Unchanged
365,0,Unchanged
366,2.09987669407496e-07,Unchanged
367,0,Unchanged
368,0,Unchanged
369,4.39940862772783e-07,Unchanged
370,6.62294953971062e-07,Unchanged
371,0,Unchanged
372,0.998903960754429,Unchanged
373,2.52093110884522,Upregulated
374,2.15405534107739,Upregulated
375,0.000468999352874367,Unchanged
376,77.0186974511005,Upregulated
377,8.55639012127592,Upregulated
378,0.871349435349643,Unchanged
379,10006133.262435,Unchanged
380,0.258873905524522,Downregulated
381,0.30555926419022,Downregulated
382,20111.931080145,Unchanged
383,20111.9277920456,Unchanged
384,0.13360904391914,Downregulated
385,0,Unchanged
386,0.870915580313274,Unchanged
387,23.9862789629604,Upregulated
388,20842111.129888,Unchanged
389,2.13218410666384,Upregulated
390,2.51670196569999,Upregulated
391,20842112.603778,Unchanged
392,176.476305134326,Upregulated
393,176.457164185824,Upregulated
394,21243376.0134456,Unchanged
395,2.433237497105,Upregulated
396,21153005.8642926,Unchanged
397,0.0128870642169458,Downregulated
398,0,Unchanged
399,0.0086135300827306,Unchanged
400,0,Unchanged
401,119.013051565555,Upregulated
402,0.155595913873848,Downregulated
403,4906517.04915411,Unchanged
404,2.81670142489747,Upregulated
405,0.0143990530856965,Downregulated
406,0.00965028654486912,Unchanged
407,5.73677329933625,Upregulated
408,7.70911750047484,Upregulated
409,0,Unchanged
410,0,Unchanged
411,0,Unchanged
412,0,Unchanged
413,3.23638375909625,Upregulated
414,2.21137985897071,Upregulated
415,2.63311800595707,Upregulated
416,14298207.5673181,Unchanged
417,4.02266001973028,Upregulated
418,4.37067049797387,Upregulated
419,3.6863164214684,Upregulated
420,0.176792853082985,Downregulated
421,2.92149547431731,Upregulated
422,0.158611260981911,Downregulated
423,0,Unchanged
424,0.00081725586411501,Unchanged
425,0.00716426358622917,Unchanged
426,0.00726169435300039,Unchanged
427,28085801.0638556,Unchanged
428,3.58369454422733,Upregulated
429,1.56710915885639,Unchanged
430,0.000338316360163717,Unchanged
431,0.256876112248484,Downregulated
432,0,Unchanged
433,27.2585781557658,Upregulated
434,648.873087197458,Upregulated
435,12.2740596227094,Upregulated
436,2.15048330555549,Upregulated
437,2.00853592135552,Upregulated
438,25076160.5737113,Unchanged
439,16.2752010193425,Upregulated
440,20620682.6696857,Unchanged
441,0.914843353322652,Unchanged
442,0,Unchanged
443,0.5,Downregulated
444,5.94552460442377,Upregulated
445,133289457.820542,Unchanged
446,12551740.7582083,Unchanged
447,0,Unchanged
448,0.14789585416585,Downregulated
449,0.516894160259472,Unchanged
450,4.14402617344933e-07,Unchanged
451,0,Unchanged
452,0,Unchanged
453,0,Unchanged
454,40.8300516383494,Upregulated
455,7.89921782948291,Upregulated
456,49.3803915543241,Upregulated
457,7.89921781518335,Upregulated
458,49.5976330766494,Upregulated
459,8.50990187228398,Upregulated
460,46.497561899244,Upregulated
461,5.13093782568686,Upregulated
462,46.4975617836135,Upregulated
463,8.46657964830088,Upregulated
464,9.31150045185246,Upregulated
465,48.8174682356723,Upregulated
466,9.31150097422289,Upregulated
467,45.7761664842572,Upregulated
468,9.3115008829613,Upregulated
469,7.89921900074734,Upregulated
470,0.139889252498692,Downregulated
471,0,Unchanged
472,1.15869073162598,Unchanged
473,0.609055325987217,Unchanged
474,54.0794402061138,Upregulated
475,0,Unchanged
476,4.54749849603286,Upregulated
477,0,Unchanged
478,139169973.161003,Unchanged
479,139.407255544965,Upregulated
480,136.467917641909,Upregulated
481,94.857407439469,Upregulated
482,155.019781407286,Upregulated
483,185.729109333733,Upregulated
484,1206987465.60645,Unchanged
485,1303.54647671424,Upregulated
486,232.733975712634,Upregulated
487,1.86779864135306e-06,Unchanged
488,18.0230923244832,Upregulated
489,0,Unchanged
490,0,Unchanged
491,159.279114671512,Upregulated
492,0,Unchanged
493,10549645.8250803,Unchanged
494,68.0918537433288,Upregulated
495,1810.05058987723,Upregulated
496,1013.19243119895,Upregulated
497,1012.97146759396,Upregulated
498,3017.88641778153,Upregulated
499,119.871497709607,Upregulated
500,705.007367860255,Upregulated
501,0,Unchanged
502,28.1700208707547,Upregulated
503,3912.50337834906,Upregulated
504,107.100028548543,Upregulated
505,137.920994145159,Upregulated
506,58.4250479691964,Upregulated
507,130.752026259893,Upregulated
508,132.001658157352,Upregulated
509,2.2488617334678e-07,Unchanged
510,579.055046202067,Upregulated
511,0,Unchanged
512,59.7975943504093,Upregulated
513,63.3563406281083,Upregulated
514,4.54026683912002,Upregulated
515,0.578283897640166,Unchanged
516,3.77383934260988e-07,Unchanged
517,21.2508184497224,Upregulated
518,0,Unchanged
519,22984.6550185701,Unchanged
520,6.18532627513863,Upregulated
521,2.7036809846574,Upregulated
522,2.05141821731609,Upregulated
523,2.45835028286602,Upregulated
524,102.338419583789,Upregulated
525,2.55531815840083,Upregulated
526,11.9234506723313,Upregulated
527,1.91504658653519,Unchanged
528,48.4965158131074,Upregulated
529,0,Unchanged
530,89.5111874862429,Upregulated
531,710743845.474834,Unchanged
532,829831717.558141,Unchanged
533,1035408499.24337,Unchanged
534,284.910278839804,Upregulated
535,328.54010309015,Upregulated
536,275.115247104735,Upregulated
537,11.9243994270909,Upregulated
538,132.531312951615,Upregulated
539,5991.05251894516,Upregulated
540,4120.15359991511,Upregulated
541,1154238901.81828,Unchanged
542,1440608833.1092,Unchanged
543,74.2017129477452,Upregulated
544,33.2045497074651,Upregulated
545,32.9653403709668,Upregulated
546,102.867813049283,Upregulated
547,91.7050665122809,Upregulated
548,102.867813049283,Upregulated
549,91.7251439899589,Upregulated
550,94.6407522002447,Upregulated
551,91.7251439899589,Upregulated
552,94.6407522002447,Upregulated
553,91.7251439899589,Upregulated
554,94.6407522002447,Upregulated
555,74.2017129477452,Upregulated
556,142.710220544413,Upregulated
557,0,Unchanged
558,25.9495465023582,Upregulated
559,0,Unchanged
560,0.0483173161880013,Downregulated
561,5.75349681453119e-08,Unchanged
562,0.308690266912724,Downregulated
563,2.09894407902311e-06,Unchanged
564,6.42862693597093e-08,Unchanged
565,6.97409954461986e-08,Unchanged
566,0,Unchanged
567,0.321928808403675,Downregulated
568,581585.290853885,Unchanged
569,12018502.1676398,Unchanged
570,159031290.955134,Unchanged
571,0,Unchanged
572,0,Unchanged
573,0.0553751305492574,Downregulated
574,0.00110843157947346,Unchanged
575,0.0441527150916523,Downregulated
576,0,Unchanged
577,0,Unchanged
578,0.0743416097853677,Downregulated
579,1.69125610831978,Unchanged
580,0.00195870208161994,Unchanged
581,0.588647233042153,Unchanged
582,9.06691585873887e-06,Unchanged
583,160324.789081,Unchanged
584,145968407.272221,Unchanged
585,1.62446019986343e-07,Unchanged
586,4.85098030681497,Upregulated
587,0.391857141423828,Downregulated
588,0,Unchanged
589,0.520112385419868,Unchanged
590,5.7092157365974e-08,Unchanged
591,0.00286720712867488,Unchanged
592,2.14212826158784,Upregulated
593,5.23806334220893e-08,Unchanged
594,5.54428432726779,Upregulated
595,10.2685382278474,Upregulated
596,0.658393703721644,Unchanged
597,0.01151959717054,Downregulated
598,0,Unchanged
599,0,Unchanged
600,0.00276530270744141,Unchanged
601,0,Unchanged
602,0.141145101211486,Downregulated
603,0,Unchanged
604,0,Unchanged
605,4.20332520175783e-07,Unchanged
606,0,Unchanged
607,0,Unchanged
608,0.0931949630015208,Downregulated
609,0,Unchanged
610,0,Unchanged
611,1.28643611626785,Unchanged
612,0.770681642223388,Unchanged
613,0.304391329438345,Downregulated
614,0.0994662383543439,Downregulated
615,1.29110347643291e-07,Unchanged
616,0.668161999586404,Unchanged
617,0,Unchanged
618,0.0666989660691833,Downregulated
619,0.210717027406761,Downregulated
620,0.0109754138578482,Downregulated
621,0,Unchanged
622,0.00728233735279472,Unchanged
623,6.98542464546223,Upregulated
624,0.785554171605964,Unchanged
625,0,Unchanged
626,0,Unchanged
627,0,Unchanged
628,0,Unchanged
629,1.20040490376236,Unchanged
630,17.7069615026274,Upregulated
631,273.485261215666,Upregulated
632,0,Unchanged
633,7.89176346260168,Upregulated
634,22.4883866691281,Upregulated
635,22.488389850895,Upregulated
636,17.7948030557068,Upregulated
637,16.1132916155233,Upregulated
638,215.089131452823,Upregulated
639,0,Unchanged
640,0,Unchanged
641,0,Unchanged
642,0.105380198943971,Downregulated
643,0.314354780360057,Downregulated
644,0,Unchanged
645,16.1132916155233,Upregulated
646,7.89176346260168,Upregulated
647,7.89176346260168,Upregulated
648,0.127214544915301,Downregulated
649,0.000173911363809029,Unchanged
650,0.77711428258437,Unchanged
651,0.0257863877352238,Downregulated
652,1.73512995390604e-07,Unchanged
653,7.89176346260168,Upregulated
654,7.89176346260168,Upregulated
655,7.89176346260168,Upregulated
656,3.19431524984173,Upregulated
657,0,Unchanged
658,0,Unchanged
659,0.0257769132915585,Downregulated
660,0.00246136486835157,Unchanged
661,0,Unchanged
662,13801853.680804,Unchanged
663,0,Unchanged
664,2.41375326458465e-07,Unchanged
665,5.44096343206235e-07,Unchanged
666,157.858229835707,Upregulated
667,38.386838827504,Upregulated
668,0,Unchanged
669,654001421.549614,Unchanged
670,654001421.549614,Unchanged
671,0,Unchanged
672,99882221.2657657,Unchanged
673,5594479.77391177,Unchanged
674,0,Unchanged
675,0.421279098196438,Downregulated
676,0.0331940437200102,Downregulated
677,9.47635802437001,Upregulated
678,24526213.0939555,Unchanged
679,48894580.5377672,Unchanged
680,0,Unchanged
681,7.41840162937576e-07,Unchanged
682,137.557595175659,Upregulated
683,94.7471299340651,Upregulated
684,0,Unchanged
685,135.434624728841,Upregulated
686,1.82049726058868,Unchanged
687,0,Unchanged
688,3.38153170195803,Upregulated
689,0,Unchanged
690,0,Unchanged
691,0,Unchanged
692,0,Unchanged
693,0,Unchanged
694,0,Unchanged
695,0,Unchanged
696,0,Unchanged
697,0.262941669264563,Downregulated
698,58394818.6644893,Unchanged
699,2.67245764996751,Upregulated
700,315.261585924277,Upregulated
701,1.08781901274965,Unchanged
702,303.236761106803,Upregulated
703,1.4029736791624,Unchanged
704,1.39468099390945,Unchanged
705,3.60944958594751,Upregulated
706,8.196204067619,Upregulated
707,287.011655341573,Upregulated
708,0,Unchanged
709,0,Unchanged
710,0.206799788547145,Downregulated
711,0,Unchanged
712,1.00000528783137,Unchanged
713,316.467778953395,Upregulated
714,0,Unchanged
715,0,Unchanged
716,1109043.42045881,Unchanged
717,79772325.8975485,Unchanged
718,12717915.8776964,Unchanged
719,0,Unchanged
720,25.5151372056637,Upregulated
721,0,Unchanged
722,0,Unchanged
723,1.46226859573718,Unchanged
724,19.3493021894752,Upregulated
725,13.9123858344113,Upregulated
726,2.3151613005683e-06,Unchanged
727,0,Unchanged
728,0,Unchanged
729,0,Unchanged
730,2681.96517087219,Upregulated
731,0.501874234197611,Unchanged
732,112.459338029055,Upregulated
733,112.459314121345,Upregulated
734,7.59127940597588,Upregulated
735,1308002843.09923,Unchanged
736,710743890.176092,Unchanged
737,46.8249544734167,Upregulated
738,277.42159279248,Upregulated
739,0,Unchanged
740,218.725362317443,Upregulated
741,272.910973440848,Upregulated
742,201.172415244028,Upregulated
743,740.166103301405,Upregulated
744,0,Unchanged
745,2.3611679427745e-05,Unchanged
746,0,Unchanged
747,1.36003746766278e-05,Unchanged
748,0.00477973095628314,Unchanged
749,318.065609180407,Upregulated
750,371.604598605484,Upregulated
751,6.53982858671462,Upregulated
752,79772334.759938,Unchanged
753,46.1456344930736,Upregulated
754,22.3564882012129,Upregulated
755,0,Unchanged
756,0,Unchanged
757,0,Unchanged
758,0,Unchanged
759,0,Unchanged
760,0.0674374096616502,Downregulated
761,0.26761059474278,Downregulated
762,0,Unchanged
763,0.0409116697793976,Downregulated
764,0,Unchanged
765,0,Unchanged
766,23.0697180256147,Upregulated
767,68.25578125862,Upregulated
768,0,Unchanged
769,0,Unchanged
770,0.27270975522312,Downregulated
771,0,Unchanged
772,0.0446229999209917,Downregulated
773,333150.597951126,Unchanged
774,1.42622420261292,Unchanged
775,152.404428298176,Upregulated
776,2911051.27614501,Unchanged
777,0.27270966247731,Downregulated
778,0.272709729254287,Downregulated
779,0.545419437486188,Unchanged
780,6.09599966897314e-08,Unchanged
781,0.803007387676185,Unchanged
782,161203078.920277,Unchanged
783,8488796.07854875,Unchanged
784,1290336.50735625,Unchanged
785,0.042908897052127,Downregulated
786,0.0582493798755523,Downregulated
787,1290336.52303289,Unchanged
788,79988.2175259523,Unchanged
789,7996726.65134446,Unchanged
790,0,Unchanged
791,5.58352828484302,Upregulated
792,9566649.34447732,Unchanged
793,156466.946852881,Unchanged
794,0,Unchanged
795,0,Unchanged
796,0.00860162106469355,Unchanged
797,1.24405727919275e-08,Unchanged
798,0,Unchanged
799,0,Unchanged
800,0,Unchanged
801,3.18131482048513,Upregulated
802,23.3155993251463,Upregulated
803,24.4291307090838,Upregulated
804,14.553200304944,Upregulated
805,87.4886146793789,Upregulated
806,0,Unchanged
807,5.29249028501242e-05,Unchanged
808,591244.79490216,Unchanged
809,2.40283894208915e-06,Unchanged
810,1.26585039033678,Unchanged
811,1.26585055790658,Unchanged
812,39886161.5018537,Unchanged
813,19161241.39196,Unchanged
814,2.93849123644795e-07,Unchanged
815,1.5719133921283,Unchanged
816,8.37353854979624e-07,Unchanged
817,0.55681489077044,Unchanged
818,0,Unchanged
819,1.95204872886734e-06,Unchanged
820,1.95204871185695e-06,Unchanged
821,173371682.745472,Unchanged
822,4.61449616909704e-06,Unchanged
823,30.03606538885,Upregulated
824,19161241.39196,Unchanged
825,79772314.8647806,Unchanged
826,80918207.3215251,Unchanged
827,79772301.4807713,Unchanged
828,263.553803413285,Upregulated
829,171.081710614235,Upregulated
830,79772321.0141919,Unchanged
831,311.193639404159,Upregulated
832,1.16390649635918,Unchanged
833,0,Unchanged
834,0,Unchanged
835,0,Unchanged
836,7.71661942993877,Upregulated
837,7.74959180778382,Upregulated
838,0.341054262135207,Downregulated
839,0.38396315429232,Downregulated
840,39886159.2410406,Unchanged
841,79771818.0316606,Unchanged
842,9.50694805890709,Upregulated
843,103483414.64863,Unchanged
844,125.195135441068,Upregulated
845,15.4991886193603,Upregulated
846,80.0474304198013,Upregulated
847,92.3428960717478,Upregulated
848,0,Unchanged
849,0,Unchanged
850,58394816.4036034,Unchanged
851,58394816.0802952,Unchanged
852,240716.830431428,Unchanged
853,79772334.5790729,Unchanged
854,7.96800617916758,Upregulated
855,0,Unchanged
856,17.3931545393032,Upregulated
857,15557530.1679888,Unchanged
858,24.3735859228369,Upregulated
859,261864.235156618,Unchanged
860,4.01336875086145e-07,Unchanged
861,0,Unchanged
862,180401.339113921,Unchanged
863,81263939.69666,Unchanged
864,0.0372425884224152,Downregulated
865,1.53912405472747,Unchanged
866,0,Unchanged
867,0,Unchanged
868,2.38404136193064e-07,Unchanged
869,6.41008278478498,Upregulated
870,9.61512607010198,Upregulated
871,8.48259340517465,Upregulated
872,0,Unchanged
873,6631.26350313869,Upregulated
874,2.23511946411615,Upregulated
875,10000691.7888173,Unchanged
876,0,Unchanged
877,0.731218458087328,Unchanged
878,0.432901067185996,Downregulated
879,42798275.6272881,Unchanged
880,3.96991117664151,Upregulated
881,57002605.3045251,Unchanged
882,9345252.75937011,Unchanged
883,0,Unchanged
884,0,Unchanged
885,1.94833064264113e-08,Unchanged
886,0.246841305349598,Downregulated
887,0.0178018755173734,Downregulated
888,0.0178018757138941,Downregulated
889,0.0793537990628118,Downregulated
890,0,Unchanged
891,11.7580514910269,Upregulated
892,11.2574651949488,Upregulated
893,10.0865888406083,Upregulated
894,10.086590551411,Upregulated
895,7.20272714665339,Upregulated
896,17.7948030557068,Upregulated
897,16.116814242106,Upregulated
898,16.1132888987404,Upregulated
899,9.10252782181734,Upregulated
900,6.87945430912413,Upregulated
901,6.87945417525806,Upregulated
902,14.0752869568792,Upregulated
903,19.8681589302949,Upregulated
904,22.488389850895,Upregulated
905,22.4883870915839,Upregulated
906,17.7948031809215,Upregulated
907,17.7948030060754,Upregulated
908,5.79226653788475,Upregulated
909,5.79226678160142,Upregulated
910,9424.10366956041,Upregulated
911,10064.3388054745,Upregulated
912,6881.59831326706,Upregulated
913,14088.4922776985,Upregulated
914,8.6906237863771,Upregulated
915,43.0692965926474,Upregulated
916,5.5371177439697,Upregulated
917,234.560241956323,Upregulated
918,829831717.558141,Unchanged
919,1035408499.24337,Unchanged
920,135.434626133853,Upregulated
921,59.2631736301264,Upregulated
922,281.477794034472,Upregulated
923,142.99176044187,Upregulated
924,0.490135748965511,Downregulated
925,281.477794034472,Upregulated
926,1184188754.80787,Unchanged
927,1184188754.80787,Unchanged
928,1206987209.01321,Unchanged
929,1308002843.09923,Unchanged
930,1308002843.09923,Unchanged
931,0,Unchanged
932,2308477803.63657,Unchanged
933,0.0524607040524718,Downregulated
934,103304270.248756,Unchanged
935,4.67377353135659,Upregulated
936,28699761.4092994,Unchanged
937,5.27798941514266,Upregulated
938,0.0194066843289413,Downregulated
939,1.29838447231452e-09,Unchanged
940,0,Unchanged
941,0,Unchanged
942,1.99999975899948,Unchanged
943,2140007.99327965,Unchanged
944,2.57295281362991,Upregulated
945,14023.604645624,Upregulated
946,4.25002626570858e-07,Unchanged
947,3.64161218463721e-07,Unchanged
948,0,Unchanged
949,0,Unchanged
950,4.01336906634242e-07,Unchanged
951,0.0739851134388192,Downregulated
952,2.38352043766099e-07,Unchanged
953,2.38352081964877e-07,Unchanged
954,0,Unchanged
955,6.41170802006706,Upregulated
956,0,Unchanged
957,647.806088792006,Upregulated
958,424.743720748558,Upregulated
959,76.5984154723377,Upregulated
960,3.54936543976248,Upregulated
961,2.3353621580054,Upregulated
962,1322.8516494034,Upregulated
963,54.0766864657158,Upregulated
964,0,Unchanged
965,0,Unchanged
966,958.052300929,Upregulated
967,0,Unchanged
968,188.088423219825,Upregulated
969,322406069.496669,Unchanged
970,2580673.04606578,Unchanged
971,0.597007455539023,Unchanged
972,51.2337183827424,Upregulated
973,12.8027344752966,Upregulated
974,0,Unchanged
975,179.328169131256,Upregulated
976,0,Unchanged
977,1053.89157596183,Upregulated
978,0,Unchanged
979,0,Unchanged
980,0,Unchanged
981,5.7260851405586,Upregulated
982,0,Unchanged
983,0,Unchanged
984,0.613025771708041,Unchanged
985,0,Unchanged
986,0,Unchanged
987,1.47734278527878e-07,Unchanged
988,1.47734254550613e-07,Unchanged
989,1.08672756785685e-07,Unchanged
990,4.17970067796129e-07,Unchanged
991,0.0278052177712649,Downregulated
992,0,Unchanged
993,0,Unchanged
994,78802078.3281255,Unchanged
995,0,Unchanged
996,0,Unchanged
997,0.099157556896093,Downregulated
998,0,Unchanged
999,44.4755735606574,Upregulated
1000,2.38620690232432e-07,Unchanged
1001,2.28406050175174,Upregulated
1002,0,Unchanged
1003,0,Unchanged
1004,0.806720653009375,Unchanged
1005,0,Unchanged
1006,1.04115215429859,Unchanged
1007,4.43954745088755,Upregulated
1008,0,Unchanged
1009,139170130.047138,Unchanged
1010,2679313.15477241,Unchanged
1011,416688451.817136,Unchanged
1012,21243373.1836705,Unchanged
1013,0,Unchanged
1014,0,Unchanged
1015,0,Unchanged
1016,0,Unchanged
1017,2.17421780019929,Upregulated
1018,0,Unchanged
1019,0,Unchanged
1020,0,Unchanged
1021,0,Unchanged
1022,0,Unchanged
1023,0,Unchanged
1024,0,Unchanged
1025,0,Unchanged
1026,0,Unchanged
1027,0,Unchanged
1028,0,Unchanged
1029,0,Unchanged
1030,0,Unchanged
1031,0,Unchanged
1032,0,Unchanged
1033,0,Unchanged
1034,2.38404182778022e-07,Unchanged
1035,0,Unchanged
1036,9.5069479635874,Upregulated
1037,50.025251629464,Upregulated
1038,0,Unchanged
1039,0,Unchanged
1040,98.8960376933178,Upregulated
1041,100.956216412802,Upregulated
1042,0,Unchanged
1043,49.6592787195694,Upregulated
1044,0,Unchanged
1045,16.1167613370347,Upregulated
1046,0.580835361360227,Unchanged
1047,0,Unchanged
1048,0.684354058567478,Unchanged
1049,14.0441351283464,Upregulated
1050,24.3635536603114,Upregulated
1051,6.88081035496946e-07,Unchanged
1052,1.59533088753233,Unchanged
1053,0,Unchanged
1054,0,Unchanged
1055,0.596633132680736,Unchanged
1056,6.04884661477708e-06,Unchanged
1057,1.3629125525223,Unchanged
1058,1.73733334531079e-07,Unchanged
1059,8.35936893930889e-06,Unchanged
1060,0,Unchanged
1061,3.22982785817736e-06,Unchanged
1062,30.5351188544234,Upregulated
1063,0,Unchanged
1064,0,Unchanged
1065,7.67870581025453,Upregulated
1066,192.929619516763,Upregulated
1067,2.91776625468643e-07,Unchanged
1068,9.7762535905154,Upregulated
1069,1.01663270881933,Unchanged
1070,276.302710993402,Upregulated
1071,18.9638932246409,Upregulated
1072,2.25359619117119,Upregulated
1073,27.0383723960626,Upregulated
1074,79452857.6224907,Unchanged
1075,0,Unchanged
1076,2.59047085979325e-07,Unchanged
1077,2.53170143280197,Upregulated
1078,0,Unchanged
1079,19.309431780797,Upregulated
1080,0,Unchanged
1081,7.07152498958067e-07,Unchanged
1082,5.93367993204027,Upregulated
1083,0,Unchanged
1084,1.22946612972359e-06,Unchanged
1085,2.4902492629758,Upregulated
1086,0.759266783468537,Unchanged
1087,1.25602700138246,Unchanged
1088,1.47169506882117e-06,Unchanged
1089,0,Unchanged
1090,0,Unchanged
1091,1.20769807587887,Unchanged
1092,56992420.1913887,Unchanged
1093,15042423.3017341,Unchanged
1094,11221998.2763596,Unchanged
1095,1.47820412820433,Unchanged
1096,0,Unchanged
1097,0.5,Downregulated
1098,0,Unchanged
1099,50.7555631131902,Upregulated
1100,0,Unchanged
1101,0,Unchanged
1102,8172912.96136921,Unchanged
1103,0,Unchanged
1104,0,Unchanged
1105,2.53170198827605,Upregulated
1106,0,Unchanged
1107,0,Unchanged
1108,0,Unchanged
1109,7.1661478116699,Upregulated
1110,0.631278108892062,Unchanged
1111,0,Unchanged
1112,0,Unchanged
1113,0.115953897469395,Downregulated
1114,0.155065422513523,Downregulated
1115,0.0196309067585735,Downregulated
1116,0,Unchanged
1117,0.0107163889896136,Downregulated
1118,0,Unchanged
1119,0.331033029660698,Downregulated
1120,0.0768945004269062,Downregulated
1121,0,Unchanged
1122,0.380632981842408,Downregulated
1123,0.146808838525067,Downregulated
1124,0.0655046301406704,Downregulated
1125,0.0179828705941287,Downregulated
1126,0.146808838525067,Downregulated
1127,5.43927966525811e-08,Unchanged
1128,5.43927876887883e-08,Unchanged
1129,0,Unchanged
1130,0.683648123662771,Unchanged
1131,2.44259574052839,Upregulated
1132,0.206945567074581,Downregulated
1133,2.15799709152649,Upregulated
1134,1.39467072517948,Unchanged
1135,0.721068560043861,Unchanged
1136,0.0732633689363303,Downregulated
1137,0.0583171963964558,Downregulated
1138,0,Unchanged
1139,0,Unchanged
1140,0,Unchanged
1141,0,Unchanged
1142,0,Unchanged
1143,0,Unchanged
1144,0.12431720382124,Downregulated
1145,0,Unchanged
1146,0,Unchanged
1147,0,Unchanged
1148,0.0393646615678525,Downregulated
1149,0,Unchanged
1150,0,Unchanged
1151,0.024318589272989,Downregulated
1152,0.0583171963964558,Downregulated
1153,0,Unchanged
1154,0,Unchanged
1155,0.000799438091305422,Unchanged
1156,0.210317610687956,Downregulated
1157,0.112173644802197,Downregulated
1158,0.0282139352227324,Downregulated
1159,0.088761707478186,Downregulated
1160,0.0255534543617382,Downregulated
1161,0.124317182860727,Downregulated
1162,0.368184753744144,Downregulated
1163,1.79647645437313,Unchanged
1164,0.272853185977916,Downregulated
1165,-1724930487.375,Unchanged
1166,0.268180933644385,Downregulated
1167,-1831089856.7449,Unchanged
1168,0,Unchanged
1169,0,Unchanged
1170,0,Unchanged
1171,603895.75472356,Unchanged
1172,1.39408706882446,Unchanged
1173,10654534.9655758,Unchanged
1174,0,Unchanged
1175,0,Unchanged
1176,0,Unchanged
1177,10794759.1875002,Unchanged
1178,10794759.1875002,Unchanged
1179,0,Unchanged
1180,297880819.438592,Unchanged
1181,139170201.743026,Unchanged
1182,0,Unchanged
1183,0,Unchanged
1184,0,Unchanged
1185,0,Unchanged
1186,0,Unchanged
1187,0.686373230859024,Unchanged
1188,0,Unchanged
1189,0,Unchanged
1190,10.2065309458517,Upregulated
1191,1088309.00282367,Unchanged
1192,0.0713633777762155,Downregulated
1193,0,Unchanged
1194,0,Unchanged
1195,5.23195710504081e-07,Unchanged
1196,0,Unchanged
1197,21.944475696859,Upregulated
1198,8.11728843973319,Upregulated
1199,2.16698373177187,Upregulated
1200,0,Unchanged
1201,0,Unchanged
1202,0,Unchanged
1203,2.59414298521692,Upregulated
1204,0,Unchanged
1205,1.2960965127079,Unchanged
1206,0.23112152888207,Downregulated
1207,0,Unchanged
1208,2.59651200859447e-07,Unchanged
1209,0,Unchanged
1210,0.669121623565291,Unchanged
1211,0,Unchanged
1212,19.4784258926565,Upregulated
1213,33149511.6017789,Unchanged
1214,0,Unchanged
1215,0,Unchanged
1216,1.47734248821507e-07,Unchanged
1217,1.49062326656235e-07,Unchanged
1218,102811887.479581,Unchanged
1219,1.66976902470749,Unchanged
1220,0,Unchanged
1221,0.793073729014905,Unchanged
1222,142736.885693295,Unchanged
1223,1.29262722607275e-06,Unchanged
1224,0,Unchanged
1225,2983154.11257598,Unchanged
1226,7.34297888518005,Upregulated
1227,21243375.3833597,Unchanged
1228,21243365.6297688,Unchanged
1229,21153005.2411457,Unchanged
1230,5824502.43681965,Unchanged
1231,21243374.9953678,Unchanged
1232,21243369.201144,Unchanged
1233,3168808.08113744,Unchanged
1234,4.78983216780648,Upregulated
1235,10621687.6916798,Unchanged
1236,13256952.3188939,Unchanged
1237,2.52093124116316,Upregulated
1238,2912251.21840983,Unchanged
1239,10621687.4976839,Unchanged
1240,10621684.6062725,Unchanged
1241,1584404.04056872,Unchanged
1242,10621688.3225675,Unchanged
1243,10621682.8148844,Unchanged
1244,3.92285307994202,Upregulated
1245,5.77374040078412e-06,Unchanged
1246,1.09888454335527e-08,Unchanged
1247,14362428.078968,Unchanged
1248,4.26287456838683,Upregulated
1249,0.0129317435624595,Downregulated
1250,2.53170147539261,Upregulated
1251,1854.38223165107,Upregulated
1252,0,Unchanged
1253,61563619.1608608,Unchanged
1254,0.00865032903310386,Unchanged
1255,0.13360908422115,Downregulated
1256,0,Unchanged
1257,0,Unchanged
1258,322222842.354992,Unchanged
1259,0,Unchanged
1260,0,Unchanged
1261,0,Unchanged
1262,1.71434310977991,Unchanged
1263,0,Unchanged
1264,0,Unchanged
1265,1.37694096905386,Unchanged
1266,0.650905355756618,Unchanged
1267,1.16818156193875,Unchanged
1268,0.964728741001835,Unchanged
1269,0.964517619803103,Unchanged
1270,1.70500459353307,Unchanged
1271,1.33762398990827,Unchanged
1272,1.18489757346203e-06,Unchanged
1273,7.05559751659801e-07,Unchanged
1274,0,Unchanged
1275,1.1606015630447e-07,Unchanged
1276,1.15713000567222e-06,Unchanged
1277,0.332001210197917,Downregulated
1278,1.54222541724441,Unchanged
1279,0,Unchanged
1280,0.350965810398201,Downregulated
1281,186.972365242375,Upregulated
1282,0,Unchanged
1283,21243381.5046546,Unchanged
1284,0,Unchanged
1285,0,Unchanged
1286,0,Unchanged
1287,0,Unchanged
1288,0,Unchanged
1289,0,Unchanged
1290,0,Unchanged
1291,0,Unchanged
1292,0,Unchanged
1293,0,Unchanged
1294,0,Unchanged
1295,0,Unchanged
1296,1.22129774560165e-09,Unchanged
1297,1.15827850339619e-06,Unchanged
1298,5.68217034558671e-07,Unchanged
1299,0,Unchanged
1300,0,Unchanged
1301,2.38352043766099e-07,Unchanged
1302,4.0719776133263e-06,Unchanged
1303,3.15605894283995e-07,Unchanged
1304,0,Unchanged
1305,0,Unchanged
1306,2.21470648153928e-06,Unchanged
1307,4.01283239048378e-05,Unchanged
1308,1.03584744020502e-07,Unchanged
1309,1.94833058214502e-08,Unchanged
1310,4.66302653876483e-07,Unchanged
1311,7.03216465126388e-07,Unchanged
1312,1.94833058214502e-08,Unchanged
1313,1.94833035783989e-08,Unchanged
1314,0,Unchanged
1315,1.76766231675174e-07,Unchanged
1316,2.89371932876747e-06,Unchanged
1317,0,Unchanged
1318,3.81354988655858e-06,Unchanged
1319,2.89371938592353e-06,Unchanged
1320,0,Unchanged
1321,2.38352094129368e-07,Unchanged
1322,8.43371743712851e-08,Unchanged
1323,5.82581146487016e-07,Unchanged
1324,4.20907247317359e-07,Unchanged
1325,9.06692460080194e-06,Unchanged
1326,0,Unchanged
1327,6.35723965501711e-07,Unchanged
1328,0.0729839901139167,Downregulated
1329,9.50912149505712e-07,Unchanged
1330,0,Unchanged
1331,4.20907247317359e-07,Unchanged
1332,3.88585534409458e-07,Unchanged
1333,0.352179391011304,Downregulated
1334,0,Unchanged
1335,9.50912149505712e-07,Unchanged
1336,0,Unchanged
1337,0,Unchanged
1338,2.5378676884813e-07,Unchanged
1339,1.00000002876748,Unchanged
1340,1.2865724769346,Unchanged
1341,0.897755189138893,Unchanged
1342,1.43595595486444e-07,Unchanged
1343,1.00000025458534,Unchanged
1344,0,Unchanged
1345,0,Unchanged
1346,5.67402737516431e-07,Unchanged
1347,0,Unchanged
1348,1.02522044761599e-06,Unchanged
1349,0.217834898937077,Downregulated
1350,0,Unchanged
1351,1.99784256068369e-07,Unchanged
1352,0,Unchanged
1353,0,Unchanged
1354,3.88670551501491e-07,Unchanged
1355,0.204008622381294,Downregulated
1356,2.52335053770044e-07,Unchanged
1357,0,Unchanged
1358,1.19971594180583e-05,Unchanged
1359,3.97910350869779e-07,Unchanged
1360,1,Unchanged
1361,5.67402737516431e-07,Unchanged
1362,5.67402842875708e-07,Unchanged
1363,1.99784256068369e-07,Unchanged
1364,0.171057096874205,Downregulated
1365,0.171057096457274,Downregulated
1366,0.171057096462316,Downregulated
1367,0.171057096866977,Downregulated
1368,4.01336852632994e-07,Unchanged
1369,0,Unchanged
1370,1.33441973594017e-06,Unchanged
1371,9.19731417511116e-07,Unchanged
1372,0,Unchanged
1373,4.42851831621738e-07,Unchanged
1374,1.99784256068369e-07,Unchanged
1375,0.897755187006205,Unchanged
1376,0,Unchanged
1377,0,Unchanged
1378,0,Unchanged
1379,0.0729839901139167,Downregulated
1380,1.00000063572407,Unchanged
1381,0,Unchanged
1382,2.2865500699254e-07,Unchanged
1383,1.24978946346044e-06,Unchanged
1384,2.01186889668747e-07,Unchanged
1385,2.01186889668747e-07,Unchanged
1386,2.38351943607995e-07,Unchanged
1387,2.36076210732108e-05,Unchanged
1388,2.33242544938976e-07,Unchanged
1389,1.2181951629664e-09,Unchanged
1390,1.22046748618487e-09,Unchanged
1391,1.69924091848905e-06,Unchanged
1392,6.79619994435257e-05,Unchanged
1393,7.03807999400397e-07,Unchanged
1394,1.88243271190913e-06,Unchanged
1395,2.89372012298372e-06,Unchanged
1396,0,Unchanged
1397,1.23328582948901e-06,Unchanged
1398,1.00000025458534,Unchanged
1399,4.42851831621738e-07,Unchanged
1400,1.00000023835204,Unchanged
1401,1.33005906896411e-07,Unchanged
1402,2.01186889668747e-07,Unchanged
1403,2.8615110568353e-07,Unchanged
1404,0,Unchanged
1405,0,Unchanged
1406,9.19731417511116e-07,Unchanged
1407,2.01186889668747e-07,Unchanged
1408,0.0664690428791465,Downregulated
1409,0,Unchanged
1410,1.00000002876748,Unchanged
1411,2.38352088274496e-07,Unchanged
1412,8.43371743712851e-08,Unchanged
1413,3.88585473018566e-07,Unchanged
1414,8.43371743712851e-08,Unchanged
1415,5.51242500852321e-07,Unchanged
1416,2.01186889668747e-07,Unchanged
1417,1.43595595486444e-07,Unchanged
1418,4.01336852632994e-07,Unchanged
1419,6.0201326467535e-07,Unchanged
1420,0,Unchanged
1421,0,Unchanged
1422,0,Unchanged
1423,1,Unchanged
1424,0,Unchanged
1425,0,Unchanged
1426,0,Unchanged
1427,1.00002953106559,Unchanged
1428,1.00000281309922,Unchanged
1429,0,Unchanged
1430,0,Unchanged
1431,0,Unchanged
1432,1.23328580025372e-06,Unchanged
1433,1.000036185037,Unchanged
1434,0,Unchanged
1435,0,Unchanged
1436,5.20464142741069e-07,Unchanged
1437,2.95310696164961e-05,Unchanged
1438,2.81309826635834e-06,Unchanged
1439,5.51749526430333e-08,Unchanged
1440,3.99932068621496e-05,Unchanged
1441,1,Unchanged
1442,1.00000906691634,Unchanged
1443,0,Unchanged
1444,4.415016680784e-07,Unchanged
1445,0,Unchanged
1446,2.81309922766582e-06,Unchanged
1447,0,Unchanged
1448,2.81309922766582e-06,Unchanged
1449,0,Unchanged
1450,2.81309922766582e-06,Unchanged
1451,0,Unchanged
1452,2.81309922766582e-06,Unchanged
1453,0,Unchanged
1454,2.81309826635834e-06,Unchanged
1455,2.9525932028406e-05,Unchanged
1456,1.00002953106559,Unchanged
1457,2.81309892758941e-06,Unchanged
1458,1.00002953106901,Unchanged
1459,2.81309892758941e-06,Unchanged
1460,0,Unchanged
1461,0,Unchanged
1462,0,Unchanged
1463,0.204008622381294,Downregulated
1464,0.204008622381294,Downregulated
1465,0,Unchanged
1466,9.06493711818257e-06,Unchanged
1467,4.41501753300599e-07,Unchanged
1468,4.41501753300599e-07,Unchanged
1469,3.9394541595148e-06,Unchanged
1470,2.87674810128813e-08,Unchanged
1471,6.97409671239768e-08,Unchanged
1472,0,Unchanged
1473,0,Unchanged
1474,1.69924091848905e-06,Unchanged
1475,1.69924091848905e-06,Unchanged
1476,2.95305649969464e-05,Unchanged
1477,1.43595595486444e-07,Unchanged
1478,1.7395388229545e-05,Unchanged
1479,0,Unchanged
1480,4.14402603965414e-07,Unchanged
1481,8.1440245480735e-10,Unchanged
1482,0,Unchanged
1483,0,Unchanged
1484,0,Unchanged
1485,0,Unchanged
1486,0,Unchanged
1487,0,Unchanged
1488,0,Unchanged
1489,0,Unchanged
1490,0,Unchanged
1491,0,Unchanged
1492,1.42434992081597,Unchanged
1493,3.97910300648618e-07,Unchanged
1494,5.82581275353711e-07,Unchanged
1495,1.19202100194116e-07,Unchanged
1496,5.17927836410692e-07,Unchanged
1497,8.28805325085114e-07,Unchanged
1498,1.41361789677268,Unchanged
1499,2.5378679009691e-07,Unchanged
1500,1.22816400141446e-07,Unchanged
1501,0,Unchanged
1502,0,Unchanged
1503,0,Unchanged
1504,1.99784256068369e-07,Unchanged
1505,0,Unchanged
1506,0,Unchanged
1507,1.24038238709545e-07,Unchanged
1508,1.72604878684979e-07,Unchanged
1509,1.23328582948901e-06,Unchanged
1510,8.43371743712851e-08,Unchanged
1511,1.00000016265693,Unchanged
1512,5.63920256905881e-07,Unchanged
1513,5.63920256922756e-07,Unchanged
1514,9.34783232338532e-07,Unchanged
1515,1.99831028612318,Unchanged
1516,1.24978946346044e-06,Unchanged
1517,2.2865500699254e-07,Unchanged
1518,1.7395388229545e-05,Unchanged
1519,2.95468525052911e-07,Unchanged
1520,0,Unchanged
1521,0.01,Downregulated
1522,8.28805325085114e-07,Unchanged
1523,0,Unchanged
1524,6.39688931642013e-07,Unchanged
1525,2.87674830949707e-08,Unchanged
1526,0,Unchanged
1527,7.45517068578749e-06,Unchanged
1528,1.05468956128334e-05,Unchanged
1529,4.84236022333562e-06,Unchanged
1530,6.16642574637893e-07,Unchanged
1531,1.01000025378693,Unchanged
1532,3.97910350869779e-07,Unchanged
1533,3.97910363602705e-07,Unchanged
1534,3.97910252471156e-07,Unchanged
1535,4.85862674734605e-07,Unchanged
1536,3.97910331400908e-07,Unchanged
1537,3.97910212598163e-07,Unchanged
1538,5.33929208612172e-07,Unchanged
1539,3.97910346479513e-07,Unchanged
1540,3.97910350869779e-07,Unchanged
1541,3.97910363602705e-07,Unchanged
1542,3.97910252471156e-07,Unchanged
1543,4.85862674734605e-07,Unchanged
1544,3.97910331400908e-07,Unchanged
1545,3.97910212598163e-07,Unchanged
1546,5.33929208612172e-07,Unchanged
1547,3.97910346479513e-07,Unchanged
1548,3.97910363602705e-07,Unchanged
1549,3.50303735785928e-07,Unchanged
1550,0,Unchanged
1551,7.74854950805093e-07,Unchanged
1552,6.21697395899901e-07,Unchanged
1553,3.97910331400908e-07,Unchanged
1554,3.99180329850424e-07,Unchanged
1555,1.56330158196027e-06,Unchanged
1556,3.97910346479513e-07,Unchanged
1557,0,Unchanged
1558,3.90573937021707e-07,Unchanged
1559,3.90573937021707e-07,Unchanged
1560,0,Unchanged
1561,0,Unchanged
1562,2.87674807735172e-08,Unchanged
1563,3.97340231046428e-08,Unchanged
1564,8.91412663206183e-08,Unchanged
1565,7.03961990723201e-07,Unchanged
1566,0,Unchanged
1567,1.49057912040368,Unchanged
1568,0,Unchanged
1569,0,Unchanged
1570,2.81309922766582e-06,Unchanged
1571,2.81309922766582e-06,Unchanged
1572,2.81309826635834e-06,Unchanged
1573,1.22868301741619e-06,Unchanged
1574,1.19945247197109e-05,Unchanged
1575,1.1997149004543e-05,Unchanged
1576,1.19971484484438e-05,Unchanged
1577,1.19971456211943e-05,Unchanged
1578,1.19945298116306e-05,Unchanged
1579,0,Unchanged
1580,1.12136282655229e-06,Unchanged
1581,8.13235107699484e-10,Unchanged
1582,3.22072329822731e-06,Unchanged
1583,3.13222093988319e-06,Unchanged
1584,0,Unchanged
1585,0,Unchanged
1586,0,Unchanged
1587,66.9640526310132,Upregulated
1588,0,Unchanged
1589,79432961.4135984,Unchanged
1590,12927013.3231208,Unchanged
1591,0,Unchanged
1592,0,Unchanged
1593,0,Unchanged
1594,0,Unchanged
1595,0,Unchanged
1596,0,Unchanged
1597,0,Unchanged
1598,0,Unchanged
1599,0,Unchanged
1600,0,Unchanged
1601,745788.064522279,Unchanged
1602,745788.098889199,Unchanged
1603,745788.123170521,Unchanged
1604,745788.026551104,Unchanged
1605,745788.064237732,Unchanged
1606,745788.048050187,Unchanged
1607,745787.976344428,Unchanged
1608,745788.295740259,Unchanged
1609,745788.111093092,Unchanged
1610,745788.016971367,Unchanged
1611,745788.177360872,Unchanged
1612,0,Unchanged
1613,0,Unchanged
1614,21472066.8402456,Unchanged
1615,9091524.87974007,Unchanged
1616,0,Unchanged
1617,0,Unchanged
1618,23509763.6267308,Unchanged
1619,0,Unchanged
1620,39886163.1296393,Unchanged
1621,39726428.8112453,Unchanged
1622,0,Unchanged
1623,0,Unchanged
1624,1584404.00917558,Unchanged
1625,10621690.7523273,Unchanged
1626,0,Unchanged
1627,0,Unchanged
1628,0,Unchanged
1629,0,Unchanged
1630,42272.1091315294,Unchanged
1631,0,Unchanged
1632,0,Unchanged
1633,13994951.0361815,Unchanged
1634,0,Unchanged
1635,8929392.18982089,Unchanged
1636,8929392.18982089,Unchanged
1637,8929392.18982089,Unchanged
1638,8929392.18982089,Unchanged
1639,8929391.16550862,Unchanged
1640,8929391.16550862,Unchanged
1641,8929391.16550862,Unchanged
1642,20591827.8757972,Unchanged
1643,20591827.8757972,Unchanged
1644,20591827.8757972,Unchanged
1645,10621688.1919008,Unchanged
1646,0,Unchanged
1647,0,Unchanged
1648,23014281.3440553,Unchanged
1649,24585955.563812,Unchanged
1650,0,Unchanged
1651,39716482.4104294,Unchanged
1652,6009251.11844279,Unchanged
1653,0,Unchanged
1654,0,Unchanged
1655,39716482.4104294,Unchanged
1656,13994951.0361815,Unchanged
1657,0,Unchanged
1658,13994951.0361815,Unchanged
1659,0,Unchanged
1660,0,Unchanged
1661,14307182.0388665,Unchanged
1662,0,Unchanged
1663,12643605.5292104,Unchanged
1664,14307182.0388665,Unchanged
1665,0,Unchanged
1666,14307182.0388665,Unchanged
1667,12643607.4120438,Unchanged
1668,14307182.0388665,Unchanged
1669,13994951.0361815,Unchanged
1670,0,Unchanged
1671,12643607.4120438,Unchanged
1672,14307182.0388665,Unchanged
1673,0,Unchanged
1674,14307182.0388665,Unchanged
1675,12643605.5292104,Unchanged
1676,14307182.0388665,Unchanged
1677,5983686.79212245,Unchanged
1678,13994951.0361815,Unchanged
1679,0,Unchanged
1680,12643607.4120438,Unchanged
1681,14307182.0388665,Unchanged
1682,0,Unchanged
1683,14307182.0388665,Unchanged
1684,12643605.5292104,Unchanged
1685,14307182.0388665,Unchanged
1686,0,Unchanged
1687,14307182.0388665,Unchanged
1688,0,Unchanged
1689,0,Unchanged
1690,0,Unchanged
1691,10794759.4964407,Unchanged
1692,12286335.9853288,Unchanged
1693,41066987.5684421,Unchanged
1694,331527.72215606,Unchanged
1695,0,Unchanged
1696,119658480.436098,Unchanged
1697,39886165.752183,Unchanged
1698,0,Unchanged
1699,680204.395690331,Unchanged
1700,40393789.8328014,Unchanged
1701,324060829.391254,Unchanged
1702,722150.512892505,Unchanged
1703,0,Unchanged
1704,0,Unchanged
1705,0,Unchanged
1706,0,Unchanged
1707,0,Unchanged
1708,10621687.0672054,Unchanged
1709,11319117.0906759,Unchanged
1710,0,Unchanged
1711,61421470.6301857,Unchanged
1712,9377386.06140229,Unchanged
1713,0,Unchanged
1714,7521211.65086707,Unchanged
1715,26166654.1344672,Unchanged
1716,0,Unchanged
1717,6009251.11844279,Unchanged
1718,32761739.0276265,Unchanged
1719,10389459.4778083,Unchanged
1720,12767160.8392622,Unchanged
1721,12767160.8392622,Unchanged
1722,12767160.8392622,Unchanged
1723,12767160.8392622,Unchanged
1724,12767160.8392622,Unchanged
1725,12767160.8392622,Unchanged
1726,12767160.8392622,Unchanged
1727,12643605.6271177,Unchanged
1728,12767160.8392622,Unchanged
1729,12767160.8392622,Unchanged
1730,12767160.8392622,Unchanged
1731,12767160.8392622,Unchanged
1732,12767160.8392622,Unchanged
1733,0,Unchanged
1734,2.97780016578497,Upregulated
1735,2.97780016578497,Upregulated
1736,2.97780016578497,Upregulated
1737,0,Unchanged
1738,0,Unchanged
1739,2.97780016578497,Upregulated
1740,2.97780016578497,Upregulated
1741,2.97780016578497,Upregulated
1742,0,Unchanged
1743,45246328.9614193,Unchanged
1744,0,Unchanged
1745,45960599.4033127,Unchanged
1746,45246328.9614193,Unchanged
1747,0,Unchanged
1748,0,Unchanged
1749,9377386.06140229,Unchanged
1750,882264.36632212,Unchanged
1751,8929390.25903778,Unchanged
1752,8929390.25903778,Unchanged
1753,8929391.04402651,Unchanged
1754,8929391.04402651,Unchanged
1755,8929391.04402651,Unchanged
1756,8929391.04402651,Unchanged
1757,10621688.5189683,Unchanged
1758,11497115.7611877,Unchanged
1759,11497115.7611877,Unchanged
1760,11497115.7611877,Unchanged
1761,11497115.7611877,Unchanged
1762,10373911.6668324,Unchanged
1763,0,Unchanged
1764,324060829.391254,Unchanged
1765,10621687.8616267,Unchanged
1766,8929390.91622912,Unchanged
1767,8929390.91622912,Unchanged
1768,8929390.91622912,Unchanged
1769,20180414.1889804,Unchanged
1770,10621687.2106982,Unchanged
1771,6359458.37192225,Unchanged
1772,6359458.37192225,Unchanged
1773,6359458.37192225,Unchanged
1774,6359458.37192225,Unchanged
1775,35675126.1160085,Unchanged
1776,35675126.1160085,Unchanged
1777,35675126.1160085,Unchanged
1778,35675126.1160085,Unchanged
1779,17309224.6143626,Unchanged
1780,17309224.6143626,Unchanged
1781,17309224.6143626,Unchanged
1782,17309224.6143626,Unchanged
1783,17309227.8009149,Unchanged
1784,17309224.5025815,Unchanged
1785,17309224.5025815,Unchanged
1786,17309227.8009149,Unchanged
1787,0,Unchanged
1788,2166451.36620654,Unchanged
1789,8929390.04628542,Unchanged
1790,8863995.26635468,Unchanged
1791,26188587.560834,Unchanged
1792,8929390.04628542,Unchanged
1793,8929390.04628542,Unchanged
1794,8929390.04628542,Unchanged
1795,8863995.26635468,Unchanged
1796,8863995.26635468,Unchanged
1797,8863995.26635468,Unchanged
1798,26188587.560834,Unchanged
1799,26188587.560834,Unchanged
1800,26188587.560834,Unchanged
1801,10576501.7748736,Unchanged
1802,0,Unchanged
1803,0,Unchanged
1804,9008510.01022759,Unchanged
1805,9008510.01022759,Unchanged
1806,9008510.01022759,Unchanged
1807,9008510.01022759,Unchanged
1808,12708799.7053106,Unchanged
1809,10794759.6218716,Unchanged
1810,39886165.752183,Unchanged
1811,0,Unchanged
1812,0,Unchanged
1813,0,Unchanged
1814,0,Unchanged
1815,40393789.8328014,Unchanged
1816,0,Unchanged
1817,40393789.8328014,Unchanged
1818,0,Unchanged
1819,0,Unchanged
1820,0,Unchanged
1821,6463506.66156038,Unchanged
1822,91530211.2184842,Unchanged
1823,90492656.3151126,Unchanged
1824,45246328.9614193,Unchanged
1825,0,Unchanged
1826,2.97780016578497,Upregulated
1827,12643606.3841055,Unchanged
1828,0,Unchanged
1829,0,Unchanged
1830,0,Unchanged
1831,848361832.276589,Unchanged
1832,0,Unchanged
1833,0,Unchanged
1834,0,Unchanged
1835,0,Unchanged
1836,-8.796093022208e+15,Unchanged
1837,0,Unchanged
1838,0,Unchanged
1839,0,Unchanged
1840,0,Unchanged
1841,0,Unchanged
1842,0,Unchanged
1843,0,Unchanged
1844,0,Unchanged
1845,0,Unchanged
1846,0,Unchanged
1847,0,Unchanged
1848,0,Unchanged
1849,0,Unchanged
1850,0,Unchanged
1851,0,Unchanged
1852,0,Unchanged
1853,0,Unchanged
1854,0,Unchanged
1855,0,Unchanged
1856,0,Unchanged
1857,0,Unchanged
1858,0,Unchanged
1859,0,Unchanged
1860,0,Unchanged
1861,0,Unchanged
1862,0,Unchanged
1863,21616972.4632685,Unchanged
1864,0,Unchanged
1865,8043590.8250538,Unchanged
1866,12643600.8850535,Unchanged
1867,2704371.60269425,Unchanged
1868,4387719.94249572,Unchanged
1869,14329342.8713273,Unchanged
1870,12643606.2198249,Unchanged
1871,15454242.3022157,Unchanged
1872,416012.97947006,Unchanged
1873,15454242.3022157,Unchanged
1874,416012.97947006,Unchanged
1875,15454242.3022157,Unchanged
1876,416012.97947006,Unchanged
1877,15454242.3022157,Unchanged
1878,416012.97947006,Unchanged
1879,4387719.89071908,Unchanged
1880,20195066.9103005,Unchanged
1881,1830062.73705491,Unchanged
1882,26188587.560834,Unchanged
1883,33422523.5436203,Unchanged
1884,33422523.5436203,Unchanged
1885,21455019.884458,Unchanged
1886,30908484.6044315,Unchanged
1887,832025.958940119,Unchanged
1888,2.08266267989316,Upregulated
1889,562524.177233098,Unchanged
1890,26191411.3387487,Unchanged
1891,0,Unchanged
1892,33422523.5436203,Unchanged
1893,0,Unchanged
1894,0,Unchanged
1895,25.0816945727355,Upregulated
1896,832025.958940119,Unchanged
1897,38739551.1464792,Unchanged
1898,0,Unchanged
1899,0,Unchanged
1900,0,Unchanged
1901,42910039.768916,Unchanged
1902,66845047.0872406,Unchanged
1903,42910039.768916,Unchanged
1904,66845047.0872406,Unchanged
1905,66845047.0872406,Unchanged
1906,26.4601850037503,Upregulated
1907,19.0594980312669,Upregulated
1908,0.51305178433048,Unchanged
1909,26.4601678016212,Upregulated
1910,19.0594975340517,Upregulated
1911,0.512950871670535,Unchanged
1912,41.2195254609038,Upregulated
1913,19.0594911370189,Upregulated
1914,0.513062945019281,Unchanged
1915,19.0594977158954,Upregulated
1916,0.513062915829274,Unchanged
1917,9377385.92185952,Unchanged
1918,0,Unchanged
1919,3.89694490116175,Upregulated
1920,19369775.5732396,Unchanged
1921,0,Unchanged
1922,0,Unchanged
1923,33422617.5644952,Unchanged
1924,42910039.768916,Unchanged
1925,832025.958940119,Unchanged
1926,66032027.1014826,Unchanged
1927,42910039.768916,Unchanged
1928,15454242.3022157,Unchanged
1929,2.08266267989316,Upregulated
1930,0,Unchanged
1931,8.43367427551,Upregulated
1932,5.03089654727092,Upregulated
1933,38.4693893284949,Upregulated
1934,17.1164992854472,Upregulated
1935,0,Unchanged
1936,0,Unchanged
1937,41.771117767936,Upregulated
1938,27603438.0754283,Unchanged
1939,7.96807074701489,Upregulated
1940,6.33928308024169,Upregulated
1941,6.14940311004465,Upregulated
1942,47246677.4977355,Unchanged
1943,99.5448017201498,Upregulated
1944,30908484.6044315,Unchanged
1945,3.10919094096997,Upregulated
1946,309.100038306446,Upregulated
1947,1.93030791651183,Unchanged
1948,0.0274425573459804,Downregulated
1949,0,Unchanged
1950,0,Unchanged
1951,1.94592988685183,Unchanged
1952,3.55619313634483,Upregulated
1953,0.0957292161783745,Downregulated
1954,3.55619313634483,Upregulated
1955,0.0957292161783745,Downregulated
1956,4.83701913449687,Upregulated
1957,4.45720185528515,Upregulated
1958,1.85092015201848,Unchanged
1959,2.02781023398239,Upregulated
1960,2.02781023398239,Upregulated
1961,2.02781023398239,Upregulated
1962,8.05055159343908,Upregulated
1963,8.45122004153597,Upregulated
1964,3.95257066781476,Upregulated
1965,82.0118427273803,Upregulated
1966,3.16441556196061,Upregulated
1967,0,Unchanged
1968,-1299484453.05,Unchanged
1969,0,Unchanged
1970,0,Unchanged
1971,0,Unchanged
1972,0,Unchanged
1973,0,Unchanged
1974,4.68518155678686,Upregulated
1975,7.77550536727808,Upregulated
1976,0,Unchanged
1977,0,Unchanged
1978,0,Unchanged
1979,0,Unchanged
1980,0,Unchanged
1981,0,Unchanged
1982,0,Unchanged
1983,0,Unchanged
1984,0,Unchanged
1985,0,Unchanged
1986,61.1118737593382,Upregulated
1987,4.29977349372143,Upregulated
1988,167.236319912806,Upregulated
1989,6.76152022313307,Upregulated
1990,0,Unchanged
1991,0,Unchanged
1992,0,Unchanged
1993,0,Unchanged
1994,0,Unchanged
1995,0,Unchanged
1996,73.3586707105962,Upregulated
1997,9.35271727938215,Upregulated
1998,0,Unchanged
1999,2.63378738093774,Upregulated
2000,0,Unchanged
2001,0,Unchanged
2002,0,Unchanged
2003,0,Unchanged
2004,0,Unchanged
2005,6.84637565001882,Upregulated
2006,0.000783931005103344,Unchanged
2007,0,Unchanged
2008,0,Unchanged
2009,2.38875210292638e-07,Unchanged
2010,9.29086400877658e-06,Unchanged
2011,0.16794161265983,Downregulated
2012,1434121.51741488,Unchanged
2013,5163015.60933976,Unchanged
2014,7.84310678011178,Upregulated
2015,5.03588691772214e-07,Unchanged
2016,361078.50637947,Unchanged
2017,0.0253979819933018,Downregulated
2018,0,Unchanged
2019,3.18404918405456e-06,Unchanged
2020,0,Unchanged
2021,0.299646914891141,Downregulated
2022,0.0068294493033839,Unchanged
2023,0.912050656327891,Unchanged
2024,0,Unchanged
2025,0,Unchanged
2026,3.65037785207831e-07,Unchanged
2027,0,Unchanged
2028,0.171931053985409,Downregulated
2029,0,Unchanged
2030,0,Unchanged
2031,0,Unchanged
2032,0,Unchanged
2033,0.0581924781546333,Downregulated
2034,0,Unchanged
2035,0,Unchanged
2036,11953445.0673396,Unchanged
2037,0,Unchanged
2038,0,Unchanged
2039,15.4991847220949,Upregulated
2040,22.6315199899841,Upregulated
2041,79772136.3514038,Unchanged
2042,0,Unchanged
2043,0,Unchanged
2044,16.5289300643131,Upregulated
2045,0,Unchanged
2046,88.3361440069453,Upregulated
2047,46.1992961248621,Upregulated
2048,30.4069527672422,Upregulated
2049,29260434.2510349,Unchanged
2050,0,Unchanged
2051,0,Unchanged
2052,0,Unchanged
2053,1.5271230024995,Unchanged
2054,0.0372786020412851,Downregulated
2055,0.468309387023961,Downregulated
2056,211.909752235531,Upregulated
2057,6.88852347484016,Upregulated
2058,6.88852347484016,Upregulated
2059,0.596983572888134,Unchanged
2060,196.45775667161,Upregulated
2061,18.2228366814755,Upregulated
2062,18.2228369026574,Upregulated
2063,18.2228345740149,Upregulated
2064,20.4602091133326,Upregulated
2065,18.2227361590576,Upregulated
2066,0,Unchanged
2067,0.627570979060215,Unchanged
2068,43.3609934644561,Upregulated
2069,43.3609931539826,Upregulated
2070,11.7593109212916,Upregulated
2071,269.706066849455,Upregulated
2072,18.1024278772215,Upregulated
2073,230.838691978375,Upregulated
2074,461.677375582789,Upregulated
2075,1.9270234640357,Unchanged
2076,3787136.69647275,Unchanged
2077,18462081.0115962,Unchanged
2078,8.06489566902357,Upregulated
2079,572.210872973402,Upregulated
2080,0.342467329704837,Downregulated
2081,1.70768937304231,Unchanged
2082,76.9462415975287,Upregulated
2083,2.27040690017916e-07,Unchanged
2084,2.27040645268011e-07,Unchanged
2085,0,Unchanged
2086,0,Unchanged
2087,0,Unchanged
2088,3.20212549581144,Upregulated
2089,9.73157078232324e-07,Unchanged
2090,1.11715195099252e-07,Unchanged
2091,0.871271711369274,Unchanged
2092,7.08168856142804,Upregulated
2093,0,Unchanged
2094,6.92240427014113,Upregulated
2095,2.21812153993632,Upregulated
2096,0,Unchanged
2097,0.880535422496453,Unchanged
2098,0.569386333943432,Unchanged
2099,32.852368758471,Upregulated
2100,0,Unchanged
2101,6.75425990875904,Upregulated
2102,1.81165277752675,Unchanged
2103,0.0215077121864957,Downregulated
2104,0.329241956296648,Downregulated
2105,0,Unchanged
2106,13.0088969437108,Upregulated
2107,0,Unchanged
2108,0,Unchanged
2109,0.123053183184817,Downregulated
2110,11.7746307299559,Upregulated
2111,0,Unchanged
2112,133.557615201129,Upregulated
2113,0.113531219682413,Downregulated
2114,0,Unchanged
2115,0,Unchanged
2116,0,Unchanged
2117,0.00466962758116802,Unchanged
2118,0,Unchanged
2119,2.40072511257475,Upregulated
2120,0,Unchanged
2121,0,Unchanged
2122,0,Unchanged
2123,0,Unchanged
2124,0,Unchanged
2125,0,Unchanged
2126,0,Unchanged
2127,0,Unchanged
2128,0,Unchanged
2129,0,Unchanged
2130,0,Unchanged
2131,4.27354432653813,Upregulated
2132,0,Unchanged
2133,9.08937102402508e-08,Unchanged
2134,0,Unchanged
2135,0,Unchanged
2136,0,Unchanged
2137,0,Unchanged
2138,0,Unchanged
2139,0,Unchanged
2140,0,Unchanged
2141,0.267775996035225,Downregulated
2142,0.0818751729544687,Downregulated
2143,0,Unchanged
2144,9.17624208828037,Upregulated
2145,0,Unchanged
2146,2.12637724373936,Upregulated
2147,0,Unchanged
2148,0,Unchanged
2149,27.3124437449115,Upregulated
2150,0,Unchanged
2151,11.388612183091,Upregulated
2152,4.44978529014592,Upregulated
2153,0,Unchanged
2154,40.6213386665414,Upregulated
2155,0,Unchanged
2156,0,Unchanged
2157,1.38651225889371,Unchanged
2158,0,Unchanged
2159,0.811557395294677,Unchanged
2160,2.7129909359435,Upregulated
2161,9.56394885930099,Upregulated
2162,15605.3948215562,Upregulated
2163,75424413.965315,Unchanged
2164,0,Unchanged
2165,2.95640825638706,Upregulated
2166,5.9336799331866,Upregulated
2167,164171351.82963,Unchanged
2168,692.51609414913,Upregulated
2169,5.78743402570581e-06,Unchanged
2170,0,Unchanged
2171,0,Unchanged
2172,0,Unchanged
2173,128.185655419329,Upregulated
2174,29.4020181167494,Upregulated
2175,4.35510736777399,Upregulated
2176,1.48860113627579,Unchanged
2177,70090113.2682261,Unchanged
2178,0,Unchanged
2179,0,Unchanged
2180,463.710827916809,Upregulated
2181,0.0504736483857789,Downregulated
2182,0,Unchanged
2183,0,Unchanged
2184,0,Unchanged
2185,0,Unchanged
2186,0,Unchanged
2187,1.59911010922913,Unchanged
2188,3.53582352216078,Upregulated
2189,0,Unchanged
2190,0,Unchanged
2191,69.7997348389801,Upregulated
2192,0,Unchanged
2193,0,Unchanged
2194,0,Unchanged
2195,0,Unchanged
2196,0,Unchanged
2197,0,Unchanged
2198,0,Unchanged
2199,0,Unchanged
2200,0,Unchanged
2201,0,Unchanged
2202,0,Unchanged
2203,0,Unchanged
2204,0,Unchanged
2205,0,Unchanged
2206,0,Unchanged
2207,0,Unchanged
2208,0,Unchanged
2209,67711.7076461295,Unchanged
2210,0,Unchanged
2211,0,Unchanged
2212,0,Unchanged
2213,184.825126877776,Upregulated
2214,99986278.5350312,Unchanged
2215,2341.40972259558,Upregulated
2216,0,Unchanged
2217,0,Unchanged
2218,39887119.5872674,Unchanged
2219,5588306.9023342,Unchanged
2220,73986380.1765153,Unchanged
2221,0,Unchanged
2222,0,Unchanged
2223,3770108.91491836,Unchanged
2224,13.1504867608255,Upregulated
2225,55133932.5876542,Unchanged
2226,0,Unchanged
2227,0.0287208454504895,Downregulated
2228,0,Unchanged
2229,0,Unchanged
2230,6.12571705531006e-07,Unchanged
2231,0,Unchanged
2232,0.0256604125437905,Downregulated
2233,0.286505358088014,Downregulated
2234,36.2571145216357,Upregulated
2235,172254.359732795,Unchanged
2236,0,Unchanged
2237,30.6708013993604,Upregulated
2238,0.307408754315582,Downregulated
2239,0,Unchanged
2240,208.600405266512,Upregulated
2241,18.2917496728412,Upregulated
2242,0,Unchanged
2243,0,Unchanged
2244,1.54244930327153,Unchanged
2245,0.809761305469114,Unchanged
2246,26.0074865600514,Upregulated
2247,2.28054414931961,Upregulated
2248,0,Unchanged
2249,40.5963444735235,Upregulated
2250,1.22559388298395,Unchanged
2251,21.4691612347164,Upregulated
2252,72.3415736102985,Upregulated
2253,335.209997351793,Upregulated
2254,79.7042671698195,Upregulated
2255,132.899527812472,Upregulated
2256,135.384401575168,Upregulated
2257,4.80293950165918e-07,Unchanged
2258,99.4884153026735,Upregulated
2259,8.40368944173941,Upregulated
2260,95.8363449434411,Upregulated
2261,0.809464109942401,Unchanged
2262,0,Unchanged
2263,5081.50338346244,Upregulated
2264,0.331960794707541,Downregulated
2265,16.5289324820058,Upregulated
2266,0.616011581192335,Unchanged
2267,32.9172276153614,Upregulated
2268,0,Unchanged
2269,0,Unchanged
2270,0,Unchanged
2271,35.3911549524257,Upregulated
2272,1.44051472369053,Unchanged
2273,0,Unchanged
2274,19.5343700750408,Upregulated
2275,3.31443210555466e-07,Unchanged
2276,3.55928626174055e-05,Unchanged
2277,0,Unchanged
2278,2.94849803090381,Upregulated
2279,2.15747990050616,Upregulated
2280,0,Unchanged
2281,0,Unchanged
2282,3.33270068563252e-06,Unchanged
2283,0,Unchanged
2284,1.49420311183314,Unchanged
2285,97.6409880132652,Upregulated
2286,102.627546073833,Upregulated
2287,2.00474222763142e-07,Unchanged
2288,0,Unchanged
2289,122.705643956412,Upregulated
2290,5.4093665806287,Upregulated
2291,364.984894438038,Upregulated
2292,2.51264340241983,Upregulated
2293,0,Unchanged
2294,0,Unchanged
2295,0,Unchanged
2296,0,Unchanged
2297,0,Unchanged
2298,0.176376258641406,Downregulated
2299,0,Unchanged
2300,8.23708432943569,Upregulated
2301,0.616011491833771,Unchanged
2302,0,Unchanged
2303,0,Unchanged
2304,9.1068725268649,Upregulated
2305,7.34416514849624,Upregulated
2306,0,Unchanged
2307,10.9277097740995,Upregulated
2308,0,Unchanged
2309,2.26691765588742,Upregulated
2310,0,Unchanged
2311,8.6203626979289,Upregulated
2312,6.85951323081605,Upregulated
2313,0.365678868723306,Downregulated
2314,0.380021024277766,Downregulated
2315,6.37481892153313,Upregulated
2316,0.041234790404398,Downregulated
2317,0.0250631280131538,Downregulated
2318,2.85078366607242,Upregulated
2319,39.7459280660149,Upregulated
2320,39.7459280660149,Upregulated
2321,0,Unchanged
2322,2.52779000902554,Upregulated
2323,2.62693152531012,Upregulated
2324,2.62693152531012,Upregulated
2325,36.6249577903505,Upregulated
2326,2.63549251252627,Upregulated
2327,2.73885818883465,Upregulated
2328,2.63549251252627,Upregulated
2329,2.73885818883465,Upregulated
2330,1.38025230844128,Unchanged
2331,0.793049253199673,Unchanged
2332,11.0567767542696,Upregulated
2333,8.91339353937277,Upregulated
2334,10.818732498976,Upregulated
2335,75.4179655288883,Upregulated
2336,153.96930248681,Upregulated
2337,153.970140914767,Upregulated
2338,24.3113826062177,Upregulated
2339,1755.15899092158,Upregulated
2340,33.7447683815317,Upregulated
2341,31.4029972296624,Upregulated
2342,0,Unchanged
2343,0,Unchanged
2344,8137120.32526697,Unchanged
2345,379.961534229011,Upregulated
2346,97.6623214170408,Upregulated
2347,8.56381239310976,Upregulated
2348,478.520176224582,Upregulated
2349,15.381876603502,Upregulated
2350,97.6623214170408,Upregulated
2351,8.56381239310976,Upregulated
2352,478.415530279877,Upregulated
2353,15.381876603502,Upregulated
2354,13.3343158380839,Upregulated
2355,12.2752240176346,Upregulated
2356,11.9082497877849,Upregulated
2357,0,Unchanged
2358,66.9640473540539,Upregulated
2359,66.9640421919946,Upregulated
2360,66.9640461394517,Upregulated
2361,66.9640461394517,Upregulated
2362,66.9640461394517,Upregulated
2363,66.9636321371784,Upregulated
2364,66.9640453229121,Upregulated
2365,5.40936622495904,Upregulated
2366,0,Unchanged
2367,0,Unchanged
2368,0,Unchanged
2369,0,Unchanged
2370,0,Unchanged
2371,379.886656593054,Upregulated
2372,0,Unchanged
2373,0.033372111341936,Downregulated
2374,12.4314507350591,Upregulated
2375,0,Unchanged
2376,0,Unchanged
2377,0,Unchanged
2378,0,Unchanged
2379,0,Unchanged
2380,0,Unchanged
2381,0,Unchanged
2382,0,Unchanged
2383,0,Unchanged
2384,0,Unchanged
2385,0,Unchanged
2386,0,Unchanged
2387,0,Unchanged
2388,3.15605894283995e-07,Unchanged
2389,0,Unchanged
2390,0,Unchanged
2391,0,Unchanged
2392,0,Unchanged
2393,0,Unchanged
2394,0,Unchanged
2395,3.34309349727846e-07,Unchanged
2396,0,Unchanged
2397,0,Unchanged
2398,9.9611162086776,Upregulated
2399,13.9088494295682,Upregulated
2400,13.9682709693731,Upregulated
2401,13.4653232101422,Upregulated
2402,38.7273323694492,Upregulated
2403,0,Unchanged
2404,49.5867845580142,Upregulated
2405,0,Unchanged
2406,0,Unchanged
2407,1,Unchanged
2408,0,Unchanged
2409,0,Unchanged
2410,10913623.1149049,Unchanged
2411,10576501.3327245,Unchanged
2412,10913622.7564937,Unchanged
2413,10621689.1774624,Unchanged
2414,25353541.9104653,Unchanged
2415,25245689.3049353,Unchanged
2416,32943688.0491265,Unchanged
2417,25353546.4256102,Unchanged
2418,0,Unchanged
2419,0,Unchanged
2420,10577477.7191465,Unchanged
2421,10621688.5117536,Unchanged
2422,41749933.5017492,Unchanged
2423,0.000353469022415542,Unchanged
2424,25353558.0987102,Unchanged
2425,0,Unchanged
2426,14.6399338429668,Upregulated
2427,4.60009753973104e-05,Unchanged
2428,2.62624014880861,Upregulated
2429,21084761.4590284,Unchanged
2430,0,Unchanged
2431,0,Unchanged
2432,0.305559254303405,Downregulated
2433,0.0258405827332457,Downregulated
2434,0.0309107310006996,Downregulated
2435,20.9237617313747,Upregulated
2436,2664999.78157929,Unchanged
2437,0,Unchanged
2438,0,Unchanged
2439,0,Unchanged
2440,0,Unchanged
2441,1053.66049807669,Upregulated
2442,49782024.945921,Unchanged
2443,2981861.68629968,Unchanged
2444,431535.820786147,Unchanged
2445,2.95729396650913,Upregulated
2446,0,Unchanged
2447,962637.154201821,Unchanged
2448,0,Unchanged
2449,13.7692132740828,Upregulated
2450,488.404575198869,Upregulated
2451,0,Unchanged
2452,0.13360904801741,Downregulated
2453,10865545.3591587,Unchanged
2454,7.74958072543242,Upregulated
2455,2.73391470146344,Upregulated
2456,8.37462321867712,Upregulated
2457,31.4480156332538,Upregulated
2458,5757444.09350013,Unchanged
2459,0.133638294526307,Downregulated
2460,8.45422372995183,Upregulated
2461,19.0050513108178,Upregulated
2462,0,Unchanged
2463,491.580906893489,Upregulated
2464,31.7469901529685,Upregulated
2465,39886163.2200719,Unchanged
2466,0.217915530335549,Downregulated
2467,4.78983379503188,Upregulated
2468,79772325.3549533,Unchanged
2469,21153004.2889392,Unchanged
2470,14.2950109001764,Upregulated
2471,797.762510202243,Upregulated
2472,4.10987666688954,Upregulated
2473,21153005.8007062,Unchanged
2474,9.50695039148307,Upregulated
2475,13256959.553382,Unchanged
2476,79772312.6944004,Unchanged
2477,13200562.0443993,Unchanged
2478,4.10987631087847,Upregulated
2479,17.6636573947086,Upregulated
2480,9.50694807251009,Upregulated
2481,10576502.0228606,Unchanged
2482,10576502.0228606,Unchanged
2483,0,Unchanged
2484,0,Unchanged
2485,0.120328122526895,Downregulated
2486,21153005.857934,Unchanged
2487,8.83194951308666,Upregulated
2488,5.23093843787863,Upregulated
2489,0,Unchanged
2490,0,Unchanged
2491,2.73391420847716,Upregulated
2492,3.80430543906005,Upregulated
2493,1.28611246361263,Unchanged
2494,1.28611243046197,Unchanged
2495,3.80430570121266,Upregulated
2496,1.01308669690408,Unchanged
2497,3.80430489349922,Upregulated
2498,4.12833668142896,Upregulated
2499,4.12833668114594,Upregulated
2500,19.0476127998982,Upregulated
2501,0,Unchanged
2502,1.43141216653705,Unchanged
2503,2.37164497477066,Upregulated
2504,124.419819123237,Upregulated
2505,106.528056728174,Upregulated
2506,2.35194906803459,Upregulated
2507,8.83388169463386,Upregulated
2508,2.42172337849963,Upregulated
2509,2.52093127277061,Upregulated
2510,4.75347461611646,Upregulated
2511,0,Unchanged
2512,10060833.741572,Unchanged
2513,422.98830238501,Upregulated
2514,28.0486067280779,Upregulated
2515,0,Unchanged
2516,19270834.197823,Unchanged
2517,5.57534685548416,Upregulated
2518,8.62135600983707,Upregulated
2519,20.3928186258158,Upregulated
2520,21153003.0553629,Unchanged
2521,1.42532287153133,Unchanged
2522,88.3361436063823,Upregulated
2523,3.03940782744916,Upregulated
2524,11.4134695257557,Upregulated
2525,3.86800708290983,Upregulated
2526,10621688.6554469,Unchanged
2527,39886162.5870441,Unchanged
2528,39886162.5870441,Unchanged
2529,10621688.9085635,Unchanged
2530,10621688.9085635,Unchanged
2531,39886162.5870441,Unchanged
2532,10576501.0817818,Unchanged
2533,39886162.5870441,Unchanged
2534,10621689.0544614,Unchanged
2535,5.11885007405689,Upregulated
2536,0,Unchanged
2537,0,Unchanged
2538,0.076612702608829,Downregulated
2539,5.23093836089507,Upregulated
2540,0.453378969240744,Downregulated
2541,3.03940758269103,Upregulated
2542,0,Unchanged
2543,0,Unchanged
2544,11.8361976906086,Upregulated
2545,49.1910271268867,Upregulated
2546,13.0995775384079,Upregulated
2547,1.63112876594238,Unchanged
2548,0,Unchanged
2549,41.9237704295799,Upregulated
2550,1.58642351012792,Unchanged
2551,2.74274032333975,Upregulated
2552,14.0617822149657,Upregulated
2553,49782019.8682109,Unchanged
2554,21243371.522681,Unchanged
2555,0,Unchanged
2556,14.0587072341733,Upregulated
2557,228.120144102579,Upregulated
2558,0,Unchanged
2559,0.133609042850269,Downregulated
2560,53.0272988716346,Upregulated
2561,3168808.1011149,Unchanged
2562,0,Unchanged
2563,0.60176850276164,Unchanged
2564,1.29060597727699,Unchanged
2565,1.50395649109119,Unchanged
2566,50.6274762046261,Upregulated
2567,1746.76174891588,Upregulated
2568,18.0410705418554,Upregulated
2569,124.419880582286,Upregulated
2570,0,Unchanged
2571,4.38293064618883,Upregulated
2572,0,Unchanged
2573,265.368630093628,Upregulated
2574,70.3670710077766,Upregulated
2575,71.014095280628,Upregulated
2576,373.2595493433,Upregulated
2577,926.926696060227,Upregulated
2578,691.805799734293,Upregulated
2579,10.2986557714104,Upregulated
2580,14.0736789969451,Upregulated
2581,0,Unchanged
2582,4646.20026857685,Upregulated
2583,173.522790380388,Upregulated
2584,159418604.457011,Unchanged
2585,315.867196482643,Upregulated
2586,8782.19394027169,Upregulated
2587,457.950544700859,Upregulated
2588,27.6238236821107,Upregulated
2589,0,Unchanged
2590,2018.17305112176,Upregulated
2591,0,Unchanged
2592,70.3243298767255,Upregulated
2593,12.0386494178292,Upregulated
2594,13975495.5206903,Unchanged
2595,1.80897582392141e-05,Unchanged
2596,78.9741835333688,Upregulated
2597,85.9560311898103,Upregulated
2598,17.7929479371612,Upregulated
2599,7.05549532820371,Upregulated
2600,0.0435164500997909,Downregulated
2601,0,Unchanged
2602,393688.072408963,Unchanged
2603,4.1952200658507,Upregulated
2604,0,Unchanged
2605,37.9365240898791,Upregulated
2606,2,Upregulated
2607,18.807867867618,Upregulated
2608,10576623.3880763,Unchanged
2609,30.7361758036707,Upregulated
2610,0.611118533418156,Unchanged
2611,2.53170127537971,Upregulated
2612,2.5317014642539,Upregulated
2613,2.53170106723265,Upregulated
2614,2.33244063527632e-09,Unchanged
2615,0,Unchanged
2616,1.71453741825204,Unchanged
2617,1816915.1711734,Unchanged
2618,0.640371875930532,Unchanged
2619,30.7292765918414,Upregulated
2620,8.80330976296528,Upregulated
2621,4.24641763917267e-07,Unchanged
2622,1.9098050771614,Unchanged
2623,37529741.5967639,Unchanged
2624,59229986.8602271,Unchanged
2625,310.930448330319,Upregulated
2626,17868266.8894364,Unchanged
2627,0,Unchanged
2628,0,Unchanged
2629,348.229807059582,Upregulated
2630,0,Unchanged
2631,14.8232061147027,Upregulated
2632,45960599.4033127,Unchanged
2633,45246328.9614193,Unchanged
2634,3.15552243502349,Upregulated
2635,4.5749295957012,Upregulated
2636,1.47458660535449e-07,Unchanged
2637,57363556.8411008,Unchanged
2638,56472070.9623336,Unchanged
2639,7861886.50978704,Unchanged
2640,0,Unchanged
2641,27.2388848259985,Upregulated
2642,0,Unchanged
2643,0,Unchanged
2644,4.82055547246318e-05,Unchanged
2645,6.16642919680999e-07,Unchanged
2646,0,Unchanged
2647,33.5617574970827,Upregulated
2648,33.5617574970827,Upregulated
2649,0.172126041217515,Downregulated
2650,1444301.02578501,Unchanged
2651,1444301.02578501,Unchanged
2652,1444301.02578501,Unchanged
2653,722150.64858741,Unchanged
2654,1444301.02578501,Unchanged
2655,729372.201293697,Unchanged
2656,1444301.02578501,Unchanged
2657,1444301.02578501,Unchanged
2658,1444301.02578501,Unchanged
2659,0.280617198642934,Downregulated
2660,0.172126066499774,Downregulated
2661,2.13199090575886,Upregulated
2662,1.5031244596955,Unchanged
2663,25.1419672006253,Upregulated
2664,197182.996968201,Unchanged
2665,0.172126040232327,Downregulated
2666,8.29736684450519,Upregulated
2667,1808.2317428721,Upregulated
2668,0,Unchanged
2669,52.7107572158944,Upregulated
2670,55.7043597281632,Upregulated
2671,41.2415366313791,Upregulated
2672,52.6992117809838,Upregulated
2673,0,Unchanged
2674,52.6992108057229,Upregulated
2675,125.925353747748,Upregulated
2676,0,Unchanged
2677,2.51674595703238,Upregulated
2678,7.5997669054089,Upregulated
2679,2.96295796958097,Upregulated
2680,11.4159731487681,Upregulated
2681,10.4767327461363,Upregulated
2682,2.94635268567503,Upregulated
2683,24572671.9706577,Unchanged
2684,7703943.13853061,Unchanged
2685,4.94632772890069,Upregulated
2686,104876.078563712,Unchanged
2687,0,Unchanged
2688,1,Unchanged
2689,0,Unchanged
2690,0,Unchanged
2691,0,Unchanged
2692,0,Unchanged
2693,2.05343249102254,Upregulated
2694,0,Unchanged
2695,357.115086273871,Upregulated
2696,41183655.7515944,Unchanged
2697,0.588854362229373,Unchanged
2698,0.588854362229373,Unchanged
2699,0,Unchanged
2700,24.8855625209968,Upregulated
2701,3.46983246939807,Upregulated
2702,3.46983246939807,Upregulated
2703,17858780.5996579,Unchanged
2704,25.8391612926792,Upregulated
2705,11.3754895568424,Upregulated
2706,1.4521091857279,Unchanged
2707,2.30489595625336,Upregulated
2708,0.709446081581995,Unchanged
2709,3.7553881547435,Upregulated
2710,2.46581437761395,Upregulated
2711,2.09973408041538,Upregulated
2712,61.5574209702017,Upregulated
2713,0.696021247372422,Unchanged
2714,12.9085758797673,Upregulated
2715,2.02120884675068,Upregulated
2716,27.2502910514393,Upregulated
2717,229.832851422725,Upregulated
2718,6.38646547955765,Upregulated
2719,18.4162432508009,Upregulated
2720,13.8054669906354,Upregulated
2721,6.2421043241848,Upregulated
2722,45.3049164833883,Upregulated
2723,414.96943819528,Upregulated
2724,66.0019372696656,Upregulated
2725,1.06416960705159,Unchanged
2726,11.2167561332835,Upregulated
2727,64878316.9524667,Unchanged
2728,64878316.9524667,Unchanged
2729,12.6053878512152,Upregulated
2730,16.0752208402965,Upregulated
2731,69591974.6099486,Unchanged
2732,2.28250767773703,Upregulated
2733,22.7465546106954,Upregulated
2734,9.93637400586429,Upregulated
2735,8472199.21540597,Unchanged
2736,12.0596850906752,Upregulated
2737,5307566.6115595,Unchanged
2738,27.7960779413767,Upregulated
2739,17.1263048639575,Upregulated
2740,0,Unchanged
2741,5.24086051435068,Upregulated
2742,11488307.7431188,Unchanged
2743,9090184.53633421,Unchanged
2744,0,Unchanged
2745,87518.5482073683,Unchanged
2746,84997.7015210834,Unchanged
2747,3.85907029484239,Upregulated
2748,7.71814042149431,Upregulated
2749,7.71983001621362,Upregulated
2750,0,Unchanged
2751,21.2938270418666,Upregulated
2752,2808072.82576592,Unchanged
2753,0.158417760713857,Downregulated
2754,2.14719725369455,Upregulated
2755,6.37489735496709,Upregulated
2756,26745717.8804307,Unchanged
2757,0.0217817786774871,Downregulated
2758,15.8781573212585,Upregulated
2759,38.2631431982559,Upregulated
2760,71350237.1758065,Unchanged
2761,60014239.2728995,Unchanged
2762,71350237.1758065,Unchanged
2763,0,Unchanged
2764,12927013.3231208,Unchanged
2765,3.4698302295572,Upregulated
2766,3.14734800149661,Upregulated
2767,0,Unchanged
2768,3.92526178041855,Upregulated
2769,0,Unchanged
2770,0,Unchanged
2771,12.6624370187649,Upregulated
2772,0,Unchanged
2773,0,Unchanged
2774,0,Unchanged
2775,0,Unchanged
2776,0,Unchanged
2777,0,Unchanged
2778,2.02562338854792,Upregulated
2779,0,Unchanged
2780,0,Unchanged
2781,0,Unchanged
2782,0,Unchanged
2783,1.90003648272486,Unchanged
2784,0,Unchanged
2785,0,Unchanged
2786,0,Unchanged
2787,0,Unchanged
2788,0,Unchanged
2789,0,Unchanged
2790,88.256315226551,Upregulated
2791,0,Unchanged
2792,0,Unchanged
2793,65.032472700928,Upregulated
2794,0,Unchanged
2795,0,Unchanged
2796,0,Unchanged
2797,0,Unchanged
2798,0,Unchanged
2799,0,Unchanged
2800,0,Unchanged
2801,0,Unchanged
2802,0,Unchanged
2803,0,Unchanged
2804,10.5392369255366,Upregulated
2805,0,Unchanged
2806,0,Unchanged
2807,10.0807727896632,Upregulated
2808,12.0570450009441,Upregulated
2809,0,Unchanged
2810,249.964815400489,Upregulated
2811,10.5147391084864,Upregulated
2812,0,Unchanged
2813,0,Unchanged
2814,0,Unchanged
2815,1.06416921576717,Unchanged
2816,0,Unchanged
2817,0,Unchanged
2818,2.10300549161107,Upregulated
2819,2.10615686349857,Upregulated
2820,0,Unchanged
2821,0,Unchanged
2822,9.86027790394486,Upregulated
2823,0,Unchanged
2824,0,Unchanged
2825,0,Unchanged
2826,0,Unchanged
2827,3.01362983532209,Upregulated
2828,0,Unchanged
2829,0,Unchanged
2830,0,Unchanged
2831,6.36770834537008,Upregulated
2832,0,Unchanged
2833,6.37489943334672,Upregulated
2834,6.37489943334672,Upregulated
2835,0,Unchanged
2836,8.50323832386157,Upregulated
2837,8.50323832386157,Upregulated
2838,0,Unchanged
2839,8.16689321329373,Upregulated
2840,3.26806749680046,Upregulated
2841,0,Unchanged
2842,0,Unchanged
2843,0,Unchanged
2844,0,Unchanged
2845,0,Unchanged
2846,0,Unchanged
2847,4.93162860250173,Upregulated
2848,5.76962674422447,Upregulated
2849,0,Unchanged
2850,0,Unchanged
2851,7.71814034947842,Upregulated
2852,7.71814034947842,Upregulated
2853,0,Unchanged
2854,8.50323916661077,Upregulated
2855,8.50324039298096,Upregulated
2856,0,Unchanged
2857,2.15133206181755e-06,Unchanged
2858,0,Unchanged
2859,0,Unchanged
2860,0,Unchanged
2861,0,Unchanged
2862,0,Unchanged
2863,2.53170143376166,Upregulated
2864,0,Unchanged
2865,0,Unchanged
2866,0,Unchanged
2867,0,Unchanged
2868,0,Unchanged
2869,0,Unchanged
2870,0,Unchanged
2871,0,Unchanged
2872,0,Unchanged
2873,21243377.1733241,Unchanged
2874,434.776342584155,Upregulated
2875,21243377.1733241,Unchanged
2876,33.3468902107599,Upregulated
2877,21243377.1733241,Unchanged
2878,2.53225502192389,Upregulated
2879,2.53225502192389,Upregulated
2880,10621688.5866621,Unchanged
2881,1.56660011684636,Unchanged
2882,2.53170160808515,Upregulated
2883,2.79042273072904,Upregulated
2884,10621691.1189175,Unchanged
2885,21243377.1733241,Unchanged
2886,10621688.5866621,Unchanged
2887,2.53225548362242,Upregulated
2888,1.28578053543932,Unchanged
2889,5.70136625088263,Upregulated
2890,5.70136625088263,Upregulated
2891,2.37164539941906,Upregulated
2892,424.888469995172,Upregulated
2893,424.888469995172,Upregulated
2894,1.51586686904217,Unchanged
2895,0.337941821466704,Downregulated
2896,29.0036537620553,Upregulated
2897,10621688.4676636,Unchanged
2898,5.59928828363648,Upregulated
2899,2.35194895027066,Upregulated
2900,2.35194919500002,Upregulated
2901,2.30937609207063,Upregulated
2902,2.30937568494064,Upregulated
2903,424.888389686081,Upregulated
2904,2.29955163116019,Upregulated
2905,2.30937582228303,Upregulated
2906,0.84390057751675,Unchanged
2907,0.84390057751675,Unchanged
2908,0.84390057751675,Unchanged
2909,0.84390057751675,Unchanged
2910,1.14573372957762,Unchanged
2911,37.0538579542817,Upregulated
2912,37.0538260879829,Upregulated
2913,37.0538105002448,Upregulated
2914,1.14573376212426,Unchanged
2915,3.61403382791771,Upregulated
2916,4.12743632626962,Upregulated
2917,5.88818429018906,Upregulated
2918,10.1765081116286,Upregulated
2919,1.83536386598113,Unchanged
2920,2.07130274929172,Upregulated
2921,2.52208821230535,Upregulated
2922,2.52208772335936,Upregulated
2923,2.07130273945861,Upregulated
2924,2.52208772335936,Upregulated
2925,19534357.7753151,Unchanged
2926,2.52208772335936,Upregulated
2927,2.52208821230535,Upregulated
2928,7.59077023798338,Upregulated
2929,7.59077033063236,Upregulated
2930,3.7770356878852,Upregulated
2931,2.52208772335936,Upregulated
2932,2.52208772335936,Upregulated
2933,543157.071964438,Unchanged
2934,2.07175590629473,Upregulated
2935,2.32853647276082,Upregulated
2936,2.05562565760917,Upregulated
2937,3.58245613452009,Upregulated
2938,8775439.79416003,Unchanged
2939,8775439.79416003,Unchanged
2940,8775439.79416003,Unchanged
2941,122001.507257622,Unchanged
2942,0.465246783147739,Downregulated
2943,0.0441220194567147,Downregulated
2944,0.16169539248087,Downregulated
2945,0.141551552994383,Downregulated
2946,0.161608750490412,Downregulated
2947,3.42853155891839,Upregulated
2948,0.935547857848036,Unchanged
2949,0.935547772420468,Unchanged
2950,0.935752450382136,Unchanged
2951,357.39633078561,Upregulated
2952,352.40076719658,Upregulated
2953,1.61561251020909,Unchanged
2954,3.42327817681929,Upregulated
2955,2.7855924704788,Upregulated
2956,0.444347937255629,Downregulated
2957,1.70863746471159,Unchanged
2958,0.888144968328049,Unchanged
2959,6.79988442009109e-07,Unchanged
2960,3.15816633832415e-07,Unchanged
2961,5.95560036578415,Upregulated
2962,1.15713007306472e-06,Unchanged
2963,7.1402026282528e-07,Unchanged
2964,1.37269869452532,Unchanged
2965,1.37269869452532,Unchanged
2966,1.33897116024353,Unchanged
2967,3.46983175326337,Upregulated
2968,47.7898239319593,Upregulated
2969,2.12833877422455,Upregulated
2970,3.46983190389377,Upregulated
2971,3.46983190389377,Upregulated
2972,13.7692138918387,Upregulated
2973,73.4877842748994,Upregulated
2974,23.0316361733153,Upregulated
2975,28.4433820423819,Upregulated
2976,13.7692130938869,Upregulated
2977,22.4479567362661,Upregulated
2978,22.4479567362661,Upregulated
2979,13.7692130938869,Upregulated
2980,13.7692137801911,Upregulated
2981,22.4479576097442,Upregulated
2982,22.4479608508077,Upregulated
2983,13.7692138072821,Upregulated
2984,3.43366926633805,Upregulated
2985,11.0459509595007,Upregulated
2986,2.10661748681171,Upregulated
2987,3.43366870779489,Upregulated
2988,3.34177427572118,Upregulated
2989,2.05023860054711,Upregulated
2990,3.34177531879299,Upregulated
2991,2.04979018422127,Upregulated
2992,2.23725216310541,Upregulated
2993,5.68280477906711,Upregulated
2994,3.48573979534919,Upregulated
2995,3.48573979534919,Upregulated
2996,5.68280477906711,Upregulated
2997,4.03719509812632,Upregulated
2998,2.47634964814642,Upregulated
2999,2.47634964814642,Upregulated
3000,4.03719514707002,Upregulated
3001,3.4698332896833,Upregulated
3002,2.12833913967968,Upregulated
3003,3.46983268338235,Upregulated
3004,3.4698332651927,Upregulated
3005,7.12550858195502,Upregulated
3006,7.12550752736762,Upregulated
3007,4.37067038563299,Upregulated
3008,5.42170825630473,Upregulated
3009,3.72242879144855,Upregulated
3010,0.644592517977941,Unchanged
3011,5.56817551092975,Upregulated
3012,6.24210338335872,Upregulated
3013,10.1765079678577,Upregulated
3014,10.1765079678577,Upregulated
3015,6.24210338335872,Upregulated
3016,6.24210338335872,Upregulated
3017,10.1765079816277,Upregulated
3018,10.1765079816277,Upregulated
3019,6.24210338335872,Upregulated
3020,8.96027190693303,Upregulated
3021,8.96029164343921,Upregulated
3022,6.2421044522086,Upregulated
3023,10.1765053846798,Upregulated
3024,10.1765053846798,Upregulated
3025,6.2421044522086,Upregulated
3026,6.2421044522086,Upregulated
3027,10.17650673414,Upregulated
3028,10.17650673414,Upregulated
3029,6.2421044522086,Upregulated
3030,6.2421044522086,Upregulated
3031,10.17650673414,Upregulated
3032,10.17650673414,Upregulated
3033,6.2421044522086,Upregulated
3034,6.2421044522086,Upregulated
3035,10.1765078684904,Upregulated
3036,10.1765078684904,Upregulated
3037,6.2421044522086,Upregulated
3038,10.1765053303441,Upregulated
3039,6.2421044522086,Upregulated
3040,9.16681972798477,Upregulated
3041,9.13555324754427,Upregulated
3042,5.60360404629324,Upregulated
3043,5.60360038016904,Upregulated
3044,8.58721505194515,Upregulated
3045,12.6053910581669,Upregulated
3046,7.39559480803108,Upregulated
3047,12.624408489358,Upregulated
3048,9.86027952414882,Upregulated
3049,14.3688075830224,Upregulated
3050,14.9337576929177,Upregulated
3051,5.76962670019343,Upregulated
3052,202.014210731392,Upregulated
3053,0,Unchanged
3054,6.92317126910406,Upregulated
3055,158.021601367084,Upregulated
3056,7.4480637002387,Upregulated
3057,10.3812788862362,Upregulated
3058,10.3930025214487,Upregulated
3059,13.8628374844805,Upregulated
3060,8.16867925705253,Upregulated
3061,4.03719387217687,Upregulated
3062,4.03719387217687,Upregulated
3063,2.11974798099806,Upregulated
3064,2.12303154137393,Upregulated
3065,3.46042304506129,Upregulated
3066,3.46042304506129,Upregulated
3067,3.01428861984267,Upregulated
3068,3.01428861984267,Upregulated
3069,4.91312236015664,Upregulated
3070,0,Unchanged
3071,3.01428861984267,Upregulated
3072,3.01428861984267,Upregulated
3073,3.64391667537855,Upregulated
3074,4.12743465057128,Upregulated
3075,2.53225511570998,Upregulated
3076,66.251554819296,Upregulated
3077,66.2515222336621,Upregulated
3078,4.12743538528766,Upregulated
3079,4.12743424596783,Upregulated
3080,4.12743493155218,Upregulated
3081,4.12743467404295,Upregulated
3082,4.12743467404295,Upregulated
3083,4.12743528838208,Upregulated
3084,2.53225538891731,Upregulated
3085,4.12743521230667,Upregulated
3086,4.12743521230667,Upregulated
3087,2.53225538891731,Upregulated
3088,2.53170161517949,Upregulated
3089,4.12743461275999,Upregulated
3090,4.12743461275999,Upregulated
3091,2.53170161517949,Upregulated
3092,2.53170161517949,Upregulated
3093,4.12743528475944,Upregulated
3094,4.12743528475944,Upregulated
3095,2.53170146809677,Upregulated
3096,10621688.5866621,Unchanged
3097,0,Unchanged
3098,14.1211772763886,Upregulated
3099,2.32845262146309,Upregulated
3100,1.13694012337288,Unchanged
3101,1.56918748972571,Unchanged
3102,2.32845262146309,Upregulated
3103,0,Unchanged
3104,1.13694012337288,Unchanged
3105,0.295632272864716,Downregulated
3106,0.780804867574412,Unchanged
3107,0.438084390318832,Downregulated
3108,4.12743478579561,Upregulated
3109,4.12743478579561,Upregulated
3110,4.12743430483306,Upregulated
3111,2.32845275994001,Upregulated
3112,2.32845275994001,Upregulated
3113,29.0036586037262,Upregulated
3114,2.32845267031662,Upregulated
3115,29.0100015138871,Upregulated
3116,0.740766875049765,Unchanged
3117,0.740766743333153,Unchanged
3118,2.53170148621082,Upregulated
3119,10621689.099353,Unchanged
3120,2.53170252752208,Upregulated
3121,1.94793854193432,Unchanged
3122,295338.365775571,Unchanged
3123,0.699491837448524,Unchanged
3124,4.12743320838377,Upregulated
3125,0.699491837448524,Unchanged
3126,4.12743320838377,Upregulated
3127,4.1274346326845,Upregulated
3128,4.1274346326845,Upregulated
3129,4.12743460249584,Upregulated
3130,424.795500791014,Upregulated
3131,2.05374026940851,Upregulated
3132,424.79550235222,Upregulated
3133,4.12743528717453,Upregulated
3134,1.37136990598271,Unchanged
3135,2.05374004491813,Upregulated
3136,4.12743457472228,Upregulated
3137,4.12743457472228,Upregulated
3138,2.05374025186135,Upregulated
3139,1.37137017184413,Unchanged
3140,1.37137017184413,Unchanged
3141,1.37137017184413,Unchanged
3142,4.12743492829122,Upregulated
3143,4.12743533789147,Upregulated
3144,3.51937730882921e-06,Unchanged
3145,33.1330014624525,Upregulated
3146,2.35194919796857,Upregulated
3147,2.35246342048755,Upregulated
3148,61.4723212482034,Upregulated
3149,1.89325401112258,Unchanged
3150,1.89325401112258,Unchanged
3151,1.21603491014658,Unchanged
3152,6.63639871130273,Upregulated
3153,25.5222081986891,Upregulated
3154,7.12526732884036,Upregulated
3155,0,Unchanged
3156,10621689.099353,Unchanged
3157,20468241.7478432,Unchanged
3158,2.29586743393256,Upregulated
3159,1.89325412371752,Unchanged
3160,2.29586743393256,Upregulated
3161,21243377.381037,Unchanged
3162,21243378.198706,Unchanged
3163,1.89325412371752,Unchanged
3164,21243374.4213964,Unchanged
3165,20468244.1329708,Unchanged
3166,27.1538859934615,Upregulated
3167,27.1538966384518,Upregulated
3168,9098363.73715875,Unchanged
3169,153519.039868619,Unchanged
3170,172416.519294127,Unchanged
3171,3.08740909303492,Upregulated
3172,47713618.8322919,Unchanged
3173,5.06168300443975,Upregulated
3174,88.032394572386,Upregulated
3175,1.04420906768445e-07,Unchanged
3176,1.13440324677161,Unchanged
3177,0.132894287503052,Downregulated
3178,0.0306717785156515,Downregulated
3179,12.0440775126457,Upregulated
3180,0.408044626777727,Downregulated
3181,0.408044626777727,Downregulated
3182,2.46494667349356,Upregulated
3183,2.42253363613511,Upregulated
3184,0.0212067815493548,Downregulated
3185,1.04400275219325e-07,Unchanged
3186,0.841436612957783,Unchanged
3187,0.841436612957783,Unchanged
3188,2.46494667349356,Upregulated
3189,2.84354011503984e-08,Unchanged
3190,2704371.24752969,Unchanged
3191,0.180732503264599,Downregulated
3192,2.87047531519955e-08,Unchanged
3193,1.13440319533173,Unchanged
3194,1.13440295099239,Unchanged
3195,1.11231381870283,Unchanged
3196,1.11231377078652,Unchanged
3197,1.11231374430645,Unchanged
3198,5.57744156258256e-08,Unchanged
3199,1.1123135992966,Unchanged
3200,1.11231370773875,Unchanged
3201,0.0373592833955739,Downregulated
3202,0.0373592911048809,Downregulated
3203,0.0373592827283327,Downregulated
3204,0.0373592855106784,Downregulated
3205,0.0195677692470586,Downregulated
3206,0.412809954680597,Downregulated
3207,0,Unchanged
3208,98.9176716001352,Upregulated
3209,6.73535387957551,Upregulated
3210,17.6098143030541,Upregulated
3211,5.4863559344059,Upregulated
3212,2.43487885579208e-06,Unchanged
3213,27.4291191256881,Upregulated
3214,27.4291141505606,Upregulated
3215,27.4231037121325,Upregulated
3216,12.0948206593607,Upregulated
3217,0,Unchanged
3218,0,Unchanged
3219,1.10273481608197,Unchanged
3220,0,Unchanged
3221,0,Unchanged
3222,0,Unchanged
3223,0,Unchanged
3224,0.0726236419287787,Downregulated
3225,0.878048563161744,Unchanged
3226,1.32675023628535,Unchanged
3227,1.13609271916776e-07,Unchanged
3228,0.426300727251572,Downregulated
3229,1.12565456303226e-07,Unchanged
3230,2.68621245705885,Upregulated
3231,1.26320935661244,Unchanged
3232,289.415644984552,Upregulated
3233,15.6409751497446,Upregulated
3234,20.1113870399185,Upregulated
3235,1.59252147285824,Unchanged
3236,0.22292608245589,Downregulated
3237,4.63514740663168,Upregulated
3238,1.432317548916,Unchanged
3239,0,Unchanged
3240,0,Unchanged
3241,0,Unchanged
3242,0,Unchanged
3243,0,Unchanged
3244,0,Unchanged
3245,0,Unchanged
3246,0,Unchanged
3247,0,Unchanged
3248,0,Unchanged
3249,0,Unchanged
3250,6.12154071571466,Upregulated
3251,41067204.7237473,Unchanged
3252,39631771.9732004,Unchanged
3253,39631771.9732004,Unchanged
3254,39886376.6635017,Unchanged
3255,9.31429148591909,Upregulated
3256,9.31428911014732,Upregulated
3257,9.17825020597568,Upregulated
3258,4.79897806084511,Upregulated
3259,4.5013158262987,Upregulated
3260,4.5013158262987,Upregulated
3261,4.5013158262987,Upregulated
3262,4.5013158262987,Upregulated
3263,9.17824840966378,Upregulated
3264,9.17824840966378,Upregulated
3265,9.17824840966378,Upregulated
3266,9.17824840966378,Upregulated
3267,9.17824955675839,Upregulated
3268,9.17824955675839,Upregulated
3269,9.17824955675839,Upregulated
3270,9.17824955675839,Upregulated
3271,2.03478353842294,Upregulated
3272,2.03478353842294,Upregulated
3273,2.03478353842294,Upregulated
3274,2.03478353842294,Upregulated
3275,4424969.38946785,Unchanged
3276,0,Unchanged
3277,0,Unchanged
3278,0,Unchanged
3279,0,Unchanged
3280,0,Unchanged
3281,0,Unchanged
3282,66.9626692817159,Upregulated
3283,0,Unchanged
3284,13.6669047530306,Upregulated
3285,0,Unchanged
3286,0,Unchanged
3287,9.13082062632229,Upregulated
3288,0,Unchanged
3289,0,Unchanged
3290,0,Unchanged
3291,0,Unchanged
3292,0,Unchanged
3293,0,Unchanged
3294,7.73847987627747,Upregulated
3295,0,Unchanged
3296,7.73847987627747,Upregulated
3297,0,Unchanged
3298,4.19854657310081,Upregulated
3299,4.19854657310081,Upregulated
3300,4.19854777252286,Upregulated
3301,0,Unchanged
3302,0,Unchanged
3303,0,Unchanged
3304,0,Unchanged
3305,7.86567894987455,Upregulated
3306,7.86567894987455,Upregulated
3307,7.47730049219965,Upregulated
3308,0,Unchanged
3309,9.17624489286768,Upregulated
3310,0,Unchanged
3311,8.37560384156875,Upregulated
3312,6.09049334448401,Upregulated
3313,0,Unchanged
3314,7.52631929074371,Upregulated
3315,0,Unchanged
3316,7.52631714065901,Upregulated
3317,7.52631929074371,Upregulated
3318,0,Unchanged
3319,8.83194847394211,Upregulated
3320,124.419827928373,Upregulated
3321,0,Unchanged
3322,8.45568780983624,Upregulated
3323,0,Unchanged
3324,0,Unchanged
3325,0,Unchanged
3326,0,Unchanged
3327,0,Unchanged
3328,0,Unchanged
3329,0,Unchanged
3330,0,Unchanged
3331,0,Unchanged
3332,0,Unchanged
3333,0,Unchanged
3334,0,Unchanged
3335,0,Unchanged
3336,0,Unchanged
3337,0,Unchanged
3338,0,Unchanged
3339,0,Unchanged
3340,0,Unchanged
3341,16064023.960411,Unchanged
3342,0.375924407467392,Downregulated
3343,2.75661504715648,Upregulated
3344,0,Unchanged
3345,15.2768477713944,Upregulated
3346,90049.9317113698,Unchanged
3347,0.0280138532931551,Downregulated
3348,169609.679086793,Unchanged
3349,0.000887357248410964,Unchanged
3350,0,Unchanged
3351,4.07858210255903,Upregulated
3352,3.25315656745437,Upregulated
3353,14.9891488069279,Upregulated
3354,0.0311056293801943,Downregulated
3355,0.447437274358206,Downregulated
3356,1.12274804564141,Unchanged
3357,42855066.9844739,Unchanged
3358,3.79332927735185,Upregulated
3359,0,Unchanged
3360,1.9089400201248e-06,Unchanged
3361,179.607977343519,Upregulated
3362,45.5412171266046,Upregulated
3363,170388537.067768,Unchanged
3364,7.84320428030423,Upregulated
3365,9.86719615413709,Upregulated
3366,105.368149935065,Upregulated
3367,0,Unchanged
3368,0,Unchanged
3369,23.7662480498836,Upregulated
3370,13.4633574352145,Upregulated
3371,4.40825102928154,Upregulated
3372,57858173.6659203,Unchanged
3373,32.0175594336807,Upregulated
3374,0.0339105680130689,Downregulated
3375,37.0865038536255,Upregulated
3376,45.4992307845076,Upregulated
3377,0.906603633895892,Unchanged
3378,0.766558063212179,Unchanged
3379,1.94014057426458e-07,Unchanged
3380,31.1260246813913,Upregulated
3381,1.23288987507815,Unchanged
3382,1.13055216032355,Unchanged
3383,0,Unchanged
3384,0.983584619201463,Unchanged
3385,0.806558034059251,Unchanged
3386,0,Unchanged
3387,9.63686669294765,Upregulated
3388,1.7303365414183,Unchanged
3389,0,Unchanged
3390,0.0295274961285374,Downregulated
3391,0,Unchanged
3392,3.89005881107377,Upregulated
3393,2.14851524886512,Upregulated
3394,47.9318490640106,Upregulated
3395,1.73033621299184,Unchanged
3396,0,Unchanged
3397,0,Unchanged
3398,0,Unchanged
3399,0,Unchanged
3400,0,Unchanged
3401,0,Unchanged
3402,16087181.6501076,Unchanged
3403,0,Unchanged
3404,0,Unchanged
3405,0,Unchanged
3406,0,Unchanged
3407,0,Unchanged
3408,0,Unchanged
3409,0,Unchanged
3410,0,Unchanged
3411,0,Unchanged
3412,1.12174627300562e-07,Unchanged
3413,1.12174605190851e-07,Unchanged
3414,0,Unchanged
3415,2.63844757485219,Upregulated
3416,42.5471521267937,Upregulated
3417,11953445.2298443,Unchanged
3418,295469.097351543,Unchanged
3419,0,Unchanged
3420,162859820.693293,Unchanged
3421,162859832.239296,Unchanged
3422,162859834.216027,Unchanged
3423,46.1444097994488,Upregulated
3424,45.9481127866056,Upregulated
3425,46.144160590134,Upregulated
3426,0.503373912836363,Unchanged
3427,0.508197425699474,Unchanged
3428,1.41375177489087,Unchanged
3429,0.826532556567547,Unchanged
3430,5.14104552208416,Upregulated
3431,5.14104564356324,Upregulated
3432,0,Unchanged
3433,99.2032779388988,Upregulated
3434,328.517254298175,Upregulated
3435,1.75482233829897,Unchanged
3436,2.98556046365381e-07,Unchanged
3437,1.13067255914415,Unchanged
3438,3.82439741696823,Upregulated
3439,3.82439653980583,Upregulated
3440,0.941447811394873,Unchanged
3441,4.30646266113353e-06,Unchanged
3442,2.31248216755063e-07,Unchanged
3443,2.15934614405262,Upregulated
3444,2.89580639377922,Upregulated
3445,0.000329949382612514,Unchanged
3446,419759368.926809,Unchanged
3447,7540196.36274821,Unchanged
3448,165.804719915957,Upregulated
3449,0,Unchanged
3450,2.58997068659691,Upregulated
3451,0.270660372802623,Downregulated
3452,1.11498415455761,Unchanged
3453,0.0764194843849735,Downregulated
3454,8.36421780027384,Upregulated
3455,7.70743416471549,Upregulated
3456,8.03582772278121,Upregulated
3457,2.3268116620176,Upregulated
3458,0.0431481036815446,Downregulated
3459,16.0731072664726,Upregulated
3460,46.0174691742163,Upregulated
3461,0.116163788890453,Downregulated
3462,9.7830063151188,Upregulated
3463,4.46534966374222,Upregulated
3464,127.393454799998,Upregulated
3465,0.116163809114288,Downregulated
3466,3.81222804447488,Upregulated
3467,16.6256781918652,Upregulated
3468,16.5549519437399,Upregulated
3469,18.7235499328182,Upregulated
3470,16.1418032690236,Upregulated
3471,16.3409795282335,Upregulated
3472,15.7698068561661,Upregulated
3473,20.7756243301403,Upregulated
3474,20.7760304099638,Upregulated
3475,0,Unchanged
3476,0,Unchanged
3477,21.1320624750101,Upregulated
3478,0,Unchanged
3479,0,Unchanged
3480,6.96975494052356,Upregulated
3481,4.75467073960535,Upregulated
3482,4.75467073960535,Upregulated
3483,1.15678494881162,Unchanged
3484,0,Unchanged
3485,3.97910420694814e-07,Unchanged
3486,0,Unchanged
3487,3.97910420694814e-07,Unchanged
3488,0,Unchanged
3489,230.507438664619,Upregulated
3490,5.15611127367366,Upregulated
3491,230.507393931662,Upregulated
3492,0.248378894172851,Downregulated
3493,0,Unchanged
3494,0.0372679612940996,Downregulated
3495,0.203466234405464,Downregulated
3496,1.20423110503108,Unchanged
3497,1.18078633757615,Unchanged
3498,1.12829656691433e-07,Unchanged
3499,1.12829656691433e-07,Unchanged
3500,1.12829656691433e-07,Unchanged
3501,0,Unchanged
3502,1.20397037541806,Unchanged
3503,0,Unchanged
3504,0.0926672691475172,Downregulated
3505,0.208373674004926,Downregulated
3506,0.0926670819008342,Downregulated
3507,0.208373252957887,Downregulated
3508,0,Unchanged
3509,65.3614889600728,Upregulated
3510,65.3614783984394,Upregulated
3511,1.1282941047205e-07,Unchanged
3512,0,Unchanged
3513,4.76318037328838e-06,Unchanged
3514,204.308373910269,Upregulated
3515,0,Unchanged
3516,6.54545612565126,Upregulated
3517,497.398081766053,Upregulated
3518,497.289227106339,Upregulated
3519,470.827420904936,Upregulated
3520,2.90315772669975,Upregulated
3521,0,Unchanged
3522,5.82240555212397,Upregulated
3523,0,Unchanged
3524,1.56929471602749,Unchanged
3525,0,Unchanged
3526,0,Unchanged
3527,0.16571637721513,Downregulated
3528,0.127820485432192,Downregulated
3529,0,Unchanged
3530,60418.2001228823,Unchanged
3531,43634.3046991727,Unchanged
3532,8621750.83863353,Unchanged
3533,0,Unchanged
3534,0,Unchanged
3535,32.3773826528621,Upregulated
3536,56.5384508145311,Upregulated
3537,0,Unchanged
3538,51.0354465824159,Upregulated
3539,51.0354524794339,Upregulated
3540,0,Unchanged
3541,28.2295379871855,Upregulated
3542,2.49537141573328,Upregulated
3543,0.631820960065907,Unchanged
3544,0.561504606248838,Unchanged
3545,2.90147266975923,Upregulated
3546,0.56150455033152,Unchanged
3547,2.90147266975923,Upregulated
3548,31.7620583009666,Upregulated
3549,15.2783100403116,Upregulated
3550,46.9443139282205,Upregulated
3551,26.916643085602,Upregulated
3552,0,Unchanged
3553,46.9443322039135,Upregulated
3554,3.50485163363515,Upregulated
3555,0.938886360577382,Unchanged
3556,2.90958914330614,Upregulated
3557,0.155752920988354,Downregulated
3558,0,Unchanged
3559,15.354833547493,Upregulated
3560,0,Unchanged
3561,4.16512805547051,Upregulated
3562,0,Unchanged
3563,0,Unchanged
3564,1.77817758365655,Unchanged
3565,0,Unchanged
3566,0,Unchanged
3567,0,Unchanged
3568,0,Unchanged
3569,0,Unchanged
3570,17.2908993616943,Upregulated
3571,4.16165941843189,Upregulated
3572,2.11449852760625,Upregulated
3573,0,Unchanged
3574,50.3013773150314,Upregulated
3575,20.7806338367156,Upregulated
3576,9.62396196349055,Upregulated
3577,9.66507892165566,Upregulated
3578,0,Unchanged
3579,21.3178593194403,Upregulated
3580,15.9763533773434,Upregulated
3581,58.1543800095355,Upregulated
3582,225.456920379766,Upregulated
3583,225.456920379766,Upregulated
3584,1906.82527639997,Upregulated
3585,3647.85488585233,Upregulated
3586,3647.85488585233,Upregulated
3587,3647.85488585233,Upregulated
3588,96.5838506897273,Upregulated
3589,1019.58030260995,Upregulated
3590,0.799369165257325,Unchanged
3591,0,Unchanged
3592,27.3684675750666,Upregulated
3593,1.04965133027654,Unchanged
3594,1.04965137424084,Unchanged
3595,2.3006082926121e-07,Unchanged
3596,2.3006082926121e-07,Unchanged
3597,1.67887919508303e-06,Unchanged
3598,1.67887919508303e-06,Unchanged
3599,1.67887919508303e-06,Unchanged
3600,1.67887919508303e-06,Unchanged
3601,0,Unchanged
3602,9.38128081892013e-07,Unchanged
3603,0,Unchanged
3604,2.28922002520449e-07,Unchanged
3605,2.28922002520449e-07,Unchanged
3606,2.28922002520449e-07,Unchanged
3607,2.28922002520449e-07,Unchanged
3608,0.0876418879922624,Downregulated
3609,0.0876418879922624,Downregulated
3610,0.778063217073283,Unchanged
3611,1.09231541295287,Unchanged
3612,0.10853499461098,Downregulated
3613,0.0421284929637984,Downregulated
3614,0.0941840892259123,Downregulated
3615,8.56093322028073e-08,Unchanged
3616,8.56093322028073e-08,Unchanged
3617,8.56093322028073e-08,Unchanged
3618,0.091488450577789,Downregulated
3619,16.5310132273532,Upregulated
3620,8.26428257531623,Upregulated
3621,0,Unchanged
3622,21.6746405839949,Upregulated
3623,21.913384538949,Upregulated
3624,21.6746405839949,Upregulated
3625,21.913384538949,Upregulated
3626,21.5668185853855,Upregulated
3627,0,Unchanged
3628,0,Unchanged
3629,0,Unchanged
3630,23.1694483892615,Upregulated
3631,10.5973251101958,Upregulated
3632,1.22838939140226,Unchanged
3633,1.22838939140226,Unchanged
3634,9.40788298945171,Upregulated
3635,0,Unchanged
3636,1.83044213079953e-06,Unchanged
3637,1.23679876517307e-06,Unchanged
3638,1.37895692062765e-06,Unchanged
3639,0.047822249174429,Downregulated
3640,1.97203186177994e-07,Unchanged
3641,1.87466000870227e-07,Unchanged
3642,1.05263251249371e-07,Unchanged
3643,0.0345358574386199,Downregulated
3644,0,Unchanged
3645,9.10127077190225,Upregulated
3646,1.88694968214806e-07,Unchanged
3647,0.469289687500326,Downregulated
3648,13.7291131449264,Upregulated
3649,0.0528726041058531,Downregulated
3650,125.367105429498,Upregulated
3651,1.4192603572599e-06,Unchanged
3652,15.6691716019696,Upregulated
3653,9.13560364367475,Upregulated
3654,0.401530722795845,Downregulated
3655,0.832264352199016,Unchanged
3656,28.057038451195,Upregulated
3657,31.4623989156668,Upregulated
3658,0.245913848670877,Downregulated
3659,2.49591856431892,Upregulated
3660,2.52341085269066,Upregulated
3661,108.172314066829,Upregulated
3662,96.4705693128331,Upregulated
3663,96.4704738082522,Upregulated
3664,0.729837229315569,Unchanged
3665,258.075725518612,Upregulated
3666,0,Unchanged
3667,0,Unchanged
3668,21693145.8986298,Unchanged
3669,32.635873887914,Upregulated
3670,4.31596351302569,Upregulated
3671,4.31596369663706,Upregulated
3672,4.36350406123166,Upregulated
3673,4.31596415633083,Upregulated
3674,4.36350406123166,Upregulated
3675,0,Unchanged
3676,1.69269651503266,Unchanged
3677,0,Unchanged
3678,0.720305549801885,Unchanged
3679,0,Unchanged
3680,0,Unchanged
3681,0,Unchanged
3682,0,Unchanged
3683,5.33071159063362,Upregulated
3684,0,Unchanged
3685,0,Unchanged
3686,0,Unchanged
3687,0,Unchanged
3688,0,Unchanged
3689,0,Unchanged
3690,0,Unchanged
3691,0,Unchanged
3692,0,Unchanged
3693,0,Unchanged
3694,0,Unchanged
3695,0,Unchanged
3696,0,Unchanged
3697,0,Unchanged
3698,4.0336386939353e-07,Unchanged
3699,4.0336386939353e-07,Unchanged
3700,1.05698330696732,Unchanged
3701,0.720305647682781,Unchanged
3702,1.09359918764616,Unchanged
3703,0.000697989998068062,Unchanged
3704,0.000697989011753374,Unchanged
3705,15.9108908033109,Upregulated
3706,1.07388607820317,Unchanged
3707,0,Unchanged
3708,1.37978239575879,Unchanged
3709,0.168276167545859,Downregulated
3710,3.97910420694814e-07,Unchanged
3711,0,Unchanged
3712,0,Unchanged
3713,4.31596495885423,Upregulated
3714,2.32934829235207,Upregulated
3715,2.32956878993637,Upregulated
3716,1.07569488495104,Unchanged
3717,15.9108919546225,Upregulated
3718,4.31596376355792,Upregulated
3719,4.31596388681788,Upregulated
3720,3.97910355354192e-07,Unchanged
3721,0,Unchanged
3722,2.32956846067405,Upregulated
3723,0,Unchanged
3724,0,Unchanged
3725,0,Unchanged
3726,0.00069798925576152,Unchanged
3727,15.9108904697971,Upregulated
3728,0,Unchanged
3729,3.97910355354192e-07,Unchanged
3730,3.34970895839168,Upregulated
3731,3.97910355354192e-07,Unchanged
3732,17.5568062269419,Upregulated
3733,18.458199097051,Upregulated
3734,18.4581982100442,Upregulated
3735,0,Unchanged
3736,50.603998148372,Upregulated
3737,241.977378270922,Upregulated
3738,48.4374554186049,Upregulated
3739,4.29760306111844,Upregulated
3740,48.4374485847093,Upregulated
3741,0,Unchanged
3742,0,Unchanged
3743,0.217706568021769,Downregulated
3744,15.9108868145573,Upregulated
3745,0,Unchanged
3746,0,Unchanged
3747,336.811838483783,Upregulated
3748,229.526768559651,Upregulated
3749,229.526732188449,Upregulated
3750,229.526768559651,Upregulated
3751,241.977412255396,Upregulated
3752,262.204241281463,Upregulated
3753,262.204298361471,Upregulated
3754,42.5644704864497,Upregulated
3755,230.507393931662,Upregulated
3756,0,Unchanged
3757,8.13328717704236e-06,Unchanged
3758,0.167701873254369,Downregulated
3759,0,Unchanged
3760,0,Unchanged
3761,159.863208726492,Upregulated
3762,180.003776260143,Upregulated
3763,267.833259474516,Upregulated
3764,505138358.756543,Unchanged
3765,201.601779790092,Upregulated
3766,76.3222990935896,Upregulated
3767,3.79672003619305,Upregulated
3768,0,Unchanged
3769,1.22816400359937e-07,Unchanged
3770,0,Unchanged
3771,0,Unchanged
3772,0,Unchanged
3773,0,Unchanged
3774,2969.59430072899,Upregulated
3775,211.742165370829,Upregulated
3776,8.81371292566467,Upregulated
3777,0,Unchanged
3778,0,Unchanged
3779,11.5462082793107,Upregulated
3780,15.2271668976523,Upregulated
3781,15.2271668177842,Upregulated
3782,17.613639458618,Upregulated
3783,440.636820810295,Upregulated
3784,42.6385585169966,Upregulated
3785,0.110939982189563,Downregulated
3786,1.23301602837955e-06,Unchanged
3787,0,Unchanged
3788,0,Unchanged
3789,0,Unchanged
3790,0.0236034075436905,Downregulated
3791,0.01,Downregulated
3792,1.04297543750409e-07,Unchanged
3793,1638524.2460347,Unchanged
3794,7.8844537591749e-07,Unchanged
3795,2.38352082909898e-07,Unchanged
3796,1.3953015027451,Unchanged
3797,0,Unchanged
3798,1.3956062436397,Unchanged
3799,0,Unchanged
3800,0,Unchanged
3801,0,Unchanged
3802,0,Unchanged
3803,0,Unchanged
3804,0,Unchanged
3805,0,Unchanged
3806,0,Unchanged
3807,0,Unchanged
3808,0,Unchanged
3809,0.857849082612848,Unchanged
3810,0,Unchanged
3811,0,Unchanged
3812,0,Unchanged
3813,0,Unchanged
3814,0,Unchanged
3815,0,Unchanged
3816,0,Unchanged
3817,0,Unchanged
3818,0,Unchanged
3819,0,Unchanged
3820,0,Unchanged
3821,0,Unchanged
3822,0,Unchanged
3823,0,Unchanged
3824,16.0852348550807,Upregulated
3825,432.478857646572,Upregulated
3826,2.64620080463638,Upregulated
3827,9.53077424351091,Upregulated
3828,0,Unchanged
3829,0,Unchanged
3830,2065560.16408733,Unchanged
3831,97252756808.5442,Unchanged
3832,0,Unchanged
3833,0,Unchanged
3834,0,Unchanged
3835,0,Unchanged
3836,0,Unchanged
3837,0,Unchanged
3838,9.74515385108933,Upregulated
3839,0,Unchanged
3840,0,Unchanged
3841,0,Unchanged
3842,0,Unchanged
3843,378901669.708442,Unchanged
3844,4940105.36283228,Unchanged
3845,1.07363321567184,Unchanged
3846,0,Unchanged
3847,2.21616513534249,Upregulated
3848,0,Unchanged
3849,2.38075683405211,Upregulated
3850,0,Unchanged
3851,0,Unchanged
3852,2699405.68942898,Unchanged
3853,43756013.0752292,Unchanged
3854,43698466.6700475,Unchanged
3855,53885472.8322341,Unchanged
3856,0,Unchanged
3857,0.0745303449807633,Downregulated
3858,132.651450543582,Upregulated
3859,63.9440791963218,Upregulated
3860,18.1498849929857,Upregulated
3861,31824.0174736916,Unchanged
3862,0,Unchanged
3863,0,Unchanged
3864,0.000703999439559912,Unchanged
3865,4.01336852632994e-07,Unchanged
3866,0,Unchanged
3867,0.000697988716706532,Unchanged
3868,0.000418102503142107,Unchanged
3869,6.35079040203366e-05,Unchanged
3870,2.62659266122472e-06,Unchanged
3871,16.4757321891929,Upregulated
3872,0,Unchanged
3873,1.66121429303948,Unchanged
3874,0.456694978324506,Downregulated
3875,164252208.147497,Unchanged
3876,0,Unchanged
3877,0.0728505040501907,Downregulated
3878,0,Unchanged
3879,0,Unchanged
3880,0,Unchanged
3881,0,Unchanged
3882,10.0134020118679,Upregulated
3883,0,Unchanged
3884,19.5491981998486,Upregulated
3885,23.6865585547735,Upregulated
3886,19.5473993292556,Upregulated
3887,16.6361467023922,Upregulated
3888,0.000209051282336685,Unchanged
3889,0,Unchanged
3890,15470.736236011,Upregulated
3891,0.861767771351982,Unchanged
3892,13.1584970228496,Upregulated
3893,291.257367859619,Upregulated
3894,2.59748964756551,Upregulated
3895,291.257371338999,Upregulated
3896,6.54363728462589,Upregulated
3897,291.257371338999,Upregulated
3898,6.54363728462589,Upregulated
3899,6.54363728462589,Upregulated
3900,0,Unchanged
3901,0,Unchanged
3902,799.761491477415,Upregulated
3903,799.760969043743,Upregulated
3904,799.760969043743,Upregulated
3905,11586.4617123051,Upregulated
3906,9.62254554618656,Upregulated
3907,11586.4612733027,Upregulated
3908,0,Unchanged
3909,21160379.5198775,Unchanged
3910,130310193557.454,Unchanged
3911,1.99999993136476,Unchanged
3912,164252208.147497,Unchanged
3913,0,Unchanged
3914,3.99999935157504,Upregulated
3915,109942568.704433,Unchanged
3916,3620441.64496965,Unchanged
3917,808006.207115203,Unchanged
3918,4869179.36486784,Unchanged
3919,659454.104422797,Unchanged
3920,0.00293433804670458,Unchanged
3921,19731041.2068366,Unchanged
3922,19902003.5363976,Unchanged
3923,568.578630791231,Upregulated
3924,322.883021778259,Upregulated
3925,1.05002793429776e-05,Unchanged
3926,2.65839495056233,Upregulated
3927,2.65839495055721,Upregulated
3928,0,Unchanged
3929,0,Unchanged
3930,9.34086929825703e-07,Unchanged
3931,0,Unchanged
3932,0,Unchanged
3933,0,Unchanged
3934,2701397.29750023,Unchanged
3935,0,Unchanged
3936,0,Unchanged
3937,3.94990147952384,Upregulated
3938,372.381550594199,Upregulated
3939,5.18687912427908,Upregulated
3940,2.25793988901198,Upregulated
3941,3.78068408907756,Upregulated
3942,0,Unchanged
3943,3.94990086128971,Upregulated
3944,0,Unchanged
3945,216931.458585047,Unchanged
3946,93113.135608728,Unchanged
3947,2.54341053642271,Upregulated
3948,0,Unchanged
3949,1.332136954802,Unchanged
3950,0.326965040382829,Downregulated
3951,17.2206881371385,Upregulated
3952,5.96400247983726,Upregulated
3953,0.325574039321233,Downregulated
3954,0,Unchanged
3955,0,Unchanged
3956,1.55752018436426,Unchanged
3957,5.71658381507221,Upregulated
3958,0.756450733100964,Unchanged
3959,0,Unchanged
3960,0.635190049729535,Unchanged
3961,4.1829215404454,Upregulated
3962,10846574.896104,Unchanged
3963,1.29265159600005,Unchanged
3964,71.6703534178124,Upregulated
3965,0,Unchanged
3966,0,Unchanged
3967,92.6644645373296,Upregulated
3968,114.42272383313,Upregulated
3969,9.49654969881308,Upregulated
3970,119.823336881966,Upregulated
3971,0,Unchanged
3972,0,Unchanged
3973,0.00797438289810969,Unchanged
3974,5.84441760755515,Upregulated
3975,65052.1601023125,Unchanged
3976,0.341029652674878,Downregulated
3977,0,Unchanged
3978,0.469803128339277,Downregulated
3979,0.00270512157695445,Unchanged
3980,0,Unchanged
3981,1.18719529746076,Unchanged
3982,0.00273656081497879,Unchanged
3983,5.72201763557401,Upregulated
3984,2457580.5129719,Unchanged
3985,0.880023607191923,Unchanged
3986,0,Unchanged
3987,2.12069083431453,Upregulated
3988,14.0446558793365,Upregulated
3989,256.217371343648,Upregulated
3990,0,Unchanged
3991,3.29438060142303e-06,Unchanged
3992,836.68630289638,Upregulated
3993,65.8119216141894,Upregulated
3994,0,Unchanged
3995,0,Unchanged
3996,0,Unchanged
3997,0,Unchanged
3998,0,Unchanged
3999,0,Unchanged
4000,0,Unchanged
4001,0,Unchanged
4002,0,Unchanged
4003,0,Unchanged
4004,0,Unchanged
4005,0,Unchanged
4006,0,Unchanged
4007,0,Unchanged
4008,0,Unchanged
4009,0,Unchanged
4010,0,Unchanged
4011,0,Unchanged
4012,49434481.1117843,Unchanged
4013,119958388.16546,Unchanged
4014,52212835.9840064,Unchanged
4015,94.580652186057,Upregulated
4016,0.656779509535281,Unchanged
4017,57.1580181269809,Upregulated
4018,15.0543768386859,Upregulated
4019,0,Unchanged
4020,2.44328353273607,Upregulated
4021,23.5453036179926,Upregulated
4022,3448069.55411565,Unchanged
4023,0,Unchanged
4024,4.71501537233029,Upregulated
4025,8.3654061396507e-05,Unchanged
4026,0,Unchanged
4027,0.145142785760996,Downregulated
4028,0.44810270891634,Downregulated
4029,13.0437424153379,Upregulated
4030,0,Unchanged
4031,6.18807084924648,Upregulated
4032,0,Unchanged
4033,0.412359280711693,Downregulated
4034,0,Unchanged
4035,426.595591705897,Upregulated
4036,145.911281347584,Upregulated
4037,145.943182915316,Upregulated
4038,150.881840522861,Upregulated
4039,225.456912711646,Upregulated
4040,0,Unchanged
4041,131.444626045142,Upregulated
4042,24320.6877406278,Unchanged
4043,427.640224838498,Upregulated
4044,0.559226153639282,Unchanged
4045,5.15205494879042e-07,Unchanged
4046,0,Unchanged
4047,0,Unchanged
4048,0,Unchanged
4049,1740399.21406677,Unchanged
4050,82360986.3798655,Unchanged
4051,608120319.726399,Unchanged
4052,199.386999692318,Upregulated
4053,0,Unchanged
4054,2476.25236742081,Upregulated
4055,590.31478203687,Upregulated
4056,137.596459266408,Upregulated
4057,0,Unchanged
4058,216.570688383285,Upregulated
4059,209.993275950037,Upregulated
4060,215.649430969998,Upregulated
4061,175.312695350466,Upregulated
4062,360.212747586879,Upregulated
4063,562.211362143883,Upregulated
4064,3.75402866166041e-06,Unchanged
4065,0,Unchanged
4066,0,Unchanged
4067,0,Unchanged
4068,134.855253948788,Upregulated
4069,0.0993009118953826,Downregulated
4070,1307.75935080537,Upregulated
4071,3.52157314083172,Upregulated
4072,5.79924605771184,Upregulated
4073,3.90399687552194,Upregulated
4074,0.817796289620363,Unchanged
4075,0.0968723189572489,Downregulated
4076,76.7263092968892,Upregulated
4077,20.1703638840305,Upregulated
4078,0,Unchanged
4079,73.4065003086126,Upregulated
4080,2088.57600909478,Upregulated
4081,7.45137508587238,Upregulated
4082,142.569961051563,Upregulated
4083,27.5243211420439,Upregulated
4084,11.5614333353988,Upregulated
4085,11.5614345384105,Upregulated
4086,0.682935851293888,Unchanged
4087,265.680086995441,Upregulated
4088,3188.77803375401,Upregulated
4089,0.600915328125576,Unchanged
4090,0.169503578751058,Downregulated
4091,0,Unchanged
4092,0,Unchanged
4093,0,Unchanged
4094,0,Unchanged
4095,197.855943147325,Upregulated
4096,68.4416737726343,Upregulated
4097,68.4266648974954,Upregulated
4098,916578265.621404,Unchanged
4099,38.7447418482974,Upregulated
4100,2170.74600715622,Upregulated
4101,50232437.6544628,Unchanged
4102,904745223.53965,Unchanged
4103,551.197287587415,Upregulated
4104,0,Unchanged
4105,0,Unchanged
4106,505138358.756543,Unchanged
4107,29438365.2900238,Unchanged
4108,8.48346979870882,Upregulated
4109,426.505520167129,Upregulated
4110,8.50429163207435,Upregulated
4111,0,Unchanged
4112,0,Unchanged
4113,0,Unchanged
4114,1499.27040192557,Upregulated
4115,165.830097495639,Upregulated
4116,170.391278524791,Upregulated
4117,0,Unchanged
4118,1158.04860349319,Upregulated
4119,61773135.7704612,Unchanged
4120,165.830097539661,Upregulated
4121,3638.71608214249,Upregulated
4122,1628.58362057847,Upregulated
4123,787.50878626784,Upregulated
4124,0,Unchanged
4125,0,Unchanged
4126,2142541.3994423,Unchanged
4127,9.17298705475336,Upregulated
4128,0,Unchanged
4129,2.08250888155778e-06,Unchanged
4130,0.022994833365514,Downregulated
4131,7.3206806282163e-09,Unchanged
4132,0,Unchanged
4133,5.91842646258556e-07,Unchanged
4134,9.85588713428835e-07,Unchanged
4135,0,Unchanged
4136,0,Unchanged
4137,0,Unchanged
4138,0.119521355843558,Downregulated
4139,0.459653818313994,Downregulated
4140,200.102173377445,Upregulated
4141,0,Unchanged
4142,0,Unchanged
4143,0.680959109471737,Unchanged
4144,0.167749357619977,Downregulated
4145,3.99932256324291e-05,Unchanged
4146,0.23276935866785,Downregulated
4147,8.31098581516828,Upregulated
4148,160.922094295208,Upregulated
4149,5.75728461177956,Upregulated
4150,150.422479354233,Upregulated
4151,0,Unchanged
4152,0,Unchanged
4153,0,Unchanged
4154,50.3856080893504,Upregulated
4155,0,Unchanged
4156,7.21047248519981e-08,Unchanged
4157,14.9110895112273,Upregulated
4158,75.3908562054397,Upregulated
4159,1.09367366959742e-05,Unchanged
4160,8.05631987138734,Upregulated
4161,164721972.759731,Unchanged
4162,391.385687309684,Upregulated
4163,8244.34075718691,Upregulated
4164,35.5327327928432,Upregulated
4165,11.6751071833914,Upregulated
4166,0.000181576480904256,Unchanged
4167,0,Unchanged
4168,4.31426758950693e-07,Unchanged
4169,3.31256834411619e-08,Unchanged
4170,0.144092103448516,Downregulated
4171,4.31372616337602,Upregulated
4172,0.0991254930005173,Downregulated
4173,2.13227254388271,Upregulated
4174,2.12320009923213,Upregulated
4175,0.586487456330348,Unchanged
4176,0.378732185655601,Downregulated
4177,0.0954459639192713,Downregulated
4178,0.0210294304183687,Downregulated
4179,81.7617430320155,Upregulated
4180,90.2650307228189,Upregulated
4181,0,Unchanged
4182,0,Unchanged
4183,0,Unchanged
4184,0,Unchanged
4185,0,Unchanged
4186,6962683.00494755,Unchanged
4187,0,Unchanged
4188,0,Unchanged
4189,0,Unchanged
4190,0,Unchanged
4191,0,Unchanged
4192,12099901.0381147,Unchanged
4193,164036313.449867,Unchanged
4194,164036313.449867,Unchanged
4195,7.62458850078162,Upregulated
4196,0,Unchanged
4197,0,Unchanged
4198,0,Unchanged
4199,1.91421503675112,Unchanged
4200,1.93784797091353,Unchanged
4201,1.93784814509193,Unchanged
4202,1158589380.6408,Unchanged
4203,0,Unchanged
4204,4.40148198752033,Upregulated
4205,0.322111445656836,Downregulated
4206,0.00267696863477329,Unchanged
4207,0.0603764939296473,Downregulated
4208,6.62513668526169e-09,Unchanged
4209,0.0652092273427732,Downregulated
4210,0,Unchanged
4211,0.00909628329609529,Unchanged
4212,0.448080440245,Downregulated
4213,0.0866370161524458,Downregulated
4214,0,Unchanged
4215,0.00771622567420345,Unchanged
4216,0,Unchanged
4217,0,Unchanged
4218,96.5195718722238,Upregulated
4219,0,Unchanged
4220,0,Unchanged
4221,0,Unchanged
4222,6068396.06608519,Unchanged
4223,542887.579201428,Unchanged
4224,4619935.36158676,Unchanged
4225,1161680458.95842,Unchanged
4226,330288.809347269,Unchanged
4227,1161680458.95842,Unchanged
4228,2323360917.91685,Unchanged
4229,1161680458.95842,Unchanged
4230,0,Unchanged
4231,1161680458.95842,Unchanged
4232,1161680458.95842,Unchanged
4233,0,Unchanged
4234,1.68851012763807,Unchanged
4235,57.3879888401418,Upregulated
4236,0,Unchanged
4237,0,Unchanged
4238,1161680458.95842,Unchanged
4239,663082293.597239,Unchanged
4240,0,Unchanged
4241,0,Unchanged
4242,2.19620453094649e-08,Unchanged
4243,0,Unchanged
4244,0,Unchanged
4245,0,Unchanged
4246,0,Unchanged
4247,501.180103425725,Upregulated
4248,581.25527636155,Upregulated
4249,195.999593789238,Upregulated
4250,0,Unchanged
4251,0,Unchanged
4252,0,Unchanged
4253,0,Unchanged
4254,0,Unchanged
4255,0,Unchanged
4256,0,Unchanged
4257,0.000790119732582804,Unchanged
4258,0,Unchanged
4259,0,Unchanged
4260,0,Unchanged
4261,0,Unchanged
4262,0,Unchanged
4263,2.89364260902796,Upregulated
4264,9.04171261056037e-06,Unchanged
4265,410365742.297103,Unchanged
4266,1216240639.4528,Unchanged
4267,32.6592306172266,Upregulated
4268,658953082.715506,Unchanged
4269,2064.09553580241,Upregulated
4270,5.78160844875412,Upregulated
4271,1591931.94443988,Unchanged
4272,0,Unchanged
4273,4.32419547979099,Upregulated
4274,0,Unchanged
4275,0,Unchanged
4276,0.574857982741759,Unchanged
4277,0,Unchanged
4278,29286.5330907297,Unchanged
4279,2.13227227200449,Upregulated
4280,0,Unchanged
4281,3.09105029487e-08,Unchanged
4282,0,Unchanged
4283,0,Unchanged
4284,0,Unchanged
4285,0,Unchanged
4286,89.1292266834745,Upregulated
4287,5078.55291842584,Upregulated
4288,21.3046686275463,Upregulated
4289,6968.28774702501,Upregulated
4290,0.0213721713309019,Downregulated
4291,0.534235017083755,Unchanged
4292,0.534234961386915,Unchanged
4293,0,Unchanged
4294,0,Unchanged
4295,0.124264288904198,Downregulated
4296,0,Unchanged
4297,0,Unchanged
4298,0,Unchanged
4299,0,Unchanged
4300,0,Unchanged
4301,0,Unchanged
4302,0,Unchanged
4303,0,Unchanged
4304,2374846.14799675,Unchanged
4305,14.5203995566557,Upregulated
4306,0.780977625549408,Unchanged
4307,0.122215494848952,Downregulated
4308,278.711441161272,Upregulated
4309,5861109.37885193,Unchanged
4310,86.2007535609118,Upregulated
4311,6.9464600806239,Upregulated
4312,0.0105330650764681,Downregulated
4313,3508.27704821301,Upregulated
4314,4.31426746956731e-07,Unchanged
4315,10396396.6676539,Unchanged
4316,19.9698685399174,Upregulated
4317,0,Unchanged
4318,21693145.8986298,Unchanged
4319,25915939.8975794,Unchanged
4320,20925893.3978353,Unchanged
4321,0,Unchanged
4322,23861230.8382697,Unchanged
4323,3820936.9571172,Unchanged
4324,20250458.991184,Unchanged
4325,0.0711762391041992,Downregulated
4326,0.516859486325813,Unchanged
4327,0,Unchanged
4328,5.14821587960637,Upregulated
4329,11362382.3127013,Unchanged
4330,40.3018855646265,Upregulated
4331,20.0352844354805,Upregulated
4332,1.33494791910168e-06,Unchanged
4333,0.909529883883138,Unchanged
4334,6.63024536609491e-07,Unchanged
4335,5.16146951719586,Upregulated
4336,5.7143730400829e-07,Unchanged
4337,0,Unchanged
4338,0,Unchanged
4339,0,Unchanged
4340,29504.2375935316,Unchanged
4341,15.43359733928,Upregulated
4342,473.716916117113,Upregulated
4343,0,Unchanged
4344,5.76145503517542,Upregulated
4345,4.22279310619248,Upregulated
4346,0,Unchanged
4347,90227227.3877493,Unchanged
4348,298195803.009922,Unchanged
4349,0,Unchanged
4350,1.46010954317805,Unchanged
4351,0,Unchanged
4352,0,Unchanged
4353,7.59040145226209e-07,Unchanged
4354,3.79558489158422,Upregulated
4355,0.0477805808100548,Downregulated
4356,0,Unchanged
4357,0,Unchanged
4358,93.9865230470154,Upregulated
4359,1.11717827508959,Unchanged
4360,173.328582286396,Upregulated
4361,62.9484845231457,Upregulated
4362,721.072214457602,Upregulated
4363,5.75513204977736,Upregulated
4364,188496.700615462,Unchanged
4365,2.71612931225662,Upregulated
4366,806946077.479604,Unchanged
4367,904745223.53965,Unchanged
4368,2.94113130236009,Upregulated
4369,2.95369659248354,Upregulated
4370,3.69795655970757,Upregulated
4371,3.69795610320395,Upregulated
4372,3.98903117004613,Upregulated
4373,3.68338402211986,Upregulated
4374,2.67306336972514,Upregulated
4375,33.8237730007167,Upregulated
4376,4.43978319607928,Upregulated
4377,1317906166.93991,Unchanged
4378,70.7707871070027,Upregulated
4379,5057.29113169542,Upregulated
4380,806945920.168976,Unchanged
4381,5.23775345753189,Upregulated
4382,1002.42054878057,Upregulated
4383,0,Unchanged
4384,859548793.165709,Unchanged
4385,0,Unchanged
4386,2111542.61334982,Unchanged
4387,2.89701259189794e-05,Unchanged
4388,18.8071241278035,Upregulated
4389,7279650.47967877,Unchanged
4390,6.30556795527601,Upregulated
4391,1.27231829958472,Unchanged
4392,62.9484785666593,Upregulated
4393,39986133.8649673,Unchanged
4394,0,Unchanged
4395,0,Unchanged
4396,0,Unchanged
4397,10800431.5032592,Unchanged
4398,0,Unchanged
4399,39986055.112869,Unchanged
4400,98140051.8449541,Unchanged
4401,23.019185144067,Upregulated
4402,239916705.030557,Unchanged
4403,0,Unchanged
4404,0,Unchanged
4405,0,Unchanged
4406,11707902.9409919,Unchanged
4407,10919402.2142726,Unchanged
4408,7231048.906322,Unchanged
4409,1.99999993136476,Unchanged
4410,110412272.02866,Unchanged
4411,3.99999879757007,Upregulated
4412,65193605.7817691,Unchanged
4413,28894233.0171605,Unchanged
4414,2.07993204251779,Upregulated
4415,7279650.31611806,Unchanged
4416,7279650.90050835,Unchanged
4417,28894233.0171605,Unchanged
4418,1792015.15487869,Unchanged
4419,26427360.3514511,Unchanged
4420,65193607.046793,Unchanged
4421,10919402.2142726,Unchanged
4422,101665388.86887,Unchanged
4423,9689172.05724382,Unchanged
4424,101665397.216555,Unchanged
4425,90783978.7997345,Unchanged
4426,301.898855620533,Upregulated
4427,2111542.75204638,Unchanged
4428,3485.88631405128,Upregulated
4429,1812108.21355247,Unchanged
4430,0,Unchanged
4431,0.196811223507933,Downregulated
4432,1.08142431002989e-07,Unchanged
4433,0,Unchanged
4434,5483028.60996307,Unchanged
4435,0.000491090284310413,Unchanged
4436,0.262384523126397,Downregulated
4437,1789536.05644861,Unchanged
4438,0,Unchanged
4439,0.132643307018529,Downregulated
4440,7.62142981733806e-08,Unchanged
4441,32121578.0223383,Unchanged
4442,4.66193995203244e-11,Unchanged
4443,0,Unchanged
4444,3964167.20358293,Unchanged
4445,1.67088235396989,Unchanged
4446,2.60165577789695,Upregulated
4447,5.15926088140715,Upregulated
4448,1.23268191534067,Unchanged
4449,137.241386162791,Upregulated
4450,0.314195941652772,Downregulated
4451,0,Unchanged
4452,0.0863242938587525,Downregulated
4453,0.0863243089374437,Downregulated
4454,0,Unchanged
4455,4.0011587722676,Upregulated
4456,0,Unchanged
4457,100.802493131092,Upregulated
4458,10.3790874939528,Upregulated
4459,233.593932188153,Upregulated
4460,0,Unchanged
4461,0.000976935294003937,Unchanged
4462,0,Unchanged
4463,0,Unchanged
4464,1.83991790416032,Unchanged
4465,0.582517440910596,Unchanged
4466,0.101025372761652,Downregulated
4467,14590039.4413029,Unchanged
4468,0,Unchanged
4469,42445371.4807542,Unchanged
4470,309.049146614698,Upregulated
4471,3170.40135943246,Upregulated
4472,79972232.1692223,Unchanged
4473,0.255654622867523,Downregulated
4474,79972242.3195087,Unchanged
4475,3.50365942228307,Upregulated
4476,0,Unchanged
4477,0,Unchanged
4478,0,Unchanged
4479,7.35940773218647e-07,Unchanged
4480,0.00657628000637592,Unchanged
4481,537.933414127535,Upregulated
4482,3.72981912417142e-09,Unchanged
4483,3.72981960483668e-09,Unchanged
4484,3.72981960483668e-09,Unchanged
4485,0.0158665216542635,Downregulated
4486,0,Unchanged
4487,3.02954226288338,Upregulated
4488,8.61160988416312,Upregulated
4489,0.291480315053728,Downregulated
4490,3.41604802064682,Upregulated
4491,0.291480423550323,Downregulated
4492,0,Unchanged
4493,0,Unchanged
4494,0.00705257073043316,Unchanged
4495,65813418.8650513,Unchanged
4496,0.71157291916635,Unchanged
4497,51654595.8758343,Unchanged
4498,40182468.1314966,Unchanged
4499,73033922.0110524,Unchanged
4500,1.06914404521879,Unchanged
4501,0,Unchanged
4502,72.3310018578207,Upregulated
4503,52.6806814984891,Upregulated
4504,3455.99452821569,Upregulated
4505,16.8540048090223,Upregulated
4506,0,Unchanged
4507,3.78620961901925,Upregulated
4508,0,Unchanged
4509,962207.42654468,Unchanged
4510,0,Unchanged
4511,0,Unchanged
4512,111370290.927455,Unchanged
4513,18.3148438756509,Upregulated
4514,0.422040407309474,Downregulated
4515,0,Unchanged
4516,0,Unchanged
4517,1.08142442710125e-07,Unchanged
4518,0,Unchanged
4519,0,Unchanged
4520,0,Unchanged
4521,2.51663991799339,Upregulated
4522,73.3297951506749,Upregulated
4523,84.8515701433106,Upregulated
4524,0.592857034335366,Unchanged
4525,0.507002676417644,Unchanged
4526,10.2619935415065,Upregulated
4527,0,Unchanged
4528,0.199649480008038,Downregulated
4529,0,Unchanged
4530,4.31426696877679e-07,Unchanged
4531,16.50314568723,Upregulated
4532,18.5809809297587,Upregulated
4533,16.5031435856702,Upregulated
4534,0,Unchanged
4535,1.16545517391458,Unchanged
4536,0,Unchanged
4537,0,Unchanged
4538,0.200969732454618,Downregulated
4539,4.1325410182208,Upregulated
4540,4.11496038800015,Upregulated
4541,19.7582593952477,Upregulated
4542,4.65622419518053,Upregulated
4543,5.71884423545281,Upregulated
4544,0,Unchanged
4545,3.14726706589405,Upregulated
4546,0.0487298408089239,Downregulated
4547,0,Unchanged
4548,0,Unchanged
4549,4.31426819005765e-07,Unchanged
4550,0,Unchanged
4551,2.52092893520217e-06,Unchanged
4552,0,Unchanged
4553,9.46883044786166e-08,Unchanged
4554,0.128640240736438,Downregulated
4555,0.132932001301294,Downregulated
4556,10.6176502504735,Upregulated
4557,7014800.96409099,Unchanged
4558,1.14933882787215,Unchanged
4559,0.6314222875427,Unchanged
4560,0,Unchanged
4561,262.472674567255,Upregulated
4562,342.093284931888,Upregulated
4563,171.656539686409,Upregulated
4564,90.9378972770197,Upregulated
4565,869.516462300912,Upregulated
4566,501.495505777737,Upregulated
4567,214.003988504371,Upregulated
4568,394.763122044702,Upregulated
4569,246.032388436437,Upregulated
4570,195.072931058718,Upregulated
4571,373.937026442505,Upregulated
4572,851.528188905722,Upregulated
4573,1357.43181671801,Upregulated
4574,312.629794180375,Upregulated
4575,109.997540175672,Upregulated
4576,259.304473660131,Upregulated
4577,109.997539741711,Upregulated
4578,0,Unchanged
4579,30.997643008963,Upregulated
4580,42.1926803762316,Upregulated
4581,40.6381897636146,Upregulated
4582,279.39166946548,Upregulated
4583,229098268.602256,Unchanged
4584,213.560571894756,Upregulated
4585,43.0270032140237,Upregulated
4586,48.2417331336862,Upregulated
4587,1111942060.70321,Unchanged
4588,1111942046.51322,Unchanged
4589,1317906165.43101,Unchanged
4590,154.448676596819,Upregulated
4591,1114.87735742272,Upregulated
4592,255.937009413556,Upregulated
4593,65.7636077033455,Upregulated
4594,21.8853181222472,Upregulated
4595,138.288233882617,Upregulated
4596,1395.60117459563,Upregulated
4597,155.292597190351,Upregulated
4598,15.0800007061715,Upregulated
4599,21.9212064021148,Upregulated
4600,113.274112864163,Upregulated
4601,41.8756556689114,Upregulated
4602,113.274112864163,Upregulated
4603,21.9260037203818,Upregulated
4604,103.596930781208,Upregulated
4605,23.7587950896144,Upregulated
4606,112.256603704826,Upregulated
4607,41.8848150315406,Upregulated
4608,197.899230249586,Upregulated
4609,68.4416334505108,Upregulated
4610,14.5441838476513,Upregulated
4611,86.0533452458665,Upregulated
4612,18.2089634942226,Upregulated
4613,94.7129953451137,Upregulated
4614,103.560302780061,Upregulated
4615,0.498799184061218,Downregulated
4616,18092290.8277576,Unchanged
4617,175.981606182567,Upregulated
4618,1.33906717022781,Unchanged
4619,0.302568045979853,Downregulated
4620,0.26534702751423,Downregulated
4621,14440.3600431152,Upregulated
4622,27.1068457245394,Upregulated
4623,2.13118593729181,Upregulated
4624,2.53606402813539e-08,Unchanged
4625,0,Unchanged
4626,0,Unchanged
4627,0.0495607670517996,Downregulated
4628,0.0891170160739448,Downregulated
4629,0,Unchanged
4630,7.17489033110844e-09,Unchanged
4631,7.17489033110844e-09,Unchanged
4632,7.17489033110844e-09,Unchanged
4633,0,Unchanged
4634,0.100909893687466,Downregulated
4635,5385099.72746612,Unchanged
4636,0,Unchanged
4637,1.08142437321643e-07,Unchanged
4638,11949111.0291957,Unchanged
4639,0.419535674575456,Downregulated
4640,4.36319660215551,Upregulated
4641,4.72790253674356,Upregulated
4642,0,Unchanged
4643,0,Unchanged
4644,0.264913716657469,Downregulated
4645,0.195544551939687,Downregulated
4646,20.4693553308279,Upregulated
4647,0.19413895474149,Downregulated
4648,4.53931306078628e-08,Unchanged
4649,0,Unchanged
4650,0.956718739352244,Unchanged
4651,0.286895207542475,Downregulated
4652,216.894642004504,Upregulated
4653,44159090.2811558,Unchanged
4654,0,Unchanged
4655,0.0279252948357572,Downregulated
4656,0,Unchanged
4657,0.066863563847105,Downregulated
4658,80.9799345432053,Upregulated
4659,176.220464583557,Upregulated
4660,0.0830570588973417,Downregulated
4661,1.8014338363695,Unchanged
4662,1.13708051210241,Unchanged
4663,0.045908355224704,Downregulated
4664,2.53606401135661e-08,Unchanged
4665,0.0432682596116387,Downregulated
4666,0,Unchanged
4667,0,Unchanged
4668,0,Unchanged
4669,0,Unchanged
4670,0,Unchanged
4671,0,Unchanged
4672,0.00306330976829454,Unchanged
4673,31.4080998448778,Upregulated
4674,0,Unchanged
4675,0,Unchanged
4676,0,Unchanged
4677,0,Unchanged
4678,0,Unchanged
4679,0,Unchanged
4680,0,Unchanged
4681,0,Unchanged
4682,0,Unchanged
4683,0,Unchanged
4684,0,Unchanged
4685,0.169592517362945,Downregulated
4686,0.044109143046729,Downregulated
4687,3.70309668472724e-09,Unchanged
4688,3.70309668472724e-09,Unchanged
4689,3.70309668472724e-09,Unchanged
4690,3.70309668472724e-09,Unchanged
4691,3.70309668472724e-09,Unchanged
4692,3.70309668472724e-09,Unchanged
4693,3.70309668472724e-09,Unchanged
4694,0,Unchanged
4695,0,Unchanged
4696,0,Unchanged
4697,0,Unchanged
4698,0,Unchanged
4699,120.464355274613,Upregulated
4700,86.8035617291896,Upregulated
4701,7.39355312086794e-08,Unchanged
4702,0.117840133475948,Downregulated
4703,0,Unchanged
4704,0,Unchanged
4705,0,Unchanged
4706,0,Unchanged
4707,0,Unchanged
4708,31.4081021256586,Upregulated
4709,134013229.069751,Unchanged
4710,11941098.628876,Unchanged
4711,0,Unchanged
4712,1221962773.11193,Unchanged
4713,41.0075875273058,Upregulated
4714,0.791100650714621,Unchanged
4715,0.0163761306083151,Downregulated
4716,0,Unchanged
4717,22.0397961808815,Upregulated
4718,6.47920296970005,Upregulated
4719,207.186082798811,Upregulated
4720,0,Unchanged
4721,101.572666277177,Upregulated
4722,0,Unchanged
4723,1.0068395058611,Unchanged
4724,0,Unchanged
4725,0,Unchanged
4726,0,Unchanged
4727,0,Unchanged
4728,0,Unchanged
4729,0,Unchanged
4730,0,Unchanged
4731,0,Unchanged
4732,0,Unchanged
4733,0,Unchanged
4734,0,Unchanged
4735,0,Unchanged
4736,0,Unchanged
4737,0,Unchanged
4738,0,Unchanged
4739,0,Unchanged
4740,5.42178279374639e-08,Unchanged
4741,0,Unchanged
4742,4.31426752484754e-07,Unchanged
4743,0,Unchanged
4744,0,Unchanged
4745,16847546.8058858,Unchanged
4746,0,Unchanged
4747,0,Unchanged
4748,0,Unchanged
4749,0.00733476170846896,Unchanged
4750,51098254.9299807,Unchanged
4751,69.2820910578817,Upregulated
4752,406012603.145817,Unchanged
4753,374.557616093853,Upregulated
4754,542.954774784572,Upregulated
4755,34872.1151334007,Unchanged
4756,2.95369716462335,Upregulated
4757,135138395.468216,Unchanged
4758,0,Unchanged
4759,5.35369892538248e-06,Unchanged
4760,0.198169384888849,Downregulated
4761,0,Unchanged
4762,0,Unchanged
4763,3.24508709031746,Upregulated
4764,8983296.72648606,Unchanged
4765,0,Unchanged
4766,256692.875290518,Unchanged
4767,0,Unchanged
4768,23.111532295273,Upregulated
4769,0,Unchanged
4770,0,Unchanged
4771,0,Unchanged
4772,0,Unchanged
4773,50832704.8258399,Unchanged
4774,0,Unchanged
4775,0,Unchanged
4776,0,Unchanged
4777,1.01457020300314e-06,Unchanged
4778,3445013.62057182,Unchanged
4779,0,Unchanged
4780,0,Unchanged
4781,0,Unchanged
4782,23.3893869227427,Upregulated
4783,0.0406083720591656,Downregulated
4784,0.0207077564466687,Downregulated
4785,0.174547268703753,Downregulated
4786,0.0119651856257326,Downregulated
4787,0.0399950420933429,Downregulated
4788,0.039995038159285,Downregulated
4789,0.150202970117256,Downregulated
4790,0,Unchanged
4791,0,Unchanged
4792,9.3378512266543,Upregulated
4793,0,Unchanged
4794,21932115.4787276,Unchanged
4795,21932108.0960302,Unchanged
4796,3.70309668472724e-09,Unchanged
4797,0.174547268703753,Downregulated
4798,1.32817454845286e-08,Unchanged
4799,1.07487541388799e-06,Unchanged
4800,2.9197081520713,Upregulated
4801,1.32817454845261e-08,Unchanged
4802,3.70309668472724e-09,Unchanged
4803,0.206207477555284,Downregulated
4804,0.0629700395406128,Downregulated
4805,808006.453536249,Unchanged
4806,14741465.7992747,Unchanged
4807,26511295.6273527,Unchanged
4808,0.207176625330203,Downregulated
4809,0,Unchanged
4810,3457253.29429942,Unchanged
4811,47135487.8266187,Unchanged
4812,6222188.12552966,Unchanged
4813,91594979.5142746,Unchanged
4814,4.43197799648385,Upregulated
4815,0,Unchanged
4816,0,Unchanged
4817,7.17489033110844e-09,Unchanged
4818,0.0215755317796136,Downregulated
4819,0,Unchanged
4820,6.62513668526169e-09,Unchanged
4821,39819173.5779973,Unchanged
4822,4.30580139010383,Upregulated
4823,0,Unchanged
4824,7.73205117639009e-07,Unchanged
4825,31.0828555201043,Upregulated
4826,1.62528869244777,Unchanged
4827,134.592173608258,Upregulated
4828,0.945633437063349,Unchanged
4829,4.32419658458745,Upregulated
4830,0,Unchanged
4831,10800429.623443,Unchanged
4832,21600859.246886,Unchanged
4833,5.03531466400725e-07,Unchanged
4834,0,Unchanged
4835,0,Unchanged
4836,73.5092105059751,Upregulated
4837,1.9073387385767,Unchanged
4838,1.05825366696405,Unchanged
4839,1.99999983835925,Unchanged
4840,2.67280760400785,Upregulated
4841,0,Unchanged
4842,79972252.9062801,Unchanged
4843,111370290.927455,Unchanged
4844,35031785.4160947,Unchanged
4845,0,Unchanged
4846,77.3057689865056,Upregulated
4847,0,Unchanged
4848,42445371.0711156,Unchanged
4849,0.0735804434106137,Downregulated
4850,13.5578971742783,Upregulated
4851,0.314048312710269,Downregulated
4852,0,Unchanged
4853,0,Unchanged
4854,8.62724489323679,Upregulated
4855,130434574.379276,Unchanged
4856,0,Unchanged
4857,77.1967374398949,Upregulated
4858,0,Unchanged
4859,0.743135520151263,Unchanged
4860,1.7302292689808,Unchanged
4861,1.32736823060255,Unchanged
4862,3.7758288371258,Upregulated
4863,0,Unchanged
4864,0,Unchanged
4865,0,Unchanged
4866,0,Unchanged
4867,0,Unchanged
4868,2.88712148233117e-07,Unchanged
4869,0,Unchanged
4870,0.000210939286286512,Unchanged
4871,0,Unchanged
4872,0.995276606834311,Unchanged
4873,3.5392435015502e-05,Unchanged
4874,0,Unchanged
4875,0,Unchanged
4876,0,Unchanged
4877,0,Unchanged
4878,0.0974707052870624,Downregulated
4879,0.27196894307735,Downregulated
4880,0.271968903065233,Downregulated
4881,0,Unchanged
4882,9.1905070633067,Upregulated
4883,0.0436898704273428,Downregulated
4884,0.982830212254917,Unchanged
4885,0,Unchanged
4886,1.65088414832976,Unchanged
4887,0,Unchanged
4888,0,Unchanged
4889,2291930.30103294,Unchanged
4890,0,Unchanged
4891,0.440945408517883,Downregulated
4892,0.665003057098231,Unchanged
4893,351762.96587014,Unchanged
4894,0.101558241545221,Downregulated
4895,1189292.2417227,Unchanged
4896,1310869.08664879,Unchanged
4897,777179.271902043,Unchanged
4898,0,Unchanged
4899,0.000189850286330347,Unchanged
4900,0.000214470452794501,Unchanged
4901,0.000214470452794501,Unchanged
4902,0,Unchanged
4903,0,Unchanged
4904,0.0327353079378399,Downregulated
4905,0.0891170179732543,Downregulated
4906,0.139476322040652,Downregulated
4907,0,Unchanged
4908,0,Unchanged
4909,5.32528010890587e-06,Unchanged
4910,0,Unchanged
4911,5.32528173596347e-06,Unchanged
4912,0,Unchanged
4913,7.17486974529379e-09,Unchanged
4914,0,Unchanged
4915,0.0436898702439823,Downregulated
4916,3620441.33865639,Unchanged
4917,0,Unchanged
4918,0.378420892677097,Downregulated
4919,1.43915837718583,Unchanged
4920,0,Unchanged
4921,0,Unchanged
4922,421.467562379606,Upregulated
4923,3445013.62057182,Unchanged
4924,2137347.6050731,Unchanged
4925,0,Unchanged
4926,9.5856229200738,Upregulated
4927,290.642954922267,Upregulated
4928,2062873.88376786,Unchanged
4929,0,Unchanged
4930,14.7094439923113,Upregulated
4931,6965981.89969074,Unchanged
4932,10.3171461622221,Upregulated
4933,0,Unchanged
4934,0,Unchanged
4935,0.147788464392132,Downregulated
4936,7512485.62181489,Unchanged
4937,4.31426815566738e-07,Unchanged
4938,0,Unchanged
4939,0,Unchanged
4940,0,Unchanged
4941,25.2832373581766,Upregulated
4942,4.25700436366078,Upregulated
4943,3.61452133195902e-08,Unchanged
4944,0,Unchanged
4945,0,Unchanged
4946,0,Unchanged
4947,9.36594574509051e-06,Unchanged
4948,0,Unchanged
4949,42.7644328600261,Upregulated
4950,0,Unchanged
4951,0.000130417501567793,Unchanged
4952,0,Unchanged
4953,21693145.8058405,Unchanged
4954,0,Unchanged
4955,39.8444647274899,Upregulated
4956,39.4098795025253,Upregulated
4957,0,Unchanged
4958,36.0288977708966,Upregulated
4959,0.000189171461116846,Unchanged
4960,521.751386069981,Upregulated
4961,0,Unchanged
4962,0,Unchanged
4963,1.2851254917644,Unchanged
4964,2.28121878954195,Upregulated
4965,0,Unchanged
4966,0,Unchanged
4967,50.1914149230815,Upregulated
4968,0,Unchanged
4969,3.95619986747942,Upregulated
4970,0,Unchanged
4971,154942.535437137,Unchanged
4972,4.57179075419421,Upregulated
4973,1.17297482708739,Unchanged
4974,2.10390681210394e-05,Unchanged
4975,34.322846850413,Upregulated
4976,4.45618632317856,Upregulated
4977,0.332095576229183,Downregulated
4978,1.17297463185151,Unchanged
4979,0.0682312352722141,Downregulated
4980,0.481990893420497,Downregulated
4981,30586.0185502052,Unchanged
4982,0,Unchanged
4983,1.68246870158283,Unchanged
4984,0,Unchanged
4985,2990096.34061398,Unchanged
4986,4.67950219995931,Upregulated
4987,4.67950194456713,Upregulated
4988,31.6165002585024,Upregulated
4989,3.9808190667501e-06,Unchanged
4990,9.82459397371557e-07,Unchanged
4991,6.42086590328034,Upregulated
4992,1.16798497997629,Unchanged
4993,1.17297522678698,Unchanged
4994,1.00692713521239,Unchanged
4995,0,Unchanged
4996,0,Unchanged
4997,4983584.71681564,Unchanged
4998,1.18571412633628e-06,Unchanged
4999,0,Unchanged
5000,0,Unchanged
5001,1754.13852407227,Upregulated
5002,239917489.745877,Unchanged
5003,2.68144186856627,Upregulated
5004,0,Unchanged
5005,1.50699530603456e-06,Unchanged
5006,2.06321348284691,Upregulated
5007,0,Unchanged
5008,0,Unchanged
5009,1.0845140787971e-07,Unchanged
5010,0,Unchanged
5011,0.0277593950423845,Downregulated
5012,0.289807145536358,Downregulated
5013,0.038040501836117,Downregulated
5014,0.0190202536153407,Downregulated
5015,0.0381819097752381,Downregulated
5016,0.131641184750547,Downregulated
5017,0.0932937592436567,Downregulated
5018,0.046646894467696,Downregulated
5019,0.093293757265419,Downregulated
5020,0.0932937685733051,Downregulated
5021,0.0932937574302351,Downregulated
5022,0.185608602779653,Downregulated
5023,0.460034170359435,Downregulated
5024,4.32419692103548,Upregulated
5025,3973055.83921789,Unchanged
5026,0,Unchanged
5027,0,Unchanged
5028,0.108607103512381,Downregulated
5029,0.0737006460315602,Downregulated
5030,0.0932937733441689,Downregulated
5031,1.17297472328772,Unchanged
5032,3.10875978955617,Upregulated
5033,3.60572028528784,Upregulated
5034,2.46134368426883,Upregulated
5035,0,Unchanged
5036,4.32419939363526,Upregulated
5037,0,Unchanged
5038,0,Unchanged
5039,0,Unchanged
5040,0,Unchanged
5041,0,Unchanged
5042,0,Unchanged
5043,0,Unchanged
5044,0,Unchanged
5045,0,Unchanged
5046,0,Unchanged
5047,0,Unchanged
5048,0,Unchanged
5049,0,Unchanged
5050,0,Unchanged
5051,0,Unchanged
5052,0,Unchanged
5053,0,Unchanged
5054,0,Unchanged
5055,0,Unchanged
5056,0,Unchanged
5057,0,Unchanged
5058,0,Unchanged
5059,0,Unchanged
5060,0,Unchanged
5061,0,Unchanged
5062,0,Unchanged
5063,0,Unchanged
5064,0,Unchanged
5065,0,Unchanged
5066,0,Unchanged
5067,0,Unchanged
5068,0.5,Downregulated
5069,0,Unchanged
5070,0.5,Downregulated
5071,0,Unchanged
5072,0.5,Downregulated
5073,0,Unchanged
5074,0,Unchanged
5075,0,Unchanged
5076,0,Unchanged
5077,0,Unchanged
5078,0,Unchanged
5079,0,Unchanged
5080,0,Unchanged
5081,0,Unchanged
5082,0,Unchanged
5083,0,Unchanged
5084,0,Unchanged
5085,0,Unchanged
5086,0,Unchanged
5087,0,Unchanged
5088,0,Unchanged
5089,0,Unchanged
5090,0,Unchanged
5091,0,Unchanged
5092,0,Unchanged
5093,0,Unchanged
5094,0,Unchanged
5095,0,Unchanged
5096,0,Unchanged
5097,0,Unchanged
5098,0,Unchanged
5099,0,Unchanged
5100,0,Unchanged
5101,0,Unchanged
5102,0,Unchanged
5103,0,Unchanged
5104,0,Unchanged
5105,0,Unchanged
5106,0,Unchanged
5107,0,Unchanged
5108,0,Unchanged
5109,0,Unchanged
5110,0,Unchanged
5111,0,Unchanged
5112,0,Unchanged
5113,0,Unchanged
5114,0.776318466322451,Unchanged
5115,0,Unchanged
5116,0,Unchanged
5117,0,Unchanged
5118,0,Unchanged
5119,0,Unchanged
5120,0,Unchanged
5121,0,Unchanged
5122,0,Unchanged
5123,0,Unchanged
5124,0,Unchanged
5125,0,Unchanged
5126,0,Unchanged
5127,0,Unchanged
5128,0,Unchanged
5129,0,Unchanged
5130,0,Unchanged
5131,0,Unchanged
5132,0,Unchanged
5133,0,Unchanged
5134,0,Unchanged
5135,0,Unchanged
5136,0,Unchanged
5137,0,Unchanged
5138,0,Unchanged
5139,0,Unchanged
5140,0,Unchanged
5141,0,Unchanged
5142,0,Unchanged
5143,0,Unchanged
5144,0,Unchanged
5145,0,Unchanged
5146,0,Unchanged
5147,0,Unchanged
5148,0,Unchanged
5149,2.67485182803284e-08,Unchanged
5150,2.67485182803284e-08,Unchanged
5151,3.09105029487e-08,Unchanged
5152,0,Unchanged
5153,0,Unchanged
5154,0,Unchanged
5155,0,Unchanged
5156,0,Unchanged
5157,0.988392014445922,Unchanged
5158,0,Unchanged
5159,0,Unchanged
5160,0,Unchanged
5161,0.458520150773176,Downregulated
5162,0,Unchanged
5163,0,Unchanged
5164,0,Unchanged
5165,0,Unchanged
5166,0,Unchanged
5167,0,Unchanged
5168,0,Unchanged
5169,0,Unchanged
5170,0,Unchanged
5171,0,Unchanged
5172,0,Unchanged
5173,0,Unchanged
5174,0,Unchanged
5175,0,Unchanged
5176,0,Unchanged
5177,0,Unchanged
5178,0,Unchanged
5179,0,Unchanged
5180,0,Unchanged
5181,0,Unchanged
5182,0,Unchanged
5183,0,Unchanged
5184,0,Unchanged
5185,0,Unchanged
5186,0,Unchanged
5187,0,Unchanged
5188,0,Unchanged
5189,0,Unchanged
5190,0,Unchanged
5191,0,Unchanged
5192,0,Unchanged
5193,0,Unchanged
5194,0,Unchanged
5195,0,Unchanged
5196,0,Unchanged
5197,0,Unchanged
5198,0,Unchanged
5199,0,Unchanged
5200,0,Unchanged
5201,0,Unchanged
5202,0,Unchanged
5203,0,Unchanged
5204,0,Unchanged
5205,0,Unchanged
5206,0,Unchanged
5207,0.149140995856804,Downregulated
5208,5.99165477407914,Upregulated
5209,38.6990328426461,Upregulated
5210,1.13016489332114,Unchanged
5211,0,Unchanged
5212,28.90774534221,Upregulated
5213,0,Unchanged
5214,0.378421138801586,Downregulated
5215,5.99166217051119,Upregulated
5216,0,Unchanged
5217,0,Unchanged
5218,0,Unchanged
5219,0,Unchanged
5220,0,Unchanged
5221,0,Unchanged
5222,0,Unchanged
5223,0,Unchanged
5224,0,Unchanged
5225,0,Unchanged
5226,0,Unchanged
5227,8507928.76685541,Unchanged
5228,7758981.76392342,Unchanged
5229,8507930.17173522,Unchanged
5230,8507930.0179519,Unchanged
5231,8507929.8178793,Unchanged
5232,8507938.32277318,Unchanged
5233,8490465.56921157,Unchanged
5234,8507927.82229709,Unchanged
5235,8507929.41464818,Unchanged
5236,8507928.56704003,Unchanged
5237,0.0764893292414651,Downregulated
5238,9.01336411255301e-07,Unchanged
5239,9.008635541079e-07,Unchanged
5240,0.00113215975885754,Unchanged
5241,21989583.2639415,Unchanged
5242,0,Unchanged
5243,0,Unchanged
5244,0,Unchanged
5245,0,Unchanged
5246,0,Unchanged
5247,0,Unchanged
5248,7.92538448235171e-08,Unchanged
5249,0,Unchanged
5250,4.56328909880645e-06,Unchanged
5251,10.6071451579251,Upregulated
5252,0.412842594274265,Downregulated
5253,18.6456348075111,Upregulated
5254,25.7295440777259,Upregulated
5255,0.414614512857688,Downregulated
5256,0.414613627320379,Downregulated
5257,79972238.194563,Unchanged
5258,2.24791079328104,Upregulated
5259,79972355.3019169,Unchanged
5260,39986170.061141,Unchanged
5261,0,Unchanged
5262,0,Unchanged
5263,13.2407838640835,Upregulated
5264,0.0476048340228436,Downregulated
5265,43.7077120473294,Upregulated
5266,0,Unchanged
5267,4034995.45607272,Unchanged
5268,71976283.739095,Unchanged
5269,0,Unchanged
5270,0,Unchanged
5271,0,Unchanged
5272,0,Unchanged
5273,0,Unchanged
5274,0,Unchanged
5275,0,Unchanged
5276,0,Unchanged
5277,0,Unchanged
5278,0,Unchanged
5279,1765189.68369425,Unchanged
5280,64907513647.9703,Unchanged
5281,2.01870414999029e-06,Unchanged
5282,4.35073043860656,Upregulated
5283,35711458.2299041,Unchanged
5284,42011278.3805041,Unchanged
5285,80.7503063322346,Upregulated
5286,21.0204927489675,Upregulated
5287,0.736299064474521,Unchanged
5288,2.28083514073252,Upregulated
5289,32.6568445412408,Upregulated
5290,3.87087217748605,Upregulated
5291,0,Unchanged
5292,4.27425280746515,Upregulated
5293,86.6756643405474,Upregulated
5294,4.67950138943293,Upregulated
5295,0,Unchanged
5296,273.403939179975,Upregulated
5297,0,Unchanged
5298,0,Unchanged
5299,0.5,Downregulated
5300,0,Unchanged
5301,3.68429914051225,Upregulated
5302,2544333.70675667,Unchanged
5303,0,Unchanged
5304,0,Unchanged
5305,18634341.0270508,Unchanged
5306,3.10561018188569,Upregulated
5307,23066255.2175863,Unchanged
5308,0.241276227856164,Downregulated
5309,84.2977869462153,Upregulated
5310,1811471.80646857,Unchanged
5311,35.1968030401178,Upregulated
5312,0,Unchanged
5313,8.34779854179979,Upregulated
5314,0,Unchanged
5315,0,Unchanged
5316,3.22025252778986,Upregulated
5317,2020942.20253794,Unchanged
5318,23255434.7473402,Unchanged
5319,3103392.67716075,Unchanged
5320,0,Unchanged
5321,5629698.9803041,Unchanged
5322,35711432.4861537,Unchanged
5323,0,Unchanged
5324,53.1041877915883,Upregulated
5325,91.87130827055,Upregulated
5326,8.26454565364472,Upregulated
5327,0,Unchanged
5328,2.35546108800787,Upregulated
5329,1.47250611151195,Unchanged
5330,16.944461747826,Upregulated
5331,37.1029100778694,Upregulated
5332,15.406869587693,Upregulated
5333,0,Unchanged
5334,0,Unchanged
5335,0,Unchanged
5336,71422864.9723073,Unchanged
5337,0,Unchanged
5338,40.6366755301952,Upregulated
5339,0,Unchanged
5340,0,Unchanged
5341,1.00000053231631,Unchanged
5342,0,Unchanged
5343,0,Unchanged
5344,290746317.056221,Unchanged
5345,1.17608832651364,Unchanged
5346,1.44430388507254,Unchanged
5347,4.55862453671379,Upregulated
5348,1.12402115462803,Unchanged
5349,0,Unchanged
5350,283.164807422937,Upregulated
5351,18.9727239051578,Upregulated
5352,0,Unchanged
5353,1725495.41609344,Unchanged
5354,2656755.26235484,Unchanged
5355,40450567.7778249,Unchanged
5356,0.891641461502023,Unchanged
5357,0.110183963357037,Downregulated
5358,0,Unchanged
5359,0,Unchanged
5360,8.23679490122242,Upregulated
5361,6.39628571037341,Upregulated
5362,0,Unchanged
5363,0,Unchanged
5364,0,Unchanged
5365,21693145.7381293,Unchanged
5366,10966062.361518,Unchanged
5367,0,Unchanged
5368,305642.415330505,Unchanged
5369,37.2201235199459,Upregulated
5370,504.1139380739,Upregulated
5371,10.2202790133114,Upregulated
5372,8.03368739702912,Upregulated
5373,3.88621707271193e-06,Unchanged
5374,7.22214614892548,Upregulated
5375,270.241932806286,Upregulated
5376,15437186.1064487,Unchanged
5377,158.146352750795,Upregulated
5378,53.8460703337924,Upregulated
5379,40.1104216748551,Upregulated
5380,40.1104392833171,Upregulated
5381,158.14639680883,Upregulated
5382,1.01165087226683,Unchanged
5383,40.5785551726524,Upregulated
5384,0.36733082119332,Downregulated
5385,40696930.5301811,Unchanged
5386,153.728679432256,Upregulated
5387,0,Unchanged
5388,11.7947720783715,Upregulated
5389,53.8460703337924,Upregulated
5390,2.61540988637287,Upregulated
5391,2.61483759522022,Upregulated
5392,2.11303026174216,Upregulated
5393,0,Unchanged
5394,0,Unchanged
5395,2.80395569660046,Upregulated
5396,2.80395569660046,Upregulated
5397,2.80399703253938,Upregulated
5398,0,Unchanged
5399,0,Unchanged
5400,0,Unchanged
5401,67.0636662345793,Upregulated
5402,0,Unchanged
5403,58.5625317392587,Upregulated
5404,196.938056770968,Upregulated
5405,15.5724709958269,Upregulated
5406,28.6940715560275,Upregulated
5407,0,Unchanged
5408,2.77672625399541,Upregulated
5409,4.53274161691273,Upregulated
5410,0.545352308245505,Unchanged
5411,1.06542451504068,Unchanged
5412,106.452021218361,Upregulated
5413,84021939.0225376,Unchanged
5414,4.54316849024789,Upregulated
5415,4.54316849024789,Upregulated
5416,0,Unchanged
5417,0,Unchanged
5418,171.458144248625,Upregulated
5419,61.8565477232883,Upregulated
5420,234.906464993204,Upregulated
5421,57.3477437325468,Upregulated
5422,4.06530604970916,Upregulated
5423,21693145.6411602,Unchanged
5424,0.00270387447995883,Unchanged
5425,0,Unchanged
5426,83664448.6164835,Unchanged
5427,105.265728990867,Upregulated
5428,43.7068095975478,Upregulated
5429,1.70895937879001,Unchanged
5430,10.5646867231459,Upregulated
5431,3.58759024749078,Upregulated
5432,31.6768321790152,Upregulated
5433,3.23176991652757,Upregulated
5434,6.85998409560127,Upregulated
5435,80.5468681930311,Upregulated
5436,56.7885051455616,Upregulated
5437,8.1450272203133,Upregulated
5438,44.1299042061804,Upregulated
5439,44.1299042061804,Upregulated
5440,176797607.051489,Unchanged
5441,275.167779919016,Upregulated
5442,4.73452963050012,Upregulated
5443,15155369.7639341,Unchanged
5444,11440835.7037149,Unchanged
5445,23.0092517579126,Upregulated
5446,84021937.8653557,Unchanged
5447,93.9944214440738,Upregulated
5448,1238.38132300526,Upregulated
5449,18.0475503385452,Upregulated
5450,9.68105989942493,Upregulated
5451,62.4718256365805,Upregulated
5452,62.4718256365805,Upregulated
5453,17.5090127090458,Upregulated
5454,468.309889150191,Upregulated
5455,49.6606353533281,Upregulated
5456,87962708.2174481,Unchanged
5457,10846574.2934926,Unchanged
5458,16636398.6645022,Unchanged
5459,0,Unchanged
5460,3.8031931007521,Upregulated
5461,2.37245183337438,Upregulated
5462,43.7296956160484,Upregulated
5463,0.567258313547493,Unchanged
5464,0,Unchanged
5465,13394123.956732,Unchanged
5466,0,Unchanged
5467,94.593592407563,Upregulated
5468,0,Unchanged
5469,2303.94848025907,Upregulated
5470,0,Unchanged
5471,33837586.7131571,Unchanged
5472,0,Unchanged
5473,4.31426746963837e-07,Unchanged
5474,17.4514594749409,Upregulated
5475,0,Unchanged
5476,17.4514602291272,Upregulated
5477,0,Unchanged
5478,0,Unchanged
5479,0,Unchanged
5480,0,Unchanged
5481,0,Unchanged
5482,0,Unchanged
5483,0,Unchanged
5484,0.592857064559601,Unchanged
5485,1.77165581707473,Unchanged
5486,47.096596839219,Upregulated
5487,1.18571389165677,Unchanged
5488,0,Unchanged
5489,0,Unchanged
5490,0,Unchanged
5491,21.8676253820147,Upregulated
5492,0.918558220652448,Unchanged
5493,0,Unchanged
5494,2,Upregulated
5495,0,Unchanged
5496,0,Unchanged
5497,158.272270567904,Upregulated
5498,0,Unchanged
5499,0,Unchanged
5500,19157556.6664624,Unchanged
5501,3994334.99298674,Unchanged
5502,9578849.20744949,Unchanged
5503,9578849.20744949,Unchanged
5504,0,Unchanged
5505,0,Unchanged
5506,0,Unchanged
5507,0,Unchanged
5508,0,Unchanged
5509,0,Unchanged
5510,0,Unchanged
5511,0,Unchanged
5512,24.551794346314,Upregulated
5513,0,Unchanged
5514,0,Unchanged
5515,0,Unchanged
5516,1.03146575050483,Unchanged
5517,1409610.76933587,Unchanged
5518,19076059.4899318,Unchanged
5519,0,Unchanged
5520,0,Unchanged
5521,0,Unchanged
5522,0,Unchanged
5523,0,Unchanged
5524,0,Unchanged
5525,0,Unchanged
5526,0,Unchanged
5527,0,Unchanged
5528,0,Unchanged
5529,0,Unchanged
5530,0,Unchanged
5531,0,Unchanged
5532,0,Unchanged
5533,0,Unchanged
5534,0,Unchanged
5535,79575907.1797061,Unchanged
5536,0,Unchanged
5537,0,Unchanged
5538,0,Unchanged
5539,845195.992631772,Unchanged
5540,1.99999970152061,Unchanged
5541,0,Unchanged
5542,0,Unchanged
5543,1.01094101942035,Unchanged
5544,7402230.22264621,Unchanged
5545,0,Unchanged
5546,421.467562325468,Upregulated
5547,0,Unchanged
5548,421.467562325468,Upregulated
5549,0,Unchanged
5550,0,Unchanged
5551,1.01094101942035,Unchanged
5552,0,Unchanged
5553,0,Unchanged
5554,19157556.6664624,Unchanged
5555,19157556.6664624,Unchanged
5556,2,Upregulated
5557,0,Unchanged
5558,0,Unchanged
5559,0,Unchanged
5560,31816060.8892155,Unchanged
5561,0,Unchanged
5562,0,Unchanged
5563,0,Unchanged
5564,0,Unchanged
5565,0,Unchanged
5566,0,Unchanged
5567,0,Unchanged
5568,0,Unchanged
5569,43751023.2337408,Unchanged
5570,20712217.1858148,Unchanged
5571,5908354.02617033,Unchanged
5572,706140.944486765,Unchanged
5573,71422865.6815136,Unchanged
5574,5908353.3495591,Unchanged
5575,7335309.73505475,Unchanged
5576,74769232.6033886,Unchanged
5577,7335309.73505475,Unchanged
5578,74769232.6033886,Unchanged
5579,7335309.73505475,Unchanged
5580,74769232.6033886,Unchanged
5581,7335309.73505475,Unchanged
5582,74769232.6033886,Unchanged
5583,1725386.52792003,Unchanged
5584,19698155.3648668,Unchanged
5585,9880210.61432591,Unchanged
5586,705007.658324671,Unchanged
5587,175925416.434896,Unchanged
5588,5908353.14393176,Unchanged
5589,5908353.14393176,Unchanged
5590,107770937.638764,Unchanged
5591,7335309.73505475,Unchanged
5592,74769232.6033886,Unchanged
5593,3667654.86752738,Unchanged
5594,37384616.3016943,Unchanged
5595,0.0932937670659285,Downregulated
5596,19698155.3648668,Unchanged
5597,0,Unchanged
5598,1.03146584775349,Unchanged
5599,0,Unchanged
5600,4940105.30716295,Unchanged
5601,0,Unchanged
5602,1.55369417946812,Unchanged
5603,25.5677223002342,Upregulated
5604,0,Unchanged
5605,5115459.32965308,Unchanged
5606,39.9481345771037,Upregulated
5607,1329030.75463816,Unchanged
5608,0,Unchanged
5609,19179786.6906663,Unchanged
5610,9880210.2970411,Unchanged
5611,0,Unchanged
5612,3103392.43876786,Unchanged
5613,0,Unchanged
5614,5.65026696066447,Upregulated
5615,0.412765665006202,Downregulated
5616,0.312379912898197,Downregulated
5617,5.827305351884,Upregulated
5618,0.319471879324432,Downregulated
5619,0.319471896991012,Downregulated
5620,5.53451030179816,Upregulated
5621,0.396629147366223,Downregulated
5622,4.04286392822662,Upregulated
5623,12.4704859514807,Upregulated
5624,0.848789920282316,Unchanged
5625,37384869.0826531,Unchanged
5626,0.234129902560053,Downregulated
5627,0.410815451340469,Downregulated
5628,3.8698009991896,Upregulated
5629,290.800081306753,Upregulated
5630,4875627.30838404,Unchanged
5631,19076058.3936218,Unchanged
5632,3054443.10018122,Unchanged
5633,703525.931740281,Unchanged
5634,0,Unchanged
5635,19698155.3648668,Unchanged
5636,11.7978229180169,Upregulated
5637,12001925.9383589,Unchanged
5638,0,Unchanged
5639,5107894.14943211,Unchanged
5640,0,Unchanged
5641,0.303419869900704,Downregulated
5642,0.39077509946154,Downregulated
5643,6.20032729761213,Upregulated
5644,5.51684985013338,Upregulated
5645,0.375498268215064,Downregulated
5646,3.82747495534847,Upregulated
5647,6.20032632123301,Upregulated
5648,5.51684898138296,Upregulated
5649,0.340596974191172,Downregulated
5650,0.340596974191172,Downregulated
5651,0,Unchanged
5652,60561316.0561715,Unchanged
5653,27.133033572286,Upregulated
5654,5.81159168434636,Upregulated
5655,239.663946021685,Upregulated
5656,5.46107046668098,Upregulated
5657,107770937.638764,Unchanged
5658,6.54924625148772,Upregulated
5659,53.9239629683858,Upregulated
5660,18.3316409190883,Upregulated
5661,5.8273066028178,Upregulated
5662,2.02580791578898,Upregulated
5663,6.22017568637019,Upregulated
5664,24.095633665585,Upregulated
5665,0.465306492246845,Downregulated
5666,695.522597664675,Upregulated
5667,1.62347746429557,Unchanged
5668,3.7111767712123,Upregulated
5669,0,Unchanged
5670,0,Unchanged
5671,0,Unchanged
5672,0,Unchanged
5673,9.85586109840911e-05,Unchanged
5674,3.77776616876599e-05,Unchanged
5675,1.64004266894218,Unchanged
5676,3.83972801172099,Upregulated
5677,4.61581414315972,Upregulated
5678,1.31432614748857,Unchanged
5679,111.711672667992,Upregulated
5680,0.30915134858732,Downregulated
5681,4.61672484225377,Upregulated
5682,3.52947613508558,Upregulated
5683,10.3635085309032,Upregulated
5684,2.59480174231618,Upregulated
5685,0.595998311282595,Unchanged
5686,2.71392542220477,Upregulated
5687,2.07946771267529,Upregulated
5688,17.3397615814032,Upregulated
5689,2.07946793585468,Upregulated
5690,2.71446077829642,Upregulated
5691,19.3101813548614,Upregulated
5692,0,Unchanged
5693,0,Unchanged
5694,0,Unchanged
5695,0,Unchanged
5696,0,Unchanged
5697,0.000132877209953627,Unchanged
5698,0,Unchanged
5699,2.69074219191661,Upregulated
5700,2.52036246614184,Upregulated
5701,0,Unchanged
5702,0,Unchanged
5703,0,Unchanged
5704,0,Unchanged
5705,0,Unchanged
5706,0,Unchanged
5707,0,Unchanged
5708,0,Unchanged
5709,0,Unchanged
5710,0,Unchanged
5711,0.632556113090038,Unchanged
5712,1.65679884040202,Unchanged
5713,1.73486245767866,Unchanged
5714,4.88381895370783,Upregulated
5715,0,Unchanged
5716,0,Unchanged
5717,0,Unchanged
5718,0,Unchanged
5719,0,Unchanged
5720,0,Unchanged
5721,20712217.1858148,Unchanged
5722,19.7155228707447,Upregulated
5723,0,Unchanged
5724,22.574749922608,Upregulated
5725,6.25312268281143,Upregulated
5726,4.93870112567633,Upregulated
5727,0,Unchanged
5728,9.58562273549252,Upregulated
5729,12.1036250635233,Upregulated
5730,15.5774691460344,Upregulated
5731,5.24641886183895,Upregulated
5732,5.7007405089816,Upregulated
5733,5.7007405089816,Upregulated
5734,0,Unchanged
5735,2.12214737793397,Upregulated
5736,0,Unchanged
5737,0,Unchanged
5738,0,Unchanged
5739,0,Unchanged
5740,0,Unchanged
5741,3.58356147788416e-07,Unchanged
5742,0,Unchanged
5743,14.3292702809661,Upregulated
5744,0.000153054123807536,Unchanged
5745,2.520377741007e-06,Unchanged
5746,0,Unchanged
5747,0,Unchanged
5748,3.33669642155111,Upregulated
5749,27.3374616976515,Upregulated
5750,23.4675368070719,Upregulated
5751,23.7288805807788,Upregulated
5752,166.97728784257,Upregulated
5753,1.14133606103435,Unchanged
5754,0,Unchanged
5755,8.40309497561975e-07,Unchanged
5756,9.37519977242118e-08,Unchanged
5757,0.94691549097989,Unchanged
5758,8.40309497561975e-07,Unchanged
5759,0.339150371063305,Downregulated
5760,88.1999079541708,Upregulated
5761,5.22069558846324,Upregulated
5762,72.0464781435008,Upregulated
5763,0.490495218422041,Downregulated
5764,0.000756782396400676,Unchanged
5765,21.9305857526821,Upregulated
5766,0.0253090241201266,Downregulated
5767,0.234817822538742,Downregulated
5768,5.20496585273223,Upregulated
5769,0,Unchanged
5770,2.70414660626683e-07,Unchanged
5771,0.0166252014489294,Downregulated
5772,4.38495723926735e-08,Unchanged
5773,9.67504394959585e-07,Unchanged
5774,0,Unchanged
5775,0.0462951158023433,Downregulated
5776,0,Unchanged
5777,0,Unchanged
5778,0.0473230508753931,Downregulated
5779,4.4823205148032e-08,Unchanged
5780,0.00754994184642155,Unchanged
5781,1.025980235439e-06,Unchanged
5782,1.49456267799781,Unchanged
5783,0,Unchanged
5784,0,Unchanged
5785,13.6037113000119,Upregulated
5786,62.6463429312894,Upregulated
5787,0,Unchanged
5788,3.4824316153497,Upregulated
5789,9.23805739482852,Upregulated
5790,10053862.0329082,Unchanged
5791,5026931.01645409,Unchanged
5792,0,Unchanged
5793,0,Unchanged
5794,1.06754937788812,Unchanged
5795,0,Unchanged
5796,339940844.71786,Unchanged
5797,4.56395444833817,Upregulated
5798,0,Unchanged
5799,0,Unchanged
5800,0,Unchanged
5801,0,Unchanged
5802,0,Unchanged
5803,0,Unchanged
5804,0,Unchanged
5805,0,Unchanged
5806,5.06677142719962,Upregulated
5807,39986130.0320791,Unchanged
5808,0.197429386113112,Downregulated
5809,4.54589562596434e-09,Unchanged
5810,0,Unchanged
5811,0,Unchanged
5812,5.12366077511729,Upregulated
5813,0,Unchanged
5814,0,Unchanged
5815,0,Unchanged
5816,21.9430695792504,Upregulated
5817,0,Unchanged
5818,0,Unchanged
5819,0,Unchanged
5820,18.9691553534915,Upregulated
5821,0,Unchanged
5822,0,Unchanged
5823,0,Unchanged
5824,0,Unchanged
5825,0,Unchanged
5826,0,Unchanged
5827,0,Unchanged
5828,0,Unchanged
5829,0,Unchanged
5830,0,Unchanged
5831,0,Unchanged
5832,0,Unchanged
5833,0,Unchanged
5834,0,Unchanged
5835,0,Unchanged
5836,4.4236452721618,Upregulated
5837,0,Unchanged
5838,0,Unchanged
5839,0,Unchanged
5840,1.78881000850879e-05,Unchanged
5841,12136798.7008972,Unchanged
5842,1.01336996056541,Unchanged
5843,5.77250901345644,Upregulated
5844,0,Unchanged
5845,32.1461584134801,Upregulated
5846,79972240.4179238,Unchanged
5847,87.7991561270173,Upregulated
5848,-2.40247581715742e-09,Unchanged
5849,2.40247581715742e-09,Unchanged
5850,7411775.35834011,Unchanged
5851,1391174.4566651,Unchanged
5852,398550.981134251,Unchanged
5853,4.82377093583435e-07,Unchanged
5854,4.82377188661486e-07,Unchanged
5855,0,Unchanged
5856,0,Unchanged
5857,3.64611526645289,Upregulated
5858,0,Unchanged
5859,0.154837543125004,Downregulated
5860,0,Unchanged
5861,0,Unchanged
5862,1.45157844345477,Unchanged
5863,2.15535553581964,Upregulated
5864,4983586.86686741,Unchanged
5865,2.33793070470689,Upregulated
5866,14.2461140012957,Upregulated
5867,11.5944742028287,Upregulated
5868,7.57292444143938,Upregulated
5869,9.95829656323732,Upregulated
5870,2.42280435521184,Upregulated
5871,0.00832263373999952,Unchanged
5872,0.251592511272618,Downregulated
5873,0.376854600163419,Downregulated
5874,1.50901270154237,Unchanged
5875,0,Unchanged
5876,3.11157783776368,Upregulated
5877,1.13162592283113,Unchanged
5878,6.01910198532755e-06,Unchanged
5879,0,Unchanged
5880,0,Unchanged
5881,16.1774660769888,Upregulated
5882,2.60896991805275,Upregulated
5883,0,Unchanged
5884,0,Unchanged
5885,0,Unchanged
5886,0,Unchanged
5887,0,Unchanged
5888,0,Unchanged
5889,0,Unchanged
5890,0,Unchanged
5891,0,Unchanged
5892,0,Unchanged
5893,10.377601261435,Upregulated
5894,0.109490654509591,Downregulated
5895,0,Unchanged
5896,0,Unchanged
5897,0,Unchanged
5898,0,Unchanged
5899,0,Unchanged
5900,0,Unchanged
5901,0,Unchanged
5902,5.501137017755e-07,Unchanged
5903,1.37385346861382e-07,Unchanged
5904,0,Unchanged
5905,0,Unchanged
5906,0,Unchanged
5907,0,Unchanged
5908,0,Unchanged
5909,0,Unchanged
5910,0,Unchanged
5911,0,Unchanged
5912,0,Unchanged
5913,0,Unchanged
5914,1.38708697068399,Unchanged
5915,0,Unchanged
5916,0,Unchanged
5917,18.7626526358998,Upregulated
5918,0,Unchanged
5919,3.71796241098012,Upregulated
5920,0,Unchanged
5921,0.787386570209701,Unchanged
5922,19.3258148877398,Upregulated
5923,1.03359441400244e-07,Unchanged
5924,0,Unchanged
5925,38.3504256046305,Upregulated
5926,0,Unchanged
5927,6.64715966389518,Upregulated
5928,0,Unchanged
5929,52.7425357306523,Upregulated
5930,4.33758532794087,Upregulated
5931,6.09723580524606,Upregulated
5932,0,Unchanged
5933,0,Unchanged
5934,17308.6474972703,Upregulated
5935,0,Unchanged
5936,0.000225090065355663,Unchanged
5937,0,Unchanged
5938,17.8047178640148,Upregulated
5939,0,Unchanged
5940,18.7396951928616,Upregulated
5941,8.78714720783022e-07,Unchanged
5942,2.29285706425761e-07,Unchanged
5943,7.76528553589205,Upregulated
5944,0.901039230737372,Unchanged
5945,5.25403971064046,Upregulated
5946,7.62467468944431,Upregulated
5947,7.25931275331105e-08,Unchanged
5948,0.656304395957848,Unchanged
5949,0.0578565742375388,Downregulated
5950,0,Unchanged
5951,0,Unchanged
5952,2.90271762944707,Upregulated
5953,0.177176516301787,Downregulated
5954,0,Unchanged
5955,0.545948395105261,Unchanged
5956,2.47806409079075,Upregulated
5957,0,Unchanged
5958,0,Unchanged
5959,8.74250775387375,Upregulated
5960,1.20145302037091,Unchanged
5961,0.000312531941626159,Unchanged
5962,2.92771326507319,Upregulated
5963,0,Unchanged
5964,0,Unchanged
5965,1.27805817205211e-06,Unchanged
5966,35.2719584793986,Upregulated
5967,6.35141985844712e-07,Unchanged
5968,0.830084850048996,Unchanged
5969,0,Unchanged
5970,-1.13686837721616e-16,Unchanged
5971,0,Unchanged
5972,23.4225180805556,Upregulated
5973,0,Unchanged
5974,0,Unchanged
5975,0,Unchanged
5976,0,Unchanged
5977,0,Unchanged
5978,0,Unchanged
5979,0,Unchanged
5980,0,Unchanged
5981,0,Unchanged
5982,0,Unchanged
5983,0,Unchanged
5984,0,Unchanged
5985,0,Unchanged
5986,3.63944564712908,Upregulated
5987,13.419828233425,Upregulated
5988,5.39019594254255,Upregulated
5989,0,Unchanged
5990,0,Unchanged
5991,0,Unchanged
5992,0,Unchanged
5993,0,Unchanged
5994,0,Unchanged
5995,0,Unchanged
5996,0,Unchanged
5997,18.3551717500494,Upregulated
5998,6.5709513901275,Upregulated
5999,-6.32002978683638e-09,Unchanged
6000,0,Unchanged
6001,0,Unchanged
6002,0,Unchanged
6003,0,Unchanged
6004,0,Unchanged
6005,0,Unchanged
6006,0,Unchanged
6007,0,Unchanged
6008,0,Unchanged
6009,0,Unchanged
6010,1.18334252753998,Unchanged
6011,1.18334239946419,Unchanged
6012,0,Unchanged
6013,0,Unchanged
6014,0,Unchanged
6015,0,Unchanged
6016,0,Unchanged
6017,0,Unchanged
6018,0,Unchanged
6019,0.0933512262626409,Downregulated
6020,5.7431852179377,Upregulated
6021,9.10528590262343e-05,Unchanged
6022,2.39642469111146e-07,Unchanged
6023,0,Unchanged
6024,0.146322847622253,Downregulated
6025,0.146503651728844,Downregulated
6026,2.29824311836551,Upregulated
6027,0,Unchanged
6028,0,Unchanged
6029,0.736109965549329,Unchanged
6030,0,Unchanged
6031,0,Unchanged
6032,67.9411267088352,Upregulated
6033,67.9411267088352,Upregulated
6034,0,Unchanged
6035,0,Unchanged
6036,4.00019564171998e-05,Unchanged
6037,1.51683929691183,Unchanged
6038,20186522.1946551,Unchanged
6039,4.5717934457028,Upregulated
6040,0,Unchanged
6041,115958.878627271,Unchanged
6042,0,Unchanged
6043,43.2136121046031,Upregulated
6044,493.406322125327,Upregulated
6045,9.32627651795008,Upregulated
6046,0,Unchanged
6047,0,Unchanged
6048,3.48009478046714,Upregulated
6049,579.758534122436,Upregulated
6050,422.493941948346,Upregulated
6051,0.238587241037235,Downregulated
6052,1.82953723277379,Unchanged
6053,0,Unchanged
6054,4610923.90848323,Unchanged
6055,4610923.64172998,Unchanged
6056,0,Unchanged
6057,0,Unchanged
6058,410365742.297103,Unchanged
6059,0,Unchanged
6060,3.30459439081508,Upregulated
6061,0,Unchanged
6062,0.00805393185815096,Unchanged
6063,0,Unchanged
6064,0,Unchanged
6065,2.96405986120842,Upregulated
6066,0,Unchanged
6067,0.5,Downregulated
6068,0.0790665108464999,Downregulated
6069,2.40418820727707,Upregulated
6070,3.83565556749043,Upregulated
6071,0,Unchanged
6072,0,Unchanged
6073,11559328.6099231,Unchanged
6074,0,Unchanged
6075,8.17057416988792e-08,Unchanged
6076,7.17331823352163,Upregulated
6077,9221848.57686519,Unchanged
6078,0.162426061647266,Downregulated
6079,0,Unchanged
6080,6.59049692366059e-08,Unchanged
6081,0,Unchanged
6082,0,Unchanged
6083,15.6033467166286,Upregulated
6084,16.1238112717001,Upregulated
6085,8.64839478103594,Upregulated
6086,4.32419650789022,Upregulated
6087,4.32419310317943,Upregulated
6088,6914506.54239783,Unchanged
6089,1.16713976517562,Unchanged
6090,9.56036881282641e-07,Unchanged
6091,50.3612007702394,Upregulated
6092,18.3810149092111,Upregulated
6093,1.4334979107573,Unchanged
6094,0.703339410074681,Unchanged
6095,9.64135139302249e-08,Unchanged
6096,130368893892.359,Unchanged
6097,25915941.8557132,Unchanged
6098,0,Unchanged
6099,0,Unchanged
6100,0,Unchanged
6101,0,Unchanged
6102,0,Unchanged
6103,0,Unchanged
6104,0,Unchanged
6105,151029.634774319,Unchanged
6106,0,Unchanged
6107,0,Unchanged
6108,0.764853055996376,Unchanged
6109,9.9617484139003e-08,Unchanged
6110,60.0055042767447,Upregulated
6111,0,Unchanged
6112,180.618012041838,Upregulated
6113,0,Unchanged
6114,0,Unchanged
6115,6604862.99727898,Unchanged
6116,1.57239801685321,Unchanged
6117,0.249024297103129,Downregulated
6118,1.57205349266338,Unchanged
6119,0.67876924249748,Unchanged
6120,0,Unchanged
6121,0.202986703830829,Downregulated
6122,0.321267320587876,Downregulated
6123,3.43171011515156,Upregulated
6124,5.40435097847403,Upregulated
6125,17160669.1112841,Unchanged
6126,50.0033349080785,Upregulated
6127,12.4000484240288,Upregulated
6128,0,Unchanged
6129,0.354639193945015,Downregulated
6130,0.623349348597696,Unchanged
6131,0.112113096547662,Downregulated
6132,4959396.27204709,Unchanged
6133,10.5745174026807,Upregulated
6134,4.59284340875293,Upregulated
6135,31816060.8892155,Unchanged
6136,38.7074505140064,Upregulated
6137,19.6143780608678,Upregulated
6138,0,Unchanged
6139,0.292725855647253,Downregulated
6140,22.6661005618139,Upregulated
6141,39986157.8928964,Unchanged
6142,0,Unchanged
6143,0.519068122924031,Unchanged
6144,0,Unchanged
6145,0,Unchanged
6146,79972315.7857927,Unchanged
6147,20250473.4000006,Unchanged
6148,50.4000537497605,Upregulated
6149,0,Unchanged
6150,19.9660062349508,Upregulated
6151,1376.59816416507,Upregulated
6152,79972315.7857927,Unchanged
6153,177.472645389685,Upregulated
6154,147.034262217785,Upregulated
6155,145.653614956963,Upregulated
6156,47.8978423177878,Upregulated
6157,2391.25685000561,Upregulated
6158,5.0260682470239,Upregulated
6159,0,Unchanged
6160,79972315.7857927,Unchanged
6161,107.58215462334,Upregulated
6162,79972315.7857927,Unchanged
6163,79972315.7857927,Unchanged
6164,2485.27139134683,Upregulated
6165,70.9156055273414,Upregulated
6166,40501391.3864524,Unchanged
6167,79453360.1716413,Unchanged
6168,151.04386870313,Upregulated
6169,0,Unchanged
6170,36.0797185647177,Upregulated
6171,11.5887831484864,Upregulated
6172,0,Unchanged
6173,307.320955799423,Upregulated
6174,79972315.7857927,Unchanged
6175,4.32420016616245,Upregulated
6176,12867.757708875,Upregulated
6177,19.961639158306,Upregulated
6178,5900372.28321479,Unchanged
6179,3.50615253796475,Upregulated
6180,39986157.8928964,Unchanged
6181,14627.4864986475,Upregulated
6182,1.77687135242061,Unchanged
6183,79972240.8496341,Unchanged
6184,4.02732717895486,Upregulated
6185,1599.52494409834,Upregulated
6186,2.22403788877917,Upregulated
6187,79972315.7857927,Unchanged
6188,31723249.0540125,Unchanged
6189,2.14746508175962,Upregulated
6190,1.13893322842437,Unchanged
6191,4.32420027484766,Upregulated
6192,7.33701555750193,Upregulated
6193,0,Unchanged
6194,0,Unchanged
6195,26039158.2011212,Unchanged
6196,18634381.5709547,Unchanged
6197,4.32420032996851,Upregulated
6198,2.22403796230921,Upregulated
6199,144.97139723421,Upregulated
6200,3.48010132191864,Upregulated
6201,1.44140004828451,Unchanged
6202,39986157.8928964,Unchanged
6203,79972315.7857927,Unchanged
6204,79972315.7857927,Unchanged
6205,0,Unchanged
6206,57767745.8037136,Unchanged
6207,0,Unchanged
6208,8.27818981860788,Upregulated
6209,0,Unchanged
6210,0,Unchanged
6211,4.66950891536345,Upregulated
6212,1.01407458002816,Unchanged
6213,13.3211345796516,Upregulated
6214,1.13893322842437,Unchanged
6215,3.60572337227556,Upregulated
6216,11462.5920680363,Upregulated
6217,0,Unchanged
6218,18634381.2654426,Unchanged
6219,2.66066082647421,Upregulated
6220,39.8611459371927,Upregulated
6221,45.5009615169315,Upregulated
6222,79972315.7857927,Unchanged
6223,39.409905912622,Upregulated
6224,79972315.7857927,Unchanged
6225,1.01407458002816,Unchanged
6226,1.01407458002816,Unchanged
6227,173110187.018579,Unchanged
6228,80901134.5054563,Unchanged
6229,6645273.09307764,Unchanged
6230,11666590.1708553,Unchanged
6231,199.994173800012,Upregulated
6232,79972247.6010812,Unchanged
6233,1.00000009639988,Unchanged
6234,91594988.0123977,Unchanged
6235,32713369.1076681,Unchanged
6236,0,Unchanged
6237,79972247.6010812,Unchanged
6238,79632096.5387788,Unchanged
6239,0.0211181126291708,Downregulated
6240,0.00529351582658946,Unchanged
6241,489584295.068548,Unchanged
6242,5600.81777074439,Upregulated
6243,0,Unchanged
6244,3.56443167913767e-06,Unchanged
6245,0,Unchanged
6246,0,Unchanged
6247,7.70145095806994,Upregulated
6248,11.1712694009233,Upregulated
6249,0.00895742221732643,Unchanged
6250,0,Unchanged
6251,7.70145058280723,Upregulated
6252,239916685.262777,Unchanged
6253,0,Unchanged
6254,51.7532345493898,Upregulated
6255,0,Unchanged
6256,265260.089359317,Unchanged
6257,0.64590660842077,Unchanged
6258,0,Unchanged
6259,0,Unchanged
6260,12.3425086301002,Upregulated
6261,1.17297508635354,Unchanged
6262,1600161.69624519,Unchanged
6263,0,Unchanged
6264,12168152.3477473,Unchanged
6265,12245224.9346429,Unchanged
6266,0,Unchanged
6267,0.947267324836335,Unchanged
6268,15.1234692476215,Upregulated
6269,0,Unchanged
6270,10880844.5920721,Unchanged
6271,0,Unchanged
6272,0,Unchanged
6273,10.8886210140118,Upregulated
6274,2440.83370879682,Upregulated
6275,1.13882121793269e-07,Unchanged
6276,14.1702471783588,Upregulated
6277,543.623583421559,Upregulated
6278,5492642.43214811,Unchanged
6279,1.35932796535613,Unchanged
6280,0.756039442333788,Unchanged
6281,15785614.045146,Unchanged
6282,0,Unchanged
6283,556.462808270946,Upregulated
6284,14.1702439231976,Upregulated
6285,52.5173806647968,Upregulated
6286,3605481.77164983,Unchanged
6287,84.2237878633799,Upregulated
6288,0,Unchanged
6289,0.674053190482511,Unchanged
6290,0.224133959963768,Downregulated
6291,190806586.27736,Unchanged
6292,0,Unchanged
6293,0,Unchanged
6294,0,Unchanged
6295,0.537607218047046,Unchanged
6296,1806501.47620453,Unchanged
6297,1806500.5123409,Unchanged
6298,0,Unchanged
6299,0,Unchanged
6300,7.01958011343185,Upregulated
6301,0,Unchanged
6302,1600531.72335472,Unchanged
6303,27.3374930594425,Upregulated
6304,7.76757467913699,Upregulated
6305,0.85335036012044,Unchanged
6306,1.32063782732913,Unchanged
6307,0,Unchanged
6308,0,Unchanged
6309,0.3362009385319,Downregulated
6310,0,Unchanged
6311,243459134.786725,Unchanged
6312,21600858.3341227,Unchanged
6313,0,Unchanged
6314,8.6005983011356,Upregulated
6315,175861925.139482,Unchanged
6316,0.993982010111928,Unchanged
6317,2.08456805468667,Upregulated
6318,2.3609937650936,Upregulated
6319,39.7232987692194,Upregulated
6320,551963.446663406,Unchanged
6321,16.0620825761385,Upregulated
6322,7.22759432824706,Upregulated
6323,0,Unchanged
6324,0,Unchanged
6325,0,Unchanged
6326,55278510.3175013,Unchanged
6327,0,Unchanged
6328,21273997.8205083,Unchanged
6329,0,Unchanged
6330,1.44140175583672,Unchanged
6331,1.16798480357676,Unchanged
6332,1.16798507112702,Unchanged
6333,4.32420521748949,Upregulated
6334,32.6020915766978,Upregulated
6335,5.17736991337451,Upregulated
6336,7063334.16817578,Unchanged
6337,441.390700392799,Upregulated
6338,0.26962597473639,Downregulated
6339,4.37886044934986,Upregulated
6340,24.0435180429442,Upregulated
6341,39986043.0287569,Unchanged
6342,0.190142440005914,Downregulated
6343,3.98139613665702,Upregulated
6344,38.3907277959509,Upregulated
6345,10955039.3947743,Unchanged
6346,10831983.0368845,Unchanged
6347,79972254.2731017,Unchanged
6348,4.96850861413899,Upregulated
6349,9072150.54748435,Unchanged
6350,3.23143324855199,Upregulated
6351,21693146.1895371,Unchanged
6352,39986139.6550095,Unchanged
6353,3.13153635771819,Upregulated
6354,12861284.5203523,Unchanged
6355,0,Unchanged
6356,383.061991936585,Upregulated
6357,15.8449228214695,Upregulated
6358,10.6902551927871,Upregulated
6359,39.4098834941408,Upregulated
6360,14.6807232242904,Upregulated
6361,3.98226885354919,Upregulated
6362,3.98226885354919,Upregulated
6363,7.3431556751911,Upregulated
6364,1.99189207491225,Unchanged
6365,1.99189202056635,Unchanged
6366,47.026486392771,Upregulated
6367,6.6571267806045,Upregulated
6368,173.364625994912,Upregulated
6369,58.9422665278356,Upregulated
6370,58.9422665278356,Upregulated
6371,46.90334099188,Upregulated
6372,12.7228895199797,Upregulated
6373,46.90334099188,Upregulated
6374,922.508949195911,Upregulated
6375,922.508949195911,Upregulated
6376,3415.38813977599,Upregulated
6377,0,Unchanged
6378,0,Unchanged
6379,0,Unchanged
6380,0,Unchanged
6381,9.92898177484238,Upregulated
6382,3.17042645762034,Upregulated
6383,11.6878436561651,Upregulated
6384,3.17042624064351,Upregulated
6385,3.037793127235,Upregulated
6386,11.1988888672864,Upregulated
6387,11.1988888672864,Upregulated
6388,3.037793127235,Upregulated
6389,13.7226587759996,Upregulated
6390,50.5888729612048,Upregulated
6391,11.4228519535337,Upregulated
6392,3.09854499896396,Upregulated
6393,1.05684807117557,Unchanged
6394,2.16209823759726,Upregulated
6395,0,Unchanged
6396,1.17297465388526,Unchanged
6397,1.17297465388526,Unchanged
6398,4.32419596819654,Upregulated
6399,1.17297463218911,Unchanged
6400,4.32419674683727,Upregulated
6401,1.17297482055483,Unchanged
6402,1.17297482055483,Unchanged
6403,4.32419629338417,Upregulated
6404,4.32417184172724,Upregulated
6405,1.16798478974493,Unchanged
6406,1.16798478974493,Unchanged
6407,4.32417184172724,Upregulated
6408,1.17297451125833,Unchanged
6409,4.32418775699738,Upregulated
6410,1.16798475460876,Unchanged
6411,1.16798474923684,Unchanged
6412,4.32418773710913,Upregulated
6413,1.16798478186329,Unchanged
6414,7.15937868756435e-07,Unchanged
6415,1.17297494681224,Unchanged
6416,0.827873168347831,Unchanged
6417,1.17297467157461,Unchanged
6418,1.17297496021124,Unchanged
6419,1.17297496021124,Unchanged
6420,1.1729747290694,Unchanged
6421,4.3241972126005,Upregulated
6422,1.17297461950386,Unchanged
6423,1.17297461950386,Unchanged
6424,4.3241972126005,Upregulated
6425,4.3241972126005,Upregulated
6426,0.449680015902148,Downregulated
6427,1.14643589228942,Unchanged
6428,0.824275641064988,Unchanged
6429,28.5236309672167,Upregulated
6430,10846572.6015637,Unchanged
6431,1.17297486097242,Unchanged
6432,3.60571910185919,Upregulated
6433,4.32419778140582,Upregulated
6434,1.17297488122216,Unchanged
6435,0.909291413043775,Unchanged
6436,2.66065848532004,Upregulated
6437,5.86603417728505,Upregulated
6438,0.908748778989332,Unchanged
6439,10846573.3605976,Unchanged
6440,0.154438675130561,Downregulated
6441,1.0939520617073,Unchanged
6442,1.09395256723084,Unchanged
6443,1.09395237440282,Unchanged
6444,1.09395227746769,Unchanged
6445,1.44400195953089,Unchanged
6446,0.391697788512912,Downregulated
6447,0.391697788512912,Downregulated
6448,1.44400195953089,Unchanged
6449,51.6061740012092,Upregulated
6450,2.32719891731519,Upregulated
6451,0.426647568393915,Downregulated
6452,15.5380278829812,Upregulated
6453,1.57284504775487,Unchanged
6454,4.21482119057279,Upregulated
6455,0.335273005288479,Downregulated
6456,1.57284504775487,Unchanged
6457,2.15169112244658e-07,Unchanged
6458,17.25107609533,Upregulated
6459,24.4563734427508,Upregulated
6460,21.9305878600816,Upregulated
6461,1.57284482936813,Unchanged
6462,1.53588638714446,Unchanged
6463,1.75222952038521,Unchanged
6464,1.75222952038521,Unchanged
6465,5.26185463605335,Upregulated
6466,1.57284482936813,Unchanged
6467,112755.97920466,Unchanged
6468,0.111653946130953,Downregulated
6469,0,Unchanged
6470,0.278514654230784,Downregulated
6471,21854660.773431,Unchanged
6472,610030.139983138,Unchanged
6473,79972243.7002665,Unchanged
6474,0,Unchanged
6475,25.1704943767444,Upregulated
6476,0.516744783234093,Unchanged
6477,0.0094220398082214,Unchanged
6478,0.252642433027756,Downregulated
6479,0.263940911967972,Downregulated
6480,37.1421731302801,Upregulated
6481,0,Unchanged
6482,0.380203789868575,Downregulated
6483,4881357.52388158,Unchanged
6484,0.0323050877215036,Downregulated
6485,2.60626352710661,Upregulated
6486,0.131591659610098,Downregulated
6487,1.05297408796672,Unchanged
6488,2.64294340621974,Upregulated
6489,5.73247627791487,Upregulated
6490,5.73247627791487,Upregulated
6491,0.0330529110418904,Downregulated
6492,0.313437706416084,Downregulated
6493,0,Unchanged
6494,5.86433925912622,Upregulated
6495,1.46996865077636,Unchanged
6496,52.5173895079495,Upregulated
6497,1.18483638861902,Unchanged
6498,0.296993837901638,Downregulated
6499,3.55194697219587,Upregulated
6500,4.67950153264715,Upregulated
6501,4.65571606932494,Upregulated
6502,1.43691581800273,Unchanged
6503,14.1703705288224,Upregulated
6504,5.16908039263929,Upregulated
6505,0.792015553742827,Unchanged
6506,19.9912101685644,Upregulated
6507,20.0749555427889,Upregulated
6508,0.148606873383236,Downregulated
6509,21.8676291059772,Upregulated
6510,5.48138983803267,Upregulated
6511,35.6878848612016,Upregulated
6512,34.3914194518242,Upregulated
6513,1.08142431805563e-07,Unchanged
6514,0,Unchanged
6515,19.0956497817525,Upregulated
6516,21.8676291311878,Upregulated
6517,4.78655916635458,Upregulated
6518,0,Unchanged
6519,0,Unchanged
6520,0,Unchanged
6521,0,Unchanged
6522,4.31426726720474e-07,Unchanged
6523,0,Unchanged
6524,4.3142682159214e-07,Unchanged
6525,0,Unchanged
6526,0,Unchanged
6527,0,Unchanged
6528,0.784873740643488,Unchanged
6529,0.297213863936667,Downregulated
6530,1.18571385337079,Unchanged
6531,0.297061066987823,Downregulated
6532,1.18510460021929,Unchanged
6533,1.1857141844135,Unchanged
6534,0.297061066987823,Downregulated
6535,0.297213854812679,Downregulated
6536,1.18510457964711,Unchanged
6537,1.18571416383073,Unchanged
6538,0.297061055031268,Downregulated
6539,2.70350115891888,Upregulated
6540,1.18571418878782,Unchanged
6541,0.29721381797288,Downregulated
6542,0,Unchanged
6543,3.55714268388351,Upregulated
6544,0.891641474741713,Unchanged
6545,0.891641474741713,Unchanged
6546,3.55714268388351,Upregulated
6547,3.55714268388351,Upregulated
6548,0.891641474741713,Unchanged
6549,0.891641474741713,Unchanged
6550,3.55714268388351,Upregulated
6551,3.55714268388351,Upregulated
6552,0.891641474741713,Unchanged
6553,0.891641434135257,Unchanged
6554,3.5571426946631,Upregulated
6555,3.5571426946631,Upregulated
6556,0.891641434135257,Unchanged
6557,0.000514542604847557,Unchanged
6558,0.000189696801425527,Unchanged
6559,0.000756781220527328,Unchanged
6560,0,Unchanged
6561,0,Unchanged
6562,1.03898608800425,Unchanged
6563,5.80326944714282,Upregulated
6564,4.14496285368111,Upregulated
6565,1.03898598910981,Unchanged
6566,4.14496348848565,Upregulated
6567,1.0389859913819,Unchanged
6568,4.14496231361426,Upregulated
6569,8.01471040595185,Upregulated
6570,0.493399268365702,Downregulated
6571,3.17791571347925e-06,Unchanged
6572,424303.538879515,Unchanged
6573,156.913849009371,Upregulated
6574,191.286078236944,Upregulated
6575,156.913808859556,Upregulated
6576,156.913852095035,Upregulated
6577,156.913851100077,Upregulated
6578,156.913841225434,Upregulated
6579,39.3323837521664,Upregulated
6580,156.913825895317,Upregulated
6581,156.913825895317,Upregulated
6582,39.3323837521664,Upregulated
6583,39.3323837521664,Upregulated
6584,156.913825895317,Upregulated
6585,156.913825895317,Upregulated
6586,39.3323837521664,Upregulated
6587,38.387829502487,Upregulated
6588,0,Unchanged
6589,153.145591208714,Upregulated
6590,38.387829502487,Upregulated
6591,38.3878272987637,Upregulated
6592,153.145590613463,Upregulated
6593,0,Unchanged
6594,4.32419589045932,Upregulated
6595,127.072515878966,Upregulated
6596,17.2511110687817,Upregulated
6597,17.2510982425535,Upregulated
6598,4.47881885762105e-07,Unchanged
6599,0,Unchanged
6600,0,Unchanged
6601,0,Unchanged
6602,0,Unchanged
6603,4.42844630120229,Upregulated
6604,17.6669765375679,Upregulated
6605,18.1246575144005,Upregulated
6606,7.08436482064136,Upregulated
6607,5.42842798913812,Upregulated
6608,21.6563301470791,Upregulated
6609,21.6563301470791,Upregulated
6610,5.42842798913812,Upregulated
6611,4.54316489398006,Upregulated
6612,18.1246526009732,Upregulated
6613,18.1246526009732,Upregulated
6614,4.54316489398006,Upregulated
6615,42010971.1101609,Unchanged
6616,105.906675521674,Upregulated
6617,21.6650828470978,Upregulated
6618,4.5431684670376,Upregulated
6619,1.14632620545258e-06,Unchanged
6620,0.277970671554783,Downregulated
6621,0.53423497068202,Unchanged
6622,0.220510198966602,Downregulated
6623,0.237645127091313,Downregulated
6624,0.517485065474793,Unchanged
6625,8.73402912500491,Upregulated
6626,0.237645150505653,Downregulated
6627,1.09882870533948,Unchanged
6628,9.51250094173813,Upregulated
6629,0,Unchanged
6630,9.51250094173813,Upregulated
6631,0,Unchanged
6632,16.255408290853,Upregulated
6633,4.33018863469995,Upregulated
6634,4.52384065204499,Upregulated
6635,16.2554059795459,Upregulated
6636,5.6179947409858,Upregulated
6637,22.4126063968664,Upregulated
6638,2077.64647834256,Upregulated
6639,22.412605648093,Upregulated
6640,33.4782300180449,Upregulated
6641,40.633024593294,Upregulated
6642,33.4782300180449,Upregulated
6643,40.6330179216108,Upregulated
6644,1.05775437960112,Unchanged
6645,10.9784337126305,Upregulated
6646,21.9568648027867,Upregulated
6647,21.9568646436905,Upregulated
6648,10.9784337126305,Upregulated
6649,22.6818040400538,Upregulated
6650,1.16459603317836,Unchanged
6651,9.06232355760832,Upregulated
6652,9.01370596221843,Upregulated
6653,9.38809872208586,Upregulated
6654,8.97535987168856,Upregulated
6655,38.3013486011373,Upregulated
6656,20.333472186516,Upregulated
6657,20.3334699869968,Upregulated
6658,20.3334699869968,Upregulated
6659,10.1667349238425,Upregulated
6660,50.9865053596706,Upregulated
6661,3.72605786130572,Upregulated
6662,0.268849204056536,Downregulated
6663,4.33461309393516,Upregulated
6664,6962994.44065001,Unchanged
6665,4.42491591370599,Upregulated
6666,4.42491591370599,Upregulated
6667,0,Unchanged
6668,89030363.0083176,Unchanged
6669,8.34677439014155,Upregulated
6670,8.34677439014155,Upregulated
6671,8.34677439014155,Upregulated
6672,0,Unchanged
6673,0.717708638438398,Unchanged
6674,84021929.9927296,Unchanged
6675,42010964.9963648,Unchanged
6676,0,Unchanged
6677,0,Unchanged
6678,0,Unchanged
6679,0,Unchanged
6680,0,Unchanged
6681,0,Unchanged
6682,0,Unchanged
6683,0,Unchanged
6684,0,Unchanged
6685,0,Unchanged
6686,0,Unchanged
6687,0.705993374310569,Unchanged
6688,0,Unchanged
6689,0,Unchanged
6690,0,Unchanged
6691,0,Unchanged
6692,0.703299526307714,Unchanged
6693,0,Unchanged
6694,0,Unchanged
6695,0,Unchanged
6696,0,Unchanged
6697,0,Unchanged
6698,0,Unchanged
6699,0,Unchanged
6700,1.9442981803118,Unchanged
6701,0,Unchanged
6702,0,Unchanged
6703,0,Unchanged
6704,0,Unchanged
6705,0,Unchanged
6706,0,Unchanged
6707,0,Unchanged
6708,8.00460962180033,Upregulated
6709,0,Unchanged
6710,0,Unchanged
6711,11.8460342679337,Upregulated
6712,0,Unchanged
6713,24.0653376740782,Upregulated
6714,5.64199629745395,Upregulated
6715,0,Unchanged
6716,0,Unchanged
6717,0,Unchanged
6718,0,Unchanged
6719,0,Unchanged
6720,0,Unchanged
6721,0,Unchanged
6722,0,Unchanged
6723,0,Unchanged
6724,42010992.5759276,Unchanged
6725,42010992.5759276,Unchanged
6726,25638375.8329411,Unchanged
6727,17100821.5953733,Unchanged
6728,1.84433658973909,Unchanged
6729,1.46091846085523,Unchanged
6730,0,Unchanged
6731,0,Unchanged
6732,6.79103148665252,Upregulated
6733,0,Unchanged
6734,0,Unchanged
6735,0,Unchanged
6736,0,Unchanged
6737,0,Unchanged
6738,0,Unchanged
6739,0,Unchanged
6740,0,Unchanged
6741,0,Unchanged
6742,0,Unchanged
6743,4.83218842407082,Upregulated
6744,1.50288827146599,Unchanged
6745,0,Unchanged
6746,2.83491732803904,Upregulated
6747,2.83491732803904,Upregulated
6748,0,Unchanged
6749,15.1681467036435,Upregulated
6750,56.0092433300827,Upregulated
6751,0,Unchanged
6752,0,Unchanged
6753,0,Unchanged
6754,0,Unchanged
6755,0,Unchanged
6756,0,Unchanged
6757,0,Unchanged
6758,0.984591502377796,Unchanged
6759,0,Unchanged
6760,0,Unchanged
6761,3.36563299492278,Upregulated
6762,3.36563299492278,Upregulated
6763,0,Unchanged
6764,3.76134180209594,Upregulated
6765,3.76134180209594,Upregulated
6766,0,Unchanged
6767,2.7850747180496e-07,Unchanged
6768,0,Unchanged
6769,0,Unchanged
6770,0,Unchanged
6771,0,Unchanged
6772,0,Unchanged
6773,0.504363840546,Unchanged
6774,0,Unchanged
6775,0,Unchanged
6776,0,Unchanged
6777,0,Unchanged
6778,0,Unchanged
6779,0,Unchanged
6780,0,Unchanged
6781,0,Unchanged
6782,0,Unchanged
6783,0.885848810546299,Unchanged
6784,0.492763863233876,Downregulated
6785,0.492763863233876,Downregulated
6786,0.492763863233876,Downregulated
6787,0.492763863233876,Downregulated
6788,10.3840576349768,Upregulated
6789,5.70455365165154,Upregulated
6790,2.31339192823921,Upregulated
6791,2.31339192823921,Upregulated
6792,2.31339192823921,Upregulated
6793,21693147.8212928,Unchanged
6794,21693147.8212928,Unchanged
6795,21693147.8212928,Unchanged
6796,21693147.8212928,Unchanged
6797,3.08658510321814,Upregulated
6798,1.06996646046276,Unchanged
6799,1.06996646046276,Unchanged
6800,1.06996644182639,Unchanged
6801,21693147.8212928,Unchanged
6802,21693147.8212928,Unchanged
6803,17.7361886176363,Upregulated
6804,21693146.7078201,Unchanged
6805,1.86113864780621,Unchanged
6806,1.86113848514855,Unchanged
6807,1.86113848113231,Unchanged
6808,1.8611386612893,Unchanged
6809,1.8611386612893,Unchanged
6810,1.8611386612893,Unchanged
6811,21693145.8785673,Unchanged
6812,3.09755831308635,Upregulated
6813,2.66605140254323,Upregulated
6814,7.98133708869298,Upregulated
6815,7.98133676606364,Upregulated
6816,7.98133676606364,Upregulated
6817,18125630.0715128,Unchanged
6818,3.15072350703832,Upregulated
6819,2.56107039495012,Upregulated
6820,2.56107039495012,Upregulated
6821,2.56107016519922,Upregulated
6822,21693144.7082508,Unchanged
6823,2.22096668929222,Upregulated
6824,2.22096668929222,Upregulated
6825,2.22096632093683,Upregulated
6826,21693148.3061383,Unchanged
6827,9.12928925576119,Upregulated
6828,9.00768148036276,Upregulated
6829,9.12928925576119,Upregulated
6830,49.4031691152665,Upregulated
6831,49.4031691152665,Upregulated
6832,49.4031691152665,Upregulated
6833,3.58459590980824,Upregulated
6834,3.58459590980824,Upregulated
6835,3.58459590980824,Upregulated
6836,3.72294047973037,Upregulated
6837,3.72294047973037,Upregulated
6838,3.72294047973037,Upregulated
6839,3.64901311289048,Upregulated
6840,3.64901311289048,Upregulated
6841,3.64901311289048,Upregulated
6842,5.13922068311224,Upregulated
6843,5.13922068311224,Upregulated
6844,5.13922068311224,Upregulated
6845,254044.957076682,Unchanged
6846,0.0683681881268802,Downregulated
6847,0.0683681881268802,Downregulated
6848,6.18455037864e-05,Unchanged
6849,6.18455037864e-05,Unchanged
6850,6.18455037864e-05,Unchanged
6851,8.8695899158363e-06,Unchanged
6852,8.86102944161526e-06,Unchanged
6853,4.434794957337e-06,Unchanged
6854,210.838725393626,Upregulated
6855,210.838725291842,Upregulated
6856,659454.104422797,Unchanged
6857,33804613.7383676,Unchanged
6858,34201625.7152134,Unchanged
6859,34201625.7152134,Unchanged
6860,34201625.7152134,Unchanged
6861,8660486.3926843,Unchanged
6862,1.39663803456861,Unchanged
6863,1.39663803456861,Unchanged
6864,1.39663803456861,Unchanged
6865,0.0481951979988861,Downregulated
6866,6.0385932354175e-08,Unchanged
6867,6.0385932354175e-08,Unchanged
6868,5.95788907094959e-08,Unchanged
6869,0.0386686828256678,Downregulated
6870,0.0386686806184307,Downregulated
6871,1725386.88183951,Unchanged
6872,1725386.51953833,Unchanged
6873,1718046.71917696,Unchanged
6874,1725386.61633246,Unchanged
6875,84021942.2203218,Unchanged
6876,84021942.2203218,Unchanged
6877,8.86586315939582,Upregulated
6878,8.86586315939582,Upregulated
6879,8.8658610764084,Upregulated
6880,2.9343893696647,Upregulated
6881,2.9343893696647,Upregulated
6882,2.9343893696647,Upregulated
6883,2.42392041043974,Upregulated
6884,2.42392041043974,Upregulated
6885,2.42392041043974,Upregulated
6886,0,Unchanged
6887,7209207.0554809,Unchanged
6888,12.7955721314019,Upregulated
6889,12.7955721314019,Upregulated
6890,55278109.3160405,Unchanged
6891,55278109.3160405,Unchanged
6892,25.6813555633225,Upregulated
6893,25.6813555633225,Upregulated
6894,7393380.2867167,Unchanged
6895,1811726.35183583,Unchanged
6896,12.9681211489878,Upregulated
6897,12.9681211489878,Upregulated
6898,15.5768790012862,Upregulated
6899,15.1149438212973,Upregulated
6900,26288065.9553475,Unchanged
6901,26288065.9553475,Unchanged
6902,5.67068829985422,Upregulated
6903,0.372189047357057,Downregulated
6904,0.658884344786012,Unchanged
6905,0.658884344786012,Unchanged
6906,0.658884344786012,Unchanged
6907,0.658884344786012,Unchanged
6908,0.658884326779643,Unchanged
6909,0.658884326779643,Unchanged
6910,0.658884326779643,Unchanged
6911,0.658884326779643,Unchanged
6912,18.0475526510183,Upregulated
6913,18.0475526510183,Upregulated
6914,18.0475526510183,Upregulated
6915,18.0475526510183,Upregulated
6916,2.58897669265085,Upregulated
6917,2.58897669265085,Upregulated
6918,2.58897669265085,Upregulated
6919,2.58897669265085,Upregulated
6920,1.2745112051331,Unchanged
6921,3.85171731413542,Upregulated
6922,15.4068697731577,Upregulated
6923,37.9494711523809,Upregulated
6924,37.9494711523809,Upregulated
6925,37.9494591071374,Upregulated
6926,37.9494714948878,Upregulated
6927,37.9494714948878,Upregulated
6928,37.9494714948878,Upregulated
6929,37.9494714948878,Upregulated
6930,37.9494714948878,Upregulated
6931,37.9494714948878,Upregulated
6932,37.9494714948878,Upregulated
6933,37.9494719073962,Upregulated
6934,37.9494710380036,Upregulated
6935,37.9494710380036,Upregulated
6936,37.9494710380036,Upregulated
6937,37.9494710380036,Upregulated
6938,37.9494710380036,Upregulated
6939,37.9494710380036,Upregulated
6940,37.9494713436348,Upregulated
6941,37.9494710380036,Upregulated
6942,37.9494710380036,Upregulated
6943,37.9494710380036,Upregulated
6944,37.9494710380036,Upregulated
6945,37.9494710380036,Upregulated
6946,2.80092091417833,Upregulated
6947,4.09025140740012,Upregulated
6948,0,Unchanged
6949,4.09025140740012,Upregulated
6950,2.80092091417833,Upregulated
6951,1.20741652423649,Unchanged
6952,0.53448238911661,Unchanged
6953,0.534482382102998,Unchanged
6954,0.732651795843658,Unchanged
6955,0.656158894821372,Unchanged
6956,3.76184037099937,Upregulated
6957,3.68534807555188,Upregulated
6958,3.79082946891371,Upregulated
6959,6.79103148665252,Upregulated
6960,4.32860203620474,Upregulated
6961,4.47789090450639,Upregulated
6962,0.693274742965142,Unchanged
6963,3.3983502227539,Upregulated
6964,6.44693610066174,Upregulated
6965,0.388555858153666,Downregulated
6966,181.210621805239,Upregulated
6967,17.1709067742152,Upregulated
6968,181.984712582349,Upregulated
6969,50.4525445825922,Upregulated
6970,95.1692787790111,Upregulated
6971,94.4941682643863,Upregulated
6972,16.4981943371968,Upregulated
6973,19.2729929384273,Upregulated
6974,52.4492738880674,Upregulated
6975,19.3495109277948,Upregulated
6976,19.3495109277948,Upregulated
6977,20.5062290088332,Upregulated
6978,1.09627217355175,Unchanged
6979,1.09627217355175,Unchanged
6980,1.09627217355175,Unchanged
6981,0,Unchanged
6982,1.09627227198926,Unchanged
6983,1.09627227221355,Unchanged
6984,0.406459288819715,Downregulated
6985,2.57782762175107,Upregulated
6986,0,Unchanged
6987,0,Unchanged
6988,0,Unchanged
6989,0,Unchanged
6990,27.801344766017,Upregulated
6991,27.8013504136731,Upregulated
6992,27.8013448548011,Upregulated
6993,27.8013434564513,Upregulated
6994,27.8013445551547,Upregulated
6995,27.795255276998,Upregulated
6996,1.11048334173898,Unchanged
6997,1.11048334173898,Unchanged
6998,1.11048334173898,Unchanged
6999,1.11048334173898,Unchanged
7000,1.11048341273438,Unchanged
7001,1.11048341273438,Unchanged
7002,1.11048341273438,Unchanged
7003,1.11048341273438,Unchanged
7004,3.85552076619977,Upregulated
7005,3.8555206990454,Upregulated
7006,3.85552076619977,Upregulated
7007,3.85552076619977,Upregulated
7008,1.95266272297211,Unchanged
7009,1.952662823199,Unchanged
7010,1.95266408476446,Unchanged
7011,1.95266264832867,Unchanged
7012,1.95266283734514,Unchanged
7013,1.95266283734514,Unchanged
7014,1.95266283734514,Unchanged
7015,1.95266264832867,Unchanged
7016,1.95266283734514,Unchanged
7017,1.95266283734514,Unchanged
7018,1.19184274070699e-06,Unchanged
7019,1.95266254298511,Unchanged
7020,1.37816837871888,Unchanged
7021,1.95266254298511,Unchanged
7022,1.95266286684134,Unchanged
7023,1.95266262695898,Unchanged
7024,1.95266271454463,Unchanged
7025,1.95266271454463,Unchanged
7026,1.95266271454463,Unchanged
7027,1.95266253937333,Unchanged
7028,1.95266254298511,Unchanged
7029,1.95266286684134,Unchanged
7030,1.95266215291307,Unchanged
7031,1.95266286684134,Unchanged
7032,3.18163435384123,Upregulated
7033,3.18163488152693,Upregulated
7034,3.18163481041686,Upregulated
7035,3.18163481041686,Upregulated
7036,10.6750405300204,Upregulated
7037,10.6750405300204,Upregulated
7038,10.6750405300204,Upregulated
7039,10.6750405300204,Upregulated
7040,10.6750417052855,Upregulated
7041,7.06114734681866,Upregulated
7042,7.06114734681866,Upregulated
7043,7.06114734681866,Upregulated
7044,7.06114734681866,Upregulated
7045,7.05960206332529,Upregulated
7046,7.05960206332529,Upregulated
7047,7.05960206332529,Upregulated
7048,7.05960206332529,Upregulated
7049,1.11072618067636,Unchanged
7050,1.11072618067636,Unchanged
7051,1.11072618067636,Unchanged
7052,1.11072616133005,Unchanged
7053,6.87221068755855,Upregulated
7054,6.87221068755855,Upregulated
7055,6.87221033481956,Upregulated
7056,6.87221068755855,Upregulated
7057,5.08841707494058,Upregulated
7058,7.77387467752332,Upregulated
7059,3.88693580808629,Upregulated
7060,0,Unchanged
7061,0,Unchanged
7062,0,Unchanged
7063,0,Unchanged
7064,0,Unchanged
7065,0,Unchanged
7066,0,Unchanged
7067,0,Unchanged
7068,0,Unchanged
7069,0,Unchanged
7070,0,Unchanged
7071,0,Unchanged
7072,0,Unchanged
7073,0,Unchanged
7074,0,Unchanged
7075,0,Unchanged
7076,0,Unchanged
7077,0,Unchanged
7078,0,Unchanged
7079,0,Unchanged
7080,0,Unchanged
7081,0,Unchanged
7082,0,Unchanged
7083,0,Unchanged
7084,0,Unchanged
7085,0,Unchanged
7086,0,Unchanged
7087,0,Unchanged
7088,69.2309908424976,Upregulated
7089,1.71587697934683e-07,Unchanged
7090,1.03577689707378,Unchanged
7091,8.36109912956831,Upregulated
7092,4.19661291209089,Upregulated
7093,6.88036887576919,Upregulated
7094,2.90457805833499,Upregulated
7095,29.3044454370792,Upregulated
7096,1.51596469853333e-06,Unchanged
7097,2.10925399532658,Upregulated
7098,4.50002660103304,Upregulated
7099,7.08321021610863,Upregulated
7100,0,Unchanged
7101,2.13151794895505,Upregulated
7102,1.03123306003085,Unchanged
7103,0.185741001240248,Downregulated
7104,1.61421510682716,Unchanged
7105,7.9729335607915e-08,Unchanged
7106,24.030813113659,Upregulated
7107,3.79558454792426,Upregulated
7108,0.0249108405708634,Downregulated
7109,4.54303697456214e-08,Unchanged
7110,0.297327044823617,Downregulated
7111,4.16681263232022e-07,Unchanged
7112,16.6614873593786,Upregulated
7113,3.77011031308527,Upregulated
7114,16.6650668275238,Upregulated
7115,16.6651089610746,Upregulated
7116,16.6651138036325,Upregulated
7117,18.7053044233942,Upregulated
7118,0,Unchanged
7119,0,Unchanged
7120,0.779950078174819,Unchanged
7121,0.779950089590702,Unchanged
7122,0.779949980847627,Unchanged
7123,15.9124097400559,Upregulated
7124,0.888943437920376,Unchanged
7125,5.14718742582781,Upregulated
7126,0,Unchanged
7127,250.008790433178,Upregulated
7128,4.31426816220437e-07,Unchanged
7129,250.295452842338,Upregulated
7130,250.295452842338,Upregulated
7131,250.295452842338,Upregulated
7132,250.295452842338,Upregulated
7133,174.069051051632,Upregulated
7134,5271.87548278777,Upregulated
7135,527.187508743578,Upregulated
7136,4.71434261034914,Upregulated
7137,9.70741987880066,Upregulated
7138,17.2510966263439,Upregulated
7139,0,Unchanged
7140,0,Unchanged
7141,0,Unchanged
7142,9.70741987880066,Upregulated
7143,0,Unchanged
7144,0,Unchanged
7145,42.8736202862982,Upregulated
7146,42.8736202862982,Upregulated
7147,0,Unchanged
7148,0,Unchanged
7149,4.31426820114211e-07,Unchanged
7150,0,Unchanged
7151,0,Unchanged
7152,5.50470553905971,Upregulated
7153,1.06917850239287,Unchanged
7154,2.61806881798472,Upregulated
7155,1.06917850239287,Unchanged
7156,0.133748417217632,Downregulated
7157,6.33565030963578e-07,Unchanged
7158,5.25931596712326e-07,Unchanged
7159,21.4368091257058,Upregulated
7160,0.131591680149107,Downregulated
7161,1.16190345278269,Unchanged
7162,4.12635235565163,Upregulated
7163,0.131579017694338,Downregulated
7164,5.50470547278703,Upregulated
7165,0.200969760345368,Downregulated
7166,0.651599090112237,Unchanged
7167,0,Unchanged
7168,1.88829329107379,Unchanged
7169,5249.93235074398,Upregulated
7170,2.03316589745356,Upregulated
7171,0,Unchanged
7172,4.0618017692598,Upregulated
7173,4.67950267497727,Upregulated
7174,17.2510872536184,Upregulated
7175,4.14496346172542,Upregulated
7176,1.18510459717445,Unchanged
7177,1.18571421776661,Unchanged
7178,4.14496346172542,Upregulated
7179,42.7047522577565,Upregulated
7180,1.18571418122816,Unchanged
7181,17.2510939377457,Upregulated
7182,17.2510939377457,Upregulated
7183,17.2510843546113,Upregulated
7184,17.2510843546113,Upregulated
7185,17.2510843546113,Upregulated
7186,17.2510843546113,Upregulated
7187,17.2510939377457,Upregulated
7188,17.2510939377457,Upregulated
7189,17.2510843546113,Upregulated
7190,17.2510843546113,Upregulated
7191,17.2510939377457,Upregulated
7192,17.2510939377457,Upregulated
7193,17.2510843546113,Upregulated
7194,17.2510843546113,Upregulated
7195,39986142.0040502,Unchanged
7196,17.2510940934427,Upregulated
7197,17.2510940934427,Upregulated
7198,17.2510940934427,Upregulated
7199,17.2510940934427,Upregulated
7200,17.2510940934427,Upregulated
7201,17.2511365077042,Upregulated
7202,17.2511365077042,Upregulated
7203,5325340.4285364,Unchanged
7204,17.1777334434583,Upregulated
7205,20.9404904839355,Upregulated
7206,17.1776884462248,Upregulated
7207,17.2510873838421,Upregulated
7208,17.2510847125598,Upregulated
7209,17.2510873838421,Upregulated
7210,17.2510873838421,Upregulated
7211,17.2510873838421,Upregulated
7212,17.2510875227761,Upregulated
7213,17.2510873838421,Upregulated
7214,17.2510873838421,Upregulated
7215,17.2510847125598,Upregulated
7216,17.2510873838421,Upregulated
7217,17.2510873838421,Upregulated
7218,17.2510873838421,Upregulated
7219,18.5120841446291,Upregulated
7220,39986126.9333369,Unchanged
7221,273.181892522878,Upregulated
7222,125.223308981853,Upregulated
7223,0,Unchanged
7224,0,Unchanged
7225,0.135433097484295,Downregulated
7226,0.018303164915322,Downregulated
7227,1444133.07838125,Unchanged
7228,0.76155013621098,Unchanged
7229,0.221875930291194,Downregulated
7230,0,Unchanged
7231,0,Unchanged
7232,0,Unchanged
7233,0,Unchanged
7234,0,Unchanged
7235,0,Unchanged
7236,0,Unchanged
7237,0,Unchanged
7238,0,Unchanged
7239,0,Unchanged
7240,0,Unchanged
7241,0,Unchanged
7242,0,Unchanged
7243,0,Unchanged
7244,71860.8763741603,Unchanged
7245,0,Unchanged
7246,0,Unchanged
7247,0,Unchanged
7248,0,Unchanged
7249,0,Unchanged
7250,0,Unchanged
7251,0.194487399739501,Downregulated
7252,0.0144315100310177,Downregulated
7253,0.460034122192424,Downregulated
7254,0,Unchanged
7255,0.249827041212532,Downregulated
7256,816191.986620371,Unchanged
7257,576090.194147085,Unchanged
7258,0.878802119269695,Unchanged
7259,0.867355603175096,Unchanged
7260,0,Unchanged
7261,11.5644676029163,Upregulated
7262,13.5035466142681,Upregulated
7263,2280878.24708948,Unchanged
7264,24940.300383399,Unchanged
7265,0.0256169229159134,Downregulated
7266,7.29982683604173e-09,Unchanged
7267,0,Unchanged
7268,0,Unchanged
7269,0,Unchanged
7270,0.05592243663684,Downregulated
7271,0,Unchanged
7272,0.167231715489258,Downregulated
7273,51.2700131904298,Upregulated
7274,1.25539419611357,Unchanged
7275,269.604749153458,Upregulated
7276,2467695.05522788,Unchanged
7277,0,Unchanged
7278,0.0831368237956099,Downregulated
7279,22.1696916701704,Upregulated
7280,29.2465062631052,Upregulated
7281,72.8562905533455,Upregulated
7282,53448.8021468376,Unchanged
7283,0,Unchanged
7284,0,Unchanged
7285,61.6364624706613,Upregulated
7286,0,Unchanged
7287,0.887415623612658,Unchanged
7288,0,Unchanged
7289,0.466051967454955,Downregulated
7290,195.620159315784,Upregulated
7291,0,Unchanged
7292,821302.444865713,Unchanged
7293,9564431.81774736,Unchanged
7294,0,Unchanged
7295,299934.120899304,Unchanged
7296,0,Unchanged
7297,5.3301633796929,Upregulated
7298,0.0132749132193371,Downregulated
7299,0.412341543223858,Downregulated
7300,0,Unchanged
7301,4.07458442672881,Upregulated
7302,0,Unchanged
7303,91.2817035243428,Upregulated
7304,0,Unchanged
7305,0,Unchanged
7306,0,Unchanged
7307,0,Unchanged
7308,0,Unchanged
7309,0,Unchanged
7310,0,Unchanged
7311,0,Unchanged
7312,0,Unchanged
7313,0,Unchanged
7314,0,Unchanged
7315,0,Unchanged
7316,0,Unchanged
7317,10356108.5929074,Unchanged
7318,0,Unchanged
7319,0,Unchanged
7320,0,Unchanged
7321,0,Unchanged
7322,0,Unchanged
7323,0,Unchanged
7324,0,Unchanged
7325,0,Unchanged
7326,0,Unchanged
7327,0,Unchanged
7328,0,Unchanged
7329,1.09962230619672e-07,Unchanged
7330,0.0276844134332168,Downregulated
7331,1.01682802431208,Unchanged
7332,5026931.01645409,Unchanged
7333,62.6463423464766,Upregulated
7334,4.84872032691534,Upregulated
7335,18.3810143645687,Upregulated
7336,42.0545548556117,Upregulated
7337,82126104.0737486,Unchanged
7338,5682357.1355774,Unchanged
7339,0,Unchanged
7340,4712655.91004116,Unchanged
7341,10792617.0715492,Unchanged
7342,14586535.9029635,Unchanged
7343,14647640.6116453,Unchanged
7344,683.519175367504,Upregulated
7345,93063101.6393267,Unchanged
7346,5775842.04166667,Unchanged
7347,82720583.0642889,Unchanged
7348,88523241.3480386,Unchanged
7349,29280473.597102,Unchanged
7350,0,Unchanged
7351,12136798.7008972,Unchanged
7352,18177066.3634502,Unchanged
7353,42264801.5426437,Unchanged
7354,9547338.7274097,Unchanged
7355,74.7690910343575,Upregulated
7356,1011603.0796321,Unchanged
7357,7.6432895182001e-06,Unchanged
7358,2.1749655681924e-05,Unchanged
7359,5814186.78870347,Unchanged
7360,4881356.9777431,Unchanged
7361,5.69999380494692e-05,Unchanged
7362,4.28820207546931,Upregulated
7363,0,Unchanged
7364,22.4601384032787,Upregulated
7365,0,Unchanged
7366,96897.5715370174,Unchanged
7367,0,Unchanged
7368,0,Unchanged
7369,2438.77494863074,Upregulated
7370,5.83363053625887,Upregulated
7371,585.368907990468,Upregulated
7372,0,Unchanged
7373,75723.2483136314,Unchanged
7374,0,Unchanged
7375,2.33333497638271,Upregulated
7376,0,Unchanged
7377,193.027662391525,Upregulated
7378,0,Unchanged
7379,0,Unchanged
7380,0.00130932588758042,Unchanged
7381,0,Unchanged
7382,0,Unchanged
7383,0,Unchanged
7384,419723.009929264,Unchanged
7385,9.83767463306417,Upregulated
7386,0.00374547357244768,Unchanged
7387,537.240151312907,Upregulated
7388,2.24986806856303,Upregulated
7389,1.87532224681937,Unchanged
7390,676.82920777993,Upregulated
7391,0,Unchanged
7392,0,Unchanged
7393,5.40355672087013e-07,Unchanged
7394,1.13861242705581,Unchanged
7395,0,Unchanged
7396,0.126502207247355,Downregulated
7397,0.643669362520009,Unchanged
7398,0,Unchanged
7399,0.0332751794019168,Downregulated
7400,0,Unchanged
7401,2.90452138597144e-08,Unchanged
7402,2.81052851327956,Upregulated
7403,0,Unchanged
7404,0,Unchanged
7405,5.91645067906875e-08,Unchanged
7406,35638.7307382734,Unchanged
7407,1.52721095832826,Unchanged
7408,0,Unchanged
7409,493499.046616092,Unchanged
7410,0.915064590364934,Unchanged
7411,0.236985072381124,Downregulated
7412,0.0747191928382123,Downregulated
7413,0,Unchanged
7414,0,Unchanged
7415,0.881720815178524,Unchanged
7416,1941.00152554927,Upregulated
7417,2.03311386742052,Upregulated
7418,237107.344233579,Unchanged
7419,0,Unchanged
7420,0,Unchanged
7421,4.69434239060009,Upregulated
7422,586.614672971327,Upregulated
7423,3273843.7775575,Unchanged
7424,182.233517656658,Upregulated
7425,47.4455768082346,Upregulated
7426,2.33728841263062,Upregulated
7427,148.172089199712,Upregulated
7428,2.15456491090941,Upregulated
7429,194.207295721488,Upregulated
7430,0,Unchanged
7431,0,Unchanged
7432,3.2035078643499,Upregulated
7433,27.7344892240953,Upregulated
7434,0,Unchanged
7435,20.8249213089433,Upregulated
7436,0,Unchanged
7437,1.30516027313573,Unchanged
7438,0,Unchanged
7439,0,Unchanged
7440,0,Unchanged
7441,0,Unchanged
7442,0,Unchanged
7443,0,Unchanged
7444,0,Unchanged
7445,5.30364514938022,Upregulated
7446,1.12910489866633,Unchanged
7447,0,Unchanged
7448,0,Unchanged
7449,0,Unchanged
7450,0,Unchanged
7451,0,Unchanged
7452,0,Unchanged
7453,0,Unchanged
7454,0,Unchanged
7455,0,Unchanged
7456,38.9633447217975,Upregulated
7457,0,Unchanged
7458,47.5335407334865,Upregulated
7459,0.0370839087199887,Downregulated
7460,84.712098050817,Upregulated
7461,0.153046085563562,Downregulated
7462,0.598547374858796,Unchanged
7463,1.11092885598043e-08,Unchanged
7464,0.0357304939409596,Downregulated
7465,0.265064334893134,Downregulated
7466,0,Unchanged
7467,0,Unchanged
7468,9.00666339077816e-07,Unchanged
7469,0,Unchanged
7470,11668.0398382724,Upregulated
7471,0,Unchanged
7472,13.3882598232271,Upregulated
7473,1.18074370648668,Unchanged
7474,1.0581057425475,Unchanged
7475,14.9432686033709,Upregulated
7476,4.75844250410565,Upregulated
7477,0,Unchanged
7478,0,Unchanged
7479,0,Unchanged
7480,8.88276788135821,Upregulated
7481,5.91972177062416e-07,Unchanged
7482,0.000291354177909618,Unchanged
7483,0.00688435406636107,Unchanged
7484,6.73866425465005e-05,Unchanged
7485,0,Unchanged
7486,0.240878684295953,Downregulated
7487,0,Unchanged
7488,9.57986930575316e-06,Unchanged
7489,0,Unchanged
7490,0.518748363997948,Unchanged
7491,2.40615439149195e-05,Unchanged
7492,0,Unchanged
7493,7.24798987680858,Upregulated
7494,26.0216004389289,Upregulated
7495,89.4118312405523,Upregulated
7496,6965.80825289565,Upregulated
7497,0,Unchanged
7498,0.414256893826337,Downregulated
7499,2.97480970236065,Upregulated
7500,14.9989489837418,Upregulated
7501,0,Unchanged
7502,3.10643539780159,Upregulated
7503,0,Unchanged
7504,0,Unchanged
7505,0,Unchanged
7506,151.273210263605,Upregulated
7507,23.3588035642324,Upregulated
7508,3.99355921741996,Upregulated
7509,0.00354352666888119,Unchanged
7510,3.20494205126048,Upregulated
7511,0,Unchanged
7512,0,Unchanged
7513,0.00396256380839516,Unchanged
7514,1.2311773619057,Unchanged
7515,0,Unchanged
7516,23710737.756085,Unchanged
7517,0.0632027677331041,Downregulated
7518,0,Unchanged
7519,0,Unchanged
7520,0,Unchanged
7521,0,Unchanged
7522,360048.025547488,Unchanged
7523,0,Unchanged
7524,0,Unchanged
7525,0,Unchanged
7526,0,Unchanged
7527,0,Unchanged
7528,0,Unchanged
7529,0,Unchanged
7530,0,Unchanged
7531,0,Unchanged
7532,100355.87686326,Unchanged
7533,0.0273311364787031,Downregulated
7534,0.714587242097373,Unchanged
7535,0.217029722465127,Downregulated
7536,239068.411715014,Unchanged
7537,382131.694129142,Unchanged
7538,0,Unchanged
7539,0,Unchanged
7540,0,Unchanged
7541,0,Unchanged
7542,0,Unchanged
7543,0,Unchanged
7544,0.259564262701033,Downregulated
7545,684.419429167808,Upregulated
7546,5.19123386123581e-06,Unchanged
7547,0.0287893275284473,Downregulated
7548,938157.212951301,Unchanged
7549,0.659939148840716,Unchanged
7550,0,Unchanged
7551,0,Unchanged
7552,45206270.8137026,Unchanged
7553,33.2980477724612,Upregulated
7554,0,Unchanged
7555,0,Unchanged
7556,0,Unchanged
7557,0.97813531039325,Unchanged
7558,21.3925105228756,Upregulated
7559,4.17844978594286,Upregulated
7560,29.6226180025177,Upregulated
7561,29.6161394870364,Upregulated
7562,2.54959762322722,Upregulated
7563,9.41023019596107,Upregulated
7564,18.7323748183522,Upregulated
7565,0.312953928183134,Downregulated
7566,0.331767740048897,Downregulated
7567,0.312953928183134,Downregulated
7568,0,Unchanged
7569,0,Unchanged
7570,0,Unchanged
7571,0.986143099280444,Unchanged
7572,0,Unchanged
7573,0.139043186002392,Downregulated
7574,10.6374565365861,Upregulated
7575,111.91113177795,Upregulated
7576,11.5281832739138,Upregulated
7577,12927456.7442556,Unchanged
7578,0,Unchanged
7579,256692.961408387,Unchanged
7580,53.2669934025035,Upregulated
7581,175.956290919706,Upregulated
7582,0.52076358415289,Unchanged
7583,0,Unchanged
7584,0,Unchanged
7585,1088178152.63769,Unchanged
7586,173.791062490686,Upregulated
7587,29002.0378426155,Unchanged
7588,61.7976681998161,Upregulated
7589,191.15473400793,Upregulated
7590,10621688.2174529,Unchanged
7591,0,Unchanged
7592,1.71907797852842e-07,Unchanged
7593,6.48919311510627,Upregulated
7594,0,Unchanged
7595,32562329.2666813,Unchanged
7596,0,Unchanged
7597,0.410903412023993,Downregulated
7598,0.00119260101501396,Unchanged
7599,0.349251506755625,Downregulated
7600,0.049335103044285,Downregulated
7601,0.000452618402337789,Unchanged
7602,0.00258302050616901,Unchanged
7603,410.839086828456,Upregulated
7604,0,Unchanged
7605,0,Unchanged
7606,0,Unchanged
7607,31725802.8130133,Unchanged
7608,6.14833123655569,Upregulated
7609,39427822.5404458,Unchanged
7610,79.4506348711156,Upregulated
7611,0,Unchanged
7612,0,Unchanged
7613,542795.625852273,Unchanged
7614,0.411889176339967,Downregulated
7615,3.41829642735834,Upregulated
7616,1390162.86799951,Unchanged
7617,1.50534791020566,Unchanged
7618,0,Unchanged
7619,0,Unchanged
7620,0.772798643140126,Unchanged
7621,0,Unchanged
7622,0,Unchanged
7623,0,Unchanged
7624,0,Unchanged
7625,0,Unchanged
7626,0.000170147606141562,Unchanged
7627,0.000156619366673139,Unchanged
7628,0.000170147604700777,Unchanged
7629,7.10630024335383e-05,Unchanged
7630,0.000117540662661704,Unchanged
7631,256692.982923803,Unchanged
7632,0,Unchanged
7633,11.2087341518841,Upregulated
7634,43893855.7848961,Unchanged
7635,0,Unchanged
7636,38117212.9627961,Unchanged
7637,3.09191060502463,Upregulated
7638,42521.6986116623,Unchanged
7639,28.4206504988922,Upregulated
7640,0,Unchanged
7641,0,Unchanged
7642,1.85427497615894e-05,Unchanged
7643,181.045299320886,Upregulated
7644,54797173.3552902,Unchanged
7645,106370417.277739,Unchanged
7646,233.151749605621,Upregulated
7647,98.7211954803092,Upregulated
7648,4.19632912086578,Upregulated
7649,1.28668636884891e-05,Unchanged
7650,0.0311092491299304,Downregulated
7651,0.677300597990411,Unchanged
7652,0,Unchanged
7653,0,Unchanged
7654,1.05452620298538e-08,Unchanged
7655,0,Unchanged
7656,7.72011810648389e-05,Unchanged
7657,7.10630044027166e-05,Unchanged
7658,0.825937381000499,Unchanged
7659,0,Unchanged
7660,0,Unchanged
7661,0.272760548481318,Downregulated
7662,1.58857634339743,Unchanged
7663,31.0502587034691,Upregulated
7664,31.0502753535441,Upregulated
7665,5.09919634233855,Upregulated
7666,0,Unchanged
7667,0,Unchanged
7668,0,Unchanged
7669,79192543.5229471,Unchanged
7670,158.505073761964,Upregulated
7671,0.423979624645889,Downregulated
7672,3.1234934789606e-08,Unchanged
7673,0,Unchanged
7674,58.3612403148653,Upregulated
7675,1.95693895934813,Unchanged
7676,19974213.3059209,Unchanged
7677,2.37798757081344,Upregulated
7678,2.37798750171725,Upregulated
7679,3.30376547003285,Upregulated
7680,25368670.5640834,Unchanged
7681,0.1137324098667,Downregulated
7682,0.106937570767792,Downregulated
7683,0.143997295241294,Downregulated
7684,1.12566395638972,Unchanged
7685,32.9965529813614,Upregulated
7686,0,Unchanged
7687,4226336.30076654,Unchanged
7688,1.60842506691389,Unchanged
7689,4226336.27397385,Unchanged
7690,0,Unchanged
7691,0,Unchanged
7692,1.35667165826969,Unchanged
7693,3.39596393667731,Upregulated
7694,2.44952581835598,Upregulated
7695,0.158117869608505,Downregulated
7696,0,Unchanged
7697,5.11354129498441,Upregulated
7698,1.12566414390507,Unchanged
7699,1.12566414390507,Unchanged
7700,0,Unchanged
7701,4226336.32168119,Unchanged
7702,490379.56568552,Unchanged
7703,5313.68853787519,Upregulated
7704,0,Unchanged
7705,0.012197548818116,Downregulated
7706,2121109.54220427,Unchanged
7707,78357255.1402205,Unchanged
7708,40185056.8794016,Unchanged
7709,9.11753446570905,Upregulated
7710,40084705.3744868,Unchanged
7711,2.96455709720582,Upregulated
7712,15.6228951169623,Upregulated
7713,0.284126590853099,Downregulated
7714,25602925.8182353,Unchanged
7715,0.0106355045659823,Downregulated
7716,1.8734054390957,Unchanged
7717,35351661.0062354,Unchanged
7718,15014205.2075526,Unchanged
7719,19118282.4676133,Unchanged
7720,8.67056314850256,Upregulated
7721,1.07424480257299,Unchanged
7722,0,Unchanged
7723,0,Unchanged
7724,0,Unchanged
7725,9514302.35501494,Unchanged
7726,0,Unchanged
7727,0,Unchanged
7728,2.9959457403879,Upregulated
7729,0.191451798297157,Downregulated
7730,0,Unchanged
7731,0,Unchanged
7732,3.49354852107309e-05,Unchanged
7733,118307623.474474,Unchanged
7734,6.04649528157914,Upregulated
7735,5.42199502583703,Upregulated
7736,6.04649613892582,Upregulated
7737,4.91441823705656,Upregulated
7738,4.14652957384995,Upregulated
7739,0,Unchanged
7740,5.57931195473043,Upregulated
7741,5.57931195473043,Upregulated
7742,1.37725642737267,Unchanged
7743,5.00306380099266,Upregulated
7744,5.60314911958818,Upregulated
7745,5.60314925215416,Upregulated
7746,4.55407863282422,Upregulated
7747,4.91441823705656,Upregulated
7748,0.0811370796024315,Downregulated
7749,0,Unchanged
7750,199141596.839083,Unchanged
7751,1448282953.51273,Unchanged
7752,721060916.232738,Unchanged
7753,658.968502807689,Upregulated
7754,552841533.706138,Unchanged
7755,63.5575892121998,Upregulated
7756,0,Unchanged
7757,0,Unchanged
7758,271.634009461528,Upregulated
7759,1005247394.90848,Unchanged
7760,40663.1999570974,Unchanged
7761,20.8557124511021,Upregulated
7762,8781166.27736466,Unchanged
7763,2.4979907047133,Upregulated
7764,23.5419891796369,Upregulated
7765,0.000836561433154412,Unchanged
7766,0,Unchanged
7767,615.266174379605,Upregulated
7768,86.4049353578961,Upregulated
7769,95.0377706210101,Upregulated
7770,195.711990064473,Upregulated
7771,76.7429765693088,Upregulated
7772,0,Unchanged
7773,0,Unchanged
7774,552841533.706138,Unchanged
7775,1621.77060491424,Upregulated
7776,1307.5261055111,Upregulated
7777,1323.0830483546,Upregulated
7778,330.694294088157,Upregulated
7779,145.998278706637,Upregulated
7780,440.891600116565,Upregulated
7781,330.694272715527,Upregulated
7782,330.694172229098,Upregulated
7783,195.711990064473,Upregulated
7784,254.881229855596,Upregulated
7785,592062146.87744,Unchanged
7786,0.0557940731712861,Downregulated
7787,3761.41139273261,Upregulated
7788,128.15734538468,Upregulated
7789,12.1902445502668,Upregulated
7790,1138470694.8082,Unchanged
7791,0,Unchanged
7792,0.238291839412094,Downregulated
7793,0,Unchanged
7794,0,Unchanged
7795,0.00428714266265469,Unchanged
7796,0.00299397233566443,Unchanged
7797,0.00845777058696622,Unchanged
7798,168717.951203704,Unchanged
7799,4083872.76702825,Unchanged
7800,0,Unchanged
7801,0,Unchanged
7802,0.040804772855313,Downregulated
7803,280029.264376351,Unchanged
7804,0.351591160988627,Downregulated
7805,0.15822485946311,Downregulated
7806,1.88634772572256e-07,Unchanged
7807,1.29509146997462,Unchanged
7808,0.00145138123178044,Unchanged
7809,8.9375452103349e-08,Unchanged
7810,5231824.58577068,Unchanged
7811,2.98590938608906,Upregulated
7812,15.404277545206,Upregulated
7813,15.404276806908,Upregulated
7814,48.6305416696549,Upregulated
7815,16.9455508359528,Upregulated
7816,4.2244563203529e-06,Unchanged
7817,0.345317033265877,Downregulated
7818,1.05977864450324e-07,Unchanged
7819,6.42453663958853e-08,Unchanged
7820,0.054953647313861,Downregulated
7821,0,Unchanged
7822,0,Unchanged
7823,0.00513489518328602,Unchanged
7824,0.00111583807339951,Unchanged
7825,10621687.3910663,Unchanged
7826,1775543.66260208,Unchanged
7827,88.8424798077822,Upregulated
7828,0,Unchanged
7829,0,Unchanged
7830,0,Unchanged
7831,0,Unchanged
7832,880.361203995616,Upregulated
7833,0,Unchanged
7834,0,Unchanged
7835,0,Unchanged
7836,328783098.850629,Unchanged
7837,18.923847590192,Upregulated
7838,27.788137619721,Upregulated
7839,9.46192489639222,Upregulated
7840,164391541.546337,Unchanged
7841,0,Unchanged
7842,0,Unchanged
7843,0,Unchanged
7844,0,Unchanged
7845,0,Unchanged
7846,2573749.55920481,Unchanged
7847,0.983479309228907,Unchanged
7848,1.41189917934819,Unchanged
7849,1.4235959382438,Unchanged
7850,13.6911119527134,Upregulated
7851,0.504281545666613,Unchanged
7852,0.661017988970281,Unchanged
7853,3.2444606628701e-07,Unchanged
7854,1.5601980518645,Unchanged
7855,1.47409384889221,Unchanged
7856,2340.38956151948,Upregulated
7857,447333.954409293,Unchanged
7858,236412.774108327,Unchanged
7859,2.08234686230269e-07,Unchanged
7860,12.1519595953206,Upregulated
7861,0,Unchanged
7862,0,Unchanged
7863,0,Unchanged
7864,6.45792462019561,Upregulated
7865,4.13712901239645e-06,Unchanged
7866,12.5800157131792,Upregulated
7867,369.372325441216,Upregulated
7868,15877.3856301863,Upregulated
7869,120.652705011959,Upregulated
7870,120.679117032726,Upregulated
7871,120.652723390896,Upregulated
7872,281.470777305264,Upregulated
7873,112.172804084183,Upregulated
7874,597.699912761828,Upregulated
7875,0.00137427799153159,Unchanged
7876,0,Unchanged
7877,0.557247210621544,Unchanged
7878,2.65368927888824,Upregulated
7879,0.000756311524749979,Unchanged
7880,0.0116509188621795,Downregulated
7881,0.0116509188621795,Downregulated
7882,0.0116509200857641,Downregulated
7883,0.0125636123670036,Downregulated
7884,7.23424202573834,Upregulated
7885,7.23424202573834,Upregulated
7886,7.23424202573834,Upregulated
7887,49977082.3195995,Unchanged
7888,1.68049939117552,Unchanged
7889,9.21472757554695,Upregulated
7890,1.2200713037939,Unchanged
7891,3.21152455614667,Upregulated
7892,7.23424202573834,Upregulated
7893,7.23582460055153,Upregulated
7894,7.23582460055153,Upregulated
7895,0,Unchanged
7896,0,Unchanged
7897,1.8542750842763e-05,Unchanged
7898,0,Unchanged
7899,46.1703564596114,Upregulated
7900,6.38491632995467e-08,Unchanged
7901,4.75003766317966,Upregulated
7902,5.57931261383206,Upregulated
7903,4.53470500573913,Upregulated
7904,4.49373921952049,Upregulated
7905,18.9832719291281,Upregulated
7906,69238574.6594364,Unchanged
7907,7.5855723457512,Upregulated
7908,8.55837265471531,Upregulated
7909,12346396.6120257,Unchanged
7910,0.00269650093914286,Unchanged
7911,0,Unchanged
7912,0,Unchanged
7913,0,Unchanged
7914,0,Unchanged
7915,1.09123687950316,Unchanged
7916,0,Unchanged
7917,16.4120410536249,Upregulated
7918,162.471741439522,Upregulated
7919,178.70451533084,Upregulated
7920,0.00100128241995338,Unchanged
7921,0.0203006854145969,Downregulated
7922,0.0203006861552953,Downregulated
7923,0,Unchanged
7924,0.0933786870751186,Downregulated
7925,0.353103600827465,Downregulated
7926,0,Unchanged
7927,0,Unchanged
7928,0,Unchanged
7929,0,Unchanged
7930,0.0693463703402179,Downregulated
7931,0,Unchanged
7932,0,Unchanged
7933,0,Unchanged
7934,0.000998771685386516,Unchanged
7935,0.0480848301835801,Downregulated
7936,0.000264802147421869,Unchanged
7937,7.74596284664698e-07,Unchanged
7938,7.74596285198761e-07,Unchanged
7939,3.46925335300832e-09,Unchanged
7940,0.0140832514173112,Downregulated
7941,3.46925335300832e-09,Unchanged
7942,0,Unchanged
7943,0,Unchanged
7944,0,Unchanged
7945,0,Unchanged
7946,0.133089559464476,Downregulated
7947,68697467.5509245,Unchanged
7948,0,Unchanged
7949,1.55957502268667,Unchanged
7950,3.23247267861445e-07,Unchanged
7951,6.95341471095954e-07,Unchanged
7952,0,Unchanged
7953,0,Unchanged
7954,0,Unchanged
7955,8.39265660788008,Upregulated
7956,158385284.182075,Unchanged
7957,79192651.5218651,Unchanged
7958,2.35333329676336,Upregulated
7959,0,Unchanged
7960,0,Unchanged
7961,0,Unchanged
7962,0,Unchanged
7963,37.2709054924715,Upregulated
7964,0.865418879459891,Unchanged
7965,597173767.914706,Unchanged
7966,3525.66188641862,Upregulated
7967,140.308043282875,Upregulated
7968,111.886665260251,Upregulated
7969,18.7323754826737,Upregulated
7970,15.6994213700191,Upregulated
7971,15.0734802931654,Upregulated
7972,17.2679694666864,Upregulated
7973,4.32646182574112,Upregulated
7974,2.14151218479104e-08,Unchanged
7975,530709.164425664,Unchanged
7976,0.21006941770548,Downregulated
7977,529275.53013083,Unchanged
7978,599725074.310588,Unchanged
7979,1981.0074976642,Upregulated
7980,0,Unchanged
7981,0,Unchanged
7982,0,Unchanged
7983,2.08246676069472,Upregulated
7984,6.26136087104704,Upregulated
7985,20.4299422566729,Upregulated
7986,172.588837143803,Upregulated
7987,0,Unchanged
7988,0,Unchanged
7989,0,Unchanged
7990,40071168.1225229,Unchanged
7991,0,Unchanged
7992,3325761.68578225,Unchanged
7993,14428679.2428466,Unchanged
7994,237956774.550132,Unchanged
7995,0,Unchanged
7996,21.3080638385111,Upregulated
7997,1.23678718619842,Unchanged
7998,0.0992955759929241,Downregulated
7999,0.101775547227778,Downregulated
8000,0,Unchanged
8001,0,Unchanged
8002,3.51359808887211e-06,Unchanged
8003,9.60026975182431e-05,Unchanged
8004,0.831944415593156,Unchanged
8005,0,Unchanged
8006,468.64232469023,Upregulated
8007,468.417722329394,Upregulated
8008,18.9740897111606,Upregulated
8009,0,Unchanged
8010,0.306814370151573,Downregulated
8011,0,Unchanged
8012,2.64824316651777,Upregulated
8013,39547326.1663637,Unchanged
8014,0,Unchanged
8015,1.0597789065514e-07,Unchanged
8016,0,Unchanged
8017,655266624.138327,Unchanged
8018,243494.349656274,Unchanged
8019,0,Unchanged
8020,0,Unchanged
8021,0,Unchanged
8022,0,Unchanged
8023,92140261.7670844,Unchanged
8024,9.03565503888063,Upregulated
8025,0.00026723399743603,Unchanged
8026,5.76596575154343,Upregulated
8027,0.293496247765766,Downregulated
8028,22406225.5099266,Unchanged
8029,3.63060766268866,Upregulated
8030,0.0368493259949455,Downregulated
8031,0.137369505068102,Downregulated
8032,0.174218827351377,Downregulated
8033,0,Unchanged
8034,0.151310004054308,Downregulated
8035,0.0228863083982391,Downregulated
8036,0.0233839243422679,Downregulated
8037,0.112714195483642,Downregulated
8038,0,Unchanged
8039,0,Unchanged
8040,39596264.2389543,Unchanged
8041,0,Unchanged
8042,8.9291030795817,Upregulated
8043,39596268.1854218,Unchanged
8044,43.6075944238237,Upregulated
8045,43.4220684228707,Upregulated
8046,0,Unchanged
8047,174.430284873728,Upregulated
8048,43.4125638651477,Upregulated
8049,39596275.0914254,Unchanged
8050,0.27473899158483,Downregulated
8051,0.136785110694141,Downregulated
8052,0.274739021267028,Downregulated
8053,65410878.746403,Unchanged
8054,78855655.7344078,Unchanged
8055,3.6840444569117,Upregulated
8056,0.137369512309462,Downregulated
8057,0.137369505855569,Downregulated
8058,0.13692424953099,Downregulated
8059,0.331733736257721,Downregulated
8060,0,Unchanged
8061,27.1642637977252,Upregulated
8062,3.82978756082778e-05,Unchanged
8063,39596272.5878849,Unchanged
8064,240.574898448244,Upregulated
8065,0,Unchanged
8066,8.20473701894019,Upregulated
8067,129739659.220787,Unchanged
8068,283370.185046458,Unchanged
8069,0,Unchanged
8070,13.6086909058408,Upregulated
8071,1.47300578776206,Unchanged
8072,1.47300578776206,Unchanged
8073,0.00312004155910775,Unchanged
8074,5.91796744038106e-09,Unchanged
8075,21.3780286940336,Upregulated
8076,0,Unchanged
8077,0,Unchanged
8078,0,Unchanged
8079,6.00418740802817,Upregulated
8080,0,Unchanged
8081,45.3094485813965,Upregulated
8082,0,Unchanged
8083,0,Unchanged
8084,0,Unchanged
8085,0,Unchanged
8086,11913135.8264937,Unchanged
8087,39596276.7807078,Unchanged
8088,0.0366925589953623,Downregulated
8089,0.0451718409040032,Downregulated
8090,0.0275028569865286,Downregulated
8091,0.00208565068948094,Unchanged
8092,0,Unchanged
8093,0,Unchanged
8094,3.87266607807154e-07,Unchanged
8095,0,Unchanged
8096,1.05977867917773e-07,Unchanged
8097,0,Unchanged
8098,4.34944155784933e-07,Unchanged
8099,52788750.0093207,Unchanged
8100,1982385.35821187,Unchanged
8101,0.226316988452981,Downregulated
8102,52788797.9392155,Unchanged
8103,0.000205137374966599,Unchanged
8104,5.05457937552929e-06,Unchanged
8105,8.16288775413492e-05,Unchanged
8106,0,Unchanged
8107,0,Unchanged
8108,206.483432764125,Upregulated
8109,6.89800604134047,Upregulated
8110,168973156.993433,Unchanged
8111,517.284760357103,Upregulated
8112,1138470694.8082,Unchanged
8113,1138470694.8082,Unchanged
8114,307.956440386448,Upregulated
8115,1005247422.5964,Unchanged
8116,1948.92649973236,Upregulated
8117,724.696126280956,Upregulated
8118,724.696131458121,Upregulated
8119,2276941389.6164,Unchanged
8120,1138470694.8082,Unchanged
8121,73.1414669189309,Upregulated
8122,203.779425723865,Upregulated
8123,149.54370165647,Upregulated
8124,19.1857466326692,Upregulated
8125,14.6472449571767,Upregulated
8126,14.6472449571767,Upregulated
8127,34.2932788074508,Upregulated
8128,0,Unchanged
8129,17.1466418777059,Upregulated
8130,814.902204252732,Upregulated
8131,597245867.800398,Unchanged
8132,0,Unchanged
8133,502623711.298199,Unchanged
8134,191.154775690904,Upregulated
8135,290.243163898868,Upregulated
8136,1105683067.41228,Unchanged
8137,2276941389.6164,Unchanged
8138,3.79465153404313,Upregulated
8139,17.5165245569543,Upregulated
8140,599.33632102673,Upregulated
8141,3.79465153404313,Upregulated
8142,3.7954816583217,Upregulated
8143,3.81169743906999,Upregulated
8144,3.81364836742853,Upregulated
8145,6.04649581439472,Upregulated
8146,10.6365743087377,Upregulated
8147,9.53799685738941,Upregulated
8148,0.0266007780790191,Downregulated
8149,9.34286307537707e-09,Unchanged
8150,0.699677260982752,Unchanged
8151,8.0916992498258e-09,Unchanged
8152,6.94358961601642e-09,Unchanged
8153,0,Unchanged
8154,15217591.2619313,Unchanged
8155,0,Unchanged
8156,0,Unchanged
8157,0,Unchanged
8158,0,Unchanged
8159,1.87898064162519,Unchanged
8160,597173767.914706,Unchanged
8161,18.9832719291281,Upregulated
8162,0,Unchanged
8163,984.562326955661,Upregulated
8164,236352.941659184,Unchanged
8165,0.934032099813974,Unchanged
8166,184280639.873603,Unchanged
8167,81326.3971132824,Unchanged
8168,4.19632948430826,Upregulated
8169,0,Unchanged
8170,0,Unchanged
8171,8.27761934860165e-06,Unchanged
8172,0,Unchanged
8173,0,Unchanged
8174,3.39932251957838e-06,Unchanged
8175,575784.80656101,Unchanged
8176,0.29872515211523,Downregulated
8177,0,Unchanged
8178,163823.367620627,Unchanged
8179,0,Unchanged
8180,0,Unchanged
8181,0,Unchanged
8182,0,Unchanged
8183,0,Unchanged
8184,0,Unchanged
8185,0.150196495887949,Downregulated
8186,1.39282580170736,Unchanged
8187,0,Unchanged
8188,0,Unchanged
8189,0,Unchanged
8190,8282581.09454875,Unchanged
8191,0,Unchanged
8192,0,Unchanged
8193,0,Unchanged
8194,130.685380566473,Upregulated
8195,0,Unchanged
8196,0,Unchanged
8197,0,Unchanged
8198,0,Unchanged
8199,5.04724673956011e-07,Unchanged
8200,19.2475834928046,Upregulated
8201,0,Unchanged
8202,0,Unchanged
8203,176177.46612428,Unchanged
8204,79192555.6598528,Unchanged
8205,430975.247087334,Unchanged
8206,54984.4001924128,Unchanged
8207,0,Unchanged
8208,0,Unchanged
8209,4.47069092170014,Upregulated
8210,0.42204045767626,Downregulated
8211,70627.9812589194,Unchanged
8212,131882.605595609,Unchanged
8213,0,Unchanged
8214,20.1571305028415,Upregulated
8215,0,Unchanged
8216,9.72944308664826,Upregulated
8217,45862.0187882394,Unchanged
8218,0,Unchanged
8219,0,Unchanged
8220,27687963.9787271,Unchanged
8221,0,Unchanged
8222,6001283.51658367,Unchanged
8223,0,Unchanged
8224,0,Unchanged
8225,0,Unchanged
8226,0,Unchanged
8227,13.7992841721299,Upregulated
8228,0,Unchanged
8229,0,Unchanged
8230,0,Unchanged
8231,0,Unchanged
8232,329003277.662842,Unchanged
8233,0,Unchanged
8234,424.604770082556,Upregulated
8235,429.495896745619,Upregulated
8236,49.5231979178004,Upregulated
8237,502623671.122527,Unchanged
8238,0,Unchanged
8239,0,Unchanged
8240,0.20795956638915,Downregulated
8241,0,Unchanged
8242,9.88316096080464,Upregulated
8243,0,Unchanged
8244,3.97703893216168,Upregulated
8245,4.19585696304543,Upregulated
8246,3.13147065100777e-08,Unchanged
8247,0,Unchanged
8248,1.2525881223034e-07,Unchanged
8249,0,Unchanged
8250,0,Unchanged
8251,0,Unchanged
8252,6.98773234448727e-08,Unchanged
8253,0.0066770156870028,Unchanged
8254,0,Unchanged
8255,1.25640676159116,Unchanged
8256,5.02525833156135e-05,Unchanged
8257,4.39415242653457,Upregulated
8258,0.00838200659153713,Unchanged
8259,7.59337580897379e-08,Unchanged
8260,7.58544889902402,Upregulated
8261,0.0539385290271111,Downregulated
8262,0.0228299104023741,Downregulated
8263,1.11206200559917,Unchanged
8264,0,Unchanged
8265,3.41563262963973e-05,Unchanged
8266,3.85771660045968,Upregulated
8267,0,Unchanged
8268,1.51442224128727e-07,Unchanged
8269,1.89234200960935e-06,Unchanged
8270,2.36297838664177e-06,Unchanged
8271,12.8448698066792,Upregulated
8272,0,Unchanged
8273,0.332352267021624,Downregulated
8274,0.622814659969709,Unchanged
8275,0,Unchanged
8276,0,Unchanged
8277,0,Unchanged
8278,0,Unchanged
8279,5876342.65219134,Unchanged
8280,0,Unchanged
8281,79183639.5307673,Unchanged
8282,1.99999994670513,Unchanged
8283,0,Unchanged
8284,68.0010474813759,Upregulated
8285,4.46665184990797,Upregulated
8286,21243374.9344435,Unchanged
8287,5694352.547909,Unchanged
8288,0,Unchanged
8289,0,Unchanged
8290,4.65074571901228,Upregulated
8291,894667.977613405,Unchanged
8292,1.41189921750541,Unchanged
8293,0.678497147163322,Unchanged
8294,0,Unchanged
8295,0.415870811008935,Downregulated
8296,116302351.183666,Unchanged
8297,2847176.19946113,Unchanged
8298,1312079.62546521,Unchanged
8299,39476564.4083316,Unchanged
8300,0,Unchanged
8301,0.999996526492137,Unchanged
8302,39596275.9028987,Unchanged
8303,12.9121837209966,Upregulated
8304,183.25275070505,Upregulated
8305,183.760604553632,Upregulated
8306,39906.2767723467,Unchanged
8307,0.42749501547617,Downregulated
8308,7.51042054551308e-09,Unchanged
8309,0,Unchanged
8310,0,Unchanged
8311,0,Unchanged
8312,0,Unchanged
8313,0,Unchanged
8314,0,Unchanged
8315,0,Unchanged
8316,0,Unchanged
8317,0.0219841054517222,Downregulated
8318,0,Unchanged
8319,0.804209671636903,Unchanged
8320,0,Unchanged
8321,0.0528198158097208,Downregulated
8322,0.0462194136381699,Downregulated
8323,0.0462194136381699,Downregulated
8324,0.0462194136381699,Downregulated
8325,0.124471066118143,Downregulated
8326,0.00694683192631828,Unchanged
8327,0,Unchanged
8328,0.00515507935852493,Unchanged
8329,0,Unchanged
8330,0.00694683213455287,Unchanged
8331,0.00438150886761006,Unchanged
8332,0.00438150886761006,Unchanged
8333,0.00184518504973006,Unchanged
8334,0.142246266014743,Downregulated
8335,0.0967457890735142,Downregulated
8336,0,Unchanged
8337,0.000582635487770757,Unchanged
8338,0.00199900681721521,Unchanged
8339,0,Unchanged
8340,0,Unchanged
8341,0,Unchanged
8342,0.0674939240887579,Downregulated
8343,0.250793081003645,Downregulated
8344,0.000444063658290629,Unchanged
8345,0,Unchanged
8346,0.59258656810779,Unchanged
8347,0,Unchanged
8348,0,Unchanged
8349,0.701108010310426,Unchanged
8350,3.46925335300832e-09,Unchanged
8351,0,Unchanged
8352,0,Unchanged
8353,0,Unchanged
8354,3.36329956468024,Upregulated
8355,2.70500103156657e-07,Unchanged
8356,0.00667847561190575,Unchanged
8357,0,Unchanged
8358,0,Unchanged
8359,0,Unchanged
8360,1.35622007639898,Unchanged
8361,0,Unchanged
8362,0,Unchanged
8363,10621687.4672217,Unchanged
8364,3.41879151675914,Upregulated
8365,3.00623480983928,Upregulated
8366,0.24417642458211,Downregulated
8367,5.89273418784484e-09,Unchanged
8368,0,Unchanged
8369,0.296180626372449,Downregulated
8370,0.00899230614598151,Unchanged
8371,114551.557338119,Unchanged
8372,0,Unchanged
8373,0,Unchanged
8374,3178991.44642306,Unchanged
8375,5147499.2076693,Unchanged
8376,0.199644964801611,Downregulated
8377,1.11230529023793,Unchanged
8378,1.11230535778178,Unchanged
8379,3.62905276720401,Upregulated
8380,1.1120620314217,Unchanged
8381,1.11206222374947,Unchanged
8382,3.34583240601974,Upregulated
8383,0.686727073511486,Unchanged
8384,1.10733132051138,Unchanged
8385,1.11206200231854,Unchanged
8386,17.389951767143,Upregulated
8387,38599.7675749884,Unchanged
8388,1.17296549197303,Unchanged
8389,0.112358109828756,Downregulated
8390,10464887.4683897,Unchanged
8391,0.110655043766911,Downregulated
8392,0.110184293338006,Downregulated
8393,0,Unchanged
8394,14.7477407835853,Upregulated
8395,6.65753639993786,Upregulated
8396,0,Unchanged
8397,0,Unchanged
8398,12.5360306240015,Upregulated
8399,1261.5263978922,Upregulated
8400,10493341.728007,Unchanged
8401,10448701.32445,Unchanged
8402,15225126.9221021,Unchanged
8403,367073569.272304,Unchanged
8404,1.05390983727484,Unchanged
8405,1.05390983727484,Unchanged
8406,2.36621727884017e-05,Unchanged
8407,0,Unchanged
8408,91.7471520633715,Upregulated
8409,2.939398692547e-06,Unchanged
8410,0,Unchanged
8411,5.84916524948298e-08,Unchanged
8412,0,Unchanged
8413,0,Unchanged
8414,10753026.3631329,Unchanged
8415,20105040.3594035,Unchanged
8416,0,Unchanged
8417,0,Unchanged
8418,0.0787992549537311,Downregulated
8419,0,Unchanged
8420,0.00372654371655619,Unchanged
8421,0.0017809915124067,Unchanged
8422,0.365720425041842,Downregulated
8423,0,Unchanged
8424,0,Unchanged
8425,0,Unchanged
8426,55492.1983995422,Unchanged
8427,911421.79271776,Unchanged
8428,0.00811757835611869,Unchanged
8429,0.0787850603816401,Downregulated
8430,0.311559351846102,Downregulated
8431,3.19822098326826,Upregulated
8432,77.8250192875049,Upregulated
8433,10.7273661543517,Upregulated
8434,1.08457748238423,Unchanged
8435,0.370023477059042,Downregulated
8436,1.16145296848478,Unchanged
8437,0.370023486359444,Downregulated
8438,0.468082866596846,Downregulated
8439,3.21188552102274,Upregulated
8440,1.16145394730417,Unchanged
8441,1.36261365221705,Unchanged
8442,82.0213463477287,Upregulated
8443,0,Unchanged
8444,0,Unchanged
8445,0,Unchanged
8446,1.96503299287532e-06,Unchanged
8447,0,Unchanged
8448,0,Unchanged
8449,0,Unchanged
8450,2969025.61053137,Unchanged
8451,39596283.6816506,Unchanged
8452,4.19632943264075,Upregulated
8453,12.7993868018917,Upregulated
8454,0,Unchanged
8455,0,Unchanged
8456,0,Unchanged
8457,0.422040521202398,Downregulated
8458,0.420672512362052,Downregulated
8459,39467927.0689828,Unchanged
8460,0,Unchanged
8461,0,Unchanged
8462,0,Unchanged
8463,0,Unchanged
8464,2,Upregulated
8465,0,Unchanged
8466,0,Unchanged
8467,0,Unchanged
8468,0,Unchanged
8469,0,Unchanged
8470,0,Unchanged
8471,0,Unchanged
8472,0,Unchanged
8473,0,Unchanged
8474,0,Unchanged
8475,0,Unchanged
8476,0,Unchanged
8477,0,Unchanged
8478,0,Unchanged
8479,0,Unchanged
8480,0,Unchanged
8481,0,Unchanged
8482,0,Unchanged
8483,0.500000005353781,Unchanged
8484,0.910679729712044,Unchanged
8485,0.310446665126326,Downregulated
8486,0,Unchanged
8487,0,Unchanged
8488,0,Unchanged
8489,0.998115517197131,Unchanged
8490,0,Unchanged
8491,0,Unchanged
8492,0,Unchanged
8493,0,Unchanged
8494,0,Unchanged
8495,0,Unchanged
8496,0,Unchanged
8497,0,Unchanged
8498,0,Unchanged
8499,0,Unchanged
8500,0,Unchanged
8501,0,Unchanged
8502,0,Unchanged
8503,0,Unchanged
8504,0,Unchanged
8505,382396.817461622,Unchanged
8506,382396.860211825,Unchanged
8507,0.316359256295308,Downregulated
8508,0.316359615021827,Downregulated
8509,0.776585482546246,Unchanged
8510,0,Unchanged
8511,0,Unchanged
8512,2467359.06445239,Unchanged
8513,0.874087621298038,Unchanged
8514,0.0769966047953209,Downregulated
8515,259158.335292327,Unchanged
8516,9.98362481254844e-08,Unchanged
8517,1.0000003653172,Unchanged
8518,2367498.07801832,Unchanged
8519,0.58770604428623,Unchanged
8520,8.39454815491081e-08,Unchanged
8521,15.1708979238422,Upregulated
8522,61.3403874350207,Upregulated
8523,61.6024474545899,Upregulated
8524,1.23678688704443,Unchanged
8525,31.9587178009779,Upregulated
8526,44.1923849292939,Upregulated
8527,4877230.99338709,Unchanged
8528,1401.28150291191,Upregulated
8529,4.09225855830889,Upregulated
8530,88328.1795175589,Unchanged
8531,21243374.9344435,Unchanged
8532,0,Unchanged
8533,106121316.301701,Unchanged
8534,76853304.8136179,Unchanged
8535,0,Unchanged
8536,0,Unchanged
8537,783542.732288823,Unchanged
8538,0,Unchanged
8539,0,Unchanged
8540,3.54643167383859,Upregulated
8541,31.2336660788092,Upregulated
8542,38117211.851572,Unchanged
8543,8.4442451697535,Upregulated
8544,38117208.2279964,Unchanged
8545,8.44239658456888,Upregulated
8546,31.2336631096112,Upregulated
8547,0,Unchanged
8548,0,Unchanged
8549,87488006.6073923,Unchanged
8550,2329615.18888363,Unchanged
8551,8.75441091657584,Upregulated
8552,0,Unchanged
8553,11370128.3293289,Unchanged
8554,0.0948135172317478,Downregulated
8555,0,Unchanged
8556,0,Unchanged
8557,0,Unchanged
8558,0.296289807360647,Downregulated
8559,160931.729171852,Unchanged
8560,0,Unchanged
8561,4839108.72850928,Unchanged
8562,110086709.102308,Unchanged
8563,39.724640419484,Upregulated
8564,35.5073004868227,Upregulated
8565,105.057715569091,Upregulated
8566,21027992.2116877,Unchanged
8567,2.7847919008713,Upregulated
8568,0,Unchanged
8569,0,Unchanged
8570,1.87110903697507,Unchanged
8571,0.588352951760113,Unchanged
8572,0,Unchanged
8573,78337364.1367746,Unchanged
8574,2.82766044604995,Upregulated
8575,55.7842299865163,Upregulated
8576,60.025987609468,Upregulated
8577,0,Unchanged
8578,1.87131964422677,Unchanged
8579,36.9174897069619,Upregulated
8580,0,Unchanged
8581,36.9133226058137,Upregulated
8582,0.905623177180118,Unchanged
8583,17.8661788196745,Upregulated
8584,0,Unchanged
8585,78.3535618268335,Upregulated
8586,21025541.2395289,Unchanged
8587,1985430.88316278,Unchanged
8588,39168682.0683873,Unchanged
8589,585849.560727873,Unchanged
8590,39168682.0683873,Unchanged
8591,1985431.05712501,Unchanged
8592,39168682.0683873,Unchanged
8593,1171699.12145575,Unchanged
8594,0,Unchanged
8595,0,Unchanged
8596,367073573.202767,Unchanged
8597,34.7218873726626,Upregulated
8598,0,Unchanged
8599,0,Unchanged
8600,128107.343708363,Unchanged
8601,17.949783871389,Upregulated
8602,0,Unchanged
8603,29577289.9548964,Unchanged
8604,2.00888798658645,Upregulated
8605,0.120899000483731,Downregulated
8606,0,Unchanged
8607,0,Unchanged
8608,289.088781440208,Upregulated
8609,0.564806010849163,Unchanged
8610,0.00966987238362792,Unchanged
8611,0,Unchanged
8612,0,Unchanged
8613,0,Unchanged
8614,11855367.2676042,Unchanged
8615,23370354.2993363,Unchanged
8616,81350.4354855411,Unchanged
8617,21153000.5230346,Unchanged
8618,0,Unchanged
8619,0,Unchanged
8620,20247609.7925905,Unchanged
8621,215114.815888197,Unchanged
8622,19060679.7706936,Unchanged
8623,1.82694909523212,Unchanged
8624,9.93564211861145,Upregulated
8625,4.669362205239,Upregulated
8626,1.37620447951621,Unchanged
8627,68.546614708206,Upregulated
8628,44059783.9818178,Unchanged
8629,4.95979824433117,Upregulated
8630,44059783.9818178,Unchanged
8631,1985430.77299551,Unchanged
8632,44059783.9818178,Unchanged
8633,0,Unchanged
8634,0.469615184551017,Downregulated
8635,5.10070844870908,Upregulated
8636,3.17859763178741,Upregulated
8637,0.0088988394703973,Unchanged
8638,0.00889883928706167,Unchanged
8639,0.00889883928706167,Unchanged
8640,88119567.9636355,Unchanged
8641,0,Unchanged
8642,0.230076462048522,Downregulated
8643,1.66378164871982,Unchanged
8644,831079.856272787,Unchanged
8645,0.574721072569023,Unchanged
8646,0,Unchanged
8647,0,Unchanged
8648,0,Unchanged
8649,13.9586395672387,Upregulated
8650,13.9586379058268,Upregulated
8651,0,Unchanged
8652,3.65701256924524,Upregulated
8653,0.58228326331123,Unchanged
8654,13.1797028482351,Upregulated
8655,13.1797025118529,Upregulated
8656,13.5276956133863,Upregulated
8657,13.5276956133863,Upregulated
8658,13.527694003267,Upregulated
8659,13.5276956133863,Upregulated
8660,3.4385289779574,Upregulated
8661,13.4929919216598,Upregulated
8662,55.5771501146093,Upregulated
8663,0,Unchanged
8664,0,Unchanged
8665,3.62825901076417,Upregulated
8666,0.834744315253481,Unchanged
8667,3.62825857891457,Upregulated
8668,13.1236369346289,Upregulated
8669,13.1236353413186,Upregulated
8670,70859349.1332341,Unchanged
8671,12.3414048687038,Upregulated
8672,2.39644720994023,Upregulated
8673,8.69441678695529,Upregulated
8674,0.40764019552202,Downregulated
8675,71074509.7229804,Unchanged
8676,57552697.5614822,Unchanged
8677,154777467.912999,Unchanged
8678,154485792.436446,Unchanged
8679,154485792.436446,Unchanged
8680,110.217416196369,Upregulated
8681,75.6351176597795,Upregulated
8682,75.6517466794056,Upregulated
8683,24.2238768119441,Upregulated
8684,74.5047695409424,Upregulated
8685,24.9579542677492,Upregulated
8686,129.809759973587,Upregulated
8687,42.2052939730979,Upregulated
8688,76.7457179015007,Upregulated
8689,75.9841699680216,Upregulated
8690,4.02239635672159,Upregulated
8691,61357090.7609644,Unchanged
8692,25.3364173731654,Upregulated
8693,8.82837773214377,Upregulated
8694,8.82837773214377,Upregulated
8695,8.82837724173233,Upregulated
8696,1.18552357419216,Unchanged
8697,4.02239569275253,Upregulated
8698,88078106.6146705,Unchanged
8699,7.58068697180423,Upregulated
8700,88078106.6146705,Unchanged
8701,10621687.3880826,Unchanged
8702,0,Unchanged
8703,0,Unchanged
8704,4.13560577156603,Upregulated
8705,4.13560522810285,Upregulated
8706,4.13560511497378,Upregulated
8707,4.13560511941021,Upregulated
8708,1.12591020413133,Unchanged
8709,1.60681031346219,Unchanged
8710,0,Unchanged
8711,0,Unchanged
8712,0,Unchanged
8713,0,Unchanged
8714,1.03056776383646,Unchanged
8715,4.21834586772252,Upregulated
8716,0,Unchanged
8717,4.21834587224771,Upregulated
8718,0,Unchanged
8719,0.171373581811587,Downregulated
8720,0,Unchanged
8721,0.171373581811587,Downregulated
8722,0,Unchanged
8723,40369983.5081366,Unchanged
8724,4722055.61007625,Unchanged
8725,6648638.7404467,Unchanged
8726,79550159.4780964,Unchanged
8727,1662159.71254557,Unchanged
8728,3970862.35599575,Unchanged
8729,0,Unchanged
8730,0,Unchanged
8731,1704087864.22158,Unchanged
8732,0,Unchanged
8733,0,Unchanged
8734,0,Unchanged
8735,0,Unchanged
8736,26483404.683559,Unchanged
8737,26483404.683559,Unchanged
8738,0,Unchanged
8739,0,Unchanged
8740,0,Unchanged
8741,0,Unchanged
8742,0,Unchanged
8743,0,Unchanged
8744,0,Unchanged
8745,0,Unchanged
8746,0,Unchanged
8747,0,Unchanged
8748,0,Unchanged
8749,0,Unchanged
8750,0,Unchanged
8751,79192551.5439992,Unchanged
8752,0,Unchanged
8753,0,Unchanged
8754,0,Unchanged
8755,0,Unchanged
8756,0,Unchanged
8757,2838107.06207215,Unchanged
8758,0,Unchanged
8759,0,Unchanged
8760,0,Unchanged
8761,0,Unchanged
8762,79192549.6724202,Unchanged
8763,0,Unchanged
8764,0,Unchanged
8765,45027463.5966841,Unchanged
8766,3970862.35599575,Unchanged
8767,26572913.0944373,Unchanged
8768,78337364.1367746,Unchanged
8769,3970862.35599575,Unchanged
8770,4830185.94399854,Unchanged
8771,4830185.94399854,Unchanged
8772,4830185.94399854,Unchanged
8773,4830185.94399854,Unchanged
8774,26645166.1404649,Unchanged
8775,176156213.229341,Unchanged
8776,33233486.7283004,Unchanged
8777,33233486.7283004,Unchanged
8778,4830185.94399854,Unchanged
8779,4830185.94399854,Unchanged
8780,0,Unchanged
8781,33233486.7283004,Unchanged
8782,0,Unchanged
8783,4830185.94399854,Unchanged
8784,0,Unchanged
8785,26483404.683559,Unchanged
8786,0,Unchanged
8787,0,Unchanged
8788,0,Unchanged
8789,33233486.7283004,Unchanged
8790,33233486.7283004,Unchanged
8791,33233486.7283004,Unchanged
8792,4830185.94399854,Unchanged
8793,4830185.94399854,Unchanged
8794,33233486.7283004,Unchanged
8795,4830185.94399854,Unchanged
8796,4830185.94399854,Unchanged
8797,0,Unchanged
8798,26483404.683559,Unchanged
8799,26483404.683559,Unchanged
8800,28757598.3152988,Unchanged
8801,0,Unchanged
8802,0,Unchanged
8803,33233486.7283004,Unchanged
8804,33233486.7283004,Unchanged
8805,4830185.94399854,Unchanged
8806,4830185.94399854,Unchanged
8807,0,Unchanged
8808,33233486.7283004,Unchanged
8809,4830185.94399854,Unchanged
8810,33233486.7283004,Unchanged
8811,33233486.7283004,Unchanged
8812,33233486.7283004,Unchanged
8813,4830185.94399854,Unchanged
8814,33233486.7283004,Unchanged
8815,4830185.94399854,Unchanged
8816,4830185.94399854,Unchanged
8817,4830185.94399854,Unchanged
8818,2838107.06207215,Unchanged
8819,5790158.54575476,Unchanged
8820,0,Unchanged
8821,1487088.76102525,Unchanged
8822,4830185.94399854,Unchanged
8823,4830185.94399854,Unchanged
8824,26483404.683559,Unchanged
8825,0,Unchanged
8826,0,Unchanged
8827,0,Unchanged
8828,0,Unchanged
8829,0,Unchanged
8830,0,Unchanged
8831,0,Unchanged
8832,23599254.2528854,Unchanged
8833,0,Unchanged
8834,26483404.683559,Unchanged
8835,13241702.3417795,Unchanged
8836,0,Unchanged
8837,0,Unchanged
8838,0,Unchanged
8839,0,Unchanged
8840,0,Unchanged
8841,0,Unchanged
8842,0,Unchanged
8843,0,Unchanged
8844,0,Unchanged
8845,0,Unchanged
8846,28757598.3152988,Unchanged
8847,28757598.3152988,Unchanged
8848,28757598.3152988,Unchanged
8849,108706219.82514,Unchanged
8850,0,Unchanged
8851,0,Unchanged
8852,0,Unchanged
8853,0,Unchanged
8854,0,Unchanged
8855,0,Unchanged
8856,79192605.6982964,Unchanged
8857,79192544.9084014,Unchanged
8858,79192549.8911762,Unchanged
8859,80822076.6205929,Unchanged
8860,2838107.06207215,Unchanged
8861,2838107.06207215,Unchanged
8862,24074012.6624124,Unchanged
8863,0,Unchanged
8864,3368060.03578738,Unchanged
8865,0,Unchanged
8866,0,Unchanged
8867,0,Unchanged
8868,255999.549970822,Unchanged
8869,19974213.2187493,Unchanged
8870,23045123.162295,Unchanged
8871,19974213.2357584,Unchanged
8872,237072677.332743,Unchanged
8873,0,Unchanged
8874,79192548.870315,Unchanged
8875,10429290.4821975,Unchanged
8876,2838107.06207215,Unchanged
8877,74.4248812171092,Upregulated
8878,446.549287303119,Upregulated
8879,329774.775828268,Unchanged
8880,223.103072907083,Upregulated
8881,115093.601894246,Unchanged
8882,25.0408451213803,Upregulated
8883,5.71692843190605,Upregulated
8884,1.98224389600548,Unchanged
8885,0,Unchanged
8886,0,Unchanged
8887,0,Unchanged
8888,74.4248812171092,Upregulated
8889,0,Unchanged
8890,115093.601894246,Unchanged
8891,74.4248812171092,Upregulated
8892,9127211.84731894,Unchanged
8893,94792.535940162,Unchanged
8894,26394398.9696077,Unchanged
8895,492.283321879335,Upregulated
8896,0,Unchanged
8897,0,Unchanged
8898,109968.780618891,Unchanged
8899,0,Unchanged
8900,43727.2128561974,Unchanged
8901,15694853.7043666,Unchanged
8902,2.49799057675648,Upregulated
8903,0,Unchanged
8904,12985105.9150835,Unchanged
8905,676107.485993857,Unchanged
8906,0,Unchanged
8907,236054.886659094,Unchanged
8908,87787711.5697922,Unchanged
8909,2,Upregulated
8910,41915302.1557785,Unchanged
8911,0,Unchanged
8912,35027734.7406124,Unchanged
8913,24482970.4073252,Unchanged
8914,677189.346607057,Unchanged
8915,21243376.9657894,Unchanged
8916,0,Unchanged
8917,79449233.6518242,Unchanged
8918,79449233.6518242,Unchanged
8919,5.71692843195667,Upregulated
8920,0,Unchanged
8921,601060.220348729,Unchanged
8922,28.3926708242521,Upregulated
8923,93371108.2401145,Unchanged
8924,93529840.68011,Unchanged
8925,79192546.7799802,Unchanged
8926,0,Unchanged
8927,79192544.3736646,Unchanged
8928,68904595.4081923,Unchanged
8929,79192548.870315,Unchanged
8930,14250729.91317,Unchanged
8931,463621182.892015,Unchanged
8932,3968814.87951812,Unchanged
8933,1271102.98397489,Unchanged
8934,1659804287.0769,Unchanged
8935,734147138.544609,Unchanged
8936,147541005.743704,Unchanged
8937,147540972.878027,Unchanged
8938,147540963.472655,Unchanged
8939,147540982.455691,Unchanged
8940,147540984.577133,Unchanged
8941,147540985.440404,Unchanged
8942,948.359813197644,Upregulated
8943,948.359813197644,Upregulated
8944,9669807.41643159,Unchanged
8945,0,Unchanged
8946,158.539821350472,Upregulated
8947,158.504972325969,Upregulated
8948,0.512498736834476,Unchanged
8949,158.539652610959,Upregulated
8950,0,Unchanged
8951,161.637513040535,Upregulated
8952,22.099699890812,Upregulated
8953,22.1922794561503,Upregulated
8954,177.61176407246,Upregulated
8955,177.650568308477,Upregulated
8956,1140815.54180854,Unchanged
8957,39596278.0891928,Unchanged
8958,0,Unchanged
8959,39498803.9295319,Unchanged
8960,39005830.189934,Unchanged
8961,79192550.3773006,Unchanged
8962,0,Unchanged
8963,13241702.3417795,Unchanged
8964,0,Unchanged
8965,0,Unchanged
8966,0.418541160313571,Downregulated
8967,0,Unchanged
8968,0.486455045723292,Downregulated
8969,4.19632901380745,Upregulated
8970,4.19632890607322,Upregulated
8971,5.19537374957445,Upregulated
8972,4.17847634907332,Upregulated
8973,38.7397618934611,Upregulated
8974,0.00399806451253468,Unchanged
8975,0,Unchanged
8976,0,Unchanged
8977,37021.1272517115,Unchanged
8978,38.9016758262401,Upregulated
8979,41.3213747295826,Upregulated
8980,21.1763585173736,Upregulated
8981,1.38402587906512e-05,Unchanged
8982,4.34944150526917e-07,Unchanged
8983,1.50102043884016,Unchanged
8984,10.4971893277004,Upregulated
8985,0,Unchanged
8986,2.55643606601676,Upregulated
8987,0,Unchanged
8988,1.26183733940843,Unchanged
8989,0,Unchanged
8990,0.00844973183995806,Unchanged
8991,34.649636531146,Upregulated
8992,0,Unchanged
8993,2.28025849130885e-07,Unchanged
8994,0,Unchanged
8995,0,Unchanged
8996,151.419161851918,Upregulated
8997,78898856.367726,Unchanged
8998,0,Unchanged
8999,79192548.6029465,Unchanged
9000,0,Unchanged
9001,169591.550602421,Unchanged
9002,0,Unchanged
9003,1.85927006096357,Unchanged
9004,0,Unchanged
9005,0.0100117149710443,Downregulated
9006,9.79221595724338,Upregulated
9007,0,Unchanged
9008,0,Unchanged
9009,0,Unchanged
9010,19.490560252439,Upregulated
9011,0,Unchanged
9012,0,Unchanged
9013,0,Unchanged
9014,0,Unchanged
9015,0,Unchanged
9016,0,Unchanged
9017,0,Unchanged
9018,3.46317068568538,Upregulated
9019,0,Unchanged
9020,0,Unchanged
9021,449.714296105256,Upregulated
9022,0,Unchanged
9023,0,Unchanged
9024,0,Unchanged
9025,17.222165421559,Upregulated
9026,0,Unchanged
9027,0,Unchanged
9028,0,Unchanged
9029,277.681467686278,Upregulated
9030,0,Unchanged
9031,17.1489092941542,Upregulated
9032,0,Unchanged
9033,270.630309331243,Upregulated
9034,0,Unchanged
9035,72386766.316304,Unchanged
9036,0.420245219218647,Downregulated
9037,0,Unchanged
9038,0.12842126588403,Downregulated
9039,8526497.30770197,Unchanged
9040,1.34172086083039,Unchanged
9041,0,Unchanged
9042,0,Unchanged
9043,1.79638362417236,Unchanged
9044,318.378060970221,Upregulated
9045,1.2870257734652,Unchanged
9046,0,Unchanged
9047,119.607775687482,Upregulated
9048,30.2731058876902,Upregulated
9049,0,Unchanged
9050,0,Unchanged
9051,227903399.832377,Unchanged
9052,12969152.8428368,Unchanged
9053,8.12317599926389e-06,Unchanged
9054,0.415890677350768,Downregulated
9055,692.668551928968,Upregulated
9056,45.1741783480893,Upregulated
9057,0,Unchanged
9058,0,Unchanged
9059,1.54109260665541e-06,Unchanged
9060,2.23876520874455e-05,Unchanged
9061,0,Unchanged
9062,6.88691039139308,Upregulated
9063,56.5994856176927,Upregulated
9064,39.4008209808907,Upregulated
9065,0,Unchanged
9066,0.405274505662665,Downregulated
9067,0,Unchanged
9068,1.17007170586705e-05,Unchanged
9069,4.94101510000461e-07,Unchanged
9070,0.00210588244237016,Unchanged
9071,0,Unchanged
9072,0,Unchanged
9073,0,Unchanged
9074,0,Unchanged
9075,0,Unchanged
9076,0,Unchanged
9077,0,Unchanged
9078,0,Unchanged
9079,137.584104899736,Upregulated
9080,0,Unchanged
9081,0,Unchanged
9082,0,Unchanged
9083,0,Unchanged
9084,7.11123815212138,Upregulated
9085,0,Unchanged
9086,47.0736940129319,Upregulated
9087,421.848908184787,Upregulated
9088,0,Unchanged
9089,1328.71887914167,Upregulated
9090,0,Unchanged
9091,0.498977463724545,Downregulated
9092,0,Unchanged
9093,0.524527372661319,Unchanged
9094,0,Unchanged
9095,1.20094480183266,Unchanged
9096,0,Unchanged
9097,43.6075824302633,Upregulated
9098,9585.90028387411,Upregulated
9099,0.0274529183889319,Downregulated
9100,26.1775023340426,Upregulated
9101,0,Unchanged
9102,5.58193222425975e-05,Unchanged
9103,0,Unchanged
9104,0,Unchanged
9105,0.0228979782296963,Downregulated
9106,0.0229268018961769,Downregulated
9107,9.04291350638866,Upregulated
9108,0.000182467493525982,Unchanged
9109,50.2535593492145,Upregulated
9110,0.0294765373805326,Downregulated
9111,2.55616856570534,Upregulated
9112,11.2338099350237,Upregulated
9113,0.341245906147092,Downregulated
9114,14.217283465682,Upregulated
9115,0,Unchanged
9116,0,Unchanged
9117,18.9000470959015,Upregulated
9118,5.7671165960929,Upregulated
9119,4.12121230404119,Upregulated
9120,0,Unchanged
9121,15.2345135918029,Upregulated
9122,0.168145532298971,Downregulated
9123,0.029457868652171,Downregulated
9124,0.0125316425050862,Downregulated
9125,0.514288384959116,Unchanged
9126,0.00687279604607234,Unchanged
9127,0,Unchanged
9128,245.881707255183,Upregulated
9129,3.04207593796735e-06,Unchanged
9130,122.223177510613,Upregulated
9131,0,Unchanged
9132,1.09764326863244,Unchanged
9133,5.13590408140223,Upregulated
9134,5.11405562184609,Upregulated
9135,0,Unchanged
9136,56.3839997539524,Upregulated
9137,1.04433268336703,Unchanged
9138,1.62246289831706e-06,Unchanged
9139,1.66225516514945e-06,Unchanged
9140,0,Unchanged
9141,0.98739184031095,Unchanged
9142,0.772927198954188,Unchanged
9143,0,Unchanged
9144,13.3838056187854,Upregulated
9145,0,Unchanged
9146,7.28508924642924,Upregulated
9147,61.5731379645833,Upregulated
9148,0.12891753270261,Downregulated
9149,1.82387408976861,Unchanged
9150,3.77230695757055e-07,Unchanged
9151,0,Unchanged
9152,52.2741275377331,Upregulated
9153,8.39265837661091,Upregulated
9154,6.29449389162138,Upregulated
9155,119212594.802857,Unchanged
9156,0,Unchanged
9157,0,Unchanged
9158,0,Unchanged
9159,0,Unchanged
9160,0,Unchanged
9161,0,Unchanged
9162,0,Unchanged
9163,0,Unchanged
9164,0,Unchanged
9165,2.83879891063444e-05,Unchanged
9166,0,Unchanged
9167,15.417992753389,Upregulated
9168,0,Unchanged
9169,0,Unchanged
9170,0,Unchanged
9171,0,Unchanged
9172,0,Unchanged
9173,5288370.77278657,Unchanged
9174,0.0130921387045038,Downregulated
9175,0,Unchanged
9176,0,Unchanged
9177,0,Unchanged
9178,0,Unchanged
9179,3.36895070619922,Upregulated
9180,12.5590107536748,Upregulated
9181,0,Unchanged
9182,0,Unchanged
9183,0,Unchanged
9184,0,Unchanged
9185,0,Unchanged
9186,0,Unchanged
9187,0,Unchanged
9188,0,Unchanged
9189,0,Unchanged
9190,0,Unchanged
9191,0,Unchanged
9192,0,Unchanged
9193,0,Unchanged
9194,4.19724719048666,Upregulated
9195,0,Unchanged
9196,0,Unchanged
9197,0,Unchanged
9198,0,Unchanged
9199,0,Unchanged
9200,0,Unchanged
9201,0,Unchanged
9202,23.8829017013949,Upregulated
9203,0,Unchanged
9204,0,Unchanged
9205,15.2213373335885,Upregulated
9206,16.7418752988852,Upregulated
9207,32.0860490610595,Upregulated
9208,0,Unchanged
9209,0,Unchanged
9210,32.0860444714241,Upregulated
9211,8.86482672287198,Upregulated
9212,8.86482672287198,Upregulated
9213,8.86482672287198,Upregulated
9214,8.86482672287198,Upregulated
9215,56.3932151196247,Upregulated
9216,56.4043608123686,Upregulated
9217,15.3932852663596,Upregulated
9218,5.25121823427947,Upregulated
9219,5.25121823427947,Upregulated
9220,8.86482672287198,Upregulated
9221,8.86482672287198,Upregulated
9222,0,Unchanged
9223,5.25121823427947,Upregulated
9224,0,Unchanged
9225,8.86482672287198,Upregulated
9226,0,Unchanged
9227,12.5590107536748,Upregulated
9228,0,Unchanged
9229,0,Unchanged
9230,0,Unchanged
9231,5.25121954032074,Upregulated
9232,5.25121954032074,Upregulated
9233,5.25121954032074,Upregulated
9234,8.86482892766125,Upregulated
9235,8.86482892766125,Upregulated
9236,5.25121931038007,Upregulated
9237,8.86482820210316,Upregulated
9238,8.86482820210316,Upregulated
9239,0,Unchanged
9240,12.559011386485,Upregulated
9241,12.559011386485,Upregulated
9242,0,Unchanged
9243,0,Unchanged
9244,5.25121823427947,Upregulated
9245,5.25121823427947,Upregulated
9246,8.86482672287198,Upregulated
9247,8.86482892766125,Upregulated
9248,0,Unchanged
9249,5.25121951668198,Upregulated
9250,8.86482672287198,Upregulated
9251,5.25121823427947,Upregulated
9252,5.25121823427947,Upregulated
9253,5.25121823427947,Upregulated
9254,8.86482672287198,Upregulated
9255,5.25121823427947,Upregulated
9256,8.86482672287198,Upregulated
9257,8.86482672287198,Upregulated
9258,8.86482672287198,Upregulated
9259,0,Unchanged
9260,0,Unchanged
9261,18.0612091698101,Upregulated
9262,8.86482672287198,Upregulated
9263,8.86482672287198,Upregulated
9264,18.0612153746831,Upregulated
9265,24.8073293099413,Upregulated
9266,0,Unchanged
9267,0,Unchanged
9268,0,Unchanged
9269,0,Unchanged
9270,0,Unchanged
9271,0,Unchanged
9272,0,Unchanged
9273,0,Unchanged
9274,0,Unchanged
9275,0.753653974062128,Unchanged
9276,12.5590120694062,Upregulated
9277,0,Unchanged
9278,0,Unchanged
9279,0,Unchanged
9280,0,Unchanged
9281,0,Unchanged
9282,0,Unchanged
9283,0,Unchanged
9284,0,Unchanged
9285,0,Unchanged
9286,0,Unchanged
9287,2.59866673962052,Upregulated
9288,0,Unchanged
9289,0,Unchanged
9290,0,Unchanged
9291,0,Unchanged
9292,0,Unchanged
9293,0,Unchanged
9294,10.0356870343793,Upregulated
9295,5.4989092400763,Upregulated
9296,10.0356866791114,Upregulated
9297,15.444380334301,Upregulated
9298,13.0712658813072,Upregulated
9299,0,Unchanged
9300,984.56232695581,Upregulated
9301,5.49890834934151,Upregulated
9302,0,Unchanged
9303,0,Unchanged
9304,0,Unchanged
9305,0.000189202152107861,Unchanged
9306,12.8440440808227,Upregulated
9307,21.155227673859,Upregulated
9308,0.928256896523985,Unchanged
9309,0,Unchanged
9310,3.79208599209919e-08,Unchanged
9311,0,Unchanged
9312,0,Unchanged
9313,0,Unchanged
9314,10621687.845594,Unchanged
9315,0,Unchanged
9316,116905.312969983,Unchanged
9317,51685216.8654878,Unchanged
9318,0.0562047287151405,Downregulated
9319,3.68404375531223,Upregulated
9320,0.682394353948609,Unchanged
9321,0.113212220488968,Downregulated
9322,0,Unchanged
9323,0.43873362949936,Downregulated
9324,3525501.98340835,Unchanged
9325,54.8015693390829,Upregulated
9326,1.29342916433783,Unchanged
9327,10621693.476289,Unchanged
9328,39596277.351904,Unchanged
9329,39596269.3118895,Unchanged
9330,10509860.5733617,Unchanged
9331,21243375.7376828,Unchanged
9332,79192549.6967264,Unchanged
9333,0.682394325588498,Unchanged
9334,39596276.7807078,Unchanged
9335,14.7004972991145,Upregulated
9336,4.82173385061034,Upregulated
9337,0.682394372022896,Unchanged
9338,0,Unchanged
9339,79192547.1283693,Unchanged
9340,0.0532344747833191,Downregulated
9341,7.23259961802598,Upregulated
9342,6.84555708536391,Upregulated
9343,11406.432599461,Upregulated
9344,13.9256423088576,Upregulated
9345,51.9129848449868,Upregulated
9346,13311563.2918301,Unchanged
9347,1.78275451958812,Unchanged
9348,10621688.2744271,Unchanged
9349,39596273.5641846,Unchanged
9350,79192541.9632982,Unchanged
9351,79192549.210602,Unchanged
9352,21243374.3743671,Unchanged
9353,1.18731220520908,Unchanged
9354,4.19632931159941,Upregulated
9355,3.88423463394634,Upregulated
9356,1.48063524807465,Unchanged
9357,105508416.360398,Unchanged
9358,10621689.7502817,Unchanged
9359,0.537016107540515,Unchanged
9360,0.41210856367513,Downregulated
9361,25167961.3455104,Unchanged
9362,25167961.3455104,Unchanged
9363,21.3780155306421,Upregulated
9364,0.692092446305122,Unchanged
9365,39596273.9490331,Unchanged
9366,5.73464564713156,Upregulated
9367,0,Unchanged
9368,79192547.8980662,Unchanged
9369,132006.647214344,Unchanged
9370,13.5392724945298,Upregulated
9371,99.5118431199428,Upregulated
9372,21243377.0379367,Unchanged
9373,395962.755716364,Unchanged
9374,1.78643179095744,Unchanged
9375,1.12566398648857,Unchanged
9376,4.19632911166728,Upregulated
9377,1.12566404590627,Unchanged
9378,21243375.4747462,Unchanged
9379,39596269.9790178,Unchanged
9380,4.1963286842223,Upregulated
9381,1.12566405737796,Unchanged
9382,21243375.4747462,Unchanged
9383,4.19632926914568,Upregulated
9384,4.19632930515828,Upregulated
9385,1.51148125731327,Unchanged
9386,1.51687830903474,Unchanged
9387,4.19632844985906,Upregulated
9388,71209604.0452495,Unchanged
9389,21243375.4747462,Unchanged
9390,1.12591015044094,Unchanged
9391,79192541.613173,Unchanged
9392,8.7544121139561,Upregulated
9393,1.12566428361183,Unchanged
9394,0,Unchanged
9395,0,Unchanged
9396,0.0540849991315498,Downregulated
9397,20618463.5494717,Unchanged
9398,2.48936813724374,Upregulated
9399,2.27146059141618,Upregulated
9400,0.609318564720188,Unchanged
9401,0.609318487347609,Unchanged
9402,2.27146014078387,Upregulated
9403,0.60931854967986,Unchanged
9404,2.27195743294314,Upregulated
9405,6.84555818606748,Upregulated
9406,1.83631883907843,Unchanged
9407,1.05799363738279,Unchanged
9408,20.8450566401622,Upregulated
9409,203322.525359352,Unchanged
9410,4.17847796710971,Upregulated
9411,79192555.6598528,Unchanged
9412,4.19632922002331,Upregulated
9413,1.12566397847125,Unchanged
9414,2.86829838987854,Upregulated
9415,35.0931585827897,Upregulated
9416,4.17847799680221,Upregulated
9417,4.17847802361976,Upregulated
9418,16.9023919244643,Upregulated
9419,16.9023928909352,Upregulated
9420,3.91752687442099,Upregulated
9421,3.91752743031175,Upregulated
9422,18.3024011833433,Upregulated
9423,1.1256640418578,Unchanged
9424,4.17847788242336,Upregulated
9425,4.17847777369647,Upregulated
9426,1.12566399735279,Unchanged
9427,0.562832095883863,Unchanged
9428,39427828.8913223,Unchanged
9429,12.5055843297592,Upregulated
9430,3.32391999922232,Upregulated
9431,21243376.6146728,Unchanged
9432,78855658.1441425,Unchanged
9433,4.90619936917548,Upregulated
9434,0,Unchanged
9435,20530747.8798252,Unchanged
9436,40.7512597052433,Upregulated
9437,21243376.9481534,Unchanged
9438,39.6659805963744,Upregulated
9439,5.47547389070905,Upregulated
9440,20.3250183259104,Upregulated
9441,2.84371567135267,Upregulated
9442,4.17847752871557,Upregulated
9443,4.17847752871557,Upregulated
9444,1.12566409949407,Unchanged
9445,1.12566409949407,Unchanged
9446,8.7326756536522,Upregulated
9447,8.7326765683133,Upregulated
9448,21243373.9083494,Unchanged
9449,21243373.9083494,Unchanged
9450,78855653.3402377,Unchanged
9451,78855653.3402377,Unchanged
9452,21243375.8066235,Unchanged
9453,21243375.8066235,Unchanged
9454,9.63738866712439,Upregulated
9455,0,Unchanged
9456,9.01658905514144,Upregulated
9457,11.1225327372625,Upregulated
9458,0,Unchanged
9459,101.474953811089,Upregulated
9460,125.17574769816,Upregulated
9461,0,Unchanged
9462,0,Unchanged
9463,2.0272242514337,Upregulated
9464,17.3637506766606,Upregulated
9465,1.16344789155421,Unchanged
9466,4.3143264879953,Upregulated
9467,2226822.38494657,Unchanged
9468,0,Unchanged
9469,2226822.32490791,Unchanged
9470,0.072778352343882,Downregulated
9471,33.6162189229285,Upregulated
9472,0,Unchanged
9473,39596341.1524445,Unchanged
9474,0,Unchanged
9475,0.224794382124679,Downregulated
9476,0,Unchanged
9477,327.667337443493,Upregulated
9478,327.738968585781,Upregulated
9479,0,Unchanged
9480,189392086.378293,Unchanged
9481,163.172297310026,Upregulated
9482,620.565101085847,Upregulated
9483,4.08311946393773,Upregulated
9484,1.64405277321599,Unchanged
9485,81350.4354859173,Unchanged
9486,11041492.8080406,Unchanged
9487,4.54199421056135,Upregulated
9488,50.9690510344185,Upregulated
9489,24.3606111879189,Upregulated
9490,1.19941103826696,Unchanged
9491,0.206414485858196,Downregulated
9492,2.57581421666258,Upregulated
9493,0,Unchanged
9494,0,Unchanged
9495,3324318.38397749,Unchanged
9496,1.37837133318776,Unchanged
9497,44.8512622270321,Upregulated
9498,5.12829713481443,Upregulated
9499,0,Unchanged
9500,1.05977859448103e-07,Unchanged
9501,4.21528149095102,Upregulated
9502,39775245.3483325,Unchanged
9503,0,Unchanged
9504,582678.884976835,Unchanged
9505,582678.884976835,Unchanged
9506,0.0308755394918713,Downregulated
9507,291340.660007646,Unchanged
9508,0.0308755390612923,Downregulated
9509,0.0339808080860281,Downregulated
9510,0.0308755396409179,Downregulated
9511,0.0308755396409179,Downregulated
9512,0,Unchanged
9513,35879.382398573,Unchanged
9514,582678.881439507,Unchanged
9515,582678.881439507,Unchanged
9516,518579.896219483,Unchanged
9517,0.030875541213808,Downregulated
9518,582678.881439507,Unchanged
9519,0.0154377696215406,Downregulated
9520,582036.089617983,Unchanged
9521,0.0236322498278881,Downregulated
9522,0,Unchanged
9523,0.270127705191723,Downregulated
9524,4620522.15661693,Unchanged
9525,0.237867259650086,Downregulated
9526,0.882838048474302,Unchanged
9527,0.882838048474302,Unchanged
9528,2455962.09160664,Unchanged
9529,20.5816764160173,Upregulated
9530,0.122056993767711,Downregulated
9531,0.0516998824828744,Downregulated
9532,0.255849287665615,Downregulated
9533,0.000156480589566826,Unchanged
9534,0.0421967247433066,Downregulated
9535,0,Unchanged
9536,2743522.56031804,Unchanged
9537,0.619080510736069,Unchanged
9538,2414176.11494069,Unchanged
9539,16.3531670709362,Upregulated
9540,23616414.4698154,Unchanged
9541,18.9485579268617,Upregulated
9542,13691079.2561962,Unchanged
9543,26.909315098031,Upregulated
9544,0,Unchanged
9545,0.427639823907987,Downregulated
9546,0,Unchanged
9547,0,Unchanged
9548,0,Unchanged
9549,78935862.2670908,Unchanged
9550,0.847959042204787,Unchanged
9551,256692.961408387,Unchanged
9552,0,Unchanged
9553,0,Unchanged
9554,0,Unchanged
9555,1.99997542982499,Unchanged
9556,0,Unchanged
9557,64707908.8392862,Unchanged
9558,0,Unchanged
9559,76234416.4559929,Unchanged
9560,8.19705663986079,Upregulated
9561,4.54780009310525,Upregulated
9562,0,Unchanged
9563,95139402.9980358,Unchanged
9564,97066532.5378832,Unchanged
9565,21307495.2106855,Unchanged
9566,4.03958074148354,Upregulated
9567,3.10474423236978,Upregulated
9568,0,Unchanged
9569,3.57176525377554,Upregulated
9570,4.75008013063028,Upregulated
9571,3.54643182568202,Upregulated
9572,7.38857407013972,Upregulated
9573,0.00628014537236107,Unchanged
9574,5.67266754805953,Upregulated
9575,26645164.6941284,Unchanged
9576,2055123.25717695,Unchanged
9577,0.329288968326139,Downregulated
9578,3020545.52014469,Unchanged
9579,412345.780276847,Unchanged
9580,21437740.1323185,Unchanged
9581,5287823.98295419,Unchanged
9582,18502516.2857616,Unchanged
9583,9.33433067021618,Upregulated
9584,0.0057491150676313,Unchanged
9585,323995.379930694,Unchanged
9586,38117223.1970527,Unchanged
9587,76234426.8448894,Unchanged
9588,6.96243670929097,Upregulated
9589,6.96243674904914,Upregulated
9590,4.37115530599918,Upregulated
9591,41246381.0889833,Unchanged
9592,0.974741465360561,Unchanged
9593,1.28831360059878,Unchanged
9594,7.8196003470604,Upregulated
9595,7.8196003470604,Upregulated
9596,8.31805724913358,Upregulated
9597,110784745.20063,Unchanged
9598,4345709.73580058,Unchanged
9599,11.1539162105088,Upregulated
9600,11.1539162105088,Upregulated
9601,0,Unchanged
9602,3.74859475939618,Upregulated
9603,4.76066881851033,Upregulated
9604,2024937.8582807,Unchanged
9605,76234427.5324301,Unchanged
9606,8007260.90038029,Unchanged
9607,0,Unchanged
9608,7973197.29614559,Unchanged
9609,5.79871101139676,Upregulated
9610,3225.76174637159,Upregulated
9611,80640080.8774281,Unchanged
9612,9.96855973106668,Upregulated
9613,5.62050762485294,Upregulated
9614,11010312.0047923,Unchanged
9615,0.0203213476449681,Downregulated
9616,0.549520258249144,Unchanged
9617,5.09919592153095,Upregulated
9618,0.589898296359443,Unchanged
9619,9.70933801408255,Upregulated
9620,14.3465714561545,Upregulated
9621,10.0706233860448,Upregulated
9622,79.6460501445608,Upregulated
9623,10.7877775905776,Upregulated
9624,37.2347631375947,Upregulated
9625,140952592.276236,Unchanged
9626,7.22598490526447,Upregulated
9627,80739967.0162732,Unchanged
9628,0,Unchanged
9629,0,Unchanged
9630,0.294225951198538,Downregulated
9631,0,Unchanged
9632,0,Unchanged
9633,17270310.3423211,Unchanged
9634,134967.947802264,Unchanged
9635,0.00101367707935413,Unchanged
9636,134967.947802264,Unchanged
9637,0.0489408225288276,Downregulated
9638,135260.840951741,Unchanged
9639,16642151.5543971,Unchanged
9640,20373990.9659767,Unchanged
9641,0,Unchanged
9642,20373990.9659767,Unchanged
9643,2723576.88649314,Unchanged
9644,0,Unchanged
9645,707294.073522949,Unchanged
9646,0,Unchanged
9647,3924583.84524643,Unchanged
9648,2332842.05705104,Unchanged
9649,0,Unchanged
9650,0,Unchanged
9651,20856406.1752267,Unchanged
9652,4244557.6680539,Unchanged
9653,6257425.27020697,Unchanged
9654,6257425.27020697,Unchanged
9655,0,Unchanged
9656,0,Unchanged
9657,0,Unchanged
9658,0,Unchanged
9659,0,Unchanged
9660,0,Unchanged
9661,4.03958128248319,Upregulated
9662,0,Unchanged
9663,0,Unchanged
9664,0,Unchanged
9665,0,Unchanged
9666,0,Unchanged
9667,4.35255940005264,Upregulated
9668,0,Unchanged
9669,0,Unchanged
9670,2.30193157657427,Upregulated
9671,4.25169223467758,Upregulated
9672,0,Unchanged
9673,4.35789588541879,Upregulated
9674,4.35789588541879,Upregulated
9675,0,Unchanged
9676,0,Unchanged
9677,0,Unchanged
9678,4.0395799043599,Upregulated
9679,0,Unchanged
9680,0,Unchanged
9681,4.02239674055238,Upregulated
9682,1.34448088905058,Unchanged
9683,0,Unchanged
9684,0,Unchanged
9685,4.55270678419055,Upregulated
9686,0,Unchanged
9687,0,Unchanged
9688,0,Unchanged
9689,0,Unchanged
9690,0,Unchanged
9691,0,Unchanged
9692,4.14511852240212,Upregulated
9693,4.14511852240212,Upregulated
9694,0,Unchanged
9695,8.20328253241376,Upregulated
9696,8.20328253241376,Upregulated
9697,0,Unchanged
9698,5.60544092230384,Upregulated
9699,5.60544092230384,Upregulated
9700,0,Unchanged
9701,0,Unchanged
9702,0,Unchanged
9703,0,Unchanged
9704,1.6811164646412,Unchanged
9705,0.368328881399927,Downregulated
9706,0,Unchanged
9707,0,Unchanged
9708,4.27303220883633,Upregulated
9709,4.27303220883633,Upregulated
9710,0,Unchanged
9711,8.20149357984463,Upregulated
9712,8.20149357984463,Upregulated
9713,0,Unchanged
9714,0.637369987999326,Unchanged
9715,0,Unchanged
9716,1.05390960157326,Unchanged
9717,0,Unchanged
9718,1.11206195093019,Unchanged
9719,1.11206195093019,Unchanged
9720,1.11206226765972,Unchanged
9721,1.11206226765972,Unchanged
9722,1.11206226765972,Unchanged
9723,1.11206226765972,Unchanged
9724,1.11206212092626,Unchanged
9725,1.11230556067244,Unchanged
9726,1.11206230106245,Unchanged
9727,1.11230556067244,Unchanged
9728,1.11230556067244,Unchanged
9729,1.11230556067244,Unchanged
9730,1.11230556067244,Unchanged
9731,1.11230556067244,Unchanged
9732,1.11230556067244,Unchanged
9733,1.11230556067244,Unchanged
9734,1.11230556067244,Unchanged
9735,1.11230556067244,Unchanged
9736,1.11230556067244,Unchanged
9737,1.11230556067244,Unchanged
9738,1.11230556067244,Unchanged
9739,1.11230556067244,Unchanged
9740,1.11230556067244,Unchanged
9741,1.11230556067244,Unchanged
9742,0.793865004968984,Unchanged
9743,20986684.6280196,Unchanged
9744,0.763537364057746,Unchanged
9745,3.39194423373856,Upregulated
9746,11.6045946625651,Upregulated
9747,38.6305290437282,Upregulated
9748,463.444747130415,Upregulated
9749,0,Unchanged
9750,10493342.3140098,Unchanged
9751,1.11206232432507,Unchanged
9752,1.11206232432507,Unchanged
9753,1.11206227839631,Unchanged
9754,20986684.6280196,Unchanged
9755,36.4303255623962,Upregulated
9756,1.1018226841783,Unchanged
9757,20986684.6280196,Unchanged
9758,0.556768807933603,Unchanged
9759,0.556768807933603,Unchanged
9760,13.7542428063577,Upregulated
9761,6.16917932168094,Upregulated
9762,237.203028097958,Upregulated
9763,90.6472871510224,Upregulated
9764,54716242.6648445,Unchanged
9765,48533809.1071171,Unchanged
9766,4.77759649055206,Upregulated
9767,4.77759656419948,Upregulated
9768,4.77759649055206,Upregulated
9769,4.77759656419948,Upregulated
9770,1.71448442652859,Unchanged
9771,1.71448442652859,Unchanged
9772,1.71448442652859,Unchanged
9773,1.71448442652859,Unchanged
9774,109.975049380686,Upregulated
9775,15.5170470020712,Upregulated
9776,16.7812400733281,Upregulated
9777,5.19078278606235,Upregulated
9778,8.39062021193387,Upregulated
9779,5.19078278606235,Upregulated
9780,0.0203066636104925,Downregulated
9781,0.0893417049778866,Downregulated
9782,0.245682369106373,Downregulated
9783,5698827.98258757,Unchanged
9784,0.112084939713011,Downregulated
9785,5698827.98258698,Unchanged
9786,5698827.98258762,Unchanged
9787,0.20646944576804,Downregulated
9788,0.20646944576804,Downregulated
9789,5698827.97810152,Unchanged
9790,0.900429763211238,Unchanged
9791,1.53182230460725,Unchanged
9792,0,Unchanged
9793,15102197.0949291,Unchanged
9794,4.05941053976047,Upregulated
9795,13.1236358043784,Upregulated
9796,12.1349836320062,Upregulated
9797,1.02901364104374,Unchanged
9798,0.318295088516294,Downregulated
9799,0.318295088516294,Downregulated
9800,0.494312322840962,Downregulated
9801,0.365284591501617,Downregulated
9802,0.11193531030951,Downregulated
9803,0,Unchanged
9804,1944.09151076099,Upregulated
9805,0.082697166147121,Downregulated
9806,0.0380063233286487,Downregulated
9807,0.588907465582359,Unchanged
9808,3.79673741984071,Upregulated
9809,63.1567700728087,Upregulated
9810,38117206.245378,Unchanged
9811,38117206.245378,Unchanged
9812,76234415.8583095,Unchanged
9813,3.69680988560309,Upregulated
9814,13.1797008749272,Upregulated
9815,2.13724556385476,Upregulated
9816,3.76000037516254,Upregulated
9817,3.76000037516254,Upregulated
9818,16.7328799243859,Upregulated
9819,16.7328799243859,Upregulated
9820,17.8710803354341,Upregulated
9821,29.0889705577914,Upregulated
9822,5.47748244647248,Upregulated
9823,17.8710805293397,Upregulated
9824,17.8710805293397,Upregulated
9825,5.47748244647248,Upregulated
9826,13.8375435300705,Upregulated
9827,5.47748933893704,Upregulated
9828,4.38655768089693,Upregulated
9829,4.38655768089693,Upregulated
9830,1.34448068280455,Unchanged
9831,1.34448068641025,Unchanged
9832,4.27252369165752,Upregulated
9833,4.27252339612569,Upregulated
9834,1.30952911439279,Unchanged
9835,4.27252218730745,Upregulated
9836,0.0482952802181856,Downregulated
9837,1.05919176753884,Unchanged
9838,0.0787992609215265,Downregulated
9839,0.257093629281751,Downregulated
9840,0.257093629281751,Downregulated
9841,0.078799266293204,Downregulated
9842,0.0787992520496954,Downregulated
9843,0.0787992461325109,Downregulated
9844,0.257093656697753,Downregulated
9845,13.1797027223286,Upregulated
9846,4.03958095314286,Upregulated
9847,4.03958095314286,Upregulated
9848,13.1797027223286,Upregulated
9849,4.97172373258701,Upregulated
9850,1.52383410442344,Unchanged
9851,1.52383419106147,Unchanged
9852,1.52383444607153,Unchanged
9853,0.411382329513261,Downregulated
9854,13.5432688122326,Upregulated
9855,9.33433191186804,Upregulated
9856,30.4545678414125,Upregulated
9857,30.4545721070874,Upregulated
9858,5.58491421394313,Upregulated
9859,14.8884002002716,Upregulated
9860,9.33432994925704,Upregulated
9861,23.4713313642931,Upregulated
9862,23.4713313642931,Upregulated
9863,9.33432994925704,Upregulated
9864,9.33432994925704,Upregulated
9865,9.33432994925704,Upregulated
9866,30.4545674158463,Upregulated
9867,30.4545674158463,Upregulated
9868,9.33432994925704,Upregulated
9869,9.33433057508963,Upregulated
9870,9.33432994925704,Upregulated
9871,30.4545678614391,Upregulated
9872,30.4545678614391,Upregulated
9873,9.33432994925704,Upregulated
9874,17.3966278033349,Upregulated
9875,17.4004237790087,Upregulated
9876,9.33433172161493,Upregulated
9877,30.4545726878601,Upregulated
9878,30.4545726878601,Upregulated
9879,9.33433172161493,Upregulated
9880,9.33433172161493,Upregulated
9881,30.4545674108397,Upregulated
9882,30.4545674108397,Upregulated
9883,1.76366959151771,Unchanged
9884,0.123614822648544,Downregulated
9885,0.733815555821437,Unchanged
9886,1.08180789655129,Unchanged
9887,0.230274553049649,Downregulated
9888,4.35255942106391,Upregulated
9889,13.8717446737399,Upregulated
9890,14.2182529987755,Upregulated
9891,8.41073686931878,Upregulated
9892,1.57902794910583,Unchanged
9893,6.15860485392705,Upregulated
9894,0.368328940865726,Downregulated
9895,4.27303293766974,Upregulated
9896,26.7585310498126,Upregulated
9897,0.39913742212132,Downregulated
9898,1.58857660157333,Unchanged
9899,0.176336416721048,Downregulated
9900,5.21765366996637,Upregulated
9901,13.5210731000079,Upregulated
9902,8.20148817411136,Upregulated
9903,5.60421499045927,Upregulated
9904,4.03958186645073,Upregulated
9905,13.1797026002311,Upregulated
9906,13.1797026002311,Upregulated
9907,4.03958186645073,Upregulated
9908,2.28025523075579,Upregulated
9909,0.210411738390645,Downregulated
9910,0.210411738390645,Downregulated
9911,0,Unchanged
9912,0.210411738390645,Downregulated
9913,0.210411738390645,Downregulated
9914,1.12087504454128,Unchanged
9915,3.46498407151162e-07,Unchanged
9916,3.62825928187207,Upregulated
9917,1.11206214180297,Unchanged
9918,1.11206214180297,Unchanged
9919,3.62825928187207,Upregulated
9920,3.62825928187207,Upregulated
9921,1.11206214180297,Unchanged
9922,1.11206228853643,Unchanged
9923,3.62825928187207,Upregulated
9924,3.62825928187207,Upregulated
9925,1.11206228853643,Unchanged
9926,1.11206209289182,Unchanged
9927,3.62825988252486,Upregulated
9928,3.62825904805291,Upregulated
9929,1.11206227899279,Unchanged
9930,3.62825979842154,Upregulated
9931,1.11230556126891,Unchanged
9932,1.11206214418888,Unchanged
9933,1.11206214418888,Unchanged
9934,1.11206214418888,Unchanged
9935,1.11206214418888,Unchanged
9936,3.62825916973431,Upregulated
9937,3.62825916973431,Upregulated
9938,1.11206214418888,Unchanged
9939,1.11206214418888,Unchanged
9940,3.62825916973431,Upregulated
9941,3.62825916973431,Upregulated
9942,1.11206214418888,Unchanged
9943,1.11206214418888,Unchanged
9944,3.62825922341728,Upregulated
9945,3.62825922341728,Upregulated
9946,1.11206214418888,Unchanged
9947,10493341.2585789,Unchanged
9948,10493342.3140098,Unchanged
9949,0,Unchanged
9950,0,Unchanged
9951,0.712534378891791,Unchanged
9952,1.08489271394354,Unchanged
9953,1.11206212390865,Unchanged
9954,1.11206228376461,Unchanged
9955,1.08489291236488,Unchanged
9956,1.11206228376461,Unchanged
9957,1.11206212390865,Unchanged
9958,1.11206212390865,Unchanged
9959,1.11206220752426,Unchanged
9960,1.08489291236488,Unchanged
9961,1.08489291236488,Unchanged
9962,44.4151796049755,Upregulated
9963,1.08489291236488,Unchanged
9964,44.4151808378781,Upregulated
9965,0.143994468455535,Downregulated
9966,1.11206230285189,Unchanged
9967,0.143994468455535,Downregulated
9968,1.11206212032979,Unchanged
9969,0.93840356281504,Unchanged
9970,4175267.79293898,Unchanged
9971,1.81412988966713,Unchanged
9972,3.62825924787286,Upregulated
9973,0.151270617357685,Downregulated
9974,3.62825947274486,Upregulated
9975,0.151270617357685,Downregulated
9976,3.62825921566307,Upregulated
9977,3.62825967435423,Upregulated
9978,1.81412991292975,Unchanged
9979,1.81412991292975,Unchanged
9980,1.81412991292975,Unchanged
9981,4175267.79293904,Unchanged
9982,4175267.79293911,Unchanged
9983,0.0821194540895857,Downregulated
9984,4175267.79293894,Unchanged
9985,3.62825973221255,Upregulated
9986,3.62825973221255,Upregulated
9987,16.6981537249856,Upregulated
9988,16.6981546797783,Upregulated
9989,1.04261257140631,Unchanged
9990,1.04261271935136,Unchanged
9991,34.6691137466308,Upregulated
9992,0,Unchanged
9993,0,Unchanged
9994,17.3899506255773,Upregulated
9995,17.3899523746761,Upregulated
9996,17.386517845663,Upregulated
9997,1.04520948272881,Unchanged
9998,17.3865035289462,Upregulated
9999,17.3865003490439,Upregulated
10000,17.3865035289462,Upregulated
10001,3134654.03374168,Unchanged
10002,158.723302285373,Upregulated
10003,0,Unchanged
10004,158.723302285373,Upregulated
10005,18.1379612610831,Upregulated
10006,18.1379600175876,Upregulated
10007,10493351.1783522,Unchanged
10008,10493342.3140098,Unchanged
10009,1.29608207374598,Unchanged
10010,3.01541076706505e-06,Unchanged
10011,4.43998755477602e-08,Unchanged
10012,0.496668454991295,Downregulated
10013,0.49666845497318,Downregulated
10014,5.34720714667124,Upregulated
10015,0.419456427657491,Downregulated
10016,0.389931376150619,Downregulated
10017,0.0169075608688866,Downregulated
10018,5.40880270870176,Upregulated
10019,0.0453549490885166,Downregulated
10020,0.1863228439938,Downregulated
10021,0.345642109353226,Downregulated
10022,0.345642109353226,Downregulated
10023,0,Unchanged
10024,0.0131246111026711,Downregulated
10025,0.346581956397558,Downregulated
10026,0.000373777996316695,Unchanged
10027,0.421248557087106,Downregulated
10028,0.421248499261278,Downregulated
10029,39596276.4404207,Unchanged
10030,0.41589068747215,Downregulated
10031,0.415890693498176,Downregulated
10032,0.415890706177828,Downregulated
10033,0.0104107720350048,Downregulated
10034,0.0104107720350048,Downregulated
10035,0.0104107720350048,Downregulated
10036,0.018936511272765,Downregulated
10037,5.25673770644024,Upregulated
10038,0.0482116892831791,Downregulated
10039,0.415890679627148,Downregulated
10040,0.0283728006633373,Downregulated
10041,0.0333898249015142,Downregulated
10042,0.41917650660295,Downregulated
10043,0.414121384148031,Downregulated
10044,0,Unchanged
10045,0.0348893969935722,Downregulated
10046,0.486455024588757,Downregulated
10047,0,Unchanged
10048,0,Unchanged
10049,0,Unchanged
10050,0.351707305726197,Downregulated
10051,0,Unchanged
10052,2.68053324585004e-07,Unchanged
10053,2.68053283889458e-07,Unchanged
10054,1.06414215101887e-08,Unchanged
10055,1.06414215101887e-08,Unchanged
10056,3.20655542452641e-07,Unchanged
10057,0,Unchanged
10058,0.00372344501418225,Unchanged
10059,0,Unchanged
10060,0,Unchanged
10061,0,Unchanged
10062,0,Unchanged
10063,1245925.70172244,Unchanged
10064,0,Unchanged
10065,0,Unchanged
10066,523.985254284185,Upregulated
10067,11595507.1531729,Unchanged
10068,43755260.0902572,Unchanged
10069,15129112.2312402,Unchanged
10070,0.0629565961745575,Downregulated
10071,0.0629565952052586,Downregulated
10072,3.29517838310628,Upregulated
10073,0.0530743374465195,Downregulated
10074,7.21339389262858,Upregulated
10075,7.21339389262858,Upregulated
10076,7.21339389262858,Upregulated
10077,7.21339389262858,Upregulated
10078,15.3079086849305,Upregulated
10079,15.3079086849305,Upregulated
10080,15.6993277562891,Upregulated
10081,15.6993277562891,Upregulated
10082,15.3079044200627,Upregulated
10083,15.3079044200627,Upregulated
10084,15.3079044200627,Upregulated
10085,15.3079044200627,Upregulated
10086,6.38879618693912,Upregulated
10087,6.38879618693912,Upregulated
10088,6.38879669929037,Upregulated
10089,6.38879669929037,Upregulated
10090,4976203.50544042,Unchanged
10091,13.0223937543931,Upregulated
10092,56.1656193063098,Upregulated
10093,22.19038928825,Upregulated
10094,6.396398364392,Upregulated
10095,6.396398364392,Upregulated
10096,45.8213880072591,Upregulated
10097,26.3137910285531,Upregulated
10098,45.8213988524875,Upregulated
10099,10.6518020872985,Upregulated
10100,10.6518033990016,Upregulated
10101,15.3278043966831,Upregulated
10102,15.3278043966831,Upregulated
10103,15.3278043966831,Upregulated
10104,15.3278043966831,Upregulated
10105,15.2427852531735,Upregulated
10106,15.3079047961435,Upregulated
10107,15.3079047961435,Upregulated
10108,15.3079058039477,Upregulated
10109,6.29694560266136,Upregulated
10110,6.29694581702931,Upregulated
10111,6.29694581702931,Upregulated
10112,6.29694544321413,Upregulated
10113,4.46163855823735,Upregulated
10114,4.46163855823735,Upregulated
10115,4.46163855823735,Upregulated
10116,4.46163855823735,Upregulated
10117,8.06440245858993,Upregulated
10118,8.06440245858993,Upregulated
10119,8.06440245858993,Upregulated
10120,8.06440293732937,Upregulated
10121,8.06440371932049,Upregulated
10122,9.43251245486225,Upregulated
10123,9.43251245486225,Upregulated
10124,19.1589916391261,Upregulated
10125,19.1589878058939,Upregulated
10126,6.46391645083269,Upregulated
10127,6.46391645083269,Upregulated
10128,12.9278320128597,Upregulated
10129,12.9278320128597,Upregulated
10130,5.76110444747259,Upregulated
10131,136.45794026384,Upregulated
10132,0,Unchanged
10133,10.5616358822341,Upregulated
10134,21.1232685768594,Upregulated
10135,21.1232685768594,Upregulated
10136,0,Unchanged
10137,0,Unchanged
10138,0,Unchanged
10139,0,Unchanged
10140,0,Unchanged
10141,0,Unchanged
10142,0,Unchanged
10143,0,Unchanged
10144,0,Unchanged
10145,0,Unchanged
10146,0,Unchanged
10147,0,Unchanged
10148,6225069.86231968,Unchanged
10149,212425.759366951,Unchanged
10150,2838107.27369179,Unchanged
10151,0.282249239718326,Downregulated
10152,16.0588448236037,Upregulated
10153,0.0588343903893852,Downregulated
10154,0.0393106571397139,Downregulated
10155,558232.430848523,Unchanged
10156,1.15030670330418,Unchanged
10157,0.840616588671285,Unchanged
10158,2.69512254388221,Upregulated
10159,42.4818999525142,Upregulated
10160,0.0801654652760038,Downregulated
10161,53.6961450021725,Upregulated
10162,0.0405098160760257,Downregulated
10163,0.0124872209334065,Downregulated
10164,1.62834475043126e-07,Unchanged
10165,1.74861773054155e-07,Unchanged
10166,0,Unchanged
10167,0,Unchanged
10168,1.50299662235595,Unchanged
10169,80.6845022763114,Upregulated
10170,85.9565462344113,Upregulated
10171,1.24203819946427,Unchanged
10172,7.73259445017727,Upregulated
10173,0.845345951821788,Unchanged
10174,8.9188882366338,Upregulated
10175,0,Unchanged
10176,9.35272962586853,Upregulated
10177,12.6339968815741,Upregulated
10178,3.87266538647661e-07,Unchanged
10179,36.0972478905816,Upregulated
10180,133.774878215659,Upregulated
10181,0.147148065507258,Downregulated
10182,315535735.354196,Unchanged
10183,3.86599636741943e-07,Unchanged
10184,30.9364101389238,Upregulated
10185,1.18157642919249,Unchanged
10186,24.7339719027519,Upregulated
10187,3.68503132779482,Upregulated
10188,0.410880280346606,Downregulated
10189,6.53894584745403,Upregulated
10190,6.44032787622546,Upregulated
10191,0,Unchanged
10192,0.110883192257154,Downregulated
10193,0,Unchanged
10194,0,Unchanged
10195,9.0132674025478,Upregulated
10196,0.305183148270135,Downregulated
10197,9.42993814608385,Upregulated
10198,0.37462109883862,Downregulated
10199,0.0496176321395984,Downregulated
10200,0.317582610273447,Downregulated
10201,0,Unchanged
10202,0,Unchanged
10203,0,Unchanged
10204,4.69994710138745,Upregulated
10205,0,Unchanged
10206,0,Unchanged
10207,0,Unchanged
10208,0,Unchanged
10209,0,Unchanged
10210,0,Unchanged
10211,0,Unchanged
10212,0,Unchanged
10213,0,Unchanged
10214,0,Unchanged
10215,0,Unchanged
10216,0,Unchanged
10217,0,Unchanged
10218,0,Unchanged
10219,0,Unchanged
10220,0,Unchanged
10221,6.24968652789372,Upregulated
10222,85.5370811209912,Upregulated
10223,0.00359797716499788,Unchanged
10224,7.68249793248539,Upregulated
10225,0.0105223416403844,Downregulated
10226,463621182.892015,Unchanged
10227,758980480.245861,Unchanged
10228,463621182.892015,Unchanged
10229,0,Unchanged
10230,146913322.113198,Unchanged
10231,12.6817216880837,Upregulated
10232,19.4701799680746,Upregulated
10233,19.4701827156486,Upregulated
10234,19.4701808895035,Upregulated
10235,11.9914738202321,Upregulated
10236,0.787656603481965,Unchanged
10237,0.0339132021125548,Downregulated
10238,1.04692744373471,Unchanged
10239,0.854895762330474,Unchanged
10240,0.85661973148595,Unchanged
10241,0,Unchanged
10242,0,Unchanged
10243,0.233386441042849,Downregulated
10244,2.89609879577201,Upregulated
10245,14.4542652394512,Upregulated
10246,0.346518342618134,Downregulated
10247,0.0507754505823184,Downregulated
10248,1.40362615955947,Unchanged
10249,1.54602198842844,Unchanged
10250,0.497060415652066,Downregulated
10251,15.6741813616368,Upregulated
10252,65.7654699320073,Upregulated
10253,0.0274529533854126,Downregulated
10254,0.510666317324817,Unchanged
10255,0.430157317176566,Downregulated
10256,173.791058080528,Upregulated
10257,0,Unchanged
10258,0.170206152971241,Downregulated
10259,0.174816909455638,Downregulated
10260,0.215651766392881,Downregulated
10261,0.174816902341443,Downregulated
10262,0.149570574343781,Downregulated
10263,1.29491491848527,Unchanged
10264,0.487707574792818,Downregulated
10265,1.00102518736914,Unchanged
10266,0.0432577193348106,Downregulated
10267,0.446284943132908,Downregulated
10268,8.39204672836893,Upregulated
10269,13.7629478471366,Upregulated
10270,22.7354813391009,Upregulated
10271,115.215545731563,Upregulated
10272,126.922202654439,Upregulated
10273,112.879056167923,Upregulated
10274,0.384981751046118,Downregulated
10275,1.4036261974142,Unchanged
10276,14.2310876714391,Upregulated
10277,14.2310868141411,Upregulated
10278,0.0168794317549571,Downregulated
10279,13.8265389697204,Upregulated
10280,13.7043962595284,Upregulated
10281,13.6403418984867,Upregulated
10282,13.5823115728003,Upregulated
10283,30.2619803745446,Upregulated
10284,30.391268507228,Upregulated
10285,0,Unchanged
10286,0.706701599402423,Unchanged
10287,0.70670155528785,Unchanged
10288,0.706701582618435,Unchanged
10289,0.329773878715555,Downregulated
10290,0.988723279073856,Unchanged
10291,0.794563444041066,Unchanged
10292,0.98872333245429,Unchanged
10293,0.329773929892365,Downregulated
10294,0.372337520769422,Downregulated
10295,0.372337553983615,Downregulated
10296,7.20548978101627,Upregulated
10297,0,Unchanged
10298,0,Unchanged
10299,0.614605568868297,Unchanged
10300,0.872372054644809,Unchanged
10301,0.872372054644809,Unchanged
10302,0,Unchanged
10303,0,Unchanged
10304,98.7269817356545,Upregulated
10305,2.07572443197539,Upregulated
10306,0.235132705039322,Downregulated
10307,0.235132705039322,Downregulated
10308,98.7269817356545,Upregulated
10309,0,Unchanged
10310,0,Unchanged
10311,0,Unchanged
10312,0,Unchanged
10313,0,Unchanged
10314,0,Unchanged
10315,0,Unchanged
10316,0,Unchanged
10317,0,Unchanged
10318,0,Unchanged
10319,0,Unchanged
10320,0,Unchanged
10321,121087917.852684,Unchanged
10322,0,Unchanged
10323,0,Unchanged
10324,0,Unchanged
10325,0,Unchanged
10326,0,Unchanged
10327,0,Unchanged
10328,0,Unchanged
10329,0,Unchanged
10330,0,Unchanged
10331,0,Unchanged
10332,0,Unchanged
10333,0,Unchanged
10334,9.10536991975094,Upregulated
10335,9.10357160114771,Upregulated
10336,0.205971611241666,Downregulated
10337,67.1732058745985,Upregulated
10338,0.117912438881234,Downregulated
10339,0.117912438881234,Downregulated
10340,0,Unchanged
10341,0,Unchanged
10342,0,Unchanged
10343,0.185887205104715,Downregulated
10344,0.0452990017352444,Downregulated
10345,1.00800740027881,Unchanged
10346,1.44290140816814,Unchanged
10347,1.66398884880083,Unchanged
10348,1.66398884880083,Unchanged
10349,1.67076798556395,Unchanged
10350,1.67076798556395,Unchanged
10351,0,Unchanged
10352,0.184125673769508,Downregulated
10353,0.67608149129559,Unchanged
10354,0,Unchanged
10355,0,Unchanged
10356,1.77275625299414,Unchanged
10357,1.80327565642416,Unchanged
10358,17.2481705870234,Upregulated
10359,1.89953733653772,Unchanged
10360,1.89953723841474,Unchanged
10361,1.89953735182324,Unchanged
10362,24.7082717919985,Upregulated
10363,5.95799504638229,Upregulated
10364,51.7445275510163,Upregulated
10365,0,Unchanged
10366,25.8722712766652,Upregulated
10367,0,Unchanged
10368,25.8722712766652,Upregulated
10369,1.78033091270934,Unchanged
10370,0.110002708638178,Downregulated
10371,0.128721170269252,Downregulated
10372,1.77172924070229,Unchanged
10373,15.5590963116247,Upregulated
10374,0,Unchanged
10375,4.40499942725171,Upregulated
10376,0,Unchanged
10377,0.189380724552192,Downregulated
10378,0.0707973246384115,Downregulated
10379,0.0184678115556465,Downregulated
10380,0.0184678145706047,Downregulated
10381,0.0707973140359373,Downregulated
10382,0,Unchanged
10383,0,Unchanged
10384,0,Unchanged
10385,0,Unchanged
10386,0,Unchanged
10387,26.5829229123487,Upregulated
10388,6.38549760217491,Upregulated
10389,1.21762763287653,Unchanged
10390,0,Unchanged
10391,3.86599636741943e-07,Unchanged
10392,1.06058579271449,Unchanged
10393,0,Unchanged
10394,4.30554420230165,Upregulated
10395,1.44388715428881,Unchanged
10396,1.44388724768988,Unchanged
10397,0,Unchanged
10398,0,Unchanged
10399,0,Unchanged
10400,64.6937619608237,Upregulated
10401,258.429093059761,Upregulated
10402,258.429093059761,Upregulated
10403,258.429093059761,Upregulated
10404,239.457731942164,Upregulated
10405,239.457731942164,Upregulated
10406,239.457731942164,Upregulated
10407,3.27932982601797,Upregulated
10408,6.65670227531449,Upregulated
10409,0,Unchanged
10410,64.6937619608237,Upregulated
10411,0.0776623716811767,Downregulated
10412,0,Unchanged
10413,0,Unchanged
10414,3.88755959845037e-07,Unchanged
10415,0,Unchanged
10416,3.88755959845037e-07,Unchanged
10417,3.88755959845037e-07,Unchanged
10418,3.88755959845037e-07,Unchanged
10419,3.88755959845037e-07,Unchanged
10420,0.397985890233892,Downregulated
10421,0.397985890233892,Downregulated
10422,1.73823371860818,Unchanged
10423,5.20917708516781e-07,Unchanged
10424,2.57863430995373,Upregulated
10425,0.0497606765357401,Downregulated
10426,3.88755959845037e-07,Unchanged
10427,3.88755959845037e-07,Unchanged
10428,0.0434666049281843,Downregulated
10429,1.84640679590949,Unchanged
10430,33.7445291367036,Upregulated
10431,0.11162365002555,Downregulated
10432,0,Unchanged
10433,0.0823983207378098,Downregulated
10434,0,Unchanged
10435,0.838314674421614,Unchanged
10436,0,Unchanged
10437,0,Unchanged
10438,0,Unchanged
10439,0,Unchanged
10440,0.968225284347396,Unchanged
10441,0,Unchanged
10442,1.37704916035089,Unchanged
10443,0.599644146070978,Unchanged
10444,1.40982188306334,Unchanged
10445,3.2646150740171,Upregulated
10446,1.85622193175467,Unchanged
10447,6.04311686606957e-06,Unchanged
10448,4.16942587296692e-06,Unchanged
10449,2.25544764171039,Upregulated
10450,0,Unchanged
10451,0.0116606010887343,Downregulated
10452,0.0116606010887343,Downregulated
10453,1.54663728743809,Unchanged
10454,7.14607454181815e-07,Unchanged
10455,0,Unchanged
10456,9.58729141225623,Upregulated
10457,1.73049376436924,Unchanged
10458,19.5953347461237,Upregulated
10459,20.8166531123328,Upregulated
10460,0.841770846590403,Unchanged
10461,0,Unchanged
10462,173753898.626012,Unchanged
10463,39.7015897562833,Upregulated
10464,47.5810926858251,Upregulated
10465,60.0785028469255,Upregulated
10466,0.0922983431477589,Downregulated
10467,0,Unchanged
10468,16.4012493708057,Upregulated
10469,0,Unchanged
10470,0,Unchanged
10471,6.04578008603921,Upregulated
10472,9.23380043362643e-06,Unchanged
10473,0,Unchanged
10474,54.6777494501222,Upregulated
10475,13.9157777597741,Upregulated
10476,13.9157833667901,Upregulated
10477,27.3939080622642,Upregulated
10478,0.0768784598699788,Downregulated
10479,0,Unchanged
10480,0,Unchanged
10481,0,Unchanged
10482,4.89020834776024,Upregulated
10483,0,Unchanged
10484,0,Unchanged
10485,4.89020834776024,Upregulated
10486,0,Unchanged
10487,0,Unchanged
10488,0,Unchanged
10489,0,Unchanged
10490,0,Unchanged
10491,0,Unchanged
10492,0,Unchanged
10493,0,Unchanged
10494,0,Unchanged
10495,3.50506727306964e-07,Unchanged
10496,3.50506670260101e-07,Unchanged
10497,0,Unchanged
10498,0.000101530992811872,Unchanged
10499,0.000101530976289673,Unchanged
10500,0.0773554717026908,Downregulated
10501,0.000101531807458065,Unchanged
10502,0.000101531776323989,Unchanged
10503,13.8565778367805,Upregulated
10504,0,Unchanged
10505,0.280759323606712,Downregulated
10506,0.0957509775405408,Downregulated
10507,1.3136334325506,Unchanged
10508,3.45767797568897e-07,Unchanged
10509,0,Unchanged
10510,0,Unchanged
10511,3.93975285329335,Upregulated
10512,0.274307757005619,Downregulated
10513,1.55544951638932e-05,Unchanged
10514,1.55544822776612e-05,Unchanged
10515,13.9157782731203,Upregulated
10516,0,Unchanged
10517,4.89020828076215,Upregulated
10518,17.9409707485648,Upregulated
10519,0,Unchanged
10520,0.0718297015293858,Downregulated
10521,1.55544954393645e-05,Unchanged
10522,0,Unchanged
10523,1.55542477605541e-05,Unchanged
10524,0,Unchanged
10525,0,Unchanged
10526,17.7795696640977,Upregulated
10527,115.568884737738,Upregulated
10528,13.9157762077974,Upregulated
10529,0,Unchanged
10530,0,Unchanged
10531,3.45767797568897e-07,Unchanged
10532,0.419046000083181,Downregulated
10533,3.45767797568897e-07,Unchanged
10534,7.81452110493432e-07,Unchanged
10535,3.45767797568897e-07,Unchanged
10536,0.875646256976547,Unchanged
10537,0.875644821235719,Unchanged
10538,0,Unchanged
10539,0,Unchanged
10540,1.46258652355119,Unchanged
10541,11.8952732222584,Upregulated
10542,3.93975263894859,Upregulated
10543,3.93975176298084,Upregulated
10544,3.93975263894859,Upregulated
10545,0,Unchanged
10546,0,Unchanged
10547,0,Unchanged
10548,13.856577375914,Upregulated
10549,0,Unchanged
10550,0,Unchanged
10551,0,Unchanged
10552,187.385089197167,Upregulated
10553,187.38505423273,Upregulated
10554,187.385089197167,Upregulated
10555,187.385089197167,Upregulated
10556,212.978786530987,Upregulated
10557,68769575.5986636,Unchanged
10558,1657.01132593746,Upregulated
10559,30.9472331875417,Upregulated
10560,4.78356377296696,Upregulated
10561,90.9596106065382,Upregulated
10562,0.0113228862586301,Downregulated
10563,0,Unchanged
10564,125716053.127743,Unchanged
10565,59.0067183219406,Upregulated
10566,126253159.269454,Unchanged
10567,1795.91164202008,Upregulated
10568,420.901996710504,Upregulated
10569,0,Unchanged
10570,0,Unchanged
10571,18714.2847994967,Upregulated
10572,0,Unchanged
10573,0,Unchanged
10574,0,Unchanged
10575,0,Unchanged
10576,1685.01261661571,Upregulated
10577,45.8710195140507,Upregulated
10578,0,Unchanged
10579,46.8063461092139,Upregulated
10580,219794370.19666,Unchanged
10581,416338275.061114,Unchanged
10582,527666555.589083,Unchanged
10583,527666555.589083,Unchanged
10584,580179483.19509,Unchanged
10585,96.3667297760185,Upregulated
10586,11394215.0386737,Unchanged
10587,0.337583035161891,Downregulated
10588,34.733512327611,Upregulated
10589,1.60139238399435e-07,Unchanged
10590,0.0840753723482747,Downregulated
10591,0,Unchanged
10592,1.96503299287532e-06,Unchanged
10593,79.0847557059482,Upregulated
10594,1.55891860074648,Unchanged
10595,0,Unchanged
10596,793329.393119558,Unchanged
10597,0,Unchanged
10598,1.18577189665457e-06,Unchanged
10599,0,Unchanged
10600,7.6987663258289,Upregulated
10601,0,Unchanged
10602,23619305.8027441,Unchanged
10603,0.532189128213545,Unchanged
10604,0,Unchanged
10605,0.0431693232375928,Downregulated
10606,13581698928.765,Unchanged
10607,0,Unchanged
10608,0,Unchanged
10609,0,Unchanged
10610,0,Unchanged
10611,1.23312533195982,Unchanged
10612,1.0432201286658,Unchanged
10613,0,Unchanged
10614,368732.730544229,Unchanged
10615,3034096.47242542,Unchanged
10616,3533628.64592943,Unchanged
10617,3533628.50255445,Unchanged
10618,0,Unchanged
10619,0,Unchanged
10620,119.001244397895,Upregulated
10621,765238.046895471,Unchanged
10622,0.109827511215383,Downregulated
10623,0,Unchanged
10624,0.0885277510775668,Downregulated
10625,0.442290665583486,Downregulated
10626,108.108275117994,Upregulated
10627,3.26371926328092,Upregulated
10628,0,Unchanged
10629,3.30008359410601,Upregulated
10630,172220578321.822,Unchanged
10631,0,Unchanged
10632,0,Unchanged
10633,0.138976454863525,Downregulated
10634,20.7967628273681,Upregulated
10635,115.215518091882,Upregulated
10636,4.84615636272339e-05,Unchanged
10637,0.000122575426701383,Unchanged
10638,5.76546856899245,Upregulated
10639,0,Unchanged
10640,0,Unchanged
10641,0.842856224184278,Unchanged
10642,0.23990093209688,Downregulated
10643,0,Unchanged
10644,0,Unchanged
10645,69.6016387426178,Upregulated
10646,0,Unchanged
10647,0,Unchanged
10648,0,Unchanged
10649,1.43681557475581,Unchanged
10650,0,Unchanged
10651,69.3486017885571,Upregulated
10652,2.64846215082009,Upregulated
10653,11.485201212342,Upregulated
10654,272.424307275017,Upregulated
10655,18.155981483532,Upregulated
10656,16.6874414824628,Upregulated
10657,0.0389234526546026,Downregulated
10658,76.7154408503319,Upregulated
10659,1.55596309482816e-05,Unchanged
10660,0,Unchanged
10661,0.603767397840478,Unchanged
10662,0.58705215497673,Unchanged
10663,2.93925890436562,Upregulated
10664,7.97931886000562,Upregulated
10665,0.6011989110251,Unchanged
10666,0.603767519990162,Unchanged
10667,0.58455473175686,Unchanged
10668,0.587052144711817,Unchanged
10669,3.39743581529292,Upregulated
10670,3.02294894456517,Upregulated
10671,55.004625601335,Upregulated
10672,24.4654852228799,Upregulated
10673,55.0046299295987,Upregulated
10674,9.81463516605452,Upregulated
10675,0.307687404260263,Downregulated
10676,0.603767415591521,Unchanged
10677,0.603767465059575,Unchanged
10678,3.02294886102247,Upregulated
10679,3.02294982416201,Upregulated
10680,2.64846280030556,Upregulated
10681,2.6484625313016,Upregulated
10682,0.978253905636651,Unchanged
10683,0.374486480063414,Downregulated
10684,0.97409238335331,Unchanged
10685,21951866.6086148,Unchanged
10686,9230736.19271511,Unchanged
10687,0.978253805188975,Unchanged
10688,3.77192125191611,Upregulated
10689,3.38298228745473,Upregulated
10690,3.62671597316924,Upregulated
10691,4.0012030289052,Upregulated
10692,2.02452859810324,Upregulated
10693,2.02452866529168,Upregulated
10694,2.62829586609729,Upregulated
10695,2.6282958954612,Upregulated
10696,2.02452858930952,Upregulated
10697,2.13451688588765,Upregulated
10698,11.4852030974014,Upregulated
10699,11.485202814391,Upregulated
10700,11.4852013232279,Upregulated
10701,107912557.832764,Unchanged
10702,111431149.518828,Unchanged
10703,11.4852056818213,Upregulated
10704,3.25223049983621,Upregulated
10705,3.62671651014194,Upregulated
10706,0.603767402142161,Unchanged
10707,2.02452887507418,Upregulated
10708,0.60119886956442,Unchanged
10709,0.602528171619084,Unchanged
10710,5697107.47874752,Unchanged
10711,0.301883671742144,Downregulated
10712,1.15825753074237,Unchanged
10713,1.01226399917548,Unchanged
10714,2.70320706840729,Upregulated
10715,0,Unchanged
10716,0,Unchanged
10717,92957438.1855712,Unchanged
10718,51014560.4555077,Unchanged
10719,185914876.371142,Unchanged
10720,104974365.402317,Unchanged
10721,2.70379856000217,Upregulated
10722,4.90583448023812,Upregulated
10723,0,Unchanged
10724,194043.714148906,Unchanged
10725,9577374.57304787,Unchanged
10726,737465.461088458,Unchanged
10727,80149611.8108164,Unchanged
10728,80492031.9194933,Unchanged
10729,80492031.9194933,Unchanged
10730,1083878387.4334,Unchanged
10731,1083878387.4334,Unchanged
10732,79105777.440123,Unchanged
10733,19827275.8765789,Unchanged
10734,130214598432.352,Unchanged
10735,18.4639648197872,Upregulated
10736,158452627.774313,Unchanged
10737,6962849.60808055,Unchanged
10738,74.2080368388011,Upregulated
10739,8653916.25062332,Unchanged
10740,2.88181603928177,Upregulated
10741,755.059476656954,Upregulated
10742,0,Unchanged
10743,3.29778544163274,Upregulated
10744,0,Unchanged
10745,0,Unchanged
10746,0,Unchanged
10747,0,Unchanged
10748,1.99288726060379,Unchanged
10749,101.281416259767,Upregulated
10750,0,Unchanged
10751,0,Unchanged
10752,0,Unchanged
10753,0,Unchanged
10754,0,Unchanged
10755,0.42440486126271,Downregulated
10756,0.42440486126271,Downregulated
10757,1.05653105192092e-08,Unchanged
10758,0,Unchanged
10759,0,Unchanged
10760,0,Unchanged
10761,3.47609955873976,Upregulated
10762,7.260237435244e-05,Unchanged
10763,0.0877937410947235,Downregulated
10764,701.23325834251,Upregulated
10765,0,Unchanged
10766,1.1224193347791,Unchanged
10767,9.95133338709624,Upregulated
10768,1.5056750917409,Unchanged
10769,1.12266486677712,Unchanged
10770,1.90391040013832,Unchanged
10771,0,Unchanged
10772,0,Unchanged
10773,113959.811716206,Unchanged
10774,0,Unchanged
10775,0,Unchanged
10776,1.62720251813556,Unchanged
10777,26.7899215861083,Upregulated
10778,1.62141285053001,Unchanged
10779,0.162818392181606,Downregulated
10780,0.123747696759711,Downregulated
10781,0,Unchanged
10782,0,Unchanged
10783,0.0215788393029237,Downregulated
10784,0,Unchanged
10785,0,Unchanged
10786,0.177335572718107,Downregulated
10787,2.06972942576652,Upregulated
10788,46.3185459304836,Upregulated
10789,127353.471273545,Unchanged
10790,0,Unchanged
10791,2.40466735002728e-07,Unchanged
10792,1.35942646948881,Unchanged
10793,0.0817412022194262,Downregulated
10794,0,Unchanged
10795,0,Unchanged
10796,0,Unchanged
10797,0,Unchanged
10798,0,Unchanged
10799,63.1030701754737,Upregulated
10800,230451.204071962,Unchanged
10801,0,Unchanged
10802,0,Unchanged
10803,1.52662201374661,Unchanged
10804,39.1530428653325,Upregulated
10805,0.0212487472502725,Downregulated
10806,0,Unchanged
10807,175790045.926254,Unchanged
10808,0,Unchanged
10809,10.1354164457109,Upregulated
10810,22.0950134900063,Upregulated
10811,0,Unchanged
10812,2.10171220668693,Upregulated
10813,101.533331157259,Upregulated
10814,0,Unchanged
10815,14.9096619022221,Upregulated
10816,11.2188632310687,Upregulated
10817,106.289425035934,Upregulated
10818,64904.3736835866,Unchanged
10819,31.0761392350068,Upregulated
10820,200.095829762303,Upregulated
10821,0,Unchanged
10822,0,Unchanged
10823,0,Unchanged
10824,0,Unchanged
10825,0,Unchanged
10826,0,Unchanged
10827,67.2752032440842,Upregulated
10828,173.500111353768,Upregulated
10829,0,Unchanged
10830,0,Unchanged
10831,0,Unchanged
10832,0,Unchanged
10833,0,Unchanged
10834,0,Unchanged
10835,0,Unchanged
10836,0,Unchanged
10837,0,Unchanged
10838,807.557563125157,Upregulated
10839,3.08710354154624,Upregulated
10840,1.6767131746456e-07,Unchanged
10841,0.252617926829072,Downregulated
10842,35.6390310678825,Upregulated
10843,6.41075351348924,Upregulated
10844,6133386.48964763,Unchanged
10845,331.141202545722,Upregulated
10846,144.048615432063,Upregulated
10847,0,Unchanged
10848,0.819746856664666,Unchanged
10849,6.58679503176537,Upregulated
10850,0,Unchanged
10851,6.58679592778802,Upregulated
10852,7.89406578592116,Upregulated
10853,24.2449892866082,Upregulated
10854,26.4578440600359,Upregulated
10855,42.0979188350406,Upregulated
10856,364.759246167572,Upregulated
10857,999.717151542782,Upregulated
10858,210.501529692707,Upregulated
10859,0.233681304795368,Downregulated
10860,4.01429049288265,Upregulated
10861,0,Unchanged
10862,728.243576178124,Upregulated
10863,1005.79219664313,Upregulated
10864,0.046576868616896,Downregulated
10865,15.9246346287456,Upregulated
10866,2.78012234843056,Upregulated
10867,0.682613023578157,Unchanged
10868,0,Unchanged
10869,726.849120231522,Upregulated
10870,0,Unchanged
10871,47.1192038375205,Upregulated
10872,2.52338538855811,Upregulated
10873,0.932851638448487,Unchanged
10874,0,Unchanged
10875,0,Unchanged
10876,2.0980158228677,Upregulated
10877,0,Unchanged
10878,0,Unchanged
10879,0,Unchanged
10880,7.17777913589148,Upregulated
10881,2.74199535157073e-07,Unchanged
10882,210.435638140599,Upregulated
10883,0,Unchanged
10884,4.61554953714374,Upregulated
10885,0.987240918360018,Unchanged
10886,0,Unchanged
10887,384.58897140339,Upregulated
10888,4524.55471706163,Upregulated
10889,53.5483947175582,Upregulated
10890,30.7530072203653,Upregulated
10891,30.1270083948589,Upregulated
10892,35.8788426262493,Upregulated
10893,1.29009763815827,Unchanged
10894,40.1661648995749,Upregulated
10895,622.811738029097,Upregulated
10896,4982.48471534388,Upregulated
10897,433.11780910327,Upregulated
10898,0,Unchanged
10899,51.9432895915222,Upregulated
10900,57.1126410291122,Upregulated
10901,1666.55852190198,Upregulated
10902,108.788019540091,Upregulated
10903,229.793175084156,Upregulated
10904,121.323690810446,Upregulated
10905,43.5505232031123,Upregulated
10906,42.2134737976053,Upregulated
10907,0,Unchanged
10908,0,Unchanged
10909,0,Unchanged
10910,73.4232536669695,Upregulated
10911,52.8999330762995,Upregulated
10912,73.4232539461753,Upregulated
10913,52.8999330762995,Upregulated
10914,197.615656921662,Upregulated
10915,852.685323032392,Upregulated
10916,852.685323032392,Upregulated
10917,0,Unchanged
10918,31.7866516970714,Upregulated
10919,18.0412545650632,Upregulated
10920,0,Unchanged
10921,0.742002567929197,Unchanged
10922,0.0298880911815597,Downregulated
10923,0.226096887797394,Downregulated
10924,0.806092478657087,Unchanged
10925,95.8073003581687,Upregulated
10926,19.603771434155,Upregulated
10927,0,Unchanged
10928,346.440700522866,Upregulated
10929,75837.0816782289,Unchanged
10930,0.10711506671435,Downregulated
10931,9.82843464590377,Upregulated
10932,0.740656905724949,Unchanged
10933,0,Unchanged
10934,1211928.93910163,Unchanged
10935,0.0669582348705171,Downregulated
10936,0.0040783487009901,Unchanged
10937,7.47825191258114e-07,Unchanged
10938,75.0351495079171,Upregulated
10939,73.618196393437,Upregulated
10940,0.00133785403751163,Unchanged
10941,0,Unchanged
10942,0,Unchanged
10943,0.0565461108627657,Downregulated
10944,38.8004488649583,Upregulated
10945,42.7753465012849,Upregulated
10946,158134302.368708,Unchanged
10947,171318605.25373,Unchanged
10948,384438.882067545,Unchanged
10949,10.0541736608741,Upregulated
10950,0,Unchanged
10951,7.92938423205491e-06,Unchanged
10952,0,Unchanged
10953,5.40076610313554e-08,Unchanged
10954,0.159167775079575,Downregulated
10955,0.556134248448177,Unchanged
10956,239.229870575817,Upregulated
10957,0.00408059795548633,Unchanged
10958,0.401058612822547,Downregulated
10959,80021812.9204686,Unchanged
10960,0,Unchanged
10961,0,Unchanged
10962,0,Unchanged
10963,0.610544151738993,Unchanged
10964,205.641174379678,Upregulated
10965,16.7798798267336,Upregulated
10966,238505189.485742,Unchanged
10967,1.51174236380971,Unchanged
10968,0,Unchanged
10969,0,Unchanged
10970,0.509417044155009,Unchanged
10971,0,Unchanged
10972,0,Unchanged
10973,0,Unchanged
10974,0,Unchanged
10975,88.3339506999769,Upregulated
10976,1436.77174186149,Upregulated
10977,235.287092031504,Upregulated
10978,32.4815603647492,Upregulated
10979,171318605.25373,Unchanged
10980,0,Unchanged
10981,0,Unchanged
10982,22.2555384910069,Upregulated
10983,3.09211455320936,Upregulated
10984,3.09143798305745,Upregulated
10985,68.9198807846133,Upregulated
10986,0.349575652127688,Downregulated
10987,0,Unchanged
10988,4.49078651147509,Upregulated
10989,1.30974885472477,Unchanged
10990,1.66364562720734,Unchanged
10991,0.10818770390153,Downregulated
10992,8942545.42850739,Unchanged
10993,0,Unchanged
10994,0,Unchanged
10995,0.0296557032407718,Downregulated
10996,0.0572905470265071,Downregulated
10997,0,Unchanged
10998,0,Unchanged
10999,0.0349731557919246,Downregulated
11000,0.934058925089393,Unchanged
11001,1.01828944693089,Unchanged
11002,0,Unchanged
11003,0,Unchanged
11004,0,Unchanged
11005,0.0283462382841649,Downregulated
11006,1.32010798680824e-07,Unchanged
11007,0.232510149482406,Downregulated
11008,93.0352475413912,Upregulated
11009,34.6661795270017,Upregulated
11010,61.1496378483322,Upregulated
11011,139.978709918852,Upregulated
11012,115.279054006082,Upregulated
11013,7713522.03394418,Unchanged
11014,101.826892328764,Upregulated
11015,122.272507644348,Upregulated
11016,0,Unchanged
11017,2.60771724097915e-07,Unchanged
11018,2.0088791282395,Upregulated
11019,0,Unchanged
11020,0,Unchanged
11021,267623.25655678,Unchanged
11022,1776809280.9178,Unchanged
11023,2354795922.56557,Unchanged
11024,1993232861.8165,Unchanged
11025,22788433.282981,Unchanged
11026,700479.092920019,Unchanged
11027,3.67332231064195,Upregulated
11028,3.9713809482256e-07,Unchanged
11029,2.09010525525697e-06,Unchanged
11030,2.32939541660064,Upregulated
11031,1177397961.28279,Unchanged
11032,407.106298194747,Upregulated
11033,656.579376287495,Upregulated
11034,40.336481479663,Upregulated
11035,0,Unchanged
11036,0,Unchanged
11037,0,Unchanged
11038,0,Unchanged
11039,1.03849767697284e-07,Unchanged
11040,0,Unchanged
11041,2.8567485854059e-06,Unchanged
11042,0,Unchanged
11043,0,Unchanged
11044,3.95933280853977e-09,Unchanged
11045,0,Unchanged
11046,0,Unchanged
11047,0.00187744526311426,Unchanged
11048,19.9650630550176,Upregulated
11049,40.92976602282,Upregulated
11050,679.036955391125,Upregulated
11051,12.9345781982096,Upregulated
11052,1315.45010443002,Upregulated
11053,80785745.9755167,Unchanged
11054,0,Unchanged
11055,40074805.9054082,Unchanged
11056,3876904.8607965,Unchanged
11057,4142730.61890515,Unchanged
11058,40392872.9877584,Unchanged
11059,3592503.78982342,Unchanged
11060,4142730.61890515,Unchanged
11061,38737424.7915062,Unchanged
11062,0,Unchanged
11063,0,Unchanged
11064,0,Unchanged
11065,0,Unchanged
11066,1177397961.28279,Unchanged
11067,434.968084348339,Upregulated
11068,1593.82915953173,Upregulated
11069,640.310069358492,Upregulated
11070,0.379185366908444,Downregulated
11071,348394.006468156,Unchanged
11072,501630.321294282,Unchanged
11073,0,Unchanged
11074,0,Unchanged
11075,0,Unchanged
11076,0.0127489060508834,Downregulated
11077,0,Unchanged
11078,0,Unchanged
11079,0,Unchanged
11080,0,Unchanged
11081,0,Unchanged
11082,0,Unchanged
11083,0,Unchanged
11084,0,Unchanged
11085,0,Unchanged
11086,6.59247207317629,Upregulated
11087,0.221016431343843,Downregulated
11088,0.358838984617718,Downregulated
11089,9.96298988720602,Upregulated
11090,12346394.7698163,Unchanged
11091,153333.205183412,Unchanged
11092,64.5529760686563,Upregulated
11093,0,Unchanged
11094,0,Unchanged
11095,0,Unchanged
11096,0,Unchanged
11097,10.3241630312342,Upregulated
11098,0,Unchanged
11099,0.576869291420347,Unchanged
11100,0.376082001953864,Downregulated
11101,16.8727021017726,Upregulated
11102,2163479.10256538,Unchanged
11103,2163479.19462342,Unchanged
11104,1635392.36792037,Unchanged
11105,0,Unchanged
11106,5.90833994629901,Upregulated
11107,2163479.21697277,Unchanged
11108,0,Unchanged
11109,0,Unchanged
11110,0,Unchanged
11111,13682611.5237885,Unchanged
11112,33122.1670802596,Unchanged
11113,0,Unchanged
11114,18091.2450231619,Upregulated
11115,8.35908091493093,Upregulated
11116,13.218423414776,Upregulated
11117,2.12352175832199,Upregulated
11118,2.13259468769977,Upregulated
11119,0,Unchanged
11120,80149616.0490218,Unchanged
11121,0.241273620882683,Downregulated
11122,1.51236926184682,Unchanged
11123,0,Unchanged
11124,0.0313811221971253,Downregulated
11125,0,Unchanged
11126,0,Unchanged
11127,2.94549129945983e-08,Unchanged
11128,1.75421429908882,Unchanged
11129,1836.27245363192,Upregulated
11130,15.7298712268652,Upregulated
11131,0.693796408802181,Unchanged
11132,60.3040293116772,Upregulated
11133,103.38315955345,Upregulated
11134,9791.83823919972,Upregulated
11135,53.5032875899663,Upregulated
11136,10612.7575180387,Upregulated
11137,0,Unchanged
11138,152.118122866097,Upregulated
11139,262.738456670396,Upregulated
11140,1055333111.17817,Unchanged
11141,22.9365878636612,Upregulated
11142,60.2513151849095,Upregulated
11143,56.5024974029472,Upregulated
11144,55.6252127381324,Upregulated
11145,50.2579578307045,Upregulated
11146,1.32509911271149e-07,Unchanged
11147,0.0427902522146298,Downregulated
11148,3.73982391281171e-08,Unchanged
11149,0.00356343026494158,Unchanged
11150,4516.40983249724,Upregulated
11151,4516.40983249724,Upregulated
11152,2.76493787948433,Upregulated
11153,0,Unchanged
11154,1374.10040588438,Upregulated
11155,1374.10024121932,Upregulated
11156,4.41121113521229,Upregulated
11157,79.3147804215778,Upregulated
11158,0,Unchanged
11159,0,Unchanged
11160,0,Unchanged
11161,401771.428388519,Unchanged
11162,0,Unchanged
11163,0,Unchanged
11164,0,Unchanged
11165,0,Unchanged
11166,0,Unchanged
11167,4.17954093333829,Upregulated
11168,1202205.43359829,Unchanged
11169,3.70254708023926,Upregulated
11170,14.6169580296203,Upregulated
11171,0,Unchanged
11172,5697107.09130411,Unchanged
11173,48.6666873868213,Upregulated
11174,29.0580291982024,Upregulated
11175,0,Unchanged
11176,4.78476997936496,Upregulated
11177,0,Unchanged
11178,4.59589391042233,Upregulated
11179,34713.8579103417,Unchanged
11180,0.208790976147255,Downregulated
11181,0.00828801992491044,Unchanged
11182,0,Unchanged
11183,2772972.50079896,Unchanged
11184,0.0653602363702404,Downregulated
11185,0,Unchanged
11186,3464.40590174717,Upregulated
11187,0.0303971340783395,Downregulated
11188,7598356.86934188,Unchanged
11189,3.9118161373608e-07,Unchanged
11190,0,Unchanged
11191,0,Unchanged
11192,0,Unchanged
11193,0.323834587186714,Downregulated
11194,0.0853226700025752,Downregulated
11195,1011181.10252123,Unchanged
11196,0,Unchanged
11197,0,Unchanged
11198,2.32717003214589e-07,Unchanged
11199,333216514.435275,Unchanged
11200,40667152.8426681,Unchanged
11201,830023.733831142,Unchanged
11202,0.109778325343505,Downregulated
11203,0,Unchanged
11204,3.54551320402978,Upregulated
11205,0,Unchanged
11206,4.44660574741979,Upregulated
11207,11.4960802135094,Upregulated
11208,5.43720512334542e-05,Unchanged
11209,0.0711310707792795,Downregulated
11210,1146136.34818118,Unchanged
11211,0.0107778666099791,Downregulated
11212,0,Unchanged
11213,4.82062552725815,Upregulated
11214,22788429.6889814,Unchanged
11215,75.861161070579,Upregulated
11216,22788429.3688793,Unchanged
11217,0.2017076318198,Downregulated
11218,0,Unchanged
11219,0.201707637818661,Downregulated
11220,0.20170763859736,Downregulated
11221,0,Unchanged
11222,1.78111936492422e-07,Unchanged
11223,0.159347389293589,Downregulated
11224,0.693336749457481,Unchanged
11225,2.77942855841826,Upregulated
11226,0.43421215681534,Downregulated
11227,0,Unchanged
11228,0,Unchanged
11229,80492035.2340733,Unchanged
11230,0.192904306285264,Downregulated
11231,0.177551213370605,Downregulated
11232,0.19290436126843,Downregulated
11233,0.16446210400133,Downregulated
11234,0.153169900880751,Downregulated
11235,259.409690769901,Upregulated
11236,80492029.367382,Unchanged
11237,226.391462463835,Upregulated
11238,80492044.4412412,Unchanged
11239,0.192904367655117,Downregulated
11240,0.192904464922965,Downregulated
11241,0.177550952243263,Downregulated
11242,0.355102677105147,Downregulated
11243,0.91074155489009,Unchanged
11244,0.192904370729044,Downregulated
11245,0.328924167392085,Downregulated
11246,0.16446206751159,Downregulated
11247,0.175839063938009,Downregulated
11248,0.152518558590371,Downregulated
11249,4.78477637918809,Upregulated
11250,40246020.7820005,Unchanged
11251,0,Unchanged
11252,0,Unchanged
11253,56392255.5424848,Unchanged
11254,2.99301472879419,Upregulated
11255,40246021.2999037,Unchanged
11256,2.17359368314256,Upregulated
11257,54676988.5814263,Unchanged
11258,15.8416035337868,Upregulated
11259,44442685.4816142,Unchanged
11260,0.51718332906602,Unchanged
11261,79795447.8337754,Unchanged
11262,0,Unchanged
11263,0,Unchanged
11264,0,Unchanged
11265,80492048.0370534,Unchanged
11266,0,Unchanged
11267,57244829.0262455,Unchanged
11268,0,Unchanged
11269,332824541.064843,Unchanged
11270,0.296641870280238,Downregulated
11271,0,Unchanged
11272,40246134.2961357,Unchanged
11273,13235947.7801452,Unchanged
11274,0,Unchanged
11275,12072126.6314276,Unchanged
11276,41459392.3345369,Unchanged
11277,6.23723820446342,Upregulated
11278,0,Unchanged
11279,0,Unchanged
11280,0,Unchanged
11281,0,Unchanged
11282,35.3287800001214,Upregulated
11283,0.000689347364143661,Unchanged
11284,137.290589155104,Upregulated
11285,0,Unchanged
11286,15.1182190616581,Upregulated
11287,6.3502375216758,Upregulated
11288,6.3502376104849,Upregulated
11289,0.0486810496338057,Downregulated
11290,0,Unchanged
11291,0,Unchanged
11292,0.490946563840309,Downregulated
11293,0,Unchanged
11294,1,Unchanged
11295,0,Unchanged
11296,5.01186509142971e-09,Unchanged
11297,19.6335649343067,Upregulated
11298,1.41785702704706,Unchanged
11299,0.0439535888416951,Downregulated
11300,0.0564552450991707,Downregulated
11301,1.34536447091527e-06,Unchanged
11302,4.65998668228453e-05,Unchanged
11303,2.17138138814726e-06,Unchanged
11304,0,Unchanged
11305,1041022682.63662,Unchanged
11306,92.3423863381889,Upregulated
11307,0.0258576854325626,Downregulated
11308,1859.20706779578,Upregulated
11309,4.11830592145184,Upregulated
11310,10.2048808948779,Upregulated
11311,10.204880856072,Upregulated
11312,10.2048809585425,Upregulated
11313,0,Unchanged
11314,4.57345247039636,Upregulated
11315,2.64459358987188,Upregulated
11316,1177398088.03259,Unchanged
11317,0,Unchanged
11318,52.8999334997925,Upregulated
11319,5401.6932939627,Upregulated
11320,0,Unchanged
11321,43.7347520141063,Upregulated
11322,591699101.176894,Unchanged
11323,50.0331942434746,Upregulated
11324,1160358966.39018,Unchanged
11325,665217761.563903,Unchanged
11326,43536385.7217133,Unchanged
11327,829.615706405581,Upregulated
11328,83.0943719623513,Upregulated
11329,83.0943719623513,Upregulated
11330,82.089573577964,Upregulated
11331,336.071277267071,Upregulated
11332,21.8385886995769,Upregulated
11333,16.708505064509,Upregulated
11334,21.0980251268761,Upregulated
11335,14.8707731135216,Upregulated
11336,20.849201193976,Upregulated
11337,45.844432904133,Upregulated
11338,1120.368617582,Upregulated
11339,20.4097620228339,Upregulated
11340,0,Unchanged
11341,0,Unchanged
11342,1177397961.28279,Unchanged
11343,317806997.937916,Unchanged
11344,1334.4776944712,Upregulated
11345,316455015.765959,Unchanged
11346,342985685.110306,Unchanged
11347,342985685.11035,Unchanged
11348,607484121.452959,Unchanged
11349,607484121.45307,Unchanged
11350,1143.19177257784,Upregulated
11351,272252088.489225,Unchanged
11352,237.764988965757,Upregulated
11353,299346385.24978,Unchanged
11354,7.30761640774535,Upregulated
11355,1740695.7384294,Unchanged
11356,26530680.7654394,Unchanged
11357,2470745.97882001,Unchanged
11358,9021513.88329586,Unchanged
11359,8.83963419194449,Upregulated
11360,1.06559313642781,Unchanged
11361,0.515954793051584,Unchanged
11362,0,Unchanged
11363,0,Unchanged
11364,4.04339372425514,Upregulated
11365,22.7738304760053,Upregulated
11366,0,Unchanged
11367,2.16603035352136e-06,Unchanged
11368,5.74215572990108,Upregulated
11369,2.97701905078081,Upregulated
11370,1334.47781285088,Upregulated
11371,336.071005426066,Upregulated
11372,135.716881759329,Upregulated
11373,69.5691282619954,Upregulated
11374,1.54513571224988,Unchanged
11375,0,Unchanged
11376,5.76037947553242,Upregulated
11377,13.3487499712136,Upregulated
11378,0.000231208452445109,Unchanged
11379,6.79873045979844e-08,Unchanged
11380,6.79873046503216e-08,Unchanged
11381,0,Unchanged
11382,3.17666449993902,Upregulated
11383,0.368728950716863,Downregulated
11384,0,Unchanged
11385,0,Unchanged
11386,0.338433560346956,Downregulated
11387,0,Unchanged
11388,0,Unchanged
11389,0.358829723558029,Downregulated
11390,0.769098027295034,Unchanged
11391,0.143531198866028,Downregulated
11392,5.91754581497205,Upregulated
11393,23.8785340071318,Upregulated
11394,0.112380731858723,Downregulated
11395,6.76092387119252e-08,Unchanged
11396,0,Unchanged
11397,7.76299682241677,Upregulated
11398,7.61893298529394,Upregulated
11399,7.76299682241677,Upregulated
11400,18.3354966814102,Upregulated
11401,16.311766795303,Upregulated
11402,9.30370480362742,Upregulated
11403,0,Unchanged
11404,0,Unchanged
11405,0,Unchanged
11406,0,Unchanged
11407,0,Unchanged
11408,491919.1148176,Unchanged
11409,1.19999979624347,Unchanged
11410,0,Unchanged
11411,56.2802700939082,Upregulated
11412,0,Unchanged
11413,4.77118439257638,Upregulated
11414,0,Unchanged
11415,0,Unchanged
11416,0,Unchanged
11417,0,Unchanged
11418,0,Unchanged
11419,0,Unchanged
11420,0,Unchanged
11421,0.700002995522747,Unchanged
11422,0,Unchanged
11423,0.385588383215098,Downregulated
11424,0,Unchanged
11425,0,Unchanged
11426,0,Unchanged
11427,1.31613513076445e-07,Unchanged
11428,0,Unchanged
11429,0.398203668203295,Downregulated
11430,0.398203672260237,Downregulated
11431,2.35067086259431e-06,Unchanged
11432,417.173763200368,Upregulated
11433,0,Unchanged
11434,0,Unchanged
11435,0,Unchanged
11436,50.5987797771157,Upregulated
11437,0.091563394568412,Downregulated
11438,0,Unchanged
11439,0,Unchanged
11440,0,Unchanged
11441,41.7511784958038,Upregulated
11442,0,Unchanged
11443,0.0191595451484776,Downregulated
11444,2263688.63590978,Unchanged
11445,0,Unchanged
11446,0,Unchanged
11447,0.5,Downregulated
11448,19515.1023969778,Upregulated
11449,0,Unchanged
11450,30.0400474753168,Upregulated
11451,0.246489839127948,Downregulated
11452,0,Unchanged
11453,6.06502787127339,Upregulated
11454,5.18243565124042,Upregulated
11455,0.0116652563218216,Downregulated
11456,0,Unchanged
11457,0,Unchanged
11458,6.65572788660483,Upregulated
11459,50.2469574384937,Upregulated
11460,1.40941522716435,Unchanged
11461,0,Unchanged
11462,51.1982837955061,Upregulated
11463,0,Unchanged
11464,4.80223683216995,Upregulated
11465,13.5928505557817,Upregulated
11466,6.16878909097827,Upregulated
11467,15.6030087235674,Upregulated
11468,0,Unchanged
11469,0.0790640257402681,Downregulated
11470,1.79647505735313e-07,Unchanged
11471,5.21846023641607,Upregulated
11472,0,Unchanged
11473,0,Unchanged
11474,0,Unchanged
11475,1.22455234425445e-07,Unchanged
11476,3.22062155575223,Upregulated
11477,0.180815212765318,Downregulated
11478,14.786240007703,Upregulated
11479,0,Unchanged
11480,0,Unchanged
11481,4.94899671321514,Upregulated
11482,0,Unchanged
11483,0,Unchanged
11484,29.9217297973496,Upregulated
11485,0,Unchanged
11486,5.96681485171036,Upregulated
11487,81334314.6711233,Unchanged
11488,845281008.196242,Unchanged
11489,45624997.8341077,Unchanged
11490,41479638.9909737,Unchanged
11491,845281008.196242,Unchanged
11492,845280778.046781,Unchanged
11493,39692388.50568,Unchanged
11494,7.05943699506834,Upregulated
11495,0.205555395259026,Downregulated
11496,0,Unchanged
11497,0,Unchanged
11498,111417811.416729,Unchanged
11499,72.5847368117807,Upregulated
11500,0.0187515567673775,Downregulated
11501,0,Unchanged
11502,0.00169803761690694,Unchanged
11503,4.03178698279941e-08,Unchanged
11504,3.16161820012924e-07,Unchanged
11505,0.0477553339516739,Downregulated
11506,0.00170643628909919,Unchanged
11507,0.394428889737593,Downregulated
11508,0,Unchanged
11509,0.00719124035072679,Unchanged
11510,4.49295325779531e-08,Unchanged
11511,0.0619825503433901,Downregulated
11512,0.00236795544968315,Unchanged
11513,2.82613584351371e-07,Unchanged
11514,2.88673080524438,Upregulated
11515,0,Unchanged
11516,0,Unchanged
11517,0,Unchanged
11518,1745544.42987958,Unchanged
11519,0.603381364308375,Unchanged
11520,0,Unchanged
11521,1.85055313743519,Unchanged
11522,0,Unchanged
11523,0.00238060317412521,Unchanged
11524,0.017131867077106,Downregulated
11525,3.95933280853977e-09,Unchanged
11526,0.00120759081851225,Unchanged
11527,1.87743594207712e-06,Unchanged
11528,0.136106739528658,Downregulated
11529,0,Unchanged
11530,0.00260815664289455,Unchanged
11531,4.26482971796269e-09,Unchanged
11532,0.000195521582949691,Unchanged
11533,1.58278227666594,Unchanged
11534,84799521.5896819,Unchanged
11535,3.34043399118695,Upregulated
11536,3.1954535942317,Upregulated
11537,0.171004523442128,Downregulated
11538,0.0426030025792876,Downregulated
11539,0.346601686385307,Downregulated
11540,0.00266841189824899,Unchanged
11541,0.00502573654301437,Unchanged
11542,0.0150703223460603,Downregulated
11543,0.0692192205563889,Downregulated
11544,0.00261899713399723,Unchanged
11545,0.0228578569972865,Downregulated
11546,2.08025530157536,Upregulated
11547,1.61963840693038,Unchanged
11548,0.0425325733891265,Downregulated
11549,0,Unchanged
11550,0,Unchanged
11551,0,Unchanged
11552,4.08641801263905e-09,Unchanged
11553,4.3691043721065e-09,Unchanged
11554,1.53667352957844e-07,Unchanged
11555,1.92104734831562,Unchanged
11556,0,Unchanged
11557,3140360.76257376,Unchanged
11558,0.00941870356353335,Unchanged
11559,0.0726107886248619,Downregulated
11560,1.35463743585865,Unchanged
11561,0.275188794925185,Downregulated
11562,3.72004168734878,Upregulated
11563,134.926596727898,Upregulated
11564,4.16621053827146,Upregulated
11565,0,Unchanged
11566,1.42895689148068e-08,Unchanged
11567,0,Unchanged
11568,9.42307988980934e-08,Unchanged
11569,0,Unchanged
11570,0,Unchanged
11571,3.55960080948167,Upregulated
11572,0,Unchanged
11573,1.84741294473932,Unchanged
11574,0,Unchanged
11575,0.0137034411901639,Downregulated
11576,0,Unchanged
11577,0.02091150898641,Downregulated
11578,0,Unchanged
11579,40246029.5863572,Unchanged
11580,0,Unchanged
11581,1.14454913583173,Unchanged
11582,0,Unchanged
11583,0,Unchanged
11584,0.00161457352592604,Unchanged
11585,0.0161707572418958,Downregulated
11586,0.00474937260831826,Unchanged
11587,0.163613180552695,Downregulated
11588,0,Unchanged
11589,0.455045493758737,Downregulated
11590,0,Unchanged
11591,0.177551345718753,Downregulated
11592,0.271956495391791,Downregulated
11593,0.534039870609209,Unchanged
11594,0,Unchanged
11595,0.0137864993489541,Downregulated
11596,1.43194360802906,Unchanged
11597,0.00287635773421682,Unchanged
11598,0,Unchanged
11599,0,Unchanged
11600,0,Unchanged
11601,0,Unchanged
11602,0,Unchanged
11603,0,Unchanged
11604,2.62632198751222e-08,Unchanged
11605,0,Unchanged
11606,0,Unchanged
11607,0,Unchanged
11608,0.0265761526577374,Downregulated
11609,0.0265761563534532,Downregulated
11610,0,Unchanged
11611,2.62632206169116e-08,Unchanged
11612,0.00152234591999859,Unchanged
11613,81491.2028627716,Unchanged
11614,0.624347527903115,Unchanged
11615,9.2243405471817,Upregulated
11616,0.0581279008350069,Downregulated
11617,3.9219340193534,Upregulated
11618,0,Unchanged
11619,0,Unchanged
11620,267499.207142316,Unchanged
11621,10.7597744914142,Upregulated
11622,10649619.6225261,Unchanged
11623,0,Unchanged
11624,1.47934961187621,Unchanged
11625,1.10249969757072e-06,Unchanged
11626,33.4106129209358,Upregulated
11627,0.00028734394756195,Unchanged
11628,3502392.18988476,Unchanged
11629,0,Unchanged
11630,0,Unchanged
11631,0,Unchanged
11632,0.0471539275687922,Downregulated
11633,0.341847658016333,Downregulated
11634,0,Unchanged
11635,11.0244256968342,Upregulated
11636,0.0231311644962745,Downregulated
11637,0,Unchanged
11638,0.00796117305721797,Unchanged
11639,3.5549383634374e-05,Unchanged
11640,10.7597744914485,Upregulated
11641,0,Unchanged
11642,0,Unchanged
11643,21028173.6016654,Unchanged
11644,64.9928803970357,Upregulated
11645,0.352302981757709,Downregulated
11646,0,Unchanged
11647,0.0976781718566142,Downregulated
11648,210270.942167877,Unchanged
11649,2.67430231001352,Upregulated
11650,1.59055229718243,Unchanged
11651,0,Unchanged
11652,0,Unchanged
11653,0,Unchanged
11654,2.56487207132928,Upregulated
11655,0,Unchanged
11656,0,Unchanged
11657,30435397.2902845,Unchanged
11658,0,Unchanged
11659,5.62111327838807,Upregulated
11660,0,Unchanged
11661,11.8849420507415,Upregulated
11662,12.1867461399536,Upregulated
11663,0,Unchanged
11664,0,Unchanged
11665,3.53559775760459e-07,Unchanged
11666,0,Unchanged
11667,7.20363864502355,Upregulated
11668,0.0465869676698861,Downregulated
11669,0.28893359386429,Downregulated
11670,0,Unchanged
11671,0,Unchanged
11672,0,Unchanged
11673,32031239.4410984,Unchanged
11674,0,Unchanged
11675,0,Unchanged
11676,1035824.73829661,Unchanged
11677,609997.126741974,Unchanged
11678,9.14714330595998e-07,Unchanged
11679,0,Unchanged
11680,0.288413110083788,Downregulated
11681,0,Unchanged
11682,0.415863902581989,Downregulated
11683,0,Unchanged
11684,417.1742671116,Upregulated
11685,0.000157213154489462,Unchanged
11686,0,Unchanged
11687,0.611804766810417,Unchanged
11688,0.545383543319722,Unchanged
11689,0,Unchanged
11690,0.00819636591957069,Unchanged
11691,22788430.9795371,Unchanged
11692,52420462.141796,Unchanged
11693,6.66645061436988,Upregulated
11694,1.05726472375316,Unchanged
11695,0,Unchanged
11696,1.0291690791675e-06,Unchanged
11697,1.0291695361957e-06,Unchanged
11698,1.03849769857334e-07,Unchanged
11699,0,Unchanged
11700,292.592762456516,Upregulated
11701,1.26608982313841e-06,Unchanged
11702,0,Unchanged
11703,29.5674680466163,Upregulated
11704,1.33514540196581,Unchanged
11705,0,Unchanged
11706,0.0304058033477988,Downregulated
11707,0,Unchanged
11708,0,Unchanged
11709,0.717904050867548,Unchanged
11710,1.34981726089596,Unchanged
11711,12.5638017019069,Upregulated
11712,5697107.7702526,Unchanged
11713,3.91044895137939,Upregulated
11714,0.0278118127079477,Downregulated
11715,0.027811812563841,Downregulated
11716,0.0278118093214423,Downregulated
11717,0.0278118098258154,Downregulated
11718,0.0278118127079477,Downregulated
11719,0.0259943468012063,Downregulated
11720,0.0178071078541695,Downregulated
11721,0.0178071022595637,Downregulated
11722,11394215.5405052,Unchanged
11723,0,Unchanged
11724,14.5608843808867,Upregulated
11725,2.33106107036402,Upregulated
11726,11394215.4897685,Unchanged
11727,2.06221671501787,Upregulated
11728,45576862.7524109,Unchanged
11729,45576862.7524109,Unchanged
11730,14.9311575755842,Upregulated
11731,0.033092582038936,Downregulated
11732,0,Unchanged
11733,0,Unchanged
11734,1111298.8960295,Unchanged
11735,0.674030441312422,Unchanged
11736,0,Unchanged
11737,0,Unchanged
11738,0.550859969659553,Unchanged
11739,0,Unchanged
11740,0.00428407908720409,Unchanged
11741,0.0259943468012063,Downregulated
11742,1.09166547487776e-08,Unchanged
11743,0.294706103947286,Downregulated
11744,15951968.9557331,Unchanged
11745,0.500001030070916,Unchanged
11746,2163483.60806288,Unchanged
11747,3.34043399119839,Upregulated
11748,1.67021699559919,Unchanged
11749,1.98131377510006,Unchanged
11750,0.0375031171129961,Downregulated
11751,1.44329195745613,Unchanged
11752,56344671.7088201,Unchanged
11753,80149625.5098894,Unchanged
11754,77806098.6976254,Unchanged
11755,3.16661794399402,Upregulated
11756,10.3205083715932,Upregulated
11757,10.5025012911908,Upregulated
11758,4.26482971796269e-09,Unchanged
11759,0,Unchanged
11760,0,Unchanged
11761,0,Unchanged
11762,6.40194788161352e-07,Unchanged
11763,8.11158506443476e-08,Unchanged
11764,1.00000196293664,Unchanged
11765,1.03849787478794e-07,Unchanged
11766,4.8113915590875e-07,Unchanged
11767,4.75421386227026e-07,Unchanged
11768,0,Unchanged
11769,5.54306513436131e-08,Unchanged
11770,1.02844865033092e-07,Unchanged
11771,4.00019654273933e-05,Unchanged
11772,5.29889365736835e-08,Unchanged
11773,0.336182319483287,Downregulated
11774,1.48189474076688e-07,Unchanged
11775,0,Unchanged
11776,1,Unchanged
11777,5.29889365452618e-08,Unchanged
11778,0,Unchanged
11779,1.0000020601407,Unchanged
11780,1.0000020601407,Unchanged
11781,5.24887622515527e-07,Unchanged
11782,0,Unchanged
11783,2.44087091582342e-09,Unchanged
11784,4.79312835011428e-09,Unchanged
11785,4.79312904071876e-09,Unchanged
11786,3.80584566439524e-09,Unchanged
11787,0,Unchanged
11788,4.0001981844398e-05,Unchanged
11789,2.44431141177464e-07,Unchanged
11790,1.58609538118526e-06,Unchanged
11791,1.58609538118526e-06,Unchanged
11792,0,Unchanged
11793,0,Unchanged
11794,0,Unchanged
11795,0,Unchanged
11796,2.28377904363697e-07,Unchanged
11797,1.13034792600342e-06,Unchanged
11798,1.13034792600342e-06,Unchanged
11799,1.13034792600342e-06,Unchanged
11800,4.34492705313261e-07,Unchanged
11801,8.62206943722891e-09,Unchanged
11802,8.66731543555647e-09,Unchanged
11803,0,Unchanged
11804,0,Unchanged
11805,1.29016833550377e-07,Unchanged
11806,5.63901532649957e-07,Unchanged
11807,8.6673165672494e-09,Unchanged
11808,8.6673166542808e-09,Unchanged
11809,0.336182223564237,Downregulated
11810,1,Unchanged
11811,5.29889365736835e-08,Unchanged
11812,1.02916902676498e-06,Unchanged
11813,2.70500135858498e-07,Unchanged
11814,5.38016143423192e-07,Unchanged
11815,2.19536090597217e-07,Unchanged
11816,1.43702336093288e-07,Unchanged
11817,1.38911030376221e-07,Unchanged
11818,1.4370231267069e-07,Unchanged
11819,0,Unchanged
11820,9.12716945452911e-08,Unchanged
11821,1.95964561686424e-06,Unchanged
11822,0,Unchanged
11823,1.63138802065532e-07,Unchanged
11824,1.93337916623904e-07,Unchanged
11825,5.00457145799307e-08,Unchanged
11826,4.16273256644217e-06,Unchanged
11827,2.12346382568285e-07,Unchanged
11828,2.70500135858498e-07,Unchanged
11829,5.19248854971011e-08,Unchanged
11830,5.19248854971011e-08,Unchanged
11831,5.19248854971011e-08,Unchanged
11832,0.190860735660807,Downregulated
11833,1.0387250392796e-07,Unchanged
11834,0.190865131704164,Downregulated
11835,1.0384976962996e-07,Unchanged
11836,5.19248854971011e-08,Unchanged
11837,1.03849786228238e-07,Unchanged
11838,1.3369054129555e-06,Unchanged
11839,0,Unchanged
11840,3.35248450596737e-06,Unchanged
11841,0,Unchanged
11842,9.12716945452911e-08,Unchanged
11843,4.26482971796269e-09,Unchanged
11844,2.17253264431012e-08,Unchanged
11845,6.91268355997939e-07,Unchanged
11846,4.79312912592274e-09,Unchanged
11847,4.26482971796269e-09,Unchanged
11848,4.26482909705765e-09,Unchanged
11849,4.26482909705765e-09,Unchanged
11850,3.95933280853977e-09,Unchanged
11851,4.3258358687126e-08,Unchanged
11852,4.79312835011428e-09,Unchanged
11853,4.08641801263905e-09,Unchanged
11854,0.0487060954025735,Downregulated
11855,0,Unchanged
11856,0,Unchanged
11857,0,Unchanged
11858,0,Unchanged
11859,0,Unchanged
11860,0,Unchanged
11861,0,Unchanged
11862,0,Unchanged
11863,4.02650212634564e-06,Unchanged
11864,39596275.9502452,Unchanged
11865,159.434488703466,Upregulated
11866,0,Unchanged
11867,0,Unchanged
11868,2.17300795658955e-08,Unchanged
11869,1.03849781481813e-07,Unchanged
11870,0,Unchanged
11871,1.18888189319932e-07,Unchanged
11872,0,Unchanged
11873,0,Unchanged
11874,4.16267041646732,Upregulated
11875,4.16176015151215,Upregulated
11876,2.87587880465867,Upregulated
11877,1.40000598918796,Unchanged
11878,0,Unchanged
11879,0,Unchanged
11880,0,Unchanged
11881,1.00000284486256,Unchanged
11882,0,Unchanged
11883,0,Unchanged
11884,0,Unchanged
11885,0,Unchanged
11886,2.29811760749499e-06,Unchanged
11887,1.40000816687485,Unchanged
11888,2.84424046253662e-06,Unchanged
11889,0,Unchanged
11890,0,Unchanged
11891,0.490946563840599,Downregulated
11892,1.03849815047852e-07,Unchanged
11893,0,Unchanged
11894,1.37460938811955e-05,Unchanged
11895,27.5287735164405,Upregulated
11896,22.7380437461078,Upregulated
11897,27.5287619138302,Upregulated
11898,79192544.4465833,Unchanged
11899,79192554.3635209,Unchanged
11900,4.11296429044006,Upregulated
11901,1.3053933330287e-07,Unchanged
11902,8.39454815491081e-08,Unchanged
11903,1.03849785887178e-07,Unchanged
11904,1.03849787819854e-07,Unchanged
11905,1.03849784807153e-07,Unchanged
11906,1.32442609071859e-07,Unchanged
11907,7.33111511976858e-08,Unchanged
11908,3.45767796090968e-07,Unchanged
11909,3.45767592534685e-07,Unchanged
11910,0,Unchanged
11911,0,Unchanged
11912,0,Unchanged
11913,0,Unchanged
11914,0,Unchanged
11915,0,Unchanged
11916,9.57348500938338e-06,Unchanged
11917,6.88098760406319e-08,Unchanged
11918,1.24569158403878e-07,Unchanged
11919,1.24569158403878e-07,Unchanged
11920,0,Unchanged
11921,1.18455482653543e-07,Unchanged
11922,2.62972717416687e-06,Unchanged
11923,2.35118475599544e-06,Unchanged
11924,0,Unchanged
11925,5.21961888466649e-08,Unchanged
11926,0,Unchanged
11927,0,Unchanged
11928,1.65192247096968e-06,Unchanged
11929,1.05605817392855e-08,Unchanged
11930,3.9118161373608e-07,Unchanged
11931,0.813745106280764,Unchanged
11932,0,Unchanged
11933,2.47909792960854e-06,Unchanged
11934,0,Unchanged
11935,15273029.3543466,Unchanged
11936,0,Unchanged
11937,0,Unchanged
11938,0,Unchanged
11939,0,Unchanged
11940,324045.723838168,Unchanged
11941,0,Unchanged
11942,0,Unchanged
11943,0,Unchanged
11944,0,Unchanged
11945,0,Unchanged
11946,0,Unchanged
11947,0,Unchanged
11948,0,Unchanged
11949,0,Unchanged
11950,0,Unchanged
11951,6.68119527108488e-05,Unchanged
11952,1.73451631060023e-07,Unchanged
11953,3.19149472033261e-07,Unchanged
11954,1.71893394349134e-06,Unchanged
11955,1.734896119521e-07,Unchanged
11956,1.73451675661313e-07,Unchanged
11957,0,Unchanged
11958,0,Unchanged
11959,1.45697813768225e-07,Unchanged
11960,1.73489597509177e-07,Unchanged
11961,2.67070965775524e-07,Unchanged
11962,0,Unchanged
11963,0,Unchanged
11964,1.25339981001024,Unchanged
11965,9.37052773492972,Upregulated
11966,0,Unchanged
11967,0,Unchanged
11968,1.08385409616942,Unchanged
11969,0,Unchanged
11970,0,Unchanged
11971,0,Unchanged
11972,2.64109653914298,Upregulated
11973,1.03849783840815e-07,Unchanged
11974,1.03849772699505e-07,Unchanged
11975,3.587896647055,Upregulated
11976,0.0954303677685266,Downregulated
11977,0.190860734871971,Downregulated
11978,0.190860735536747,Downregulated
11979,1.03849765253017e-07,Unchanged
11980,1.03849779961251e-07,Unchanged
11981,0.190860735659212,Downregulated
11982,0,Unchanged
11983,1.03849770425768e-07,Unchanged
11984,1.03849770226816e-07,Unchanged
11985,3.95207257344364e-08,Unchanged
11986,1.038497692889e-07,Unchanged
11987,1.03872488864454e-07,Unchanged
11988,1.0384978759248e-07,Unchanged
11989,1.03849787763011e-07,Unchanged
11990,1.0384976962996e-07,Unchanged
11991,85154762.6338139,Unchanged
11992,3.90732941775672,Upregulated
11993,2406293.25849355,Unchanged
11994,2.26143844351646,Upregulated
11995,1.38866599906128,Unchanged
11996,0,Unchanged
11997,2.01414071064108,Upregulated
11998,5.44385289833474,Upregulated
11999,0,Unchanged
12000,0,Unchanged
12001,0,Unchanged
12002,0,Unchanged
12003,0,Unchanged
12004,0,Unchanged
12005,11345743.0357567,Unchanged
12006,0.00803849467888634,Unchanged
12007,7.7208385661517,Upregulated
12008,0.224676827390122,Downregulated
12009,0.174049892027957,Downregulated
12010,0.0870249399129352,Downregulated
12011,0.0420959779402727,Downregulated
12012,0.157614573378275,Downregulated
12013,26.7573034670964,Upregulated
12014,0.449012501914584,Downregulated
12015,0.582938179423269,Unchanged
12016,1.11046644713638,Unchanged
12017,21386012.9370132,Unchanged
12018,10844140.1407299,Unchanged
12019,0.224676827188688,Downregulated
12020,1.40944439980696,Unchanged
12021,0,Unchanged
12022,5.32052933783219,Upregulated
12023,5.36282703519518,Upregulated
12024,0,Unchanged
12025,0,Unchanged
12026,0,Unchanged
12027,6.09154106759118,Upregulated
12028,6.09154054530867,Upregulated
12029,6.11756567678018,Upregulated
12030,0.242126747165854,Downregulated
12031,3.90804357494053,Upregulated
12032,0.248276133770637,Downregulated
12033,0,Unchanged
12034,0,Unchanged
12035,27.8208009794425,Upregulated
12036,0.0469101824358094,Downregulated
12037,3.90732938514118,Upregulated
12038,0.00508339183443553,Unchanged
12039,0,Unchanged
12040,0.576250626883105,Unchanged
12041,37464762.4778612,Unchanged
12042,0,Unchanged
12043,48949.4754717906,Unchanged
12044,37464762.4778612,Unchanged
12045,43682.7690880989,Unchanged
12046,37464762.4778612,Unchanged
12047,0.00581951364974358,Unchanged
12048,4.45411693968084,Upregulated
12049,0.0176180665178714,Downregulated
12050,13.5420583847822,Upregulated
12051,0.0063153044696687,Unchanged
12052,4.83358426476703,Upregulated
12053,0,Unchanged
12054,4.17632529734944,Upregulated
12055,0.000208761177670778,Unchanged
12056,0.148335463242746,Downregulated
12057,0.0232807610378388,Downregulated
12058,0.000200028021550341,Unchanged
12059,0.165987550794506,Downregulated
12060,0.00011947933462335,Unchanged
12061,0.091446649100444,Downregulated
12062,0,Unchanged
12063,0.165281411997578,Downregulated
12064,0.000200028018277158,Unchanged
12065,0.153096680228776,Downregulated
12066,0,Unchanged
12067,0.091446649100444,Downregulated
12068,0.000288089753692088,Unchanged
12069,0,Unchanged
12070,0.0276895069636116,Downregulated
12071,0.0275717146472382,Downregulated
12072,0.0517997655129486,Downregulated
12073,0.00563422559252464,Unchanged
12074,0.0625783963110982,Downregulated
12075,0,Unchanged
12076,0.5777173951927,Unchanged
12077,0.192904340376135,Downregulated
12078,0,Unchanged
12079,0.00237181161972767,Unchanged
12080,1.05734790293773e-07,Unchanged
12081,1.05734800135127e-07,Unchanged
12082,0.00171270918331679,Unchanged
12083,0,Unchanged
12084,0,Unchanged
12085,0.233039536089128,Downregulated
12086,0.00998133066202639,Unchanged
12087,0.00139691577258443,Unchanged
12088,0.002208977440313,Unchanged
12089,0.00123408116300388,Unchanged
12090,0,Unchanged
12091,0,Unchanged
12092,0,Unchanged
12093,0,Unchanged
12094,4.26482971796269e-09,Unchanged
12095,0.0610848683631015,Downregulated
12096,0,Unchanged
12097,0.0451134876770151,Downregulated
12098,0.0105615465485886,Downregulated
12099,0.0985937770676748,Downregulated
12100,0.0583944575599135,Downregulated
12101,0.0581460383842177,Downregulated
12102,0.000559004784191701,Unchanged
12103,0.0402056841775312,Downregulated
12104,5.15499386380282e-07,Unchanged
12105,0,Unchanged
12106,11.1224288726714,Upregulated
12107,0,Unchanged
12108,2163478.99188289,Unchanged
12109,7154276.01854975,Unchanged
12110,0.35150652072171,Downregulated
12111,18.0611623169031,Upregulated
12112,4.47573410874523,Upregulated
12113,0.921350175646828,Unchanged
12114,42399760.7948409,Unchanged
12115,42399760.7948409,Unchanged
12116,42399760.7948409,Unchanged
12117,42399760.7948409,Unchanged
12118,1.20573571662282,Unchanged
12119,42399760.7948409,Unchanged
12120,0,Unchanged
12121,42399760.7948409,Unchanged
12122,6.28319920487831,Upregulated
12123,0.180827759872347,Downregulated
12124,0.00161181977903901,Unchanged
12125,0.00427181598529664,Unchanged
12126,0.00936013233620854,Unchanged
12127,0,Unchanged
12128,0,Unchanged
12129,1873.48899348205,Upregulated
12130,0.0453801321955193,Downregulated
12131,3277.76524539446,Upregulated
12132,41803387.5366058,Unchanged
12133,0,Unchanged
12134,41803387.5366058,Unchanged
12135,13266082.4594515,Unchanged
12136,0.194284772394197,Downregulated
12137,2.88550549829521,Upregulated
12138,1.56550183913009,Unchanged
12139,17941.404420311,Upregulated
12140,0.653454962475226,Unchanged
12141,0.449771045515558,Downregulated
12142,8.36704901629461,Upregulated
12143,4.19698349203095,Upregulated
12144,5.63298397941183,Upregulated
12145,0.156575729370672,Downregulated
12146,2.07993848584989,Upregulated
12147,0.021949672206395,Downregulated
12148,2532464.91022462,Unchanged
12149,0,Unchanged
12150,0,Unchanged
12151,1.02405421119798,Unchanged
12152,0.0458934364720628,Downregulated
12153,0.214086531406804,Downregulated
12154,0.0227023506417706,Downregulated
12155,0.0497439513034703,Downregulated
12156,1095707.3266594,Unchanged
12157,3752754.99409727,Unchanged
12158,0,Unchanged
12159,2434566.02240733,Unchanged
12160,3.34423766676003,Upregulated
12161,0.0122017164604842,Downregulated
12162,0.252829122236598,Downregulated
12163,0.166609506026643,Downregulated
12164,0.271810265730693,Downregulated
12165,9293984.83842522,Unchanged
12166,9293984.83842522,Unchanged
12167,9391887.55667191,Unchanged
12168,9391887.55667191,Unchanged
12169,9391887.55667191,Unchanged
12170,9391887.55667191,Unchanged
12171,13289189.9160988,Unchanged
12172,13289189.7659667,Unchanged
12173,13289189.7659667,Unchanged
12174,13289189.9160988,Unchanged
12175,0,Unchanged
12176,0.0967258015379623,Downregulated
12177,2163479.12225409,Unchanged
12178,0.540149816638036,Unchanged
12179,0.126545634916325,Downregulated
12180,0.126545634916325,Downregulated
12181,0.253450007326459,Downregulated
12182,2163479.12225409,Unchanged
12183,2163479.12225409,Unchanged
12184,2163479.12225409,Unchanged
12185,9234647.91297838,Unchanged
12186,9234647.91297838,Unchanged
12187,9234647.91297838,Unchanged
12188,0,Unchanged
12189,0.286536797705688,Downregulated
12190,3264894.93241746,Unchanged
12191,4326957.91352498,Unchanged
12192,4326957.91352498,Unchanged
12193,2.00585617896993,Upregulated
12194,7.70305335296672,Upregulated
12195,10649646.5709585,Unchanged
12196,40764919.0643634,Unchanged
12197,0,Unchanged
12198,53661358.503405,Unchanged
12199,0,Unchanged
12200,0,Unchanged
12201,0,Unchanged
12202,1.02916902676498e-06,Unchanged
12203,0,Unchanged
12204,76.3424210770471,Upregulated
12205,80926451.6703554,Unchanged
12206,0,Unchanged
12207,4.34801303609116,Upregulated
12208,80.7254314178583,Upregulated
12209,0,Unchanged
12210,0,Unchanged
12211,4.96992895691362,Upregulated
12212,6.46351119360997,Upregulated
12213,0.0275233008871111,Downregulated
12214,0,Unchanged
12215,0,Unchanged
12216,0,Unchanged
12217,0,Unchanged
12218,53.5725479146799,Upregulated
12219,0,Unchanged
12220,0,Unchanged
12221,1.63375998715921,Unchanged
12222,0.0608422655540359,Downregulated
12223,0,Unchanged
12224,0.585580026499914,Unchanged
12225,0,Unchanged
12226,0,Unchanged
12227,0.229510497609334,Downregulated
12228,0,Unchanged
12229,3.80230080834447,Upregulated
12230,21038501.9525374,Unchanged
12231,21128383.5273567,Unchanged
12232,0,Unchanged
12233,0.487496850758963,Downregulated
12234,0,Unchanged
12235,0,Unchanged
12236,0,Unchanged
12237,0,Unchanged
12238,0,Unchanged
12239,0,Unchanged
12240,0,Unchanged
12241,0,Unchanged
12242,0,Unchanged
12243,0,Unchanged
12244,0,Unchanged
12245,0,Unchanged
12246,0,Unchanged
12247,8.79611370346006e+15,Unchanged
12248,-4.39805685173003e+15,Unchanged
12249,0,Unchanged
12250,0,Unchanged
12251,0,Unchanged
12252,0,Unchanged
12253,0,Unchanged
12254,0,Unchanged
12255,1.01125748965627,Unchanged
12256,0,Unchanged
12257,0.0822298372705131,Downregulated
12258,0,Unchanged
12259,0,Unchanged
12260,0,Unchanged
12261,0,Unchanged
12262,0,Unchanged
12263,0,Unchanged
12264,21128383.387376,Unchanged
12265,0,Unchanged
12266,17.451605042458,Upregulated
12267,0,Unchanged
12268,0,Unchanged
12269,0,Unchanged
12270,44605189.482554,Unchanged
12271,0.393780500267307,Downregulated
12272,0,Unchanged
12273,3.52768532312506,Upregulated
12274,0,Unchanged
12275,0,Unchanged
12276,21.0259386798617,Upregulated
12277,58.4947870996751,Upregulated
12278,48164.2962992795,Unchanged
12279,0.0822298386336778,Downregulated
12280,146451.745206224,Unchanged
12281,651209.909360127,Unchanged
12282,137887.456897896,Unchanged
12283,1383314.04272687,Unchanged
12284,0.0840994003607258,Downregulated
12285,1383314.04272687,Unchanged
12286,1066199.95453778,Unchanged
12287,83.9039629881074,Upregulated
12288,2265684.1617594,Unchanged
12289,6889198.53648373,Unchanged
12290,0.541557595052945,Unchanged
12291,146451.746475567,Unchanged
12292,8.14243345852871,Upregulated
12293,0.217904684412924,Downregulated
12294,1383314.04272687,Unchanged
12295,2.35782716427193,Upregulated
12296,0,Unchanged
12297,20052339.4948545,Unchanged
12298,10519261.6817588,Unchanged
12299,0,Unchanged
12300,0.816798417253213,Unchanged
12301,0.849078554515709,Unchanged
12302,0,Unchanged
12303,0.00654762219784741,Unchanged
12304,0.363042209539624,Downregulated
12305,0.674832609763329,Unchanged
12306,0,Unchanged
12307,0,Unchanged
12308,0,Unchanged
12309,0,Unchanged
12310,6889198.53648373,Unchanged
12311,0.766983531455908,Unchanged
12312,45133.4146816696,Unchanged
12313,0.819044309714447,Unchanged
12314,0.68512162392777,Unchanged
12315,1.01093978799301,Unchanged
12316,4.18948964873555,Upregulated
12317,0.766983360933888,Unchanged
12318,0.019275031525953,Downregulated
12319,0.0910314106381844,Downregulated
12320,1.10159609071448,Unchanged
12321,0.0209855938120076,Downregulated
12322,0.0734193165718306,Downregulated
12323,5.85835774430613,Upregulated
12324,1.62621372644765,Unchanged
12325,0,Unchanged
12326,25470694.2547089,Unchanged
12327,0,Unchanged
12328,2.29809134317579,Upregulated
12329,0,Unchanged
12330,0,Unchanged
12331,8.95886069256547,Upregulated
12332,3515881.10262776,Unchanged
12333,79814.4279280565,Unchanged
12334,0.0580614817251753,Downregulated
12335,6889198.53648373,Unchanged
12336,21.0259355861791,Upregulated
12337,0,Unchanged
12338,1.78728121545072,Unchanged
12339,1.66072769947894,Unchanged
12340,0.927066917925284,Unchanged
12341,0.473294199473298,Downregulated
12342,58.6150191727837,Upregulated
12343,3.55137780971125,Upregulated
12344,0.669966258228998,Unchanged
12345,40.5421590543527,Upregulated
12346,4516269.38988707,Unchanged
12347,6889198.53682126,Unchanged
12348,0,Unchanged
12349,1469745.96465299,Unchanged
12350,0,Unchanged
12351,0,Unchanged
12352,5.59550228528417e-07,Unchanged
12353,292903.490412448,Unchanged
12354,1383314.04272687,Unchanged
12355,146452.872771586,Unchanged
12356,3.14211719459849,Upregulated
12357,12735360.0881757,Unchanged
12358,0,Unchanged
12359,0,Unchanged
12360,6324807.53831217,Unchanged
12361,0,Unchanged
12362,0,Unchanged
12363,0,Unchanged
12364,0,Unchanged
12365,0,Unchanged
12366,2568507.64317801,Unchanged
12367,0,Unchanged
12368,6.56506398350092,Upregulated
12369,29.9431717013341,Upregulated
12370,0,Unchanged
12371,0,Unchanged
12372,-4.39805255247009e+15,Unchanged
12373,0,Unchanged
12374,0,Unchanged
12375,0,Unchanged
12376,0,Unchanged
12377,0,Unchanged
12378,0,Unchanged
12379,0,Unchanged
12380,0.776191678900961,Unchanged
12381,2.05939812317726,Upregulated
12382,37.8024070570327,Upregulated
12383,28382617.4957319,Unchanged
12384,8.59604997297929e+15,Unchanged
12385,0,Unchanged
12386,0,Unchanged
12387,0,Unchanged
12388,0,Unchanged
12389,0,Unchanged
12390,243.777361112036,Upregulated
12391,0,Unchanged
12392,40246019.8267568,Unchanged
12393,4.87964182181159,Upregulated
12394,10564206.813189,Unchanged
12395,0,Unchanged
12396,1.30084401938621,Unchanged
12397,0,Unchanged
12398,0,Unchanged
12399,0,Unchanged
12400,27.7870272081328,Upregulated
12401,0,Unchanged
12402,0.0259457569674994,Downregulated
12403,0,Unchanged
12404,2.63030343978699e-06,Unchanged
12405,6.18274108319383e-08,Unchanged
12406,0,Unchanged
12407,0.436195778609135,Downregulated
12408,0.01351170344034,Downregulated
12409,0,Unchanged
12410,1.27172718975999e-07,Unchanged
12411,0,Unchanged
12412,1.27172718975999e-07,Unchanged
12413,0,Unchanged
12414,14.5247032002482,Upregulated
12415,0,Unchanged
12416,1.27172718975999e-07,Unchanged
12417,0,Unchanged
12418,0.25986666899307,Downregulated
12419,0,Unchanged
12420,0,Unchanged
12421,1.27172746488213e-07,Unchanged
12422,1.27172746488213e-07,Unchanged
12423,0,Unchanged
12424,0,Unchanged
12425,0,Unchanged
12426,0.00655133023713174,Unchanged
12427,226341.337336099,Unchanged
12428,0,Unchanged
12429,3185423.20941529,Unchanged
12430,1.33086148723445,Unchanged
12431,0.0128548582376715,Downregulated
12432,15569680.3603697,Unchanged
12433,44255204.1845681,Unchanged
12434,407093.770992162,Unchanged
12435,0.948361886332405,Unchanged
12436,104.029363371688,Upregulated
12437,0,Unchanged
12438,0.00103170794207001,Unchanged
12439,144400.150989785,Unchanged
12440,1.07478866932631e-07,Unchanged
12441,1.07478866932631e-07,Unchanged
12442,0,Unchanged
12443,0,Unchanged
12444,0,Unchanged
12445,0.00657690799110814,Unchanged
12446,0.257708887585572,Downregulated
12447,243554.624795455,Unchanged
12448,0,Unchanged
12449,2399108.84400858,Unchanged
12450,211.996619816784,Upregulated
12451,0,Unchanged
12452,52325083.3323338,Unchanged
12453,8356582.82631748,Unchanged
12454,0,Unchanged
12455,1.03849788047228e-07,Unchanged
12456,1.50137118907878e-07,Unchanged
12457,39.7214908442153,Upregulated
12458,0,Unchanged
12459,0,Unchanged
12460,262.185686063149,Upregulated
12461,0,Unchanged
12462,0,Unchanged
12463,4.563954448338,Upregulated
12464,676107.485993857,Unchanged
12465,784931945.533944,Unchanged
12466,0,Unchanged
12467,0,Unchanged
12468,0,Unchanged
12469,83672734.6501015,Unchanged
12470,69.2423033351938,Upregulated
12471,1.79315967135358,Unchanged
12472,35027734.7406124,Unchanged
12473,0,Unchanged
12474,1.5381961176209,Unchanged
12475,6.88893424593694,Upregulated
12476,0,Unchanged
12477,40246020.6620521,Unchanged
12478,0,Unchanged
12479,0,Unchanged
12480,0,Unchanged
12481,0,Unchanged
12482,18.5199050959173,Upregulated
12483,94829401.0937663,Unchanged
12484,0,Unchanged
12485,0,Unchanged
12486,0.0785143229819294,Downregulated
12487,0,Unchanged
12488,0.0684642672121718,Downregulated
12489,45.3317835670101,Upregulated
12490,42.4137357261349,Upregulated
12491,9.33697169177597,Upregulated
12492,258.392685320441,Upregulated
12493,76149784.6480817,Unchanged
12494,76149762.7693592,Unchanged
12495,76149773.0700745,Unchanged
12496,0,Unchanged
12497,4.05482668493075,Upregulated
12498,0.0317108455163913,Downregulated
12499,0,Unchanged
12500,0,Unchanged
12501,0,Unchanged
12502,0,Unchanged
12503,0.00111266281254103,Unchanged
12504,0.0575032447343739,Downregulated
12505,10842633.5840953,Unchanged
12506,17.688532970837,Upregulated
12507,15.5214711750574,Upregulated
12508,5445533.52460226,Unchanged
12509,0.121495488553316,Downregulated
12510,4.78476835469378,Upregulated
12511,0,Unchanged
12512,9.56955258897074,Upregulated
12513,1.51408224812678,Unchanged
12514,0.0174585381415985,Downregulated
12515,0,Unchanged
12516,0,Unchanged
12517,0,Unchanged
12518,0.531581375583476,Unchanged
12519,4.9699281463162,Upregulated
12520,0.0488474307815553,Downregulated
12521,0.530490277741788,Unchanged
12522,4.78477544345304,Upregulated
12523,4.78477625561389,Upregulated
12524,4.78477528400915,Upregulated
12525,4.78477532802669,Upregulated
12526,4.39367918328257,Upregulated
12527,0.470381420756093,Downregulated
12528,0.00303980911137966,Unchanged
12529,0,Unchanged
12530,0.321155995724408,Downregulated
12531,0.0943174779008586,Downregulated
12532,0.036260720559518,Downregulated
12533,1.18888169140519e-07,Unchanged
12534,0,Unchanged
12535,3.33900123533215,Upregulated
12536,0,Unchanged
12537,8653916.59969887,Unchanged
12538,47550316.6657754,Unchanged
12539,0,Unchanged
12540,0.000847417448201696,Unchanged
12541,0.0326668192097986,Downregulated
12542,32.3168990854253,Upregulated
12543,5031072.83158057,Unchanged
12544,2875111.3351005,Unchanged
12545,1.24168945310051,Unchanged
12546,56170453.6989324,Unchanged
12547,0,Unchanged
12548,0.534939232986931,Unchanged
12549,0,Unchanged
12550,0,Unchanged
12551,0,Unchanged
12552,0,Unchanged
12553,238.791129233791,Upregulated
12554,238.769129145415,Upregulated
12555,6.20584394346123,Upregulated
12556,0,Unchanged
12557,0,Unchanged
12558,0,Unchanged
12559,1.8546186421079,Unchanged
12560,6.38843639675913,Upregulated
12561,0,Unchanged
12562,0,Unchanged
12563,0,Unchanged
12564,0,Unchanged
12565,0,Unchanged
12566,0,Unchanged
12567,0,Unchanged
12568,0,Unchanged
12569,0,Unchanged
12570,1.32545955907897e-07,Unchanged
12571,1.32548035583854e-07,Unchanged
12572,0,Unchanged
12573,0,Unchanged
12574,0,Unchanged
12575,0,Unchanged
12576,14322934.6294895,Unchanged
12577,0,Unchanged
12578,0,Unchanged
12579,0,Unchanged
12580,0,Unchanged
12581,0,Unchanged
12582,0,Unchanged
12583,0,Unchanged
12584,0,Unchanged
12585,26.7052068683938,Upregulated
12586,0,Unchanged
12587,0,Unchanged
12588,10583267.0975601,Unchanged
12589,0,Unchanged
12590,0,Unchanged
12591,41947370.8471374,Unchanged
12592,0,Unchanged
12593,1498450.60435664,Unchanged
12594,1241757.66019205,Unchanged
12595,0,Unchanged
12596,51420550.764489,Unchanged
12597,6492552.95754176,Unchanged
12598,0,Unchanged
12599,28622333.6080828,Unchanged
12600,40246023.6937677,Unchanged
12601,41947369.7344076,Unchanged
12602,15640653.1121983,Unchanged
12603,15640653.1121983,Unchanged
12604,0,Unchanged
12605,0,Unchanged
12606,0,Unchanged
12607,2257573.31767285,Unchanged
12608,146.819619303809,Upregulated
12609,40246023.1377347,Unchanged
12610,40136912.5807245,Unchanged
12611,36428411.4624273,Unchanged
12612,0,Unchanged
12613,0,Unchanged
12614,440215.761770465,Unchanged
12615,28500571.2719332,Unchanged
12616,814187.505924232,Unchanged
12617,11394216.3080123,Unchanged
12618,120738065.004571,Unchanged
12619,0,Unchanged
12620,0,Unchanged
12621,0,Unchanged
12622,98310.1755836811,Unchanged
12623,0,Unchanged
12624,1701349.10786274,Unchanged
12625,0,Unchanged
12626,8364958.78071692,Unchanged
12627,18510.5636258557,Upregulated
12628,173014723.405218,Unchanged
12629,13095564.3325084,Unchanged
12630,146.819619302432,Upregulated
12631,45331522.4779388,Unchanged
12632,772285.473583941,Unchanged
12633,0,Unchanged
12634,24270760.6321373,Unchanged
12635,0,Unchanged
12636,11394214.3899366,Unchanged
12637,0,Unchanged
12638,2.47450624989388,Upregulated
12639,0,Unchanged
12640,52487192.9518418,Unchanged
12641,0,Unchanged
12642,83206144.2320878,Unchanged
12643,0,Unchanged
12644,0,Unchanged
12645,0,Unchanged
12646,0,Unchanged
12647,19103310.8856871,Unchanged
12648,0,Unchanged
12649,0,Unchanged
12650,0,Unchanged
12651,0,Unchanged
12652,625678.696251423,Unchanged
12653,40246015.7756033,Unchanged
12654,0,Unchanged
12655,12339024.5241473,Unchanged
12656,0,Unchanged
12657,0,Unchanged
12658,0,Unchanged
12659,0,Unchanged
12660,0,Unchanged
12661,465252.52694343,Unchanged
12662,54592411.1261204,Unchanged
12663,0,Unchanged
12664,0.6301282649333,Unchanged
12665,5.66941017919268,Upregulated
12666,95447.2302753859,Unchanged
12667,109184830.489911,Unchanged
12668,4.42620469788099,Upregulated
12669,63827510.3735112,Unchanged
12670,3.31423668744551,Upregulated
12671,22691484.3156096,Unchanged
12672,153689.411365222,Unchanged
12673,95234.8159254004,Unchanged
12674,34895165.2337749,Unchanged
12675,158794.013502904,Unchanged
12676,62278733.0284967,Unchanged
12677,87979463.5939163,Unchanged
12678,80492037.0755067,Unchanged
12679,0,Unchanged
12680,0,Unchanged
12681,1.37291640112854e-05,Unchanged
12682,9.08576711140086e-06,Unchanged
12683,0,Unchanged
12684,0.217222941508099,Downregulated
12685,2.39718317485394,Upregulated
12686,0,Unchanged
12687,0,Unchanged
12688,0.435986360070247,Downregulated
12689,0.436081757576252,Downregulated
12690,51.7625987613027,Upregulated
12691,417.428586209716,Upregulated
12692,98336.5847331646,Unchanged
12693,0,Unchanged
12694,0.836531447536209,Unchanged
12695,0,Unchanged
12696,977.253148800171,Upregulated
12697,0.761231944228766,Unchanged
12698,0,Unchanged
12699,0,Unchanged
12700,0,Unchanged
12701,0,Unchanged
12702,3.46979248185304e-07,Unchanged
12703,1.18328664764468,Unchanged
12704,1.21007966274559,Unchanged
12705,0,Unchanged
12706,4527377.5004577,Unchanged
12707,4.95017148221532e-07,Unchanged
12708,8.09002350272297,Upregulated
12709,2.70523561716487,Upregulated
12710,12.5386241217459,Upregulated
12711,2.17329285388648,Upregulated
12712,20.7513358879475,Upregulated
12713,4.76442061303425,Upregulated
12714,11.0096281202748,Upregulated
12715,0.0965265501779246,Downregulated
12716,16.9041929462194,Upregulated
12717,5902227.17747399,Unchanged
12718,61585983.7744146,Unchanged
12719,4.47815783661229,Upregulated
12720,0,Unchanged
12721,1.69853449448619,Unchanged
12722,0,Unchanged
12723,5.37119646784248,Upregulated
12724,2.98308528009407,Upregulated
12725,0.76111167855739,Unchanged
12726,5.76412173724455,Upregulated
12727,23.8338713108195,Upregulated
12728,1.22022417715608e-07,Unchanged
12729,15.078765918103,Upregulated
12730,3.60185123730871,Upregulated
12731,2.74582551177586,Upregulated
12732,11394216.6220234,Unchanged
12733,35.9437251709651,Upregulated
12734,0.205756960584164,Downregulated
12735,0.239751424463062,Downregulated
12736,0.00133361534269645,Unchanged
12737,4.61217060503499,Upregulated
12738,1801183.78483409,Unchanged
12739,145657.151388631,Unchanged
12740,8942544.00299883,Unchanged
12741,0,Unchanged
12742,4.61217108391931,Upregulated
12743,0.19638015318317,Downregulated
12744,0.287839020888803,Downregulated
12745,0,Unchanged
12746,1.38911007638853e-07,Unchanged
12747,0,Unchanged
12748,1288869.11297129,Unchanged
12749,8.35908078681854,Upregulated
12750,63.8480116519627,Upregulated
12751,4.35035098298652,Upregulated
12752,58.2420933409058,Upregulated
12753,0.0502909747189042,Downregulated
12754,8.36287756496386,Upregulated
12755,1.08093905747291e-07,Unchanged
12756,0,Unchanged
12757,263.945746828022,Upregulated
12758,4.35034933412578,Upregulated
12759,161.358909487895,Upregulated
12760,0.161449653154232,Downregulated
12761,125.153282581,Upregulated
12762,0,Unchanged
12763,0,Unchanged
12764,0,Unchanged
12765,18.0762669158817,Upregulated
12766,8.99407711139625,Upregulated
12767,663.877977419951,Upregulated
12768,0,Unchanged
12769,1.62375289121529,Unchanged
12770,6.79927505114007e-07,Unchanged
12771,1.40933957659964,Unchanged
12772,132.001760987185,Upregulated
12773,5.28878784931097,Upregulated
12774,18.8143630405914,Upregulated
12775,1.47271506595093,Unchanged
12776,0,Unchanged
12777,0,Unchanged
12778,0.801914878119973,Unchanged
12779,0.0546512525677941,Downregulated
12780,2.49861293089973,Upregulated
12781,0.0673643564813081,Downregulated
12782,1011180.89758427,Unchanged
12783,1011180.89758427,Unchanged
12784,0.0514393235566073,Downregulated
12785,0.0501162356286662,Downregulated
12786,0.0496413899533108,Downregulated
12787,0,Unchanged
12788,0,Unchanged
12789,0,Unchanged
12790,0,Unchanged
12791,0.131399659402886,Downregulated
12792,0.131399659402886,Downregulated
12793,13.7871184213367,Upregulated
12794,0.388921817505973,Downregulated
12795,7490083.9672743,Unchanged
12796,3.43844166625734,Upregulated
12797,0,Unchanged
12798,0.555724155395216,Unchanged
12799,0,Unchanged
12800,250294.999066962,Unchanged
12801,250294.999066962,Unchanged
12802,0.0110135726880758,Downregulated
12803,0.0111285644502083,Downregulated
12804,0,Unchanged
12805,105.859266668292,Upregulated
12806,135712886.9982,Unchanged
12807,160984075.62416,Unchanged
12808,4.62945498851862,Upregulated
12809,4.24838423525933,Upregulated
12810,18.7954414657193,Upregulated
12811,39330709.5141876,Unchanged
12812,4.2721100744875,Upregulated
12813,1614.48918171109,Upregulated
12814,11.1441662680052,Upregulated
12815,5.29691914387242,Upregulated
12816,4.78477578612914,Upregulated
12817,2.84740177603884,Upregulated
12818,5.36466736188914,Upregulated
12819,4.78477585496863,Upregulated
12820,8.70160682584734,Upregulated
12821,0.425021374768891,Downregulated
12822,4.21818863933491,Upregulated
12823,5.37479450757688,Upregulated
12824,5.59061507166479,Upregulated
12825,28.1824933178091,Upregulated
12826,4.87536510083684,Upregulated
12827,8.08702719443671,Upregulated
12828,4.27408609138911,Upregulated
12829,4.27408609138911,Upregulated
12830,4.27408609138911,Upregulated
12831,4.27408609138911,Upregulated
12832,8.08702828836217,Upregulated
12833,8.05262638311507,Upregulated
12834,39.7191949121738,Upregulated
12835,8.08702951793474,Upregulated
12836,4.27408646493615,Upregulated
12837,4.27408718651616,Upregulated
12838,4.27408638472666,Upregulated
12839,4.27408638472666,Upregulated
12840,97.5109214905255,Upregulated
12841,97.5109214905255,Upregulated
12842,97.5109214905255,Upregulated
12843,4.27408638472666,Upregulated
12844,97.5109214905255,Upregulated
12845,97.5109214905255,Upregulated
12846,97.5109094443246,Upregulated
12847,97.5109175866638,Upregulated
12848,3.73951593889329,Upregulated
12849,3.85129730413604,Upregulated
12850,3.73951593889329,Upregulated
12851,45.6774511223192,Upregulated
12852,45.6774511223192,Upregulated
12853,69.34859922713,Upregulated
12854,69.3485968501876,Upregulated
12855,22.8341907033202,Upregulated
12856,5.1209396293466,Upregulated
12857,4.61854594897613,Upregulated
12858,4.61854603564991,Upregulated
12859,91.1963824959458,Upregulated
12860,5.79521679955018,Upregulated
12861,0,Unchanged
12862,0,Unchanged
12863,8.69652366327398,Upregulated
12864,1.32259255421374e-07,Unchanged
12865,0.377811156302153,Downregulated
12866,0,Unchanged
12867,5.3217442094437,Upregulated
12868,0.0156068079783465,Downregulated
12869,44.0613302237259,Upregulated
12870,44.061327837369,Upregulated
12871,2.88550599663909,Upregulated
12872,0,Unchanged
12873,0.282494177450018,Downregulated
12874,0,Unchanged
12875,3.52829687336323,Upregulated
12876,3.52829628645751,Upregulated
12877,0.00274988527232385,Unchanged
12878,4.98789847150953,Upregulated
12879,5.63430808877846,Upregulated
12880,16.1866914535621,Upregulated
12881,16.1866914535621,Upregulated
12882,16.1866914535621,Upregulated
12883,0,Unchanged
12884,0.0972827942112976,Downregulated
12885,0.966249866306674,Unchanged
12886,0.781776419715134,Unchanged
12887,0.972594655051077,Unchanged
12888,0.783562239281062,Unchanged
12889,0.993772120482671,Unchanged
12890,0.993772105431622,Unchanged
12891,0.00197911538844738,Unchanged
12892,1.68813044645535,Unchanged
12893,9.35302205129875,Upregulated
12894,0.647344860121768,Unchanged
12895,0,Unchanged
12896,0,Unchanged
12897,27.2409702126999,Upregulated
12898,0.0210318986269154,Downregulated
12899,2.67877164550794,Upregulated
12900,1.64590032549236,Unchanged
12901,27.2409702126999,Upregulated
12902,4.91673289711281,Upregulated
12903,1.63190030453815,Unchanged
12904,1.63190030334907,Unchanged
12905,1.62495841369891,Unchanged
12906,1.17148633183081,Unchanged
12907,9.81946176507221,Upregulated
12908,4.88884346083475,Upregulated
12909,225.355921153968,Upregulated
12910,13.5625414197865,Upregulated
12911,27.240973857253,Upregulated
12912,6.55007466354645e-05,Unchanged
12913,5.88910895101062,Upregulated
12914,1.31626341185296,Unchanged
12915,1.52545209591663,Unchanged
12916,4.2701782140503,Upregulated
12917,1087355.28588934,Unchanged
12918,0,Unchanged
12919,0,Unchanged
12920,0,Unchanged
12921,0.0574444037864334,Downregulated
12922,5.32125392738556,Upregulated
12923,0,Unchanged
12924,0.00151100500534076,Unchanged
12925,47.7448608980286,Upregulated
12926,8.25332675994126,Upregulated
12927,0,Unchanged
12928,0,Unchanged
12929,0.529354827339136,Unchanged
12930,18.8227618017673,Upregulated
12931,28901988.954025,Unchanged
12932,28901988.5162936,Unchanged
12933,1.34273463490731,Unchanged
12934,0,Unchanged
12935,0,Unchanged
12936,0,Unchanged
12937,22788435.9295898,Unchanged
12938,22691487.8569152,Unchanged
12939,136208344.385099,Unchanged
12940,80492047.0192486,Unchanged
12941,0.056882933141825,Downregulated
12942,0,Unchanged
12943,0,Unchanged
12944,0.0934531273186726,Downregulated
12945,0.139108767272608,Downregulated
12946,1.65872762750418,Unchanged
12947,0.676118337625542,Unchanged
12948,0,Unchanged
12949,0.646201741151445,Unchanged
12950,0,Unchanged
12951,0,Unchanged
12952,1.33207587176865,Unchanged
12953,0,Unchanged
12954,0,Unchanged
12955,101388794.367165,Unchanged
12956,0,Unchanged
12957,0,Unchanged
12958,0,Unchanged
12959,0,Unchanged
12960,0,Unchanged
12961,0,Unchanged
12962,0,Unchanged
12963,0,Unchanged
12964,0,Unchanged
12965,0,Unchanged
12966,0,Unchanged
12967,0,Unchanged
12968,0,Unchanged
12969,0,Unchanged
12970,0,Unchanged
12971,64.0945998973552,Upregulated
12972,22788429.9961687,Unchanged
12973,8653915.84407804,Unchanged
12974,55.2838793326649,Upregulated
12975,0,Unchanged
12976,64.0945795279096,Upregulated
12977,80492038.9169402,Unchanged
12978,64.0945904873885,Upregulated
12979,0,Unchanged
12980,0,Unchanged
12981,1.30786148987969,Unchanged
12982,4.61955658253606,Upregulated
12983,4.61854622753574,Upregulated
12984,1.18328676185753,Unchanged
12985,0,Unchanged
12986,0,Unchanged
12987,5.16359598163148,Upregulated
12988,1.35463753729473,Unchanged
12989,10.3646809796623,Upregulated
12990,40246025.3481059,Unchanged
12991,18.076259021413,Upregulated
12992,0,Unchanged
12993,1.44871650060813,Unchanged
12994,1.23137587546095,Unchanged
12995,4.34939845287121,Upregulated
12996,11.457300548972,Upregulated
12997,8.98259389459533,Upregulated
12998,37.7699487169991,Upregulated
12999,9.8947910306406,Upregulated
13000,37.7700073603773,Upregulated
13001,8.38353792947939,Upregulated
13002,10.6932045296565,Upregulated
13003,29.6119174027067,Upregulated
13004,5.11819552571427,Upregulated
13005,0.588245606660045,Unchanged
13006,0.901366519505387,Unchanged
13007,3.18375740233199,Upregulated
13008,2.88021755204686,Upregulated
13009,10.69320471752,Upregulated
13010,29.4859011138512,Upregulated
13011,10.6932052950702,Upregulated
13012,8.38353852956836,Upregulated
13013,0,Unchanged
13014,0,Unchanged
13015,0.901366654947605,Unchanged
13016,0.96727192137562,Unchanged
13017,0,Unchanged
13018,37.6092735553734,Upregulated
13019,8.38353705119296,Upregulated
13020,1.28083600411008,Unchanged
13021,4.59889796641108,Upregulated
13022,0,Unchanged
13023,0,Unchanged
13024,0,Unchanged
13025,3.41654439977694,Upregulated
13026,1.76410365224754,Unchanged
13027,3.41654344621279,Upregulated
13028,0.901366573215227,Unchanged
13029,0.901366573215227,Unchanged
13030,3.41654344621279,Upregulated
13031,37.7699497699431,Upregulated
13032,8.38353828479856,Upregulated
13033,0.967271842085652,Unchanged
13034,37.7699497699431,Upregulated
13035,8.38353657463441,Upregulated
13036,3.18375739972199,Upregulated
13037,10.6932052222406,Upregulated
13038,8.38353847246954,Upregulated
13039,37.7699497699431,Upregulated
13040,1.12974356449169,Unchanged
13041,0.837203202485643,Unchanged
13042,0,Unchanged
13043,0.172602116381822,Downregulated
13044,1.65777798642046,Unchanged
13045,0.706003369315922,Unchanged
13046,0,Unchanged
13047,0,Unchanged
13048,3.18375727225987,Upregulated
13049,0.963156836632915,Unchanged
13050,10.647713534757,Upregulated
13051,29.6118710659382,Upregulated
13052,3.18375727225987,Upregulated
13053,0.963156816910785,Unchanged
13054,0,Unchanged
13055,3.18375727225987,Upregulated
13056,3.4165441965583,Upregulated
13057,0.963156860237354,Unchanged
13058,0.897531974325606,Unchanged
13059,3.4165441965583,Upregulated
13060,3.18375727225987,Upregulated
13061,0.963156750911537,Unchanged
13062,0.897531872448725,Unchanged
13063,3.4165441965583,Upregulated
13064,0.121465792271035,Downregulated
13065,0.967271826384283,Unchanged
13066,18.6235049680858,Upregulated
13067,0,Unchanged
13068,0,Unchanged
13069,74647.272858254,Unchanged
13070,8.38354356297474,Upregulated
13071,10.6932050283171,Upregulated
13072,29.485906101118,Upregulated
13073,10.6932050283171,Upregulated
13074,8.38353832043229,Upregulated
13075,4.50485396766357,Upregulated
13076,0,Unchanged
13077,0,Unchanged
13078,0.967271846196984,Unchanged
13079,0,Unchanged
13080,0,Unchanged
13081,0,Unchanged
13082,0,Unchanged
13083,0,Unchanged
13084,0.0043385686132542,Unchanged
13085,0,Unchanged
13086,0,Unchanged
13087,4.83309758362646,Upregulated
13088,0,Unchanged
13089,0,Unchanged
13090,0,Unchanged
13091,0,Unchanged
13092,0,Unchanged
13093,0,Unchanged
13094,0,Unchanged
13095,0,Unchanged
13096,0,Unchanged
13097,0,Unchanged
13098,0.169612594088445,Downregulated
13099,0,Unchanged
13100,0.1703215360532,Downregulated
13101,3.21501949308375,Upregulated
13102,0,Unchanged
13103,0,Unchanged
13104,0,Unchanged
13105,0,Unchanged
13106,0,Unchanged
13107,0,Unchanged
13108,0.6211651406848,Unchanged
13109,1.40773279792549,Unchanged
13110,1.18328637604588,Unchanged
13111,1.40773275484558,Unchanged
13112,1.30757549882386,Unchanged
13113,0.0168520110742797,Downregulated
13114,2.60402584172562,Upregulated
13115,0.0168520070305446,Downregulated
13116,1.30757566117588,Unchanged
13117,2.60402592141489,Upregulated
13118,2.63200328202599,Upregulated
13119,1.3244277265266,Unchanged
13120,47.1566566497893,Upregulated
13121,47.1566566497893,Upregulated
13122,0,Unchanged
13123,11394215.9832978,Unchanged
13124,34182646.8650515,Unchanged
13125,45870563.1567053,Unchanged
13126,11541063.3548216,Unchanged
13127,22983933.6861615,Unchanged
13128,22788430.4352713,Unchanged
13129,34182649.3668296,Unchanged
13130,11491966.3453873,Unchanged
13131,11394215.1567517,Unchanged
13132,22788429.6050353,Unchanged
13133,0,Unchanged
13134,0.00754649867479819,Unchanged
13135,146848.419957819,Unchanged
13136,5427304.01200907,Unchanged
13137,4.67591651831757,Upregulated
13138,38.6668091256128,Upregulated
13139,1.66049016484973,Unchanged
13140,0,Unchanged
13141,41803387.5366058,Unchanged
13142,41803387.5366058,Unchanged
13143,5890407.88507537,Unchanged
13144,5890407.88507537,Unchanged
13145,0.584778395416006,Unchanged
13146,5.36109085953898,Upregulated
13147,180999.085756415,Unchanged
13148,2.66748552154909,Upregulated
13149,41803387.5366058,Unchanged
13150,0,Unchanged
13151,0,Unchanged
13152,2.17393919449242,Upregulated
13153,0,Unchanged
13154,0.0531342663105503,Downregulated
13155,0,Unchanged
13156,0,Unchanged
13157,0.0234343476487421,Downregulated
13158,0.0110569343581405,Downregulated
13159,207364.925496747,Unchanged
13160,0,Unchanged
13161,100789.609062762,Unchanged
13162,319725.93412065,Unchanged
13163,319725.939761575,Unchanged
13164,319725.892961225,Unchanged
13165,3.76392732650284,Upregulated
13166,0.0166269931484658,Downregulated
13167,0,Unchanged
13168,0,Unchanged
13169,0.0166269931484658,Downregulated
13170,0.0332034658234072,Downregulated
13171,0.336038411833327,Downregulated
13172,0,Unchanged
13173,0.239828412789232,Downregulated
13174,0,Unchanged
13175,2442562.32014315,Unchanged
13176,2442562.32014315,Unchanged
13177,2442562.32014315,Unchanged
13178,0.0122444705644822,Downregulated
13179,4885124.6402863,Unchanged
13180,4885124.6402863,Unchanged
13181,4885124.6402863,Unchanged
13182,1.55997007878435,Unchanged
13183,0.25027703052724,Downregulated
13184,0,Unchanged
13185,0.340486757583478,Downregulated
13186,4741419.26146314,Unchanged
13187,0.000187986209249799,Unchanged
13188,293.639238608306,Upregulated
13189,0.00162858714409315,Unchanged
13190,0,Unchanged
13191,0,Unchanged
13192,6.73106350357868,Upregulated
13193,0.18377281652875,Downregulated
13194,5.66489992967356,Upregulated
13195,5.67655179104416,Upregulated
13196,35058.433977528,Unchanged
13197,21028174.9150417,Unchanged
13198,0,Unchanged
13199,3.99375810125705,Upregulated
13200,0,Unchanged
13201,1440.34674045831,Upregulated
13202,691868776.422143,Unchanged
13203,691868776.422143,Unchanged
13204,35.9252114388243,Upregulated
13205,35.9252160795503,Upregulated
13206,35.9252121074034,Upregulated
13207,35.9252071520519,Upregulated
13208,691868776.422143,Unchanged
13209,41.1275135295151,Upregulated
13210,3240.96950385786,Upregulated
13211,95.7685684823774,Upregulated
13212,35.9252107800771,Upregulated
13213,22.407102439879,Upregulated
13214,21.6846442618684,Upregulated
13215,668476853.832577,Unchanged
13216,668476853.832577,Unchanged
13217,0.106127295536689,Downregulated
13218,80492031.3900812,Unchanged
13219,5.34001256668535,Upregulated
13220,2.01369733746693,Upregulated
13221,0,Unchanged
13222,0,Unchanged
13223,0,Unchanged
13224,0,Unchanged
13225,129.504285668012,Upregulated
13226,3967475.68342881,Unchanged
13227,0.0982245994645576,Downregulated
13228,0.0982246012944303,Downregulated
13229,0.36776972943306,Downregulated
13230,0.485475558026547,Downregulated
13231,0.485475633304684,Downregulated
13232,0.48547566578891,Downregulated
13233,4.18290759604535,Upregulated
13234,3.346238095495,Upregulated
13235,0.846312954796792,Unchanged
13236,1.49554410173753,Unchanged
13237,598532.941229813,Unchanged
13238,0.224676763044247,Downregulated
13239,0.852387376169636,Unchanged
13240,0.22467683651977,Downregulated
13241,0.22467683651977,Downregulated
13242,0.157388924143085,Downregulated
13243,9.83795738557017,Upregulated
13244,0.107622104092134,Downregulated
13245,0.959016191183622,Unchanged
13246,15.912379141567,Upregulated
13247,14.6951782095097,Upregulated
13248,14.6951778984565,Upregulated
13249,0.210909986163188,Downregulated
13250,0.210910010467701,Downregulated
13251,3.72711208096957,Upregulated
13252,0.224676832983046,Downregulated
13253,0.33091577266652,Downregulated
13254,0.165457960868542,Downregulated
13255,0.358196252531903,Downregulated
13256,6372969.87792232,Unchanged
13257,10726565.5205579,Unchanged
13258,2.47732132394242,Upregulated
13259,10411023.4731924,Unchanged
13260,5.51972449866166,Upregulated
13261,0.306201708616602,Downregulated
13262,6399609.5056166,Unchanged
13263,3.29314013645055,Upregulated
13264,1.64949738660939,Unchanged
13265,2.06921010660801,Upregulated
13266,1.1833949525574,Unchanged
13267,0.315195262013009,Downregulated
13268,0.224676834495128,Downregulated
13269,0.769509555778821,Unchanged
13270,0.477000885359967,Downregulated
13271,0.477000863754594,Downregulated
13272,9186362.35646569,Unchanged
13273,9186362.35646569,Unchanged
13274,80926451.6703554,Unchanged
13275,2043861.82109711,Unchanged
13276,4967030.81887379,Unchanged
13277,4967030.81887379,Unchanged
13278,2.7384413942866,Upregulated
13279,0.607048505660477,Unchanged
13280,1.81187290847363,Unchanged
13281,0,Unchanged
13282,2.14646463195144,Upregulated
13283,1.1751921907697,Unchanged
13284,1.22937254315075,Unchanged
13285,2251606.0393351,Unchanged
13286,0.191983368097432,Downregulated
13287,0.149322509829466,Downregulated
13288,0,Unchanged
13289,0,Unchanged
13290,0,Unchanged
13291,0,Unchanged
13292,0,Unchanged
13293,0,Unchanged
13294,0.250315537550372,Downregulated
13295,0,Unchanged
13296,0,Unchanged
13297,0,Unchanged
13298,0,Unchanged
13299,0,Unchanged
13300,0,Unchanged
13301,0,Unchanged
13302,21.0319224205948,Upregulated
13303,0,Unchanged
13304,4.47166204693502,Upregulated
13305,0,Unchanged
13306,0,Unchanged
13307,0,Unchanged
13308,444274.482940326,Unchanged
13309,1.81543279539781,Unchanged
13310,0,Unchanged
13311,1.14992598934869,Unchanged
13312,0,Unchanged
13313,0,Unchanged
13314,36.933099635044,Upregulated
13315,0,Unchanged
13316,0,Unchanged
13317,73.8662227650094,Upregulated
13318,0,Unchanged
13319,0,Unchanged
13320,0,Unchanged
13321,0,Unchanged
13322,1092946.37291095,Unchanged
13323,2.75681978771053,Upregulated
13324,0,Unchanged
13325,3199817.51064165,Unchanged
13326,0.332298954491996,Downregulated
13327,6399607.78342617,Unchanged
13328,6399607.78342617,Unchanged
13329,0.416852140284008,Downregulated
13330,4014008.11859405,Unchanged
13331,0,Unchanged
13332,0,Unchanged
13333,0,Unchanged
13334,0.224676846973031,Downregulated
13335,0,Unchanged
13336,0,Unchanged
13337,3.0052923937673,Upregulated
13338,98.0123511524917,Upregulated
13339,0,Unchanged
13340,10726565.5205579,Unchanged
13341,10726565.5205579,Unchanged
13342,0,Unchanged
13343,0,Unchanged
13344,0,Unchanged
13345,0,Unchanged
13346,0,Unchanged
13347,0,Unchanged
13348,0,Unchanged
13349,0.496002851346923,Downregulated
13350,0,Unchanged
13351,0.350345201920684,Downregulated
13352,0.344987649288559,Downregulated
13353,0,Unchanged
13354,1.69935481449493,Unchanged
13355,9213556.1048721,Unchanged
13356,4647029.54728618,Unchanged
13357,0.245110388224424,Downregulated
13358,6.10537558370644,Upregulated
13359,0,Unchanged
13360,0,Unchanged
13361,0,Unchanged
13362,0,Unchanged
13363,0,Unchanged
13364,0,Unchanged
13365,0,Unchanged
13366,0.195651410937221,Downregulated
13367,0,Unchanged
13368,0,Unchanged
13369,0.353983861682992,Downregulated
13370,4593181.17823284,Unchanged
13371,8499928.64189501,Unchanged
13372,86.2603976184785,Upregulated
13373,0,Unchanged
13374,9041711.2426263,Unchanged
13375,14590782.1169333,Unchanged
13376,0,Unchanged
13377,122.292180435112,Upregulated
13378,0,Unchanged
13379,0,Unchanged
13380,45576856.9665888,Unchanged
13381,0,Unchanged
13382,1.33713713282474,Unchanged
13383,0,Unchanged
13384,0.609541628932068,Unchanged
13385,2.01236910979008,Upregulated
13386,0,Unchanged
13387,17225175.3206265,Unchanged
13388,1.44981008617768,Unchanged
13389,22788428.6581052,Unchanged
13390,3.93975175089771,Upregulated
13391,22788428.6581052,Unchanged
13392,11394214.3290526,Unchanged
13393,21930878.7486019,Unchanged
13394,1.18078747704492,Unchanged
13395,1.3506272923165,Unchanged
13396,22788428.6581052,Unchanged
13397,22788428.6581052,Unchanged
13398,20978272.6707114,Unchanged
13399,11210129.6531104,Unchanged
13400,22788428.6581052,Unchanged
13401,20978272.6707172,Unchanged
13402,12558802.8423136,Unchanged
13403,0,Unchanged
13404,22788429.0146454,Unchanged
13405,15951968.3239064,Unchanged
13406,1.22812845320035,Unchanged
13407,18.8829177702145,Upregulated
13408,0,Unchanged
13409,17.5312870490281,Upregulated
13410,1.46818418047687,Unchanged
13411,1.19227977182684,Unchanged
13412,4.48919760956024,Upregulated
13413,1.35092307164221,Unchanged
13414,0,Unchanged
13415,1.07062092015598,Unchanged
13416,1.05041742895461,Unchanged
13417,5.79797361958893,Upregulated
13418,1.07062102009468,Unchanged
13419,0,Unchanged
13420,1.06606642104133,Unchanged
13421,0,Unchanged
13422,1.8142064507861,Unchanged
13423,1.8142064507861,Unchanged
13424,1.34887477581657,Unchanged
13425,20459893.7296279,Unchanged
13426,19175262.3067939,Unchanged
13427,0,Unchanged
13428,17121801.6872025,Unchanged
13429,19175262.3069064,Unchanged
13430,13729877.6317354,Unchanged
13431,0.690039659077137,Unchanged
13432,0,Unchanged
13433,6644594.95804939,Unchanged
13434,10425585.012529,Unchanged
13435,10693006.4685066,Unchanged
13436,21386012.9370132,Unchanged
13437,19843596.1617628,Unchanged
13438,39334.2321467025,Unchanged
13439,0,Unchanged
13440,16136760.9907156,Unchanged
13441,0,Unchanged
13442,0,Unchanged
13443,1.4162097211458,Unchanged
13444,0.738163407461945,Unchanged
13445,10693037.8761578,Unchanged
13446,0.925123640862648,Unchanged
13447,0.956259233763626,Unchanged
13448,19687255.2058323,Unchanged
13449,0.860430648177076,Unchanged
13450,0.860430648177076,Unchanged
13451,101.728489138598,Upregulated
13452,2505640.20619235,Unchanged
13453,3163509.69226167,Unchanged
13454,3.78497043112455,Upregulated
13455,27.0265746991388,Upregulated
13456,0.0822478262046767,Downregulated
13457,0.0822478262046767,Downregulated
13458,1175855.36725149,Unchanged
13459,17.5033541649532,Upregulated
13460,229.979395241515,Upregulated
13461,0,Unchanged
13462,1.26470280509219,Unchanged
13463,0.234923885250131,Downregulated
13464,0.0748922710987454,Downregulated
13465,0.224676794603347,Downregulated
13466,0.224676815632847,Downregulated
13467,1.55773260949119e-07,Unchanged
13468,0,Unchanged
13469,4.5959453482684e-07,Unchanged
13470,1.38037149163531e-07,Unchanged
13471,5.77507241766566e-07,Unchanged
13472,5.77507241983283e-07,Unchanged
13473,5.77506855920162e-07,Unchanged
13474,2.32192675907181e-07,Unchanged
13475,3.34043399114875,Upregulated
13476,0.321125396624231,Downregulated
13477,0.546207112777038,Unchanged
13478,2.07380002320452,Upregulated
13479,0.224676836888708,Downregulated
13480,0.301582435260651,Downregulated
13481,8.15874138663788,Upregulated
13482,0.1123629563935,Downregulated
13483,86.5433385614889,Upregulated
13484,5.26460161889017,Upregulated
13485,460.597582324784,Upregulated
13486,6.0269642892652,Upregulated
13487,101388794.367165,Unchanged
13488,0.986388250630095,Unchanged
13489,51.1704144494861,Upregulated
13490,24.3857533052749,Upregulated
13491,47942325.1534097,Unchanged
13492,1353.81352253359,Upregulated
13493,7.5245731792293,Upregulated
13494,2027.87565682518,Upregulated
13495,52.173129237148,Upregulated
13496,0.301582528723595,Downregulated
13497,57.7765448690679,Upregulated
13498,1.04093562475828,Unchanged
13499,3940472.92518612,Unchanged
13500,2142491.7006658,Unchanged
13501,481.521930536698,Upregulated
13502,0.222497308519942,Downregulated
13503,0.111248636235561,Downregulated
13504,1.73489621434103e-07,Unchanged
13505,1.11740059089469e-06,Unchanged
13506,1.15974525454981e-06,Unchanged
13507,0,Unchanged
13508,9.99263141459008e-06,Unchanged
13509,5.86389865887232,Upregulated
13510,21.5195489828223,Upregulated
13511,2.09358740361835e-07,Unchanged
13512,1.117400130338e-06,Unchanged
13513,0.224676814167175,Downregulated
13514,9.00795535943213,Upregulated
13515,0.0817412022537956,Downregulated
13516,4326958.11786187,Unchanged
13517,5955332.81581059,Unchanged
13518,5955332.81581059,Unchanged
13519,79.5197353667661,Upregulated
13520,0.136928381224881,Downregulated
13521,0.139239247542483,Downregulated
13522,0.894831800566959,Unchanged
13523,0.445348569963474,Downregulated
13524,1.13572784348339,Unchanged
13525,246.61485124584,Upregulated
13526,0.842861963546672,Unchanged
13527,1.2837958275091,Unchanged
13528,246.61485124584,Upregulated
13529,0,Unchanged
13530,18469295.8259568,Unchanged
13531,83.9038585314439,Upregulated
13532,2.02733834061015,Upregulated
13533,24.2899261707287,Upregulated
13534,24.2899261707287,Upregulated
13535,22.5116352499882,Upregulated
13536,22.5116352505131,Upregulated
13537,24.2846076514044,Upregulated
13538,24.2846076514044,Upregulated
13539,18469295.8259568,Unchanged
13540,18469295.8259568,Unchanged
13541,18469295.8259568,Unchanged
13542,18469295.8259568,Unchanged
13543,6.17292247541418,Upregulated
13544,6.17292247541418,Upregulated
13545,6.17292247541418,Upregulated
13546,6.17292247541418,Upregulated
13547,6.17292247541418,Upregulated
13548,38.4413696071628,Upregulated
13549,38.4413696071628,Upregulated
13550,38.4413696071628,Upregulated
13551,87.9250200596008,Upregulated
13552,12.2210012105115,Upregulated
13553,0.0230684686278838,Downregulated
13554,0.0230739474275622,Downregulated
13555,0.0537541668928445,Downregulated
13556,0.107622227230976,Downregulated
13557,0.33229892849148,Downregulated
13558,0.332298897743005,Downregulated
13559,0.416852083698098,Downregulated
13560,0.556975680334775,Unchanged
13561,0.567142446594556,Unchanged
13562,0.738510606002239,Unchanged
13563,0.252561648162516,Downregulated
13564,0.477000808272518,Downregulated
13565,0.482589093264004,Downregulated
13566,0.0144939175526648,Downregulated
13567,0.262995887755971,Downregulated
13568,0.0167524043463927,Downregulated
13569,0.262995934763932,Downregulated
13570,0.257912514647855,Downregulated
13571,0.482589296970834,Downregulated
13572,0.487672784547374,Downregulated
13573,0.351506630871483,Downregulated
13574,0.351506630871483,Downregulated
13575,0.615535869561341,Unchanged
13576,0.351583521504456,Downregulated
13577,0.351583521504456,Downregulated
13578,0.351583521504456,Downregulated
13579,0.0523394767224434,Downregulated
13580,0.0228768595967358,Downregulated
13581,0.0228768596860158,Downregulated
13582,0,Unchanged
13583,0.0228768558787612,Downregulated
13584,0.0523280247858159,Downregulated
13585,0.00691265473614283,Unchanged
13586,10564310.8833115,Unchanged
13587,1.18328653577725,Unchanged
13588,1.18328653577725,Unchanged
13589,1.18328653577725,Unchanged
13590,1.18328653577725,Unchanged
13591,1.18328653577725,Unchanged
13592,1.18328653577725,Unchanged
13593,1.18328653577725,Unchanged
13594,1.18328653577725,Unchanged
13595,1.18328653966336,Unchanged
13596,1.18328669154575,Unchanged
13597,1.18328669154575,Unchanged
13598,1.18328669154575,Unchanged
13599,1.18328669154575,Unchanged
13600,1.18328669154575,Unchanged
13601,1.18328669154575,Unchanged
13602,1.18354550788192,Unchanged
13603,1.18354550788192,Unchanged
13604,1.18354550788192,Unchanged
13605,1.18354552639928,Unchanged
13606,1.18328653577725,Unchanged
13607,1.18328654678791,Unchanged
13608,1.18328696299619,Unchanged
13609,43.7861723813326,Upregulated
13610,2.50144131666697,Upregulated
13611,3.68314894701857,Upregulated
13612,22788430.6103127,Unchanged
13613,41.947031946977,Upregulated
13614,0.650550226498938,Unchanged
13615,129.964162211779,Upregulated
13616,22788430.6103127,Unchanged
13617,22691485.2812538,Unchanged
13618,11345742.6406269,Unchanged
13619,11345742.6406269,Unchanged
13620,0.704628944208551,Unchanged
13621,129.411237866843,Upregulated
13622,22691485.2812538,Unchanged
13623,39.3896516263801,Upregulated
13624,11345742.6406269,Unchanged
13625,1.17825296330805,Unchanged
13626,22788431.5500938,Unchanged
13627,43.5999010632296,Upregulated
13628,1.17825285624954,Unchanged
13629,18.7422872178905,Upregulated
13630,18.8227566351554,Upregulated
13631,11394214.3290526,Unchanged
13632,11394214.3290526,Unchanged
13633,6.69881428834575,Upregulated
13634,21.9876748488625,Upregulated
13635,11394214.3290526,Unchanged
13636,11.7265782763454,Upregulated
13637,260.608410645494,Upregulated
13638,11394341.7718355,Unchanged
13639,0.902773333876117,Unchanged
13640,0.902773472351405,Unchanged
13641,16.1280429747001,Upregulated
13642,0.902773333876117,Unchanged
13643,0.902773472351405,Unchanged
13644,0.399780800467003,Downregulated
13645,0.399780800467003,Downregulated
13646,0.399780800467003,Downregulated
13647,0.399780800467003,Downregulated
13648,25.81898003725,Upregulated
13649,0.749805461972129,Unchanged
13650,0.468597310685955,Downregulated
13651,0.335480427891099,Downregulated
13652,0.164257467666937,Downregulated
13653,0.677318656919367,Unchanged
13654,1.1832868146114,Unchanged
13655,0.749805526205424,Unchanged
13656,0.164257481738318,Downregulated
13657,0.407100902623798,Downregulated
13658,0.716183434059678,Unchanged
13659,0.677318702097574,Unchanged
13660,0.163558706298718,Downregulated
13661,0.33405321617839,Downregulated
13662,1.34887477025404,Unchanged
13663,1.3546376233937,Unchanged
13664,1.3488745946414,Unchanged
13665,91351.6302199707,Unchanged
13666,1.17825293880068,Unchanged
13667,52214.3170548091,Unchanged
13668,0.746615743428752,Unchanged
13669,1.183286893203,Unchanged
13670,52214.3170548091,Unchanged
13671,22691485.2812538,Unchanged
13672,22691485.2812538,Unchanged
13673,3402698.18335256,Unchanged
13674,0.00460210659704546,Unchanged
13675,1537.55011736121,Upregulated
13676,0.0241533846683627,Downregulated
13677,0.0299399520475782,Downregulated
13678,0.0015829789198061,Unchanged
13679,0.284738927071657,Downregulated
13680,66.8556606233971,Upregulated
13681,3.35597126360984,Upregulated
13682,27.8121982894764,Upregulated
13683,1.87890544669391e-08,Unchanged
13684,3.82500392641541,Upregulated
13685,0.0720420063049178,Downregulated
13686,9.71758871740816,Upregulated
13687,0.033273096334697,Downregulated
13688,1.05812999670818e-06,Unchanged
13689,0,Unchanged
13690,4.43167873835406,Upregulated
13691,0,Unchanged
13692,48.14367432001,Upregulated
13693,2.78521029043415,Upregulated
13694,0,Unchanged
13695,5.65291626693461e-09,Unchanged
13696,3.34043399116189,Upregulated
13697,1.46550929929552e-07,Unchanged
13698,4.74526935883094,Upregulated
13699,2.74339395324432,Upregulated
13700,0.141047027920435,Downregulated
13701,5.60703598182499e-08,Unchanged
13702,1.21195756682288e-07,Unchanged
13703,73.6903742931404,Upregulated
13704,1.03849769232056e-07,Unchanged
13705,1.18888187241595e-07,Unchanged
13706,1.18888187241595e-07,Unchanged
13707,1.4840015504264,Unchanged
13708,9.42931362840405e-07,Unchanged
13709,4.78582324752731,Upregulated
13710,4.7858233195149,Upregulated
13711,4.17954193629156,Upregulated
13712,4.7654643037369,Upregulated
13713,4.78582352168991,Upregulated
13714,4.17954143682678,Upregulated
13715,0.595450019156359,Unchanged
13716,0,Unchanged
13717,0.0790640274035777,Downregulated
13718,0.0790640162175843,Downregulated
13719,0.0888135493071649,Downregulated
13720,0.0211060566610568,Downregulated
13721,0,Unchanged
13722,0.299067536823197,Downregulated
13723,0,Unchanged
13724,64.4500205621433,Upregulated
13725,56.3099172769213,Upregulated
13726,64.4500200719895,Upregulated
13727,64.4500200719895,Upregulated
13728,43.9007208393802,Upregulated
13729,0.463488859108255,Downregulated
13730,4.78477705388447,Upregulated
13731,0.0967972722383666,Downregulated
13732,0.284960654203831,Downregulated
13733,4.18045456830264,Upregulated
13734,4.78477631996854,Upregulated
13735,4.78477062793319,Upregulated
13736,0.306539570546827,Downregulated
13737,0.530490350790311,Unchanged
13738,0,Unchanged
13739,0,Unchanged
13740,265.43998257629,Upregulated
13741,17.7913940078352,Upregulated
13742,0,Unchanged
13743,0,Unchanged
13744,1.03849748143148e-07,Unchanged
13745,0.492521662056306,Downregulated
13746,3.25165007781364,Upregulated
13747,1.18888188978872e-07,Unchanged
13748,0.321156029972066,Downregulated
13749,1.03849748143148e-07,Unchanged
13750,1.03849748143148e-07,Unchanged
13751,10.2273867681549,Upregulated
13752,20.6572808715776,Upregulated
13753,0.285464757339611,Downregulated
13754,0,Unchanged
13755,1.354637348893,Unchanged
13756,1.1104664407542,Unchanged
13757,0.00791366964650053,Unchanged
13758,0,Unchanged
13759,1.48743370594683,Unchanged
13760,0.0382151864623353,Downregulated
13761,0.140099552812722,Downregulated
13762,0,Unchanged
13763,0.638358008350399,Unchanged
13764,1.18328699125318,Unchanged
13765,4.78477631562121,Upregulated
13766,1.25000068010894,Unchanged
13767,0.0332034716320232,Downregulated
13768,0.033203453419745,Downregulated
13769,1.25000081778543,Unchanged
13770,2.88550653164025,Upregulated
13771,0.0332034511746001,Downregulated
13772,5.01861755863557,Upregulated
13773,4.17953976921476,Upregulated
13774,4.78477564462431,Upregulated
13775,0,Unchanged
13776,1.0384976764044e-07,Unchanged
13777,4.17953988588855,Upregulated
13778,4.78477602158002,Upregulated
13779,4.82789909279448,Upregulated
13780,0,Unchanged
13781,1.1888817863337e-07,Unchanged
13782,4.16267003502891,Upregulated
13783,0,Unchanged
13784,1.18888172664811e-07,Unchanged
13785,4.16267003502891,Upregulated
13786,9.15019862367069,Upregulated
13787,0.16782174950254,Downregulated
13788,0.121495510023194,Downregulated
13789,0,Unchanged
13790,5.31826247033823,Upregulated
13791,4.78477597789044,Upregulated
13792,3.17537042349835e-06,Unchanged
13793,4.34026090853684e-05,Unchanged
13794,0,Unchanged
13795,3.17537011985353e-06,Unchanged
13796,3.1753701191745e-06,Unchanged
13797,0,Unchanged
13798,0,Unchanged
13799,0.120989809203121,Downregulated
13800,4.78477561208138,Upregulated
13801,4.17953965547347,Upregulated
13802,2.7737110334473e-06,Unchanged
13803,1.94093054079864e-06,Unchanged
13804,0,Unchanged
13805,2.77371107468137e-06,Unchanged
13806,6.86198164137639e-07,Unchanged
13807,0,Unchanged
13808,4.78477626147253,Upregulated
13809,65.4008017705135,Upregulated
13810,12.6249263024678,Upregulated
13811,0.126195882903793,Downregulated
13812,3.17537039369569e-06,Unchanged
13813,3.17537045594288e-06,Unchanged
13814,1.9409306094545e-06,Unchanged
13815,1.94093072639526e-06,Unchanged
13816,0.121495514976398,Downregulated
13817,0.106127334899121,Downregulated
13818,0.121495491184967,Downregulated
13819,3.17536995735789e-06,Unchanged
13820,2.77371162167313e-06,Unchanged
13821,4.17954056141111,Upregulated
13822,4.78477549408501,Upregulated
13823,4.78477549408501,Upregulated
13824,4.17954056141111,Upregulated
13825,4.17954056141111,Upregulated
13826,4.78477547220867,Upregulated
13827,4.78477547220867,Upregulated
13828,4.17954056141111,Upregulated
13829,0.399760610494479,Downregulated
13830,0.0088573994192909,Unchanged
13831,0,Unchanged
13832,0.258439196937893,Downregulated
13833,0.258439180665874,Downregulated
13834,0,Unchanged
13835,0.0496143693668335,Downregulated
13836,0.0566463135256866,Downregulated
13837,0,Unchanged
13838,0,Unchanged
13839,4.85496356410537e-08,Unchanged
13840,0.0496143839109092,Downregulated
13841,2.23086374853936,Upregulated
13842,0,Unchanged
13843,9.81282985321741e-08,Unchanged
13844,71.6983399596343,Upregulated
13845,0,Unchanged
13846,1.78150151601919e-06,Unchanged
13847,1.67878661478996e-06,Unchanged
13848,1.09818651616995e-06,Unchanged
13849,0,Unchanged
13850,2.77371158812488e-06,Unchanged
13851,1.88965059384374e-06,Unchanged
13852,0,Unchanged
13853,4.7847937288141,Upregulated
13854,4.7847937513965,Upregulated
13855,0.121495515115265,Downregulated
13856,4.7847937513965,Upregulated
13857,4.78479442771562,Upregulated
13858,4.78479448948433,Upregulated
13859,4.78479439339967,Upregulated
13860,1.18496971604273,Unchanged
13861,4.78479436394515,Upregulated
13862,4.78479363893134,Upregulated
13863,1.18496971604273,Unchanged
13864,1.59493150030766,Unchanged
13865,2.39239704456579,Upregulated
13866,1.18496986912592,Unchanged
13867,0,Unchanged
13868,2.94430454452765e-08,Unchanged
13869,4.78479439625933,Upregulated
13870,0.314961007576566,Downregulated
13871,0,Unchanged
13872,0.677318811280877,Unchanged
13873,0.677318695413368,Unchanged
13874,1.35463759268723,Unchanged
13875,0.677318698583488,Unchanged
13876,1.18888188403332e-07,Unchanged
13877,5.94440954042597e-08,Unchanged
13878,0,Unchanged
13879,1.35463756275538,Unchanged
13880,1.35463756275538,Unchanged
13881,18.1317166892607,Upregulated
13882,18.1317163054662,Upregulated
13883,0.287956953690102,Downregulated
13884,0.287956986873233,Downregulated
13885,9.75915061957938,Upregulated
13886,0,Unchanged
13887,0,Unchanged
13888,4.89526786744367,Upregulated
13889,4.89526786744367,Upregulated
13890,0.437723672263459,Downregulated
13891,0,Unchanged
13892,0,Unchanged
13893,1.68850273655838,Unchanged
13894,12.57512691099,Upregulated
13895,0,Unchanged
13896,0,Unchanged
13897,2953810.38328581,Unchanged
13898,0,Unchanged
13899,0,Unchanged
13900,0,Unchanged
13901,0,Unchanged
13902,0,Unchanged
13903,0,Unchanged
13904,0,Unchanged
13905,0,Unchanged
13906,0,Unchanged
13907,0,Unchanged
13908,96354.3282630272,Unchanged
13909,0,Unchanged
13910,0,Unchanged
13911,0,Unchanged
13912,0,Unchanged
13913,0,Unchanged
13914,0,Unchanged
13915,0,Unchanged
13916,0,Unchanged
13917,0.0122250141940865,Downregulated
13918,0.00752509859286834,Unchanged
13919,0.0195176774396212,Downregulated
13920,0.0176223176091964,Downregulated
13921,0,Unchanged
13922,0.017213357881022,Downregulated
13923,0.00287548476998816,Unchanged
13924,0.000359302281439061,Unchanged
13925,166831.759020413,Unchanged
13926,0.00657669086497053,Unchanged
13927,0.0174402237151622,Downregulated
13928,8.53297614073176e-09,Unchanged
13929,0.310880715161661,Downregulated
13930,0.0408617513916658,Downregulated
13931,0.0143697879629629,Downregulated
13932,0.667768568686952,Unchanged
13933,0,Unchanged
13934,2.82584818902154,Upregulated
13935,0,Unchanged
13936,0,Unchanged
13937,0.00100775580964933,Unchanged
13938,0,Unchanged
13939,0.0193748190106096,Downregulated
13940,8.66731651851335e-09,Unchanged
13941,1.62664374107181e-08,Unchanged
13942,0,Unchanged
13943,0,Unchanged
13944,0,Unchanged
13945,2.55618867177637,Upregulated
13946,19.3191830365704,Upregulated
13947,0.136130828758523,Downregulated
13948,0,Unchanged
13949,3.29239525657166,Upregulated
13950,0.359632544933733,Downregulated
13951,1.70363162094917,Unchanged
13952,3.2706636231537,Upregulated
13953,1.33495249289237,Unchanged
13954,0,Unchanged
13955,0,Unchanged
13956,0.126906250372598,Downregulated
13957,0,Unchanged
13958,0.0355567679739233,Downregulated
13959,0,Unchanged
13960,1.28997938783548,Unchanged
13961,4.14742569609133,Upregulated
13962,0.112899844300128,Downregulated
13963,4.11168769682426,Upregulated
13964,0,Unchanged
13965,15.1338235057166,Upregulated
13966,0,Unchanged
13967,0,Unchanged
13968,5.50208126469545e-07,Unchanged
13969,0,Unchanged
13970,102.98352682814,Upregulated
13971,101.051542125149,Upregulated
13972,0,Unchanged
13973,0,Unchanged
13974,0.0599395586670574,Downregulated
13975,37.3712874132552,Upregulated
13976,8.61554351690789,Upregulated
13977,0,Unchanged
13978,0,Unchanged
13979,0,Unchanged
13980,0,Unchanged
13981,0,Unchanged
13982,0,Unchanged
13983,0,Unchanged
13984,0,Unchanged
13985,0,Unchanged
13986,0.0690630527049178,Downregulated
13987,0,Unchanged
13988,41599498.4979926,Unchanged
13989,40667155.4989458,Unchanged
13990,0,Unchanged
13991,17485090.4547945,Unchanged
13992,0,Unchanged
13993,0,Unchanged
13994,0.02626266714035,Downregulated
13995,0,Unchanged
13996,0,Unchanged
13997,1.08539568197946,Unchanged
13998,4.29735066436483,Upregulated
13999,23.438977080925,Upregulated
14000,0,Unchanged
14001,0.145505336629143,Downregulated
14002,0,Unchanged
14003,6.63277366866811,Upregulated
14004,0,Unchanged
14005,0,Unchanged
14006,0,Unchanged
14007,0,Unchanged
14008,0.0109889903793044,Downregulated
14009,0,Unchanged
14010,0,Unchanged
14011,0,Unchanged
14012,0.0311682395265299,Downregulated
14013,0,Unchanged
14014,0,Unchanged
14015,0,Unchanged
14016,8.13950211638375e-07,Unchanged
14017,1.80027652912458,Unchanged
14018,0,Unchanged
14019,0,Unchanged
14020,0,Unchanged
14021,0,Unchanged
14022,0,Unchanged
14023,0,Unchanged
14024,0,Unchanged
14025,0,Unchanged
14026,0,Unchanged
14027,0,Unchanged
14028,0,Unchanged
14029,0,Unchanged
14030,0,Unchanged
14031,0,Unchanged
14032,2.70240778467618,Upregulated
14033,0,Unchanged
14034,0,Unchanged
14035,0,Unchanged
14036,0,Unchanged
14037,0,Unchanged
14038,0,Unchanged
14039,0,Unchanged
14040,0,Unchanged
14041,0,Unchanged
14042,0,Unchanged
14043,0,Unchanged
14044,998239784.828125,Unchanged
14045,-499119892.414062,Unchanged
14046,0,Unchanged
14047,0,Unchanged
14048,0,Unchanged
14049,0,Unchanged
14050,0,Unchanged
14051,0,Unchanged
14052,0,Unchanged
14053,37.1914951089622,Upregulated
14054,0,Unchanged
14055,0,Unchanged
14056,8.57144323470122e-08,Unchanged
14057,3.70806050487539,Upregulated
14058,1184.74747869244,Upregulated
14059,0.356292584845876,Downregulated
14060,132.503550829162,Upregulated
14061,41915302.1557785,Unchanged
14062,35027734.7406124,Unchanged
14063,677189.346607057,Unchanged
14064,3966205.41863188,Unchanged
14065,59.4386685488519,Upregulated
14066,3.98038029081942,Upregulated
14067,3.99738561967284,Upregulated
14068,19.2690578699891,Upregulated
14069,0,Unchanged
14070,19.9273986908814,Upregulated
14071,8.33763894457586,Upregulated
14072,0.579638998463639,Unchanged
14073,0,Unchanged
14074,0.014112696990345,Downregulated
14075,0.729354715328861,Unchanged
14076,0.596774486331022,Unchanged
14077,185.30181037925,Upregulated
14078,4.90231952513477,Upregulated
14079,88.4739841762955,Upregulated
14080,0.278604110392812,Downregulated
14081,3.4719765748725,Upregulated
14082,11.3966565408911,Upregulated
14083,0.686424998328613,Unchanged
14084,0.209667026586782,Downregulated
14085,0,Unchanged
14086,2.14842836102356,Upregulated
14087,3.57494051754934,Upregulated
14088,1.09067485097702,Unchanged
14089,0.411778700204897,Downregulated
14090,0.820469908601771,Unchanged
14091,0,Unchanged
14092,83.7414978934342,Upregulated
14093,0,Unchanged
14094,0,Unchanged
14095,0,Unchanged
14096,0.120407779725564,Downregulated
14097,3.72623774239841,Upregulated
14098,0.183746768723312,Downregulated
14099,0,Unchanged
14100,0,Unchanged
14101,0,Unchanged
14102,0.0629139570547971,Downregulated
14103,0.0776098224616528,Downregulated
14104,0.0629127667335523,Downregulated
14105,0.0503673096233207,Downregulated
14106,0,Unchanged
14107,0,Unchanged
14108,0.536371723136508,Unchanged
14109,0.202015244246925,Downregulated
14110,0.0179238524601327,Downregulated
14111,1290707.22990617,Unchanged
14112,18.6598743386759,Upregulated
14113,31.1089868879706,Upregulated
14114,9.41735330900707,Upregulated
14115,0,Unchanged
14116,0.340314241598069,Downregulated
14117,0,Unchanged
14118,21.9000561016143,Upregulated
14119,0,Unchanged
14120,8942544.00299883,Unchanged
14121,83909065.7966599,Unchanged
14122,83909051.8390162,Unchanged
14123,17793.9169338673,Upregulated
14124,0.004644531673626,Unchanged
14125,95916975.5820088,Unchanged
14126,0.00645653290877622,Unchanged
14127,0,Unchanged
14128,0,Unchanged
14129,0,Unchanged
14130,0,Unchanged
14131,8.21372043105941,Upregulated
14132,0,Unchanged
14133,0,Unchanged
14134,4.52421555267139,Upregulated
14135,2.5136951989868,Upregulated
14136,0,Unchanged
14137,0,Unchanged
14138,0,Unchanged
14139,7.68165866444144,Upregulated
14140,5.30335211874122,Upregulated
14141,0.212725869650184,Downregulated
14142,5.15193992767429e-07,Unchanged
14143,0,Unchanged
14144,5.15193992767429e-07,Unchanged
14145,0,Unchanged
14146,60.3149570937952,Upregulated
14147,60.3149570937952,Upregulated
14148,0.376331662394936,Downregulated
14149,5.63627933532459,Upregulated
14150,0,Unchanged
14151,1.52027746953186,Unchanged
14152,1.64220250084668e-07,Unchanged
14153,40457579.536045,Unchanged
14154,40457573.7674299,Unchanged
14155,2.09999667025827,Upregulated
14156,1.18888170397513e-07,Unchanged
14157,1.18888186149135e-07,Unchanged
14158,1.18888186149135e-07,Unchanged
14159,0,Unchanged
14160,4.80992698936117,Upregulated
14161,0,Unchanged
14162,0.273075096205207,Downregulated
14163,0.273075096205207,Downregulated
14164,9.37009519123998,Upregulated
14165,7.50685508515969,Upregulated
14166,63.1856799363537,Upregulated
14167,63.1856799363537,Upregulated
14168,0,Unchanged
14169,1.18888186149135e-07,Unchanged
14170,6.06260881872168,Upregulated
14171,0,Unchanged
14172,3.29797013024389,Upregulated
14173,1.49480056829721,Unchanged
14174,14.2904400161503,Upregulated
14175,14.2904365417551,Upregulated
14176,14.9384706947172,Upregulated
14177,0,Unchanged
14178,0,Unchanged
14179,0.851339990917661,Unchanged
14180,0.135706507300706,Downregulated
14181,1.46537461065023,Unchanged
14182,0,Unchanged
14183,5.92335018387279,Upregulated
14184,5.95361364139024,Upregulated
14185,9.18136417640535,Upregulated
14186,9.18136417640535,Upregulated
14187,0,Unchanged
14188,0,Unchanged
14189,1.6266469788879,Unchanged
14190,0.43843987516394,Downregulated
14191,1.29913022042931,Unchanged
14192,0,Unchanged
14193,0,Unchanged
14194,0,Unchanged
14195,0,Unchanged
14196,14.9384715759096,Upregulated
14197,1.29913035761092,Unchanged
14198,0.305850026837204,Downregulated
14199,0.305850026300494,Downregulated
14200,1.29360358698826,Unchanged
14201,0.144914304982987,Downregulated
14202,0.780714346808704,Unchanged
14203,4.18232961168594,Upregulated
14204,6.84380144697217,Upregulated
14205,15.9582593326398,Upregulated
14206,0,Unchanged
14207,7.78129605532013,Upregulated
14208,6.78192578007442,Upregulated
14209,0,Unchanged
14210,7.78129605532013,Upregulated
14211,0,Unchanged
14212,2.30806076879139,Upregulated
14213,0.377712528033734,Downregulated
14214,4.8012638435126,Upregulated
14215,7.05453625632247,Upregulated
14216,3.89064790642411,Upregulated
14217,0,Unchanged
14218,1.06108624611526,Unchanged
14219,3.06067290364361,Upregulated
14220,0,Unchanged
14221,0,Unchanged
14222,0.0908705956297245,Downregulated
14223,0,Unchanged
14224,0,Unchanged
14225,0,Unchanged
14226,0,Unchanged
14227,42.5079783879393,Upregulated
14228,8.04002271965679,Upregulated
14229,9.89087415184783e-06,Unchanged
14230,0,Unchanged
14231,611.299862642416,Upregulated
14232,8.02054953711927,Upregulated
14233,8.02054925887967,Upregulated
14234,0,Unchanged
14235,0,Unchanged
14236,30.8973434201217,Upregulated
14237,61.2260496202685,Upregulated
14238,159.162514502134,Upregulated
14239,556.068229476887,Upregulated
14240,21904.9026446811,Unchanged
14241,21909.6821701149,Unchanged
14242,20218.9293046568,Unchanged
14243,20218.9293046568,Unchanged
14244,3678.05353499398,Upregulated
14245,44.4630931446583,Upregulated
14246,229.149249717656,Upregulated
14247,0,Unchanged
14248,1140.79734598145,Upregulated
14249,0.079952267723307,Downregulated
14250,3.84087339209761,Upregulated
14251,3.84087348031225,Upregulated
14252,3.84087339209761,Upregulated
14253,3.840873438266,Upregulated
14254,1.43221816900407e-07,Unchanged
14255,1.43221816900407e-07,Unchanged
14256,1.43221816900407e-07,Unchanged
14257,1.18465099236376e-07,Unchanged
14258,0.365583903999439,Downregulated
14259,1.18465099236376e-07,Unchanged
14260,0,Unchanged
14261,1.17041720723503e-07,Unchanged
14262,0,Unchanged
14263,1.17041720723503e-07,Unchanged
14264,1.17041720723503e-07,Unchanged
14265,1.17041720723503e-07,Unchanged
14266,1.17041720723503e-07,Unchanged
14267,0.119820551266192,Downregulated
14268,0.129758348405024,Downregulated
14269,1.92672542804821,Unchanged
14270,1.9349569700582,Unchanged
14271,0.081625066984265,Downregulated
14272,0.082006652349301,Downregulated
14273,9.30917419938249,Upregulated
14274,1.1704168447333e-07,Unchanged
14275,1.1704168447333e-07,Unchanged
14276,2.00517294735046,Upregulated
14277,8.50300801839294,Upregulated
14278,1.1704168447333e-07,Unchanged
14279,1.56316497411912,Unchanged
14280,0.0472050686426558,Downregulated
14281,0,Unchanged
14282,1.24097095636986,Unchanged
14283,0,Unchanged
14284,0,Unchanged
14285,0,Unchanged
14286,0,Unchanged
14287,0,Unchanged
14288,0,Unchanged
14289,0,Unchanged
14290,0,Unchanged
14291,5.5053582620615,Upregulated
14292,0,Unchanged
14293,0,Unchanged
14294,83.7515015605231,Upregulated
14295,0,Unchanged
14296,3.02858865653377e-06,Unchanged
14297,3.02858865653377e-06,Unchanged
14298,3.0285898564717e-06,Unchanged
14299,1.04995565684023,Unchanged
14300,32.3169834176945,Upregulated
14301,3.0285898564717e-06,Unchanged
14302,1.43221843828201e-07,Unchanged
14303,1.43221843828201e-07,Unchanged
14304,0.049652343908229,Downregulated
14305,0,Unchanged
14306,0.836428290123887,Unchanged
14307,0.417199919884974,Downregulated
14308,0,Unchanged
14309,5.18478660424102,Upregulated
14310,1.1975559250643e-05,Unchanged
14311,1.06780733818739e-06,Unchanged
14312,0,Unchanged
14313,0,Unchanged
14314,6.48696772449543,Upregulated
14315,5.41391810651417,Upregulated
14316,7.10634483933468,Upregulated
14317,8.48444496184197,Upregulated
14318,0.884475020516585,Unchanged
14319,2.96995644029609,Upregulated
14320,1.15606629650014,Unchanged
14321,0,Unchanged
14322,8.13679475684133,Upregulated
14323,0,Unchanged
14324,0,Unchanged
14325,3.83310944810279,Upregulated
14326,0,Unchanged
14327,1.27498793438725e-07,Unchanged
14328,5.16266920579748e-08,Unchanged
14329,8.71207660561707,Upregulated
14330,0,Unchanged
14331,0,Unchanged
14332,0,Unchanged
14333,0,Unchanged
14334,0,Unchanged
14335,0,Unchanged
14336,0,Unchanged
14337,0,Unchanged
14338,0,Unchanged
14339,0,Unchanged
14340,0,Unchanged
14341,0,Unchanged
14342,0,Unchanged
14343,0,Unchanged
14344,0,Unchanged
14345,0,Unchanged
14346,0,Unchanged
14347,0,Unchanged
14348,4.47840605526092,Upregulated
14349,4.60674394799688,Upregulated
14350,0,Unchanged
14351,11.0908828330231,Upregulated
14352,14.1132517578242,Upregulated
14353,15.4713908968795,Upregulated
14354,99.8949537783921,Upregulated
14355,21.7253285425066,Upregulated
14356,13.1346792534467,Upregulated
14357,22.4190563819954,Upregulated
14358,0,Unchanged
14359,26.2103461464786,Upregulated
14360,1.51819538283296,Unchanged
14361,10.7701672408067,Upregulated
14362,5.61062494963081,Upregulated
14363,6.87533815977304e-08,Unchanged
14364,0,Unchanged
14365,1.32372634440363,Unchanged
14366,0.938603639833219,Unchanged
14367,7.18698367937237e-06,Unchanged
14368,7.18688779253736e-06,Unchanged
14369,5.73845150402109,Upregulated
14370,0,Unchanged
14371,16.5073602653749,Upregulated
14372,9.86909923938129e-07,Unchanged
14373,0.301641552476599,Downregulated
14374,1.25500782100023e-06,Unchanged
14375,4.95239204309319e-05,Unchanged
14376,31.7158930215233,Upregulated
14377,2.56974934019542,Upregulated
14378,0.275951744762134,Downregulated
14379,0,Unchanged
14380,0,Unchanged
14381,0,Unchanged
14382,0,Unchanged
14383,6.06260964225283,Upregulated
14384,47.1959066395102,Upregulated
14385,65.4736113665067,Upregulated
14386,4.76347915644839,Upregulated
14387,1.18888186149135e-07,Unchanged
14388,1.20888839436101e-07,Unchanged
14389,1.18888186149135e-07,Unchanged
14390,3.84090884172264,Upregulated
14391,3.82456893167579,Upregulated
14392,0,Unchanged
14393,6.08985117398772,Upregulated
14394,3.27295954988074,Upregulated
14395,4.90657369226949,Upregulated
14396,1.29913037776974,Unchanged
14397,4.90657369226949,Upregulated
14398,0,Unchanged
14399,0,Unchanged
14400,0,Unchanged
14401,99239639.8642794,Unchanged
14402,0,Unchanged
14403,0,Unchanged
14404,62.9168668664784,Upregulated
14405,62.9168668664784,Upregulated
14406,62.9168668664784,Upregulated
14407,62.9168668664784,Upregulated
14408,72.1915170821899,Upregulated
14409,78.2283385018872,Upregulated
14410,78.2283359725139,Upregulated
14411,18.7377588548537,Upregulated
14412,63.1856694579766,Upregulated
14413,0.649565066084547,Unchanged
14414,0,Unchanged
14415,1.18888166433351e-07,Unchanged
14416,0,Unchanged
14417,1.18888166433351e-07,Unchanged
14418,0,Unchanged
14419,48.1224827848743,Upregulated
14420,54.1851066095432,Upregulated
14421,48.1225147449182,Upregulated
14422,60.2477319938104,Upregulated
14423,66.3103259063435,Upregulated
14424,0.462448711989978,Downregulated
14425,0,Unchanged
14426,0,Unchanged
14427,1.18888186193544e-07,Unchanged
14428,0,Unchanged
14429,0,Unchanged
14430,48.1224907832277,Upregulated
14431,48.1224907832277,Upregulated
14432,54.1851156155547,Upregulated
14433,54.1851156155547,Upregulated
14434,48.1225132723692,Upregulated
14435,48.1225132723692,Upregulated
14436,60.2477420074802,Upregulated
14437,60.2477420074802,Upregulated
14438,66.3103369276664,Upregulated
14439,66.3103369276664,Upregulated
14440,4.92753606065682,Upregulated
14441,1.18888186193544e-07,Unchanged
14442,1.18888186193544e-07,Unchanged
14443,1.18888186193544e-07,Unchanged
14444,0,Unchanged
14445,0.27307509630721,Downregulated
14446,1.18888187632393e-07,Unchanged
14447,1.18888186193544e-07,Unchanged
14448,2297981.71675379,Unchanged
14449,1.18888166412034e-07,Unchanged
14450,1.598196310412e-06,Unchanged
14451,1.18888166412034e-07,Unchanged
14452,1.59819626543516e-06,Unchanged
14453,4.76347786659003,Upregulated
14454,1.59819626543516e-06,Unchanged
14455,0,Unchanged
14456,0,Unchanged
14457,0,Unchanged
14458,0,Unchanged
14459,0,Unchanged
14460,0,Unchanged
14461,0,Unchanged
14462,0,Unchanged
14463,0,Unchanged
14464,0,Unchanged
14465,0.779133054154413,Unchanged
14466,0,Unchanged
14467,0,Unchanged
14468,0,Unchanged
14469,0,Unchanged
14470,0,Unchanged
14471,0,Unchanged
14472,0,Unchanged
14473,0,Unchanged
14474,0,Unchanged
14475,0,Unchanged
14476,0,Unchanged
14477,0,Unchanged
14478,0,Unchanged
14479,0,Unchanged
14480,6.2308166404481,Upregulated
14481,0.0301858715474435,Downregulated
14482,0,Unchanged
14483,0.13201284745548,Downregulated
14484,0,Unchanged
14485,0,Unchanged
14486,0,Unchanged
14487,0,Unchanged
14488,0,Unchanged
14489,0,Unchanged
14490,648714.456549905,Unchanged
14491,5.24103006747035,Upregulated
14492,0,Unchanged
14493,3.22334401388698,Upregulated
14494,1.71060569230333e-07,Unchanged
14495,6.41322537916375e-07,Unchanged
14496,5.72919542171942e-07,Unchanged
14497,0,Unchanged
14498,531471477.38542,Unchanged
14499,275.218043313723,Upregulated
14500,3221809.74201124,Unchanged
14501,2.26664887290414,Upregulated
14502,3.21881943729245,Upregulated
14503,38.8077059720438,Upregulated
14504,52722299.1899259,Unchanged
14505,77346085.9356272,Unchanged
14506,1.39388406006681,Unchanged
14507,25097375.5524742,Unchanged
14508,64870033.9700059,Unchanged
14509,17132126.5271723,Unchanged
14510,2.83472703644468,Upregulated
14511,40066877.1886767,Unchanged
14512,40066877.1886767,Unchanged
14513,8215500472.55011,Unchanged
14514,0.113047114873292,Downregulated
14515,17.4502446566948,Upregulated
14516,17.524794689517,Upregulated
14517,57.1917162283857,Upregulated
14518,7664074.66411208,Unchanged
14519,236253332.729172,Unchanged
14520,191.289070974889,Upregulated
14521,18.3540149628428,Upregulated
14522,0,Unchanged
14523,6.17561558443825,Upregulated
14524,104.179509235045,Upregulated
14525,6.08995283656614,Upregulated
14526,0,Unchanged
14527,0,Unchanged
14528,0,Unchanged
14529,0,Unchanged
14530,0,Unchanged
14531,0.0522418934815252,Downregulated
14532,0,Unchanged
14533,31.4415436505595,Upregulated
14534,5.48439981501278,Upregulated
14535,447.327496946516,Upregulated
14536,25.6721061256795,Upregulated
14537,9.00690092428511,Upregulated
14538,9.92114222809131,Upregulated
14539,7.71050073287524,Upregulated
14540,24.1490957773972,Upregulated
14541,4.45195947915561,Upregulated
14542,0,Unchanged
14543,1.65068586404409e-06,Unchanged
14544,12.2164915015634,Upregulated
14545,135394693.66863,Unchanged
14546,94.2046473534754,Upregulated
14547,1.18524014777339,Unchanged
14548,0.374286413679342,Downregulated
14549,0,Unchanged
14550,12150381.0952111,Unchanged
14551,24748887.1453618,Unchanged
14552,11.7661502342241,Upregulated
14553,0,Unchanged
14554,21.2356770248462,Upregulated
14555,80.3008509126164,Upregulated
14556,0,Unchanged
14557,0,Unchanged
14558,99239639.8642794,Unchanged
14559,39896431.0407642,Unchanged
14560,39896431.0407642,Unchanged
14561,531471477.38542,Unchanged
14562,531471477.38542,Unchanged
14563,0,Unchanged
14564,9862629.8585938,Unchanged
14565,0,Unchanged
14566,0,Unchanged
14567,0,Unchanged
14568,0,Unchanged
14569,0,Unchanged
14570,5.52728555870851e-07,Unchanged
14571,0.80965777211806,Unchanged
14572,0,Unchanged
14573,37.8341598184181,Upregulated
14574,1.14529440706914,Unchanged
14575,6.93853424544612,Upregulated
14576,136736449.413704,Unchanged
14577,0.898943910725073,Unchanged
14578,0,Unchanged
14579,0,Unchanged
14580,12.3407732584541,Upregulated
14581,343.723922814192,Upregulated
14582,5.42094275507213,Upregulated
14583,4.60967715484759,Upregulated
14584,0,Unchanged
14585,0,Unchanged
14586,4.16093599007751,Upregulated
14587,0.0642764683196216,Downregulated
14588,0.00479739096918462,Unchanged
14589,0,Unchanged
14590,0,Unchanged
14591,1.27240901974801e-07,Unchanged
14592,0,Unchanged
14593,0,Unchanged
14594,5.295739409954,Upregulated
14595,5.29573858759593,Upregulated
14596,13682161.9561838,Unchanged
14597,10927333.5666492,Unchanged
14598,1.13480090493413,Unchanged
14599,9463744.25701153,Unchanged
14600,10927328.6491218,Unchanged
14601,11239571.1980623,Unchanged
14602,10880844.0116225,Unchanged
14603,9463741.24097208,Unchanged
14604,10880843.5977368,Unchanged
14605,1.13480089189389,Unchanged
14606,10880845.5285623,Unchanged
14607,10927328.5914283,Unchanged
14608,1.13480091621218,Unchanged
14609,10880845.7842966,Unchanged
14610,10880842.8574535,Unchanged
14611,3.4890029519052,Upregulated
14612,3.48900302117769,Upregulated
14613,3.48900302117769,Upregulated
14614,1.12997319118157,Unchanged
14615,8.03776128161073,Upregulated
14616,66.2033830216858,Upregulated
14617,66.2033634218039,Upregulated
14618,14.017574826532,Upregulated
14619,21.9673840881271,Upregulated
14620,14.0175763873819,Upregulated
14621,4.7218848661351,Upregulated
14622,34.8002992777313,Upregulated
14623,0.500000051936253,Unchanged
14624,1.59320995501324,Unchanged
14625,1.08055852839901,Unchanged
14626,1703965.72513582,Unchanged
14627,10403979.4244629,Unchanged
14628,4.11020089531327,Upregulated
14629,0,Unchanged
14630,0,Unchanged
14631,0,Unchanged
14632,0,Unchanged
14633,0,Unchanged
14634,0,Unchanged
14635,0.151993405344571,Downregulated
14636,0,Unchanged
14637,2.16391839131408,Upregulated
14638,131.94079510891,Upregulated
14639,15.785909720136,Upregulated
14640,62.0959457238215,Upregulated
14641,0.428882414882622,Downregulated
14642,11.1766026614105,Upregulated
14643,0,Unchanged
14644,38.5429946577904,Upregulated
14645,38.5429972645003,Upregulated
14646,47.3577549577663,Upregulated
14647,47.3577592349846,Upregulated
14648,10.3454038764734,Upregulated
14649,12.4294637937241,Upregulated
14650,12.4294637937241,Upregulated
14651,8.72512265330355,Upregulated
14652,0.0579723293574145,Downregulated
14653,0.238533294132716,Downregulated
14654,0,Unchanged
14655,68.3330923538639,Upregulated
14656,68.3330923538639,Upregulated
14657,210.991137535702,Upregulated
14658,210.991141650025,Upregulated
14659,194.709121921887,Upregulated
14660,194.709096626714,Upregulated
14661,194.709097213739,Upregulated
14662,194.709097213739,Upregulated
14663,12.0817651375022,Upregulated
14664,26.2154015898752,Upregulated
14665,23.807584113546,Upregulated
14666,194.709092822913,Upregulated
14667,195.540962350835,Upregulated
14668,63.3431444582525,Upregulated
14669,63.3431444582525,Upregulated
14670,68.3330802540152,Upregulated
14671,10.8903772982966,Upregulated
14672,0,Unchanged
14673,41.3163217022097,Upregulated
14674,54.2320780869427,Upregulated
14675,159.475447152956,Upregulated
14676,159.475405699803,Upregulated
14677,159.475448814106,Upregulated
14678,52.6268781545085,Upregulated
14679,57.9226026668922,Upregulated
14680,195.540947094641,Upregulated
14681,1.3946014678061e-07,Unchanged
14682,0,Unchanged
14683,14.5123380878507,Upregulated
14684,42.0353936917993,Upregulated
14685,0.0317408965304647,Downregulated
14686,19.5588680442905,Upregulated
14687,13.0488752900923,Upregulated
14688,0,Unchanged
14689,0.260476387031259,Downregulated
14690,1.57204161016902e-07,Unchanged
14691,2.55757850624871,Upregulated
14692,12.4294636236387,Upregulated
14693,12.4294636236387,Upregulated
14694,12.4294636236387,Upregulated
14695,12.4828142706487,Upregulated
14696,14.2904347979435,Upregulated
14697,14.2904382723382,Upregulated
14698,12.4828110837109,Upregulated
14699,12.482814118623,Upregulated
14700,12.4828110837109,Upregulated
14701,0.23260107529195,Downregulated
14702,8.25992676865581,Upregulated
14703,0,Unchanged
14704,0,Unchanged
14705,0,Unchanged
14706,0,Unchanged
14707,0.0363372712014067,Downregulated
14708,0.23260107529195,Downregulated
14709,120.860113858868,Upregulated
14710,42.0353821484093,Upregulated
14711,42.0354017928549,Upregulated
14712,52.6268739582959,Upregulated
14713,57.9226118136787,Upregulated
14714,3.14089546936793,Upregulated
14715,3.14089546936793,Upregulated
14716,455765348.521206,Unchanged
14717,0,Unchanged
14718,0,Unchanged
14719,404771195.634426,Unchanged
14720,506759703.688302,Unchanged
14721,66.3103368325525,Upregulated
14722,138.361765960795,Upregulated
14723,120.860108500376,Upregulated
14724,120.860108500376,Upregulated
14725,120.860108500376,Upregulated
14726,42.0353975112232,Upregulated
14727,120.860108500376,Upregulated
14728,120.860108500376,Upregulated
14729,120.860108500376,Upregulated
14730,120.860108500376,Upregulated
14731,120.860108500376,Upregulated
14732,120.860108500376,Upregulated
14733,138.361765960795,Upregulated
14734,138.361765960795,Upregulated
14735,120.860108500376,Upregulated
14736,205.73595638122,Upregulated
14737,205.73595638122,Upregulated
14738,0,Unchanged
14739,0,Unchanged
14740,4.19267600662829,Upregulated
14741,0,Unchanged
14742,0.0088874429322232,Unchanged
14743,0.232600990626162,Downregulated
14744,1.03849783727128e-07,Unchanged
14745,1.76779879211608e-07,Unchanged
14746,1.76779879211608e-07,Unchanged
14747,1.76779879211608e-07,Unchanged
14748,1.03849783727128e-07,Unchanged
14749,0,Unchanged
14750,0.0101744286288487,Downregulated
14751,0,Unchanged
14752,8.29521644624776,Upregulated
14753,0,Unchanged
14754,0,Unchanged
14755,0,Unchanged
14756,3.52637316844334,Upregulated
14757,0,Unchanged
14758,0,Unchanged
14759,44785604.1290394,Unchanged
14760,68192873.7289768,Unchanged
14761,25146320.5268836,Unchanged
14762,497735.070861639,Unchanged
14763,13137675.3831627,Unchanged
14764,13106990.5656234,Unchanged
14765,0,Unchanged
14766,0,Unchanged
14767,34264253.0543446,Unchanged
14768,602271.484107177,Unchanged
14769,31.514061677035,Upregulated
14770,148493318.159673,Unchanged
14771,146299578.367147,Unchanged
14772,47534465.4307364,Unchanged
14773,1559.2191607852,Upregulated
14774,275297314.472697,Unchanged
14775,28.2737085007931,Upregulated
14776,190.379691895453,Upregulated
14777,4.21736956635342e-05,Unchanged
14778,16.3504061067351,Upregulated
14779,125.137763301268,Upregulated
14780,0,Unchanged
14781,0,Unchanged
14782,0,Unchanged
14783,1622383.29494489,Unchanged
14784,0,Unchanged
14785,33.7197097010515,Upregulated
14786,0,Unchanged
14787,58.4274530944413,Upregulated
14788,0,Unchanged
14789,0,Unchanged
14790,0,Unchanged
14791,0,Unchanged
14792,0,Unchanged
14793,1.07028214430663,Unchanged
14794,0,Unchanged
14795,5.1829522519573e-08,Unchanged
14796,0,Unchanged
14797,2173781.64843027,Unchanged
14798,125483950.038928,Unchanged
14799,112045645.320484,Unchanged
14800,0,Unchanged
14801,148493332.646193,Unchanged
14802,0,Unchanged
14803,123.044335168902,Upregulated
14804,119.8274620302,Upregulated
14805,172722221.080824,Unchanged
14806,148493332.322513,Unchanged
14807,4.59573529990774,Upregulated
14808,72884330.9508234,Unchanged
14809,0,Unchanged
14810,0,Unchanged
14811,10.8857449058255,Upregulated
14812,10.8857443843595,Upregulated
14813,3.5013539585189,Upregulated
14814,278.96279812387,Upregulated
14815,0,Unchanged
14816,0.193404235094449,Downregulated
14817,0,Unchanged
14818,5.0226078925358,Upregulated
14819,0.644560306653828,Unchanged
14820,0.2702831023758,Downregulated
14821,0,Unchanged
14822,3238909.87225288,Unchanged
14823,8.60677785112784e-08,Unchanged
14824,3473988.6784631,Unchanged
14825,0,Unchanged
14826,0,Unchanged
14827,433971.836959674,Unchanged
14828,0.141099281869778,Downregulated
14829,0,Unchanged
14830,0.133333941073345,Downregulated
14831,0.0371894273947147,Downregulated
14832,2.33613360303656,Upregulated
14833,10.2252736004942,Upregulated
14834,0,Unchanged
14835,0,Unchanged
14836,0,Unchanged
14837,0.572538426971565,Unchanged
14838,0.0272405264004395,Downregulated
14839,0.0264609016871001,Downregulated
14840,4348491.44103735,Unchanged
14841,9.10771870237242,Upregulated
14842,30.4075045895739,Upregulated
14843,61.6683986955258,Upregulated
14844,137.869401299073,Upregulated
14845,2327594870.2592,Unchanged
14846,5086.54408972173,Upregulated
14847,391248121.15057,Unchanged
14848,61.6683986293715,Upregulated
14849,2,Upregulated
14850,11.2920608835931,Upregulated
14851,20.8306941583446,Upregulated
14852,0,Unchanged
14853,0.529938236316143,Unchanged
14854,8.61546962789119,Upregulated
14855,288735.746930092,Unchanged
14856,4.64866405841443,Upregulated
14857,0.365143057390621,Downregulated
14858,400.776730422773,Upregulated
14859,1068.65358025511,Upregulated
14860,137.86938345578,Upregulated
14861,3.93300312173553,Upregulated
14862,0,Unchanged
14863,8958.38108182549,Upregulated
14864,68.0724351499748,Upregulated
14865,1756280705.40656,Unchanged
14866,911530744.272941,Unchanged
14867,775864773.364867,Unchanged
14868,0,Unchanged
14869,0,Unchanged
14870,0,Unchanged
14871,122.839026079715,Upregulated
14872,63348.3652280455,Unchanged
14873,2,Upregulated
14874,4.16364140005498e-06,Unchanged
14875,0,Unchanged
14876,0,Unchanged
14877,0,Unchanged
14878,0,Unchanged
14879,0,Unchanged
14880,1496.50712409748,Upregulated
14881,1214444115.80964,Unchanged
14882,168.103516788814,Upregulated
14883,48.2281386428117,Upregulated
14884,992983421.17299,Unchanged
14885,1.4870170463207,Unchanged
14886,0,Unchanged
14887,3.47175613567449e-06,Unchanged
14888,0,Unchanged
14889,2.24877390843245,Upregulated
14890,0,Unchanged
14891,198479279.728559,Unchanged
14892,0,Unchanged
14893,0,Unchanged
14894,2140.92420529025,Upregulated
14895,80745039.9166723,Unchanged
14896,69694544.3035094,Unchanged
14897,2154495.15634845,Unchanged
14898,0,Unchanged
14899,58.580646602267,Upregulated
14900,159074508.219399,Unchanged
14901,159074508.219399,Unchanged
14902,3.40423976274451e-06,Unchanged
14903,2,Upregulated
14904,0,Unchanged
14905,54833844.5449753,Unchanged
14906,0,Unchanged
14907,2327594870.2592,Unchanged
14908,809542271.749343,Unchanged
14909,809542340.046201,Unchanged
14910,1115507645.74752,Unchanged
14911,2154495.21123104,Unchanged
14912,104374195.468691,Unchanged
14913,104374199.962743,Unchanged
14914,0,Unchanged
14915,1.99999992741279,Unchanged
14916,55106127.2877247,Unchanged
14917,0,Unchanged
14918,1.99999995008346,Unchanged
14919,0,Unchanged
14920,0,Unchanged
14921,0,Unchanged
14922,2535116.57595799,Unchanged
14923,0,Unchanged
14924,0,Unchanged
14925,0,Unchanged
14926,0,Unchanged
14927,0,Unchanged
14928,0,Unchanged
14929,0,Unchanged
14930,0,Unchanged
14931,0,Unchanged
14932,70.6572538030391,Upregulated
14933,0,Unchanged
14934,0,Unchanged
14935,0,Unchanged
14936,0,Unchanged
14937,0,Unchanged
14938,0,Unchanged
14939,0,Unchanged
14940,0,Unchanged
14941,0,Unchanged
14942,0,Unchanged
14943,4.93925862190095,Upregulated
14944,0.4134373313,Downregulated
14945,10927331.5270117,Unchanged
14946,10904901.3848998,Unchanged
14947,0,Unchanged
14948,0,Unchanged
14949,3.45140447320306,Upregulated
14950,1.39397367582221e-07,Unchanged
14951,34288040.6759165,Unchanged
14952,0.293394247768456,Downregulated
14953,80133759.8525846,Unchanged
14954,239378584.615962,Unchanged
14955,51.3012127260669,Upregulated
14956,7.01670418443723e-06,Unchanged
14957,0,Unchanged
14958,5.39899615766615e-07,Unchanged
14959,0,Unchanged
14960,18214.8479240846,Upregulated
14961,9.36874047306446e-06,Unchanged
14962,20.159133724633,Upregulated
14963,0,Unchanged
14964,0,Unchanged
14965,0,Unchanged
14966,27.5686233124051,Upregulated
14967,0.481380685742343,Downregulated
14968,0.14637483794593,Downregulated
14969,1.0089178376441,Unchanged
14970,279.805388199742,Upregulated
14971,167989815.945261,Unchanged
14972,44.1742242929843,Upregulated
14973,2014.78134434372,Upregulated
14974,1138.65377178733,Upregulated
14975,48.1285076078853,Upregulated
14976,644.115932290068,Upregulated
14977,44.4309654643791,Upregulated
14978,39.4597288824535,Upregulated
14979,697.315298586336,Upregulated
14980,1205.97808811728,Upregulated
14981,56.9653949969425,Upregulated
14982,257.628706051219,Upregulated
14983,1082692895.70321,Unchanged
14984,38.7341181351384,Upregulated
14985,314.359935056185,Upregulated
14986,1219632489.64779,Unchanged
14987,1321620918.11434,Unchanged
14988,467.064120819416,Upregulated
14989,809542153.78207,Unchanged
14990,416.577953185616,Upregulated
14991,1013519042.43432,Unchanged
14992,0,Unchanged
14993,2343.16962211439,Upregulated
14994,1110762261.02738,Unchanged
14995,0,Unchanged
14996,2927177.92496094,Unchanged
14997,1.41081690020028e-07,Unchanged
14998,0.151993473385696,Downregulated
14999,2.21837417980611,Upregulated
15000,609818828.835414,Unchanged
15001,1.32695255798012,Unchanged
15002,197.121448687722,Upregulated
15003,0,Unchanged
15004,0,Unchanged
15005,80133762.7727082,Unchanged
15006,8.79612456463277,Upregulated
15007,314.819134238064,Upregulated
15008,98.4175543913591,Upregulated
15009,105.364979096085,Upregulated
15010,239378567.108257,Unchanged
15011,0,Unchanged
15012,0,Unchanged
15013,0,Unchanged
15014,0,Unchanged
15015,0,Unchanged
15016,1.43872873413578,Unchanged
15017,0,Unchanged
15018,97.1885677016502,Upregulated
15019,0,Unchanged
15020,0,Unchanged
15021,0,Unchanged
15022,28.6553941063446,Upregulated
15023,1.86152321797008,Unchanged
15024,223.663715033227,Upregulated
15025,0,Unchanged
15026,50.9440225771389,Upregulated
15027,0,Unchanged
15028,0,Unchanged
15029,0,Unchanged
15030,0,Unchanged
15031,3.17453324752394,Upregulated
15032,0,Unchanged
15033,0,Unchanged
15034,0.498835288812355,Downregulated
15035,0,Unchanged
15036,0.0480225186054279,Downregulated
15037,2.69621651784232,Upregulated
15038,2.53297213428188,Upregulated
15039,5.52240999390619,Upregulated
15040,1.75195453342919,Unchanged
15041,7.16831173179712,Upregulated
15042,3.2929600003826,Upregulated
15043,2.16391814847568,Upregulated
15044,12.8476647513534,Upregulated
15045,1.33843857601172,Unchanged
15046,1.15724956567153e-06,Unchanged
15047,0,Unchanged
15048,0,Unchanged
15049,0,Unchanged
15050,0.141946665482986,Downregulated
15051,0,Unchanged
15052,0.538563752286137,Unchanged
15053,0.0025724933830033,Unchanged
15054,0,Unchanged
15055,0,Unchanged
15056,0,Unchanged
15057,0,Unchanged
15058,0,Unchanged
15059,8130684.09262868,Unchanged
15060,0,Unchanged
15061,92.6353383088538,Upregulated
15062,3.134373329547,Upregulated
15063,0,Unchanged
15064,1.15701787924394e-06,Unchanged
15065,26817660.0271617,Unchanged
15066,25146356.1365215,Unchanged
15067,25146327.0417755,Unchanged
15068,396977294.588185,Unchanged
15069,0.565722841089694,Unchanged
15070,7.81888064718044,Upregulated
15071,8.97009881986284,Upregulated
15072,0,Unchanged
15073,0.936385660734673,Unchanged
15074,0,Unchanged
15075,3.14871382743508,Upregulated
15076,79792861.785415,Unchanged
15077,0,Unchanged
15078,19.9061875315917,Upregulated
15079,71.707990273927,Upregulated
15080,38714599.9147354,Unchanged
15081,16686627.7976001,Unchanged
15082,0,Unchanged
15083,602340.3237393,Unchanged
15084,4.96824028200393e-07,Unchanged
15085,0,Unchanged
15086,26.0054049429604,Upregulated
15087,1.9740734698528,Unchanged
15088,2.73468714296282e-07,Unchanged
15089,0.433042752932832,Downregulated
15090,0.90535095246493,Unchanged
15091,24230625.0434011,Unchanged
15092,20.8984870079788,Upregulated
15093,12.2084684520237,Upregulated
15094,0,Unchanged
15095,0,Unchanged
15096,30.1629866461548,Upregulated
15097,0,Unchanged
15098,0,Unchanged
15099,0,Unchanged
15100,8208315.67125447,Unchanged
15101,8208315.67125447,Unchanged
15102,8.9629536292889,Upregulated
15103,37.5001972509254,Upregulated
15104,2.37932888618767e-07,Unchanged
15105,5.87477132420483e-07,Unchanged
15106,12.2340593497766,Upregulated
15107,13.6177679292666,Upregulated
15108,174.129812278177,Upregulated
15109,1413198.14961699,Unchanged
15110,15044570.4626501,Unchanged
15111,160267526.822971,Unchanged
15112,114.840245063455,Upregulated
15113,0,Unchanged
15114,24.181537230925,Upregulated
15115,0,Unchanged
15116,8667.28854487768,Upregulated
15117,2901.43907551473,Upregulated
15118,15.1226862054207,Upregulated
15119,7.56134287345246,Upregulated
15120,6947.42908948132,Upregulated
15121,19.7341648522002,Upregulated
15122,0,Unchanged
15123,38.5157511847257,Upregulated
15124,79792856.6527827,Unchanged
15125,3487.98914036393,Upregulated
15126,3487.98939196625,Upregulated
15127,5.8803981182159,Upregulated
15128,6.80888324930888,Upregulated
15129,0,Unchanged
15130,3419219.37402241,Unchanged
15131,0,Unchanged
15132,20.2342221731721,Upregulated
15133,0,Unchanged
15134,7.65581637516261,Upregulated
15135,17.3091241114851,Upregulated
15136,1.13617511587361,Unchanged
15137,0.924581868648704,Unchanged
15138,2.31745545882234e-08,Unchanged
15139,0,Unchanged
15140,0,Unchanged
15141,10.1148979228149,Upregulated
15142,11.3287173145101,Upregulated
15143,67.8747624950163,Upregulated
15144,899.830455530367,Upregulated
15145,10993741.6627083,Unchanged
15146,252.029933414641,Upregulated
15147,15.3889060330656,Upregulated
15148,3692.74076332326,Upregulated
15149,9937204.54207404,Unchanged
15150,0,Unchanged
15151,0,Unchanged
15152,5.04900795249341e-07,Unchanged
15153,2.09940552695764,Upregulated
15154,14.1452102416722,Upregulated
15155,0,Unchanged
15156,27.3872899235707,Upregulated
15157,0,Unchanged
15158,19.9735749505587,Upregulated
15159,156.176022167865,Upregulated
15160,21205623.6537273,Unchanged
15161,9.54253593946125,Upregulated
15162,3.34363373100517,Upregulated
15163,27.5429132972297,Upregulated
15164,0,Unchanged
15165,1.74328198994193,Unchanged
15166,0,Unchanged
15167,20.4831555775172,Upregulated
15168,0,Unchanged
15169,0,Unchanged
15170,1.99000086881566,Unchanged
15171,7.68627374554853e-07,Unchanged
15172,0,Unchanged
15173,1.923589704802e-07,Unchanged
15174,0.237827315482701,Downregulated
15175,0.160480957405912,Downregulated
15176,0.0331795582689752,Downregulated
15177,0.0357318319753074,Downregulated
15178,0.939113069811712,Unchanged
15179,0,Unchanged
15180,8.62505673364568e-06,Unchanged
15181,7.57228870061819e-06,Unchanged
15182,6.76970136618055e-05,Unchanged
15183,0,Unchanged
15184,116.804609911439,Upregulated
15185,1055.092122978,Upregulated
15186,390.675996616337,Upregulated
15187,390.675929455255,Upregulated
15188,351.362944726626,Upregulated
15189,897.205601309129,Upregulated
15190,1163797435.1296,Unchanged
15191,1163797435.1296,Unchanged
15192,911530744.272941,Unchanged
15193,506759583.257332,Unchanged
15194,506759583.257332,Unchanged
15195,1029.53886728834,Upregulated
15196,1163797435.1296,Unchanged
15197,1163797435.1296,Unchanged
15198,1163797435.1296,Unchanged
15199,1163797435.1296,Unchanged
15200,1163797435.1296,Unchanged
15201,404771766.069335,Unchanged
15202,683.3282287788,Upregulated
15203,811.739077289248,Upregulated
15204,224.478428500805,Upregulated
15205,2525.26351572227,Upregulated
15206,155.559082025341,Upregulated
15207,455765348.521206,Unchanged
15208,557753886.976026,Unchanged
15209,0,Unchanged
15210,216.938612810113,Upregulated
15211,996.891209635745,Upregulated
15212,234.813488211074,Upregulated
15213,0,Unchanged
15214,1214444115.80964,Unchanged
15215,0,Unchanged
15216,0,Unchanged
15217,281.610396172528,Upregulated
15218,268.080735846767,Upregulated
15219,587.602379787973,Upregulated
15220,291.85733529077,Upregulated
15221,461.701459042839,Upregulated
15222,1639.24787100536,Upregulated
15223,855.292769889917,Upregulated
15224,1214443850.28649,Unchanged
15225,187207503.937689,Unchanged
15226,1315998695.57024,Unchanged
15227,1321620932.19272,Unchanged
15228,0,Unchanged
15229,0,Unchanged
15230,11990269.8761392,Unchanged
15231,11990265.3672355,Unchanged
15232,127.931702292682,Upregulated
15233,2696.84869972338,Upregulated
15234,557753886.976026,Unchanged
15235,557753822.873762,Unchanged
15236,3415454.85229429,Unchanged
15237,1.65655040663069e-05,Unchanged
15238,19.7579559552575,Upregulated
15239,50166992.2315048,Unchanged
15240,51373884.6064197,Unchanged
15241,17663630.1428203,Unchanged
15242,2.22458614626581e-05,Unchanged
15243,5.64931883693359e-07,Unchanged
15244,0,Unchanged
15245,0,Unchanged
15246,275.744487014847,Upregulated
15247,0,Unchanged
15248,13077.4799314426,Upregulated
15249,7.68627725506121e-07,Unchanged
15250,0.250000557144488,Downregulated
15251,7.68459608934791e-07,Unchanged
15252,0,Unchanged
15253,3.10492774246995e-07,Unchanged
15254,0,Unchanged
15255,15.4005724368524,Upregulated
15256,0,Unchanged
15257,1.69937968621525e-07,Unchanged
15258,0,Unchanged
15259,9.22412589269418,Upregulated
15260,0.463712635839887,Downregulated
15261,16.0038511557438,Upregulated
15262,200.493921896315,Upregulated
15263,20.2447374705431,Upregulated
15264,0,Unchanged
15265,0,Unchanged
15266,19.2578844636001,Upregulated
15267,4.92714685746385,Upregulated
15268,3.28948938659391,Upregulated
15269,2.57637969622751,Upregulated
15270,3.35780464138643e-08,Unchanged
15271,3.35780464138643e-08,Unchanged
15272,1.27352855768947e-06,Unchanged
15273,0,Unchanged
15274,6.28195152369451,Upregulated
15275,13.9162696263002,Upregulated
15276,0,Unchanged
15277,0,Unchanged
15278,2.91996975346213,Upregulated
15279,5.25215067893985,Upregulated
15280,13.9623480903054,Upregulated
15281,2.78724124690711,Upregulated
15282,131607070.009797,Unchanged
15283,0.00355041909959772,Unchanged
15284,2.24991031113574,Upregulated
15285,2.26117840868355,Upregulated
15286,57915564.1524479,Unchanged
15287,5007450.62374193,Unchanged
15288,0,Unchanged
15289,12.5433024620741,Upregulated
15290,209733294.569195,Unchanged
15291,845.89304858504,Upregulated
15292,275297314.472697,Unchanged
15293,41086025.7591523,Unchanged
15294,301.028033988536,Upregulated
15295,275297314.472697,Unchanged
15296,137648726.750469,Unchanged
15297,1.17967639874727,Unchanged
15298,498044.845949427,Unchanged
15299,0,Unchanged
15300,1112816.56840279,Unchanged
15301,52.8806052867628,Upregulated
15302,52.8817404090746,Upregulated
15303,21854659.7147969,Unchanged
15304,0.017938565037256,Downregulated
15305,0,Unchanged
15306,16.6810728713817,Upregulated
15307,1.24213683231875,Unchanged
15308,0,Unchanged
15309,0,Unchanged
15310,0,Unchanged
15311,80133738.9720479,Unchanged
15312,0,Unchanged
15313,0,Unchanged
15314,0,Unchanged
15315,30.7897802183393,Upregulated
15316,0,Unchanged
15317,0,Unchanged
15318,0,Unchanged
15319,4.76608378494497,Upregulated
15320,559477.258548228,Unchanged
15321,0,Unchanged
15322,0,Unchanged
15323,0,Unchanged
15324,5.05011250425014e-07,Unchanged
15325,0,Unchanged
15326,6.03761832991267e-07,Unchanged
15327,0,Unchanged
15328,8.99436144543575e-07,Unchanged
15329,0.0201685375990493,Downregulated
15330,4.76608386783723,Upregulated
15331,25273.7736190972,Unchanged
15332,20.2297970859807,Upregulated
15333,0.372218749339562,Downregulated
15334,3407930.67945568,Unchanged
15335,0,Unchanged
15336,1.67024174002026,Unchanged
15337,101988482.066294,Unchanged
15338,7.0598399057917e-07,Unchanged
15339,27740106.4733631,Unchanged
15340,28367804.4038021,Unchanged
15341,12.6530492478978,Upregulated
15342,4572986.96050958,Unchanged
15343,123.751109128449,Upregulated
15344,0,Unchanged
15345,0,Unchanged
15346,50245322.9206963,Unchanged
15347,50245322.9206963,Unchanged
15348,50245322.9206963,Unchanged
15349,304.213093753367,Upregulated
15350,6.22817490633629,Upregulated
15351,21854662.1852263,Unchanged
15352,0,Unchanged
15353,3.49519574006592,Upregulated
15354,1.27337712355723,Unchanged
15355,0.769713365420977,Unchanged
15356,0,Unchanged
15357,0,Unchanged
15358,0.243156179200285,Downregulated
15359,0,Unchanged
15360,0,Unchanged
15361,8.26966752489034,Upregulated
15362,125651463.53545,Unchanged
15363,82893641.5384153,Unchanged
15364,2.98633388030309,Upregulated
15365,0,Unchanged
15366,0.0344472339685323,Downregulated
15367,0,Unchanged
15368,0,Unchanged
15369,0,Unchanged
15370,0,Unchanged
15371,0,Unchanged
15372,0,Unchanged
15373,0,Unchanged
15374,0,Unchanged
15375,0,Unchanged
15376,0,Unchanged
15377,0,Unchanged
15378,0,Unchanged
15379,0,Unchanged
15380,0,Unchanged
15381,1.82530943985429e-08,Unchanged
15382,236.833267480681,Upregulated
15383,77796539.0500926,Unchanged
15384,0,Unchanged
15385,6074045.29760966,Unchanged
15386,0,Unchanged
15387,0,Unchanged
15388,0,Unchanged
15389,1.28918079598209,Unchanged
15390,1.2836980272817,Unchanged
15391,0.00108912679150702,Unchanged
15392,0,Unchanged
15393,0.520697549595157,Unchanged
15394,7.85912556787829,Upregulated
15395,7.51063921777939,Upregulated
15396,7.38832641873904,Upregulated
15397,12.7124507600229,Upregulated
15398,0,Unchanged
15399,69206418.1289929,Unchanged
15400,0,Unchanged
15401,20115339.7154369,Unchanged
15402,16.1185595534655,Upregulated
15403,0,Unchanged
15404,125406373.88132,Unchanged
15405,1.03918133940888e-05,Unchanged
15406,174439880.815832,Unchanged
15407,0,Unchanged
15408,0,Unchanged
15409,1.34119413514725,Unchanged
15410,8460.54226778942,Upregulated
15411,0.176614604737941,Downregulated
15412,10365.1891043324,Upregulated
15413,21854663.0504175,Unchanged
15414,2.54330773368312,Upregulated
15415,0,Unchanged
15416,459558.271775753,Unchanged
15417,3586143.26816433,Unchanged
15418,502810.099224808,Unchanged
15419,174439880.815832,Unchanged
15420,1.99999998814825,Unchanged
15421,1.43313268863575,Unchanged
15422,18610826.5454907,Unchanged
15423,2.94395980723825,Upregulated
15424,73122082.0105816,Unchanged
15425,191067180.749998,Unchanged
15426,56977979.257388,Unchanged
15427,88532531.6594863,Unchanged
15428,47351762.4815398,Unchanged
15429,115544602.560585,Unchanged
15430,602271.484107177,Unchanged
15431,26.885702861423,Upregulated
15432,72884332.158661,Unchanged
15433,21854670.7374511,Unchanged
15434,83060943.6427188,Unchanged
15435,32191338.9113384,Unchanged
15436,21854662.4431504,Unchanged
15437,18976938.8772286,Unchanged
15438,8.22173153805097,Upregulated
15439,1.16393776526177e-06,Unchanged
15440,0,Unchanged
15441,5.84918251885441e-07,Unchanged
15442,4.63392538617308,Upregulated
15443,29.0762647092244,Upregulated
15444,8.07466768098308e-11,Unchanged
15445,284.32314872769,Upregulated
15446,1.51473274103034e-05,Unchanged
15447,28805718.0062292,Unchanged
15448,25048427.5789714,Unchanged
15449,0.148778799206224,Downregulated
15450,14.9917236401785,Upregulated
15451,7.16784388268522,Upregulated
15452,0,Unchanged
15453,0,Unchanged
15454,0.995779838981294,Unchanged
15455,1457410.65043076,Unchanged
15456,0,Unchanged
15457,0,Unchanged
15458,2.8430602999853,Upregulated
15459,4.20345726472773,Upregulated
15460,0,Unchanged
15461,0,Unchanged
15462,8.7984545564268e-07,Unchanged
15463,14.2157812500638,Upregulated
15464,0,Unchanged
15465,2.64432548707463,Upregulated
15466,11.0974291463544,Upregulated
15467,10.7286934873913,Upregulated
15468,17.1741193591742,Upregulated
15469,0,Unchanged
15470,0,Unchanged
15471,9.59548221689522e-06,Unchanged
15472,0,Unchanged
15473,50.1801170024116,Upregulated
15474,0,Unchanged
15475,0.000803292744535297,Unchanged
15476,161.237042990178,Upregulated
15477,5.92301569380124,Upregulated
15478,0.175569996135429,Downregulated
15479,5463666.7375091,Unchanged
15480,0,Unchanged
15481,3.56427196342028e-08,Unchanged
15482,0,Unchanged
15483,716444.636981282,Unchanged
15484,1163619.9543209,Unchanged
15485,2.25959996759216e-08,Unchanged
15486,7.38312822110247,Upregulated
15487,0,Unchanged
15488,5.76526384624942,Upregulated
15489,0,Unchanged
15490,0,Unchanged
15491,8.09623473216054e-10,Unchanged
15492,5.43191320144554,Upregulated
15493,0,Unchanged
15494,21854665.7486525,Unchanged
15495,0,Unchanged
15496,4243.06624516401,Upregulated
15497,250812747.762641,Unchanged
15498,0,Unchanged
15499,250812747.762641,Unchanged
15500,144.408295103586,Upregulated
15501,1.53074590425144,Unchanged
15502,0.0195276041272399,Downregulated
15503,1.00442791762449,Unchanged
15504,0.790145475925197,Unchanged
15505,0,Unchanged
15506,0,Unchanged
15507,0,Unchanged
15508,2.51177516485512e-07,Unchanged
15509,0,Unchanged
15510,0,Unchanged
15511,0,Unchanged
15512,10608619.4259367,Unchanged
15513,0,Unchanged
15514,52.1950553796924,Upregulated
15515,0,Unchanged
15516,0,Unchanged
15517,0,Unchanged
15518,0,Unchanged
15519,48.6335864968842,Upregulated
15520,48.6335662829317,Upregulated
15521,80.5127607893336,Upregulated
15522,0,Unchanged
15523,117.650443046587,Upregulated
15524,0,Unchanged
15525,0,Unchanged
15526,85.7159905775958,Upregulated
15527,80.53034264454,Upregulated
15528,250.548923714647,Upregulated
15529,80.5303566763875,Upregulated
15530,31.2822392518508,Upregulated
15531,52.1939441176296,Upregulated
15532,249.275412175078,Upregulated
15533,52.1950340118929,Upregulated
15534,249.275353550556,Upregulated
15535,0,Unchanged
15536,0,Unchanged
15537,19.5836691345464,Upregulated
15538,0,Unchanged
15539,137.85439939021,Upregulated
15540,137.854371475641,Upregulated
15541,137.854370119302,Upregulated
15542,22.7645985396427,Upregulated
15543,22.7645986300981,Upregulated
15544,0,Unchanged
15545,0,Unchanged
15546,19.1424053329376,Upregulated
15547,332.992138477085,Upregulated
15548,0,Unchanged
15549,7.13799300172013e-07,Unchanged
15550,0,Unchanged
15551,5.34109608096855e-10,Unchanged
15552,0,Unchanged
15553,5.34052675860153e-10,Unchanged
15554,0,Unchanged
15555,0.0901221218868724,Downregulated
15556,28.5990719800578,Upregulated
15557,28.5996801771494,Upregulated
15558,0,Unchanged
15559,0,Unchanged
15560,30.4400220521141,Upregulated
15561,0,Unchanged
15562,0,Unchanged
15563,0,Unchanged
15564,24.5946422327561,Upregulated
15565,0,Unchanged
15566,1.5116247681843e-07,Unchanged
15567,0,Unchanged
15568,0.980772630167001,Unchanged
15569,58.032723245911,Upregulated
15570,0.649639109254219,Unchanged
15571,0,Unchanged
15572,10.9763956577762,Upregulated
15573,0,Unchanged
15574,3.75037117676525e-06,Unchanged
15575,0,Unchanged
15576,2.07359299045937,Upregulated
15577,19440869.8419727,Unchanged
15578,0,Unchanged
15579,1.11914484083533,Unchanged
15580,0,Unchanged
15581,0,Unchanged
15582,0.278794118755024,Downregulated
15583,2.4288806469975e-07,Unchanged
15584,1.02880820314077,Unchanged
15585,0,Unchanged
15586,0,Unchanged
15587,0,Unchanged
15588,2.75861019118281,Upregulated
15589,0.033107601327771,Downregulated
15590,61901768.5742493,Unchanged
15591,8.09127764940827,Upregulated
15592,0,Unchanged
15593,395301912.439645,Unchanged
15594,0.000514491226573664,Unchanged
15595,268.340400068169,Upregulated
15596,0,Unchanged
15597,0,Unchanged
15598,206.543050986958,Upregulated
15599,6656.2965571483,Upregulated
15600,173.90115533465,Upregulated
15601,7.07847386998864e-06,Unchanged
15602,0,Unchanged
15603,2.97942657301697e-06,Unchanged
15604,0,Unchanged
15605,2.82660237270791e-06,Unchanged
15606,0,Unchanged
15607,7.44179514415032,Upregulated
15608,45.9490660589006,Upregulated
15609,31.5082619247683,Upregulated
15610,0,Unchanged
15611,0,Unchanged
15612,10927327.5597323,Unchanged
15613,10927329.2464196,Unchanged
15614,3.32958180943811,Upregulated
15615,85433.1592505309,Unchanged
15616,637854.105102332,Unchanged
15617,6892.84708522294,Upregulated
15618,5.06187044663875e-07,Unchanged
15619,5.51721721072605,Upregulated
15620,6.08676873749182,Upregulated
15621,5.51721721777258,Upregulated
15622,5.5172158406102,Upregulated
15623,5.51721707454478,Upregulated
15624,15.2679906632156,Upregulated
15625,3.81134018071065e-06,Unchanged
15626,8.56113730889111e-06,Unchanged
15627,5.51721854993014,Upregulated
15628,5.51721772068753,Upregulated
15629,4.7782501527687,Upregulated
15630,5.51721895310122,Upregulated
15631,5.51721790615185,Upregulated
15632,0,Unchanged
15633,0,Unchanged
15634,200.434162547122,Upregulated
15635,5.27233330027836e-07,Unchanged
15636,9463741.41088531,Unchanged
15637,9463741.41088531,Unchanged
15638,0,Unchanged
15639,0,Unchanged
15640,105.734837470676,Upregulated
15641,0,Unchanged
15642,0,Unchanged
15643,18610826.5454907,Unchanged
15644,0,Unchanged
15645,13.6830545676995,Upregulated
15646,35.267864289784,Upregulated
15647,35.0886001878149,Upregulated
15648,369.485681426583,Upregulated
15649,0,Unchanged
15650,14.7694629644926,Upregulated
15651,23.1346058491193,Upregulated
15652,7.34710053692475,Upregulated
15653,72574270.8303107,Unchanged
15654,9937205.07155443,Unchanged
15655,7.22689985674427,Upregulated
15656,4.93925849093654,Upregulated
15657,80133751.0038383,Unchanged
15658,2.20728327201657,Upregulated
15659,0,Unchanged
15660,0,Unchanged
15661,7.98267157486045,Upregulated
15662,7.13712330005848,Upregulated
15663,7.98267357940289,Upregulated
15664,0.704988403630164,Unchanged
15665,65.6608504279062,Upregulated
15666,31.4958693438233,Upregulated
15667,50007590.3209101,Unchanged
15668,16.2346271852517,Upregulated
15669,1.28751297817009,Unchanged
15670,9.49059001608732,Upregulated
15671,9.53113731121041,Upregulated
15672,9.53322970183391,Upregulated
15673,9.49267447396481,Upregulated
15674,9.4926735518478,Upregulated
15675,11.0789692936208,Upregulated
15676,9.53322258665856,Upregulated
15677,9.5332259086376,Upregulated
15678,9.53113430323821,Upregulated
15679,0,Unchanged
15680,0,Unchanged
15681,0,Unchanged
15682,0,Unchanged
15683,0,Unchanged
15684,0,Unchanged
15685,0,Unchanged
15686,0,Unchanged
15687,0,Unchanged
15688,0,Unchanged
15689,0,Unchanged
15690,0,Unchanged
15691,0,Unchanged
15692,0,Unchanged
15693,0,Unchanged
15694,0,Unchanged
15695,0,Unchanged
15696,0,Unchanged
15697,0,Unchanged
15698,0,Unchanged
15699,0.75000044971807,Unchanged
15700,0,Unchanged
15701,0,Unchanged
15702,0,Unchanged
15703,0,Unchanged
15704,0,Unchanged
15705,0,Unchanged
15706,0,Unchanged
15707,0,Unchanged
15708,0,Unchanged
15709,0,Unchanged
15710,0,Unchanged
15711,0,Unchanged
15712,0,Unchanged
15713,0,Unchanged
15714,0,Unchanged
15715,0,Unchanged
15716,0,Unchanged
15717,0,Unchanged
15718,0,Unchanged
15719,0,Unchanged
15720,0,Unchanged
15721,0,Unchanged
15722,0,Unchanged
15723,0,Unchanged
15724,0,Unchanged
15725,0,Unchanged
15726,0,Unchanged
15727,0,Unchanged
15728,0,Unchanged
15729,0,Unchanged
15730,0,Unchanged
15731,0,Unchanged
15732,0,Unchanged
15733,0,Unchanged
15734,0,Unchanged
15735,0,Unchanged
15736,0,Unchanged
15737,0,Unchanged
15738,2.37932921951511e-07,Unchanged
15739,2.37932888618767e-07,Unchanged
15740,0,Unchanged
15741,2.59997156743092,Upregulated
15742,8.23323794073822,Upregulated
15743,0,Unchanged
15744,0,Unchanged
15745,0,Unchanged
15746,0,Unchanged
15747,0,Unchanged
15748,0,Unchanged
15749,1.1885621656802e-06,Unchanged
15750,5.29899740265741,Upregulated
15751,5.48502958874238,Upregulated
15752,0.876517913910415,Unchanged
15753,0.148725553500596,Downregulated
15754,0,Unchanged
15755,1.38363079617863,Unchanged
15756,0,Unchanged
15757,0,Unchanged
15758,0,Unchanged
15759,0,Unchanged
15760,0.0839944188909874,Downregulated
15761,0,Unchanged
15762,0,Unchanged
15763,0,Unchanged
15764,0,Unchanged
15765,0.532700431683164,Unchanged
15766,0,Unchanged
15767,0.0881060338510628,Downregulated
15768,0.0881060338510628,Downregulated
15769,0.0881060338510628,Downregulated
15770,0.0881060338510628,Downregulated
15771,0.232139699316979,Downregulated
15772,0.0883455932123006,Downregulated
15773,0.0883455932123006,Downregulated
15774,0.166435111906232,Downregulated
15775,0.166435111906232,Downregulated
15776,0.166435111906232,Downregulated
15777,0,Unchanged
15778,0,Unchanged
15779,0.0462690113428968,Downregulated
15780,0,Unchanged
15781,0,Unchanged
15782,0.431844162599507,Downregulated
15783,101988430.942982,Unchanged
15784,78.3825681107602,Upregulated
15785,15.5380569407038,Upregulated
15786,4.21678295731677,Upregulated
15787,5.2801691764034,Upregulated
15788,0,Unchanged
15789,0.482968821380105,Downregulated
15790,5452450.40854498,Unchanged
15791,0,Unchanged
15792,0,Unchanged
15793,40066882.2304524,Unchanged
15794,27435848.4773139,Unchanged
15795,0,Unchanged
15796,1.21288168592717,Unchanged
15797,0,Unchanged
15798,0,Unchanged
15799,107826806.407256,Unchanged
15800,30579551.7874971,Unchanged
15801,122.404511769744,Upregulated
15802,0,Unchanged
15803,0,Unchanged
15804,0,Unchanged
15805,10.5890173052023,Upregulated
15806,114.124712245635,Upregulated
15807,3.26358234014952,Upregulated
15808,0,Unchanged
15809,824.252657522541,Upregulated
15810,0,Unchanged
15811,0,Unchanged
15812,6.85128867406828,Upregulated
15813,0,Unchanged
15814,57596499.289631,Unchanged
15815,10.0505325755335,Upregulated
15816,0,Unchanged
15817,0,Unchanged
15818,13776553.7287478,Unchanged
15819,101.352057478698,Upregulated
15820,0,Unchanged
15821,14.4669252226373,Upregulated
15822,5.06529302166624,Upregulated
15823,6.35534162346416,Upregulated
15824,0,Unchanged
15825,4.60567757511611,Upregulated
15826,0,Unchanged
15827,0,Unchanged
15828,0,Unchanged
15829,0,Unchanged
15830,0,Unchanged
15831,0,Unchanged
15832,0.184431517636632,Downregulated
15833,1.31464110933462,Unchanged
15834,18.4221017453812,Upregulated
15835,9.97624776790702,Upregulated
15836,280.996800888807,Upregulated
15837,0,Unchanged
15838,15.6570418481883,Upregulated
15839,5.21901430339473,Upregulated
15840,0,Unchanged
15841,6.36837047192785,Upregulated
15842,9.1833099101186,Upregulated
15843,1891.08080740177,Upregulated
15844,0,Unchanged
15845,316980097.97075,Unchanged
15846,568729.202117361,Unchanged
15847,0,Unchanged
15848,95510162.5572672,Unchanged
15849,20.6127930756788,Upregulated
15850,25955114.6322079,Unchanged
15851,0,Unchanged
15852,0,Unchanged
15853,9.18331040992265,Upregulated
15854,0,Unchanged
15855,2.73302293517969,Upregulated
15856,2.74469983577809,Upregulated
15857,0,Unchanged
15858,1.20574988567135,Unchanged
15859,99.7117227794135,Upregulated
15860,4.47424240765939,Upregulated
15861,2.74469951501064,Upregulated
15862,0,Unchanged
15863,0.601768982573895,Unchanged
15864,6.59670895850619,Upregulated
15865,10.0629630934205,Upregulated
15866,6.03995902871414,Upregulated
15867,2159.1183985468,Upregulated
15868,56.4087222959382,Upregulated
15869,156.891641958762,Upregulated
15870,2.83392363906306,Upregulated
15871,2.83392363906306,Upregulated
15872,1.8227229671955,Unchanged
15873,1.23686625180714,Unchanged
15874,109476568.379061,Unchanged
15875,0,Unchanged
15876,109476568.379061,Unchanged
15877,118.292339965321,Upregulated
15878,1.43511774006544,Unchanged
15879,9.66407731151964,Upregulated
15880,3.90944025373814,Upregulated
15881,15.3889064619707,Upregulated
15882,0,Unchanged
15883,0,Unchanged
15884,21.225824166864,Upregulated
15885,12573175.2760703,Unchanged
15886,25146325.3434102,Unchanged
15887,10.5002249724005,Upregulated
15888,0,Unchanged
15889,0,Unchanged
15890,82.9635037594267,Upregulated
15891,0,Unchanged
15892,0,Unchanged
15893,0,Unchanged
15894,1.66126256340026,Unchanged
15895,12.828131380663,Upregulated
15896,152.607664611167,Upregulated
15897,8.01677749467652,Upregulated
15898,20.6665295725103,Upregulated
15899,0,Unchanged
15900,25.4259869706873,Upregulated
15901,60.3942113027858,Upregulated
15902,0.258117734830505,Downregulated
15903,0.0799263172203767,Downregulated
15904,0.273590784048797,Downregulated
15905,0.273590784048797,Downregulated
15906,0.273590784048797,Downregulated
15907,0.273590784048797,Downregulated
15908,0.0921443575506205,Downregulated
15909,2.26002031750458,Upregulated
15910,10927329.6774243,Unchanged
15911,0,Unchanged
15912,3.84024575414464,Upregulated
15913,10387888.1852815,Unchanged
15914,108633651.030419,Unchanged
15915,6.40957469495679,Upregulated
15916,3.22280068778904,Upregulated
15917,3.22280052746525,Upregulated
15918,5494375.20146969,Unchanged
15919,0.0465290785621102,Downregulated
15920,0.401562799426821,Downregulated
15921,0.401562799426821,Downregulated
15922,48.3597375881973,Upregulated
15923,46944392.1655525,Unchanged
15924,406.601140409949,Upregulated
15925,97.7183506026503,Upregulated
15926,42311892.4251202,Unchanged
15927,0.361936350380961,Downregulated
15928,0.901076623949516,Unchanged
15929,0.901076127922352,Unchanged
15930,2.20655683557999,Upregulated
15931,2.70263895542023,Upregulated
15932,21237676.9901381,Unchanged
15933,4344750.90953726,Unchanged
15934,20775776.3184251,Unchanged
15935,0,Unchanged
15936,7.1308680237182,Upregulated
15937,20864535.1343328,Unchanged
15938,0.670462977390514,Unchanged
15939,4.40532348916833,Upregulated
15940,10387888.1592125,Unchanged
15941,10387888.1592125,Unchanged
15942,254269616.992006,Unchanged
15943,254269616.992006,Unchanged
15944,4358.87729915655,Upregulated
15945,0,Unchanged
15946,7.5077531845522,Upregulated
15947,0.244518164849,Downregulated
15948,0.244518164849,Downregulated
15949,0.227052581687858,Downregulated
15950,0.227052581687858,Downregulated
15951,0,Unchanged
15952,4.10592289352236,Upregulated
15953,48139857.9694709,Unchanged
15954,25146325.612992,Unchanged
15955,12.2084730706621,Upregulated
15956,6451456.36981334,Unchanged
15957,0,Unchanged
15958,0,Unchanged
15959,9.0723110634998e-07,Unchanged
15960,59764.224887255,Unchanged
15961,0,Unchanged
15962,13.6644158373196,Upregulated
15963,0,Unchanged
15964,0,Unchanged
15965,1.67700485555077,Unchanged
15966,0,Unchanged
15967,0,Unchanged
15968,0,Unchanged
15969,5236355.05665402,Unchanged
15970,5236354.49528945,Unchanged
15971,104758945.405946,Unchanged
15972,106.572195513042,Upregulated
15973,50292651.837036,Unchanged
15974,0,Unchanged
15975,0,Unchanged
15976,0,Unchanged
15977,1.42394261359984,Unchanged
15978,13.4824021792781,Upregulated
15979,17.0119956206863,Upregulated
15980,0,Unchanged
15981,18665570.8423671,Unchanged
15982,1271.7111364936,Upregulated
15983,0,Unchanged
15984,0,Unchanged
15985,32781990.325287,Unchanged
15986,32781990.325287,Unchanged
15987,32781990.325287,Unchanged
15988,12.5985749071151,Upregulated
15989,0,Unchanged
15990,0,Unchanged
15991,1.7592186044416e+16,Unchanged
15992,54232143443,Unchanged
15993,0,Unchanged
15994,0,Unchanged
15995,0,Unchanged
15996,0,Unchanged
15997,0,Unchanged
15998,0,Unchanged
15999,0,Unchanged
16000,0,Unchanged
16001,0.526709529726752,Unchanged
16002,0.526709524509611,Unchanged
16003,32781977.1609823,Unchanged
16004,0,Unchanged
16005,0,Unchanged
16006,0,Unchanged
16007,0,Unchanged
16008,0,Unchanged
16009,0,Unchanged
16010,0,Unchanged
16011,2209380800.09375,Unchanged
16012,0,Unchanged
16013,0,Unchanged
16014,0,Unchanged
16015,1.58705593930922e+16,Unchanged
16016,0,Unchanged
16017,0,Unchanged
16018,0,Unchanged
16019,0,Unchanged
16020,0,Unchanged
16021,0,Unchanged
16022,0,Unchanged
16023,0,Unchanged
16024,0,Unchanged
16025,0,Unchanged
16026,0,Unchanged
16027,0,Unchanged
16028,0,Unchanged
16029,0,Unchanged
16030,0,Unchanged
16031,0,Unchanged
16032,0,Unchanged
16033,0,Unchanged
16034,0,Unchanged
16035,0,Unchanged
16036,0,Unchanged
16037,0,Unchanged
16038,16391007.5432167,Unchanged
16039,38.6690497254225,Upregulated
16040,0,Unchanged
16041,-7321856694,Unchanged
16042,-8.796093022208e+15,Unchanged
16043,0,Unchanged
16044,0,Unchanged
16045,177410897.286803,Unchanged
16046,0,Unchanged
16047,0.939113161782957,Unchanged
16048,0,Unchanged
16049,0,Unchanged
16050,0,Unchanged
16051,0,Unchanged
16052,0,Unchanged
16053,0,Unchanged
16054,0,Unchanged
16055,0.477319344090871,Downregulated
16056,0,Unchanged
16057,0,Unchanged
16058,0.571386157334645,Unchanged
16059,0.545389091092395,Unchanged
16060,1.11432825626094,Unchanged
16061,1.11830634564624,Unchanged
16062,1.11354870423638,Unchanged
16063,0.675745607075448,Unchanged
16064,2.00606456434098,Upregulated
16065,0.823971528945276,Unchanged
16066,2.57594229614105,Upregulated
16067,0.867717634137297,Unchanged
16068,2.39194640406073,Upregulated
16069,0.767725200380842,Unchanged
16070,2.44607628951328,Upregulated
16071,1.1095876840885,Unchanged
16072,1.72270099514988,Unchanged
16073,0.972314035015957,Unchanged
16074,2.32060366081822,Upregulated
16075,1.29924288697164,Unchanged
16076,71163879.23537,Unchanged
16077,296.922548062103,Upregulated
16078,37020816.8279764,Unchanged
16079,330.772020253336,Upregulated
16080,103.92384991466,Upregulated
16081,2.57650693829699,Upregulated
16082,8.47385017059793,Upregulated
16083,2.07074388179599,Upregulated
16084,32781977.1609823,Unchanged
16085,32781977.1609823,Unchanged
16086,0,Unchanged
16087,0,Unchanged
16088,142327758.47074,Unchanged
16089,49.8108855277308,Upregulated
16090,0,Unchanged
16091,74041633.6559529,Unchanged
16092,84.473359205762,Upregulated
16093,38.4908865129849,Upregulated
16094,22.6255033636473,Upregulated
16095,0,Unchanged
16096,0,Unchanged
16097,0,Unchanged
16098,197309564.172357,Unchanged
16099,142327758.47074,Unchanged
16100,99642316.8770985,Unchanged
16101,8.46517211673364,Upregulated
16102,50.7855702114495,Upregulated
16103,197309564.172357,Unchanged
16104,30.8228228135873,Upregulated
16105,1100167.82394756,Unchanged
16106,0.0526868489575552,Downregulated
16107,26.4196267091722,Upregulated
16108,219803054.980336,Unchanged
16109,70863586.6662864,Unchanged
16110,3440.44682780822,Upregulated
16111,60835777.3985993,Unchanged
16112,15.8424180479725,Upregulated
16113,219803054.980336,Unchanged
16114,0,Unchanged
16115,193.622278996292,Upregulated
16116,248.006440450229,Upregulated
16117,98.9987356212362,Upregulated
16118,0,Unchanged
16119,0,Unchanged
16120,137.162666085212,Upregulated
16121,54610163.2915325,Unchanged
16122,17.2217202949933,Upregulated
16123,11.1514776116999,Upregulated
16124,75.8288197646823,Upregulated
16125,30.8160792880636,Upregulated
16126,9.48300197441727,Upregulated
16127,0,Unchanged
16128,54.6985275847953,Upregulated
16129,75.8287700452617,Upregulated
16130,81.2882032901226,Upregulated
16131,59.9097976207851,Upregulated
16132,82.0372492064026,Upregulated
16133,32.2258949411044,Upregulated
16134,309014.768142153,Unchanged
16135,296.857542520176,Upregulated
16136,73.1668363719387,Upregulated
16137,0,Unchanged
16138,80377.7088287236,Unchanged
16139,0,Unchanged
16140,95975327.7078615,Unchanged
16141,0,Unchanged
16142,54167184.4206545,Unchanged
16143,74041633.6559529,Unchanged
16144,0,Unchanged
16145,14.6198311983136,Upregulated
16146,0,Unchanged
16147,0,Unchanged
16148,36442163.4156175,Unchanged
16149,0,Unchanged
16150,26.59705915461,Upregulated
16151,95.8023297048501,Upregulated
16152,32.2714395400171,Upregulated
16153,26.2118978099008,Upregulated
16154,99.593741476621,Upregulated
16155,76.9965163994392,Upregulated
16156,12.4468060388405,Upregulated
16157,0,Unchanged
16158,45.9165838326081,Upregulated
16159,8.75024513064859,Upregulated
16160,228.013945614685,Upregulated
16161,228.98815199206,Upregulated
16162,52410086.5017041,Unchanged
16163,49.8217744327458,Upregulated
16164,0,Unchanged
16165,0,Unchanged
16166,0,Unchanged
16167,4.39805327202329e+15,Unchanged
16168,0,Unchanged
16169,21.1780497322194,Upregulated
16170,0,Unchanged
16171,9.67356613408279,Upregulated
16172,44.5969244036989,Upregulated
16173,0,Unchanged
16174,0,Unchanged
16175,0,Unchanged
16176,0,Unchanged
16177,0,Unchanged
16178,0,Unchanged
16179,0,Unchanged
16180,0,Unchanged
16181,0,Unchanged
16182,0,Unchanged
16183,4.19504583664154,Upregulated
16184,12.7444164619026,Upregulated
16185,108.924167513572,Upregulated
16186,0,Unchanged
16187,0,Unchanged
16188,0,Unchanged
16189,0,Unchanged
16190,0,Unchanged
16191,0,Unchanged
16192,0,Unchanged
16193,44352801.0006101,Unchanged
16194,0,Unchanged
16195,0,Unchanged
16196,3.63284335207664,Upregulated
16197,0,Unchanged
16198,16391000.4416048,Unchanged
16199,1099.72557632927,Upregulated
16200,177410891.882452,Unchanged
16201,32.0560288245516,Upregulated
16202,68.1814610085537,Upregulated
16203,0,Unchanged
16204,8.39904844693087,Upregulated
16205,0,Unchanged
16206,0,Unchanged
16207,0,Unchanged
16208,0,Unchanged
16209,0,Unchanged
16210,0,Unchanged
16211,0,Unchanged
16212,0,Unchanged
16213,7.27393916257602,Upregulated
16214,0,Unchanged
16215,374.648586509622,Upregulated
16216,4731878.35468373,Unchanged
16217,0.000822732305553807,Unchanged
16218,7.71406760623094e-05,Unchanged
16219,0,Unchanged
16220,15.3982566637509,Upregulated
16221,30.1210944091157,Upregulated
16222,8.36148789837127,Upregulated
16223,5.86723714836589,Upregulated
16224,25018994.6323607,Unchanged
16225,7.68627707316227e-07,Unchanged
16226,28125254.6860337,Unchanged
16227,64.0393864996359,Upregulated
16228,6.0492899143206,Upregulated
16229,0.0939507582036615,Downregulated
16230,1.52279535833748,Unchanged
16231,4.81893878991862,Upregulated
16232,27.6271223248069,Upregulated
16233,0,Unchanged
16234,0,Unchanged
16235,0.248515831079417,Downregulated
16236,2.04483374631873e-06,Unchanged
16237,905854.298151364,Unchanged
16238,0,Unchanged
16239,0,Unchanged
16240,0,Unchanged
16241,7031369.70611916,Unchanged
16242,57.8100331401457,Upregulated
16243,7.6862766945851e-07,Unchanged
16244,0.578555204374719,Unchanged
16245,1.90063815953338,Unchanged
16246,0.0220160544824667,Downregulated
16247,2.03954615828571,Upregulated
16248,102.233307532426,Upregulated
16249,0,Unchanged
16250,2.24673369141874,Upregulated
16251,33.3442405841289,Upregulated
16252,25146324.2650832,Unchanged
16253,1062942968.31818,Unchanged
16254,78393438.7990719,Unchanged
16255,115546634.941049,Unchanged
16256,1921597.08250679,Unchanged
16257,0,Unchanged
16258,17979.2441173359,Upregulated
16259,0,Unchanged
16260,0,Unchanged
16261,0,Unchanged
16262,0,Unchanged
16263,0,Unchanged
16264,5.00512718815974,Upregulated
16265,0,Unchanged
16266,7.60350275541555e-07,Unchanged
16267,2.19239354310489e-06,Unchanged
16268,7.58907963958557,Upregulated
16269,0,Unchanged
16270,22179006.4963376,Unchanged
16271,0,Unchanged
16272,0,Unchanged
16273,0,Unchanged
16274,10.1477709149384,Upregulated
16275,80133743.5181471,Unchanged
16276,80133756.0696975,Unchanged
16277,3086005.06307038,Unchanged
16278,0.5,Downregulated
16279,0,Unchanged
16280,0,Unchanged
16281,0,Unchanged
16282,0,Unchanged
16283,1.31111268736106e-07,Unchanged
16284,1.31111611153756e-07,Unchanged
16285,0.0783186623145999,Downregulated
16286,109.893969923957,Upregulated
16287,12.8621892551586,Upregulated
16288,4.25780580795991,Upregulated
16289,749411.421665586,Unchanged
16290,749411.489893824,Unchanged
16291,11759395.3305173,Unchanged
16292,6.38670909961408,Upregulated
16293,0.592970891497909,Unchanged
16294,0.548273526714834,Unchanged
16295,7.70779730361812,Upregulated
16296,1.44596125499763,Unchanged
16297,1.54437181807089,Unchanged
16298,0.630664336097181,Unchanged
16299,0.627981319228879,Unchanged
16300,0.630664364869996,Unchanged
16301,1.54437212682446,Unchanged
16302,0,Unchanged
16303,0.0373101446660484,Downregulated
16304,0.443575203926121,Downregulated
16305,0.248006437612577,Downregulated
16306,0.248006422398974,Downregulated
16307,0.578284887961808,Unchanged
16308,0.58070749990112,Unchanged
16309,0.214710750263487,Downregulated
16310,1.17135224207032,Unchanged
16311,0.891767621169984,Unchanged
16312,1.46268922028966,Unchanged
16313,2.78486655424486e-08,Unchanged
16314,0.0558128249984024,Downregulated
16315,0,Unchanged
16316,0,Unchanged
16317,0.301764268946226,Downregulated
16318,1.42364901241113,Unchanged
16319,10.355518084873,Upregulated
16320,1.93062530314911,Unchanged
16321,0.527366269158555,Unchanged
16322,0.539182570454871,Unchanged
16323,0,Unchanged
16324,0,Unchanged
16325,0,Unchanged
16326,1.82530943985429e-08,Unchanged
16327,1.82530943985429e-08,Unchanged
16328,0.595275718332641,Unchanged
16329,0,Unchanged
16330,4.76661303140498e-08,Unchanged
16331,0.0222004604441587,Downregulated
16332,0.0587888746927412,Downregulated
16333,9.30460851811972,Upregulated
16334,0,Unchanged
16335,2.17644506790293e-08,Unchanged
16336,2.17644539028632e-08,Unchanged
16337,8.4684931144972e-09,Unchanged
16338,8.4684931144972e-09,Unchanged
16339,2.22521106726939e-08,Unchanged
16340,8.83358195871352,Upregulated
16341,0.470467135538824,Downregulated
16342,0.649820653010794,Unchanged
16343,0.442284655601789,Downregulated
16344,0.442288675885802,Downregulated
16345,28.4813525912307,Upregulated
16346,0,Unchanged
16347,3.14855442724138e-07,Unchanged
16348,4.37614269500841e-07,Unchanged
16349,3.34429334918491,Upregulated
16350,11.532127544743,Upregulated
16351,6.4414097987725,Upregulated
16352,6.48944861108668,Upregulated
16353,7.28813757829857,Upregulated
16354,21.8974247129422,Upregulated
16355,0,Unchanged
16356,82473671.8387157,Unchanged
16357,2572585.83359533,Unchanged
16358,0.538547777641077,Unchanged
16359,0.970833532825912,Unchanged
16360,0,Unchanged
16361,2.42272811923853,Upregulated
16362,0,Unchanged
16363,37866365.5962784,Unchanged
16364,0,Unchanged
16365,86077.6935356504,Unchanged
16366,0.5,Downregulated
16367,0,Unchanged
16368,0,Unchanged
16369,0,Unchanged
16370,76192.4712267954,Unchanged
16371,9720434.57455973,Unchanged
16372,43.455511739091,Upregulated
16373,0,Unchanged
16374,0,Unchanged
16375,0,Unchanged
16376,0,Unchanged
16377,0,Unchanged
16378,0,Unchanged
16379,0,Unchanged
16380,0,Unchanged
16381,0,Unchanged
16382,0,Unchanged
16383,0,Unchanged
16384,0,Unchanged
16385,0,Unchanged
16386,4339534.67628123,Unchanged
16387,0,Unchanged
16388,0,Unchanged
16389,0,Unchanged
16390,0,Unchanged
16391,28.1018327976177,Upregulated
16392,0,Unchanged
16393,0,Unchanged
16394,0,Unchanged
16395,0.543922428742221,Unchanged
16396,0,Unchanged
16397,0,Unchanged
16398,6.95574094770563,Upregulated
16399,0,Unchanged
16400,0,Unchanged
16401,0,Unchanged
16402,10453729.9490731,Unchanged
16403,0,Unchanged
16404,0,Unchanged
16405,4.49386582037651e-06,Unchanged
16406,144898408.439897,Unchanged
16407,0,Unchanged
16408,4.27896291917584,Upregulated
16409,0,Unchanged
16410,0.515939624132868,Unchanged
16411,0,Unchanged
16412,2.81719185960309,Upregulated
16413,0.756763719557817,Unchanged
16414,0,Unchanged
16415,0,Unchanged
16416,676.322033803156,Upregulated
16417,80133752.6850094,Unchanged
16418,0,Unchanged
16419,4.09695910242813e-06,Unchanged
16420,11.7775580183575,Upregulated
16421,0,Unchanged
16422,1.65063380144969e-06,Unchanged
16423,64.1166175673354,Upregulated
16424,34.0063571561438,Upregulated
16425,2.25959996759216e-08,Unchanged
16426,0,Unchanged
16427,0.0383186606038208,Downregulated
16428,30.7965186756174,Upregulated
16429,5145171.89516847,Unchanged
16430,818463.07273861,Unchanged
16431,25.4583441652516,Upregulated
16432,0,Unchanged
16433,2,Upregulated
16434,24991793.1650838,Unchanged
16435,168033512.888195,Unchanged
16436,54.0741561938665,Upregulated
16437,25.4583652202527,Upregulated
16438,12885633.1480744,Unchanged
16439,4.63392503370036,Upregulated
16440,18.9759120932466,Upregulated
16441,5.86754846896548e-07,Unchanged
16442,26.8857087907418,Upregulated
16443,1,Unchanged
16444,0,Unchanged
16445,128.074251105472,Upregulated
16446,30889158.6025239,Unchanged
16447,0,Unchanged
16448,0,Unchanged
16449,0,Unchanged
16450,0,Unchanged
16451,0,Unchanged
16452,0,Unchanged
16453,0,Unchanged
16454,0,Unchanged
16455,0,Unchanged
16456,0,Unchanged
16457,0,Unchanged
16458,0,Unchanged
16459,651.870166478835,Upregulated
16460,295.625159317238,Upregulated
16461,0,Unchanged
16462,0,Unchanged
16463,80133758.0275075,Unchanged
16464,603902.849652983,Unchanged
16465,0,Unchanged
16466,0.0171618843147437,Downregulated
16467,0,Unchanged
16468,110.08459333758,Upregulated
16469,0,Unchanged
16470,0,Unchanged
16471,0,Unchanged
16472,0,Unchanged
16473,145.218425462188,Upregulated
16474,0,Unchanged
16475,2.39970791532904,Upregulated
16476,7.48778218310755,Upregulated
16477,7.48778218310755,Upregulated
16478,3.03718966497322e-07,Unchanged
16479,6.42697426393205e-06,Unchanged
16480,0,Unchanged
16481,4.77963453754845,Upregulated
16482,1.51162476818042e-07,Unchanged
16483,5.42887103401365,Upregulated
16484,5.25323314776933,Upregulated
16485,1.62109766749453e-05,Unchanged
16486,0,Unchanged
16487,6.50540292704965,Upregulated
16488,7.89533016554907e-06,Unchanged
16489,0,Unchanged
16490,293836.34054944,Unchanged
16491,0,Unchanged
16492,0.891572598460898,Unchanged
16493,0.466156757902313,Downregulated
16494,0,Unchanged
16495,0.254328422716437,Downregulated
16496,0,Unchanged
16497,0,Unchanged
16498,4.08188207710295,Upregulated
16499,15.9384120018122,Upregulated
16500,0,Unchanged
16501,26.8857087907361,Upregulated
16502,0,Unchanged
16503,4.93924980742825,Upregulated
16504,25.4583646141682,Upregulated
16505,4.93924980742825,Upregulated
16506,0,Unchanged
16507,130417626.232583,Unchanged
16508,240401285.680058,Unchanged
16509,80133739.0467101,Unchanged
16510,80133759.1225537,Unchanged
16511,80133767.7170089,Unchanged
16512,25.4583646141682,Upregulated
16513,26.8857063472437,Upregulated
16514,6.80885426861984e-09,Unchanged
16515,16.7780645349563,Upregulated
16516,7.37203342847972e-05,Unchanged
16517,13.4428543953575,Upregulated
16518,0.415468275795935,Downregulated
16519,5.85565648242883,Upregulated
16520,0,Unchanged
16521,5.11225359819662,Upregulated
16522,207.752473275614,Upregulated
16523,27405244.2490626,Unchanged
16524,16615694.2786148,Unchanged
16525,818448.548643992,Unchanged
16526,1.20797482102772,Unchanged
16527,19.1121824904349,Upregulated
16528,0,Unchanged
16529,0,Unchanged
16530,9.51496959106368,Upregulated
16531,9999.16967835551,Upregulated
16532,135.308722736347,Upregulated
16533,0.36498884311391,Downregulated
16534,11.0401214576518,Upregulated
16535,0,Unchanged
16536,0.00671904857461885,Unchanged
16537,0.526953692078555,Unchanged
16538,2.80958789308204e-06,Unchanged
16539,13.4433920183377,Upregulated
16540,16532222.2728407,Unchanged
16541,0.315552097978305,Downregulated
16542,0,Unchanged
16543,0,Unchanged
16544,2.0478927432066e-07,Unchanged
16545,0,Unchanged
16546,9.81918699818215e-05,Unchanged
16547,0.000283120408567731,Unchanged
16548,39387545.4108845,Unchanged
16549,17329610.2852438,Unchanged
16550,39666316.8500786,Unchanged
16551,24.2421503847964,Upregulated
16552,0.43436484343781,Downregulated
16553,0,Unchanged
16554,132.826886906866,Upregulated
16555,10.5795413774272,Upregulated
16556,1922751.34501821,Unchanged
16557,0,Unchanged
16558,0.293013230459487,Downregulated
16559,41496433.0262884,Unchanged
16560,0,Unchanged
16561,0,Unchanged
16562,0,Unchanged
16563,13.4428548274779,Upregulated
16564,1774340.07965506,Unchanged
16565,0,Unchanged
16566,56.615372789522,Upregulated
16567,0.000945734512193896,Unchanged
16568,49.2542958018942,Upregulated
16569,42.8740142699053,Upregulated
16570,0,Unchanged
16571,0.00505543285607883,Unchanged
16572,0,Unchanged
16573,7.66802035786958e-07,Unchanged
16574,62131.1896504814,Unchanged
16575,9.74752594209142,Upregulated
16576,0,Unchanged
16577,1.43595900215263,Unchanged
16578,8.45408115136861,Upregulated
16579,1.43595897487165,Unchanged
16580,2.33588918838372,Upregulated
16581,58.7775243717556,Upregulated
16582,499.18098525946,Upregulated
16583,63.6403922303231,Upregulated
16584,114250949.70957,Unchanged
16585,54.9259579828749,Upregulated
16586,53.3806360633781,Upregulated
16587,304.080572021302,Upregulated
16588,88721769.2034712,Unchanged
16589,88721769.2034712,Unchanged
16590,101054623.231598,Unchanged
16591,101054623.231598,Unchanged
16592,84.1177404217803,Upregulated
16593,101054623.231598,Unchanged
16594,17.8072420275959,Upregulated
16595,33.580078523936,Upregulated
16596,118.70622104309,Upregulated
16597,640.282230051598,Upregulated
16598,4753.37377507664,Upregulated
16599,138420772.007852,Unchanged
16600,0,Unchanged
16601,137.32322313483,Upregulated
16602,76.9954690339882,Upregulated
16603,23.5094375499836,Upregulated
16604,30498910.8279762,Unchanged
16605,80133762.9552159,Unchanged
16606,80133762.9552159,Unchanged
16607,40066881.477608,Unchanged
16608,91.608468266133,Upregulated
16609,79733202.9125239,Unchanged
16610,40066881.477608,Unchanged
16611,532.581444550073,Upregulated
16612,0,Unchanged
16613,109.017387520013,Upregulated
16614,39449222.6778189,Unchanged
16615,2909.00154450148,Upregulated
16616,40066875.7286152,Unchanged
16617,30.7965103295513,Upregulated
16618,6.71803984565379,Upregulated
16619,12352645.5946385,Unchanged
16620,34.2447689023194,Upregulated
16621,400.927675335406,Upregulated
16622,30.7965107660342,Upregulated
16623,41.2805848011921,Upregulated
16624,67.0737945399706,Upregulated
16625,0,Unchanged
16626,1502021.84993423,Unchanged
16627,12352838.5224475,Unchanged
16628,85.8694357249166,Upregulated
16629,30.8887311781104,Upregulated
16630,13.2546250487335,Upregulated
16631,33.3589089444466,Upregulated
16632,33.3589089444466,Upregulated
16633,40067047.0448613,Unchanged
16634,0,Unchanged
16635,40066903.6667122,Unchanged
16636,30.7965081495908,Upregulated
16637,8.30813821284903,Upregulated
16638,40066872.8769329,Unchanged
16639,14.4760495040763,Upregulated
16640,40066872.8769329,Unchanged
16641,14.4792151748777,Upregulated
16642,80133745.7538658,Unchanged
16643,80133758.0275075,Unchanged
16644,49.0398056134872,Upregulated
16645,27.9966349870942,Upregulated
16646,40066911.7412346,Unchanged
16647,18.3790954472873,Upregulated
16648,40066882.7654027,Unchanged
16649,30.7965146162891,Upregulated
16650,8.20526758209124,Upregulated
16651,132.729058965334,Upregulated
16652,8.20526758209124,Upregulated
16653,8.20706235134549,Upregulated
16654,0,Unchanged
16655,12.6125167801043,Upregulated
16656,33.3516166234889,Upregulated
16657,114.840099888316,Upregulated
16658,80133751.4572304,Unchanged
16659,80133751.4572304,Unchanged
16660,80133751.4572304,Unchanged
16661,40066886.0005166,Unchanged
16662,80133754.2404726,Unchanged
16663,40066877.1202363,Unchanged
16664,0,Unchanged
16665,38978668.8360456,Unchanged
16666,12352646.6063228,Unchanged
16667,0,Unchanged
16668,0,Unchanged
16669,80133745.7538658,Unchanged
16670,422.83563676043,Upregulated
16671,40067295.7128395,Unchanged
16672,40066872.8769329,Unchanged
16673,22.3230376514623,Upregulated
16674,22.3181585705488,Upregulated
16675,0,Unchanged
16676,53.6177599325536,Upregulated
16677,53.6177556280067,Upregulated
16678,2061.41832364021,Upregulated
16679,7.70722241696786,Upregulated
16680,114.840091714794,Upregulated
16681,36.0375936643461,Upregulated
16682,296.091065759876,Upregulated
16683,0,Unchanged
16684,0,Unchanged
16685,4577.7005534778,Upregulated
16686,0,Unchanged
16687,2135.09721816362,Upregulated
16688,0,Unchanged
16689,7.24149034366022e-05,Unchanged
16690,0,Unchanged
16691,0,Unchanged
16692,0,Unchanged
16693,2.5176352848291,Upregulated
16694,0,Unchanged
16695,1003.24681278338,Upregulated
16696,187.387604754922,Upregulated
16697,146.148832363545,Upregulated
16698,0,Unchanged
16699,2.9725590640588e-06,Unchanged
16700,0,Unchanged
16701,7.3899208784951e-06,Unchanged
16702,50.1401787991318,Upregulated
16703,9.14312680991412,Upregulated
16704,48817.2416326235,Unchanged
16705,65038598.4561541,Unchanged
16706,65038576.4086124,Unchanged
16707,120200633.482361,Unchanged
16708,120200633.482361,Unchanged
16709,120200633.482361,Unchanged
16710,3666.34428466956,Upregulated
16711,4.17818953569733,Upregulated
16712,0.331446843042884,Downregulated
16713,12519675.3020251,Unchanged
16714,9.66408071304054,Upregulated
16715,99.9178521532516,Upregulated
16716,337352.797399932,Unchanged
16717,220393.231623635,Unchanged
16718,5.24281923515366,Upregulated
16719,413.095872995352,Upregulated
16720,405332.624310003,Unchanged
16721,81331471.5048697,Unchanged
16722,1.52602841560401,Unchanged
16723,1727.06040951461,Upregulated
16724,24627672.3923855,Unchanged
16725,0,Unchanged
16726,20332906.4747592,Unchanged
16727,123.217910792668,Upregulated
16728,7.28664956348161e-07,Unchanged
16729,113.42032334556,Upregulated
16730,2.21180231417589,Upregulated
16731,24627672.3923855,Unchanged
16732,1727.06036972652,Upregulated
16733,2.79968338954824,Upregulated
16734,10927326.2192065,Unchanged
16735,21745401.0326998,Unchanged
16736,84.4076575102475,Upregulated
16737,16.9564522245715,Upregulated
16738,42437209.9913379,Unchanged
16739,63.1408713612545,Upregulated
16740,8.45175368880014,Upregulated
16741,24627674.0051619,Unchanged
16742,10123205.4207302,Unchanged
16743,1838769.78012329,Unchanged
16744,3.39629846542229,Upregulated
16745,0,Unchanged
16746,0,Unchanged
16747,0,Unchanged
16748,0,Unchanged
16749,2939.92110041977,Upregulated
16750,18.7794248836133,Upregulated
16751,14808028.8808343,Unchanged
16752,0,Unchanged
16753,5.65330609210007,Upregulated
16754,0,Unchanged
16755,15.9962369685699,Upregulated
16756,1.83219270812919,Unchanged
16757,12483940.9241045,Unchanged
16758,13.0561770393385,Upregulated
16759,13.0006348404187,Upregulated
16760,0,Unchanged
16761,1.84548282826601,Unchanged
16762,7404014.44041714,Unchanged
16763,6971.09132137368,Upregulated
16764,38.4461671127445,Upregulated
16765,0,Unchanged
16766,0,Unchanged
16767,103818159.530316,Unchanged
16768,12.8169931214151,Upregulated
16769,28.621084785251,Upregulated
16770,0.0924892711943874,Downregulated
16771,0.0924892748698489,Downregulated
16772,1.3011976279353,Unchanged
16773,0,Unchanged
16774,0,Unchanged
16775,656.664158543871,Upregulated
16776,437.747711175948,Upregulated
16777,0,Unchanged
16778,58.9750244822234,Upregulated
16779,5.51721875459334,Upregulated
16780,20.2297966106125,Upregulated
16781,10927330.7464518,Unchanged
16782,5.51721887393951,Upregulated
16783,20.2297965718943,Upregulated
16784,5.51842621314128,Upregulated
16785,5.51721768416653,Upregulated
16786,58.9750186233695,Upregulated
16787,20.229795270732,Upregulated
16788,5.51721706381418,Upregulated
16789,10927329.1038826,Unchanged
16790,20.2297959722136,Upregulated
16791,20.2297985070081,Upregulated
16792,5.51842329441039,Upregulated
16793,5.51721657724508,Upregulated
16794,20.2298014404775,Upregulated
16795,4.34856022524093,Upregulated
16796,10016724.1861701,Unchanged
16797,0,Unchanged
16798,20.2298046400766,Upregulated
16799,5.51721909498121,Upregulated
16800,5.51842501683254,Upregulated
16801,20.2297993470773,Upregulated
16802,5.51721760797958,Upregulated
16803,80097764.4937205,Unchanged
16804,8.72721369805764,Upregulated
16805,10927330.6514271,Unchanged
16806,5.51721806535746,Upregulated
16807,20.2298007499624,Upregulated
16808,80133762.7727082,Unchanged
16809,21854661.3028542,Unchanged
16810,0.351139844755329,Downregulated
16811,9.53323248240926,Upregulated
16812,76.9944686101679,Upregulated
16813,80097733.3445349,Unchanged
16814,21854655.0719523,Unchanged
16815,13638429.0530637,Unchanged
16816,0,Unchanged
16817,10334.3553793501,Upregulated
16818,12.9878119576116,Upregulated
16819,6246.55022324333,Upregulated
16820,791.301547249045,Upregulated
16821,88.5769856090642,Upregulated
16822,2338799.1923239,Unchanged
16823,155.548713165096,Upregulated
16824,211.701324563397,Upregulated
16825,0,Unchanged
16826,197.297473359379,Upregulated
16827,289.994228477162,Upregulated
16828,0,Unchanged
16829,109.343925675263,Upregulated
16830,8.39904859144767,Upregulated
16831,112.474625518901,Upregulated
16832,80133750.544692,Unchanged
16833,71.1644545472836,Upregulated
16834,19.4084874370366,Upregulated
16835,19.4084874370366,Upregulated
16836,55.7907970120023,Upregulated
16837,15.980668347584,Upregulated
16838,8.36332012567983,Upregulated
16839,30.7897721042626,Upregulated
16840,8.39721010964541,Upregulated
16841,8.39904898745653,Upregulated
16842,30.7897761263947,Upregulated
16843,30.7897766433958,Upregulated
16844,8.39905047804071,Upregulated
16845,8.39905047804071,Upregulated
16846,30.7897768916475,Upregulated
16847,30.7965067249503,Upregulated
16848,8.39721103143608,Upregulated
16849,8.39886908145504,Upregulated
16850,30.7958520329833,Upregulated
16851,30.795856150772,Upregulated
16852,8.39721151343721,Upregulated
16853,8.39904888061928,Upregulated
16854,30.7965167506726,Upregulated
16855,40066875.4714453,Unchanged
16856,21854651.861478,Unchanged
16857,101059967.961662,Unchanged
16858,80133756.2024304,Unchanged
16859,21854661.085655,Unchanged
16860,55.8089030804623,Upregulated
16861,40066878.1012152,Unchanged
16862,40066881.6506495,Unchanged
16863,21854661.1671047,Unchanged
16864,21854661.1671047,Unchanged
16865,80133763.3012991,Unchanged
16866,21761685.4659025,Unchanged
16867,80133759.4875692,Unchanged
16868,80133756.2024304,Unchanged
16869,21854662.4499379,Unchanged
16870,21854662.4499379,Unchanged
16871,80133756.2024304,Unchanged
16872,2927178.37889671,Unchanged
16873,3407937.10069868,Unchanged
16874,21854657.1828566,Unchanged
16875,80133755.1073842,Unchanged
16876,21854662.7621618,Unchanged
16877,83060932.4175487,Unchanged
16878,93207201.9699681,Unchanged
16879,93207201.9699681,Unchanged
16880,21761687.9694063,Unchanged
16881,80133738.9720479,Unchanged
16882,21761687.9694063,Unchanged
16883,80133738.9720479,Unchanged
16884,2927177.983712,Unchanged
16885,79792829.4185857,Unchanged
16886,21854660.8820307,Unchanged
16887,21854660.8820307,Unchanged
16888,79792829.4185857,Unchanged
16889,79792829.4185857,Unchanged
16890,21854660.8820307,Unchanged
16891,21854660.8820307,Unchanged
16892,79792829.4185857,Unchanged
16893,79792829.4185857,Unchanged
16894,21854661.7440402,Unchanged
16895,21854661.7440402,Unchanged
16896,79792829.4185857,Unchanged
16897,79792863.5291941,Unchanged
16898,21854664.5201187,Unchanged
16899,21854664.5201187,Unchanged
16900,79792863.5291941,Unchanged
16901,2927177.87235894,Unchanged
16902,2927178.22864006,Unchanged
16903,21854660.2372204,Unchanged
16904,21761688.9048554,Unchanged
16905,21854661.3435791,Unchanged
16906,79792855.8384709,Unchanged
16907,21761685.7149069,Unchanged
16908,80133754.2155852,Unchanged
16909,21761687.9694063,Unchanged
16910,80133754.2155852,Unchanged
16911,21761689.3086464,Unchanged
16912,80133762.4906508,Unchanged
16913,80133754.2155852,Unchanged
16914,21854661.4046664,Unchanged
16915,21854661.4046664,Unchanged
16916,80133754.2155852,Unchanged
16917,80133750.9366688,Unchanged
16918,10927330.5021026,Unchanged
16919,21854661.0042053,Unchanged
16920,40066875.4683344,Unchanged
16921,80133753.6473227,Unchanged
16922,21854661.9519067,Unchanged
16923,10927330.9759534,Unchanged
16924,0,Unchanged
16925,28.4813525912307,Upregulated
16926,229.477521389866,Upregulated
16927,49398168.5812152,Unchanged
16928,1513178.71221596,Unchanged
16929,89056222.9320698,Unchanged
16930,6.17139511542176,Upregulated
16931,50777274.4646465,Unchanged
16932,50777274.4646465,Unchanged
16933,535.231992953169,Upregulated
16934,50994217.7362462,Unchanged
16935,3.85703463716633e-05,Unchanged
16936,3.85703567602779e-05,Unchanged
16937,50.1807907993268,Upregulated
16938,0,Unchanged
16939,446.773479821493,Upregulated
16940,2.67796630823559,Upregulated
16941,0,Unchanged
16942,10030102.6253763,Unchanged
16943,82540986.4269182,Unchanged
16944,609633.571999492,Unchanged
16945,0,Unchanged
16946,0,Unchanged
16947,0,Unchanged
16948,28.621083005787,Upregulated
16949,161696890.219102,Unchanged
16950,5.51721836343196,Upregulated
16951,188.368203339148,Upregulated
16952,25.671569992643,Upregulated
16953,106.186706978992,Upregulated
16954,2.17406491087741,Upregulated
16955,2.17406476177131,Upregulated
16956,2.17406476177131,Upregulated
16957,1.97785880239934,Unchanged
16958,0.234467558500435,Downregulated
16959,16.8023269406591,Upregulated
16960,0.0575118708825878,Downregulated
16961,2.06173434627203,Upregulated
16962,0.485387379608377,Downregulated
16963,39.7427162193744,Upregulated
16964,21854675.7864116,Unchanged
16965,6.8028963905305,Upregulated
16966,11.405295099045,Upregulated
16967,70.5402273301646,Upregulated
16968,611284.893565147,Unchanged
16969,0.0931299509611499,Downregulated
16970,4.96922851840568,Upregulated
16971,4.96922931843187,Upregulated
16972,4.96922931843187,Upregulated
16973,3.33031221547196,Upregulated
16974,0.877003031042824,Unchanged
16975,0.877003026298182,Unchanged
16976,10927326.2192065,Unchanged
16977,3.56449740599421,Upregulated
16978,0,Unchanged
16979,8.63397397902475,Upregulated
16980,24.3774518558918,Upregulated
16981,14642912.2805533,Unchanged
16982,34143369.3760237,Unchanged
16983,52.7068827525011,Upregulated
16984,18.8488356749017,Upregulated
16985,778.29509446298,Upregulated
16986,116.92350154837,Upregulated
16987,1050.57924144771,Upregulated
16988,0,Unchanged
16989,9.74087508107878e-06,Unchanged
16990,28.0763026361688,Upregulated
16991,116.923492839132,Upregulated
16992,0,Unchanged
16993,252.897527811732,Upregulated
16994,0,Unchanged
16995,0,Unchanged
16996,9.74087508109278e-06,Unchanged
16997,0,Unchanged
16998,9.97889699738172e-06,Unchanged
16999,0,Unchanged
17000,0,Unchanged
17001,849.373109875778,Upregulated
17002,2551.60621257915,Upregulated
17003,392.695504689343,Upregulated
17004,2551.60753803556,Upregulated
17005,263462734.690259,Unchanged
17006,218.045623059233,Upregulated
17007,392.695533939911,Upregulated
17008,2613.95702006509,Upregulated
17009,392.695462168115,Upregulated
17010,2551.60770560659,Upregulated
17011,849.373551090814,Upregulated
17012,2551.60753803556,Upregulated
17013,392.695504689343,Upregulated
17014,2551.60753803556,Upregulated
17015,849.373551090814,Upregulated
17016,2551.60753803556,Upregulated
17017,523896983.95543,Unchanged
17018,168751405.768038,Unchanged
17019,4.15119842386957e-07,Unchanged
17020,266874026.579579,Unchanged
17021,296.287216682366,Upregulated
17022,63.6503714204471,Upregulated
17023,122.391082507566,Upregulated
17024,98.65926093666,Upregulated
17025,441.207458453026,Upregulated
17026,46.0069111199622,Upregulated
17027,34.2967322085599,Upregulated
17028,68.3606291135288,Upregulated
17029,68.3606291135288,Upregulated
17030,205.126719538068,Upregulated
17031,533747925.858417,Unchanged
17032,357.132517111975,Upregulated
17033,0,Unchanged
17034,21.6867222362342,Upregulated
17035,22.1252681313413,Upregulated
17036,0,Unchanged
17037,0,Unchanged
17038,21786636.6089594,Unchanged
17039,6.24526994383013,Upregulated
17040,2.83849557276435,Upregulated
17041,0.615061706133356,Unchanged
17042,0.632003886753985,Unchanged
17043,29.4020862783166,Upregulated
17044,47936500.857264,Unchanged
17045,0.157241726191954,Downregulated
17046,10.6010365493523,Upregulated
17047,3.69684854815532e-07,Unchanged
17048,359.644003743632,Upregulated
17049,741.887387674843,Upregulated
17050,933014058.953195,Unchanged
17051,466507436.135505,Unchanged
17052,59.952145528763,Upregulated
17053,2910.41889992192,Upregulated
17054,235.5398347166,Upregulated
17055,224.223573270814,Upregulated
17056,61.1644903308809,Upregulated
17057,933014058.953195,Unchanged
17058,117.769719937845,Upregulated
17059,235.539802252116,Upregulated
17060,213.677699391295,Upregulated
17061,466507029.476597,Unchanged
17062,94.2776858792568,Upregulated
17063,0,Unchanged
17064,202.396145747744,Upregulated
17065,199.625133428212,Upregulated
17066,395302049.561788,Unchanged
17067,329.037705751209,Upregulated
17068,0,Unchanged
17069,25.2275187253412,Upregulated
17070,26.6935590172514,Upregulated
17071,6.66224981614505e-07,Unchanged
17072,0,Unchanged
17073,0,Unchanged
17074,0,Unchanged
17075,0,Unchanged
17076,5.2443884440003,Upregulated
17077,3.64003026447202,Upregulated
17078,6.95023783072203,Upregulated
17079,13.0936198305903,Upregulated
17080,51.4504879932762,Upregulated
17081,51.450487997666,Upregulated
17082,224.117177569445,Upregulated
17083,134.668449771318,Upregulated
17084,18.1918122565528,Upregulated
17085,18.1918122565528,Upregulated
17086,6.95023681991661,Upregulated
17087,18.1918122565528,Upregulated
17088,18.1918142307293,Upregulated
17089,18.1918142307293,Upregulated
17090,18.1918142307293,Upregulated
17091,3.28393949596568,Upregulated
17092,43956345.1773221,Unchanged
17093,35427300.6452511,Unchanged
17094,58461341.3524126,Unchanged
17095,11.8136093956377,Upregulated
17096,8.07272134819301,Upregulated
17097,11.4151316251884,Upregulated
17098,2.74608746335165,Upregulated
17099,11.5179597929957,Upregulated
17100,7.17930636663272,Upregulated
17101,399.349828458372,Upregulated
17102,399.349828458372,Upregulated
17103,72.7557724981724,Upregulated
17104,72.7557724981724,Upregulated
17105,5.97010179518655,Upregulated
17106,5.97010179518655,Upregulated
17107,5.26726068398039,Upregulated
17108,5.97140724551665,Upregulated
17109,41.0589161746785,Upregulated
17110,41.0589161709506,Upregulated
17111,41.0589161709506,Upregulated
17112,39.9647751437401,Upregulated
17113,2.32948531553734,Upregulated
17114,41.4845172103631,Upregulated
17115,0,Unchanged
17116,0,Unchanged
17117,0,Unchanged
17118,17.4676662051692,Upregulated
17119,33.7086084591265,Upregulated
17120,37.8246513359898,Upregulated
17121,37.8246513359898,Upregulated
17122,49.2563866282959,Upregulated
17123,14.2189806721224,Upregulated
17124,3.05408297588608,Upregulated
17125,3.05408297588608,Upregulated
17126,8.84878276734518,Upregulated
17127,3.04109026677908,Upregulated
17128,36.4651528541426,Upregulated
17129,16.453567845242,Upregulated
17130,16.453567845242,Upregulated
17131,16.453567845242,Upregulated
17132,16.4535725531198,Upregulated
17133,21.2194039375954,Upregulated
17134,8.51062405529107,Upregulated
17135,8.91574489899185,Upregulated
17136,9.28725679845103,Upregulated
17137,12.9715016430652,Upregulated
17138,25.9373255779407,Upregulated
17139,9.30783886132561,Upregulated
17140,12.9715016430652,Upregulated
17141,16.7012772420932,Upregulated
17142,16.7012772420932,Upregulated
17143,33.3952442296619,Upregulated
17144,33.3952442296619,Upregulated
17145,0,Unchanged
17146,13.2379902717004,Upregulated
17147,2.63657205308236,Upregulated
17148,2.63657205308236,Upregulated
17149,23.7975957178695,Upregulated
17150,0,Unchanged
17151,0,Unchanged
17152,0,Unchanged
17153,0,Unchanged
17154,0.500000252450435,Unchanged
17155,0,Unchanged
17156,13.152868173799,Upregulated
17157,0,Unchanged
17158,0,Unchanged
17159,0,Unchanged
17160,36538100.0844011,Unchanged
17161,0.5,Downregulated
17162,0,Unchanged
17163,0,Unchanged
17164,0,Unchanged
17165,24834085.0508925,Unchanged
17166,0,Unchanged
17167,0,Unchanged
17168,3.99055124141983,Upregulated
17169,0,Unchanged
17170,0,Unchanged
17171,0,Unchanged
17172,74.2313393378996,Upregulated
17173,118785776.640873,Unchanged
17174,122598320.746728,Unchanged
17175,122598320.746728,Unchanged
17176,0,Unchanged
17177,10107847.1461005,Unchanged
17178,9.1787833548536,Upregulated
17179,9.01254270905931,Upregulated
17180,0,Unchanged
17181,18.0250857227546,Upregulated
17182,0,Unchanged
17183,0,Unchanged
17184,0,Unchanged
17185,10310348.6995745,Unchanged
17186,10310348.6995745,Unchanged
17187,143462868.798134,Unchanged
17188,0,Unchanged
17189,139001482.119141,Unchanged
17190,116.421180122137,Upregulated
17191,65.9949741395718,Upregulated
17192,0,Unchanged
17193,86071283.2680492,Unchanged
17194,173881101.486429,Unchanged
17195,173881101.486429,Unchanged
17196,11175289.5086558,Unchanged
17197,0,Unchanged
17198,0,Unchanged
17199,0,Unchanged
17200,0,Unchanged
17201,0,Unchanged
17202,0,Unchanged
17203,0,Unchanged
17204,0,Unchanged
17205,0,Unchanged
17206,0,Unchanged
17207,0,Unchanged
17208,0,Unchanged
17209,0,Unchanged
17210,0,Unchanged
17211,0,Unchanged
17212,0,Unchanged
17213,0,Unchanged
17214,0,Unchanged
17215,0,Unchanged
17216,16.9410571684774,Upregulated
17217,0,Unchanged
17218,73972352.7096229,Unchanged
17219,0,Unchanged
17220,0,Unchanged
17221,0,Unchanged
17222,0,Unchanged
17223,0,Unchanged
17224,0,Unchanged
17225,0,Unchanged
17226,0,Unchanged
17227,0,Unchanged
17228,0,Unchanged
17229,0,Unchanged
17230,0,Unchanged
17231,0,Unchanged
17232,0,Unchanged
17233,0,Unchanged
17234,0,Unchanged
17235,0,Unchanged
17236,264.71900580798,Upregulated
17237,0,Unchanged
17238,94836895.7729649,Unchanged
17239,92070838.7790808,Unchanged
17240,5.37778398917561e-06,Unchanged
17241,0,Unchanged
17242,0,Unchanged
17243,0,Unchanged
17244,0,Unchanged
17245,0,Unchanged
17246,18876160.4077002,Unchanged
17247,18876160.4077002,Unchanged
17248,2946501.9367115,Unchanged
17249,0,Unchanged
17250,0,Unchanged
17251,8416127.56675561,Unchanged
17252,0,Unchanged
17253,0,Unchanged
17254,0,Unchanged
17255,0,Unchanged
17256,21217236.7564093,Unchanged
17257,8.39904881194791,Upregulated
17258,3.40654186882146,Upregulated
17259,0,Unchanged
17260,0,Unchanged
17261,0,Unchanged
17262,0,Unchanged
17263,0,Unchanged
17264,0,Unchanged
17265,0,Unchanged
17266,6.08677031772853,Upregulated
17267,16.7983742118679,Upregulated
17268,10927335.5080747,Unchanged
17269,16.381521305334,Upregulated
17270,33.3114950496285,Upregulated
17271,0,Unchanged
17272,791.301538751211,Upregulated
17273,106.441758528022,Upregulated
17274,106.44178335262,Upregulated
17275,11.3317972865336,Upregulated
17276,0,Unchanged
17277,11.3317972865336,Upregulated
17278,0,Unchanged
17279,11.3317976631046,Upregulated
17280,0,Unchanged
17281,11.3317970401788,Upregulated
17282,0,Unchanged
17283,3.46826907674484,Upregulated
17284,791.285257477705,Upregulated
17285,2.7616903624456,Upregulated
17286,2.59932540727078,Upregulated
17287,2.59932535479749,Upregulated
17288,3.53842105759679,Upregulated
17289,11.3317971255231,Upregulated
17290,0,Unchanged
17291,11.3317971255231,Upregulated
17292,0,Unchanged
17293,3.46826901066752,Upregulated
17294,5.00512711212968,Upregulated
17295,5.00512725747163,Upregulated
17296,5.00512725747163,Upregulated
17297,0,Unchanged
17298,2.59932542684735,Upregulated
17299,3.53842105759679,Upregulated
17300,0,Unchanged
17301,131.840612418932,Upregulated
17302,0,Unchanged
17303,24.5113543292572,Upregulated
17304,0,Unchanged
17305,0,Unchanged
17306,0,Unchanged
17307,25.0071410383957,Upregulated
17308,18.3702551210814,Upregulated
17309,25.0071410383957,Upregulated
17310,18.3702551210814,Upregulated
17311,18.3702551210814,Upregulated
17312,25.0071410383957,Upregulated
17313,80.0853952437492,Upregulated
17314,0,Unchanged
17315,25.0071410383957,Upregulated
17316,80.0853952437492,Upregulated
17317,0,Unchanged
17318,18.3702551210814,Upregulated
17319,80.0853952437492,Upregulated
17320,0,Unchanged
17321,36.458962127272,Upregulated
17322,0,Unchanged
17323,0,Unchanged
17324,11.1588203624216,Upregulated
17325,13.9206938852105,Upregulated
17326,23.1552313499001,Upregulated
17327,0,Unchanged
17328,0,Unchanged
17329,0,Unchanged
17330,2.47507995759001,Upregulated
17331,3.36928764313841,Upregulated
17332,0,Unchanged
17333,2.47508019474218,Upregulated
17334,3.36928796596996,Upregulated
17335,10.7901482232782,Upregulated
17336,0.577003351429859,Unchanged
17337,0,Unchanged
17338,0.132354953599518,Downregulated
17339,3.37811317338735,Upregulated
17340,3.37811317338735,Upregulated
17341,10.8184109592321,Upregulated
17342,2.48156319539808,Upregulated
17343,3.37811280679435,Upregulated
17344,2.48156292609872,Upregulated
17345,3.37811280679435,Upregulated
17346,2.48156292609872,Upregulated
17347,28.3314413437533,Upregulated
17348,90.7314704370197,Upregulated
17349,20.8122873635814,Upregulated
17350,28.3314413437533,Upregulated
17351,90.7314704370197,Upregulated
17352,90.7314704370197,Upregulated
17353,90.7314704370197,Upregulated
17354,0,Unchanged
17355,62.3311161942936,Upregulated
17356,0,Unchanged
17357,0,Unchanged
17358,260.078051935798,Upregulated
17359,0,Unchanged
17360,10.8184116071855,Upregulated
17361,0,Unchanged
17362,10.8184116071855,Upregulated
17363,0,Unchanged
17364,60.5881478070098,Upregulated
17365,3.17707125260171,Upregulated
17366,3.23464039221055,Upregulated
17367,5.13652455975355,Upregulated
17368,15.2770850107662,Upregulated
17369,15.2770850107662,Upregulated
17370,15.2770850107662,Upregulated
17371,15.2770850107662,Upregulated
17372,15.2770860181291,Upregulated
17373,15.2770926829821,Upregulated
17374,15.2737511008742,Upregulated
17375,10.2212845851981,Upregulated
17376,0,Unchanged
17377,0,Unchanged
17378,0,Unchanged
17379,0,Unchanged
17380,0,Unchanged
17381,209.662545772805,Upregulated
17382,0,Unchanged
17383,11.1933268593448,Upregulated
17384,8.74517749975513,Upregulated
17385,0,Unchanged
17386,0,Unchanged
17387,0,Unchanged
17388,0,Unchanged
17389,0,Unchanged
17390,0,Unchanged
17391,0,Unchanged
17392,0,Unchanged
17393,0,Unchanged
17394,0,Unchanged
17395,72.2870141586539,Upregulated
17396,72.2870141586539,Upregulated
17397,72.2870141586539,Upregulated
17398,25.2274689728846,Upregulated
17399,0,Unchanged
17400,0,Unchanged
17401,0,Unchanged
17402,0,Unchanged
17403,0,Unchanged
17404,0,Unchanged
17405,39.6336569442411,Upregulated
17406,97.7193341087758,Upregulated
17407,39.6336569442411,Upregulated
17408,39.6336569442411,Upregulated
17409,40.3518202979606,Upregulated
17410,40.3518202979606,Upregulated
17411,163.152356042025,Upregulated
17412,90.5724606052271,Upregulated
17413,90.5724605993717,Upregulated
17414,0,Unchanged
17415,0,Unchanged
17416,0,Unchanged
17417,0,Unchanged
17418,0,Unchanged
17419,56330561.709345,Unchanged
17420,55.134814031802,Upregulated
17421,66762827.4779059,Unchanged
17422,86940550.7432147,Unchanged
17423,82163694.1378699,Unchanged
17424,44969454.7604393,Unchanged
17425,64870028.0553459,Unchanged
17426,38804929.5787091,Unchanged
17427,27.3095319682343,Upregulated
17428,26248389.8643728,Unchanged
17429,13220480.2468015,Unchanged
17430,16.3117797276287,Upregulated
17431,12.1846669517285,Upregulated
17432,30417.5606194082,Unchanged
17433,9.3392064089459,Upregulated
17434,47418449.6996148,Unchanged
17435,42739173.6778141,Unchanged
17436,26268886.2012369,Unchanged
17437,20.1910030444758,Upregulated
17438,20864536.0158941,Unchanged
17439,2.31217049285976,Upregulated
17440,10432266.547958,Unchanged
17441,10034591.3076666,Unchanged
17442,27.0607439104286,Upregulated
17443,0,Unchanged
17444,22.8508185499864,Upregulated
17445,0,Unchanged
17446,7.91256031450525,Upregulated
17447,1.13133128379267,Unchanged
17448,4.73814412783873,Upregulated
17449,9.00394825093259,Upregulated
17450,0,Unchanged
17451,42.1673472919431,Upregulated
17452,42.1673472919431,Upregulated
17453,9.00394762733833,Upregulated
17454,1.33611818199391,Unchanged
17455,7258349.9690575,Unchanged
17456,0,Unchanged
17457,3615906.6488748,Unchanged
17458,10927330.6919279,Unchanged
17459,10929440.3952198,Unchanged
17460,10929440.3952198,Unchanged
17461,2.45588139910876,Upregulated
17462,10927329.9896482,Unchanged
17463,23.9588237031191,Upregulated
17464,0,Unchanged
17465,3615906.63916943,Unchanged
17466,2.45588139910876,Upregulated
17467,8.3990470014797,Upregulated
17468,57.8862111203253,Upregulated
17469,21854659.9792963,Unchanged
17470,0.246913943175893,Downregulated
17471,11178106.8314592,Unchanged
17472,2.7586087887503,Upregulated
17473,0,Unchanged
17474,9.53690839555567e-07,Unchanged
17475,10.4212942853679,Upregulated
17476,19.2287215524103,Upregulated
17477,21854659.504173,Unchanged
17478,0.24691393780795,Downregulated
17479,2.42189454251133,Upregulated
17480,6.12410261971314,Upregulated
17481,83.9840151155274,Upregulated
17482,3.32866338927482,Upregulated
17483,37.410251765701,Upregulated
17484,0,Unchanged
17485,7.49915985529646,Upregulated
17486,10927329.8343847,Unchanged
17487,4.59690532357918,Upregulated
17488,0.277553366943245,Downregulated
17489,6.4116642889772,Upregulated
17490,8.58978292084374,Upregulated
17491,0.00584438340876162,Unchanged
17492,10927329.8343847,Unchanged
17493,0,Unchanged
17494,181.056343198307,Upregulated
17495,277.442002837799,Upregulated
17496,385308.352271279,Unchanged
17497,12.3930597819443,Upregulated
17498,8.39886988440196,Upregulated
17499,13638432.1179837,Unchanged
17500,10927329.9896482,Unchanged
17501,2.75860926788741,Upregulated
17502,5.51721814957681,Upregulated
17503,6048802.323342,Unchanged
17504,8.39721126251233,Upregulated
17505,3.80555428340378,Upregulated
17506,3.83898481017469,Upregulated
17507,21854659.9792963,Unchanged
17508,21854659.9792963,Unchanged
17509,21854659.9792963,Unchanged
17510,5.76113062444977,Upregulated
17511,21854659.9792963,Unchanged
17512,8.39721148084542,Upregulated
17513,8.39905245311043,Upregulated
17514,0,Unchanged
17515,181.016709960345,Upregulated
17516,21854659.9792963,Unchanged
17517,10927329.9896482,Unchanged
17518,10927329.9896482,Unchanged
17519,10927329.9896482,Unchanged
17520,10927329.9896482,Unchanged
17521,0,Unchanged
17522,10927329.7520865,Unchanged
17523,0,Unchanged
17524,0.383720494809093,Downregulated
17525,4.01483413862679,Upregulated
17526,2.14110138684066,Upregulated
17527,2.14110138684066,Upregulated
17528,2.14110216764522,Upregulated
17529,0.371151172797016,Downregulated
17530,2.14110140296616,Upregulated
17531,2.1411018164108,Upregulated
17532,2.14110140296616,Upregulated
17533,2.38014887393544,Upregulated
17534,0.884962952302946,Unchanged
17535,0.884962825858279,Unchanged
17536,0.884962828866959,Unchanged
17537,0.884962839115881,Unchanged
17538,0.884962797500903,Unchanged
17539,0.884962955367385,Unchanged
17540,385308.352261732,Unchanged
17541,8.30859917107617,Upregulated
17542,0,Unchanged
17543,10.9520567062971,Upregulated
17544,4.82911916297119,Upregulated
17545,14.3138636549583,Upregulated
17546,2.80575436631736e-07,Unchanged
17547,7.75007955589617,Upregulated
17548,0.270911620224445,Downregulated
17549,5.84439578029561,Upregulated
17550,22.1982288137389,Upregulated
17551,7.60264255674052,Upregulated
17552,404771172.351403,Unchanged
17553,0,Unchanged
17554,1.87251314803138e-06,Unchanged
17555,11.6059037407027,Upregulated
17556,7.84827601747177,Upregulated
17557,3.38045857757632e-07,Unchanged
17558,2.48890971072872,Upregulated
17559,309.727065781774,Upregulated
17560,1.97400708051234,Unchanged
17561,6.31731322056603,Upregulated
17562,233.308125363646,Upregulated
17563,157608274.550883,Unchanged
17564,0,Unchanged
17565,39196719.399536,Unchanged
17566,10.3345700863983,Upregulated
17567,1793071.63408217,Unchanged
17568,1,Unchanged
17569,82473671.8387157,Unchanged
17570,82473671.8387157,Unchanged
17571,152846470.333723,Unchanged
17572,295607.384935252,Unchanged
17573,1296.9700596444,Upregulated
17574,2297981.56426532,Unchanged
17575,1,Unchanged
17576,1,Unchanged
17577,40066877.5013248,Unchanged
17578,80133760.5826155,Unchanged
17579,40066898.0858185,Unchanged
17580,40066879.9262923,Unchanged
17581,40066878.2152825,Unchanged
17582,401.442505328201,Upregulated
17583,40066879.6036564,Unchanged
17584,38856341.4572597,Unchanged
17585,38856345.5060009,Unchanged
17586,0,Unchanged
17587,0,Unchanged
17588,1524484.06122807,Unchanged
17589,1524484.00587522,Unchanged
17590,1524484.01294974,Unchanged
17591,1524484.06616321,Unchanged
17592,40457574.726118,Unchanged
17593,76.0188725652991,Upregulated
17594,1.98101957366248e-06,Unchanged
17595,11.1073690676891,Upregulated
17596,101988482.066294,Unchanged
17597,50777266.3854625,Unchanged
17598,50994208.3710353,Unchanged
17599,50994212.6049126,Unchanged
17600,50994212.6049126,Unchanged
17601,536440071.088749,Unchanged
17602,116.84530903023,Upregulated
17603,193.814301825519,Upregulated
17604,197.094620515433,Upregulated
17605,146.242695869386,Upregulated
17606,39.4887743583767,Upregulated
17607,7.27088560810475,Upregulated
17608,7107.95223525548,Upregulated
17609,0,Unchanged
17610,132.687697298629,Upregulated
17611,0.00014186577314423,Unchanged
17612,0,Unchanged
17613,30.7965132837039,Upregulated
17614,20.2342245663093,Upregulated
17615,13.4865341984674,Upregulated
17616,1.05671903747412e-05,Unchanged
17617,0,Unchanged
17618,0,Unchanged
17619,55248851.3970278,Unchanged
17620,46.8706781084014,Upregulated
17621,0,Unchanged
17622,0,Unchanged
17623,541.086951605977,Upregulated
17624,1.67767738498793,Unchanged
17625,0,Unchanged
17626,0,Unchanged
17627,0,Unchanged
17628,2.34740474554923e-07,Unchanged
17629,0,Unchanged
17630,0,Unchanged
17631,3.88077626871068,Upregulated
17632,2.34740452263489e-07,Unchanged
17633,0.588776952368793,Unchanged
17634,2.34791932219499e-07,Unchanged
17635,4.41982463286195e-08,Unchanged
17636,0,Unchanged
17637,234.042161189181,Upregulated
17638,0.274163237046294,Downregulated
17639,0,Unchanged
17640,14.1037317552823,Upregulated
17641,0.169900297403131,Downregulated
17642,13.619291276427,Upregulated
17643,0.343563618125242,Downregulated
17644,0.293384803678923,Downregulated
17645,1.00470951971019,Unchanged
17646,36926853.5571137,Unchanged
17647,224.651950813141,Upregulated
17648,12.2460543183665,Upregulated
17649,34.4017359634221,Upregulated
17650,468410.082143561,Unchanged
17651,778281.459001009,Unchanged
17652,39449203.2274356,Unchanged
17653,43387903.3807091,Unchanged
17654,31277.8592826221,Unchanged
17655,523896711.812241,Unchanged
17656,43573278.9796918,Unchanged
17657,6.21366702025306,Upregulated
17658,261950390.92562,Unchanged
17659,247.038300239233,Upregulated
17660,3012.45153726024,Upregulated
17661,1.98702161844956,Unchanged
17662,7.39153773361068e-06,Unchanged
17663,0,Unchanged
17664,0,Unchanged
17665,0,Unchanged
17666,7.70929350956351e-07,Unchanged
17667,0,Unchanged
17668,2.5878071145371e-06,Unchanged
17669,80133745.2265639,Unchanged
17670,79733140.0991948,Unchanged
17671,28.2574697674397,Upregulated
17672,64274582.1238811,Unchanged
17673,30.7897776370708,Upregulated
17674,27.9905051093746,Upregulated
17675,0,Unchanged
17676,0,Unchanged
17677,30.7965087264643,Upregulated
17678,52760988.1705687,Unchanged
17679,3.66448468601191,Upregulated
17680,30.7965348327439,Upregulated
17681,0,Unchanged
17682,4.82560956566402e-07,Unchanged
17683,19.3347083748895,Upregulated
17684,67.0738111772554,Upregulated
17685,0,Unchanged
17686,0,Unchanged
17687,0,Unchanged
17688,1.15803008476131,Unchanged
17689,0,Unchanged
17690,0,Unchanged
17691,1234958.02766291,Unchanged
17692,1234958.17150783,Unchanged
17693,1.56514789585773,Unchanged
17694,0,Unchanged
17695,0,Unchanged
17696,0,Unchanged
17697,0,Unchanged
17698,0.996357283719586,Unchanged
17699,0,Unchanged
17700,0,Unchanged
17701,0,Unchanged
17702,0,Unchanged
17703,0.5,Downregulated
17704,9.91384711132358,Upregulated
17705,366106.435820198,Unchanged
17706,0.0279161322588014,Downregulated
17707,0,Unchanged
17708,0,Unchanged
17709,0,Unchanged
17710,0,Unchanged
17711,0,Unchanged
17712,320373.383096392,Unchanged
17713,0,Unchanged
17714,14.3748186609075,Upregulated
17715,1071403.17674855,Unchanged
17716,31.9786075555622,Upregulated
17717,1.02852519409882,Unchanged
17718,2.70400860577932,Upregulated
17719,0.497385351967502,Downregulated
17720,38.8027897374746,Upregulated
17721,239.845365233986,Upregulated
17722,1090053.49061802,Unchanged
17723,4527023.85689155,Unchanged
17724,2285055.31010212,Unchanged
17725,1515420.53069564,Unchanged
17726,126823807.17261,Unchanged
17727,17664235.6163984,Unchanged
17728,1429402.03036263,Unchanged
17729,255863803.82289,Unchanged
17730,0,Unchanged
17731,46880242.7614508,Unchanged
17732,2548885.8835408,Unchanged
17733,5.04900857890789e-07,Unchanged
17734,0,Unchanged
17735,0,Unchanged
17736,70345611.9217456,Unchanged
17737,44.3964591070889,Upregulated
17738,155794459.215776,Unchanged
17739,160.842836275857,Upregulated
17740,46.8230964383884,Upregulated
17741,0,Unchanged
17742,0.303485147621018,Downregulated
17743,0,Unchanged
17744,32.2120905146887,Upregulated
17745,0.253641476722833,Downregulated
17746,1.11273373496572,Unchanged
17747,35.8295400230421,Upregulated
17748,93126869.3305855,Unchanged
17749,18.5131313035229,Upregulated
17750,781.152246689508,Upregulated
17751,649.231692395315,Upregulated
17752,2.38673181183913e-06,Unchanged
17753,2.36848686674874,Upregulated
17754,189.242157164183,Upregulated
17755,2.55205987366096,Upregulated
17756,47.8760563780784,Upregulated
17757,0.327031935409933,Downregulated
17758,96.5550960936922,Upregulated
17759,311.050289380678,Upregulated
17760,28.1752782039291,Upregulated
17761,0,Unchanged
17762,1146672.04740372,Unchanged
17763,243329.302007652,Unchanged
17764,14.3123007574161,Upregulated
17765,38674.8290410429,Unchanged
17766,0,Unchanged
17767,6900.15782768729,Upregulated
17768,0,Unchanged
17769,0,Unchanged
17770,651868.606436687,Unchanged
17771,0,Unchanged
17772,0,Unchanged
17773,0,Unchanged
17774,0,Unchanged
17775,0,Unchanged
17776,0,Unchanged
17777,0,Unchanged
17778,0,Unchanged
17779,0,Unchanged
17780,0,Unchanged
17781,0,Unchanged
17782,0,Unchanged
17783,0,Unchanged
17784,0,Unchanged
17785,0,Unchanged
17786,0,Unchanged
17787,0,Unchanged
17788,0,Unchanged
17789,0,Unchanged
17790,0,Unchanged
17791,0,Unchanged
17792,0,Unchanged
17793,0,Unchanged
17794,0,Unchanged
17795,0,Unchanged
17796,0,Unchanged
17797,0,Unchanged
17798,2.80717270828745e-06,Unchanged
17799,6.1576296844348e-07,Unchanged
17800,481.677301084505,Upregulated
17801,44.4061698388107,Upregulated
17802,0.281164554133396,Downregulated
17803,154.504388214021,Upregulated
17804,35.3458822435844,Upregulated
17805,32.3117332799359,Upregulated
17806,21.3081504349452,Upregulated
17807,0,Unchanged
17808,419.18006297319,Upregulated
17809,50597724.1583717,Unchanged
17810,50382476.8830101,Unchanged
17811,12.7190753607373,Upregulated
17812,12.7734176615789,Upregulated
17813,4.86646277251248,Upregulated
17814,15.9444885304538,Upregulated
17815,27693.386286279,Unchanged
17816,146.52350036191,Upregulated
17817,67789136.1128643,Unchanged
17818,68572707.3340837,Unchanged
17819,112.635477033719,Upregulated
17820,40.4517492756332,Upregulated
17821,131.668467570684,Upregulated
17822,0,Unchanged
17823,394.074048391888,Upregulated
17824,7.67934501902572e-06,Unchanged
17825,4347194.2614894,Unchanged
17826,16532197.3371543,Unchanged
17827,24235305.8988632,Unchanged
17828,32367851.4511503,Unchanged
17829,45353189.8227699,Unchanged
17830,1.56312432535253e-06,Unchanged
17831,2.01454456351018,Upregulated
17832,1.97736036684612,Unchanged
17833,0,Unchanged
17834,0,Unchanged
17835,532305.498942653,Unchanged
17836,0,Unchanged
17837,31584190.1606293,Unchanged
17838,12.6387141213349,Upregulated
17839,1.97519863461047,Unchanged
17840,0.872403451327475,Unchanged
17841,114250949.70957,Unchanged
17842,681.887692230885,Upregulated
17843,0.0539823360434583,Downregulated
17844,8.53077609479034,Upregulated
17845,941.470009821924,Upregulated
17846,24583019.1106668,Unchanged
17847,0.970215875226607,Unchanged
17848,280.832247947356,Upregulated
17849,242093737.780055,Unchanged
17850,0.0264069495848992,Downregulated
17851,31386566.0654505,Unchanged
17852,0,Unchanged
17853,153.614575910317,Upregulated
17854,73.4442900521659,Upregulated
17855,65038598.4561541,Unchanged
17856,17.8027995448925,Upregulated
17857,0.0300598496189269,Downregulated
17858,63227102.898656,Unchanged
17859,2.68016453379673e-05,Unchanged
17860,4087724.0983993,Unchanged
17861,22986.538947078,Unchanged
17862,1.00064630714769e-05,Unchanged
17863,6.39509945283966,Upregulated
17864,12.430181361722,Upregulated
17865,97.4816577510192,Upregulated
17866,3.30144080768727e-06,Unchanged
17867,1.1260011983477,Unchanged
17868,374.322301524423,Upregulated
17869,754.301266815378,Upregulated
17870,7.77291967703793,Upregulated
17871,3.45698859613984e-05,Unchanged
17872,0,Unchanged
17873,0,Unchanged
17874,0,Unchanged
17875,0,Unchanged
17876,8.62102430214759,Upregulated
17877,9.21790771112867,Upregulated
17878,11.2569998022286,Upregulated
17879,0.300925700896511,Downregulated
17880,7.31402693188699,Upregulated
17881,1.09961439648456,Unchanged
17882,0.693234667469434,Unchanged
17883,0,Unchanged
17884,14.4514395288466,Upregulated
17885,32.5681489286105,Upregulated
17886,0,Unchanged
17887,3.17393959807862e-07,Unchanged
17888,16.325830066973,Upregulated
17889,0.939989448040283,Unchanged
17890,15.694934536433,Upregulated
17891,0.495928117339245,Downregulated
17892,7.36231884024328,Upregulated
17893,14.3551461453618,Upregulated
17894,104.677636230276,Upregulated
17895,0.617625861131781,Unchanged
17896,121.782855691363,Upregulated
17897,0,Unchanged
17898,7.68627787437026e-07,Unchanged
17899,61.3957317834958,Upregulated
17900,61.1179244288206,Upregulated
17901,51.0272549564738,Upregulated
17902,0,Unchanged
17903,0.000224744950574059,Unchanged
17904,0.247520641108228,Downregulated
17905,75.6861359752205,Upregulated
17906,30.6961249273393,Upregulated
17907,4.57331246448789,Upregulated
17908,0.511047492676843,Unchanged
17909,0,Unchanged
17910,123.285354904689,Upregulated
17911,3.3633943372217,Upregulated
17912,1.0637751251291e-06,Unchanged
17913,0,Unchanged
17914,38.6114999114761,Upregulated
17915,0,Unchanged
17916,3.27976995387109,Upregulated
17917,0,Unchanged
17918,0.233557501788069,Downregulated
17919,4.16057556539685,Upregulated
17920,1.0978930046918,Unchanged
17921,0,Unchanged
17922,2.40858629823786e-06,Unchanged
17923,1.15149891208875,Unchanged
17924,0.000224785775464985,Unchanged
17925,67.0250165258217,Upregulated
17926,7.68459703010649e-07,Unchanged
17927,35.5804977988295,Upregulated
17928,7.68396299104974e-05,Unchanged
17929,1.34326150952374,Unchanged
17930,1.02566741190987e-06,Unchanged
17931,7.84140680918361e-07,Unchanged
17932,4.46759503862287,Upregulated
17933,1.73026818931933,Unchanged
17934,1.24673596666289,Unchanged
17935,5.77974803810811,Upregulated
17936,0,Unchanged
17937,0,Unchanged
17938,0,Unchanged
17939,0,Unchanged
17940,0,Unchanged
17941,0,Unchanged
17942,0,Unchanged
17943,0,Unchanged
17944,0,Unchanged
17945,0,Unchanged
17946,0,Unchanged
17947,0,Unchanged
17948,0,Unchanged
17949,0,Unchanged
17950,6.1811740888697,Upregulated
17951,0,Unchanged
17952,0,Unchanged
17953,0,Unchanged
17954,0,Unchanged
17955,0,Unchanged
17956,0,Unchanged
17957,0,Unchanged
17958,0,Unchanged
17959,0,Unchanged
17960,0,Unchanged
17961,0,Unchanged
17962,0,Unchanged
17963,7.68459703010649e-07,Unchanged
17964,30.42814026546,Upregulated
17965,7.68459703010649e-07,Unchanged
17966,7.68459703010649e-07,Unchanged
17967,3.85506483295167,Upregulated
17968,406.676850359166,Upregulated
17969,1.2473110119236e-06,Unchanged
17970,18.2566887343061,Upregulated
17971,9.59802597534988e-07,Unchanged
17972,7.06016920922547e-06,Unchanged
17973,291.622934060709,Upregulated
17974,91971372.2600315,Unchanged
17975,5.69521543849144,Upregulated
17976,4.67821721440935,Upregulated
17977,0.435788085505777,Downregulated
17978,3.8172409909394,Upregulated
17979,9.80654881550219e-07,Unchanged
17980,0,Unchanged
17981,2.31381342619381,Upregulated
17982,25193556.7053262,Unchanged
17983,50382480.5321352,Unchanged
17984,25298859.5365222,Unchanged
17985,19.4454111013223,Upregulated
17986,19.4454108692544,Upregulated
17987,1.02521846304052,Unchanged
17988,9425311.82008231,Unchanged
17989,2693224.2027568,Unchanged
17990,0,Unchanged
17991,2.64178480703993,Upregulated
17992,5416380.56508598,Unchanged
17993,4.17066371912883,Upregulated
17994,7.40907223285266,Upregulated
17995,7.40907391114089,Upregulated
17996,0.899141287503581,Unchanged
17997,36.2312770689983,Upregulated
17998,4.47696025710852,Upregulated
17999,4.91524311917752,Upregulated
18000,138.605834899926,Upregulated
18001,296640983.957467,Unchanged
18002,1.69184901618663,Unchanged
18003,14640238.1570482,Unchanged
18004,1.07307128965587e-07,Unchanged
18005,0.25111831155528,Downregulated
18006,162.350355829586,Upregulated
18007,0.446545446763076,Downregulated
18008,0,Unchanged
18009,5.43625940831978,Upregulated
18010,1.22279078839049,Unchanged
18011,11.7311750905467,Upregulated
18012,11.6118166587174,Upregulated
18013,0.102786726494802,Downregulated
18014,7.02507435457786e-05,Unchanged
18015,0,Unchanged
18016,2621535.89335144,Unchanged
18017,875829.799664408,Unchanged
18018,0.489980110597633,Downregulated
18019,2.13407999203909e-05,Unchanged
18020,0.040087607070248,Downregulated
18021,0.745690728611755,Unchanged
18022,0.628128974703433,Unchanged
18023,137.636914888976,Upregulated
18024,0,Unchanged
18025,0.479415122066998,Downregulated
18026,0.265024195404903,Downregulated
18027,0.979304367304732,Unchanged
18028,33.1739049020398,Upregulated
18029,0.0499831789262891,Downregulated
18030,0.212713035988624,Downregulated
18031,0.0850910336867295,Downregulated
18032,4.75895905011373e-06,Unchanged
18033,20.6153494928967,Upregulated
18034,0.712165950347548,Unchanged
18035,3.98505944079955e-07,Unchanged
18036,0.000442400207360332,Unchanged
18037,1.46172807537779,Unchanged
18038,1.67406288535006,Unchanged
18039,9.77981541456696,Upregulated
18040,10.1965062062298,Upregulated
18041,3.95248104530059e-06,Unchanged
18042,0.217226339898481,Downregulated
18043,0.499615724078652,Downregulated
18044,4.08477521761714,Upregulated
18045,1.6082088287897e-05,Unchanged
18046,13.5188882768595,Upregulated
18047,39.8705845788136,Upregulated
18048,0.175109029401689,Downregulated
18049,18.8146792544032,Upregulated
18050,0,Unchanged
18051,22443998.2707536,Unchanged
18052,666433060.230864,Unchanged
18053,734147040.567876,Unchanged
18054,0.0247146278243744,Downregulated
18055,109.215019796758,Upregulated
18056,111.803147320751,Upregulated
18057,18.9061668975845,Upregulated
18058,0,Unchanged
18059,0.177774700771305,Downregulated
18060,2.04961849242634,Upregulated
18061,20.6941786766432,Upregulated
18062,20.6941806278269,Upregulated
18063,0.0166981568146877,Downregulated
18064,13.5830713301339,Upregulated
18065,13.5753928512003,Upregulated
18066,0.00010202195679855,Unchanged
18067,486668.129808898,Unchanged
18068,23.5620053103204,Upregulated
18069,23.9228956532268,Upregulated
18070,1.75178371647851e-06,Unchanged
18071,1.0319470288044,Unchanged
18072,0.0247200412835002,Downregulated
18073,1.17036122494104e-07,Unchanged
18074,0.151038505296111,Downregulated
18075,7.13954104114166,Upregulated
18076,21.5189458433852,Upregulated
18077,7.28721493684967e-07,Unchanged
18078,0.167885735705949,Downregulated
18079,327286137.096355,Unchanged
18080,166.495639728343,Upregulated
18081,0.803960649876133,Unchanged
18082,1.71909592091445e-06,Unchanged
18083,2.38313330465866e-07,Unchanged
18084,5.94679242670563e-07,Unchanged
18085,7.10219824635194,Upregulated
18086,1.18631118399727e-06,Unchanged
18087,17.0452677862429,Upregulated
18088,27.7390879793112,Upregulated
18089,22.2549934690438,Upregulated
18090,0.594982421405004,Unchanged
18091,21.9951108681304,Upregulated
18092,6.2488962739208,Upregulated
18093,1.37195530540166,Unchanged
18094,23.4098770614939,Upregulated
18095,21.9015366102621,Upregulated
18096,1.23622875571108,Unchanged
18097,0.738218652667106,Unchanged
18098,0.421598079545477,Downregulated
18099,39.692540966616,Upregulated
18100,0.617600991082639,Unchanged
18101,14.77361603576,Upregulated
18102,0.99185617325096,Unchanged
18103,4.83726311486124,Upregulated
18104,22.3258181200622,Upregulated
18105,190.426090815733,Upregulated
18106,0.617637116951112,Unchanged
18107,79.9974954404355,Upregulated
18108,9.88967410520489,Upregulated
18109,7.68627707486758e-07,Unchanged
18110,40.3388163685293,Upregulated
18111,60.862231975705,Upregulated
18112,51.0160967885807,Upregulated
18113,5.04900790815554e-07,Unchanged
18114,0.000147664091149456,Unchanged
18115,2.34866718702577,Upregulated
18116,75.6861486503358,Upregulated
18117,20.1682666299155,Upregulated
18118,3.00480224732075,Upregulated
18119,0.511047563038413,Unchanged
18120,7.68459686057099e-07,Unchanged
18121,123.28535165815,Upregulated
18122,20.9687657369458,Upregulated
18123,6.98931897761337e-07,Unchanged
18124,2.56521256820119,Upregulated
18125,25.3689072274508,Upregulated
18126,13.8388225427993,Upregulated
18127,8.0360312333226,Upregulated
18128,164.888735699095,Upregulated
18129,0.646375426989727,Unchanged
18130,39.4787638808087,Upregulated
18131,0.285561243073621,Downregulated
18132,7.18104761305486,Upregulated
18133,2.40858635614134e-06,Unchanged
18134,0.51931443000291,Unchanged
18135,0.000101376113605845,Unchanged
18136,67.0250052863074,Upregulated
18137,5.04900860335056e-07,Unchanged
18138,23.3774425881936,Upregulated
18139,7.68396170251576e-05,Unchanged
18140,1.34326133691874,Unchanged
18141,1.0256672538743e-06,Unchanged
18142,5.15203700775644e-07,Unchanged
18143,2.93534254622015,Upregulated
18144,1.73026733276188,Unchanged
18145,2.88158254749507,Upregulated
18146,3.79746538761732,Upregulated
18147,0,Unchanged
18148,0,Unchanged
18149,0,Unchanged
18150,0,Unchanged
18151,0,Unchanged
18152,0,Unchanged
18153,0,Unchanged
18154,0,Unchanged
18155,0,Unchanged
18156,0,Unchanged
18157,0,Unchanged
18158,0,Unchanged
18159,0,Unchanged
18160,0,Unchanged
18161,4.06122253995245,Upregulated
18162,0,Unchanged
18163,0,Unchanged
18164,0,Unchanged
18165,0,Unchanged
18166,0,Unchanged
18167,0,Unchanged
18168,0,Unchanged
18169,0,Unchanged
18170,0,Unchanged
18171,0,Unchanged
18172,0,Unchanged
18173,0,Unchanged
18174,5.04900863745661e-07,Unchanged
18175,30.4347803700428,Upregulated
18176,7.68627557363288e-07,Unchanged
18177,5.04900876649117e-07,Unchanged
18178,2.53810203516843,Upregulated
18179,406.765839697636,Upregulated
18180,8.19520313375832e-07,Unchanged
18181,175.273642332796,Upregulated
18182,6.30618784492208e-07,Unchanged
18183,7.06016796683159e-06,Unchanged
18184,2048.1171910673,Upregulated
18185,35.3458554639703,Upregulated
18186,2.06063880594877,Upregulated
18187,3.4226065917265,Upregulated
18188,1.72446589486765,Unchanged
18189,4.59387520601473,Upregulated
18190,1.51788213918776e-06,Unchanged
18191,0,Unchanged
18192,136.538494249004,Upregulated
18193,19.3584480223519,Upregulated
18194,12.7202492965081,Upregulated
18195,12.7734159650231,Upregulated
18196,19.3584501312717,Upregulated
18197,19.3602328934847,Upregulated
18198,1.34690343900458,Unchanged
18199,2.37942383538867,Upregulated
18200,2.06963196525219,Upregulated
18201,7.68459594496562e-07,Unchanged
18202,3.34902740627804,Upregulated
18203,2.74024973163892,Upregulated
18204,4.1622694386308,Upregulated
18205,33.953838414626,Upregulated
18206,22.3086668014438,Upregulated
18207,0.515973843680149,Unchanged
18208,31.6514474053716,Upregulated
18209,68.440427568728,Upregulated
18210,239.901618309409,Upregulated
18211,28.5837507812575,Upregulated
18212,270.02987860727,Upregulated
18213,0,Unchanged
18214,11.2528917590373,Upregulated
18215,5.41151757102961e-07,Unchanged
18216,1.91985056385835,Unchanged
18217,2.04961814030058,Upregulated
18218,3.43674380244918,Upregulated
18219,0.671674435216135,Unchanged
18220,16.2444494204684,Upregulated
18221,3.66675156742392,Upregulated
18222,23.1231870069469,Upregulated
18223,22.8879245111541,Upregulated
18224,0.394595430730873,Downregulated
18225,1.80499705961129e-06,Unchanged
18226,0.129604501224339,Downregulated
18227,1.32361562251562,Unchanged
18228,0.673166888689111,Unchanged
18229,1.87597328359581,Unchanged
18230,2.13408010808415e-05,Unchanged
18231,0.0400876503118053,Downregulated
18232,1.13519025112187,Unchanged
18233,1244064.15390567,Unchanged
18234,47.9944051429061,Upregulated
18235,0.786704520737367,Unchanged
18236,0.289327321028797,Downregulated
18237,0.319948484625001,Downregulated
18238,4.48265114293561,Upregulated
18239,20.0200990007362,Upregulated
18240,0.154054646492751,Downregulated
18241,0.190039720646263,Downregulated
18242,477.992233720227,Upregulated
18243,1.46709324124726e-05,Unchanged
18244,0.415781453646667,Downregulated
18245,28447.8451758647,Unchanged
18246,0.0477556087834683,Downregulated
18247,0.00134666703167363,Unchanged
18248,2.22475141706596,Upregulated
18249,0,Unchanged
18250,14.8215677644327,Upregulated
18251,0,Unchanged
18252,7.73906660508937e-07,Unchanged
18253,0.651821377098757,Unchanged
18254,12.1737942191441,Upregulated
18255,24169763.3724539,Unchanged
18256,2.44823111284858e-05,Unchanged
18257,15.2972291129227,Upregulated
18258,5.4129433074567,Upregulated
18259,0.147398005375131,Downregulated
18260,12.4134721078412,Upregulated
18261,0,Unchanged
18262,1.9070434529149,Unchanged
18263,125118257.812221,Unchanged
18264,137831095.388731,Unchanged
18265,18379.5206211799,Upregulated
18266,120214270.354666,Unchanged
18267,165.477787404848,Upregulated
18268,7.95713148483226,Upregulated
18269,0,Unchanged
18270,0.147095495915902,Downregulated
18271,1524267.03670167,Unchanged
18272,6.89805933996075,Upregulated
18273,10.3903351558662,Upregulated
18274,0.0247146328284998,Downregulated
18275,20.1899391708527,Upregulated
18276,14945863.7857438,Unchanged
18277,0.957858723697237,Unchanged
18278,6144.0212461781,Upregulated
18279,19.9180459365086,Upregulated
18280,9.9590251892418,Upregulated
18281,0,Unchanged
18282,0,Unchanged
18283,1.14132013895978e-06,Unchanged
18284,0,Unchanged
18285,5.13395679161267e-07,Unchanged
18286,0,Unchanged
18287,0,Unchanged
18288,0,Unchanged
18289,0,Unchanged
18290,0,Unchanged
18291,0,Unchanged
18292,0,Unchanged
18293,0,Unchanged
18294,0,Unchanged
18295,0,Unchanged
18296,0,Unchanged
18297,0,Unchanged
18298,0,Unchanged
18299,8.76994023423284e-07,Unchanged
18300,0,Unchanged
18301,0,Unchanged
18302,2213042.73181536,Unchanged
18303,0,Unchanged
18304,0,Unchanged
18305,15.4434137242145,Upregulated
18306,92055472.6818136,Unchanged
18307,92055484.0105142,Unchanged
18308,20.9575028516674,Upregulated
18309,0,Unchanged
18310,0,Unchanged
18311,0,Unchanged
18312,0,Unchanged
18313,0,Unchanged
18314,0.999999999993364,Unchanged
18315,0,Unchanged
18316,0,Unchanged
18317,0,Unchanged
18318,0,Unchanged
18319,0,Unchanged
18320,0,Unchanged
18321,0,Unchanged
18322,0,Unchanged
18323,0,Unchanged
18324,0,Unchanged
18325,0,Unchanged
18326,0,Unchanged
18327,0,Unchanged
18328,0,Unchanged
18329,0,Unchanged
18330,0,Unchanged
18331,0,Unchanged
18332,0,Unchanged
18333,0,Unchanged
18334,0,Unchanged
18335,74589064.0614779,Unchanged
18336,0,Unchanged
18337,0,Unchanged
18338,0,Unchanged
18339,0,Unchanged
18340,0,Unchanged
18341,0,Unchanged
18342,0,Unchanged
18343,0,Unchanged
18344,0,Unchanged
18345,0,Unchanged
18346,0,Unchanged
18347,0,Unchanged
18348,0,Unchanged
18349,0,Unchanged
18350,0,Unchanged
18351,0,Unchanged
18352,0,Unchanged
18353,0,Unchanged
18354,0,Unchanged
18355,0,Unchanged
18356,0,Unchanged
18357,0,Unchanged
18358,0,Unchanged
18359,0,Unchanged
18360,0,Unchanged
18361,0,Unchanged
18362,0,Unchanged
18363,0,Unchanged
18364,0,Unchanged
18365,0,Unchanged
18366,0,Unchanged
18367,0,Unchanged
18368,0,Unchanged
18369,0,Unchanged
18370,0,Unchanged
18371,0,Unchanged
18372,0,Unchanged
18373,-123655526.265791,Unchanged
18374,0,Unchanged
18375,0,Unchanged
18376,-103046271.888159,Unchanged
18377,0,Unchanged
18378,0,Unchanged
18379,0,Unchanged
18380,0,Unchanged
18381,0,Unchanged
18382,0,Unchanged
18383,0,Unchanged
18384,0,Unchanged
18385,0,Unchanged
18386,0,Unchanged
18387,0,Unchanged
18388,0,Unchanged
18389,0,Unchanged
18390,0,Unchanged
18391,0,Unchanged
18392,0,Unchanged
18393,0,Unchanged
18394,0,Unchanged
18395,0,Unchanged
18396,0,Unchanged
18397,0,Unchanged
18398,0,Unchanged
18399,0,Unchanged
18400,0,Unchanged
18401,0,Unchanged
18402,0,Unchanged
18403,0,Unchanged
18404,0,Unchanged
18405,0,Unchanged
18406,1.59502852889888,Unchanged
18407,0,Unchanged
18408,0.593872669889508,Unchanged
18409,0.395916322110384,Downregulated
18410,0,Unchanged
18411,0,Unchanged
18412,0,Unchanged
18413,0,Unchanged
18414,4.43171612313295e-07,Unchanged
18415,4.23291066608669e-07,Unchanged
18416,0,Unchanged
18417,0,Unchanged
18418,0,Unchanged
18419,0,Unchanged
18420,0,Unchanged
18421,0,Unchanged
18422,0,Unchanged
18423,0,Unchanged
18424,3.52133293118646e-07,Unchanged
18425,0,Unchanged
18426,0.0128391121913999,Downregulated
18427,0.0126081930683207,Downregulated
18428,0,Unchanged
18429,0,Unchanged
18430,0,Unchanged
18431,0,Unchanged
18432,0,Unchanged
18433,0,Unchanged
18434,0,Unchanged
18435,0,Unchanged
18436,3.36377923318723e-07,Unchanged
18437,0,Unchanged
18438,0,Unchanged
18439,0,Unchanged
18440,0,Unchanged
18441,0,Unchanged
18442,0,Unchanged
18443,0,Unchanged
18444,0,Unchanged
18445,0,Unchanged
18446,0,Unchanged
18447,0,Unchanged
18448,0,Unchanged
18449,0,Unchanged
18450,0,Unchanged
18451,1.79281454764157e-07,Unchanged
18452,0,Unchanged
18453,0,Unchanged
18454,0,Unchanged
18455,0,Unchanged
18456,0,Unchanged
18457,0,Unchanged
18458,0,Unchanged
18459,0,Unchanged
18460,0,Unchanged
18461,0,Unchanged
18462,0,Unchanged
18463,0,Unchanged
18464,0,Unchanged
18465,0,Unchanged
18466,0,Unchanged
18467,0,Unchanged
18468,2.58165077954355e-07,Unchanged
18469,2.80748060530301e-07,Unchanged
18470,0,Unchanged
18471,0,Unchanged
18472,0,Unchanged
18473,0,Unchanged
18474,3.98438727650841e-07,Unchanged
18475,0,Unchanged
18476,0,Unchanged
18477,0,Unchanged
18478,0,Unchanged
18479,0,Unchanged
18480,0,Unchanged
18481,0,Unchanged
18482,0,Unchanged
18483,0,Unchanged
18484,0,Unchanged
18485,55.2130057210856,Upregulated
18486,0,Unchanged
18487,0,Unchanged
18488,0,Unchanged
18489,0,Unchanged
18490,0.802656662081407,Unchanged
18491,105382758.731899,Unchanged
18492,0,Unchanged
18493,0.999999713538086,Unchanged
18494,0,Unchanged
18495,0,Unchanged
18496,0,Unchanged
18497,0,Unchanged
18498,0,Unchanged
18499,0,Unchanged
18500,0.999999193148897,Unchanged
18501,0,Unchanged
18502,0,Unchanged
18503,0,Unchanged
18504,0,Unchanged
18505,0,Unchanged
18506,0,Unchanged
18507,0.263124339462527,Downregulated
18508,0,Unchanged
18509,44657700.7073243,Unchanged
18510,0,Unchanged
18511,4.91774190058186,Upregulated
18512,12.2000223112254,Upregulated
18513,0,Unchanged
18514,14.362100514023,Upregulated
18515,189.936615872078,Upregulated
18516,0,Unchanged
18517,0,Unchanged
18518,0,Unchanged
18519,0,Unchanged
18520,0,Unchanged
18521,0,Unchanged
18522,0,Unchanged
18523,0,Unchanged
18524,0,Unchanged
18525,0,Unchanged
18526,0,Unchanged
18527,0,Unchanged
18528,0,Unchanged
18529,0,Unchanged
18530,0,Unchanged
18531,0,Unchanged
18532,0,Unchanged
18533,0,Unchanged
18534,0,Unchanged
18535,3.69907070370547e-07,Unchanged
18536,0,Unchanged
18537,0,Unchanged
18538,0,Unchanged
18539,0,Unchanged
18540,0,Unchanged
18541,9.36096297597871e-07,Unchanged
18542,9.36096289503267e-07,Unchanged
18543,9.36096279328593e-07,Unchanged
18544,0,Unchanged
18545,0,Unchanged
18546,0,Unchanged
18547,0,Unchanged
18548,0.937270331597404,Unchanged
18549,0,Unchanged
18550,0,Unchanged
18551,0,Unchanged
18552,0.0511273819675422,Downregulated
18553,4.05966960059951,Upregulated
18554,4.05967112130051,Upregulated
18555,4.0596710203113,Upregulated
18556,1112816.43944345,Unchanged
18557,0,Unchanged
18558,0,Unchanged
18559,0,Unchanged
18560,5549377.23289492,Unchanged
18561,0,Unchanged
18562,0,Unchanged
18563,0,Unchanged
18564,0,Unchanged
18565,0,Unchanged
18566,5.85616045706021,Upregulated
18567,0,Unchanged
18568,0,Unchanged
18569,0,Unchanged
18570,10072642.1584695,Unchanged
18571,15592676.8040758,Unchanged
18572,6984227.41333322,Unchanged
18573,4256356.02533023,Unchanged
18574,9620740.45860812,Unchanged
18575,0,Unchanged
18576,0,Unchanged
18577,4.55648942771908e-07,Unchanged
18578,1.08305404204193,Unchanged
18579,0,Unchanged
18580,0,Unchanged
18581,0,Unchanged
18582,0,Unchanged
18583,0,Unchanged
18584,1.58732997405802,Unchanged
18585,0,Unchanged
18586,1799957.5391187,Unchanged
18587,528522601.481697,Unchanged
18588,10260295.4579186,Unchanged
18589,11315091.3500516,Unchanged
18590,10644023.4534117,Unchanged
18591,0,Unchanged
18592,7.72167167344713,Upregulated
18593,3373.46711203433,Upregulated
18594,53.2862288432797,Upregulated
18595,38.482887956306,Upregulated
18596,41.1437004761862,Upregulated
18597,0,Unchanged
18598,21645127.8585794,Unchanged
18599,0,Unchanged
18600,0,Unchanged
18601,0,Unchanged
18602,0,Unchanged
18603,0,Unchanged
18604,0,Unchanged
18605,0,Unchanged
18606,0,Unchanged
18607,2.51621623675844,Upregulated
18608,0,Unchanged
18609,0,Unchanged
18610,14.7729953354969,Upregulated
18611,0,Unchanged
18612,0,Unchanged
18613,0,Unchanged
18614,0,Unchanged
18615,0,Unchanged
18616,6.78032760537196e-07,Unchanged
18617,0,Unchanged
18618,0,Unchanged
18619,0,Unchanged
18620,0,Unchanged
18621,0,Unchanged
18622,0,Unchanged
18623,0,Unchanged
18624,0,Unchanged
18625,0,Unchanged
18626,0,Unchanged
18627,0,Unchanged
18628,0,Unchanged
18629,0,Unchanged
18630,0,Unchanged
18631,0,Unchanged
18632,0,Unchanged
18633,0,Unchanged
18634,0,Unchanged
18635,0,Unchanged
18636,0,Unchanged
18637,0,Unchanged
18638,0,Unchanged
18639,0,Unchanged
18640,0,Unchanged
