Reaction,FSR,RegulationStatus
1,3.49568737307636,Upregulated
4,0.169276962808444,Downregulated
6,199.729937088827,Upregulated
8,6.36930801942986,Upregulated
9,4.51721067315787,Upregulated
11,2.67218361606254,Upregulated
12,0.191862900119681,Downregulated
18,0.155095560001264,Downregulated
21,6.70684764400606,Upregulated
23,3.2517136625155,Upregulated
24,21.1157273977086,Upregulated
25,6.86556926335557,Upregulated
26,2.5539907579013,Upregulated
28,6.4060141863528,Upregulated
32,6.80743018532274,Upregulated
34,2.91832730844571,Upregulated
36,6.49607897851116,Upregulated
37,10.9914124519243,Upregulated
38,74.4848514439682,Upregulated
39,71.2106684109155,Upregulated
40,2.43329329806044,Upregulated
41,0.185545423573953,Downregulated
42,2.05922758232938,Upregulated
44,0.497241456171021,Downregulated
45,0.138194818250337,Downregulated
49,9.59921918315884,Upregulated
50,2.80260233447599,Upregulated
52,68.8282101430506,Upregulated
54,20.5471469018416,Upregulated
55,13.4961607163121,Upregulated
60,4.93442416299095,Upregulated
61,7.18802752240278,Upregulated
64,10.0574518717157,Upregulated
65,9.91565533163454,Upregulated
66,19.2650047918517,Upregulated
67,36.0083671883238,Upregulated
69,34.4356419855057,Upregulated
71,2.09436599552519,Upregulated
74,0.254366567756157,Downregulated
76,7.04228018124187,Upregulated
78,7.33239119979971,Upregulated
82,0.270604855492324,Downregulated
92,7.08293046399041,Upregulated
97,23.6405313333293,Upregulated
99,6965.25793778041,Upregulated
100,427.863198951715,Upregulated
101,107.373464659443,Upregulated
102,100.552903764049,Upregulated
103,100.560720903118,Upregulated
105,3.65057068942846,Upregulated
114,0.0335326116962497,Downregulated
125,188.760328705779,Upregulated
132,11.4163015083896,Upregulated
133,23.7603132147126,Upregulated
135,44.427975621071,Upregulated
136,8.2765150386044,Upregulated
141,13.3105093086856,Upregulated
142,3.78792637817063,Upregulated
145,8.50478833584644,Upregulated
146,2.5498272512518,Upregulated
148,41.5658214099897,Upregulated
157,8.20198277545863,Upregulated
162,1304.96922085992,Upregulated
189,10.3419743494949,Upregulated
190,10.3419749057938,Upregulated
191,10623.3225744181,Upregulated
192,17.9980269273379,Upregulated
193,13.6236759883015,Upregulated
195,0.0634191633512486,Downregulated
196,57.2605748075241,Upregulated
197,38.7398233250786,Upregulated
206,12.6500614839959,Upregulated
216,2187.69457229503,Upregulated
219,0.381310943934159,Downregulated
223,0.352276719439456,Downregulated
226,572.148778050129,Upregulated
229,74.2424966794773,Upregulated
231,11100.4333654678,Upregulated
232,1346.68643688192,Upregulated
234,188.024195935299,Upregulated
236,114.176040959626,Upregulated
237,205.549568295822,Upregulated
238,225.602969469782,Upregulated
244,8021.03797277305,Upregulated
247,114.175972779433,Upregulated
250,124.016679910917,Upregulated
252,124.640805664793,Upregulated
253,127.104190678473,Upregulated
254,127.104195821453,Upregulated
256,804.428047254617,Upregulated
266,0.156578429892875,Downregulated
269,0.151381487299058,Downregulated
277,0.477593230562921,Downregulated
280,0.22457829049265,Downregulated
295,0.17338121077088,Downregulated
296,0.303901526788829,Downregulated
298,0.0239745174315401,Downregulated
299,1054.87142908479,Upregulated
305,31.0132488070218,Upregulated
307,36.5083285532889,Upregulated
310,5.09460666885017,Upregulated
312,312.937301145225,Upregulated
315,367.794960660696,Upregulated
331,2,Upregulated
344,15.6317618726272,Upregulated
347,631.451462367315,Upregulated
352,10181.873201382,Upregulated
359,14.3773537656514,Upregulated
360,15.6633856431271,Upregulated
361,26.8393059766233,Upregulated
363,28.538024862491,Upregulated
373,2.95104016091123,Upregulated
374,2.51084244278802,Upregulated
376,75.3050087301524,Upregulated
377,9.87187393999991,Upregulated
380,0.299728778953083,Downregulated
381,0.352276890111586,Downregulated
384,0.156578405724558,Downregulated
387,27.7755075767846,Upregulated
389,2.4930290201657,Upregulated
390,2.93010328260756,Upregulated
392,286.831207651141,Upregulated
393,286.732932322696,Upregulated
395,2.8047202436497,Upregulated
397,0.0152023265877805,Downregulated
399,0.0101668557331395,Downregulated
401,102.317710781639,Upregulated
402,0.179385308836636,Downregulated
404,3.29217334765367,Upregulated
405,0.017138021686824,Downregulated
406,0.0114604988992589,Downregulated
407,6.73763137921694,Upregulated
408,9.05208491873887,Upregulated
413,3.74307868442883,Upregulated
414,2.58382982294613,Upregulated
415,3.10732220617895,Upregulated
417,4.62442947825683,Upregulated
418,5.09460681477126,Upregulated
419,4.23631797451855,Upregulated
420,0.207186184180965,Downregulated
421,3.36790844576681,Upregulated
422,0.186384238382706,Downregulated
428,4.16961967161417,Upregulated
431,0.296150358072448,Downregulated
433,31.0830798648742,Upregulated
434,647.477302654125,Upregulated
435,14.482732329588,Upregulated
436,2.48072270185934,Upregulated
437,2.28430996963977,Upregulated
439,16.7660703045022,Upregulated
443,0.5,Downregulated
444,6.94987748631838,Upregulated
448,0.172510086639252,Downregulated
454,47.5267628670183,Upregulated
455,9.3039383833715,Upregulated
456,58.9081193684298,Upregulated
457,9.30393913480097,Upregulated
458,58.9081126215658,Upregulated
459,10.0541113980953,Upregulated
460,54.7849940169756,Upregulated
461,6.30385661820995,Upregulated
462,54.7662248704209,Upregulated
463,9.831595191019,Upregulated
464,10.9673676939225,Upregulated
465,58.2194615725777,Upregulated
466,10.9673679213442,Upregulated
467,54.14454501676,Upregulated
468,10.9673679213442,Upregulated
469,9.30393856232621,Upregulated
470,0.165090385153275,Downregulated
474,63.6964937890713,Upregulated
476,5.35617936601981,Upregulated
479,158.027189916506,Upregulated
480,153.957987730207,Upregulated
481,108.343131478521,Upregulated
482,177.684733354493,Upregulated
483,214.406054098981,Upregulated
485,1353.29224345396,Upregulated
486,264.327719341103,Upregulated
488,19.0016398753319,Upregulated
491,204.551868748882,Upregulated
494,81.7565586882154,Upregulated
495,1908.28456970057,Upregulated
496,1058.97382100651,Upregulated
497,1356.88312936987,Upregulated
498,3040.66015586058,Upregulated
499,125.096874355217,Upregulated
500,688.022896511448,Upregulated
502,32.6333364054792,Upregulated
503,3566.8275828559,Upregulated
504,126.46661723653,Upregulated
505,174.567807629157,Upregulated
506,70.1344613995334,Upregulated
507,151.629118169463,Upregulated
508,150.038455796389,Upregulated
510,525.764322432147,Upregulated
512,69.4331745698635,Upregulated
513,74.137109023493,Upregulated
514,5.22764997233521,Upregulated
517,24.7611257611875,Upregulated
519,15426.2685647524,Upregulated
520,7.27023950414439,Upregulated
521,3.24514490968812,Upregulated
522,2.41802720860909,Upregulated
523,2.95068175777286,Upregulated
524,104.370653174422,Upregulated
525,2.97082305741138,Upregulated
526,13.7705298351737,Upregulated
527,2.22567921415259,Upregulated
528,56.2764942599326,Upregulated
530,103.964122774817,Upregulated
534,337.013815270824,Upregulated
535,378.040275307993,Upregulated
536,320.79394152047,Upregulated
537,13.9777147516222,Upregulated
538,155.286659369205,Upregulated
539,6224.30264571039,Upregulated
540,4028.47016070642,Upregulated
543,87.1287679666982,Upregulated
544,38.2812626415312,Upregulated
545,38.6029522476649,Upregulated
546,119.986766712571,Upregulated
547,106.931299438844,Upregulated
548,119.986766712571,Upregulated
549,106.931310052134,Upregulated
550,110.694571588814,Upregulated
551,106.931310052134,Upregulated
552,110.694571588814,Upregulated
553,106.931310052134,Upregulated
554,110.694571588814,Upregulated
555,87.1287680001075,Upregulated
556,168.38186594711,Upregulated
558,30.6175125264223,Upregulated
560,0.0561964893397141,Downregulated
562,0.325947075402859,Downregulated
567,0.355680240541814,Downregulated
573,0.064380157356736,Downregulated
575,0.0512878398342987,Downregulated
578,0.0868939569896052,Downregulated
586,5.6390275800061,Upregulated
587,0.391177969670336,Downregulated
592,2.50382500402832,Upregulated
594,6.35640351344798,Upregulated
595,11.9101583337972,Upregulated
597,0.0134475430800832,Downregulated
602,0.164977356663172,Downregulated
608,0.108874515984858,Downregulated
613,0.353911725278349,Downregulated
614,0.121136099165508,Downregulated
618,0.0777659357025125,Downregulated
619,0.248622102226249,Downregulated
620,0.0129647140181118,Downregulated
623,8.17036001415647,Upregulated
630,19.3357559371158,Upregulated
631,318.408894786474,Upregulated
633,9.22355082072115,Upregulated
634,26.2809451874686,Upregulated
635,26.2809444113993,Upregulated
636,20.8032212633656,Upregulated
637,18.8398321433746,Upregulated
638,252.690368453262,Upregulated
642,0.123152019979407,Downregulated
643,0.362735295836721,Downregulated
645,18.8398321433746,Upregulated
646,9.22355082072115,Upregulated
647,9.22355082072115,Upregulated
648,0.148682843721367,Downregulated
651,0.0301379990509702,Downregulated
653,9.22355082072115,Upregulated
654,9.22355082072115,Upregulated
655,9.22355082072115,Upregulated
656,3.68073966975682,Upregulated
659,0.0301269382395104,Downregulated
666,185.454433234883,Upregulated
667,45.6107044255786,Upregulated
675,0.493500502056556,Downregulated
676,0.0394394573142027,Downregulated
677,10.8902394878113,Upregulated
682,160.342034801389,Upregulated
683,112.191208078379,Upregulated
685,157.867034192236,Upregulated
688,3.93031174099112,Upregulated
697,0.303143506236198,Downregulated
699,3.05008607299656,Upregulated
700,306.23809338954,Upregulated
702,309.082570147444,Upregulated
705,4.25131791632478,Upregulated
706,9.42382583341219,Upregulated
707,266.128862038157,Upregulated
710,0.178537133732988,Downregulated
713,496.818857388904,Upregulated
720,21.9577333558246,Upregulated
724,16.8728378731825,Upregulated
725,12.0223648275004,Upregulated
730,3164.57444214295,Upregulated
732,132.119128779912,Upregulated
733,132.119118933314,Upregulated
734,8.89633237952302,Upregulated
737,55.6346605047197,Upregulated
738,303.054586377143,Upregulated
740,249.205484726685,Upregulated
741,314.047006597172,Upregulated
742,236.946886390851,Upregulated
743,870.214919729397,Upregulated
749,366.088232702937,Upregulated
750,425.281534180328,Upregulated
751,7.48509467618301,Upregulated
753,52.3919658454186,Upregulated
754,25.9876099337753,Upregulated
760,0.0788179162500404,Downregulated
761,0.312771612702292,Downregulated
763,0.0480200644580598,Downregulated
766,27.0913016949836,Upregulated
767,70.6966169113469,Upregulated
770,0.31873124038967,Downregulated
772,0.052153422130003,Downregulated
775,177.692745158649,Upregulated
777,0.318731283239162,Downregulated
778,0.318731158073574,Downregulated
785,0.0490231499685214,Downregulated
786,0.0670189254622616,Downregulated
791,5.5835368787932,Upregulated
796,0.010025141063064,Downregulated
801,3.70952277111767,Upregulated
802,27.003347969322,Upregulated
803,28.1196736469271,Upregulated
804,16.9379540608032,Upregulated
805,96.4601974233775,Upregulated
823,30.6985898806629,Upregulated
828,278.927659482906,Upregulated
829,176.496704475543,Upregulated
831,317.102325583469,Upregulated
836,8.99901353135073,Upregulated
837,9.12770322758831,Upregulated
838,0.393198677066626,Downregulated
839,0.44266806202678,Downregulated
842,11.0816312063045,Upregulated
844,150.43199777817,Upregulated
845,18.2553920720769,Upregulated
846,69.8023706183445,Upregulated
847,79.389124858482,Upregulated
854,9.28104697767742,Upregulated
856,20.402535949999,Upregulated
858,28.7348464396293,Upregulated
864,0.0428102157500747,Downregulated
869,7.47438023763212,Upregulated
870,11.2115703242454,Upregulated
871,9.78843213778107,Upregulated
873,9128.44454163116,Upregulated
874,2.60533439676591,Upregulated
880,4.68026314397139,Upregulated
886,0.28445178639847,Downregulated
887,0.0208137879362532,Downregulated
888,0.0208138348147115,Downregulated
889,0.0930164173430277,Downregulated
891,13.7409837136496,Upregulated
892,12.9730757322727,Upregulated
893,11.7876401435358,Upregulated
894,11.7876404793193,Upregulated
895,8.30170937393623,Upregulated
896,20.8032212633656,Upregulated
897,18.8398318705895,Upregulated
898,18.839831147828,Upregulated
899,10.4876440093878,Upregulated
900,8.04102585760708,Upregulated
901,8.04102564178561,Upregulated
902,16.450337657571,Upregulated
903,23.2234456541548,Upregulated
904,26.2809444113993,Upregulated
905,26.2809437347503,Upregulated
906,20.8032210596822,Upregulated
907,20.8032197401466,Upregulated
908,6.8013124336924,Upregulated
909,6.70541303543256,Upregulated
910,12607.590846685,Upregulated
911,9946.96765161112,Upregulated
912,9245.56948489685,Upregulated
913,13924.1929262117,Upregulated
914,10.0148135923511,Upregulated
915,49.5782719873116,Upregulated
916,6.47205820970867,Upregulated
917,276.211732686772,Upregulated
920,157.867039332971,Upregulated
921,69.2109228314239,Upregulated
922,329.14949063595,Upregulated
923,166.423046443894,Upregulated
925,329.14949063595,Upregulated
933,0.0623061781612411,Downregulated
935,5.48742185277204,Upregulated
937,6.2949239262551,Upregulated
938,0.0227239899081285,Downregulated
944,3.0001535049392,Upregulated
945,10339.5592689652,Upregulated
951,0.0869490701854487,Downregulated
955,7.56007266496313,Upregulated
957,663.50671486255,Upregulated
958,488.528961296657,Upregulated
959,87.8918546871476,Upregulated
960,3.38446063186565,Upregulated
961,2.34911763416792,Upregulated
962,1325.95690078136,Upregulated
963,54.6832316484586,Upregulated
966,1001.50483289655,Upregulated
968,213.328000123645,Upregulated
972,68.8750975739097,Upregulated
973,14.7613239656232,Upregulated
975,202.804061766667,Upregulated
977,1199.31672361322,Upregulated
981,6.3832782633073,Upregulated
991,0.0262987975359715,Downregulated
997,0.115672653318506,Downregulated
999,51.3660660432612,Upregulated
1001,2.66271126292616,Upregulated
1007,5.10914743722246,Upregulated
1017,2.12282782918423,Upregulated
1036,11.0816337371182,Upregulated
1037,58.3066661608641,Upregulated
1040,115.769198582367,Upregulated
1041,117.678140559556,Upregulated
1043,57.0880379088289,Upregulated
1045,18.6068945233703,Upregulated
1049,16.4113202067562,Upregulated
1050,28.4805010465357,Upregulated
1059,0.0532930605522179,Downregulated
1062,36.0460035280955,Upregulated
1065,8.80838925115559,Upregulated
1066,187.4676093734,Upregulated
1068,10.2491731548206,Upregulated
1070,285.584596127088,Upregulated
1071,19.0110368892943,Upregulated
1072,2.59719156262849,Upregulated
1073,27.3301127291877,Upregulated
1077,2.91043012252049,Upregulated
1079,23.9880232625516,Upregulated
1082,5.93370341950362,Upregulated
1085,2.93068111256924,Upregulated
1097,0.5,Downregulated
1099,50.7573953976308,Upregulated
1105,2.95104030030716,Upregulated
1109,8.38808647451405,Upregulated
1113,0.135557190053165,Downregulated
1114,0.181252437493462,Downregulated
1115,0.0229437398537283,Downregulated
1117,0.012524854964486,Downregulated
1119,0.386997916921113,Downregulated
1120,0.0898943990113828,Downregulated
1122,0.444867376172751,Downregulated
1123,0.171583761430302,Downregulated
1124,0.0765589218542714,Downregulated
1125,0.0210176013794875,Downregulated
1126,0.171583762183012,Downregulated
1131,2.83369716607857,Upregulated
1132,0.23843603744123,Downregulated
1133,2.50402776294281,Upregulated
1136,0.0848720800013142,Downregulated
1137,0.0681724571783711,Downregulated
1144,0.145748141208551,Downregulated
1148,0.0460077051668733,Downregulated
1151,0.0284247038434248,Downregulated
1152,0.0681724569584101,Downregulated
1156,0.245786629416013,Downregulated
1157,0.131091164990096,Downregulated
1158,0.0329934836941271,Downregulated
1159,0.103767896024557,Downregulated
1160,0.0298795895534575,Downregulated
1161,0.145748132823908,Downregulated
1162,0.434290557431598,Downregulated
1163,2.09929785792101,Upregulated
1164,0.319078316422804,Downregulated
1166,0.314434083677123,Downregulated
1190,10.1711453687534,Upregulated
1192,0.0351671781449169,Downregulated
1197,25.6863564325633,Upregulated
1198,9.34104998175655,Upregulated
1199,2.52677753508144,Upregulated
1203,2.97536484964178,Upregulated
1206,0.265394957722733,Downregulated
1212,20.6288481654524,Upregulated
1226,7.34297951601468,Upregulated
1234,5.43491148394747,Upregulated
1237,2.95205092808535,Upregulated
1244,4.57261730363493,Upregulated
1248,4.93442570341991,Upregulated
1249,0.0153574775259258,Downregulated
1250,2.95205152812973,Upregulated
1251,1268.24726541117,Upregulated
1254,0.0101811059174407,Downregulated
1255,0.15516619513435,Downregulated
1262,2.0204101394478,Upregulated
1270,2.00820620644326,Upregulated
1277,0.391086971233869,Downregulated
1280,0.410136607864354,Downregulated
1281,208.263361515455,Upregulated
1328,0.0734931984332848,Downregulated
1333,0.351357994892278,Downregulated
1349,0.219439670730226,Downregulated
1355,0.2050891381235,Downregulated
1364,0.176720001306543,Downregulated
1365,0.176720001304443,Downregulated
1366,0.176720001306297,Downregulated
1367,0.176720001306614,Downregulated
1379,0.0734931984332848,Downregulated
1408,0.0695447752044074,Downregulated
1463,0.2050891381235,Downregulated
1464,0.2050891381235,Downregulated
1521,0.01,Downregulated
1587,89.703232022514,Upregulated
1733,2.97767760455196,Upregulated
1734,2.9778149264647,Upregulated
1735,2.9778149264647,Upregulated
1736,2.9778149264647,Upregulated
1739,2.9778149264647,Upregulated
1740,2.9778149264647,Upregulated
1741,2.9778149264647,Upregulated
1826,2.9778149264647,Upregulated
1888,2.44747945967534,Upregulated
1895,26.4381093687882,Upregulated
1906,30.4674507621419,Upregulated
1907,21.8525961080799,Upregulated
1909,30.4778883468172,Upregulated
1910,21.8525955817064,Upregulated
1912,46.5937757671547,Upregulated
1913,21.852596165652,Upregulated
1915,21.8525944563089,Upregulated
1919,4.59527009017646,Upregulated
1929,2.44747945967534,Upregulated
1931,9.62886968155882,Upregulated
1932,5.89211767511894,Upregulated
1933,36.8431337578034,Upregulated
1934,21.4072302117421,Upregulated
1937,38.1940982725391,Upregulated
1939,9.15804700800625,Upregulated
1940,7.45019346194554,Upregulated
1941,7.22224614369241,Upregulated
1943,98.0971670209525,Upregulated
1945,3.66635619702713,Upregulated
1946,286.610006127035,Upregulated
1947,2.24120631610659,Upregulated
1948,0.0326814131442126,Downregulated
1951,2.25499681116258,Upregulated
1952,4.12401601782597,Upregulated
1953,0.111063933914987,Downregulated
1954,4.12401601873981,Upregulated
1955,0.111063933914987,Downregulated
1956,5.6093536333418,Upregulated
1957,5.1688835170815,Upregulated
1958,2.13792774471858,Upregulated
1959,2.46715941241344,Upregulated
1960,2.46715941241344,Upregulated
1961,2.46715941241344,Upregulated
1962,10.0588306314884,Upregulated
1963,10.0389884216406,Upregulated
1964,4.59166456996361,Upregulated
1965,84.1442678529617,Upregulated
1966,3.6484057530412,Upregulated
1974,5.45165949638073,Upregulated
1975,9.12712106842253,Upregulated
1986,62.9945335197988,Upregulated
1987,5.01440973736431,Upregulated
1988,173.205148442293,Upregulated
1989,7.91899580530035,Upregulated
1996,75.6749211720065,Upregulated
1997,10.9071908199513,Upregulated
1999,3.07988243336803,Upregulated
2005,7.98426441014322,Upregulated
2011,0.195893222772154,Downregulated
2014,8.10480370253727,Upregulated
2017,0.0297808540249175,Downregulated
2021,0.344354435824312,Downregulated
2028,0.201004502625721,Downregulated
2033,0.0668832054577318,Downregulated
2039,18.2554091788104,Upregulated
2040,26.9922074661482,Upregulated
2044,19.6293134054807,Upregulated
2046,93.4246885128729,Upregulated
2047,56.8132400155965,Upregulated
2048,37.7068723161791,Upregulated
2054,0.0431757152319432,Downregulated
2056,245.400868479877,Upregulated
2057,7.8877749386261,Upregulated
2058,7.8877749386261,Upregulated
2060,200.899190066293,Upregulated
2061,20.8662484949354,Upregulated
2062,20.8662485420324,Upregulated
2063,20.8662479452094,Upregulated
2064,23.7950590724245,Upregulated
2065,20.8662442622226,Upregulated
2068,44.3834179974916,Upregulated
2069,45.0055148812705,Upregulated
2070,13.4240877653062,Upregulated
2071,276.065561361185,Upregulated
2072,18.7966619298855,Upregulated
2073,239.691347734754,Upregulated
2074,472.624330238408,Upregulated
2078,9.27602739090242,Upregulated
2079,596.776312403813,Upregulated
2080,0.395689472739912,Downregulated
2082,79.9082040417964,Upregulated
2088,3.35787997041347,Upregulated
2092,8.21422980167254,Upregulated
2094,7.98445352846801,Upregulated
2095,2.55843067194164,Upregulated
2099,38.6952218670223,Upregulated
2101,7.93894584596304,Upregulated
2102,2.12771866466424,Upregulated
2103,0.0247752444428649,Downregulated
2104,0.380049870475131,Downregulated
2106,15.1577455101014,Upregulated
2109,0.143966706382209,Downregulated
2110,13.8288587500002,Upregulated
2112,151.946269398026,Upregulated
2113,0.12969167496558,Downregulated
2119,2.80709933528245,Upregulated
2131,4.88710338384326,Upregulated
2141,0.315630262360163,Downregulated
2142,0.0967482496695101,Downregulated
2144,10.497286174794,Upregulated
2146,2.46728444781591,Upregulated
2149,31.6271593222996,Upregulated
2151,13.2266435815597,Upregulated
2152,5.14595978633791,Upregulated
2154,47.3555088161739,Upregulated
2160,3.16723309314344,Upregulated
2161,11.1652665367303,Upregulated
2162,17961.3957531553,Upregulated
2165,2.95643308256313,Upregulated
2166,5.9337034195239,Upregulated
2168,719.320616108306,Upregulated
2173,133.101490828558,Upregulated
2174,34.0295741248752,Upregulated
2175,4.35317351668283,Upregulated
2180,499.918969723236,Upregulated
2181,0.0594900485313179,Downregulated
2188,4.0661539758627,Upregulated
2191,82.8922851558865,Upregulated
2213,184.441808154612,Upregulated
2215,2336.55339527172,Upregulated
2224,15.0076901476928,Upregulated
2227,0.0334261474840243,Downregulated
2232,0.0319145457819295,Downregulated
2233,0.295391978504928,Downregulated
2234,42.1158262057455,Upregulated
2237,35.7683811866913,Upregulated
2238,0.317788734296825,Downregulated
2240,214.539631735419,Upregulated
2241,21.1041823068634,Upregulated
2246,26.7479594218233,Upregulated
2247,2.63118663628035,Upregulated
2249,42.8089529844905,Upregulated
2251,24.3752524190082,Upregulated
2252,91.5783828315063,Upregulated
2253,424.010872927159,Upregulated
2254,109.310700389606,Upregulated
2255,136.966257702194,Upregulated
2256,137.56025954091,Upregulated
2258,102.32102422566,Upregulated
2259,9.69578997244013,Upregulated
2260,98.5648662677346,Upregulated
2263,5357.2835549541,Upregulated
2264,0.383216103255895,Downregulated
2265,19.6293125674408,Upregulated
2267,38.7051008449187,Upregulated
2271,36.4741264343454,Upregulated
2274,19.9531814803475,Upregulated
2278,3.40375203704805,Upregulated
2279,2.44951886864395,Upregulated
2285,100.442964596816,Upregulated
2286,104.891263022354,Upregulated
2289,125.412247717605,Upregulated
2290,6.22569713697289,Upregulated
2291,365.227166185698,Upregulated
2292,2.8989713831592,Upregulated
2298,0.203494811277247,Downregulated
2300,9.50357150110984,Upregulated
2301,3.32103129980111,Upregulated
2304,10.5129843226774,Upregulated
2305,8.35858623771782,Upregulated
2307,11.4175583194628,Upregulated
2309,2.33664104617796,Upregulated
2311,8.81050982576594,Upregulated
2312,7.05636032277602,Upregulated
2313,0.418283054595879,Downregulated
2314,0.43737021494675,Downregulated
2315,6.46756065601168,Upregulated
2316,0.0475894721026466,Downregulated
2317,0.0286773835631321,Downregulated
2318,3.28099693360698,Upregulated
2319,40.3204991936327,Upregulated
2320,40.3204991936327,Upregulated
2322,2.85065533348088,Upregulated
2323,2.98073690111165,Upregulated
2324,2.98073690111165,Upregulated
2325,36.6305736487164,Upregulated
2326,3.0146169717193,Upregulated
2327,3.15218046348269,Upregulated
2328,3.0146169717193,Upregulated
2329,3.15218046348269,Upregulated
2332,11.2166169356632,Upregulated
2333,9.46422261078835,Upregulated
2334,12.2758489263052,Upregulated
2335,76.5081647293461,Upregulated
2336,156.1959217608,Upregulated
2337,156.195977871844,Upregulated
2338,30.1848737952508,Upregulated
2339,1607.67499224296,Upregulated
2340,40.0743802381131,Upregulated
2341,35.6537457449994,Upregulated
2345,409.554799620989,Upregulated
2346,100.442936876727,Upregulated
2347,9.88053365308944,Upregulated
2348,504.490284555761,Upregulated
2349,17.463988313753,Upregulated
2350,100.442936876727,Upregulated
2351,9.88053365308944,Upregulated
2352,504.490006761543,Upregulated
2353,17.463988313753,Upregulated
2354,15.4874250486727,Upregulated
2355,14.1705437382151,Upregulated
2356,14.7852150574115,Upregulated
2358,69.9898040430856,Upregulated
2359,69.9898151856388,Upregulated
2360,69.9898080048819,Upregulated
2361,69.9898080048819,Upregulated
2362,69.9898080048819,Upregulated
2363,69.9658517212971,Upregulated
2364,69.9658312032952,Upregulated
2365,6.22569689469262,Upregulated
2371,409.554558151476,Upregulated
2373,0.0384032884573736,Downregulated
2374,14.4122034380423,Upregulated
2398,11.6124677192162,Upregulated
2399,16.2237434417383,Upregulated
2400,16.2237454800905,Upregulated
2401,15.6533418422532,Upregulated
2402,44.1966922851845,Upregulated
2404,58.0576743211885,Upregulated
2426,17.0706645265195,Upregulated
2428,3.15852350777184,Upregulated
2432,0.352276774504096,Downregulated
2433,0.0308107407249109,Downregulated
2434,0.0367092959722614,Downregulated
2435,24.6028180935381,Upregulated
2441,1198.9059365244,Upregulated
2445,3.4056538716796,Upregulated
2449,16.0498787134621,Upregulated
2450,994.84283215664,Upregulated
2452,0.156578399553339,Downregulated
2454,9.13083164562995,Upregulated
2455,3.21450094111214,Upregulated
2456,9.91080906691653,Upregulated
2457,37.2166939051513,Upregulated
2459,0.154370779217774,Downregulated
2460,9.56521216726211,Upregulated
2461,22.3739750288284,Upregulated
2463,363.959434939264,Upregulated
2464,35.9066331532829,Upregulated
2466,0.251044381380127,Downregulated
2467,5.35828322812531,Upregulated
2470,17.4607861617181,Upregulated
2471,739.971441049267,Upregulated
2472,4.86142247199128,Upregulated
2474,11.0816364532362,Upregulated
2478,4.79287559160382,Upregulated
2479,21.0426732376965,Upregulated
2480,11.085430902244,Upregulated
2485,0.138940773403422,Downregulated
2487,10.21371851156,Upregulated
2488,6.1971153269627,Upregulated
2491,3.21450135917603,Upregulated
2492,4.47110675307037,Upregulated
2495,4.47110679049402,Upregulated
2497,4.47110608099251,Upregulated
2498,4.79451589940245,Upregulated
2499,4.7945159001136,Upregulated
2500,21.7431992804952,Upregulated
2503,2.70962672496799,Upregulated
2504,113.220422200697,Upregulated
2505,91.1067295170889,Upregulated
2506,2.68789934521737,Upregulated
2507,10.0969568005678,Upregulated
2508,2.78086607699453,Upregulated
2509,2.90943363315604,Upregulated
2510,5.54081761433811,Upregulated
2513,388.419039032725,Upregulated
2514,32.7473684674541,Upregulated
2517,6.35242893644348,Upregulated
2518,9.96117986945564,Upregulated
2519,23.3484655482094,Upregulated
2522,93.4246911570408,Upregulated
2523,3.51029750701372,Upregulated
2524,13.1817374955679,Upregulated
2525,4.61985389009785,Upregulated
2535,5.95025107950978,Upregulated
2538,0.0885061251658837,Downregulated
2539,6.19711492848789,Upregulated
2541,3.51029734403371,Upregulated
2544,14.257970326826,Upregulated
2545,56.3998072644925,Upregulated
2546,14.8075174516502,Upregulated
2549,51.7674225792726,Upregulated
2551,3.182162383191,Upregulated
2552,16.5742853542758,Upregulated
2556,16.5742897305758,Upregulated
2557,241.857021452849,Upregulated
2559,0.154370694655864,Downregulated
2560,56.4738170781454,Upregulated
2566,52.5238633319861,Upregulated
2567,1165.50484997897,Upregulated
2568,22.7299667079324,Upregulated
2569,130.40997353057,Upregulated
2571,5.2290786084916,Upregulated
2573,280.44929012708,Upregulated
2574,74.7074654145129,Upregulated
2575,74.5232344202449,Upregulated
2576,391.363984552661,Upregulated
2577,683.450669809564,Upregulated
2578,659.115364831175,Upregulated
2579,12.0946712191614,Upregulated
2580,16.54054529883,Upregulated
2582,3772.69695398308,Upregulated
2583,171.372826286865,Upregulated
2585,331.553072190441,Upregulated
2586,6032.35353779633,Upregulated
2587,510.328209034086,Upregulated
2588,31.8586480986947,Upregulated
2590,1881.62370721038,Upregulated
2592,78.377955860959,Upregulated
2593,14.0326746753157,Upregulated
2596,78.8542893096126,Upregulated
2597,85.9561621784734,Upregulated
2598,21.1894250827751,Upregulated
2599,8.24033958588478,Upregulated
2600,0.0508999106154493,Downregulated
2603,4.83177915340348,Upregulated
2605,44.9281054241386,Upregulated
2606,2,Upregulated
2607,21.8845678189865,Upregulated
2609,31.9149342412402,Upregulated
2611,2.95205088702071,Upregulated
2612,2.95103963562739,Upregulated
2613,2.9094335151177,Upregulated
2619,31.4732952085481,Upregulated
2620,10.3071745438568,Upregulated
2625,350.600570103035,Upregulated
2629,256.685770915445,Upregulated
2631,16.9421417876566,Upregulated
2634,3.61818906757671,Upregulated
2635,5.19825479651251,Upregulated
2641,30.8047508274957,Upregulated
2647,24.7449773721231,Upregulated
2648,24.7449773721479,Upregulated
2649,0.200620648139654,Downregulated
2659,0.330519510991662,Downregulated
2660,0.200636215444798,Downregulated
2661,2.17706912684512,Upregulated
2663,25.0458992715632,Upregulated
2665,0.20063621288436,Downregulated
2666,8.78126816880228,Upregulated
2667,1684.7819161045,Upregulated
2669,59.9675634378497,Upregulated
2670,63.7456926933935,Upregulated
2671,47.627889096485,Upregulated
2672,59.9675645933938,Upregulated
2674,59.9675628508104,Upregulated
2675,146.278137726435,Upregulated
2677,2.92470919110785,Upregulated
2678,8.73616284801593,Upregulated
2679,3.42264546815776,Upregulated
2680,13.2793964533398,Upregulated
2681,12.5471518930898,Upregulated
2682,3.45172884852929,Upregulated
2685,5.80337592130177,Upregulated
2693,2.39070040301876,Upregulated
2695,328.216844597243,Upregulated
2700,28.8343698417478,Upregulated
2701,4.08687381848502,Upregulated
2702,4.08687381848502,Upregulated
2704,26.8301014769851,Upregulated
2705,13.255596150855,Upregulated
2707,2.70917772006276,Upregulated
2709,4.37891296894038,Upregulated
2710,2.84582256893229,Upregulated
2711,2.40568914137143,Upregulated
2712,63.0493816520053,Upregulated
2714,14.8387658123362,Upregulated
2715,2.32343534350155,Upregulated
2716,31.9868357603027,Upregulated
2717,226.519770912084,Upregulated
2718,7.60589645733711,Upregulated
2719,21.8906386769544,Upregulated
2720,16.1795378222654,Upregulated
2721,7.4102807399742,Upregulated
2722,48.0425897433178,Upregulated
2723,306.016849778601,Upregulated
2724,70.9117941985726,Upregulated
2726,13.0535834475393,Upregulated
2729,14.6376780199589,Upregulated
2730,18.9338738532315,Upregulated
2732,2.65575317649495,Upregulated
2733,26.010943330016,Upregulated
2734,11.2974449851162,Upregulated
2736,14.2060078023274,Upregulated
2738,32.6274955740337,Upregulated
2739,19.707770578114,Upregulated
2741,6.04528334778696,Upregulated
2747,4.5021126611709,Upregulated
2748,9.00422468870601,Upregulated
2749,9.00114092696263,Upregulated
2751,24.608160038621,Upregulated
2753,0.184322913005738,Downregulated
2754,2.48112421952832,Upregulated
2755,7.32854612011236,Upregulated
2757,0.0255048994095734,Downregulated
2758,17.3490472408665,Upregulated
2759,44.3896343191347,Upregulated
2765,4.0500171445211,Upregulated
2766,3.67705539997691,Upregulated
2768,4.52627490298466,Upregulated
2771,14.3836655129313,Upregulated
2778,2.40671809745842,Upregulated
2783,2.35624335365091,Upregulated
2790,102.822377966954,Upregulated
2793,77.0670434686689,Upregulated
2804,12.2146612103765,Upregulated
2807,11.5185916554443,Upregulated
2808,14.0009329937003,Upregulated
2810,261.19390700999,Upregulated
2811,12.1713137016551,Upregulated
2818,2.42891405288612,Upregulated
2819,2.47670055958197,Upregulated
2822,11.4974255908861,Upregulated
2827,3.5139965401008,Upregulated
2831,7.32028434521945,Upregulated
2833,7.32854884342871,Upregulated
2834,7.32854884342871,Upregulated
2836,9.91506802976564,Upregulated
2837,9.91506802976564,Upregulated
2839,9.52288694662777,Upregulated
2840,3.84088278562225,Upregulated
2847,5.77501742033843,Upregulated
2848,6.73102492808385,Upregulated
2851,9.00422555223235,Upregulated
2852,9.00422555223235,Upregulated
2854,9.91506754805494,Upregulated
2855,9.91506706707827,Upregulated
2863,2.95205105953402,Upregulated
2874,407.890012017616,Upregulated
2876,40.0737109699633,Upregulated
2878,2.95205155860644,Upregulated
2879,2.95205155860644,Upregulated
2882,2.95205181674881,Upregulated
2883,3.24910665315099,Upregulated
2887,2.95205162078672,Upregulated
2889,6.57438753275264,Upregulated
2890,6.57438753275264,Upregulated
2891,2.74837633373049,Upregulated
2892,393.943191070608,Upregulated
2893,393.943191070608,Upregulated
2895,0.395821981544957,Downregulated
2896,31.8372688647684,Upregulated
2898,6.44327472594124,Upregulated
2899,2.71991488347167,Upregulated
2900,2.71991482176245,Upregulated
2901,2.69826283871522,Upregulated
2902,2.69826274104821,Upregulated
2904,2.69826213391755,Upregulated
2905,2.6982685728551,Upregulated
2911,38.9161695156161,Upregulated
2912,38.9193017574675,Upregulated
2913,38.9193045041594,Upregulated
2915,4.21836932389378,Upregulated
2916,4.86139751435175,Upregulated
2917,6.87246545586377,Upregulated
2918,12.2073792150887,Upregulated
2919,2.15825804412033,Upregulated
2920,2.42191400865009,Upregulated
2921,2.95119891586684,Upregulated
2922,2.95119890742138,Upregulated
2923,2.42191413603352,Upregulated
2924,2.95119890742138,Upregulated
2926,2.95119890742138,Upregulated
2927,2.95119891586684,Upregulated
2928,8.89001202506239,Upregulated
2929,8.89001288562736,Upregulated
2930,4.41774991244362,Upregulated
2931,2.95119890742138,Upregulated
2932,2.95119890742138,Upregulated
2934,2.42191417558735,Upregulated
2935,2.699188990276,Upregulated
2936,2.3895318800023,Upregulated
2937,4.16957777543772,Upregulated
2943,0.0518896787691085,Downregulated
2944,0.190469154247782,Downregulated
2945,0.165230502257529,Downregulated
2946,0.190396933160911,Downregulated
2947,3.999918170172,Upregulated
2954,3.98102915026007,Upregulated
2955,3.28095560869669,Upregulated
2961,5.9556298503207,Upregulated
2967,4.08687326767622,Upregulated
2968,50.1262366143348,Upregulated
2969,2.48171684778724,Upregulated
2970,4.08687367319857,Upregulated
2971,4.08687367319857,Upregulated
2972,16.0553782698015,Upregulated
2973,83.9340080019052,Upregulated
2974,26.8155135232024,Upregulated
2975,33.7043703668857,Upregulated
2976,16.0553786131064,Upregulated
2977,26.4398829584057,Upregulated
2978,26.4398829584057,Upregulated
2979,16.0553786131064,Upregulated
2980,16.0498794820554,Upregulated
2981,26.4398835835282,Upregulated
2982,26.4398830198932,Upregulated
2983,16.0498795025512,Upregulated
2984,4.07861258023393,Upregulated
2985,11.5658459880575,Upregulated
2986,2.47670079196563,Upregulated
2987,4.07861271776711,Upregulated
2988,3.92153634856124,Upregulated
2989,2.38131758327886,Upregulated
2990,3.9215364289291,Upregulated
2991,2.38131735015507,Upregulated
2992,2.63510307880702,Upregulated
2993,6.72197760622034,Upregulated
2994,4.08185970069563,Upregulated
2995,4.08185970069563,Upregulated
2996,6.72197760622034,Upregulated
2997,4.75513338584316,Upregulated
2998,2.88751145513253,Upregulated
2999,2.88751145513253,Upregulated
3000,4.75513339321538,Upregulated
3001,4.08687355595674,Upregulated
3002,2.48171675380144,Upregulated
3003,4.08687325043445,Upregulated
3004,4.086873270829,Upregulated
3005,8.39264690460907,Upregulated
3006,8.39264658419547,Upregulated
3007,5.0963571203626,Upregulated
3008,6.18699558266249,Upregulated
3009,4.26600278961383,Upregulated
3011,6.57619823229641,Upregulated
3012,7.41281813918039,Upregulated
3013,12.2073790961453,Upregulated
3014,12.2073790961453,Upregulated
3015,7.41281813918039,Upregulated
3016,7.41281813918039,Upregulated
3017,12.207379504828,Upregulated
3018,12.207379504828,Upregulated
3019,7.41281813918039,Upregulated
3020,11.3034443219828,Upregulated
3021,11.3034413608567,Upregulated
3022,7.41281954916533,Upregulated
3023,12.2073789447375,Upregulated
3024,12.2073789447375,Upregulated
3025,7.41281954916533,Upregulated
3026,7.4128197407908,Upregulated
3027,12.20737922981,Upregulated
3028,12.20737922981,Upregulated
3029,7.4128197407908,Upregulated
3030,7.4128197407908,Upregulated
3031,12.2073797724531,Upregulated
3032,12.2073797724531,Upregulated
3033,7.4128197407908,Upregulated
3034,7.4128197407908,Upregulated
3035,12.2073794220269,Upregulated
3036,12.2073794220269,Upregulated
3037,7.4128197407908,Upregulated
3038,12.2073794220269,Upregulated
3039,7.4128197407908,Upregulated
3040,10.6396174681272,Upregulated
3041,10.7601322788514,Upregulated
3042,6.53399373484535,Upregulated
3043,6.53399226517626,Upregulated
3044,10.1142814929708,Upregulated
3045,14.8470101018866,Upregulated
3046,8.49902622358193,Upregulated
3047,14.8694130024378,Upregulated
3048,11.4974252459702,Upregulated
3049,16.9963202130737,Upregulated
3050,17.4155324889564,Upregulated
3051,6.73102472615713,Upregulated
3052,211.925606575882,Upregulated
3054,8.03935202069836,Upregulated
3055,165.722586512477,Upregulated
3056,8.77255423295147,Upregulated
3057,12.054993067241,Upregulated
3058,12.0686026529563,Upregulated
3059,16.3280654738934,Upregulated
3060,9.52288799361811,Upregulated
3061,4.67518156393994,Upregulated
3062,4.67518156393994,Upregulated
3063,2.48171714672345,Upregulated
3064,2.48171677003973,Upregulated
3065,4.08687376233467,Upregulated
3066,4.08687376233467,Upregulated
3067,3.46445180297367,Upregulated
3068,3.46445180297367,Upregulated
3069,5.70523551093161,Upregulated
3071,3.46445180297367,Upregulated
3072,3.46445180347812,Upregulated
3073,4.29191643559659,Upregulated
3074,4.86141829090934,Upregulated
3075,2.95205172842455,Upregulated
3076,69.480195321056,Upregulated
3077,69.4747988138543,Upregulated
3078,4.86141783162319,Upregulated
3079,4.86141777274035,Upregulated
3080,4.86141787260564,Upregulated
3081,4.86141790086941,Upregulated
3082,4.86141768041205,Upregulated
3083,4.86141784781597,Upregulated
3084,2.95205116668225,Upregulated
3085,4.86141781230962,Upregulated
3086,4.86141781230962,Upregulated
3087,2.95205116668225,Upregulated
3088,2.95205116668225,Upregulated
3089,4.86141781230962,Upregulated
3090,4.86141781230962,Upregulated
3091,2.95205116668225,Upregulated
3092,2.95205116668225,Upregulated
3093,4.86141775248465,Upregulated
3094,4.86141775248465,Upregulated
3095,2.95205116668225,Upregulated
3098,15.0389849589347,Upregulated
3099,2.70062997702657,Upregulated
3102,2.70062997702657,Upregulated
3105,0.346695041284709,Downregulated
3108,4.86142899142276,Upregulated
3109,4.86142899142276,Upregulated
3110,4.86141699124477,Upregulated
3111,2.70063581394981,Upregulated
3112,2.70063581394981,Upregulated
3113,31.8348581359221,Upregulated
3114,2.70062936873775,Upregulated
3115,31.8373495907835,Upregulated
3118,2.95205864847509,Upregulated
3120,2.95203942718614,Upregulated
3121,2.28009336111446,Upregulated
3124,4.86141787660968,Upregulated
3126,4.86141787660968,Upregulated
3127,4.86141837004788,Upregulated
3128,4.86141837004788,Upregulated
3129,4.86141757218539,Upregulated
3130,393.973846286604,Upregulated
3131,2.4158041961298,Upregulated
3132,393.973816696328,Upregulated
3133,4.86141791782767,Upregulated
3135,2.41580406652867,Upregulated
3136,4.86141794797568,Upregulated
3137,4.86141794797568,Upregulated
3138,2.41580397096182,Upregulated
3142,4.86141833613136,Upregulated
3143,4.86141788391115,Upregulated
3145,30.1439422739805,Upregulated
3146,2.68790001818635,Upregulated
3147,2.68882091271089,Upregulated
3148,63.8517678561622,Upregulated
3149,2.17757096381684,Upregulated
3150,2.17757096381684,Upregulated
3152,6.64598186386332,Upregulated
3153,25.5591224980941,Upregulated
3154,7.13555698013698,Upregulated
3158,2.652669351466,Upregulated
3159,2.17757567024263,Upregulated
3160,2.65266935209408,Upregulated
3163,2.17757567024263,Upregulated
3166,27.3416778927597,Upregulated
3167,27.3415023997394,Upregulated
3171,3.08741462288269,Upregulated
3173,5.8334145549414,Upregulated
3174,101.887740469247,Upregulated
3177,0.153001384269455,Downregulated
3178,0.0353419267567443,Downregulated
3179,13.8738591524589,Upregulated
3180,0.470036264335835,Downregulated
3181,0.470036264335835,Downregulated
3182,2.79939738561075,Upregulated
3183,2.75122889801526,Upregulated
3184,0.0244285965538871,Downregulated
3188,2.79939738561075,Upregulated
3191,0.208077629209357,Downregulated
3201,0.0429576240607567,Downregulated
3202,0.0429576182501873,Downregulated
3203,0.0429576235491655,Downregulated
3204,0.0429576416660767,Downregulated
3205,0.0225661550970772,Downregulated
3206,0.475925297286221,Downregulated
3208,115.808869383158,Upregulated
3209,7.7679059838656,Upregulated
3210,19.9781001031252,Upregulated
3211,6.28279637700968,Upregulated
3213,31.62716632926,Upregulated
3214,31.6271743819218,Upregulated
3215,31.6271583206349,Upregulated
3216,13.8380007911271,Upregulated
3224,0.0856932195664456,Downregulated
3230,3.13288170461305,Upregulated
3232,299.072530224102,Upregulated
3233,16.3939989340023,Upregulated
3234,21.1696991716637,Upregulated
3236,0.268129772040658,Downregulated
3237,5.39278811256255,Upregulated
3250,7.15808575815096,Upregulated
3255,10.6677704836645,Upregulated
3256,10.8203261793374,Upregulated
3257,10.6437578085219,Upregulated
3258,5.81389706235802,Upregulated
3259,5.40161127811016,Upregulated
3260,5.40161127811016,Upregulated
3261,5.40161127811016,Upregulated
3262,5.40161127811016,Upregulated
3263,10.647405396833,Upregulated
3264,10.647405396833,Upregulated
3265,10.647405396833,Upregulated
3266,10.647405396833,Upregulated
3267,10.6474038128745,Upregulated
3268,10.6474038128745,Upregulated
3269,10.6474038128745,Upregulated
3270,10.6474038128745,Upregulated
3271,2.37642772046083,Upregulated
3272,2.37642772046083,Upregulated
3273,2.37642772046083,Upregulated
3274,2.37642772046083,Upregulated
3282,69.965779097162,Upregulated
3284,15.8422713725471,Upregulated
3287,10.5955678347937,Upregulated
3294,8.81211599959015,Upregulated
3296,8.81211599959015,Upregulated
3298,4.82085883517005,Upregulated
3299,4.82085883517005,Upregulated
3300,4.82085902277939,Upregulated
3305,8.9688315861162,Upregulated
3306,8.9688315861162,Upregulated
3307,8.48475644833297,Upregulated
3309,10.6437575239344,Upregulated
3311,9.62270963588839,Upregulated
3312,7.09653701483949,Upregulated
3314,8.68654743013341,Upregulated
3316,8.6865470920863,Upregulated
3317,8.68654743013341,Upregulated
3319,10.2137187794225,Upregulated
3320,130.454606878649,Upregulated
3322,9.69342018221519,Upregulated
3342,0.417421456225336,Downregulated
3343,2.89994327736814,Upregulated
3345,15.8009455872678,Upregulated
3347,0.0290140453963819,Downregulated
3351,4.58912421148148,Upregulated
3352,3.66037526027518,Upregulated
3353,16.8654366994906,Upregulated
3354,0.0350223714293395,Downregulated
3358,3.93899197202886,Upregulated
3359,5.13723891147886,Upregulated
3360,10.9034620277889,Upregulated
3361,187.533942762901,Upregulated
3362,47.5509156110431,Upregulated
3364,8.16043496062602,Upregulated
3365,10.2460444340532,Upregulated
3366,109.41380164148,Upregulated
3369,27.5659952435015,Upregulated
3370,15.6158789383109,Upregulated
3371,5.04095391741971,Upregulated
3373,37.1379466801747,Upregulated
3374,0.0393439119047203,Downregulated
3375,43.0174681269755,Upregulated
3376,54.1503890708846,Upregulated
3380,35.1247834575323,Upregulated
3387,10.7811175764399,Upregulated
3388,2.00705969071736,Upregulated
3390,0.0342614123741188,Downregulated
3392,4.97455408232106,Upregulated
3393,2.74749270311517,Upregulated
3394,55.5974529098725,Upregulated
3395,2.00706487779617,Upregulated
3415,3.05409278020166,Upregulated
3416,49.2543196284496,Upregulated
3423,52.4831579418207,Upregulated
3424,52.4831579773585,Upregulated
3425,52.4831486783069,Upregulated
3430,5.84202198464281,Upregulated
3431,5.84202206200765,Upregulated
3433,101.456349270093,Upregulated
3434,412.624769225751,Upregulated
3435,2.19471834695481,Upregulated
3438,4.54878045988635,Upregulated
3439,4.5487800902496,Upregulated
3443,2.51390508300075,Upregulated
3444,2.98754123789283,Upregulated
3448,194.731416197398,Upregulated
3450,3.04182569151895,Upregulated
3451,0.317973931715088,Downregulated
3453,0.0897795320402952,Downregulated
3454,9.82346503195803,Upregulated
3455,8.92447183281783,Upregulated
3456,9.43778223023254,Upregulated
3457,2.73275496206545,Upregulated
3458,0.0505159763624564,Downregulated
3459,18.957921505193,Upregulated
3460,54.045827009971,Upregulated
3461,0.136470150434852,Downregulated
3462,11.327788026764,Upregulated
3463,5.24438786983388,Upregulated
3464,148.13966077747,Upregulated
3465,0.135497238722324,Downregulated
3466,4.47732119650561,Upregulated
3467,19.5262461018415,Upregulated
3468,19.5262436443035,Upregulated
3469,21.9901242002195,Upregulated
3470,18.957912100226,Upregulated
3471,19.1918805495761,Upregulated
3472,18.5714143327447,Upregulated
3473,24.4006805507773,Upregulated
3474,24.4006788557152,Upregulated
3477,24.8188317880823,Upregulated
3480,8.18571795012336,Upregulated
3481,5.54886466946958,Upregulated
3482,5.54886466946958,Upregulated
3489,270.722406651046,Upregulated
3490,6.05566137249201,Upregulated
3491,266.905362438841,Upregulated
3492,0.289270896924897,Downregulated
3494,0.0434163536730347,Downregulated
3495,0.244160917922923,Downregulated
3504,0.111242250172131,Downregulated
3505,0.250159871582473,Downregulated
3506,0.111280364323149,Downregulated
3507,0.250245582102617,Downregulated
3509,77.3717719318628,Upregulated
3510,77.3717711082399,Upregulated
3514,220.215964428341,Upregulated
3516,7.05508917098176,Upregulated
3517,528.567488250221,Upregulated
3518,536.126131395137,Upregulated
3519,507.597828822222,Upregulated
3520,3.12936323890398,Upregulated
3522,7.37846180786722,Upregulated
3524,2.00481419984279,Upregulated
3527,0.210815169871417,Downregulated
3528,0.163326566246996,Downregulated
3535,85.3448098331404,Upregulated
3536,59.5864882226463,Upregulated
3538,53.7867892260326,Upregulated
3539,53.8052026186077,Upregulated
3541,32.2824837427522,Upregulated
3542,2.89444414261559,Upregulated
3545,3.36549173733353,Upregulated
3547,3.36549173733353,Upregulated
3548,35.5530102909589,Upregulated
3549,17.346406613582,Upregulated
3550,52.5472901541705,Upregulated
3551,30.6906740833564,Upregulated
3553,52.5472871310682,Upregulated
3554,3.97927145849232,Upregulated
3556,3.30343379373954,Upregulated
3557,0.176383712642716,Downregulated
3559,17.5077755574712,Upregulated
3561,4.74912781412647,Upregulated
3564,2.01956541916292,Upregulated
3570,19.6381593133544,Upregulated
3571,4.75075415035564,Upregulated
3572,2.40154293626176,Upregulated
3574,56.8991938275012,Upregulated
3575,23.5919806347856,Upregulated
3576,11.2108013707078,Upregulated
3577,11.0527356076626,Upregulated
3579,24.3414826022294,Upregulated
3580,19.7891065536034,Upregulated
3581,72.0329689811346,Upregulated
3582,279.262334480471,Upregulated
3583,279.262334480471,Upregulated
3584,2538.49783064788,Upregulated
3585,3844.51308218442,Upregulated
3586,3844.51308218442,Upregulated
3587,3844.51308218442,Upregulated
3588,101.790751920387,Upregulated
3589,1074.5465189984,Upregulated
3592,28.8439125551475,Upregulated
3612,0.127931306673931,Downregulated
3613,0.0496898448438383,Downregulated
3614,0.111015752132925,Downregulated
3618,0.107301018552367,Downregulated
3619,19.4852719336599,Upregulated
3620,11.3340771924951,Upregulated
3622,29.3066849699181,Upregulated
3623,30.0532068154309,Upregulated
3624,29.3066849699181,Upregulated
3625,30.0532068154309,Upregulated
3626,29.5778960258513,Upregulated
3630,31.7758251267116,Upregulated
3631,14.5337383466794,Upregulated
3634,10.2960780482747,Upregulated
3639,0.0544451898457277,Downregulated
3643,0.0397239213194763,Downregulated
3645,10.3513898856446,Upregulated
3648,5.20443302769737,Upregulated
3649,0.0606522025735792,Downregulated
3650,121.032069692166,Upregulated
3652,17.9562699078268,Upregulated
3653,10.5310406172474,Upregulated
3654,0.462850892690362,Downregulated
3656,32.1221908805096,Upregulated
3657,36.4940437820637,Upregulated
3658,0.283855903957287,Downregulated
3659,2.85462074853257,Upregulated
3660,2.92733578783576,Upregulated
3661,110.617921996723,Upregulated
3662,98.6514398421994,Upregulated
3663,98.6514446705277,Upregulated
3665,263.910151018245,Upregulated
3669,38.4898408309379,Upregulated
3670,4.99747049886895,Upregulated
3671,4.99747270777435,Upregulated
3672,5.12477630605451,Upregulated
3673,4.99747683051661,Upregulated
3674,5.12477630605451,Upregulated
3683,6.26072279265084,Upregulated
3705,18.4232880078427,Upregulated
3706,3.15365897151591,Upregulated
3709,0.198237310404475,Downregulated
3713,5.06893909249247,Upregulated
3714,2.7357333355148,Upregulated
3715,2.73599192362043,Upregulated
3717,18.6867546771036,Upregulated
3718,5.06893870711893,Upregulated
3719,4.997474066381,Upregulated
3722,2.73599235410818,Upregulated
3727,18.68672414743,Upregulated
3730,3.87864261893429,Upregulated
3732,20.6198199004992,Upregulated
3733,21.6784620382774,Upregulated
3734,21.3728234225315,Upregulated
3736,59.4266823667463,Upregulated
3737,280.186650520422,Upregulated
3738,56.8879816327574,Upregulated
3739,5.06893960986911,Upregulated
3740,56.8879807197194,Upregulated
3743,0.255319878061083,Downregulated
3744,18.6867541313389,Upregulated
3747,453.609396043479,Upregulated
3748,270.722395321695,Upregulated
3749,270.722380809368,Upregulated
3750,270.722395321695,Upregulated
3751,284.193520781287,Upregulated
3752,307.949205395045,Upregulated
3753,307.949209453528,Upregulated
3754,49.285598015338,Upregulated
3755,266.905362438841,Upregulated
3758,0.196926710191403,Downregulated
3761,185.896981776039,Upregulated
3762,211.916149654536,Upregulated
3763,311.626641921818,Upregulated
3765,238.045213564784,Upregulated
3766,102.474626597941,Upregulated
3767,4.51369061843066,Upregulated
3774,3157.8789431689,Upregulated
3775,241.301923893873,Upregulated
3776,10.324871777356,Upregulated
3779,13.343582203106,Upregulated
3780,17.7586794792561,Upregulated
3781,17.7573020514655,Upregulated
3782,20.39534408753,Upregulated
3783,492.693883725272,Upregulated
3784,49.4198794783224,Upregulated
3785,0.11993606388592,Downregulated
3790,0.0275545488126755,Downregulated
3791,0.01,Downregulated
3824,16.8892211541414,Upregulated
3825,438.581141695216,Upregulated
3826,3.07100542829602,Upregulated
3827,10.9526065960962,Upregulated
3838,11.7592314562353,Upregulated
3847,2.54742534743517,Upregulated
3849,2.76743779704629,Upregulated
3857,0.086248219444102,Downregulated
3858,132.843036030196,Upregulated
3859,79.759313194679,Upregulated
3860,21.4214146537689,Upregulated
3871,18.7010931304406,Upregulated
3877,0.084752444108572,Downregulated
3882,11.6759718561172,Upregulated
3884,22.8903216426662,Upregulated
3885,27.6193499483887,Upregulated
3886,22.8903273351684,Upregulated
3887,19.48119493958,Upregulated
3890,18108.3147516388,Upregulated
3892,15.3432659697482,Upregulated
3893,339.616038728968,Upregulated
3894,3.00960603475677,Upregulated
3895,339.616201701539,Upregulated
3896,7.63010787280385,Upregulated
3897,339.616201701539,Upregulated
3898,7.63010787280385,Upregulated
3899,7.63010787097753,Upregulated
3902,741.727971852797,Upregulated
3903,741.727934018227,Upregulated
3904,741.727934018227,Upregulated
3905,10594.1979756813,Upregulated
3906,8.91950377725756,Upregulated
3907,10595.5885995675,Upregulated
3914,3.99999958444825,Upregulated
3923,685.096782838838,Upregulated
3924,340.133104646598,Upregulated
3926,2.65841035891142,Upregulated
3927,2.65841031012069,Upregulated
3937,4.71766709196691,Upregulated
3938,345.481049574584,Upregulated
3939,5.84870191291387,Upregulated
3940,2.60874581654612,Upregulated
3941,4.38127199721448,Upregulated
3943,4.65115108249246,Upregulated
3946,30.8700618008816,Upregulated
3947,3.1381775210718,Upregulated
3950,0.381962068239028,Downregulated
3951,20.4422143451761,Upregulated
3952,6.81990603989358,Upregulated
3953,0.381962136697244,Downregulated
3957,6.57969166743904,Upregulated
3961,4.68216724860646,Upregulated
3964,74.7816837423658,Upregulated
3967,125.084274331492,Upregulated
3968,113.553057196536,Upregulated
3969,10.7604364218383,Upregulated
3970,120.600961590261,Upregulated
3974,6.81610623665937,Upregulated
3976,0.403144437619547,Downregulated
3983,7.1372376320897,Upregulated
3987,2.47910034148139,Upregulated
3988,16.3068886861843,Upregulated
3989,285.405605401772,Upregulated
3992,768.40234983371,Upregulated
3993,82.0556116715049,Upregulated
4015,111.929876414266,Upregulated
4017,67.2901248957428,Upregulated
4018,17.1757474294782,Upregulated
4020,2.8146075635661,Upregulated
4021,26.7162906524873,Upregulated
4024,5.54144104419144,Upregulated
4027,0.170582726495637,Downregulated
4029,15.329993331807,Upregulated
4031,7.06379582758606,Upregulated
4033,0.477968390137146,Downregulated
4035,388.110771391652,Upregulated
4036,166.753119936715,Upregulated
4037,166.810250795029,Upregulated
4038,174.98777711886,Upregulated
4039,279.262160180631,Upregulated
4041,151.872135003841,Upregulated
4043,499.279486006331,Upregulated
4052,235.966427566125,Upregulated
4054,2665.90936226749,Upregulated
4055,692.921204988993,Upregulated
4056,158.664513349547,Upregulated
4058,249.647512935017,Upregulated
4059,241.846906668864,Upregulated
4060,246.127796723402,Upregulated
4061,207.946901075483,Upregulated
4062,441.612408867375,Upregulated
4063,625.090767286025,Upregulated
4068,156.610898790508,Upregulated
4069,0.115086790907198,Downregulated
4070,1366.50744503413,Upregulated
4071,4.03608495403826,Upregulated
4072,6.75399253424098,Upregulated
4073,4.50817456284579,Upregulated
4075,0.113125146511834,Downregulated
4076,92.196082820648,Upregulated
4077,23.1564340603466,Upregulated
4079,84.6468854134272,Upregulated
4080,1936.4991777186,Upregulated
4081,9.07620942255927,Upregulated
4082,156.501892427583,Upregulated
4083,31.2265259371798,Upregulated
4084,13.1817276568542,Upregulated
4085,13.1817273577882,Upregulated
4087,310.419079627518,Upregulated
4090,0.198031240979694,Downregulated
4095,229.953118946549,Upregulated
4096,79.6425971269243,Upregulated
4097,79.6425891979786,Upregulated
4099,46.0668328585837,Upregulated
4100,522.479666368956,Upregulated
4103,657.089902924348,Upregulated
4108,9.92386155392977,Upregulated
4109,504.358262690859,Upregulated
4110,9.94621164904222,Upregulated
4114,1823.82025735897,Upregulated
4115,197.549159019657,Upregulated
4116,202.144673972856,Upregulated
4118,1396.74131543831,Upregulated
4120,197.549159070593,Upregulated
4121,3863.42630759813,Upregulated
4122,1903.85062064694,Upregulated
4123,965.273822445894,Upregulated
4127,11.3061529218083,Upregulated
4130,0.0272006365032448,Downregulated
4138,0.141247618256602,Downregulated
4140,246.171264675119,Upregulated
4144,0.194438598653101,Downregulated
4146,0.275611929681942,Downregulated
4147,10.0245332584772,Upregulated
4148,207.753557751351,Upregulated
4149,6.88648558030032,Upregulated
4150,36.2015415611404,Upregulated
4154,57.559464623672,Upregulated
4157,17.4107750182374,Upregulated
4158,90.6084740544005,Upregulated
4160,9.71431123418047,Upregulated
4162,471.58062786131,Upregulated
4163,1945.77551418283,Upregulated
4164,41.5398001485203,Upregulated
4165,14.0457790106202,Upregulated
4170,0.169764749042088,Downregulated
4171,5.10769451859325,Upregulated
4172,0.117688065917307,Downregulated
4173,2.5247304214202,Upregulated
4174,2.52472940501373,Upregulated
4176,0.448574933892894,Downregulated
4177,0.112427603763915,Downregulated
4178,0.0249934046234103,Downregulated
4179,100.160304501411,Upregulated
4180,106.15763064192,Upregulated
4195,9.06004727182805,Upregulated
4199,2.25436899635181,Upregulated
4200,2.27952660760586,Upregulated
4201,2.27952651892169,Upregulated
4204,5.20069158147073,Upregulated
4205,0.379650139305291,Downregulated
4207,0.0711917987467829,Downregulated
4209,0.0764013455928683,Downregulated
4211,0.0107284978480631,Downregulated
4213,0.102731291398993,Downregulated
4218,114.736207595359,Upregulated
4234,2.02764325577075,Upregulated
4235,67.075122736012,Upregulated
4247,587.558215622007,Upregulated
4248,692.942325401562,Upregulated
4249,228.708340556654,Upregulated
4263,3.4400656004424,Upregulated
4267,38.6388887099595,Upregulated
4269,2217.34944794792,Upregulated
4270,6.58365627664261,Upregulated
4273,5.09355223506223,Upregulated
4279,2.524730269785,Upregulated
4286,104.718337596493,Upregulated
4287,7890.27483393717,Upregulated
4288,25.3775866682277,Upregulated
4289,10702.9229337443,Upregulated
4290,0.0252430072096607,Downregulated
4295,0.148015211335127,Downregulated
4305,15.820010413048,Upregulated
4307,0.14469090831965,Downregulated
4308,342.457202473993,Upregulated
4310,115.061864191464,Upregulated
4311,8.23693846432426,Upregulated
4313,3508.69382809237,Upregulated
4316,25.3540954732224,Upregulated
4325,0.0830775082511766,Downregulated
4328,6.06418371622774,Upregulated
4330,7.15261141845653,Upregulated
4331,26.4533314711673,Upregulated
4335,6.30066267602894,Upregulated
4341,18.4128954682669,Upregulated
4342,549.560581336779,Upregulated
4344,6.86289830194597,Upregulated
4345,5.03008281204671,Upregulated
4354,4.55873480284404,Upregulated
4355,0.0574040661360455,Downregulated
4358,111.049399051227,Upregulated
4360,203.496524631838,Upregulated
4361,75.1000152176808,Upregulated
4362,478.201755026016,Upregulated
4363,6.68803287446399,Upregulated
4365,3.18406928206438,Upregulated
4368,3.44479803350358,Upregulated
4369,3.44479768409925,Upregulated
4370,4.36715906924789,Upregulated
4371,4.36715892718051,Upregulated
4372,4.69628178384777,Upregulated
4373,4.27544681308415,Upregulated
4374,3.15189135798114,Upregulated
4375,40.2421141890258,Upregulated
4376,5.26629949609458,Upregulated
4378,84.3328118385631,Upregulated
4379,6682.97777313846,Upregulated
4381,6.16537964306242,Upregulated
4382,1133.31041410829,Upregulated
4387,0.40980515766449,Downregulated
4388,25.0395020619305,Upregulated
4390,7.32992747195388,Upregulated
4392,74.0411775016896,Upregulated
4401,28.1059268839637,Upregulated
4411,3.99999922675539,Upregulated
4414,2.53097315789495,Upregulated
4426,301.899113908131,Upregulated
4428,3494.30806113908,Upregulated
4431,0.235132399338142,Downregulated
4436,0.320492629673995,Downregulated
4439,0.156965011923425,Downregulated
4446,3.07761566604101,Upregulated
4447,6.38669296462949,Upregulated
4449,171.818589427374,Upregulated
4450,0.371807524740356,Downregulated
4452,0.102402982360175,Downregulated
4453,0.102403006249936,Downregulated
4455,4.74641085805038,Upregulated
4457,123.439788889432,Upregulated
4458,12.076600531303,Upregulated
4459,285.716222426946,Upregulated
4464,2.17165228111477,Upregulated
4466,0.119305112734777,Downregulated
4470,437.551748281874,Upregulated
4471,602.240196288113,Upregulated
4473,0.303458300604019,Downregulated
4475,4.16754973427729,Upregulated
4481,586.874794851749,Upregulated
4485,0.0187312839345504,Downregulated
4487,3.65034535253409,Upregulated
4488,10.1871041566596,Upregulated
4489,0.346278339628882,Downregulated
4490,4.03390759654924,Upregulated
4491,0.346278296029731,Downregulated
4502,85.4118245621523,Upregulated
4503,58.5671251171608,Upregulated
4504,835.807781066827,Upregulated
4505,19.743076177188,Upregulated
4507,4.48699641276713,Upregulated
4513,23.7482458329752,Upregulated
4514,0.497129282336987,Downregulated
4521,2.98416770005838,Upregulated
4522,86.9526269030481,Upregulated
4523,100.965913303286,Upregulated
4526,12.3770822727007,Upregulated
4528,0.237121470410773,Downregulated
4531,19.5690176170368,Upregulated
4532,22.2673618954243,Upregulated
4533,19.5690180343672,Upregulated
4538,0.23830477984033,Downregulated
4539,4.90194166135278,Upregulated
4540,4.90194207397577,Upregulated
4541,23.4368750038755,Upregulated
4542,5.52312412469049,Upregulated
4543,6.78125655325191,Upregulated
4545,3.69829008522825,Upregulated
4546,0.0577941470577835,Downregulated
4554,0.152094180395796,Downregulated
4555,0.159706447639466,Downregulated
4556,12.6676260480914,Upregulated
4561,332.094227598732,Upregulated
4562,426.765972030531,Upregulated
4563,228.181080205803,Upregulated
4564,113.413677561324,Upregulated
4565,1104.59480576221,Upregulated
4566,627.210614638847,Upregulated
4567,259.129134658494,Upregulated
4568,519.682479043192,Upregulated
4569,303.317883413302,Upregulated
4570,243.81182378541,Upregulated
4571,462.505461108747,Upregulated
4572,986.391196040454,Upregulated
4573,1625.01679349353,Upregulated
4574,398.788599855174,Upregulated
4575,128.924907029399,Upregulated
4576,314.797233611231,Upregulated
4577,128.880744757271,Upregulated
4579,36.2761669854061,Upregulated
4580,49.3602912270437,Upregulated
4581,47.5573186151319,Upregulated
4582,356.685158943828,Upregulated
4584,263.341317213669,Upregulated
4585,50.5821560688087,Upregulated
4586,56.8684263139827,Upregulated
4590,194.862909924632,Upregulated
4591,1286.41235330853,Upregulated
4592,297.566646028062,Upregulated
4593,77.4642104779801,Upregulated
4594,25.7404021286929,Upregulated
4595,165.806821269957,Upregulated
4596,1689.54835572095,Upregulated
4597,184.309255931759,Upregulated
4598,17.6450415299437,Upregulated
4599,25.8214036409929,Upregulated
4600,131.293873421573,Upregulated
4601,48.767659569305,Upregulated
4602,131.293873421573,Upregulated
4603,25.821400638718,Upregulated
4604,67.1682769253357,Upregulated
4605,27.979810410325,Upregulated
4606,130.072504728932,Upregulated
4607,48.7676595268581,Upregulated
4608,229.953116690263,Upregulated
4609,79.6425910385638,Upregulated
4610,16.8903224619202,Upregulated
4611,100.967273079496,Upregulated
4612,21.4127880029098,Upregulated
4613,111.144778765657,Upregulated
4614,118.162477837019,Upregulated
4617,187.431935171777,Upregulated
4619,0.358208448842719,Downregulated
4620,0.312806321113487,Downregulated
4621,3519.94078336403,Upregulated
4622,33.6060979786492,Upregulated
4627,0.0584449103571239,Downregulated
4628,0.105080605787079,Downregulated
4634,0.0854321634523289,Downregulated
4640,5.14460847952344,Upregulated
4641,5.57464591172646,Upregulated
4644,0.312367333622401,Downregulated
4645,0.231801440042535,Downregulated
4646,24.0044356706214,Upregulated
4647,0.228089271787764,Downregulated
4651,0.338276661723703,Downregulated
4652,201.157527389555,Upregulated
4655,0.032926060937245,Downregulated
4657,0.078577076517544,Downregulated
4658,91.8685681249538,Upregulated
4659,180.556861352593,Upregulated
4660,0.098076079877524,Downregulated
4661,2.12655829090162,Upregulated
4663,0.0541318597345207,Downregulated
4665,0.0507799940849565,Downregulated
4673,36.5012546507217,Upregulated
4685,0.197469736863233,Downregulated
4686,0.0520080479489492,Downregulated
4699,142.958109027576,Upregulated
4702,0.138894977535452,Downregulated
4708,37.0232625364871,Upregulated
4713,47.7197773867141,Upregulated
4715,0.0193857112794991,Downregulated
4717,26.3435949807574,Upregulated
4718,7.71786338723042,Upregulated
4719,251.02581058019,Upregulated
4721,124.425806039172,Upregulated
4751,72.9600456731157,Upregulated
4753,434.204149269032,Upregulated
4754,601.057005774229,Upregulated
4755,8433.5831555871,Upregulated
4756,3.4447979564761,Upregulated
4760,0.237364284188565,Downregulated
4763,3.94356604901364,Upregulated
4768,24.3462537371176,Upregulated
4782,27.2419836385335,Upregulated
4783,0.0479596235735755,Downregulated
4784,0.0244564626218215,Downregulated
4785,0.203238914460329,Downregulated
4786,0.0141492705370787,Downregulated
4787,0.0467818212850249,Downregulated
4788,0.0467682795619652,Downregulated
4789,0.177331072339992,Downregulated
4792,11.6359230709667,Upregulated
4797,0.203238914460329,Downregulated
4800,2.90678315878644,Upregulated
4803,0.242124070959163,Downregulated
4804,0.0743694526789083,Downregulated
4808,0.243183885543797,Downregulated
4814,4.43198134741292,Upregulated
4818,0.0254395239439827,Downregulated
4822,5.09355158879345,Upregulated
4825,36.6150849419426,Upregulated
4827,140.534705537788,Upregulated
4829,5.09355183240593,Upregulated
4836,77.4364199538447,Upregulated
4837,2.38840512790213,Upregulated
4840,3.29507954880171,Upregulated
4846,90.0630173006114,Upregulated
4849,0.0871119232887732,Downregulated
4850,15.8129739383039,Upregulated
4851,0.370049849263635,Downregulated
4854,10.2279448386161,Upregulated
4857,92.8851656053106,Upregulated
4860,2.06948892707363,Upregulated
4862,4.65379545421584,Upregulated
4878,0.116943824313699,Downregulated
4879,0.32035734169373,Downregulated
4880,0.317467964307225,Downregulated
4882,10.8256750706096,Upregulated
4883,0.051315527300871,Downregulated
4894,0.121803364258464,Downregulated
4904,0.0385980332471051,Downregulated
4905,0.103599077776807,Downregulated
4906,0.164453303339075,Downregulated
4915,0.0513156410043911,Downregulated
4918,0.439762990873432,Downregulated
4922,421.677369474571,Upregulated
4926,11.5583415989273,Upregulated
4927,313.403370896118,Upregulated
4930,14.7097475324948,Upregulated
4932,12.0284899117117,Upregulated
4935,0.128186375512517,Downregulated
4941,30.4409585772764,Upregulated
4942,5.1330954408598,Upregulated
4949,52.5529619158071,Upregulated
4955,48.2497052835033,Upregulated
4956,45.7831754228507,Upregulated
4958,43.3181456101339,Upregulated
4960,613.873484438343,Upregulated
4964,2.7942661002428,Upregulated
4967,60.8891737658603,Upregulated
4969,4.8678104793063,Upregulated
4972,5.43028487678381,Upregulated
4975,39.9794263083972,Upregulated
4976,5.31622699680855,Upregulated
4977,0.391181589188282,Downregulated
4979,0.080555462635407,Downregulated
4983,2.0172035152738,Upregulated
4986,5.47060084129064,Upregulated
4987,5.5488341939312,Upregulated
4988,37.0469731198751,Upregulated
4991,7.7985295474735,Upregulated
5001,1754.34691400729,Upregulated
5003,3.19887744269241,Upregulated
5006,2.06321390376308,Upregulated
5011,0.0326967237487393,Downregulated
5012,0.341369229521234,Downregulated
5013,0.0444946696809651,Downregulated
5014,0.0222473339342546,Downregulated
5015,0.0449236027123638,Downregulated
5016,0.155062671768499,Downregulated
5017,0.109892474913633,Downregulated
5018,0.0549462413061818,Downregulated
5019,0.109892494769473,Downregulated
5020,0.109892474968979,Downregulated
5021,0.108343156322846,Downregulated
5022,0.21863184503095,Downregulated
5024,5.02174517837711,Upregulated
5028,0.127784251194275,Downregulated
5029,0.0870306098185892,Downregulated
5030,0.109892477385298,Downregulated
5032,3.66947145458458,Upregulated
5033,4.26579324694581,Upregulated
5034,2.90887078147943,Upregulated
5036,5.09355203571969,Upregulated
5068,0.5,Downregulated
5070,0.5,Downregulated
5072,0.5,Downregulated
5161,0.465701762102591,Downregulated
5162,0.465701763213815,Downregulated
5207,0.176068978522228,Downregulated
5209,47.7069857774331,Upregulated
5212,34.7634274425834,Upregulated
5214,0.446051343367671,Downregulated
5237,0.0901030189226425,Downregulated
5251,12.5161705236038,Upregulated
5252,0.488873636034845,Downregulated
5253,21.9613897078902,Upregulated
5254,30.3316287628158,Upregulated
5255,0.488861758959427,Downregulated
5256,0.488861737632184,Downregulated
5258,2.64483826026155,Upregulated
5263,13.2408252268651,Upregulated
5264,0.0559560488050191,Downregulated
5265,48.46097920341,Upregulated
5282,5.12216354028793,Upregulated
5285,100.8925732175,Upregulated
5286,24.9891472681043,Upregulated
5288,2.68959272665971,Upregulated
5289,38.4689852809584,Upregulated
5290,4.54528409280636,Upregulated
5292,5.08144544105461,Upregulated
5293,96.0062283952926,Upregulated
5294,5.47060095085085,Upregulated
5296,352.616390274768,Upregulated
5299,0.5,Downregulated
5301,4.32620512578895,Upregulated
5306,3.74474406488165,Upregulated
5308,0.284794868952854,Downregulated
5309,98.7552388541057,Upregulated
5311,40.8885056691626,Upregulated
5313,10.4536997974261,Upregulated
5316,3.80844917153345,Upregulated
5324,64.9157138402392,Upregulated
5325,112.90882244643,Upregulated
5326,9.81571057713121,Upregulated
5328,2.77579043252436,Upregulated
5330,20.4364562574885,Upregulated
5331,45.9882574984538,Upregulated
5332,18.2690771905962,Upregulated
5338,48.0675496910348,Upregulated
5347,5.49663459937417,Upregulated
5350,331.72658821142,Upregulated
5351,22.8827173559141,Upregulated
5357,0.129513334330457,Downregulated
5360,9.75200556358765,Upregulated
5361,7.53041914245564,Upregulated
5369,47.4044431931982,Upregulated
5370,560.770174848541,Upregulated
5371,11.7126066967802,Upregulated
5372,9.20674028209061,Upregulated
5374,8.03366700777938,Upregulated
5375,290.164759940232,Upregulated
5377,202.166051103471,Upregulated
5378,59.853995434355,Upregulated
5379,46.7728043874679,Upregulated
5380,46.7728042735797,Upregulated
5381,202.166067894243,Upregulated
5383,49.6621015863499,Upregulated
5384,0.434425932813248,Downregulated
5386,187.98471069933,Upregulated
5388,14.0999350177202,Upregulated
5389,59.853995434355,Upregulated
5390,2.90412744089609,Upregulated
5391,2.9041266937146,Upregulated
5392,2.45503381937765,Upregulated
5395,3.12857475183109,Upregulated
5396,3.12857475183109,Upregulated
5397,3.12758140339493,Upregulated
5401,74.2656804241222,Upregulated
5403,65.1287144858745,Upregulated
5404,250.783214076565,Upregulated
5405,18.9708667987599,Upregulated
5406,34.1654097829443,Upregulated
5408,3.30618920166908,Upregulated
5409,5.55002704746859,Upregulated
5412,130.380762118604,Upregulated
5414,5.35148516222632,Upregulated
5415,5.35148516222632,Upregulated
5418,218.327318998514,Upregulated
5419,72.8244083076091,Upregulated
5420,290.878367752824,Upregulated
5421,62.4561387802858,Upregulated
5422,4.82053546343443,Upregulated
5427,127.015243173703,Upregulated
5428,47.7777057734803,Upregulated
5429,2.02302903616361,Upregulated
5430,12.4754846351715,Upregulated
5431,4.23785703787809,Upregulated
5432,37.4420984088164,Upregulated
5433,3.75583473504101,Upregulated
5434,8.0344280560912,Upregulated
5435,93.4118406337974,Upregulated
5436,69.2552347714023,Upregulated
5437,9.56411516928335,Upregulated
5438,52.510701105607,Upregulated
5439,52.5107011124677,Upregulated
5441,312.69112332099,Upregulated
5442,5.48663636052696,Upregulated
5445,27.5738005264798,Upregulated
5447,108.22476713782,Upregulated
5448,1528.45954497989,Upregulated
5449,21.4917612039101,Upregulated
5450,11.5472118389193,Upregulated
5451,76.389340085936,Upregulated
5452,76.3893400861162,Upregulated
5453,20.4587645675826,Upregulated
5454,582.61739321299,Upregulated
5455,61.2240627689284,Upregulated
5460,4.49253719760192,Upregulated
5461,2.79762674187063,Upregulated
5462,52.729230882976,Upregulated
5467,120.539817061824,Upregulated
5469,554.56331003717,Upregulated
5474,20.6934926827473,Upregulated
5476,20.6934925365406,Upregulated
5485,2.10417601481737,Upregulated
5486,56.4526018729772,Upregulated
5491,25.9300735483184,Upregulated
5494,2,Upregulated
5497,184.215261561499,Upregulated
5512,32.8926701244853,Upregulated
5546,421.677486097403,Upregulated
5548,421.677486097403,Upregulated
5556,2,Upregulated
5595,0.108305998241937,Downregulated
5603,30.8266468575405,Upregulated
5606,45.1357259139804,Upregulated
5614,6.65424768707482,Upregulated
5615,0.48620443269011,Downregulated
5616,0.367699029262219,Downregulated
5617,6.86129163338172,Upregulated
5618,0.376311919651027,Downregulated
5619,0.376183024503043,Downregulated
5620,6.51166709196624,Upregulated
5621,0.467196888063663,Downregulated
5622,4.6934124990372,Upregulated
5623,14.8050114344879,Upregulated
5626,0.276426317258616,Downregulated
5627,0.485578863676676,Downregulated
5628,4.55173004390498,Upregulated
5629,55.2376990972352,Upregulated
5636,13.9768411064357,Upregulated
5641,0.357136611263924,Downregulated
5642,0.46204257017311,Downregulated
5643,7.22682205716746,Upregulated
5644,6.52032065382443,Upregulated
5645,0.443979604250783,Downregulated
5646,4.4601742132007,Upregulated
5647,7.2243468585734,Upregulated
5648,6.518087433138,Upregulated
5649,0.409881833751366,Downregulated
5650,0.409881833751366,Downregulated
5653,32.2071703806257,Upregulated
5654,6.83781676871714,Upregulated
5655,245.932380884832,Upregulated
5656,6.36886947411733,Upregulated
5658,7.60473835786403,Upregulated
5659,64.9949819617985,Upregulated
5660,21.6558966922467,Upregulated
5661,6.86129148049863,Upregulated
5662,2.57270185463373,Upregulated
5663,7.21723084530221,Upregulated
5664,30.5880818284378,Upregulated
5666,125.719204411475,Upregulated
5668,4.22789646685175,Upregulated
5675,2.08279410519065,Upregulated
5676,4.45578092208189,Upregulated
5677,5.80067004520467,Upregulated
5679,135.439954772487,Upregulated
5680,0.353480205961905,Downregulated
5681,5.80031328238181,Upregulated
5682,4.04386398656106,Upregulated
5683,12.4466448471426,Upregulated
5684,3.2655819721031,Upregulated
5686,3.37981584448989,Upregulated
5687,2.35619538465844,Upregulated
5688,21.1311681478069,Upregulated
5689,2.37764036747107,Upregulated
5690,3.41036658898904,Upregulated
5691,22.0700315733628,Upregulated
5699,3.20310722203699,Upregulated
5700,2.98611710649982,Upregulated
5713,2.07199267902774,Upregulated
5714,5.81505660652019,Upregulated
5722,23.3861784788222,Upregulated
5724,27.7012385312964,Upregulated
5725,7.79036141114184,Upregulated
5726,5.87554090495557,Upregulated
5728,11.3953810715046,Upregulated
5729,14.5048285652436,Upregulated
5730,17.9452229455387,Upregulated
5731,5.99869528501835,Upregulated
5732,6.42626223144301,Upregulated
5733,6.42626223144301,Upregulated
5735,2.4264381806166,Upregulated
5743,16.3839275996012,Upregulated
5748,3.81514113136584,Upregulated
5749,33.4955647789393,Upregulated
5750,28.3484827389969,Upregulated
5751,29.0740984960522,Upregulated
5752,204.590972373286,Upregulated
5759,0.150886258446588,Downregulated
5760,103.088120129585,Upregulated
5761,6.19269145528191,Upregulated
5762,87.9237739921243,Upregulated
5765,26.004720774863,Upregulated
5766,0.0296207365406581,Downregulated
5767,0.278441040867275,Downregulated
5768,6.07895789559723,Upregulated
5771,0.0194209580932212,Downregulated
5775,0.0552605262921276,Downregulated
5778,0.0564279978597845,Downregulated
5782,2.12618798141136,Upregulated
5785,16.6644637895321,Upregulated
5786,73.7865661256405,Upregulated
5788,4.10202287482872,Upregulated
5789,11.0469823011793,Upregulated
5797,4.56395241490782,Upregulated
5806,6.4228500711823,Upregulated
5808,0.232513847979863,Downregulated
5812,6.12524517016917,Upregulated
5816,26.1209608174862,Upregulated
5820,22.5808944173015,Upregulated
5836,5.21063584540115,Upregulated
5843,7.16228633224259,Upregulated
5845,36.5439412430918,Upregulated
5847,99.8102955375042,Upregulated
5857,3.64613663681628,Upregulated
5859,0.18565776964869,Downregulated
5863,2.72278863488541,Upregulated
5865,2.96858096807659,Upregulated
5866,16.2739525125049,Upregulated
5867,13.2407427614414,Upregulated
5868,8.69877076148103,Upregulated
5869,12.7502076398123,Upregulated
5870,3.15500395516068,Upregulated
5872,0.327709974523252,Downregulated
5876,4.05193244469205,Upregulated
5881,21.5479664081261,Upregulated
5882,3.02305474910933,Upregulated
5893,12.5308890835427,Upregulated
5894,0.130071488541572,Downregulated
5917,24.0248231278196,Upregulated
5919,4.77331188294617,Upregulated
5922,25.1662818788708,Upregulated
5925,49.8644344320419,Upregulated
5927,8.65592355125083,Upregulated
5929,61.6590222993015,Upregulated
5930,5.14611205922458,Upregulated
5931,7.0012451408149,Upregulated
5938,22.3797280258112,Upregulated
5940,23.9953849946573,Upregulated
5943,8.99886900003582,Upregulated
5945,6.1291141748628,Upregulated
5946,9.1861745338577,Upregulated
5949,0.0758084314775908,Downregulated
5952,3.36383496811453,Upregulated
5953,0.208258679785691,Downregulated
5956,2.88399250502563,Upregulated
5959,10.488142914714,Upregulated
5962,3.51229486828338,Upregulated
5966,45.5549318956672,Upregulated
5972,30.5010638960315,Upregulated
5986,4.60640103854754,Upregulated
5987,16.981629705465,Upregulated
5988,6.82075703520035,Upregulated
5997,21.5903013873128,Upregulated
5998,7.83961698371922,Upregulated
6019,0.11194551292385,Downregulated
6020,6.76268960836907,Upregulated
6024,0.174778097173188,Downregulated
6025,0.174459996930591,Downregulated
6026,2.73582030985789,Upregulated
6032,82.8846521702197,Upregulated
6033,82.8846521739614,Upregulated
6039,5.43028537752581,Upregulated
6043,50.412059642434,Upregulated
6044,652.027046958247,Upregulated
6045,11.0085381834962,Upregulated
6048,4.05292716504061,Upregulated
6049,566.980921822679,Upregulated
6050,413.182612468826,Upregulated
6051,0.281832252566551,Downregulated
6052,2.14169993683349,Upregulated
6060,3.84040773181555,Upregulated
6065,3.71457264623626,Upregulated
6067,0.5,Downregulated
6068,0.0939309073732641,Downregulated
6069,2.85564747345983,Upregulated
6070,4.63772514758334,Upregulated
6076,7.173330237001,Upregulated
6078,0.190085781900315,Downregulated
6083,18.5020284228964,Upregulated
6084,18.9925424442321,Upregulated
6085,10.1871035467452,Upregulated
6086,5.09181075933448,Upregulated
6087,5.09180796707934,Upregulated
6091,62.0470384372388,Upregulated
6092,21.6513497115507,Upregulated
6110,73.5064211678625,Upregulated
6112,167.512927726918,Upregulated
6117,0.294294673715388,Downregulated
6121,0.240092930799437,Downregulated
6122,0.387100137769867,Downregulated
6123,3.8931399256749,Upregulated
6124,6.59715352240729,Upregulated
6126,54.4574790346867,Upregulated
6127,13.4619253138562,Upregulated
6129,0.437267168731218,Downregulated
6131,0.132547252118213,Downregulated
6133,13.1935112237796,Upregulated
6134,5.46905829667719,Upregulated
6136,47.6998067388785,Upregulated
6137,22.1537606351323,Upregulated
6139,0.346158588276438,Downregulated
6140,28.1170654436835,Upregulated
6148,61.7196882331066,Upregulated
6150,23.7606227662038,Upregulated
6151,1695.8800974865,Upregulated
6153,209.125341664265,Upregulated
6154,171.136863984158,Upregulated
6155,169.651726098042,Upregulated
6156,56.6202476655146,Upregulated
6157,2945.64459840494,Upregulated
6158,5.90899908254473,Upregulated
6161,134.691919211998,Upregulated
6164,2111.88854052138,Upregulated
6165,99.5216041445683,Upregulated
6168,183.928213584274,Upregulated
6170,43.5023660880442,Upregulated
6171,13.8014671564006,Upregulated
6173,323.738044541949,Upregulated
6175,5.09353562866527,Upregulated
6176,2412.24949990267,Upregulated
6177,23.7524902254193,Upregulated
6179,4.16636490467855,Upregulated
6181,3828.02817967187,Upregulated
6182,2.09852733435442,Upregulated
6184,4.77255376304547,Upregulated
6185,1483.13795813106,Upregulated
6186,2.64605662670377,Upregulated
6189,2.54063848977322,Upregulated
6191,5.09353555241148,Upregulated
6192,8.53628126377225,Upregulated
6197,5.09353560206511,Upregulated
6198,2.64605672214191,Upregulated
6199,141.745118845181,Upregulated
6200,4.11227650576315,Upregulated
6208,9.87616448499111,Upregulated
6211,5.45866694277985,Upregulated
6213,16.1231308809923,Upregulated
6215,4.26576984909422,Upregulated
6216,3237.14066413309,Upregulated
6219,3.14335150349981,Upregulated
6220,48.6275242062029,Upregulated
6221,53.8211008035438,Upregulated
6223,45.7827297139542,Upregulated
6231,199.996266166054,Upregulated
6239,0.025046926757427,Downregulated
6242,6898.48508897665,Upregulated
6247,8.95724709552922,Upregulated
6248,13.1980000712288,Upregulated
6249,0.0104162834283102,Downregulated
6251,8.95725860565422,Upregulated
6254,61.3672526347542,Upregulated
6260,14.5994737145959,Upregulated
6268,16.6228606708078,Upregulated
6273,13.185596569681,Upregulated
6274,2964.15373051484,Upregulated
6276,16.8028609492437,Upregulated
6283,654.669598119569,Upregulated
6284,16.8028610104236,Upregulated
6285,62.2737725410937,Upregulated
6287,99.5012748481612,Upregulated
6290,0.264011606042747,Downregulated
6300,8.22829673732442,Upregulated
6303,33.0192720874464,Upregulated
6304,9.16016319324265,Upregulated
6309,0.39601739741362,Downregulated
6314,10.2419357822383,Upregulated
6317,2.45339314418275,Upregulated
6318,2.81626282077605,Upregulated
6319,46.1276599463038,Upregulated
6321,20.5249618859868,Upregulated
6322,8.80413747826862,Upregulated
6333,5.09355207165157,Upregulated
6334,33.0272742630156,Upregulated
6335,6.63046942074016,Upregulated
6337,682.452388184498,Upregulated
6338,0.313308696013717,Downregulated
6339,5.26292318151309,Upregulated
6340,28.5042076042223,Upregulated
6342,0.223871126320164,Downregulated
6343,4.76310223050284,Upregulated
6344,44.1267184288889,Upregulated
6348,5.80748878373456,Upregulated
6350,3.84192076746372,Upregulated
6353,3.78229467896684,Upregulated
6356,620.476974038733,Upregulated
6357,19.4648887594205,Upregulated
6358,12.4189935726535,Upregulated
6359,45.7826478217324,Upregulated
6360,17.5591923400075,Upregulated
6361,4.76310364018156,Upregulated
6362,4.76310364018156,Upregulated
6363,8.85340260953854,Upregulated
6364,2.36839747174772,Upregulated
6365,2.36771297671386,Upregulated
6366,55.0917231126282,Upregulated
6367,7.91037749249967,Upregulated
6368,206.001214406003,Upregulated
6369,70.0386030579934,Upregulated
6370,70.0386030573905,Upregulated
6371,54.0870555143547,Upregulated
6372,14.6715749764062,Upregulated
6373,54.0870555143547,Upregulated
6374,213.534260785885,Upregulated
6375,213.534260786588,Upregulated
6376,787.198466907191,Upregulated
6381,11.1319801648565,Upregulated
6382,3.74751676684388,Upregulated
6383,14.0128684897009,Upregulated
6384,3.74751731202295,Upregulated
6385,3.58407387749134,Upregulated
6386,13.4017141806204,Upregulated
6387,13.4017141806204,Upregulated
6388,3.58407387579158,Upregulated
6389,15.2719384398963,Upregulated
6390,57.1054506822399,Upregulated
6391,13.6790498757052,Upregulated
6392,3.65824313926101,Upregulated
6394,2.5467763374976,Upregulated
6398,5.09355280267639,Upregulated
6400,5.093553187905,Upregulated
6403,5.093553187905,Upregulated
6404,5.09355267567008,Upregulated
6407,5.09355267567008,Upregulated
6409,5.09355267567008,Upregulated
6412,5.09355267567008,Upregulated
6421,5.0935526151306,Upregulated
6424,5.0935526151306,Upregulated
6425,5.0935526151306,Upregulated
6429,34.5496550498347,Upregulated
6432,4.26578399114077,Upregulated
6433,5.09355252646311,Upregulated
6436,3.1444390932222,Upregulated
6437,5.6859695423662,Upregulated
6440,0.182371428720593,Downregulated
6446,0.455104631464519,Downregulated
6447,0.455104631879491,Downregulated
6449,63.5043236538305,Upregulated
6450,2.71656712377507,Upregulated
6451,0.496548315582976,Downregulated
6452,18.3011655008062,Upregulated
6454,4.89435065905789,Upregulated
6455,0.390688938978274,Downregulated
6458,20.4559011617173,Upregulated
6459,28.9997494506253,Upregulated
6460,25.6380876055947,Upregulated
6463,2.07104909234304,Upregulated
6464,2.07104909234304,Upregulated
6465,6.1890911044707,Upregulated
6468,0.132173571697457,Downregulated
6470,0.331543666060911,Downregulated
6475,31.2703749149344,Upregulated
6477,0.0111345224603213,Downregulated
6478,0.301412432166319,Downregulated
6479,0.31090104697545,Downregulated
6480,43.8831533803656,Upregulated
6482,0.453752348371998,Downregulated
6484,0.0380753976284594,Downregulated
6485,3.0639007780915,Upregulated
6486,0.155910555823364,Downregulated
6488,3.11317301401598,Upregulated
6489,6.7974199545731,Upregulated
6490,6.7974199545731,Upregulated
6491,0.0389450926923744,Downregulated
6492,0.366998912391858,Downregulated
6494,6.95378394045944,Upregulated
6496,62.2737754320434,Upregulated
6498,0.349714833456576,Downregulated
6499,4.18394061430161,Upregulated
6500,5.54883523527319,Upregulated
6501,5.54883533758508,Upregulated
6503,16.8028618497323,Upregulated
6504,7.27108816272973,Upregulated
6506,23.4657491004828,Upregulated
6507,23.7946573106506,Upregulated
6508,0.174986932320813,Downregulated
6509,25.9300733344856,Upregulated
6510,6.45442012152969,Upregulated
6511,42.3177906953708,Upregulated
6512,40.7804702917295,Upregulated
6515,22.7398704553329,Upregulated
6516,25.9300726196491,Upregulated
6517,5.66032650894541,Upregulated
6529,0.349973852719772,Downregulated
6531,0.349973905979081,Downregulated
6534,0.349973905979081,Downregulated
6535,0.349973900981706,Downregulated
6538,0.349973900981706,Downregulated
6539,4.12743050007305,Upregulated
6541,0.349973912195327,Downregulated
6543,4.21796823294811,Upregulated
6546,4.21796823294811,Upregulated
6547,4.21796823294811,Upregulated
6550,4.21796823294811,Upregulated
6551,4.21796823294811,Upregulated
6554,4.21796842336632,Upregulated
6555,4.21796842336632,Upregulated
6563,6.81930817797321,Upregulated
6564,4.91499374176883,Upregulated
6566,4.91499369617746,Upregulated
6568,4.91499256066595,Upregulated
6569,9.50364020674052,Upregulated
6573,186.06441989088,Upregulated
6574,232.100503915395,Upregulated
6575,186.128182639467,Upregulated
6576,186.064372742362,Upregulated
6577,186.064427230112,Upregulated
6578,186.128178039341,Upregulated
6579,46.3303520605035,Upregulated
6580,186.064428552786,Upregulated
6581,186.064428552786,Upregulated
6582,46.3303520605035,Upregulated
6583,46.3303520605035,Upregulated
6584,186.064428552786,Upregulated
6585,186.064428552786,Upregulated
6586,46.3303520605035,Upregulated
6587,45.2177433022198,Upregulated
6589,181.59613780754,Upregulated
6590,45.2177433022198,Upregulated
6591,45.2177440716501,Upregulated
6592,181.596138752109,Upregulated
6594,5.02174053301929,Upregulated
6595,147.384802874996,Upregulated
6596,20.4558701513566,Upregulated
6597,20.4558985696254,Upregulated
6603,5.21634708162581,Upregulated
6604,20.9490447306205,Upregulated
6605,21.4917609040763,Upregulated
6606,8.34674533339502,Upregulated
6607,6.35803832931537,Upregulated
6608,25.5341194279415,Upregulated
6609,25.5341194279415,Upregulated
6610,6.35803832931537,Upregulated
6611,5.35148547441209,Upregulated
6612,21.4917624496318,Upregulated
6613,21.4917624496318,Upregulated
6614,5.35148547441209,Upregulated
6616,129.735079449278,Upregulated
6617,26.1376588804792,Upregulated
6618,5.35148415399645,Upregulated
6620,0.327884614275704,Downregulated
6622,0.260106238204882,Downregulated
6623,0.280318039037963,Downregulated
6625,10.1301736600294,Upregulated
6626,0.280318098455081,Downregulated
6628,11.2575465600943,Upregulated
6630,11.2575465522555,Upregulated
6632,18.9568157735942,Upregulated
6633,5.11501094891718,Upregulated
6634,5.2742258577328,Upregulated
6635,18.956817610476,Upregulated
6636,6.64581562366381,Upregulated
6637,26.6898423709801,Upregulated
6638,1935.79462645826,Upregulated
6639,26.6898437899052,Upregulated
6640,40.2757620671953,Upregulated
6641,48.1815817130857,Upregulated
6642,40.2757620671953,Upregulated
6643,48.1815809784686,Upregulated
6645,13.0735661602758,Upregulated
6646,26.1471300492874,Upregulated
6647,26.1471322956176,Upregulated
6648,13.0735661602758,Upregulated
6649,26.6295950290786,Upregulated
6651,10.7458796496606,Upregulated
6652,10.6722819997777,Upregulated
6653,10.9588394401701,Upregulated
6654,10.6722812770193,Upregulated
6655,45.5884131722838,Upregulated
6656,24.2262082179941,Upregulated
6657,24.2262083839101,Upregulated
6658,24.2262083839101,Upregulated
6659,12.1131043573461,Upregulated
6660,58.2743080063055,Upregulated
6661,4.25864526612955,Upregulated
6662,0.315923924419328,Downregulated
6663,5.04212769975816,Upregulated
6665,5.17584772516399,Upregulated
6666,5.17584772585482,Upregulated
6669,9.90288856081327,Upregulated
6670,9.9028885594915,Upregulated
6671,9.9028885594915,Upregulated
6700,2.37000076733812,Upregulated
6708,9.66074784090662,Upregulated
6711,13.8897226419053,Upregulated
6713,28.3671647269648,Upregulated
6714,6.64581479240716,Upregulated
6728,2.16227127737072,Upregulated
6732,8.13418942990407,Upregulated
6743,5.73786659873176,Upregulated
6746,3.34848588017815,Upregulated
6747,3.34848588017815,Upregulated
6749,18.8737359348463,Upregulated
6750,69.282914047923,Upregulated
6761,4.09423111503829,Upregulated
6762,4.09423111503829,Upregulated
6764,4.44586851473044,Upregulated
6765,4.44586851473044,Upregulated
6788,12.4705635718357,Upregulated
6789,6.92172837510467,Upregulated
6790,2.7200690729409,Upregulated
6791,2.7200690729409,Upregulated
6792,2.7200690729409,Upregulated
6797,3.84046431691518,Upregulated
6803,24.9269678156573,Upregulated
6805,2.31581600621848,Upregulated
6806,2.31581605133512,Upregulated
6807,2.31581612318756,Upregulated
6808,2.31581612318756,Upregulated
6809,2.31581612318756,Upregulated
6810,2.31581612318756,Upregulated
6812,3.75479023711816,Upregulated
6813,3.57162945081435,Upregulated
6814,9.67697270408014,Upregulated
6815,9.67697271440616,Upregulated
6816,9.67697271440616,Upregulated
6818,4.02312166202157,Upregulated
6819,3.23492220735407,Upregulated
6820,3.23492220735407,Upregulated
6821,3.23492180540035,Upregulated
6823,2.58854703843263,Upregulated
6824,2.58854703843263,Upregulated
6825,2.58854667106479,Upregulated
6827,10.6338920094229,Upregulated
6828,10.6936096218641,Upregulated
6829,10.6338920094229,Upregulated
6830,74.9837984426782,Upregulated
6831,74.9837984426782,Upregulated
6832,74.9837984426782,Upregulated
6833,4.31526772776888,Upregulated
6834,4.31526772776888,Upregulated
6835,4.31526772776888,Upregulated
6836,4.4737147220371,Upregulated
6837,4.4737147220371,Upregulated
6838,4.4737147220371,Upregulated
6839,4.38094559495193,Upregulated
6840,4.38094559495193,Upregulated
6841,4.38094559495193,Upregulated
6842,6.04207702382308,Upregulated
6843,6.04207702382308,Upregulated
6844,6.04207702382308,Upregulated
6846,0.0882318882408163,Downregulated
6847,0.0882318882408163,Downregulated
6854,210.905970989482,Upregulated
6855,210.905970989482,Upregulated
6869,0.0461085215633718,Downregulated
6870,0.046108552415039,Downregulated
6877,11.1907066458171,Upregulated
6878,11.1907066458171,Upregulated
6879,11.1907081914059,Upregulated
6880,3.54783782512482,Upregulated
6881,3.54783782512482,Upregulated
6882,3.54783782512482,Upregulated
6883,2.89607747917343,Upregulated
6884,2.89607747917343,Upregulated
6885,2.89607747917343,Upregulated
6888,15.1938308116084,Upregulated
6889,15.1938308116084,Upregulated
6892,30.7831021948852,Upregulated
6893,30.7831021948852,Upregulated
6896,15.7975196853116,Upregulated
6897,15.7975196853116,Upregulated
6898,18.4904481900495,Upregulated
6899,17.697361156776,Upregulated
6902,6.72768612235571,Upregulated
6903,0.441332281040878,Downregulated
6912,21.188748996345,Upregulated
6913,21.188748996345,Upregulated
6914,21.188748996345,Upregulated
6915,21.188748996345,Upregulated
6916,3.06994251837029,Upregulated
6917,3.06994251837029,Upregulated
6918,3.06994251837029,Upregulated
6919,3.06994251837029,Upregulated
6921,4.56727343897164,Upregulated
6922,18.2690700733612,Upregulated
6923,45.2107254375771,Upregulated
6924,45.2107254375771,Upregulated
6925,45.2107248702469,Upregulated
6926,45.2107267799647,Upregulated
6927,45.2107267799647,Upregulated
6928,45.2107267799647,Upregulated
6929,45.2107267799647,Upregulated
6930,45.2107267799647,Upregulated
6931,45.2107267799647,Upregulated
6932,45.2107267799647,Upregulated
6933,45.210724623326,Upregulated
6934,45.2107256384453,Upregulated
6935,45.2107256384453,Upregulated
6936,45.2107256384453,Upregulated
6937,45.2107256384453,Upregulated
6938,45.2107256384453,Upregulated
6939,45.2107256384453,Upregulated
6940,45.2107261832391,Upregulated
6941,45.2107256384453,Upregulated
6942,45.2107256384453,Upregulated
6943,45.2107256384453,Upregulated
6944,45.2107256384453,Upregulated
6945,45.2107256384453,Upregulated
6946,3.30971937040465,Upregulated
6947,4.80954603320818,Upregulated
6949,4.80954604031206,Upregulated
6950,3.30971937040465,Upregulated
6956,4.50587571980474,Upregulated
6957,4.35201732163866,Upregulated
6958,4.49570505360449,Upregulated
6959,8.13418942990407,Upregulated
6960,5.11097819231498,Upregulated
6961,5.3613590217391,Upregulated
6963,4.08995646271802,Upregulated
6964,7.6131632310284,Upregulated
6965,0.465405851698422,Downregulated
6966,213.350834810424,Upregulated
6967,20.1304026827752,Upregulated
6968,210.34269901021,Upregulated
6969,58.6897428836894,Upregulated
6970,110.707205010021,Upregulated
6971,109.454276589154,Upregulated
6972,19.1823703016547,Upregulated
6973,21.6364373329327,Upregulated
6974,58.6722711009474,Upregulated
6975,21.3373783974936,Upregulated
6976,21.3373783974936,Upregulated
6977,22.3777019247563,Upregulated
6985,3.32591546072498,Upregulated
6990,37.7788557641526,Upregulated
6991,37.7917771317249,Upregulated
6992,37.7917790924282,Upregulated
6993,37.7788132001511,Upregulated
6994,37.7917801449352,Upregulated
6995,37.7833900300162,Upregulated
7004,4.63835951649783,Upregulated
7005,4.63835931568817,Upregulated
7006,4.63835951649783,Upregulated
7007,4.63835951649783,Upregulated
7008,2.43935545877273,Upregulated
7009,2.43935525929166,Upregulated
7010,2.43935450830438,Upregulated
7011,2.43935538250055,Upregulated
7012,2.43935538250055,Upregulated
7013,2.43935538250055,Upregulated
7014,2.43935538250055,Upregulated
7015,2.43935538250055,Upregulated
7016,2.43935538250055,Upregulated
7017,2.43935538250055,Upregulated
7019,2.40496233411235,Upregulated
7021,2.40496233411235,Upregulated
7022,2.40496267542581,Upregulated
7023,2.43935527806634,Upregulated
7024,2.40496267542581,Upregulated
7025,2.40496267542581,Upregulated
7026,2.40496267542581,Upregulated
7027,2.40496237659832,Upregulated
7028,2.40496233411235,Upregulated
7029,2.40496267542581,Upregulated
7030,2.40496282255845,Upregulated
7031,2.40496267542581,Upregulated
7032,3.86761984238636,Upregulated
7033,3.86762039128089,Upregulated
7034,3.92293014544373,Upregulated
7035,3.92293014544373,Upregulated
7036,16.289196690487,Upregulated
7037,16.289196690487,Upregulated
7038,16.289196690487,Upregulated
7039,16.289196690487,Upregulated
7040,16.2891978148588,Upregulated
7041,8.63220943312826,Upregulated
7042,8.63220943312826,Upregulated
7043,8.63220943312826,Upregulated
7044,8.63220943312826,Upregulated
7045,8.62925217092416,Upregulated
7046,8.62925217092416,Upregulated
7047,8.62925217092416,Upregulated
7048,8.62925217092416,Upregulated
7053,8.50280365068467,Upregulated
7054,8.50280365068467,Upregulated
7055,8.50280434601118,Upregulated
7056,8.50280365068467,Upregulated
7057,6.51692887832155,Upregulated
7058,8.89160402930454,Upregulated
7059,4.44580143294638,Upregulated
7088,86.1441905733764,Upregulated
7091,11.0127839535523,Upregulated
7092,5.45001514634135,Upregulated
7093,8.69068678450543,Upregulated
7094,3.72624017188482,Upregulated
7095,35.4786567670844,Upregulated
7097,2.55763774204952,Upregulated
7098,5.31899279499236,Upregulated
7099,8.51961513467844,Upregulated
7101,2.69045227306003,Upregulated
7103,0.222869765032994,Downregulated
7104,2.08423982414867,Upregulated
7106,31.0280938771258,Upregulated
7107,4.55873525120327,Upregulated
7108,0.0299591067879353,Downregulated
7110,0.354532626527932,Downregulated
7112,19.1939950452087,Upregulated
7113,4.488549143409,Upregulated
7114,19.468484185169,Upregulated
7115,19.4685512989375,Upregulated
7116,19.4684849631748,Upregulated
7117,23.5049278380478,Upregulated
7123,19.0986818286637,Upregulated
7125,6.12947932401928,Upregulated
7127,296.454021682498,Upregulated
7129,296.793968327014,Upregulated
7130,296.793968327014,Upregulated
7131,296.793968327014,Upregulated
7132,296.793968327014,Upregulated
7133,206.406336774753,Upregulated
7134,6251.25522278734,Upregulated
7135,625.125281615333,Upregulated
7136,5.51133408393153,Upregulated
7137,11.5599888077638,Upregulated
7138,20.455885382446,Upregulated
7142,11.5599888077638,Upregulated
7145,50.8384526806691,Upregulated
7146,50.8384526806691,Upregulated
7152,6.43531149399101,Upregulated
7154,3.10444005184252,Upregulated
7156,0.137178498853322,Downregulated
7159,25.4192257860958,Upregulated
7160,0.156002359023187,Downregulated
7162,4.89292297617806,Upregulated
7163,0.155910527500336,Downregulated
7164,6.43531133150672,Upregulated
7165,0.234944925998866,Downregulated
7168,2.23909027737008,Upregulated
7169,6163.118760218,Upregulated
7170,2.41087595501728,Upregulated
7172,4.81637905478965,Upregulated
7173,5.54883528854008,Upregulated
7174,20.4558969949167,Upregulated
7175,4.9149937041666,Upregulated
7178,4.9149937041666,Upregulated
7179,50.6382051003496,Upregulated
7181,20.4558980469051,Upregulated
7182,20.4558980469051,Upregulated
7183,20.4558936233785,Upregulated
7184,20.4558936233785,Upregulated
7185,20.4558936233785,Upregulated
7186,20.4558936233785,Upregulated
7187,20.4558980469051,Upregulated
7188,20.4558980469051,Upregulated
7189,20.4558936233785,Upregulated
7190,20.4558936233785,Upregulated
7191,20.4558980469051,Upregulated
7192,20.4558980469051,Upregulated
7193,20.4558936233785,Upregulated
7194,20.4558936233785,Upregulated
7196,20.4558986542775,Upregulated
7197,20.4558986542775,Upregulated
7198,20.4558986542775,Upregulated
7199,20.4558986542775,Upregulated
7200,20.4558986542775,Upregulated
7201,20.1674886883587,Upregulated
7202,20.1674886883587,Upregulated
7204,20.167511228085,Upregulated
7205,25.5170970280829,Upregulated
7206,20.4558975936574,Upregulated
7207,20.1674821993392,Upregulated
7208,20.1674823595315,Upregulated
7209,20.1674821993392,Upregulated
7210,20.1674821993392,Upregulated
7211,20.1674821993392,Upregulated
7212,20.1674824423594,Upregulated
7213,20.1674821993392,Upregulated
7214,20.1674821993392,Upregulated
7215,20.1674823595315,Upregulated
7216,20.1674821993392,Upregulated
7217,20.1674821993392,Upregulated
7218,20.1674821993392,Upregulated
7219,22.5581114289218,Upregulated
7221,449.207418926147,Upregulated
7222,132.644288250322,Upregulated
7225,0.160943052508858,Downregulated
7226,0.0215734406249123,Downregulated
7229,0.260943428369533,Downregulated
7251,0.228934936850686,Downregulated
7255,0.292163546908097,Downregulated
7261,14.1640282784971,Upregulated
7262,16.6111203965444,Upregulated
7265,0.0302930357596032,Downregulated
7270,0.0659368165136518,Downregulated
7272,0.197426032577668,Downregulated
7273,62.3811694972665,Upregulated
7275,325.567467375798,Upregulated
7276,69.2245875354435,Upregulated
7278,0.0983016146261893,Downregulated
7279,26.9742814761065,Upregulated
7280,35.6792003615759,Upregulated
7281,86.7532850432865,Upregulated
7285,72.5558598782939,Upregulated
7290,240.924774322584,Upregulated
7297,6.27982316357453,Upregulated
7298,0.0158556245763701,Downregulated
7301,4.89295523955226,Upregulated
7303,109.527599984581,Upregulated
7330,0.0322262747580408,Downregulated
7333,73.767033609144,Upregulated
7334,5.62894632770073,Upregulated
7335,21.6439374111057,Upregulated
7336,48.7509808606635,Upregulated
7344,833.899909045454,Upregulated
7355,90.8053726810311,Upregulated
7362,5.27687126422458,Upregulated
7364,26.7248527454027,Upregulated
7369,432.930517092728,Upregulated
7370,8.57461496372567,Upregulated
7371,643.263956232447,Upregulated
7375,2.76038954724803,Upregulated
7377,231.61089738023,Upregulated
7385,12.4118832166585,Upregulated
7387,822.648912343611,Upregulated
7388,2.67771761141646,Upregulated
7389,2.18575119760373,Upregulated
7390,797.228087112472,Upregulated
7396,0.149527573374112,Downregulated
7399,0.0392266896967399,Downregulated
7402,3.78069789676567,Upregulated
7406,15.1192528033208,Upregulated
7409,25.5183032257951,Upregulated
7411,0.292717591477812,Downregulated
7412,0.0879925843594496,Downregulated
7416,1790.58943514743,Upregulated
7417,2.41979020804864,Upregulated
7421,5.52881822456037,Upregulated
7424,214.546764270578,Upregulated
7425,29.3377469546116,Upregulated
7426,2.75328351598913,Upregulated
7427,171.075192697181,Upregulated
7428,2.51310950796504,Upregulated
7429,227.283992310827,Upregulated
7432,3.84116271180774,Upregulated
7433,44.9148408306743,Upregulated
7435,25.2683187540001,Upregulated
7445,6.31166078374833,Upregulated
7456,45.8529267027476,Upregulated
7458,59.5692489209223,Upregulated
7459,0.0438682115692617,Downregulated
7460,101.985988576348,Upregulated
7461,0.180083193555299,Downregulated
7464,0.0420935932358395,Downregulated
7465,0.316286274977312,Downregulated
7472,15.3019245320202,Upregulated
7475,18.3054074705082,Upregulated
7476,7.26097421182266,Upregulated
7480,10.0764962868379,Upregulated
7486,0.281216477707009,Downregulated
7493,8.73871450706177,Upregulated
7494,30.7721196515447,Upregulated
7495,103.547000958365,Upregulated
7496,1605.52455429573,Upregulated
7498,0.497195019503514,Downregulated
7499,3.55995529933997,Upregulated
7500,16.9310240922807,Upregulated
7502,3.67127122864297,Upregulated
7506,147.094513921458,Upregulated
7507,28.3768683347032,Upregulated
7508,4.71364418069192,Upregulated
7510,3.79898456916746,Upregulated
7517,0.0744198694733247,Downregulated
7519,473.398271151324,Upregulated
7533,0.0321980895786646,Downregulated
7535,0.255485901477331,Downregulated
7536,46.1385878727224,Upregulated
7544,0.305852878440298,Downregulated
7545,944.560178644706,Upregulated
7547,0.0326751135050433,Downregulated
7548,182.304555418795,Upregulated
7553,39.612465194689,Upregulated
7558,25.3003181929774,Upregulated
7559,4.85716499750422,Upregulated
7560,35.1558836618738,Upregulated
7561,35.1471199007295,Upregulated
7562,3.00286049238518,Upregulated
7563,11.0466192845422,Upregulated
7564,22.0474788314005,Upregulated
7565,0.36870120220956,Downregulated
7566,0.390481307007278,Downregulated
7567,0.36870120220956,Downregulated
7573,0.162589158064399,Downregulated
7574,12.4363633079767,Upregulated
7575,130.419910812541,Upregulated
7576,13.4777179516085,Upregulated
7580,61.8760935008585,Upregulated
7581,204.247556829863,Upregulated
7586,201.732259723274,Upregulated
7588,71.8607519041286,Upregulated
7589,221.887762356253,Upregulated
7593,7.66025223746287,Upregulated
7597,0.484096227094206,Downregulated
7599,0.404746712500125,Downregulated
7600,0.0581232933106582,Downregulated
7603,484.022455177539,Upregulated
7608,7.15846436005785,Upregulated
7610,93.4381408822484,Upregulated
7614,0.485343528447676,Downregulated
7615,4.03254863142057,Upregulated
7633,13.3340157489179,Upregulated
7637,3.59130397848131,Upregulated
7639,33.236730749309,Upregulated
7643,206.754580122374,Upregulated
7646,273.4983307426,Upregulated
7647,114.172086378342,Upregulated
7648,4.87454857511975,Upregulated
7650,0.0366877029168511,Downregulated
7661,0.321375701001322,Downregulated
7663,37.9135314682039,Upregulated
7664,37.9252551589166,Upregulated
7665,6.00366358024004,Upregulated
7670,186.641406815107,Upregulated
7671,0.499121588993183,Downregulated
7674,67.453684558791,Upregulated
7675,2.30538952937053,Upregulated
7677,2.79138209860344,Upregulated
7678,2.75202624408589,Upregulated
7679,3.87677633825953,Upregulated
7681,0.133888933454703,Downregulated
7682,0.124114969667362,Downregulated
7683,0.169517640273838,Downregulated
7685,37.9373344215498,Upregulated
7693,3.88278823824896,Upregulated
7694,2.86266267141956,Upregulated
7695,0.186666669255813,Downregulated
7697,6.02825655139168,Upregulated
7703,7762.17835870975,Upregulated
7705,0.0143720001552937,Downregulated
7709,10.7407862352139,Upregulated
7711,3.47992304000878,Upregulated
7712,18.0964871550942,Upregulated
7713,0.333933429855137,Downregulated
7715,0.0125280829681211,Downregulated
7716,2.18180908442863,Upregulated
7720,10.202198384831,Upregulated
7728,3.4880596317801,Upregulated
7729,0.226168903630236,Downregulated
7734,7.05484341838748,Upregulated
7735,6.3260343970548,Upregulated
7736,7.05484328260285,Upregulated
7737,5.73370971373588,Upregulated
7738,4.83772382967737,Upregulated
7740,6.5097515875441,Upregulated
7741,6.5097515875441,Upregulated
7743,5.83725392852146,Upregulated
7744,6.60284587735885,Upregulated
7745,6.6028458225693,Upregulated
7746,5.36635609249115,Upregulated
7747,5.73370971373588,Upregulated
7748,0.0960157284063241,Downregulated
7753,821.42413237804,Upregulated
7755,74.885701965551,Upregulated
7758,334.590342904534,Upregulated
7761,24.5115978441478,Upregulated
7763,2.49800651700813,Upregulated
7764,27.4635606248666,Upregulated
7767,757.865665677932,Upregulated
7768,100.096641237338,Upregulated
7769,110.097504530793,Upregulated
7770,229.966782310331,Upregulated
7771,89.146313171848,Upregulated
7775,1979.14519265698,Upregulated
7776,1542.79018936734,Upregulated
7777,1551.0833364304,Upregulated
7778,389.721337023866,Upregulated
7779,172.057796306028,Upregulated
7780,520.501195055884,Upregulated
7781,389.722206029598,Upregulated
7782,389.721354495873,Upregulated
7783,229.966782298733,Upregulated
7784,299.190343421745,Upregulated
7786,0.0657309444738945,Downregulated
7787,4387.97891997988,Upregulated
7788,151.050726667364,Upregulated
7789,14.3506957028235,Upregulated
7792,0.280531820290313,Downregulated
7802,0.0480066858323422,Downregulated
7804,0.418861878924199,Downregulated
7805,0.186162347230258,Downregulated
7811,3.51313131150342,Upregulated
7812,17.7424363629019,Upregulated
7813,17.9961640955814,Upregulated
7814,56.1152424464546,Upregulated
7815,19.5597101514279,Upregulated
7817,0.406724848525039,Downregulated
7820,0.0649507574577149,Downregulated
7827,107.128274821567,Upregulated
7832,920.118040036167,Upregulated
7837,21.8393747631605,Upregulated
7838,33.7777601148531,Upregulated
7839,10.9150995863367,Upregulated
7850,16.1195688337334,Upregulated
7856,3655.91825399485,Upregulated
7860,14.3702315751763,Upregulated
7864,7.63092643495511,Upregulated
7866,12.5812116718328,Upregulated
7867,487.293315530702,Upregulated
7868,4830.57159796356,Upregulated
7869,142.157079287182,Upregulated
7870,142.157082316592,Upregulated
7871,142.157080902867,Upregulated
7872,332.598989422094,Upregulated
7873,126.472547304973,Upregulated
7874,709.515257577837,Upregulated
7878,3.13260943651606,Upregulated
7880,0.0137263295579291,Downregulated
7881,0.0137263295579291,Downregulated
7882,0.0137303599612085,Downregulated
7883,0.0148016073296423,Downregulated
7884,8.52290053230692,Upregulated
7885,8.52290053230692,Upregulated
7886,8.52290053230692,Upregulated
7889,10.8552847222269,Upregulated
7891,3.78358284572966,Upregulated
7892,8.52290053230692,Upregulated
7893,8.5229003303462,Upregulated
7894,8.5229003303462,Upregulated
7899,54.3597953423423,Upregulated
7901,5.53161354509949,Upregulated
7902,6.50975151626791,Upregulated
7903,5.29069515763123,Upregulated
7904,5.24280876559434,Upregulated
7905,22.1441290383946,Upregulated
7907,8.93676355623959,Upregulated
7908,9.92926050946639,Upregulated
7917,19.3847284242985,Upregulated
7918,190.317953083397,Upregulated
7919,209.333015004875,Upregulated
7921,0.0239226732176442,Downregulated
7922,0.0239226746014365,Downregulated
7924,0.108480588908198,Downregulated
7925,0.416086217701958,Downregulated
7930,0.0817137762717515,Downregulated
7935,0.0567931273913387,Downregulated
7940,0.0165971565915251,Downregulated
7946,0.15684647807368,Downregulated
7955,9.88851615796308,Upregulated
7958,2.73250844574078,Upregulated
7963,43.465188888672,Upregulated
7966,3849.2754433146,Upregulated
7967,165.03642253334,Upregulated
7968,130.430030349682,Upregulated
7969,22.0474365520011,Upregulated
7970,18.2110138313443,Upregulated
7971,17.4667477589089,Upregulated
7972,20.0373323369091,Upregulated
7973,5.03923269124155,Upregulated
7976,0.228414746625328,Downregulated
7979,2311.50446489293,Upregulated
7983,2.46411591218519,Upregulated
7984,7.29849788358114,Upregulated
7985,24.0536935511986,Upregulated
7986,202.093060043353,Upregulated
7996,26.3587470543338,Upregulated
7998,0.115255359936679,Downregulated
7999,0.119786685494128,Downregulated
8006,468.643476602579,Upregulated
8007,468.499483047679,Upregulated
8008,23.1523733545156,Upregulated
8010,0.361470954279389,Downregulated
8012,3.05488708530633,Upregulated
8024,10.091537968651,Upregulated
8026,6.78626515214023,Upregulated
8027,0.344787536522004,Downregulated
8029,4.18029552435865,Upregulated
8030,0.0434270489753039,Downregulated
8031,0.161890431313912,Downregulated
8032,0.202422675755691,Downregulated
8034,0.178319310541292,Downregulated
8035,0.0270324551793082,Downregulated
8036,0.0271660047885354,Downregulated
8037,0.133195228914095,Downregulated
8042,10.5452250044612,Upregulated
8044,50.1543934342011,Upregulated
8045,50.1372369403507,Upregulated
8047,203.416985557647,Upregulated
8048,50.8504370415132,Upregulated
8050,0.319215821167957,Downregulated
8051,0.161890418391667,Downregulated
8052,0.31921577037516,Downregulated
8055,4.27862091732252,Upregulated
8056,0.161890514326463,Downregulated
8057,0.1618903941875,Downregulated
8058,0.161365655651597,Downregulated
8059,0.390910606041553,Downregulated
8061,31.3178318258277,Upregulated
8064,820.572925913538,Upregulated
8066,9.6588461496901,Upregulated
8070,15.8539448109395,Upregulated
8075,25.1231803005651,Upregulated
8079,7.06441940257981,Upregulated
8081,54.1925299797,Upregulated
8088,0.0428147790546943,Downregulated
8089,0.0532312596951102,Downregulated
8090,0.0324098306020192,Downregulated
8101,0.275148680505605,Downregulated
8108,240.704733343321,Upregulated
8109,8.04046475420069,Upregulated
8111,587.971777849297,Upregulated
8114,362.133471596269,Upregulated
8116,2274.4026079813,Upregulated
8117,853.54067560661,Upregulated
8118,853.538861494424,Upregulated
8121,86.1041767002949,Upregulated
8122,239.747593960989,Upregulated
8123,175.852110206649,Upregulated
8124,22.2865783622232,Upregulated
8125,17.0145653874576,Upregulated
8126,17.0145653874576,Upregulated
8127,40.0059181391438,Upregulated
8129,20.0029994568823,Upregulated
8130,989.879905360181,Upregulated
8134,221.887752096403,Upregulated
8135,339.683229469325,Upregulated
8138,4.42640437901175,Upregulated
8139,20.4331650404505,Upregulated
8140,697.434026239418,Upregulated
8141,4.42640437901175,Upregulated
8142,4.42640427412259,Upregulated
8143,4.48970676009391,Upregulated
8144,4.44855998661038,Upregulated
8145,7.05484345907335,Upregulated
8146,12.5343191719534,Upregulated
8147,11.2394463665594,Upregulated
8148,0.0313468129012389,Downregulated
8161,22.1441290383946,Upregulated
8163,984.589658318192,Upregulated
8168,4.9442570205396,Upregulated
8176,0.289417818373781,Downregulated
8185,0.17715593975913,Downregulated
8194,154.824092087882,Upregulated
8200,22.4737626321531,Upregulated
8209,5.21540714016272,Upregulated
8210,0.496851984577193,Downregulated
8214,23.7498096952226,Upregulated
8216,11.3009079701475,Upregulated
8227,16.0178650034067,Upregulated
8234,500.894373525786,Upregulated
8235,500.698272531284,Upregulated
8236,55.8364032987522,Upregulated
8240,0.245024935935199,Downregulated
8242,11.5122700489234,Upregulated
8244,4.68427654204732,Upregulated
8245,4.94369946999283,Upregulated
8257,5.10433650911283,Upregulated
8260,8.8437803108325,Upregulated
8261,0.0629723234457541,Downregulated
8262,0.0268839125263133,Downregulated
8266,4.48031755254195,Upregulated
8271,15.1232182023672,Upregulated
8284,81.0870944513359,Upregulated
8285,5.26267940819071,Upregulated
8290,6.96432862385006,Upregulated
8295,0.498071595673523,Downregulated
8303,15.0286861873067,Upregulated
8304,225.092687249756,Upregulated
8305,228.312454896884,Upregulated
8307,0.499424970436836,Downregulated
8317,0.0259052485688001,Downregulated
8321,0.0613894435086091,Downregulated
8322,0.0537017620597459,Downregulated
8323,0.0537017620597459,Downregulated
8324,0.0537017620597459,Downregulated
8325,0.14461078700677,Downregulated
8334,0.167625447496239,Downregulated
8335,0.113979459981677,Downregulated
8342,0.0781798886198167,Downregulated
8343,0.295467666347698,Downregulated
8354,3.90652298436708,Upregulated
8364,4.02770805000862,Upregulated
8365,3.54172441034902,Upregulated
8366,0.287672385293627,Downregulated
8369,0.3493981393333,Downregulated
8370,0.0105872954384004,Downregulated
8376,0.235711803959368,Downregulated
8379,4.2718206538019,Upregulated
8382,3.89072706309141,Upregulated
8386,20.2231355508683,Upregulated
8389,0.132271082276044,Downregulated
8391,0.128843162340954,Downregulated
8392,0.130685706814688,Downregulated
8394,17.151342439183,Upregulated
8395,7.85331057132444,Upregulated
8398,14.5980609447594,Upregulated
8399,1248.20579521135,Upregulated
8408,128.019830108017,Upregulated
8418,0.0928360326620035,Downregulated
8422,0.421640897308733,Downregulated
8429,0.0925251851768762,Downregulated
8430,0.367065649908152,Downregulated
8431,3.78400881429987,Upregulated
8432,96.6390725856361,Upregulated
8433,12.6277446467305,Upregulated
8435,0.435946693610004,Downregulated
8437,0.435946454822145,Downregulated
8439,3.7306572888114,Upregulated
8442,101.614726450298,Upregulated
8452,4.94256494833414,Upregulated
8453,15.207501386313,Upregulated
8457,0.496851965981789,Downregulated
8458,0.49507184377907,Downregulated
8464,2,Upregulated
8507,0.371652133988146,Downregulated
8508,0.371652152647695,Downregulated
8514,0.0906898027173411,Downregulated
8519,279.880511728118,Upregulated
8521,17.6875603057655,Upregulated
8522,72.8576141878349,Upregulated
8523,72.8576023938748,Upregulated
8525,36.430201847426,Upregulated
8526,50.1464384221648,Upregulated
8528,4860.91352569412,Upregulated
8529,5.04727211212797,Upregulated
8540,4.17770005788704,Upregulated
8541,35.4522396946091,Upregulated
8543,9.89215840568811,Upregulated
8545,9.89215793975875,Upregulated
8546,35.4522395272636,Upregulated
8551,10.1680103377199,Upregulated
8554,0.112012595687666,Downregulated
8558,0.340738136142744,Downregulated
8563,46.0172823876912,Upregulated
8564,41.4341831610607,Upregulated
8565,121.526303881631,Upregulated
8567,3.26780930898701,Upregulated
8570,2.16844176587594,Upregulated
8574,3.45033946948482,Upregulated
8575,67.1087893516228,Upregulated
8576,72.2112667145627,Upregulated
8578,2.19914674801224,Upregulated
8579,42.7732045414349,Upregulated
8581,42.7732154336096,Upregulated
8583,20.8422340401238,Upregulated
8585,90.8087358185627,Upregulated
8597,40.5022766058223,Upregulated
8601,22.6949283472772,Upregulated
8604,2.3705520142047,Upregulated
8605,0.142449839938848,Downregulated
8608,318.91124085285,Upregulated
8610,0.0112359230117973,Downregulated
8623,2.12217741927332,Upregulated
8624,11.7331649607797,Upregulated
8625,5.49935357969925,Upregulated
8627,81.0374024956811,Upregulated
8629,5.84340479770813,Upregulated
8635,5.99640393528368,Upregulated
8636,3.74201756006539,Upregulated
8637,0.0104790378384581,Downregulated
8638,0.0104782255072797,Downregulated
8639,0.0104782255341435,Downregulated
8642,0.267585405395202,Downregulated
8649,16.5047673834298,Upregulated
8650,16.5047680486985,Upregulated
8652,4.26310541274614,Upregulated
8654,15.298675974581,Upregulated
8655,15.2986763945724,Upregulated
8656,15.927165516172,Upregulated
8657,15.9271652316156,Upregulated
8658,15.9271658736026,Upregulated
8659,15.9271654190064,Upregulated
8660,4.0657327629487,Upregulated
8661,15.6623266747625,Upregulated
8662,66.8596632815384,Upregulated
8665,4.27182047064462,Upregulated
8667,4.27182056651097,Upregulated
8668,15.5174476048054,Upregulated
8669,15.517448209992,Upregulated
8671,14.3653882170979,Upregulated
8672,2.91383890061167,Upregulated
8673,10.6167018776436,Upregulated
8674,0.481935687397729,Downregulated
8680,134.488447601623,Upregulated
8681,92.2907202307669,Upregulated
8682,92.3223217911545,Upregulated
8683,28.663082541294,Upregulated
8684,87.4084002825854,Upregulated
8685,29.5316836248856,Upregulated
8686,150.734361007556,Upregulated
8687,49.4459771528247,Upregulated
8688,90.026310700295,Upregulated
8689,88.5937161542061,Upregulated
8690,4.75956968001246,Upregulated
8692,29.9783255420578,Upregulated
8693,10.2854266464107,Upregulated
8694,10.2854266464107,Upregulated
8695,10.4294920700483,Upregulated
8697,4.75956981186872,Upregulated
8699,8.9339621679927,Upregulated
8704,4.80401003921923,Upregulated
8705,4.80236454662382,Upregulated
8706,4.80400986859436,Upregulated
8707,4.80401025079407,Upregulated
8715,4.92536988839204,Upregulated
8717,4.92536966447494,Upregulated
8719,0.202023283348148,Downregulated
8721,0.202023283348148,Downregulated
8877,74.4257086318074,Upregulated
8878,446.554251791231,Upregulated
8880,223.167555701995,Upregulated
8882,25.0411187962476,Upregulated
8883,5.71692639880485,Upregulated
8888,74.4257086318074,Upregulated
8891,74.4257086318074,Upregulated
8895,492.29621248305,Upregulated
8902,2.49800643942404,Upregulated
8909,2,Upregulated
8919,5.71692631802407,Upregulated
8922,33.8460028305403,Upregulated
8942,948.370725311475,Upregulated
8943,948.370725311475,Upregulated
8946,184.072584356923,Upregulated
8947,184.009568819892,Upregulated
8949,186.626530441638,Upregulated
8951,191.101025575905,Upregulated
8952,25.8899912397051,Upregulated
8953,25.8879800360549,Upregulated
8954,209.054122349505,Upregulated
8955,206.234923457268,Upregulated
8966,0.493395949806215,Downregulated
8969,4.94425674998762,Upregulated
8970,4.94425683646469,Upregulated
8971,6.12808476933251,Upregulated
8972,4.94425696215651,Upregulated
8973,45.2028532150513,Upregulated
8978,45.1890437110674,Upregulated
8979,48.0161664910435,Upregulated
8980,24.9141021317176,Upregulated
8984,11.8422751297858,Upregulated
8986,2.84334938425528,Upregulated
8991,42.6603500874557,Upregulated
8996,176.938331361453,Upregulated
9003,2.29227999549717,Upregulated
9005,0.0118082843253773,Downregulated
9006,11.666701609756,Upregulated
9010,20.1971182902955,Upregulated
9018,4.08490383499764,Upregulated
9021,524.848482473636,Upregulated
9025,19.9432242323925,Upregulated
9029,320.869734669381,Upregulated
9031,19.943229555169,Upregulated
9033,315.844747048019,Upregulated
9036,0.489846893262236,Downregulated
9038,0.151361834905634,Downregulated
9043,2.09929350222342,Upregulated
9044,368.530334138583,Upregulated
9047,140.875153721808,Upregulated
9048,35.622901405196,Upregulated
9054,0.489514955149263,Downregulated
9055,815.382145609164,Upregulated
9056,51.3472593857503,Upregulated
9062,8.04845893450845,Upregulated
9063,66.4734655025431,Upregulated
9064,46.3895398450713,Upregulated
9066,0.470387282223176,Downregulated
9079,142.072089840955,Upregulated
9084,7.36431727199044,Upregulated
9086,54.9083078181586,Upregulated
9087,492.059268217722,Upregulated
9089,1372.81790406369,Upregulated
9097,50.8716350426752,Upregulated
9098,15977.9164813161,Upregulated
9099,0.0323334535886953,Downregulated
9100,30.4259491567606,Upregulated
9105,0.0270957915749789,Downregulated
9106,0.0268550023054252,Downregulated
9107,10.9952729264854,Upregulated
9109,58.2102836334315,Upregulated
9110,0.0346730386914682,Downregulated
9111,2.98117160182734,Upregulated
9112,13.2623666415521,Upregulated
9113,0.402748119069096,Downregulated
9114,16.7390755240079,Upregulated
9117,22.3473758960147,Upregulated
9118,6.81669373639811,Upregulated
9119,4.85221078448305,Upregulated
9121,17.3833114379808,Upregulated
9122,0.192161987230957,Downregulated
9123,0.0336181215981116,Downregulated
9124,0.0147416252495742,Downregulated
9128,287.286871208644,Upregulated
9130,143.077776295204,Upregulated
9133,6.07602373237266,Upregulated
9134,6.02122414973575,Upregulated
9136,66.6581046208679,Upregulated
9144,15.5691156355392,Upregulated
9146,8.68723066095151,Upregulated
9147,73.4239827223287,Upregulated
9148,0.151814473972511,Downregulated
9149,2.14283097007808,Upregulated
9152,61.7328055484607,Upregulated
9153,9.88682186426136,Upregulated
9154,7.41554325087774,Upregulated
9167,18.0374453164202,Upregulated
9174,0.0154238519457914,Downregulated
9179,3.99770495168031,Upregulated
9180,14.9029215016356,Upregulated
9194,4.94425709879269,Upregulated
9202,28.0853427916625,Upregulated
9205,17.9140406506394,Upregulated
9206,19.632295903626,Upregulated
9207,37.6869076405831,Upregulated
9210,37.6869009115605,Upregulated
9211,10.4023460642821,Upregulated
9212,10.4023460642821,Upregulated
9213,10.4023460642821,Upregulated
9214,10.4023460642821,Upregulated
9215,68.8351284188823,Upregulated
9216,68.8351286646094,Upregulated
9217,18.3559906193335,Upregulated
9218,6.16098673813473,Upregulated
9219,6.16098673813473,Upregulated
9220,10.4023460642821,Upregulated
9221,10.4023460642821,Upregulated
9223,6.16098673813473,Upregulated
9225,10.4023460642821,Upregulated
9227,14.9029215037787,Upregulated
9231,6.16098712073621,Upregulated
9232,6.16098712073621,Upregulated
9233,6.16098712073621,Upregulated
9234,10.4023467102749,Upregulated
9235,10.4023467102749,Upregulated
9236,6.16098744825884,Upregulated
9237,10.2556822162536,Upregulated
9238,10.2556822162536,Upregulated
9240,14.6928055204186,Upregulated
9241,14.6928055204186,Upregulated
9244,6.16098831870206,Upregulated
9245,6.16098831870206,Upregulated
9246,10.4023487329469,Upregulated
9247,10.4023467102749,Upregulated
9249,6.16098618341185,Upregulated
9250,10.4023460642821,Upregulated
9251,6.16098673813473,Upregulated
9252,6.16098673813473,Upregulated
9253,6.16098673813473,Upregulated
9254,10.4023460642821,Upregulated
9255,6.16098673813473,Upregulated
9256,10.4023460642821,Upregulated
9257,10.4023460642821,Upregulated
9258,10.4023460642821,Upregulated
9261,21.3710673679875,Upregulated
9262,10.4023460642821,Upregulated
9263,10.4023460642821,Upregulated
9264,21.3710660340841,Upregulated
9265,29.0221390770198,Upregulated
9276,14.9029238991908,Upregulated
9287,3.03173016903487,Upregulated
9294,11.874905473224,Upregulated
9295,6.47900055418706,Upregulated
9296,11.8708380467641,Upregulated
9297,18.3276313841059,Upregulated
9298,15.3834972834762,Upregulated
9300,984.589240255218,Upregulated
9301,6.47900089936077,Upregulated
9306,16.9539858709699,Upregulated
9307,24.5514641509294,Upregulated
9318,0.0659845428020077,Downregulated
9319,4.33980704838969,Upregulated
9321,0.133280355373555,Downregulated
9325,65.9023794918842,Upregulated
9335,17.6782918163376,Upregulated
9336,5.6589713939944,Upregulated
9340,0.0625110964687682,Downregulated
9341,8.48845694620083,Upregulated
9342,8.0597867989236,Upregulated
9343,17872.0037298888,Upregulated
9344,17.6069772888239,Upregulated
9345,65.6365356300527,Upregulated
9347,2.16510227000449,Upregulated
9354,4.9442566153494,Upregulated
9355,4.42455771989659,Upregulated
9360,0.485671280901753,Downregulated
9363,25.1231828977501,Upregulated
9366,6.73928540976726,Upregulated
9370,16.0790969732775,Upregulated
9371,342.269923540871,Upregulated
9376,4.94425508509677,Upregulated
9380,4.94425522909368,Upregulated
9383,4.94425511319373,Upregulated
9384,4.94425510265737,Upregulated
9387,4.94256052950148,Upregulated
9392,10.1680105435691,Upregulated
9396,0.063722850094731,Downregulated
9398,2.93227112347238,Upregulated
9399,2.67491808183631,Upregulated
9402,2.67491842635336,Upregulated
9404,2.67400206461205,Upregulated
9405,8.05978396029108,Upregulated
9406,2.1620344504281,Upregulated
9408,24.2569166749806,Upregulated
9410,4.87454722561713,Upregulated
9412,4.87454753206982,Upregulated
9414,3.3988012310361,Upregulated
9415,40.9389263363544,Upregulated
9416,4.94425709295551,Upregulated
9417,4.9442559042543,Upregulated
9418,19.7263745243858,Upregulated
9419,19.7263745243858,Upregulated
9420,4.63277324012368,Upregulated
9421,4.63277345282646,Upregulated
9422,21.5834554509174,Upregulated
9424,4.94425581293918,Upregulated
9425,4.94425716595121,Upregulated
9429,14.9029253415517,Upregulated
9430,4.08401651461385,Upregulated
9433,5.70722900306464,Upregulated
9436,46.3199320575559,Upregulated
9438,46.1964816312235,Upregulated
9439,6.46596454815611,Upregulated
9440,24.1042726318461,Upregulated
9441,3.21102828175374,Upregulated
9442,4.94425745291466,Upregulated
9443,4.94425745291466,Upregulated
9446,10.2795272235611,Upregulated
9447,10.2795250483591,Upregulated
9454,11.6336997893908,Upregulated
9456,10.4195704411843,Upregulated
9457,13.037003687935,Upregulated
9459,117.382518470145,Upregulated
9460,144.83704423055,Upregulated
9463,2.41337664122161,Upregulated
9464,20.1623111579688,Upregulated
9466,5.01161539339976,Upregulated
9470,0.0901579594524508,Downregulated
9471,39.5452920447523,Upregulated
9475,0.264615824927639,Downregulated
9477,386.624708551672,Upregulated
9478,386.624779407859,Upregulated
9481,193.246212238136,Upregulated
9482,644.739186164487,Upregulated
9483,4.80543527438074,Upregulated
9484,2.02175211384413,Upregulated
9487,5.28998758018786,Upregulated
9488,60.081673638446,Upregulated
9489,28.9405333507667,Upregulated
9490,4.124047444268,Upregulated
9491,0.243208567699531,Downregulated
9492,3.02449975796925,Upregulated
9497,62.5442138745183,Upregulated
9498,6.08288972754639,Upregulated
9501,4.91747841288597,Upregulated
9506,0.0363661352313849,Downregulated
9508,0.0363661429062514,Downregulated
9509,0.0400343112967801,Downregulated
9510,0.036378598000059,Downregulated
9511,0.036378598000059,Downregulated
9517,0.0358643735525097,Downregulated
9519,0.0179383315331477,Downregulated
9521,0.0274576374939259,Downregulated
9523,0.318403565378385,Downregulated
9525,0.268269284227845,Downregulated
9529,71.3932545223231,Upregulated
9530,0.144069579775358,Downregulated
9531,0.0608804195054953,Downregulated
9532,0.301538761305399,Downregulated
9534,0.0496769472542822,Downregulated
9539,19.0475666502718,Upregulated
9541,22.4655783135225,Upregulated
9543,32.9434630266883,Upregulated
9560,9.64047233343224,Upregulated
9561,5.32050587472623,Upregulated
9566,4.75957060762223,Upregulated
9567,3.65905479320433,Upregulated
9569,4.14318133347674,Upregulated
9570,5.51632192242791,Upregulated
9571,4.11879872014097,Upregulated
9572,8.45633824743122,Upregulated
9574,7.14952427535454,Upregulated
9577,0.387271085710576,Downregulated
9583,11.0052552015292,Upregulated
9588,8.05617272627241,Upregulated
9589,8.05893222748228,Upregulated
9590,5.15024247593152,Upregulated
9594,8.81644040065258,Upregulated
9595,8.81644040065258,Upregulated
9596,9.78839843517707,Upregulated
9599,12.9685112771124,Upregulated
9600,12.9685112771124,Upregulated
9602,4.41584881245885,Upregulated
9603,5.63534238970527,Upregulated
9609,6.73590945393046,Upregulated
9612,11.6192684404933,Upregulated
9613,6.5306022999517,Upregulated
9615,0.023995139396721,Downregulated
9617,6.00366382201704,Upregulated
9619,11.4730081432461,Upregulated
9620,16.8376921170361,Upregulated
9621,11.8348105472083,Upregulated
9622,91.8558883514916,Upregulated
9623,12.7072487490197,Upregulated
9624,43.7901077136533,Upregulated
9626,8.53773608096457,Upregulated
9630,0.346574264951974,Downregulated
9637,0.0572983606073178,Downregulated
9661,4.69085799345276,Upregulated
9667,5.07588917138341,Upregulated
9670,2.68249381105154,Upregulated
9671,4.95995772020987,Upregulated
9673,5.15655820622866,Upregulated
9674,5.15655820622866,Upregulated
9678,4.69246498580584,Upregulated
9681,4.75957131761257,Upregulated
9685,5.3613613716908,Upregulated
9692,4.8345743271718,Upregulated
9693,4.8345743271718,Upregulated
9695,9.66328169737278,Upregulated
9696,9.66328169737278,Upregulated
9698,6.63128481718268,Upregulated
9699,6.63128481718268,Upregulated
9705,0.434050713336552,Downregulated
9708,4.9645235136549,Upregulated
9709,4.9645235136549,Upregulated
9711,9.65997160352543,Upregulated
9712,9.65997160352543,Upregulated
9745,4.03011495095331,Upregulated
9746,13.817661197283,Upregulated
9747,45.3760203009498,Upregulated
9748,437.239438895112,Upregulated
9755,42.570055861787,Upregulated
9760,17.3882686069811,Upregulated
9761,7.02487506991233,Upregulated
9762,234.186207730957,Upregulated
9763,104.612233454681,Upregulated
9766,5.60035453053876,Upregulated
9767,5.60035490033233,Upregulated
9768,5.60035453053876,Upregulated
9769,5.60035490033233,Upregulated
9770,2.00793657174158,Upregulated
9771,2.00793657031476,Upregulated
9772,2.00793657174158,Upregulated
9773,2.00793657031476,Upregulated
9774,127.793159435939,Upregulated
9775,17.8932898803969,Upregulated
9776,19.6459263663698,Upregulated
9777,6.07794871265127,Upregulated
9778,9.8229629354377,Upregulated
9779,6.07794871265127,Upregulated
9780,0.0239754420638027,Downregulated
9781,0.105237198526831,Downregulated
9782,0.28926012865,Downregulated
9784,0.13277752968185,Downregulated
9787,0.244530056255857,Downregulated
9788,0.244530056255857,Downregulated
9794,4.80070257005195,Upregulated
9795,15.5174473596239,Upregulated
9796,14.1331174047013,Upregulated
9798,0.374665166052268,Downregulated
9799,0.374665166052268,Downregulated
9801,0.429982750828093,Downregulated
9802,0.131885965040464,Downregulated
9804,3012.13953955243,Upregulated
9805,0.0974488882005057,Downregulated
9806,0.0447554691007595,Downregulated
9808,4.41075366843014,Upregulated
9809,73.4698207053426,Upregulated
9813,4.35944836938073,Upregulated
9814,15.5227639805483,Upregulated
9815,2.51213149815271,Upregulated
9816,4.43647265424002,Upregulated
9817,4.43647265776222,Upregulated
9818,19.6772037928414,Upregulated
9819,19.6772037928414,Upregulated
9820,21.0481753715589,Upregulated
9821,34.2711484043576,Upregulated
9822,6.45376485765479,Upregulated
9823,21.0481709189701,Upregulated
9824,21.0481709189701,Upregulated
9825,6.45376485765479,Upregulated
9826,15.8483375172308,Upregulated
9827,6.45376517856209,Upregulated
9828,5.16801649526563,Upregulated
9829,5.16801649526563,Upregulated
9832,5.04148262241278,Upregulated
9833,5.04148295523849,Upregulated
9835,5.04148276960303,Upregulated
9836,0.05673991941158,Downregulated
9838,0.0928662875071932,Downregulated
9839,0.302768415969636,Downregulated
9840,0.302768415969636,Downregulated
9841,0.0928535552973075,Downregulated
9842,0.0928217618633866,Downregulated
9843,0.0928535506802528,Downregulated
9844,0.302726898903543,Downregulated
9845,15.2986648943695,Upregulated
9846,4.69246492880094,Upregulated
9847,4.69246492880094,Upregulated
9848,15.2986648943695,Upregulated
9849,5.85358267643882,Upregulated
9853,0.484351013915473,Downregulated
9854,15.7206865293794,Upregulated
9855,11.0052541227126,Upregulated
9856,35.8800144405741,Upregulated
9857,35.880014082923,Upregulated
9858,6.58502006440647,Upregulated
9859,18.2382806951646,Upregulated
9860,11.0052553266094,Upregulated
9861,27.6254358379478,Upregulated
9862,27.6254358379478,Upregulated
9863,11.0052553266094,Upregulated
9864,11.0052551780767,Upregulated
9865,11.0052551780767,Upregulated
9866,35.8800121969482,Upregulated
9867,35.8800121969482,Upregulated
9868,11.0052551780767,Upregulated
9869,11.0052552327993,Upregulated
9870,11.0052553266094,Upregulated
9871,35.8800147923622,Upregulated
9872,35.8800147923622,Upregulated
9873,11.0052553266094,Upregulated
9874,21.1753714744345,Upregulated
9875,21.1753723113968,Upregulated
9876,11.0052535598518,Upregulated
9877,35.8800128536192,Upregulated
9878,35.8800128536192,Upregulated
9879,11.0052535598518,Upregulated
9880,11.0052535520342,Upregulated
9881,35.8800126190939,Upregulated
9882,35.8800126190939,Upregulated
9883,2.21967165865665,Upregulated
9884,0.1456899460887,Downregulated
9887,0.271317246770446,Downregulated
9888,5.07762758388486,Upregulated
9889,16.1707594660579,Upregulated
9890,16.8117301321302,Upregulated
9891,9.90981246414111,Upregulated
9893,7.30469141859794,Upregulated
9894,0.434050701269198,Downregulated
9895,4.96622431785023,Upregulated
9896,31.504828224637,Upregulated
9897,0.468862429963749,Downregulated
9899,0.210008622068279,Downregulated
9900,6.14313342067786,Upregulated
9901,15.7619788368159,Upregulated
9902,9.66328178660803,Upregulated
9903,6.63077024793114,Upregulated
9904,4.69210129385093,Upregulated
9905,15.2986650430258,Upregulated
9906,15.2986650430258,Upregulated
9907,4.69210129385093,Upregulated
9908,2.69054214907386,Upregulated
9909,0.247914193594203,Downregulated
9910,0.247914193594203,Downregulated
9912,0.247914193594203,Downregulated
9913,0.247914193594203,Downregulated
9916,4.27182088886226,Upregulated
9919,4.27182099031306,Upregulated
9920,4.27182099031306,Upregulated
9923,4.27182043652198,Upregulated
9924,4.27182043652198,Upregulated
9927,4.27328442326596,Upregulated
9928,4.2718208199874,Upregulated
9930,4.27182105918792,Upregulated
9936,4.27182089258523,Upregulated
9937,4.27182089258523,Upregulated
9940,4.27182081952203,Upregulated
9941,4.27182081952203,Upregulated
9944,4.27182079346128,Upregulated
9945,4.27182079346128,Upregulated
9962,43.6240933511629,Upregulated
9964,43.6274531273544,Upregulated
9965,0.169993204461858,Downregulated
9967,0.169993204933411,Downregulated
9971,2.13591036904108,Upregulated
9972,4.2718169471728,Upregulated
9973,0.178670063956713,Downregulated
9974,4.27182118134772,Upregulated
9975,0.178670063956713,Downregulated
9976,4.27182083208704,Upregulated
9977,4.27182094284526,Upregulated
9978,2.1359103862598,Upregulated
9979,2.13591038532906,Upregulated
9980,2.13591038532906,Upregulated
9983,0.0970161682801555,Downregulated
9985,4.273284378125,Upregulated
9986,4.273284378125,Upregulated
9987,19.4880132416762,Upregulated
9988,19.4880132416762,Upregulated
9991,40.4442374953159,Upregulated
9994,20.5123366813088,Upregulated
9995,20.5123424391094,Upregulated
9996,20.514855449896,Upregulated
9998,20.5078331756011,Upregulated
9999,20.5148590520101,Upregulated
10000,20.5148603050556,Upregulated
10002,161.484803289055,Upregulated
10004,161.484803289055,Upregulated
10005,21.648500694142,Upregulated
10006,21.6484980571218,Upregulated
10014,6.29452114166853,Upregulated
10015,0.495877105002807,Downregulated
10016,0.452540204012308,Downregulated
10017,0.0198841152955489,Downregulated
10018,6.29205639337789,Upregulated
10019,0.0533900550026473,Downregulated
10020,0.216239491808099,Downregulated
10021,0.407982559444847,Downregulated
10022,0.407982559444847,Downregulated
10024,0.0154497763693008,Downregulated
10025,0.402230329486309,Downregulated
10027,0.495877082797659,Downregulated
10028,0.488885769143256,Downregulated
10030,0.489514981567615,Downregulated
10031,0.48951501913927,Downregulated
10032,0.482613322887443,Downregulated
10033,0.0122455565516847,Downregulated
10034,0.0122455565516847,Downregulated
10035,0.0122455565516847,Downregulated
10036,0.0222888056817816,Downregulated
10037,6.21376082751187,Upregulated
10038,0.0567465127548562,Downregulated
10039,0.48261323978828,Downregulated
10040,0.0333955772377678,Downregulated
10041,0.0387585076034688,Downregulated
10042,0.486426396133393,Downregulated
10043,0.489514972407312,Downregulated
10045,0.0410587008577446,Downregulated
10050,0.416079139108787,Downregulated
10066,528.340827653045,Upregulated
10070,0.0742215951535005,Downregulated
10071,0.0742215997549808,Downregulated
10072,3.6650036490333,Upregulated
10073,0.0644430907989385,Downregulated
10074,8.75585619591825,Upregulated
10075,8.75585619591825,Upregulated
10076,8.75585619591825,Upregulated
10077,8.75585619591825,Upregulated
10078,17.7316309941819,Upregulated
10079,17.7316309941819,Upregulated
10080,18.4450835441522,Upregulated
10081,18.4450835441522,Upregulated
10082,17.9852061167258,Upregulated
10083,17.9852061167258,Upregulated
10084,17.9852061167258,Upregulated
10085,17.9852061167258,Upregulated
10086,7.56215464344977,Upregulated
10087,7.56215464344977,Upregulated
10088,7.45553591332688,Upregulated
10089,7.45553591332688,Upregulated
10091,15.0165355483197,Upregulated
10092,68.8351142293355,Upregulated
10093,26.2462765860028,Upregulated
10094,7.4826142203786,Upregulated
10095,7.4826142203786,Upregulated
10096,53.9470563715188,Upregulated
10097,31.5777796335612,Upregulated
10098,53.9655300758355,Upregulated
10099,12.6114378140951,Upregulated
10100,12.6114370579561,Upregulated
10101,18.3559932412951,Upregulated
10102,18.3559932412951,Upregulated
10103,18.3559932412951,Upregulated
10104,18.3559932412951,Upregulated
10105,17.9852068247787,Upregulated
10106,17.7316323055621,Upregulated
10107,17.7316323055621,Upregulated
10108,17.9852060818578,Upregulated
10109,7.41263289917061,Upregulated
10110,7.41263309797619,Upregulated
10111,7.41263309797619,Upregulated
10112,7.41263248617572,Upregulated
10113,5.24946460218787,Upregulated
10114,5.24946460218787,Upregulated
10115,5.24946460218787,Upregulated
10116,5.24946460218787,Upregulated
10117,9.49787082189973,Upregulated
10118,9.49787082189973,Upregulated
10119,9.49787082189973,Upregulated
10120,9.49787160580502,Upregulated
10121,9.49461825431762,Upregulated
10122,11.0676055287621,Upregulated
10123,11.0676055287621,Upregulated
10124,22.6535482132576,Upregulated
10125,22.6457993585931,Upregulated
10126,7.62833102758362,Upregulated
10127,7.62833102758362,Upregulated
10128,15.2566637966227,Upregulated
10129,15.2566637966227,Upregulated
10130,6.79760271972683,Upregulated
10131,160.920643811988,Upregulated
10133,12.4318894557475,Upregulated
10134,24.8637788460016,Upregulated
10135,24.8637788460016,Upregulated
10151,0.325807787272761,Downregulated
10152,18.8119319142412,Upregulated
10153,0.0690539190945186,Downregulated
10154,0.0460646890137331,Downregulated
10158,3.1741678816237,Upregulated
10159,49.9991486388461,Upregulated
10160,0.0949891531785978,Downregulated
10161,63.7129359366787,Upregulated
10162,0.0478763392460397,Downregulated
10163,0.0148144925303511,Downregulated
10169,95.8200007080376,Upregulated
10170,102.081011634225,Upregulated
10172,9.11622848143914,Upregulated
10174,10.8463535118501,Upregulated
10176,10.9209868750121,Upregulated
10177,14.6896979743268,Upregulated
10179,42.4105155321826,Upregulated
10180,155.617668185162,Upregulated
10181,0.172897437507874,Downregulated
10184,36.5023629077479,Upregulated
10186,29.0731882161845,Upregulated
10187,4.32974879371472,Upregulated
10188,0.482639550518694,Downregulated
10189,7.58957202165898,Upregulated
10190,7.61369779102784,Upregulated
10192,0.130589747458437,Downregulated
10195,10.6117643237057,Upregulated
10196,0.359306901023821,Downregulated
10197,11.1023218590555,Upregulated
10198,0.440250714828562,Downregulated
10199,0.0581262930589712,Downregulated
10200,0.373126634265457,Downregulated
10204,5.44409745553003,Upregulated
10221,7.24569586900625,Upregulated
10222,100.587256806014,Upregulated
10224,9.03134235095008,Upregulated
10225,0.012373691847021,Downregulated
10231,14.901360265443,Upregulated
10232,23.0522733430196,Upregulated
10233,22.7272575077566,Upregulated
10234,23.052268995225,Upregulated
10235,14.0117123614526,Upregulated
10237,0.0400341074975122,Downregulated
10243,0.283774485929701,Downregulated
10244,3.53640956184325,Upregulated
10245,17.0180830767877,Upregulated
10246,0.408101672128248,Downregulated
10247,0.0597817259662164,Downregulated
10251,18.5332232036442,Upregulated
10252,77.4305890589366,Upregulated
10253,0.0323223776739249,Downregulated
10256,204.617325927029,Upregulated
10258,0.200465076703107,Downregulated
10259,0.205895533151316,Downregulated
10260,0.25398990049784,Downregulated
10261,0.205895527018246,Downregulated
10262,0.176057760028984,Downregulated
10266,0.0509958811291565,Downregulated
10268,9.88058072077185,Upregulated
10269,16.2041409889994,Upregulated
10270,26.7681767336149,Upregulated
10271,133.739265807055,Upregulated
10272,147.328094080041,Upregulated
10273,133.423597134735,Upregulated
10274,0.45340082258974,Downregulated
10276,16.519091747666,Upregulated
10277,16.5190876487916,Upregulated
10278,0.0198700871518551,Downregulated
10279,16.2790128171831,Upregulated
10280,16.2041434746866,Upregulated
10281,15.833362176792,Upregulated
10282,15.8333617444455,Upregulated
10283,35.7819036480225,Upregulated
10284,35.27741135785,Upregulated
10289,0.390339885786457,Downregulated
10293,0.390339760619988,Downregulated
10294,0.458419017279515,Downregulated
10295,0.458418957930564,Downregulated
10296,8.7462633377893,Upregulated
10304,119.838063450878,Upregulated
10305,2.51958273117214,Upregulated
10306,0.289493459408648,Downregulated
10307,0.289493459408648,Downregulated
10308,119.838063450878,Upregulated
10334,10.6789151338088,Upregulated
10335,10.6825740337368,Upregulated
10336,0.241595434598048,Downregulated
10337,77.8088395158418,Upregulated
10338,0.13857542490934,Downregulated
10339,0.13857542490934,Downregulated
10343,0.218944054075881,Downregulated
10344,0.0532138849280136,Downregulated
10352,0.217632801798981,Downregulated
10356,2.07403710959771,Upregulated
10357,2.13080887258783,Upregulated
10358,20.3810137960418,Upregulated
10359,2.21290920340961,Upregulated
10360,2.24455461923613,Upregulated
10361,2.24455497282738,Upregulated
10362,28.7844568568687,Upregulated
10363,6.94090068332682,Upregulated
10364,60.2994128373557,Upregulated
10366,30.5715174949717,Upregulated
10368,30.5715174949717,Upregulated
10369,2.07403655446497,Upregulated
10370,0.129956176014061,Downregulated
10371,0.152145818384817,Downregulated
10372,2.09353260068164,Upregulated
10373,18.2803270809883,Upregulated
10375,5.17541931049829,Upregulated
10377,0.22283948719434,Downregulated
10378,0.0834808291208981,Downregulated
10379,0.0217316717582107,Downregulated
10380,0.0217177288669967,Downregulated
10381,0.0834812121982468,Downregulated
10387,31.4524607591337,Upregulated
10388,7.44868522487906,Upregulated
10394,5.14663719497668,Upregulated
10400,77.1451907385178,Upregulated
10401,304.722439935266,Upregulated
10402,304.722439935266,Upregulated
10403,304.722439935266,Upregulated
10404,285.545527271358,Upregulated
10405,285.545527271358,Upregulated
10406,285.545527271358,Upregulated
10407,3.91049357428979,Upregulated
10408,7.8594196446624,Upregulated
10410,77.1451907385178,Upregulated
10411,0.0928286739073593,Downregulated
10420,3.12833799266847,Upregulated
10421,3.12833799266847,Upregulated
10422,2.07278655331193,Upregulated
10424,3.0736833063044,Upregulated
10425,0.0595161826099471,Downregulated
10428,0.0513689220434518,Downregulated
10429,2.18152585626368,Upregulated
10430,38.4030086237334,Upregulated
10431,0.131534585205302,Downregulated
10433,0.0972040084577369,Downregulated
10445,3.84075202035626,Upregulated
10449,2.64468498106063,Upregulated
10451,0.0133033402492059,Downregulated
10452,0.0133033402492059,Downregulated
10456,11.2491812609155,Upregulated
10457,2.02074623420884,Upregulated
10458,23.0902843898878,Upregulated
10459,24.5294338250697,Upregulated
10463,46.084654611433,Upregulated
10464,55.2309277899985,Upregulated
10465,69.7376067697356,Upregulated
10466,0.108697669181058,Downregulated
10468,19.0381529880484,Upregulated
10471,7.11814577734245,Upregulated
10474,64.3761815885365,Upregulated
10475,16.3840824586557,Upregulated
10476,16.1530719309963,Upregulated
10477,32.2528858714881,Upregulated
10478,0.0905628808941523,Downregulated
10482,5.75760664701894,Upregulated
10485,5.75760664701894,Upregulated
10500,0.0910943539619302,Downregulated
10503,16.3840818343426,Upregulated
10505,0.331551668343821,Downregulated
10506,0.112767953044037,Downregulated
10511,4.63856330468881,Upregulated
10512,0.323057853946009,Downregulated
10515,16.3840828871107,Upregulated
10517,5.67642972842268,Upregulated
10518,21.1232375679717,Upregulated
10520,0.084324596905839,Downregulated
10526,20.7262427108985,Upregulated
10527,136.067883557711,Upregulated
10528,16.3840840568532,Upregulated
10532,0.493374036693314,Downregulated
10541,14.0051925373238,Upregulated
10542,4.57316448710798,Upregulated
10543,4.63855990934415,Upregulated
10544,4.57316448710798,Upregulated
10548,16.1530808022367,Upregulated
10552,220.622452385726,Upregulated
10553,220.62246348968,Upregulated
10554,220.622452385726,Upregulated
10555,220.622452385726,Upregulated
10556,250.755800999132,Upregulated
10558,1922.44118214008,Upregulated
10559,36.4014704833636,Upregulated
10560,5.75205778936435,Upregulated
10561,108.910227778151,Upregulated
10562,0.0133430790719889,Downregulated
10565,68.5211437081375,Upregulated
10567,1964.32242379436,Upregulated
10568,491.543094007193,Upregulated
10576,1992.15858341078,Upregulated
10577,54.113554236463,Upregulated
10579,52.0583578786651,Upregulated
10585,112.619964867113,Upregulated
10587,0.397615408581997,Downregulated
10588,40.3786098605189,Upregulated
10590,0.0990604374066566,Downregulated
10593,98.2585634903545,Upregulated
10600,8.96896145578822,Upregulated
10605,0.0508610762079671,Downregulated
10620,138.115478139077,Upregulated
10622,0.129402445985441,Downregulated
10624,0.104511751554298,Downregulated
10626,126.328103790722,Upregulated
10627,3.84062989311376,Upregulated
10629,3.88826912780232,Upregulated
10633,0.167719383114778,Downregulated
10634,24.1499359722318,Upregulated
10635,133.73929425287,Upregulated
10638,6.69119219352558,Upregulated
10642,0.282659365962138,Downregulated
10643,0.147077534091445,Downregulated
10645,82.0790370238714,Upregulated
10651,81.80866159002,Upregulated
10652,3.07651134376616,Upregulated
10653,13.5322512405377,Upregulated
10654,321.331872767468,Upregulated
10655,21.4833821571504,Upregulated
10656,19.7457195596717,Upregulated
10657,0.0460726431442519,Downregulated
10658,80.4189736597112,Upregulated
10663,3.46755962946965,Upregulated
10664,9.49966699532699,Upregulated
10669,4.00160170156935,Upregulated
10670,3.56052078473406,Upregulated
10671,65.1423775762797,Upregulated
10672,28.5723786048829,Upregulated
10673,65.1646918203931,Upregulated
10674,11.5766318730704,Upregulated
10675,0.359879199676963,Downregulated
10678,3.5617402633821,Upregulated
10679,3.56174125013218,Upregulated
10680,3.12050779454782,Upregulated
10681,3.07651276290035,Upregulated
10683,0.441232593552148,Downregulated
10688,4.44420509928457,Upregulated
10689,4.00297374370689,Upregulated
10690,4.21287337789537,Upregulated
10691,4.71435234991753,Upregulated
10692,2.38536704840788,Upregulated
10693,2.38536783671188,Upregulated
10694,3.05308597738839,Upregulated
10695,3.09674647413029,Upregulated
10696,2.38536805350456,Upregulated
10697,2.51390978722523,Upregulated
10698,13.3414619817259,Upregulated
10699,13.532250911851,Upregulated
10700,13.5322543618241,Upregulated
10703,13.3414597360191,Upregulated
10704,3.77786136740059,Upregulated
10705,4.27312003183777,Upregulated
10707,2.38536772099077,Upregulated
10711,0.350674806485096,Downregulated
10714,3.18501083293481,Upregulated
10721,3.18392013178221,Upregulated
10722,5.80165795175988,Upregulated
10735,22.6994216777678,Upregulated
10738,51.5322934791509,Upregulated
10740,3.3608997771699,Upregulated
10741,869.949688470697,Upregulated
10743,3.88431046882426,Upregulated
10748,2.40621738356806,Upregulated
10749,93.9327739157939,Upregulated
10755,0.494163219561993,Downregulated
10756,0.494163219561993,Downregulated
10761,3.59261719439878,Upregulated
10764,769.286616449103,Upregulated
10767,11.4386563817446,Upregulated
10770,2.21701804207144,Upregulated
10777,27.7246903992192,Upregulated
10779,0.189523862992529,Downregulated
10780,0.146053264201246,Downregulated
10783,0.0254109652465862,Downregulated
10786,0.208942626194318,Downregulated
10787,2.4468917153595,Upregulated
10788,13.782078322046,Upregulated
10793,0.0962320640068304,Downregulated
10799,77.7604736366803,Upregulated
10804,48.9269971044738,Upregulated
10805,0.025047050319011,Downregulated
10809,11.9412018611829,Upregulated
10810,24.1718321150505,Upregulated
10812,2.47014310678299,Upregulated
10813,120.787382863232,Upregulated
10815,17.7670616078351,Upregulated
10816,13.3902229528283,Upregulated
10817,126.125783314231,Upregulated
10819,36.3517121403284,Upregulated
10820,236.047241670077,Upregulated
10827,79.4129597098468,Upregulated
10828,200.466343156411,Upregulated
10838,1021.04080218273,Upregulated
10839,3.62506199649636,Upregulated
10841,0.297358622092248,Downregulated
10842,40.8869836077594,Upregulated
10843,7.55509466312956,Upregulated
10845,390.919378807798,Upregulated
10846,170.093184877463,Upregulated
10849,7.64738462072337,Upregulated
10851,7.6473936078494,Upregulated
10852,9.16514785245205,Upregulated
10853,28.5514010591125,Upregulated
10854,31.298321140685,Upregulated
10855,49.6054639598029,Upregulated
10856,435.040908130649,Upregulated
10857,1178.9353503888,Upregulated
10858,245.581947387041,Upregulated
10859,0.272723945093685,Downregulated
10860,4.72435682213383,Upregulated
10862,846.994964836024,Upregulated
10863,1741.28797020715,Upregulated
10864,0.0553040013520705,Downregulated
10865,18.7889897351053,Upregulated
10866,3.20521848028288,Upregulated
10869,1051.4908774629,Upregulated
10871,54.9610678814864,Upregulated
10872,2.99317561296453,Upregulated
10876,2.49274319465713,Upregulated
10880,8.5466248957174,Upregulated
10882,256.353931675259,Upregulated
10884,5.60041719670653,Upregulated
10887,675.252431849355,Upregulated
10888,5122.88801428565,Upregulated
10889,60.0040420002414,Upregulated
10890,36.2779320232003,Upregulated
10891,34.6134844049075,Upregulated
10892,42.2367098351545,Upregulated
10894,46.1963280721752,Upregulated
10895,776.264416575024,Upregulated
10896,4685.80209554705,Upregulated
10897,501.649336993845,Upregulated
10899,61.2143425024548,Upregulated
10900,67.3063260018387,Upregulated
10901,1807.66321875391,Upregulated
10902,122.773328661316,Upregulated
10903,261.587921925311,Upregulated
10904,137.007995737973,Upregulated
10905,50.6365275845502,Upregulated
10906,47.6523692325162,Upregulated
10910,83.1118718139257,Upregulated
10911,59.6397703338169,Upregulated
10912,83.1118719139261,Upregulated
10913,59.63977026715,Upregulated
10914,229.811260126662,Upregulated
10915,1005.35923960419,Upregulated
10916,1005.70374990387,Upregulated
10918,38.3660890969237,Upregulated
10919,22.2144584940622,Upregulated
10922,0.036087842479176,Downregulated
10923,0.278264270266774,Downregulated
10925,97.3573664210345,Upregulated
10926,22.6513583797632,Upregulated
10928,379.892603093169,Upregulated
10930,0.126144386017788,Downregulated
10931,11.3256793072431,Upregulated
10935,0.0788649048454684,Downregulated
10938,78.7637698025395,Upregulated
10939,76.1869091110395,Upregulated
10943,0.0592501699587905,Downregulated
10944,44.8953103611638,Upregulated
10945,49.608365967455,Upregulated
10948,5784.71298263914,Upregulated
10949,11.8877834286987,Upregulated
10954,0.1879115840509,Downregulated
10956,263.443881726547,Upregulated
10958,0.472959055501786,Downregulated
10964,238.150954770489,Upregulated
10965,19.8494351953581,Upregulated
10975,103.044606648195,Upregulated
10976,1655.64665291541,Upregulated
10977,259.101980500705,Upregulated
10978,38.2391109214746,Upregulated
10982,28.9293156317981,Upregulated
10983,3.95881098747389,Upregulated
10984,3.95850454792738,Upregulated
10985,88.2307304906754,Upregulated
10986,0.453924056071229,Downregulated
10988,5.65746736958557,Upregulated
10990,2.06757235309157,Upregulated
10991,0.127617960388017,Downregulated
10995,0.0348991100287973,Downregulated
10996,0.067476909181602,Downregulated
10999,0.0411607456773163,Downregulated
11005,0.0334841960013897,Downregulated
11007,0.273883831368772,Downregulated
11008,105.172088736728,Upregulated
11009,39.0651429410289,Upregulated
11010,68.9733858015275,Upregulated
11011,157.822823544447,Upregulated
11012,130.301811316702,Upregulated
11014,116.671432398617,Upregulated
11015,137.899524628241,Upregulated
11018,2.3534624922987,Upregulated
11027,4.33286877212521,Upregulated
11030,2.329395950543,Upregulated
11032,458.97141899425,Upregulated
11033,740.72194047118,Upregulated
11034,50.1522587018186,Upregulated
11048,23.0486276485788,Upregulated
11049,48.1746517303068,Upregulated
11050,762.754365967176,Upregulated
11051,15.0953429171767,Upregulated
11052,1500.57073757298,Upregulated
11061,3815.88405296769,Upregulated
11067,494.40721471256,Upregulated
11068,1929.64157330367,Upregulated
11069,752.292042383937,Upregulated
11070,0.447877108524068,Downregulated
11076,0.0149979918682557,Downregulated
11086,7.64771524174917,Upregulated
11087,0.26360169674404,Downregulated
11088,0.437128372819239,Downregulated
11089,12.1302015743844,Upregulated
11092,76.3199547917434,Upregulated
11097,11.983682961311,Upregulated
11100,0.447181112754027,Downregulated
11101,19.693334160869,Upregulated
11106,6.87145470214971,Upregulated
11112,500.352229481344,Upregulated
11114,3405.51371714918,Upregulated
11115,9.84530782687034,Upregulated
11116,15.5590278903985,Upregulated
11117,2.51183346135871,Upregulated
11118,2.47726695313968,Upregulated
11121,0.281309604618141,Downregulated
11124,0.0370404500888771,Downregulated
11128,2.03885400285016,Upregulated
11129,4970.32600704126,Upregulated
11130,18.5235148440214,Upregulated
11132,71.0789858073394,Upregulated
11133,125.598801703055,Upregulated
11134,14388.2892724419,Upregulated
11135,62.8877238454737,Upregulated
11136,15354.5909247312,Upregulated
11138,178.840004871683,Upregulated
11139,311.301113362171,Upregulated
11141,27.117524092135,Upregulated
11142,70.9641064437283,Upregulated
11143,65.5993091118895,Upregulated
11144,65.4518257635131,Upregulated
11145,59.1838440778793,Upregulated
11147,0.0504304331881536,Downregulated
11150,3844.93750450202,Upregulated
11151,3846.20597528715,Upregulated
11152,3.25882505264581,Upregulated
11154,1169.82309338068,Upregulated
11155,1153.32937058829,Upregulated
11156,5.202379855454,Upregulated
11157,105.946962881077,Upregulated
11159,0.165620033667197,Downregulated
11167,4.92434166644217,Upregulated
11169,4.65725932345907,Upregulated
11170,39.5555373076474,Upregulated
11173,57.3891803321081,Upregulated
11174,34.3163786768889,Upregulated
11176,5.63386220068396,Upregulated
11178,5.33671513965088,Upregulated
11180,0.247696051901347,Downregulated
11184,0.0769851861967645,Downregulated
11186,5464.74814604768,Upregulated
11187,0.036162044712658,Downregulated
11193,0.389515519441274,Downregulated
11194,0.100794682715284,Downregulated
11202,0.129988868259846,Downregulated
11204,4.20060546058154,Upregulated
11206,5.18962317180577,Upregulated
11207,13.3452827897391,Upregulated
11209,0.0837396724350451,Downregulated
11211,0.012715958310633,Downregulated
11213,5.59767179473427,Upregulated
11215,149.824052818111,Upregulated
11217,0.236857226538411,Downregulated
11219,0.236857218083195,Downregulated
11220,0.236857809949771,Downregulated
11223,0.187717882649963,Downregulated
11225,3.16834859834114,Upregulated
11230,0.227472435128353,Downregulated
11231,0.209351790465556,Downregulated
11232,0.224265263234,Downregulated
11233,0.193905255864655,Downregulated
11234,0.180581453802138,Downregulated
11235,226.768055207926,Upregulated
11237,579.360069534485,Upregulated
11239,0.227472439061577,Downregulated
11240,0.22426530393409,Downregulated
11241,0.206400174806407,Downregulated
11242,0.418703629372246,Downregulated
11244,0.224265249174878,Downregulated
11245,0.387810520122159,Downregulated
11246,0.193905251711493,Downregulated
11247,0.207376605628134,Downregulated
11248,0.178035394954511,Downregulated
11249,5.63386607274524,Upregulated
11254,3.52457549822185,Upregulated
11256,2.56630760936094,Upregulated
11258,18.6235925198109,Upregulated
11270,0.350412949390709,Downregulated
11277,7.3741765466786,Upregulated
11282,40.4798774186718,Upregulated
11284,171.042504364267,Upregulated
11286,17.9968905708294,Upregulated
11287,7.8357132516689,Upregulated
11288,7.83302903887568,Upregulated
11289,0.0600657995842309,Downregulated
11292,0.49133853668397,Downregulated
11297,23.1611635032425,Upregulated
11299,0.0516787717379619,Downregulated
11300,0.0712182044918505,Downregulated
11306,107.578537607926,Upregulated
11307,0.0304562931413683,Downregulated
11308,2170.01429115646,Upregulated
11309,4.76406921396231,Upregulated
11310,11.4656138436046,Upregulated
11311,11.4656138436046,Upregulated
11312,11.465614696022,Upregulated
11314,5.36624623435771,Upregulated
11315,3.10544184406656,Upregulated
11318,59.6602035427531,Upregulated
11319,6928.77935888363,Upregulated
11321,49.2017124618252,Upregulated
11323,59.1635728527267,Upregulated
11327,970.759793007204,Upregulated
11328,96.8806057959254,Upregulated
11329,96.8806057959254,Upregulated
11330,96.7024136373194,Upregulated
11331,388.215364524415,Upregulated
11332,25.4393027697685,Upregulated
11333,19.7541674589793,Upregulated
11334,24.886544276647,Upregulated
11335,17.4975820658427,Upregulated
11336,24.6630821050999,Upregulated
11337,54.1223271936421,Upregulated
11338,1366.49435062418,Upregulated
11339,22.9312288278383,Upregulated
11344,1575.49815930631,Upregulated
11350,1349.76939255488,Upregulated
11352,278.379639218277,Upregulated
11354,8.63295534903987,Upregulated
11359,10.1810571104356,Upregulated
11364,4.73754190196449,Upregulated
11365,26.524879499366,Upregulated
11368,6.79983844709079,Upregulated
11369,3.51573464587747,Upregulated
11370,1576.16121182119,Upregulated
11371,388.215365107452,Upregulated
11372,158.899796725215,Upregulated
11373,80.1262662549629,Upregulated
11376,6.72939828593693,Upregulated
11377,15.3777916773435,Upregulated
11382,3.74384631105268,Upregulated
11383,0.434579469665607,Downregulated
11386,0.398976056739745,Downregulated
11389,0.422966849770474,Downregulated
11391,0.169128265585432,Downregulated
11392,6.90392909350027,Upregulated
11393,28.0145870073453,Upregulated
11394,0.13138412495374,Downregulated
11397,9.01794142283154,Upregulated
11398,8.86467368701903,Upregulated
11399,9.01794141781109,Upregulated
11400,21.6385368068466,Upregulated
11401,19.0170542429161,Upregulated
11402,10.8077032465813,Upregulated
11411,65.352179243139,Upregulated
11413,5.62141656495182,Upregulated
11423,0.45432158892577,Downregulated
11429,0.467070842078679,Downregulated
11430,0.467230897236795,Downregulated
11432,715.539877351597,Upregulated
11436,58.1498323944418,Upregulated
11437,0.108412790513547,Downregulated
11441,60.151317669732,Upregulated
11443,0.022580432386891,Downregulated
11447,0.5,Downregulated
11450,34.8894790120381,Upregulated
11451,0.287330135320125,Downregulated
11453,7.14130361030475,Upregulated
11454,5.99542576033336,Upregulated
11455,0.0137642299076058,Downregulated
11458,7.7015237447656,Upregulated
11459,59.1838387954517,Upregulated
11462,59.4474267791892,Upregulated
11464,5.65442008060311,Upregulated
11465,16.0788622526252,Upregulated
11466,7.2659655256505,Upregulated
11467,18.5235107202937,Upregulated
11469,0.0931536300754254,Downregulated
11471,6.05995012402949,Upregulated
11476,3.77459754207569,Upregulated
11477,0.214719700266876,Downregulated
11478,16.7584980161574,Upregulated
11481,4.94909682694055,Upregulated
11484,80.9723539211862,Upregulated
11486,6.94530181142543,Upregulated
11494,8.23520206167507,Upregulated
11495,0.241749020140529,Downregulated
11499,107.013439292671,Upregulated
11500,0.0220020680394904,Downregulated
11505,0.0562819256653007,Downregulated
11507,0.46471669757504,Downregulated
11511,0.0729986092574929,Downregulated
11514,3.41441255453011,Upregulated
11524,0.0201820534302051,Downregulated
11528,0.160304332891565,Downregulated
11535,3.34045531376021,Upregulated
11536,3.76091859988319,Upregulated
11537,0.202241508265939,Downregulated
11538,0.0502861206800527,Downregulated
11539,0.409108445371412,Downregulated
11542,0.0177495880472206,Downregulated
11543,0.0814758141849933,Downregulated
11545,0.0270601416227922,Downregulated
11546,2.44934669098776,Upregulated
11548,0.049916940838166,Downregulated
11558,0.0111056573571804,Downregulated
11559,0.0856159081805775,Downregulated
11561,0.324791690923266,Downregulated
11562,4.1763339828793,Upregulated
11563,125.179631471723,Upregulated
11564,4.83777147875919,Upregulated
11571,4.19244785934145,Upregulated
11573,2.17585719831589,Upregulated
11575,0.0161452539383281,Downregulated
11577,0.0246249031036608,Downregulated
11585,0.0190685214016137,Downregulated
11587,0.192904344980877,Downregulated
11591,0.209351849887806,Downregulated
11592,0.318513599151086,Downregulated
11595,0.0162546565875719,Downregulated
11608,0.0313239202159377,Downregulated
11609,0.0308822899882072,Downregulated
11615,10.8666588957665,Upregulated
11616,0.0689273947268782,Downregulated
11617,4.57040614016991,Upregulated
11621,10.759853964094,Upregulated
11626,35.5233651298849,Upregulated
11632,0.05570791388541,Downregulated
11633,0.402638505262265,Downregulated
11635,12.540463338542,Upregulated
11636,0.0273144407724362,Downregulated
11640,10.7598539641216,Upregulated
11644,76.7541768914431,Upregulated
11647,0.115031914707781,Downregulated
11649,3.10330467348534,Upregulated
11654,2.9907747672068,Upregulated
11659,6.53450794593142,Upregulated
11661,14.9546244403121,Upregulated
11662,14.1691279895827,Upregulated
11667,9.11496377924131,Upregulated
11668,0.0550789420647198,Downregulated
11669,0.340816655088501,Downregulated
11680,0.34098568886066,Downregulated
11682,0.493769034067846,Downregulated
11684,715.539886482162,Upregulated
11693,8.53434433505134,Upregulated
11700,339.003416718477,Upregulated
11703,79.174166927534,Upregulated
11704,3.57586659552513,Upregulated
11706,0.0365694694854173,Downregulated
11711,14.1048496849377,Upregulated
11713,4.48587056676428,Upregulated
11714,0.032318148212472,Downregulated
11715,0.0327803207615961,Downregulated
11716,0.0327803258759379,Downregulated
11717,0.032318155141884,Downregulated
11718,0.032318148212472,Downregulated
11719,0.0302062073151107,Downregulated
11720,0.0209882896801593,Downregulated
11721,0.0209882991587085,Downregulated
11724,39.4037641384772,Upregulated
11725,2.78504877907942,Upregulated
11727,2.39416198781373,Upregulated
11730,17.4124018722557,Upregulated
11731,0.0390045054614499,Downregulated
11741,0.0302062073151107,Downregulated
11743,0.342458316973002,Downregulated
11747,3.34045531576608,Upregulated
11750,0.044004142719627,Downregulated
11755,3.70143535732563,Upregulated
11756,11.9533774916218,Upregulated
11757,12.4008740151245,Upregulated
11773,0.335003867569415,Downregulated
11809,0.335003792796665,Downregulated
11832,0.192756809586972,Downregulated
11834,0.192766554187677,Downregulated
11854,0.0574258097669078,Downregulated
11865,431.545987120138,Upregulated
11874,4.85490353074778,Upregulated
11875,4.92226624738014,Upregulated
11876,3.3845268310355,Upregulated
11891,0.491338536311222,Downregulated
11895,32.5406750164027,Upregulated
11896,26.4419795537183,Upregulated
11897,32.5518643118414,Upregulated
11900,4.77653251412957,Upregulated
11965,11.0742529052526,Upregulated
11972,3.06682055899456,Upregulated
11975,4.16766362167939,Upregulated
11976,0.0963784041724789,Downregulated
11977,0.192756809586349,Downregulated
11978,0.192756808345389,Downregulated
11981,0.192756808345423,Downregulated
11992,4.5387141249199,Upregulated
11994,2.66430903126234,Upregulated
11997,2.37049931873808,Upregulated
11998,6.41395305268003,Upregulated
12007,8.95174154177197,Upregulated
12008,0.264714415042339,Downregulated
12009,0.198336332393753,Downregulated
12010,0.0991681615913545,Downregulated
12011,0.0496837756256874,Downregulated
12012,0.185542030282257,Downregulated
12013,31.1296613689338,Upregulated
12019,0.264623848989234,Downregulated
12022,6.28231198587482,Upregulated
12023,6.3184972050941,Upregulated
12027,7.1954006815945,Upregulated
12028,7.09395108955098,Upregulated
12029,7.09395235784601,Upregulated
12030,0.284785824474983,Downregulated
12031,4.993738733082,Upregulated
12032,0.292238205639028,Downregulated
12035,33.18129161999,Upregulated
12036,0.0549305974808215,Downregulated
12037,4.53715916880855,Upregulated
12048,5.19267531482649,Upregulated
12049,0.0210032160827457,Downregulated
12050,15.9196784635645,Upregulated
12052,5.5314414950242,Upregulated
12054,4.9167732453145,Upregulated
12056,0.173017701899745,Downregulated
12057,0.0274486519443747,Downregulated
12059,0.19295748422748,Downregulated
12061,0.106717756357872,Downregulated
12063,0.192957530890407,Downregulated
12065,0.178720563828455,Downregulated
12067,0.106717756357872,Downregulated
12070,0.0326361756492329,Downregulated
12071,0.0326361737660458,Downregulated
12072,0.0610882256030464,Downregulated
12074,0.0738021170908405,Downregulated
12077,0.224188452096765,Downregulated
12085,0.274757272331869,Downregulated
12086,0.0116023421284881,Downregulated
12095,0.0719447942476351,Downregulated
12097,0.053145572909948,Downregulated
12098,0.0124483381489103,Downregulated
12099,0.11620732129815,Downregulated
12100,0.0678779696568365,Downregulated
12101,0.068848672658928,Downregulated
12103,0.0467325715583157,Downregulated
12106,13.0836205652662,Upregulated
12110,0.414004383778007,Downregulated
12111,48.3825176830852,Upregulated
12112,5.29780383063824,Upregulated
12122,7.3349298460708,Upregulated
12123,0.210825860534088,Downregulated
12126,0.0110836642673805,Downregulated
12129,2955.46075431921,Upregulated
12130,0.0539937181902126,Downregulated
12131,5162.06910516039,Upregulated
12136,0.228899919202204,Downregulated
12137,3.39872106754374,Upregulated
12142,9.76081718732631,Upregulated
12143,4.94936276455474,Upregulated
12144,7.81270526806987,Upregulated
12145,0.184298677116231,Downregulated
12146,2.45339222359218,Upregulated
12147,0.0257545657635115,Downregulated
12152,0.053270261825573,Downregulated
12153,0.248498297088859,Downregulated
12154,0.0268173091410452,Downregulated
12155,0.0588862667816747,Downregulated
12160,3.66301114605523,Upregulated
12161,0.0143279870485442,Downregulated
12162,0.297883619955589,Downregulated
12163,0.196412981673495,Downregulated
12164,0.320318035199132,Downregulated
12176,0.114071755124872,Downregulated
12179,0.149128912982159,Downregulated
12180,0.149128913174055,Downregulated
12181,0.298530555540872,Downregulated
12189,0.337864645712881,Downregulated
12193,2.26576245467008,Upregulated
12194,20.9346007164872,Upregulated
12204,88.4340484125909,Upregulated
12207,5.30319609582089,Upregulated
12208,98.4593369308306,Upregulated
12211,5.85187182597836,Upregulated
12212,7.60961645940376,Upregulated
12213,0.0324393598228786,Downregulated
12218,63.1178714188214,Upregulated
12222,0.0717395684500959,Downregulated
12227,0.270208941666244,Downregulated
12229,4.53380496932333,Upregulated
12233,0.487865629312649,Downregulated
12257,0.0969339228851122,Downregulated
12266,20.3584107014597,Upregulated
12271,0.463739339623158,Downregulated
12273,4.14583121509255,Upregulated
12276,46.0282661472877,Upregulated
12277,67.5212219014211,Upregulated
12279,0.0968259644969939,Downregulated
12284,0.0995003015897064,Downregulated
12287,96.6763436428102,Upregulated
12292,22.0637301290779,Upregulated
12293,0.240692636475666,Downregulated
12295,2.69998281565212,Upregulated
12304,0.431699148367123,Downregulated
12316,5.27765779458901,Upregulated
12318,0.022749340269644,Downregulated
12319,0.107236631825155,Downregulated
12321,0.0247051905066947,Downregulated
12322,0.0865585373770765,Downregulated
12323,5.44868692165751,Upregulated
12328,2.69551802790111,Upregulated
12331,10.3732536615197,Upregulated
12334,0.0684851456047394,Downregulated
12336,46.0282631833664,Upregulated
12338,2.19916324137704,Upregulated
12339,2.04767793313057,Upregulated
12342,67.5443679040553,Upregulated
12343,4.19380130718645,Upregulated
12345,109.736648838309,Upregulated
12356,4.21897375974552,Upregulated
12368,7.68272406920961,Upregulated
12369,31.136927645301,Upregulated
12381,2.41703919992506,Upregulated
12382,45.8451797480402,Upregulated
12390,306.636182264372,Upregulated
12393,5.67633557943158,Upregulated
12400,33.6848003523067,Upregulated
12402,0.0306224885363264,Downregulated
12408,0.016153843110385,Downregulated
12414,18.9409104302565,Upregulated
12418,0.337510921549764,Downregulated
12431,0.0153764756216293,Downregulated
12436,109.185362099572,Upregulated
12450,248.776768973807,Upregulated
12457,46.808346403711,Upregulated
12460,890.076840651401,Upregulated
12463,4.56395241490785,Upregulated
12470,80.3312826162453,Upregulated
12474,2.03826784345471,Upregulated
12475,8.17605687109768,Upregulated
12482,22.074059959385,Upregulated
12486,0.0968357811390883,Downregulated
12488,0.0806669436449732,Downregulated
12489,52.8829030172115,Upregulated
12490,49.1084555273828,Upregulated
12491,11.0401459945793,Upregulated
12492,702.488702118915,Upregulated
12497,4.89639300029578,Upregulated
12498,0.0374013889555947,Downregulated
12504,0.0674289605087766,Downregulated
12506,38.7063801323166,Upregulated
12507,18.267124211439,Upregulated
12509,0.143146663833636,Downregulated
12510,5.63386293253987,Upregulated
12512,11.2677231716396,Upregulated
12514,0.0205566613078773,Downregulated
12519,5.8518713729208,Upregulated
12520,0.0570255741879063,Downregulated
12522,5.63386126454311,Upregulated
12523,5.63386216473241,Upregulated
12524,5.63386862107657,Upregulated
12525,5.55443068560691,Upregulated
12526,5.62475595403509,Upregulated
12530,0.378146978963663,Downregulated
12531,0.111087306013392,Downregulated
12532,0.0427079425833549,Downregulated
12535,3.92087007273053,Upregulated
12541,0.0384970899104648,Downregulated
12542,32.8322842184665,Upregulated
12553,297.522930349235,Upregulated
12554,301.76531709268,Upregulated
12555,7.82301488080838,Upregulated
12559,2.15514164268504,Upregulated
12560,7.58579309010592,Upregulated
12585,26.7162453374031,Upregulated
12608,146.825456881241,Upregulated
12630,146.825456881241,Upregulated
12638,2.47455392093183,Upregulated
12665,6.61139781052876,Upregulated
12668,5.60334979134468,Upregulated
12670,3.84846448696069,Upregulated
12684,0.251072473217413,Downregulated
12685,2.76985109861606,Upregulated
12690,58.7868999634513,Upregulated
12691,481.019356082153,Upregulated
12696,832.23564399176,Upregulated
12708,9.44942230670424,Upregulated
12709,3.18845890530392,Upregulated
12710,14.767958171933,Upregulated
12711,2.5606249922224,Upregulated
12712,24.5081734610954,Upregulated
12713,5.63579237345576,Upregulated
12714,13.0628218257653,Upregulated
12715,0.113577749443813,Downregulated
12716,19.7611432920761,Upregulated
12719,5.76904739870283,Upregulated
12723,6.17404193248782,Upregulated
12724,3.4289741497493,Upregulated
12726,6.62568489724792,Upregulated
12727,27.7881607054234,Upregulated
12729,18.1434381074891,Upregulated
12730,4.27280302542667,Upregulated
12731,3.34259018164126,Upregulated
12733,43.9508864250665,Upregulated
12734,0.241849317253308,Downregulated
12735,0.282236319652159,Downregulated
12737,5.43332912782739,Upregulated
12742,5.4333285743095,Upregulated
12743,0.231264832101812,Downregulated
12744,0.339078181930475,Downregulated
12749,9.84868070047313,Upregulated
12750,81.0933411538904,Upregulated
12751,5.55152619069948,Upregulated
12752,75.0311730430607,Upregulated
12753,0.0641956448863691,Downregulated
12754,10.7772704956719,Upregulated
12757,340.222477201296,Upregulated
12758,5.55108872768538,Upregulated
12759,204.971235742793,Upregulated
12760,0.206011350137381,Downregulated
12761,161.974556862269,Upregulated
12765,23.2949473793132,Upregulated
12766,11.4765271475618,Upregulated
12767,843.311877549092,Upregulated
12769,13.7964647031812,Upregulated
12772,170.053021656019,Upregulated
12773,6.65391723854427,Upregulated
12774,24.2461341812822,Upregulated
12779,0.0697594900007097,Downregulated
12780,3.17751256164869,Upregulated
12781,0.0860542900037961,Downregulated
12784,0.0605395648293756,Downregulated
12785,0.0589623387385278,Downregulated
12786,0.0584171572170988,Downregulated
12791,0.154818076380496,Downregulated
12792,0.154818076380496,Downregulated
12793,16.1945622195167,Upregulated
12794,0.458228142375078,Downregulated
12796,4.0394763909272,Upregulated
12802,0.0129254144882323,Downregulated
12803,0.0130566432729978,Downregulated
12805,128.381651999639,Upregulated
12808,5.38426202012242,Upregulated
12809,5.01007821081637,Upregulated
12810,22.1543147877656,Upregulated
12812,4.96160918822778,Upregulated
12813,1477.64971174723,Upregulated
12814,12.7716934535956,Upregulated
12815,6.14478932499494,Upregulated
12816,5.55443158259096,Upregulated
12817,3.32936902832498,Upregulated
12818,6.38960746321443,Upregulated
12819,5.63579196960667,Upregulated
12820,10.2861522171639,Upregulated
12822,4.96381807054574,Upregulated
12823,6.32627034295044,Upregulated
12824,6.58669762308722,Upregulated
12825,33.376160296172,Upregulated
12826,5.65895487985197,Upregulated
12827,10.0700895654781,Upregulated
12828,5.39826668395284,Upregulated
12829,5.39826668395284,Upregulated
12830,5.39826668395284,Upregulated
12831,5.39826668395284,Upregulated
12832,10.2140963199044,Upregulated
12833,10.2140974797922,Upregulated
12834,51.4842285737018,Upregulated
12835,10.2140999849783,Upregulated
12836,5.39827758504144,Upregulated
12837,5.39826597510919,Upregulated
12838,5.32215764359798,Upregulated
12839,5.32215764238818,Upregulated
12840,120.966522949494,Upregulated
12841,120.966522949494,Upregulated
12842,120.966522949494,Upregulated
12843,5.32215764359798,Upregulated
12844,120.966522949494,Upregulated
12845,120.966522949494,Upregulated
12846,122.696379898245,Upregulated
12847,122.696414061913,Upregulated
12848,4.52357444062687,Upregulated
12849,4.54247264783989,Upregulated
12850,4.52357444062687,Upregulated
12851,54.0755510199069,Upregulated
12852,54.0755510199069,Upregulated
12853,81.7806381250553,Upregulated
12854,81.7742425283818,Upregulated
12855,27.0377700651771,Upregulated
12856,5.7138955597444,Upregulated
12857,5.35970293312023,Upregulated
12858,5.43635986452741,Upregulated
12859,106.611924221572,Upregulated
12860,6.75901932975023,Upregulated
12863,10.2980834493003,Upregulated
12865,0.448600917317738,Downregulated
12867,6.33094428137142,Upregulated
12868,0.0185323876981609,Downregulated
12869,51.6779656362499,Upregulated
12870,52.4169946576982,Upregulated
12871,3.39755586032473,Upregulated
12873,0.332624490387308,Downregulated
12875,4.13612868937476,Upregulated
12876,4.13612849120599,Upregulated
12878,5.87302882192198,Upregulated
12879,6.51976224063468,Upregulated
12880,18.7304969731263,Upregulated
12881,18.7304969731263,Upregulated
12882,18.7304969731263,Upregulated
12884,0.114238533308713,Downregulated
12892,2.08584686469662,Upregulated
12893,11.5565557692135,Upregulated
12897,31.760534155075,Upregulated
12898,0.0245297161620041,Downregulated
12899,3.40490053530475,Upregulated
12901,31.7605341581064,Upregulated
12902,5.73247011498393,Upregulated
12907,12.4812035664035,Upregulated
12908,6.24060310935189,Upregulated
12909,397.285486324767,Upregulated
12910,15.8802699232996,Upregulated
12911,31.7605331121341,Upregulated
12913,6.76936653013124,Upregulated
12916,4.96019506768881,Upregulated
12921,0.0674337686630731,Downregulated
12922,6.36189378564842,Upregulated
12925,55.6981206385307,Upregulated
12926,10.4482907826504,Upregulated
12930,21.9506870647374,Upregulated
12941,0.0663512762452965,Downregulated
12944,0.110048792281655,Downregulated
12945,0.163760931740032,Downregulated
12971,166.37067564261,Upregulated
12974,60.5535493351492,Upregulated
12976,166.369734172619,Upregulated
12978,166.369847836068,Upregulated
12982,5.43821229857963,Upregulated
12983,5.43821215578952,Upregulated
12987,5.9736310313787,Upregulated
12989,12.1881303116055,Upregulated
12991,22.9586730185596,Upregulated
12995,5.5515206694919,Upregulated
12996,15.043295339688,Upregulated
12997,24.3081513717868,Upregulated
12998,49.5914693885184,Upregulated
12999,26.7766805783836,Upregulated
13000,49.5915616524476,Upregulated
13001,22.6870177666253,Upregulated
13002,14.0400437458279,Upregulated
13003,80.1339839570015,Upregulated
13004,6.64598266411111,Upregulated
13007,3.91755151013597,Upregulated
13008,3.39836673392258,Upregulated
13009,14.0400421435199,Upregulated
13010,80.1338354417328,Upregulated
13011,14.0400380061658,Upregulated
13012,22.6870084920234,Upregulated
13018,49.5914697425769,Upregulated
13019,22.687025779446,Upregulated
13021,5.43634859749374,Upregulated
13025,4.30722362778439,Upregulated
13026,2.17212148378776,Upregulated
13027,4.30721163475534,Upregulated
13030,4.30721163475534,Upregulated
13031,49.5914430886257,Upregulated
13032,22.6870200594823,Upregulated
13034,49.5914430886257,Upregulated
13035,22.3671550402441,Upregulated
13036,3.91754878924177,Upregulated
13037,14.0400472080738,Upregulated
13038,22.6870233611972,Upregulated
13039,49.5914430886257,Upregulated
13040,3.05724310421247,Upregulated
13043,0.206947888949794,Downregulated
13048,3.9175512304422,Upregulated
13050,14.0400457323622,Upregulated
13051,80.1338423071232,Upregulated
13052,3.9175512304422,Upregulated
13055,3.9175512304422,Upregulated
13056,4.30722365853584,Upregulated
13059,4.30722365853584,Upregulated
13060,3.9175512304422,Upregulated
13063,4.30722362778439,Upregulated
13064,0.149461252404926,Downregulated
13066,20.3987084841179,Upregulated
13070,22.3747918201764,Upregulated
13071,13.8420930169299,Upregulated
13072,80.1338468840509,Upregulated
13073,14.0400440916977,Upregulated
13074,22.6870183255091,Upregulated
13075,5.44153939261776,Upregulated
13087,5.81319985022856,Upregulated
13098,0.199902164143104,Downregulated
13100,0.199902120061406,Downregulated
13101,3.77338828674355,Upregulated
13113,0.0198427764470368,Downregulated
13114,3.03585385644455,Upregulated
13115,0.0198464351225747,Downregulated
13117,3.03585385445176,Upregulated
13118,3.05541667001483,Upregulated
13120,51.6516343746242,Upregulated
13121,51.6516343746242,Upregulated
13137,5.5138258903344,Upregulated
13138,45.6055124886151,Upregulated
13146,6.30987242365022,Upregulated
13148,3.11129122053424,Upregulated
13152,2.55078316341504,Upregulated
13154,0.053072538796882,Downregulated
13157,0.0276153558971252,Downregulated
13158,0.012972010306457,Downregulated
13165,10.1891899801603,Upregulated
13166,0.0195092213848992,Downregulated
13169,0.0195092213848992,Downregulated
13170,0.039106970408182,Downregulated
13171,0.396396835923697,Downregulated
13173,0.27865813236232,Downregulated
13178,0.0141723754820183,Downregulated
13183,0.29026178069966,Downregulated
13185,0.395489145192491,Downregulated
13188,293.650921756501,Upregulated
13192,7.83388294719099,Upregulated
13193,0.216286756654313,Downregulated
13194,6.67101466465905,Upregulated
13195,6.6108459332537,Upregulated
13199,4.75717321585712,Upregulated
13201,1800.28864325556,Upregulated
13204,42.3272375688734,Upregulated
13205,42.3126325496642,Upregulated
13206,42.3271316484635,Upregulated
13207,42.3126325496642,Upregulated
13209,48.4258289768443,Upregulated
13210,11147.2809430474,Upregulated
13211,111.348884367361,Upregulated
13212,42.3127859378824,Upregulated
13213,26.3916975503665,Upregulated
13214,25.5431912903249,Upregulated
13217,0.124996479067126,Downregulated
13219,6.31849000062806,Upregulated
13220,2.01370324487679,Upregulated
13225,164.846927462477,Upregulated
13227,0.115707317327979,Downregulated
13228,0.115707336133869,Downregulated
13229,0.432104118016884,Downregulated
13233,4.82120788586524,Upregulated
13234,4.0382231367844,Upregulated
13238,0.264623875825034,Downregulated
13240,0.264714514470153,Downregulated
13241,0.264714514470153,Downregulated
13242,0.185705202311227,Downregulated
13243,11.476746546458,Upregulated
13244,0.12680051775149,Downregulated
13246,18.7695956584703,Upregulated
13247,17.1487441985413,Upregulated
13248,17.1487441985413,Upregulated
13249,0.248352423554152,Downregulated
13250,0.248352411444174,Downregulated
13251,4.39773187167448,Upregulated
13252,0.264714544722817,Downregulated
13253,0.391514983568169,Downregulated
13254,0.195757483837209,Downregulated
13255,0.432635423832624,Downregulated
13258,2.88179032802019,Upregulated
13260,6.36371792837783,Upregulated
13261,0.361277892367349,Downregulated
13263,3.79667616304412,Upregulated
13265,2.44352111289994,Upregulated
13267,0.371236322441585,Downregulated
13268,0.264714503701454,Downregulated
13278,3.07523614558613,Upregulated
13280,2.30634583435585,Upregulated
13282,2.49691572444585,Upregulated
13286,0.225969248388654,Downregulated
13287,0.175832990496237,Downregulated
13294,0.293935548797782,Downregulated
13302,24.8057722899842,Upregulated
13304,5.27418402425211,Upregulated
13309,2.70437665242002,Upregulated
13314,31.4530863401112,Upregulated
13317,62.9061700997709,Upregulated
13323,3.25214023857804,Upregulated
13326,0.391514978085882,Downregulated
13329,0.490967484765281,Downregulated
13334,0.264714512743082,Downregulated
13337,4.12103157198205,Upregulated
13338,91.1191463867133,Upregulated
13349,0.496500884394127,Downregulated
13351,0.413052296216212,Downregulated
13352,0.406593367584773,Downregulated
13357,0.288840183484906,Downregulated
13358,7.07081244917381,Upregulated
13366,0.223142622680164,Downregulated
13369,0.415837629255264,Downregulated
13372,76.3138202565908,Upregulated
13377,140.513437582868,Upregulated
13385,2.37053107259886,Upregulated
13390,4.63856460720281,Upregulated
13407,22.2684660835998,Upregulated
13409,20.59539068178,Upregulated
13412,5.32978107120263,Upregulated
13417,6.4707374746363,Upregulated
13422,2.13704184463729,Upregulated
13423,2.13704184463729,Upregulated
13451,108.727794926859,Upregulated
13454,3.8462060054793,Upregulated
13455,32.6447449375756,Upregulated
13456,0.0969339241749257,Downregulated
13457,0.0969339241749257,Downregulated
13459,20.2148858917881,Upregulated
13460,277.076085256779,Upregulated
13463,0.291763938745595,Downregulated
13464,0.0882381796440469,Downregulated
13465,0.264714538164553,Downregulated
13466,0.264714528185918,Downregulated
13475,3.34045462167815,Upregulated
13476,0.378279058828984,Downregulated
13478,2.42833109178594,Upregulated
13479,0.264714522146026,Downregulated
13480,0.355243626038397,Downregulated
13481,9.87437283075158,Upregulated
13482,0.132357258573186,Downregulated
13483,80.2465513552871,Upregulated
13484,6.20276051906366,Upregulated
13485,530.582354853329,Upregulated
13486,7.09648442388376,Upregulated
13489,58.8183122463267,Upregulated
13490,28.6394044098793,Upregulated
13492,1881.04280250623,Upregulated
13493,8.86683030689659,Upregulated
13495,60.1506383838851,Upregulated
13496,0.355243682619614,Downregulated
13497,80.2770688276865,Upregulated
13501,90.2195769063841,Upregulated
13502,0.260913340800256,Downregulated
13503,0.130456681606749,Downregulated
13509,5.91282689571995,Upregulated
13510,21.5197079284152,Upregulated
13513,0.264623823383213,Downregulated
13514,9.87437714998431,Upregulated
13515,0.0962037775608509,Downregulated
13519,110.487918632658,Upregulated
13520,0.162094191020348,Downregulated
13521,0.165707899134486,Downregulated
13525,342.741039496684,Upregulated
13528,342.741039496684,Upregulated
13531,96.7095301359313,Upregulated
13532,2.38773427694718,Upregulated
13533,29.4650673938244,Upregulated
13534,29.4650673938244,Upregulated
13535,26.4531531634014,Upregulated
13536,26.4531531634014,Upregulated
13537,29.4650667318307,Upregulated
13538,29.4650667318307,Upregulated
13543,6.74028458462822,Upregulated
13544,6.74028458462822,Upregulated
13545,6.74028458462822,Upregulated
13546,6.74028458462822,Upregulated
13547,6.74028458462822,Upregulated
13548,37.539192193181,Upregulated
13549,37.539192193181,Upregulated
13550,37.539192193181,Upregulated
13551,154.414773329483,Upregulated
13552,21.4573571959216,Upregulated
13553,0.0271797662244852,Downregulated
13554,0.0271775851351125,Downregulated
13555,0.0634002465329679,Downregulated
13556,0.126800501879376,Downregulated
13557,0.391380939580573,Downregulated
13558,0.391381207746427,Downregulated
13559,0.490967904173421,Downregulated
13563,0.297618997331733,Downregulated
13566,0.0171220679674079,Downregulated
13567,0.309731916898284,Downregulated
13568,0.0197408884579583,Downregulated
13569,0.30975393870777,Downregulated
13570,0.303766764708116,Downregulated
13573,0.4140011077506,Downregulated
13574,0.4140011077506,Downregulated
13576,0.414003790737035,Downregulated
13577,0.414003790737035,Downregulated
13578,0.414003790737035,Downregulated
13579,0.0617858460123757,Downregulated
13580,0.0270138905230194,Downregulated
13581,0.0270159914528024,Downregulated
13583,0.0270159898174149,Downregulated
13584,0.0617860710685904,Downregulated
13609,51.7563985222269,Upregulated
13610,2.94640048944426,Upregulated
13611,4.37610747819418,Upregulated
13613,49.2716312211847,Upregulated
13615,198.673860676316,Upregulated
13621,198.673745617127,Upregulated
13623,46.2247716826862,Upregulated
13627,51.770071332687,Upregulated
13629,21.9582177254085,Upregulated
13630,21.9582112650142,Upregulated
13633,7.6279732844566,Upregulated
13634,30.4263526899453,Upregulated
13636,13.5196274707766,Upregulated
13637,422.708460110594,Upregulated
13641,18.2690289392662,Upregulated
13644,0.471030918907703,Downregulated
13645,0.471030919665689,Downregulated
13646,0.471030918907703,Downregulated
13647,0.471030919665689,Downregulated
13648,30.1833423945281,Upregulated
13651,0.394809294183569,Downregulated
13652,0.194009211698475,Downregulated
13656,0.194009202286883,Downregulated
13657,0.47910358544437,Downregulated
13660,0.194009210129877,Downregulated
13661,0.39480927358453,Downregulated
13675,2425.51202555915,Upregulated
13676,0.0243708724293459,Downregulated
13677,0.0356043972931317,Downregulated
13679,0.338493713246785,Downregulated
13680,76.0542436626041,Upregulated
13681,3.98013561383822,Upregulated
13682,33.0627778985107,Upregulated
13684,4.46053921662554,Upregulated
13685,0.0848553513803727,Downregulated
13686,11.3998150267092,Upregulated
13687,0.0391982162492366,Downregulated
13690,5.21590466883311,Upregulated
13692,56.7742307028736,Upregulated
13693,3.24937431220105,Upregulated
13696,3.34045524519983,Upregulated
13698,5.51694382088796,Upregulated
13699,3.17913808378404,Upregulated
13700,0.165787565059935,Downregulated
13703,118.205513686609,Upregulated
13709,5.63579266033813,Upregulated
13710,5.55633313508195,Upregulated
13711,4.9226537665231,Upregulated
13712,5.55633291857408,Upregulated
13713,5.63579218397519,Upregulated
13714,4.92265213885636,Upregulated
13717,0.0931217256863865,Downregulated
13718,0.0931217364251491,Downregulated
13719,0.109821888619278,Downregulated
13720,0.024866855255322,Downregulated
13722,0.35225947908608,Downregulated
13724,75.9130491529232,Upregulated
13725,66.3071996391927,Upregulated
13726,75.9130532866344,Upregulated
13727,75.9130532866344,Upregulated
13728,50.9660269647562,Upregulated
13730,5.63579332561398,Upregulated
13731,0.114047041063453,Downregulated
13732,0.335552661209709,Downregulated
13733,4.92264769776088,Upregulated
13734,5.63579784072797,Upregulated
13735,5.63579321349561,Upregulated
13736,0.361068311027306,Downregulated
13740,389.371445899596,Upregulated
13741,21.0441933956779,Upregulated
13746,3.7757919452928,Upregulated
13748,0.378276501103222,Downregulated
13751,12.0464222547632,Upregulated
13752,23.9883203256936,Upregulated
13753,0.336219278932231,Downregulated
13760,0.0451321340304348,Downregulated
13761,0.165066047013606,Downregulated
13765,5.6357930906922,Upregulated
13767,0.0391069721387469,Downregulated
13768,0.0391069683070835,Downregulated
13770,3.39872006435106,Upregulated
13771,0.0391069717127023,Downregulated
13772,5.80117390053018,Upregulated
13773,4.92265016391337,Upregulated
13774,5.63579198896141,Upregulated
13777,4.92265293047104,Upregulated
13778,5.63386216327147,Upregulated
13779,5.6865859765769,Upregulated
13782,4.85324875139176,Upregulated
13785,4.85324875139176,Upregulated
13786,11.0181337875063,Upregulated
13787,0.197470549186034,Downregulated
13788,0.143104562762892,Downregulated
13790,6.24168367393679,Upregulated
13791,5.55633331328095,Upregulated
13799,0.143146675255225,Downregulated
13800,5.63579272102392,Upregulated
13801,4.9226560778487,Upregulated
13808,5.63579279955847,Upregulated
13809,99.0856913950352,Upregulated
13810,15.5192920458691,Upregulated
13811,0.1503412034459,Downregulated
13816,0.143104624721763,Downregulated
13817,0.124996789888345,Downregulated
13818,0.143146669102553,Downregulated
13821,4.92266432397632,Upregulated
13822,5.63579276910402,Upregulated
13823,5.63579276910402,Upregulated
13824,4.92266432397632,Upregulated
13825,4.92265713449536,Upregulated
13826,5.63579273887268,Upregulated
13827,5.63579273887268,Upregulated
13828,4.92265713449536,Upregulated
13829,0.469116688120893,Downregulated
13830,0.0103927958129776,Downregulated
13832,0.30446796003683,Downregulated
13833,0.304467931717443,Downregulated
13835,0.0584213071899936,Downregulated
13836,0.066731714090083,Downregulated
13840,0.0584212986101061,Downregulated
13841,2.59099767061287,Upregulated
13844,98.9846234661848,Upregulated
13853,5.55442980407804,Upregulated
13854,5.55633267444007,Upregulated
13855,0.14305559126003,Downregulated
13856,5.55633267444007,Upregulated
13857,5.55442992886628,Upregulated
13858,5.55633274834793,Upregulated
13859,5.55442964218464,Upregulated
13861,5.55442983927225,Upregulated
13862,5.55442915298502,Upregulated
13865,2.77721475598302,Upregulated
13869,5.55442985686936,Upregulated
13870,0.366848234407117,Downregulated
13881,21.1538482735182,Upregulated
13882,21.1538482735182,Upregulated
13883,0.338005534652911,Downregulated
13884,0.338005518171334,Downregulated
13885,11.3488188484833,Upregulated
13888,5.77282722793253,Upregulated
13889,5.77282722775588,Upregulated
13894,14.7743567071476,Upregulated
13917,0.0143388481249769,Downregulated
13919,0.0228924899397144,Downregulated
13920,0.0206693934630658,Downregulated
13922,0.0201885670068633,Downregulated
13927,0.0204616620776815,Downregulated
13929,0.364739223434316,Downregulated
13930,0.0479408385681015,Downregulated
13931,0.0168592823547891,Downregulated
13934,3.31541181837063,Upregulated
13939,0.0227762331839225,Downregulated
13945,3.0036755843391,Upregulated
13946,22.9857329098346,Upregulated
13947,0.159907124991259,Downregulated
13949,3.82919949506642,Upregulated
13950,0.422445033999309,Downregulated
13952,3.81173568366758,Upregulated
13956,0.148056085088794,Downregulated
13958,0.0425829158496792,Downregulated
13961,4.8883217740822,Upregulated
13962,0.134971234714362,Downregulated
13963,4.93650409631651,Upregulated
13965,17.9135356539687,Upregulated
13970,123.828435509693,Upregulated
13971,122.024505426335,Upregulated
13974,0.0716825617770768,Downregulated
13975,44.8705996241855,Upregulated
13976,10.3571571247333,Upregulated
13986,0.081359880080734,Downregulated
13994,0.0308772378347075,Downregulated
13998,5.49120034727132,Upregulated
13999,26.6374985409298,Upregulated
14001,0.185928191508747,Downregulated
14003,7.73417313261118,Upregulated
14008,0.012810041283453,Downregulated
14012,0.0366055117755155,Downregulated
14017,2.25644209912142,Upregulated
14032,3.16900445043579,Upregulated
14053,43.6791241317586,Upregulated
14057,4.76134620029722,Upregulated
14058,1878.61151921261,Upregulated
14060,207.143801766186,Upregulated
14065,74.5367480849519,Upregulated
14066,4.68737397583544,Upregulated
14067,4.6873751254959,Upregulated
14068,22.2765253450763,Upregulated
14070,23.3306234631184,Upregulated
14071,9.7809714906227,Upregulated
14074,0.01648531892229,Downregulated
14077,157.689880020546,Upregulated
14078,5.77920888625244,Upregulated
14079,119.812845682866,Upregulated
14080,0.325352077199369,Downregulated
14081,3.99621208977606,Upregulated
14082,13.3050313555694,Upregulated
14084,0.271218191285885,Downregulated
14086,2.69358766475114,Upregulated
14087,4.4824116881578,Upregulated
14089,0.480097046905313,Downregulated
14092,100.52003248099,Upregulated
14096,0.20725426216171,Downregulated
14097,6.41702776226647,Upregulated
14098,0.317140779749273,Downregulated
14102,0.0741389040024211,Downregulated
14103,0.09148807164198,Downregulated
14104,0.0741388581939108,Downregulated
14105,0.0594385280697045,Downregulated
14109,0.235612424561108,Downregulated
14110,0.0209174814436239,Downregulated
14112,21.9686447004914,Upregulated
14113,36.6252337242224,Upregulated
14114,10.9797905283289,Upregulated
14116,0.396775959574841,Downregulated
14118,25.6813066104008,Upregulated
14131,9.68730096285289,Upregulated
14134,5.24393289651432,Upregulated
14135,2.95524253020541,Upregulated
14139,8.79057433582385,Upregulated
14140,6.12715258172774,Upregulated
14141,0.262397735912981,Downregulated
14146,71.1884300255536,Upregulated
14147,71.1884300255536,Upregulated
14148,0.441923718090911,Downregulated
14149,6.64692155723056,Upregulated
14155,2.48321744880931,Upregulated
14160,5.60748210619488,Upregulated
14162,0.32118127210957,Downregulated
14163,0.32118127210957,Downregulated
14164,11.0328721592852,Upregulated
14165,8.75159863867281,Upregulated
14166,74.3983389600299,Upregulated
14167,74.3983389600299,Upregulated
14170,7.13845423985469,Upregulated
14172,3.82846464664577,Upregulated
14174,16.8263599905747,Upregulated
14175,16.8263543669589,Upregulated
14176,17.589389275171,Upregulated
14180,0.15951819761797,Downregulated
14183,7.01011499257088,Upregulated
14184,7.01011755959746,Upregulated
14185,10.7494380266366,Upregulated
14186,10.7494380266366,Upregulated
14196,17.5893899372243,Upregulated
14198,0.360125025900734,Downregulated
14199,0.360124380295927,Downregulated
14201,0.18000784539183,Downregulated
14203,5.12190789102096,Upregulated
14204,8.7824422726814,Upregulated
14205,20.3916339999131,Upregulated
14207,9.80283479726953,Upregulated
14208,8.66601431898503,Upregulated
14210,9.80283479726953,Upregulated
14212,2.94926370789944,Upregulated
14213,0.48264494065794,Downregulated
14214,6.07444730043389,Upregulated
14215,9.01435910572607,Upregulated
14216,4.97151015748531,Upregulated
14219,3.91095908239252,Upregulated
14222,0.118065218320294,Downregulated
14227,115.071793762774,Upregulated
14228,21.3988993678922,Upregulated
14231,1294.10084097825,Upregulated
14232,9.44275229001248,Upregulated
14233,9.35759133894865,Upregulated
14236,38.7392125597845,Upregulated
14237,76.7655620367953,Upregulated
14238,197.585563842541,Upregulated
14239,690.307261171894,Upregulated
14240,18252.619695495,Upregulated
14241,18252.6203249907,Upregulated
14242,17084.9665432698,Upregulated
14243,17084.9665432698,Upregulated
14244,4646.21469195257,Upregulated
14245,56.1984797992837,Upregulated
14246,288.236059643823,Upregulated
14248,1420.76712877587,Upregulated
14249,0.093266190247661,Downregulated
14250,4.4164908802419,Upregulated
14251,4.47964976937238,Upregulated
14252,4.4164908802419,Upregulated
14253,4.47964983597542,Upregulated
14258,0.429995021493288,Downregulated
14269,2.22384710215598,Upregulated
14270,2.22384674806673,Upregulated
14271,0.095626206484371,Downregulated
14272,0.0956308691904881,Downregulated
14273,10.8946839481063,Upregulated
14276,2.30375687509112,Upregulated
14277,9.9088719060025,Upregulated
14280,0.0550457810596594,Downregulated
14291,9.48310107050539,Upregulated
14294,105.383167810731,Upregulated
14300,40.663924371077,Upregulated
14304,0.0579024843433757,Downregulated
14307,0.487604297222371,Downregulated
14309,6.05974408319772,Upregulated
14314,8.24537757749751,Upregulated
14315,6.78443534569035,Upregulated
14316,9.032649444677,Upregulated
14317,10.6322590792436,Upregulated
14319,3.79114484481745,Upregulated
14322,10.3424192661147,Upregulated
14325,4.80345032269595,Upregulated
14329,11.0736417116812,Upregulated
14348,5.29893810094546,Upregulated
14349,5.35212788476206,Upregulated
14351,12.8224553757485,Upregulated
14352,16.3055414270796,Upregulated
14353,18.8911719802266,Upregulated
14354,123.136309985954,Upregulated
14355,25.641936978642,Upregulated
14356,15.4239670001474,Upregulated
14357,31.0686750864866,Upregulated
14359,38.1545777952668,Upregulated
14361,12.7287329867701,Upregulated
14362,6.58933537499464,Upregulated
14369,6.69052043225443,Upregulated
14371,21.3969265054817,Upregulated
14373,0.39110426849478,Downregulated
14376,38.0805985142451,Upregulated
14377,2.99023648821055,Upregulated
14378,0.32492095682597,Downregulated
14383,7.13845377088087,Upregulated
14384,55.5710926638122,Upregulated
14385,77.4216529637631,Upregulated
14386,5.60878457837763,Upregulated
14390,4.52249874043545,Upregulated
14391,4.4587366388332,Upregulated
14393,7.17775240268471,Upregulated
14394,3.85376526900556,Upregulated
14395,5.72015463959599,Upregulated
14397,5.72015463959599,Upregulated
14404,73.3494065056925,Upregulated
14405,73.3494065056925,Upregulated
14406,73.3494065056925,Upregulated
14407,73.3494065056925,Upregulated
14408,85.3655082940089,Upregulated
14409,91.1997203228462,Upregulated
14410,91.1997227383611,Upregulated
14411,21.7518206849133,Upregulated
14412,74.3983431190828,Upregulated
14419,55.8632558998778,Upregulated
14420,63.4090904369763,Upregulated
14421,55.8632866092264,Upregulated
14422,70.5475433838258,Upregulated
14423,76.5907020255514,Upregulated
14430,55.8632527769825,Upregulated
14431,55.8632527769825,Upregulated
14432,63.4090868922501,Upregulated
14433,63.4090868922501,Upregulated
14434,55.8632844146536,Upregulated
14435,55.8632844146536,Upregulated
14436,70.5475394400423,Upregulated
14437,70.5475394400423,Upregulated
14438,76.5906977439403,Upregulated
14439,76.5906977439403,Upregulated
14440,5.80195363567117,Upregulated
14445,0.32118129449548,Downregulated
14453,5.60878499058356,Upregulated
14480,7.46300792061773,Upregulated
14481,0.0356361675686599,Downregulated
14483,0.155539474300269,Downregulated
14491,5.9723515951472,Upregulated
14493,3.67437892200391,Upregulated
14499,317.105258526729,Upregulated
14501,2.67362568285446,Upregulated
14502,3.79675931504513,Upregulated
14503,43.7297197123006,Upregulated
14510,3.36079756577848,Upregulated
14514,0.133146605332126,Downregulated
14515,20.6477350678,Upregulated
14516,20.3496477686652,Upregulated
14517,67.6480721112357,Upregulated
14520,228.090119753205,Upregulated
14521,21.8850527377424,Upregulated
14523,7.21073566226873,Upregulated
14524,121.816289951337,Upregulated
14525,7.17078403059621,Upregulated
14531,0.0613489463292384,Downregulated
14533,36.3473917323932,Upregulated
14534,6.36922798811923,Upregulated
14535,521.842546227173,Upregulated
14536,29.7995360609515,Upregulated
14537,10.6119399107194,Upregulated
14538,11.6890968336273,Upregulated
14539,9.08452118623988,Upregulated
14540,28.432544708122,Upregulated
14541,5.19358603093129,Upregulated
14544,14.3657513802836,Upregulated
14546,98.8858448328043,Upregulated
14548,0.441496099953277,Downregulated
14552,13.5894294339968,Upregulated
14554,24.9731507941162,Upregulated
14555,90.5355363203082,Upregulated
14573,43.9308832127197,Upregulated
14575,8.05880573166166,Upregulated
14580,17.9689158818396,Upregulated
14581,396.08650791416,Upregulated
14582,6.36235939177412,Upregulated
14583,5.43332129531937,Upregulated
14586,4.90074098458309,Upregulated
14587,0.075519691828206,Downregulated
14594,6.23944601287223,Upregulated
14595,6.23944543946546,Upregulated
14611,4.15520586757519,Upregulated
14612,4.15378210008527,Upregulated
14613,4.15378210008527,Upregulated
14615,9.47010028266491,Upregulated
14616,78.9084514535718,Upregulated
14617,78.9084519250623,Upregulated
14618,16.4020533015879,Upregulated
14619,26.071756917265,Upregulated
14620,16.6366173454183,Upregulated
14621,5.57218598504512,Upregulated
14622,40.8940162896414,Upregulated
14628,4.87814738432946,Upregulated
14635,0.179078821323474,Downregulated
14637,2.55488453100485,Upregulated
14638,156.41212312124,Upregulated
14639,18.7353438226979,Upregulated
14640,72.658849801974,Upregulated
14642,13.3215028079353,Upregulated
14644,45.6916171205313,Upregulated
14645,45.6916155576509,Upregulated
14646,56.2060487210736,Upregulated
14647,56.2060473840088,Upregulated
14648,12.1883900157874,Upregulated
14649,14.7063352797302,Upregulated
14650,14.7063352797302,Upregulated
14651,10.1783114552869,Upregulated
14652,0.0683010447028126,Downregulated
14653,0.280732068641531,Downregulated
14655,79.7141291098874,Upregulated
14656,79.7141291098874,Upregulated
14657,247.650939463432,Upregulated
14658,247.650962057068,Upregulated
14659,231.808273289042,Upregulated
14660,231.808267647001,Upregulated
14661,231.808251977716,Upregulated
14662,231.808251977716,Upregulated
14663,14.3806297494382,Upregulated
14664,31.0776365353145,Upregulated
14665,27.8253107675173,Upregulated
14666,231.808253167689,Upregulated
14667,228.539979313235,Upregulated
14668,73.562803101177,Upregulated
14669,73.562803101177,Upregulated
14670,79.7141266828603,Upregulated
14671,12.8310577475746,Upregulated
14673,48.3444689816409,Upregulated
14674,64.3647729914049,Upregulated
14675,189.336550096362,Upregulated
14676,186.603183343886,Upregulated
14677,186.60331977984,Upregulated
14678,61.662860824657,Upregulated
14679,66.9449504962796,Upregulated
14680,228.618697552317,Upregulated
14683,17.1083228822499,Upregulated
14684,49.5261445788932,Upregulated
14685,0.0374081606128878,Downregulated
14686,22.8164500870108,Upregulated
14687,15.3742013720304,Upregulated
14689,0.306893592474262,Downregulated
14691,2.98354926083218,Upregulated
14692,14.7063350878338,Upregulated
14693,14.7063350878338,Upregulated
14694,14.7063350878338,Upregulated
14695,14.7072651988138,Upregulated
14696,16.8321179247175,Upregulated
14697,16.8321235502596,Upregulated
14698,14.7022236672959,Upregulated
14699,14.7022285783306,Upregulated
14700,14.7022236672959,Upregulated
14701,0.273983190585025,Downregulated
14702,9.77009392366433,Upregulated
14707,0.0426774342999902,Downregulated
14708,0.273983190634696,Downregulated
14709,142.272757007367,Upregulated
14710,48.8111730540734,Upregulated
14711,48.8112006890109,Upregulated
14712,61.1098803877505,Upregulated
14713,66.9220214612049,Upregulated
14714,3.69933913225352,Upregulated
14715,3.69933913158286,Upregulated
14721,76.6169401462472,Upregulated
14722,162.883652795726,Upregulated
14723,142.273074363498,Upregulated
14724,142.273074363498,Upregulated
14725,142.273074363498,Upregulated
14726,49.5092904430842,Upregulated
14727,142.273074363498,Upregulated
14728,142.273074363498,Upregulated
14729,142.273074363498,Upregulated
14730,142.273074363498,Upregulated
14731,142.272759070801,Upregulated
14732,142.272759070801,Upregulated
14733,162.883643613445,Upregulated
14734,162.883643613445,Upregulated
14735,142.272510839706,Upregulated
14736,243.973571843165,Upregulated
14737,243.973571843165,Upregulated
14740,4.93812559061591,Upregulated
14742,0.010466417571474,Downregulated
14743,0.273983185021875,Downregulated
14750,0.0119826760818112,Downregulated
14752,9.77008754230854,Upregulated
14756,4.20026545791485,Upregulated
14769,43.3671401290642,Upregulated
14773,1067.50203017637,Upregulated
14775,33.2854001429416,Upregulated
14776,220.36040363033,Upregulated
14778,18.7644525071894,Upregulated
14779,154.136834849452,Upregulated
14785,38.7234471120734,Upregulated
14787,69.5269159018604,Upregulated
14803,145.154850978985,Upregulated
14804,145.870153726755,Upregulated
14807,5.41299505447197,Upregulated
14811,12.9809952602492,Upregulated
14812,12.9765504043587,Upregulated
14813,4.1178807628336,Upregulated
14814,331.336043957849,Upregulated
14816,0.230231498236732,Downregulated
14818,6.13798624712452,Upregulated
14820,0.318747957864757,Downregulated
14828,0.168090326453562,Downregulated
14830,0.157094239156989,Downregulated
14831,0.0438081026735458,Downregulated
14832,3.36569021303998,Upregulated
14833,11.8749285359605,Upregulated
14838,0.0321531235755949,Downregulated
14839,0.0311575315519076,Downregulated
14841,10.7541400391309,Upregulated
14842,35.762713548225,Upregulated
14843,72.62097739366,Upregulated
14844,162.073566917,Upregulated
14846,17588.3220275638,Upregulated
14848,72.6209817268711,Upregulated
14849,2,Upregulated
14850,13.5978587510232,Upregulated
14851,24.9343886204185,Upregulated
14854,10.1445212359956,Upregulated
14856,5.61261554598951,Upregulated
14857,0.429729093333009,Downregulated
14858,477.308107504514,Upregulated
14859,1599.26930310016,Upregulated
14860,162.073572281928,Upregulated
14861,4.68965045523072,Upregulated
14863,12493.4451525543,Upregulated
14864,80.1778960273502,Upregulated
14871,137.607339302795,Upregulated
14873,2,Upregulated
14880,1644.69406420604,Upregulated
14882,196.286869558298,Upregulated
14883,56.2707901110589,Upregulated
14894,2140.94964519079,Upregulated
14899,74.9014448825545,Upregulated
14903,2,Upregulated
14932,82.0908116751708,Upregulated
14943,4.93931183970223,Upregulated
14944,0.485376610555348,Downregulated
14949,3.99898618857327,Upregulated
14952,0.34580840462493,Downregulated
14955,60.2498307800078,Upregulated
14962,24.2314153962079,Upregulated
14966,32.6142408720308,Upregulated
14968,0.172427651826488,Downregulated
14970,329.013148102998,Upregulated
14972,51.6064182626427,Upregulated
14973,2317.26642883336,Upregulated
14974,1342.77915207284,Upregulated
14975,56.1503910217116,Upregulated
14976,751.474897979465,Upregulated
14977,51.9976753597028,Upregulated
14978,45.8098503896004,Upregulated
14979,822.783349804199,Upregulated
14980,2106.03921595798,Upregulated
14981,68.1392457694039,Upregulated
14982,298.188699943399,Upregulated
14984,45.0568654471552,Upregulated
14985,371.226226207263,Upregulated
14988,537.462864586033,Upregulated
14990,480.274378272072,Upregulated
14993,3359.25637848064,Upregulated
14998,0.179070066512773,Downregulated
14999,2.21837851182166,Upregulated
15002,230.906820166578,Upregulated
15006,10.3572479741115,Upregulated
15007,383.430480583008,Upregulated
15008,113.676789984716,Upregulated
15009,127.810220005143,Upregulated
15018,114.159188385777,Upregulated
15022,33.5760755418883,Upregulated
15024,260.921128475527,Upregulated
15026,70.4958953391101,Upregulated
15031,3.74397614873462,Upregulated
15036,0.058777186323283,Downregulated
15037,3.16230249080055,Upregulated
15038,2.97484638773128,Upregulated
15039,6.49107321095075,Upregulated
15040,2.07689155202749,Upregulated
15041,8.4591548290715,Upregulated
15042,3.8298450797216,Upregulated
15043,2.55488430793426,Upregulated
15044,15.2305392048275,Upregulated
15050,0.167390066654148,Downregulated
15061,98.290828080704,Upregulated
15062,3.83118456807959,Upregulated
15070,9.2111228052356,Upregulated
15071,10.6458101305017,Upregulated
15075,3.61850625918253,Upregulated
15078,24.2507266097869,Upregulated
15079,83.8923187025463,Upregulated
15086,30.9352146945854,Upregulated
15087,2.28340992109272,Upregulated
15092,18.8537224351669,Upregulated
15093,14.3864835375602,Upregulated
15096,34.936816626008,Upregulated
15102,10.5515500727422,Upregulated
15103,43.3391666968588,Upregulated
15106,14.387835690048,Upregulated
15107,16.0688535363291,Upregulated
15108,184.011579569269,Upregulated
15112,127.822826200839,Upregulated
15114,29.7619985465886,Upregulated
15118,18.872426957584,Upregulated
15119,9.43621534608227,Upregulated
15121,23.0252879264426,Upregulated
15123,44.4269123512279,Upregulated
15125,10581.5946680232,Upregulated
15126,10581.5956299023,Upregulated
15127,6.93881368142166,Upregulated
15128,8.03442168337106,Upregulated
15132,23.7911998887056,Upregulated
15134,8.93548902185176,Upregulated
15135,20.2596570345038,Upregulated
15141,11.8956002713082,Upregulated
15142,13.3905767694646,Upregulated
15143,79.0631007264327,Upregulated
15144,1005.6150774813,Upregulated
15146,288.601086974445,Upregulated
15147,17.6849535512034,Upregulated
15153,2.45557609980299,Upregulated
15154,16.8185431759566,Upregulated
15156,30.6314653995723,Upregulated
15158,25.7094101309123,Upregulated
15159,195.464083332579,Upregulated
15161,11.719139148557,Upregulated
15162,3.94296202466095,Upregulated
15163,30.9623208351622,Upregulated
15165,2.27315287704387,Upregulated
15167,24.2267461433851,Upregulated
15170,2,Upregulated
15174,0.280256085956249,Downregulated
15175,0.187405339401636,Downregulated
15176,0.0390988357811618,Downregulated
15177,0.0421208650300484,Downregulated
15184,139.991813954488,Upregulated
15185,1184.29738107544,Upregulated
15186,453.798513109311,Upregulated
15187,453.643050888188,Upregulated
15188,407.880268790632,Upregulated
15189,1047.03479439484,Upregulated
15195,1191.84491931165,Upregulated
15202,767.788183102875,Upregulated
15203,894.748724619483,Upregulated
15204,260.308383870082,Upregulated
15205,2610.41972016522,Upregulated
15206,183.894119084848,Upregulated
15209,14555.5278956969,Upregulated
15210,254.284130414869,Upregulated
15212,272.157217298841,Upregulated
15217,324.991756788799,Upregulated
15218,307.673498924533,Upregulated
15219,690.915669213824,Upregulated
15220,342.922886586505,Upregulated
15221,533.167756072329,Upregulated
15222,1947.80568618521,Upregulated
15223,1021.17289376928,Upregulated
15232,149.623368396028,Upregulated
15233,2585.06963511032,Upregulated
15238,23.4283155563969,Upregulated
15246,291.012662955682,Upregulated
15248,13391.0920743516,Upregulated
15250,0.250000426189643,Downregulated
15255,30.6627894133225,Upregulated
15259,10.7115034086243,Upregulated
15261,18.9028227207459,Upregulated
15262,233.9264061632,Upregulated
15263,23.6658470765858,Upregulated
15264,3592.1750028108,Upregulated
15266,22.5311262051424,Upregulated
15267,5.95652238225375,Upregulated
15268,3.85143253758768,Upregulated
15269,2.99720507299525,Upregulated
15274,7.41624577608608,Upregulated
15275,16.4140311523067,Upregulated
15278,3.44453983323462,Upregulated
15279,6.14485250908744,Upregulated
15280,16.4260024821374,Upregulated
15281,3.26098541622767,Upregulated
15284,2.66051091346687,Upregulated
15285,2.65079515808704,Upregulated
15289,15.5838339380092,Upregulated
15291,1120.98184286868,Upregulated
15294,630.116912775188,Upregulated
15301,60.6775382930675,Upregulated
15302,60.6983478492402,Upregulated
15304,0.0212562641387436,Downregulated
15306,19.8018687660868,Upregulated
15315,36.3935907898466,Upregulated
15319,5.58027233642485,Upregulated
15329,0.0201684132343911,Downregulated
15330,5.58027396711673,Upregulated
15332,23.7912047206198,Upregulated
15333,0.437650873734716,Downregulated
15341,15.0165481975796,Upregulated
15343,149.752487831434,Upregulated
15349,355.437168551102,Upregulated
15350,7.30796764992026,Upregulated
15353,4.1148304006644,Upregulated
15358,0.286351128399994,Downregulated
15360,34.4628902325176,Upregulated
15361,9.68508569843689,Upregulated
15364,3.54421516787141,Upregulated
15366,0.0408823561642395,Downregulated
15382,287.559500365902,Upregulated
15394,9.25640158001016,Upregulated
15395,8.84642368245288,Upregulated
15396,8.70234922616068,Upregulated
15397,14.7937118153824,Upregulated
15402,19.1741344521061,Upregulated
15410,13201.2012773454,Upregulated
15411,0.208073005363782,Downregulated
15412,16173.0625522994,Upregulated
15414,2.54330202308636,Upregulated
15423,3.39827860708369,Upregulated
15431,26.8853481604969,Upregulated
15438,9.51482048553509,Upregulated
15442,4.63431065806419,Upregulated
15443,28.0257996079371,Upregulated
15445,338.646855232574,Upregulated
15449,0.17489998653808,Downregulated
15450,17.3760171943745,Upregulated
15451,8.46262606237894,Upregulated
15458,3.31960948933237,Upregulated
15459,4.91812732374456,Upregulated
15463,18.239394664389,Upregulated
15465,3.55180858244071,Upregulated
15466,13.3087250513652,Upregulated
15467,13.4598633968365,Upregulated
15468,20.1300882164737,Upregulated
15473,50.1798579204121,Upregulated
15476,155.39971293115,Upregulated
15477,6.95048104915033,Upregulated
15478,0.206571693855411,Downregulated
15486,8.70028987425592,Upregulated
15488,6.66294320162929,Upregulated
15492,6.38119426882029,Upregulated
15496,6142.95914974687,Upregulated
15500,169.57449010784,Upregulated
15502,0.0229929783049455,Downregulated
15514,54.6194954278548,Upregulated
15519,51.6026799833633,Upregulated
15520,50.8925961154935,Upregulated
15521,85.8412717499286,Upregulated
15523,134.832995898698,Upregulated
15526,90.9801453791855,Upregulated
15527,85.841250943244,Upregulated
15528,265.936338918594,Upregulated
15529,85.8412433027518,Upregulated
15530,36.1965089523825,Upregulated
15531,54.6007720153957,Upregulated
15532,265.845144954927,Upregulated
15533,55.3815902791675,Upregulated
15534,265.845427729689,Upregulated
15537,22.7296543806536,Upregulated
15539,146.320615857297,Upregulated
15540,146.309257089681,Upregulated
15541,146.270497004665,Upregulated
15542,25.9694153239586,Upregulated
15543,25.9694006732508,Upregulated
15546,22.4393562286307,Upregulated
15547,390.344208881088,Upregulated
15555,0.106114000729396,Downregulated
15556,33.5254775962141,Upregulated
15557,33.5254605037562,Upregulated
15560,36.3160319239937,Upregulated
15564,28.5456038204007,Upregulated
15569,68.5947965685472,Upregulated
15572,12.97412177959,Upregulated
15576,2.50446508828396,Upregulated
15582,0.332289543496568,Downregulated
15588,3.24536568569813,Upregulated
15589,0.0391475247141627,Downregulated
15591,9.65529328816094,Upregulated
15595,315.689093082479,Upregulated
15598,234.01310116795,Upregulated
15600,217.238563272407,Upregulated
15609,60.0386671185396,Upregulated
15614,3.92358563518959,Upregulated
15617,10753.4533149715,Upregulated
15619,6.48851085185057,Upregulated
15620,7.26445528796342,Upregulated
15621,6.48850674432435,Upregulated
15622,6.48850916129386,Upregulated
15623,6.48850968273417,Upregulated
15624,18.218107660207,Upregulated
15627,6.49073345660021,Upregulated
15628,6.48851100886673,Upregulated
15629,5.62137375838373,Upregulated
15630,6.49072957960636,Upregulated
15631,6.49073145433724,Upregulated
15634,235.800793549933,Upregulated
15640,125.513618132382,Upregulated
15645,33.1991377009042,Upregulated
15646,41.9215925185852,Upregulated
15647,41.9215787048985,Upregulated
15648,353.477073045778,Upregulated
15650,17.2021861807895,Upregulated
15651,27.500077605827,Upregulated
15652,8.73322348481977,Upregulated
15655,9.82924368384402,Upregulated
15656,4.93931188572863,Upregulated
15658,2.20728736071794,Upregulated
15661,9.47909923506272,Upregulated
15662,8.34296908084384,Upregulated
15663,9.47585221181361,Upregulated
15665,63.5540698110676,Upregulated
15666,36.4546488989789,Upregulated
15668,18.9108770070893,Upregulated
15670,11.175160834791,Upregulated
15671,11.1751585322248,Upregulated
15672,11.1751581057528,Upregulated
15673,11.0176004196126,Upregulated
15674,11.1751597828079,Upregulated
15675,12.8631272766609,Upregulated
15676,11.178990724362,Upregulated
15677,11.178986618129,Upregulated
15678,11.1751588192557,Upregulated
15741,3.04777205157113,Upregulated
15742,9.51520013205092,Upregulated
15750,6.21140614334182,Upregulated
15751,6.33881930669291,Upregulated
15753,0.175805079585338,Downregulated
15760,0.0987233485301191,Downregulated
15767,0.103036907489375,Downregulated
15768,0.103036907489375,Downregulated
15769,0.103036907489375,Downregulated
15770,0.103036907489375,Downregulated
15771,0.273377981090254,Downregulated
15772,0.103974659084219,Downregulated
15773,0.103974659084219,Downregulated
15774,0.195924447527226,Downregulated
15775,0.195924447527226,Downregulated
15776,0.195924447527226,Downregulated
15779,0.0544543849690582,Downregulated
15784,92.6382732325225,Upregulated
15785,18.3100667098213,Upregulated
15786,4.9629204480682,Upregulated
15787,6.20607794070697,Upregulated
15801,110.574555162843,Upregulated
15805,12.3413166373437,Upregulated
15806,124.607240952939,Upregulated
15807,3.78332059883414,Upregulated
15809,848.550733191376,Upregulated
15812,8.02169405412585,Upregulated
15815,10.6942837862578,Upregulated
15816,767.513941295645,Upregulated
15819,120.243472240522,Upregulated
15821,17.1020560986357,Upregulated
15822,5.86552908064097,Upregulated
15823,7.45621636977027,Upregulated
15825,5.42217955291875,Upregulated
15832,0.217464085612585,Downregulated
15834,21.5623692307981,Upregulated
15835,11.8423316570902,Upregulated
15836,296.008937356038,Upregulated
15838,18.3918839692748,Upregulated
15839,6.13062725027981,Upregulated
15841,7.52777110981584,Upregulated
15842,10.8560269782128,Upregulated
15843,1975.34150855373,Upregulated
15849,24.3590550710011,Upregulated
15853,10.8551886242952,Upregulated
15855,3.24352882570033,Upregulated
15856,3.24463863736659,Upregulated
15859,117.833655670458,Upregulated
15860,5.28740393747464,Upregulated
15861,3.24464056025167,Upregulated
15864,7.79680311344398,Upregulated
15865,11.8145671309691,Upregulated
15866,7.08330990406524,Upregulated
15867,11817.4255910371,Upregulated
15868,71.4447079427226,Upregulated
15869,174.556786172089,Upregulated
15870,3.32950950133633,Upregulated
15871,3.32950950133633,Upregulated
15872,2.11214403064804,Upregulated
15877,161.501924963546,Upregulated
15879,11.4204728863505,Upregulated
15880,4.60556191623817,Upregulated
15881,17.6849543012885,Upregulated
15884,24.19228276725,Upregulated
15887,12.4009221872318,Upregulated
15890,250.903986202329,Upregulated
15895,15.1896254046193,Upregulated
15896,178.153031964293,Upregulated
15897,9.47585286297363,Upregulated
15898,22.5637257206018,Upregulated
15900,29.155734439795,Upregulated
15901,65.2895567619558,Upregulated
15902,0.30077748144484,Downregulated
15903,0.0943217111831605,Downregulated
15904,0.321991296234476,Downregulated
15905,0.321991296234476,Downregulated
15906,0.321991296234476,Downregulated
15907,0.321991296234476,Downregulated
15908,0.108908773434506,Downregulated
15909,2.65983654530679,Upregulated
15912,4.52198179814898,Upregulated
15915,7.49707049322219,Upregulated
15916,3.82482230852145,Upregulated
15917,3.82351228750045,Upregulated
15919,0.0547604622867679,Downregulated
15920,0.465939394913476,Downregulated
15921,0.465939394913476,Downregulated
15922,56.2472321339226,Upregulated
15924,442.607593218543,Upregulated
15925,104.241367127746,Upregulated
15927,0.425966001043459,Downregulated
15930,2.56119509760185,Upregulated
15931,3.13552212311975,Upregulated
15936,7.97556443376326,Upregulated
15939,5.15620783910937,Upregulated
15944,7258.0258181131,Upregulated
15946,8.73888271120553,Upregulated
15947,0.288239176156481,Downregulated
15948,0.288239176156481,Downregulated
15949,0.267558992584789,Downregulated
15950,0.267558992584789,Downregulated
15952,4.7807884888701,Upregulated
15955,14.3864796093975,Upregulated
15962,16.149371160664,Upregulated
15972,121.682922158869,Upregulated
15978,15.8048941862801,Upregulated
15979,22.8552016108564,Upregulated
15982,1497.87905054959,Upregulated
15988,14.8882909866461,Upregulated
16039,44.2129278496895,Upregulated
16064,2.36282053225091,Upregulated
16066,3.03653388585512,Upregulated
16068,2.81963893346194,Upregulated
16070,2.87997351770337,Upregulated
16072,2.02853767958396,Upregulated
16074,2.64780637347118,Upregulated
16077,311.530034439106,Upregulated
16079,350.510284659812,Upregulated
16080,204.041332882588,Upregulated
16081,3.03549405652499,Upregulated
16082,9.90021253323379,Upregulated
16083,2.41551218707861,Upregulated
16089,58.0206545032105,Upregulated
16092,99.8259046589639,Upregulated
16093,45.5019710241088,Upregulated
16094,26.4790150793516,Upregulated
16101,9.91127502586645,Upregulated
16102,59.5455078049732,Upregulated
16104,36.254265968988,Upregulated
16106,0.0614226066617928,Downregulated
16107,30.5399826264506,Upregulated
16112,19.5916059282122,Upregulated
16115,320.270992916428,Upregulated
16116,489.070369582238,Upregulated
16117,197.218796822014,Upregulated
16120,174.118219667893,Upregulated
16122,20.7589511812861,Upregulated
16123,13.4419171454171,Upregulated
16124,88.7242920808388,Upregulated
16125,36.2542564122261,Upregulated
16126,11.0546847301421,Upregulated
16128,64.6396609357411,Upregulated
16129,88.7242949572847,Upregulated
16130,90.4784859845083,Upregulated
16131,76.9916719035385,Upregulated
16132,101.300139954801,Upregulated
16133,132.741270910373,Upregulated
16135,311.530040711837,Upregulated
16136,87.2861375787155,Upregulated
16145,16.9104626556976,Upregulated
16150,30.3474540102614,Upregulated
16151,114.145707551088,Upregulated
16152,37.9083752503223,Upregulated
16153,30.7588721306684,Upregulated
16154,116.990040360749,Upregulated
16155,90.8321171155998,Upregulated
16156,14.6683605956213,Upregulated
16158,54.7079344883417,Upregulated
16159,10.3586695201696,Upregulated
16160,272.08638853653,Upregulated
16161,272.179392969418,Upregulated
16163,58.0206507690292,Upregulated
16169,25.0270360195017,Upregulated
16171,11.2813704095667,Upregulated
16172,51.9295287734157,Upregulated
16183,4.91168542857028,Upregulated
16184,14.7571316950504,Upregulated
16185,131.810231234835,Upregulated
16196,4.27343605078278,Upregulated
16199,1167.26467082162,Upregulated
16201,37.1186064346476,Upregulated
16202,80.5730444340241,Upregulated
16204,9.92553072449703,Upregulated
16213,8.47492027332865,Upregulated
16215,643.981565320281,Upregulated
16220,18.1968014511926,Upregulated
16221,35.6032009515707,Upregulated
16222,9.92552871592698,Upregulated
16223,6.93357660485435,Upregulated
16227,81.0803317732346,Upregulated
16228,7.14464576431091,Upregulated
16229,0.110555070494087,Downregulated
16231,5.65873435409049,Upregulated
16232,32.7876797404735,Upregulated
16235,0.294316582509459,Downregulated
16242,72.1762421100858,Upregulated
16245,2.2233376286597,Upregulated
16246,0.0261364752142843,Downregulated
16247,2.39970569743218,Upregulated
16250,2.6475535674644,Upregulated
16251,39.6374088726083,Upregulated
16252,2,Upregulated
16264,6.01214259118742,Upregulated
16268,8.88733089650965,Upregulated
16274,11.94117288872,Upregulated
16278,0.5,Downregulated
16285,0.0921996645956068,Downregulated
16286,129.868309156079,Upregulated
16287,15.0495395457828,Upregulated
16288,5.00738409519587,Upregulated
16292,7.51107000728649,Upregulated
16295,9.07817217944257,Upregulated
16303,0.0439435527354221,Downregulated
16305,0.291761630464611,Downregulated
16306,0.291761699826657,Downregulated
16309,0.252694884218496,Downregulated
16314,0.065727581892779,Downregulated
16317,0.350421728323315,Downregulated
16319,12.0928920699,Upregulated
16320,2.27505190960978,Upregulated
16331,0.0261279003670895,Downregulated
16332,0.0693006314990607,Downregulated
16333,10.9683197457762,Upregulated
16340,10.4028047722294,Upregulated
16345,30.203922088147,Upregulated
16349,3.91254220220175,Upregulated
16350,13.7299567180557,Upregulated
16351,7.11601354734374,Upregulated
16352,7.69904472291358,Upregulated
16353,8.0531735093808,Upregulated
16354,25.8771591381514,Upregulated
16361,2.87665987392072,Upregulated
16366,0.5,Downregulated
16372,48.3225096405818,Upregulated
16391,33.2179817756204,Upregulated
16398,8.26135918261361,Upregulated
16408,5.03999651511185,Upregulated
16412,3.26594881775812,Upregulated
16416,662.017245549014,Upregulated
16420,13.6830151898541,Upregulated
16423,74.2524206190905,Upregulated
16424,40.3425222199161,Upregulated
16427,0.0454483953182547,Downregulated
16428,36.3936073481151,Upregulated
16431,25.4580176288336,Upregulated
16433,2,Upregulated
16436,63.2700301724465,Upregulated
16437,25.4580311849683,Upregulated
16439,4.63431051516819,Upregulated
16440,22.4246792450821,Upregulated
16442,26.8853519603234,Upregulated
16445,126.46857516837,Upregulated
16459,637.169255271053,Upregulated
16460,282.81650486579,Upregulated
16466,0.020186424412407,Downregulated
16468,125.512617345763,Upregulated
16473,167.108154430984,Upregulated
16475,2.86241166146378,Upregulated
16476,8.93155666462946,Upregulated
16477,8.93155666462946,Upregulated
16481,6.09982710183591,Upregulated
16483,6.39598998258445,Upregulated
16484,6.18162722203343,Upregulated
16487,7.55114705539736,Upregulated
16495,0.299433407667117,Downregulated
16498,4.76000215398263,Upregulated
16499,18.4908024093847,Upregulated
16501,26.88535196038,Upregulated
16503,4.93930628399086,Upregulated
16504,25.4580311344714,Upregulated
16505,4.93930628399086,Upregulated
16512,25.4580311344714,Upregulated
16513,26.8853514165761,Upregulated
16515,14.3394174527129,Upregulated
16517,13.4426759801907,Upregulated
16518,0.491252841854627,Downregulated
16519,6.92140196424812,Upregulated
16521,5.99250695556101,Upregulated
16522,244.327021496251,Upregulated
16527,22.1113651268577,Upregulated
16530,11.4123474116735,Upregulated
16531,15669.1603467334,Upregulated
16532,155.047921154937,Upregulated
16533,0.430995713409741,Downregulated
16534,13.0033968640007,Upregulated
16539,13.442995519624,Upregulated
16541,0.368474246324202,Downregulated
16551,25.8603806705509,Upregulated
16552,0.336406033503081,Downregulated
16554,153.771194348086,Upregulated
16555,12.4951943409897,Upregulated
16558,0.344724356797649,Downregulated
16563,13.4426763472178,Upregulated
16566,52.6734594975078,Upregulated
16568,57.8594615719923,Upregulated
16569,39.6669078751686,Upregulated
16575,11.4032666071214,Upregulated
16578,9.84657853160876,Upregulated
16580,2.77602833985266,Upregulated
16581,155.868903057273,Upregulated
16582,584.970045950691,Upregulated
16583,74.8828045602479,Upregulated
16585,63.3417952921819,Upregulated
16586,61.7701849191832,Upregulated
16587,355.732518442051,Upregulated
16592,100.806239912799,Upregulated
16594,20.9734825040284,Upregulated
16595,38.2087159991759,Upregulated
16596,137.285679552939,Upregulated
16597,689.970047577507,Upregulated
16598,7932.70180768702,Upregulated
16601,160.64931522285,Upregulated
16602,93.4278953320664,Upregulated
16603,27.6179435615335,Upregulated
16608,97.7235668656007,Upregulated
16611,664.63810589631,Upregulated
16613,130.404488579737,Upregulated
16617,36.3936053066859,Upregulated
16618,7.91907887371164,Upregulated
16620,39.3895979791065,Upregulated
16621,425.404762125736,Upregulated
16622,36.3936150075409,Upregulated
16623,52.3168669571192,Upregulated
16624,82.473652317696,Upregulated
16628,106.008981653235,Upregulated
16629,36.0662630987526,Upregulated
16630,17.0848451137362,Upregulated
16631,39.7983700821394,Upregulated
16632,39.7983700821394,Upregulated
16636,36.3936003167632,Upregulated
16637,9.81977413671649,Upregulated
16639,16.7659007441753,Upregulated
16641,16.7659011158585,Upregulated
16644,56.356616234806,Upregulated
16645,32.7213536714126,Upregulated
16647,21.4051428876116,Upregulated
16649,36.3936040157456,Upregulated
16650,9.61176553342624,Upregulated
16651,247.855899556266,Upregulated
16652,9.61176553342624,Upregulated
16653,9.61176561861885,Upregulated
16655,14.9033861075639,Upregulated
16656,39.7983760990084,Upregulated
16657,127.82285920574,Upregulated
16670,436.575628394792,Upregulated
16673,26.6363384298116,Upregulated
16674,26.6363400436052,Upregulated
16676,62.0098192990476,Upregulated
16677,62.0098184642238,Upregulated
16678,5465.67861065571,Upregulated
16679,9.19790628927583,Upregulated
16680,127.822834773519,Upregulated
16681,43.0346504989558,Upregulated
16682,318.077902947578,Upregulated
16693,6.63493427965807,Upregulated
16695,1152.02015233499,Upregulated
16696,218.252819852016,Upregulated
16697,168.538608390749,Upregulated
16702,58.5646583923547,Upregulated
16703,10.8560090574638,Upregulated
16710,3838.88787275971,Upregulated
16711,4.87728222976304,Upregulated
16712,0.389737393773247,Downregulated
16714,11.25944591842,Upregulated
16715,118.077333706675,Upregulated
16718,6.22156286321882,Upregulated
16719,288.347239639408,Upregulated
16723,2588.9875814566,Upregulated
16727,129.447951861844,Upregulated
16729,127.501229300826,Upregulated
16730,2.61435628186971,Upregulated
16732,2546.98385512967,Upregulated
16733,3.30964373420105,Upregulated
16736,97.7690710980783,Upregulated
16737,20.1053509758287,Upregulated
16739,73.5116001151463,Upregulated
16740,9.80261821216093,Upregulated
16744,3.95548575509509,Upregulated
16750,21.8164820183224,Upregulated
16753,6.68076298341324,Upregulated
16755,18.8646125691255,Upregulated
16756,2.1597478634708,Upregulated
16758,15.2801551569898,Upregulated
16759,15.0647219169346,Upregulated
16763,10870.7334923344,Upregulated
16764,45.4447322374074,Upregulated
16768,15.270397068643,Upregulated
16769,33.550675537818,Upregulated
16770,0.109570013302817,Downregulated
16771,0.109570014254547,Downregulated
16775,569.688614623211,Upregulated
16776,464.631750754501,Upregulated
16778,60.7665369640943,Upregulated
16779,6.48850859071217,Upregulated
16780,23.7911996741321,Upregulated
16782,6.48850734607332,Upregulated
16783,23.7911972548959,Upregulated
16784,6.39702667456622,Upregulated
16785,6.48850925670971,Upregulated
16786,60.7665260092417,Upregulated
16787,23.791193992218,Upregulated
16788,6.39702648609479,Upregulated
16790,23.791194686054,Upregulated
16791,23.7911941077185,Upregulated
16792,6.39702668067902,Upregulated
16793,6.39702669714767,Upregulated
16794,23.791193992218,Upregulated
16795,5.326491601677,Upregulated
16798,23.7912019615577,Upregulated
16799,6.48850654738458,Upregulated
16800,6.48850683233964,Upregulated
16801,23.7912003915832,Upregulated
16802,6.49073247480155,Upregulated
16804,10.2710436026934,Upregulated
16806,6.39702793956741,Upregulated
16807,23.7911957690167,Upregulated
16810,0.41012270835404,Downregulated
16811,11.1789881474411,Upregulated
16812,93.427902126951,Upregulated
16817,15896.8424112917,Upregulated
16818,12.8268409440052,Upregulated
16823,185.654991140769,Upregulated
16824,247.624800481791,Upregulated
16826,229.827474084887,Upregulated
16827,344.623026321056,Upregulated
16828,212.702256582851,Upregulated
16829,116.059232000646,Upregulated
16830,9.92552795757201,Upregulated
16831,224.047278422945,Upregulated
16833,118.218208278442,Upregulated
16834,31.7867539326633,Upregulated
16835,31.7867539326633,Upregulated
16836,81.8695282400822,Upregulated
16837,17.4449763816267,Upregulated
16838,9.92552593594067,Upregulated
16839,36.3936043761098,Upregulated
16840,9.92554172509411,Upregulated
16841,9.92554104953619,Upregulated
16842,36.3936049589432,Upregulated
16843,36.4060687391586,Upregulated
16844,9.92553061934021,Upregulated
16845,9.92553061934021,Upregulated
16846,36.3936050015896,Upregulated
16847,36.3936054778072,Upregulated
16848,9.92553088239484,Upregulated
16849,9.92553126233517,Upregulated
16850,36.393603878569,Upregulated
16851,36.393604809681,Upregulated
16852,9.92552777543427,Upregulated
16853,9.92552834146765,Upregulated
16854,36.3936032601969,Upregulated
16860,59.7395974312345,Upregulated
16925,30.203922088147,Upregulated
16926,243.487349408256,Upregulated
16930,7.24414448646388,Upregulated
16933,535.237771375785,Upregulated
16937,50.1802884166081,Upregulated
16939,3286.33269940081,Upregulated
16940,3.08978203018272,Upregulated
16948,33.5506862564841,Upregulated
16950,6.39921986954793,Upregulated
16951,220.876106596398,Upregulated
16952,185.050011623523,Upregulated
16953,133.123670611779,Upregulated
16954,2.72557219654172,Upregulated
16955,2.7255726858077,Upregulated
16956,2.7255726858077,Upregulated
16957,2.32777515153483,Upregulated
16958,0.27663832517429,Downregulated
16959,19.4961368190116,Upregulated
16960,0.0720069915893332,Downregulated
16961,2.57351269647761,Upregulated
16963,47.9055621477622,Upregulated
16965,8.08075702358659,Upregulated
16966,10.883866712365,Upregulated
16967,1816.43464741886,Upregulated
16969,0.109776746338505,Downregulated
16970,5.88076511516185,Upregulated
16971,5.88076437573089,Upregulated
16972,5.88076437573089,Upregulated
16973,3.86826652660331,Upregulated
16977,4.2430013395462,Upregulated
16979,10.2031492035685,Upregulated
16980,29.0776436019348,Upregulated
16983,62.260605231863,Upregulated
16984,21.7900904988721,Upregulated
16985,5531.13588865392,Upregulated
16986,135.168768307266,Upregulated
16987,7572.95641358455,Upregulated
16990,204.440438236878,Upregulated
16991,135.122517390178,Upregulated
16993,294.850328398445,Upregulated
17001,990.273145258414,Upregulated
17002,18504.2180124747,Upregulated
17003,460.308041327363,Upregulated
17004,18768.8725264873,Upregulated
17006,260.193012752453,Upregulated
17007,460.465599589786,Upregulated
17008,18842.3541567827,Upregulated
17009,460.465639495651,Upregulated
17010,18768.869582927,Upregulated
17011,1004.43641645536,Upregulated
17012,18768.8725264873,Upregulated
17013,460.308041327363,Upregulated
17014,18768.8725264873,Upregulated
17015,1004.43641645536,Upregulated
17016,18768.8725264873,Upregulated
17021,351.870773911821,Upregulated
17022,74.6917870343411,Upregulated
17023,142.524651906523,Upregulated
17024,116.732266995603,Upregulated
17025,489.902901781933,Upregulated
17026,54.7339891002047,Upregulated
17027,40.6963065983699,Upregulated
17028,80.8024328191394,Upregulated
17029,80.8024328191394,Upregulated
17030,242.388473117148,Upregulated
17032,413.171098717631,Upregulated
17034,25.7333390530149,Upregulated
17035,26.0354258976042,Upregulated
17039,7.26450880836673,Upregulated
17040,3.33471259415118,Upregulated
17043,37.5998622793552,Upregulated
17045,0.184730278001962,Downregulated
17046,12.1253672856965,Upregulated
17048,419.927150867651,Upregulated
17049,872.705000389253,Upregulated
17052,71.1388918782098,Upregulated
17053,3051.58599559404,Upregulated
17054,277.005940674418,Upregulated
17055,262.334613886874,Upregulated
17056,71.9739998491132,Upregulated
17058,138.502970937196,Upregulated
17059,277.005914895694,Upregulated
17060,256.668966604989,Upregulated
17062,109.538187352565,Upregulated
17064,244.809707661283,Upregulated
17065,232.396578071257,Upregulated
17067,388.757410235139,Upregulated
17069,30.2750560483265,Upregulated
17070,32.3473901187934,Upregulated
17076,6.1581249003399,Upregulated
17077,4.41100783272796,Upregulated
17078,8.42233432415609,Upregulated
17079,15.87060937588,Upregulated
17080,61.9949368901913,Upregulated
17081,61.9949368889158,Upregulated
17082,265.94806740873,Upregulated
17083,159.564805128446,Upregulated
17084,21.372072030609,Upregulated
17085,21.372072030609,Upregulated
17086,8.30358709543542,Upregulated
17087,21.372072030609,Upregulated
17088,21.4821844931833,Upregulated
17089,21.4821844931833,Upregulated
17090,21.4821844931833,Upregulated
17091,3.84672901035344,Upregulated
17095,13.9630217671119,Upregulated
17096,9.4069749449404,Upregulated
17097,13.3586444426961,Upregulated
17098,3.17968187561494,Upregulated
17099,13.8353329192961,Upregulated
17100,8.59678777118881,Upregulated
17101,485.512226274108,Upregulated
17102,485.512226274108,Upregulated
17103,82.358475228246,Upregulated
17104,82.3584752364362,Upregulated
17105,6.97634357197119,Upregulated
17106,6.97634357197119,Upregulated
17107,6.19454754688287,Upregulated
17108,6.97927562576502,Upregulated
17109,47.9889456395077,Upregulated
17110,47.9889456401223,Upregulated
17111,47.9889456401223,Upregulated
17112,47.6868471833364,Upregulated
17113,2.76434551688905,Upregulated
17114,48.7877442467696,Upregulated
17118,20.8125792495604,Upregulated
17119,39.6429151638532,Upregulated
17120,43.0299564381989,Upregulated
17121,43.0299564426212,Upregulated
17122,55.2448550844246,Upregulated
17123,16.1757504351779,Upregulated
17124,3.60824507060391,Upregulated
17125,3.60824507027764,Upregulated
17126,10.4990575045468,Upregulated
17127,3.57570190068654,Upregulated
17128,43.6016225511194,Upregulated
17129,19.489157657119,Upregulated
17130,19.4891576591589,Upregulated
17131,19.4891576591589,Upregulated
17132,19.4824705932107,Upregulated
17133,25.3721833006084,Upregulated
17134,10.1762089344843,Upregulated
17135,10.6569546919099,Upregulated
17136,10.8359157922564,Upregulated
17137,15.7712114298447,Upregulated
17138,30.9624478002269,Upregulated
17139,11.6817568249718,Upregulated
17140,15.7712114329203,Upregulated
17141,19.9345388903566,Upregulated
17142,19.9345388903566,Upregulated
17143,39.1359993174119,Upregulated
17144,39.1359993174119,Upregulated
17146,16.5435920823464,Upregulated
17147,3.29493915972898,Upregulated
17148,3.29493915972898,Upregulated
17149,36.9772903974493,Upregulated
17156,15.5622906150459,Upregulated
17161,0.5,Downregulated
17168,4.89336797976901,Upregulated
17172,88.6398030920771,Upregulated
17178,10.8123444802849,Upregulated
17179,10.7046284409917,Upregulated
17181,21.56234019643,Upregulated
17190,138.729705080144,Upregulated
17191,77.851676882653,Upregulated
17216,20.0626311907531,Upregulated
17257,9.92553065086616,Upregulated
17258,4.01485329762851,Upregulated
17266,7.2651018378411,Upregulated
17267,19.8156433195506,Upregulated
17269,19.2020040558459,Upregulated
17270,39.6147075910011,Upregulated
17273,782.686200899666,Upregulated
17274,782.68597901942,Upregulated
17275,13.0067900155885,Upregulated
17277,13.006787267341,Upregulated
17279,13.0067871995803,Upregulated
17281,13.0067871412746,Upregulated
17283,4.10249385633601,Upregulated
17285,3.45130009580662,Upregulated
17286,3.06258217811208,Upregulated
17287,3.01940345648721,Upregulated
17288,4.21416215378501,Upregulated
17289,13.0067923226045,Upregulated
17291,13.0067835862039,Upregulated
17293,4.1024937354624,Upregulated
17294,6.01214080848066,Upregulated
17295,6.01214438928362,Upregulated
17296,6.01213793276975,Upregulated
17298,3.06258385523769,Upregulated
17299,4.21415762814579,Upregulated
17301,146.593622268064,Upregulated
17303,28.8294528659911,Upregulated
17307,29.6141604137686,Upregulated
17308,21.5216800540452,Upregulated
17309,29.6141604137686,Upregulated
17310,21.5216800540452,Upregulated
17311,21.5216800540452,Upregulated
17312,29.6141604137686,Upregulated
17313,91.4025659796279,Upregulated
17315,29.6141604137686,Upregulated
17316,91.4025659796279,Upregulated
17318,21.5216800540452,Upregulated
17319,91.4025659796279,Upregulated
17321,41.8480679335311,Upregulated
17324,13.1993767252817,Upregulated
17325,16.3035012570293,Upregulated
17326,26.9802251758439,Upregulated
17330,2.91349193108212,Upregulated
17331,4.00900938935152,Upregulated
17333,2.87255766944504,Upregulated
17334,3.95268322022832,Upregulated
17335,12.1997511928622,Upregulated
17338,0.15598925431534,Downregulated
17339,3.98694973560865,Upregulated
17340,3.98694973560865,Upregulated
17341,12.3055130104921,Upregulated
17342,2.89746038389916,Upregulated
17343,3.96651359915861,Upregulated
17344,2.88260870537532,Upregulated
17345,3.96651359915861,Upregulated
17346,2.88260870537532,Upregulated
17347,33.7419516970874,Upregulated
17348,104.14277910241,Upregulated
17349,24.521495077947,Upregulated
17350,33.7419516970874,Upregulated
17351,104.14277910241,Upregulated
17352,104.14277910241,Upregulated
17353,104.14277910241,Upregulated
17355,76.7620481945155,Upregulated
17358,302.916267834533,Upregulated
17360,12.4175123620347,Upregulated
17362,12.4175123620347,Upregulated
17364,69.7106330732206,Upregulated
17365,3.70018843545784,Upregulated
17366,3.78096190737746,Upregulated
17367,6.05375887776648,Upregulated
17368,20.5199129628205,Upregulated
17369,20.5199129628205,Upregulated
17370,20.5199129628205,Upregulated
17371,20.5199129628205,Upregulated
17372,20.5259441590009,Upregulated
17373,20.5259447532098,Upregulated
17374,20.5259447982479,Upregulated
17375,12.1768397366253,Upregulated
17381,244.196608378302,Upregulated
17383,13.2401949848981,Upregulated
17384,10.1985190427562,Upregulated
17395,94.6533830975421,Upregulated
17396,94.6533830975421,Upregulated
17397,94.6533830975421,Upregulated
17398,30.1502615685945,Upregulated
17405,45.2495878744003,Upregulated
17406,111.866149495014,Upregulated
17407,45.2495878686812,Upregulated
17408,45.2495878744003,Upregulated
17409,46.2373634522165,Upregulated
17410,46.2373634522165,Upregulated
17411,181.819618985774,Upregulated
17412,108.051914828239,Upregulated
17413,108.051914828751,Upregulated
17420,65.1551896095083,Upregulated
17427,32.2807634059502,Upregulated
17430,19.183424829418,Upregulated
17431,14.5421931865639,Upregulated
17433,10.826138016885,Upregulated
17435,237.58987155973,Upregulated
17437,23.8508490299529,Upregulated
17439,2.71988625243146,Upregulated
17442,31.5280161749981,Upregulated
17444,26.7993763768638,Upregulated
17446,9.17891896505358,Upregulated
17448,5.55610981019475,Upregulated
17449,10.1217677878875,Upregulated
17451,51.4132863703273,Upregulated
17452,51.4132863703273,Upregulated
17453,10.1217710890792,Upregulated
17461,2.88967257717398,Upregulated
17463,40.017344213493,Upregulated
17466,2.88967257717398,Upregulated
17467,9.92552971652314,Upregulated
17468,86.5061170517225,Upregulated
17470,0.293040267790465,Downregulated
17472,3.24536628762821,Upregulated
17475,12.2675508730059,Upregulated
17476,22.8128489832225,Upregulated
17478,0.293040159292943,Downregulated
17479,2.84895809828873,Upregulated
17480,7.42847322594329,Upregulated
17481,88.4708448388168,Upregulated
17482,4.06618582270702,Upregulated
17483,68.347243784068,Upregulated
17485,8.64607009335824,Upregulated
17487,5.45445235179278,Upregulated
17488,0.326614338959904,Downregulated
17489,7.53216408373609,Upregulated
17490,10.0835717900269,Upregulated
17494,183.403742448474,Upregulated
17495,523.4310868043,Upregulated
17497,15.2485533585754,Upregulated
17498,9.92893260545944,Upregulated
17501,3.2442553513358,Upregulated
17502,6.49073387013537,Upregulated
17504,9.92553103662189,Upregulated
17505,4.63140604019232,Upregulated
17506,4.68493998698804,Upregulated
17510,6.40571653485758,Upregulated
17512,9.9289315315465,Upregulated
17513,9.92553063923534,Upregulated
17515,186.026563668853,Upregulated
17524,0.453614759759486,Downregulated
17525,4.84502790782727,Upregulated
17526,2.52725185414879,Upregulated
17527,2.5272514989711,Upregulated
17528,2.52638601496466,Upregulated
17529,0.436807251576017,Downregulated
17530,2.52725288293991,Upregulated
17531,2.52725078984077,Upregulated
17532,2.52638729101444,Upregulated
17533,2.80119233195587,Upregulated
17541,9.41915982603365,Upregulated
17543,13.2189830134343,Upregulated
17544,5.78307903096096,Upregulated
17545,17.1318660838544,Upregulated
17547,9.14654871772484,Upregulated
17548,0.323497766029189,Downregulated
17549,6.91633480287452,Upregulated
17550,26.2383709676918,Upregulated
17551,8.97586114058449,Upregulated
17555,13.7808276397089,Upregulated
17556,9.33532307595083,Upregulated
17558,2.92039397586929,Upregulated
17559,362.47864857334,Upregulated
17560,2.28625950281579,Upregulated
17561,7.3165985927741,Upregulated
17562,297.433412302008,Upregulated
17566,12.3268468555263,Upregulated
17573,1366.09283722148,Upregulated
17582,401.438324042017,Upregulated
17589,8.47719327026699,Upregulated
17593,87.737240794251,Upregulated
17595,13.0722400707256,Upregulated
17602,137.515066493837,Upregulated
17603,224.472226376222,Upregulated
17604,237.850138619429,Upregulated
17605,169.375613243228,Upregulated
17606,45.0805185275454,Upregulated
17607,8.30408996176685,Upregulated
17608,15056.2160881055,Upregulated
17610,136.999386080373,Upregulated
17613,35.8927840680097,Upregulated
17614,23.7912008197435,Upregulated
17615,15.8607995305317,Upregulated
17620,54.5038334286851,Upregulated
17623,567.253976177767,Upregulated
17631,4.55199815623167,Upregulated
17637,241.15154502965,Upregulated
17638,0.327552176009291,Downregulated
17639,2032.94784615822,Upregulated
17640,16.8168897697815,Upregulated
17641,0.203208153174369,Downregulated
17642,15.0975401046691,Upregulated
17643,0.408869704083944,Downregulated
17644,0.345209713576467,Downregulated
17647,1581.34478862884,Upregulated
17648,14.1300444453695,Upregulated
17649,36.2412324077303,Upregulated
17657,7.27176971682559,Upregulated
17659,259.127924238711,Upregulated
17671,33.0398141601159,Upregulated
17673,36.3936067404613,Upregulated
17674,32.7213472661002,Upregulated
17677,36.3936058039343,Upregulated
17679,4.34362479003196,Upregulated
17680,36.3936053402393,Upregulated
17683,22.7448410535811,Upregulated
17684,82.47367301034,Upregulated
17703,0.5,Downregulated
17704,9.91190620303209,Upregulated
17706,0.0328260594846548,Downregulated
17714,16.6498867679505,Upregulated
17716,39.4874046361167,Upregulated
17718,4.93930949129024,Upregulated
17720,66.7207601875618,Upregulated
17721,515.423559953671,Upregulated
17737,52.4947218800142,Upregulated
17739,249.745770405561,Upregulated
17740,55.5883061439396,Upregulated
17742,0.358825977153025,Downregulated
17744,37.4696138529616,Upregulated
17745,0.299893261231556,Downregulated
17747,42.3485863972279,Upregulated
17749,21.2559425140779,Upregulated
17750,1195.72537941861,Upregulated
17751,1008.0043316341,Upregulated
17753,3.08733374818151,Upregulated
17754,229.708467130932,Upregulated
17755,3.13799765063047,Upregulated
17756,59.1176748417349,Upregulated
17757,0.383861685688832,Downregulated
17758,117.161972599525,Upregulated
17759,367.662667578687,Upregulated
17760,36.555747694791,Upregulated
17763,2.49128600486277,Upregulated
17764,17.175801819828,Upregulated
17767,11740.8136398429,Upregulated
17800,565.860640201014,Upregulated
17801,52.4767320443953,Upregulated
17802,0.327329261203016,Downregulated
17803,187.063006425338,Upregulated
17804,41.7697561449313,Upregulated
17805,58.6769987260528,Upregulated
17806,22.3416839173339,Upregulated
17808,430.834536066237,Upregulated
17811,15.0221402723632,Upregulated
17812,15.0221383478804,Upregulated
17813,5.8077052120508,Upregulated
17814,17.2342032365341,Upregulated
17816,155.458658017381,Upregulated
17819,103.204742205525,Upregulated
17820,47.8140774913219,Upregulated
17821,147.95423358011,Upregulated
17823,361.079062962154,Upregulated
17831,2.38119660232541,Upregulated
17832,2.33673490815345,Upregulated
17838,14.9340887560363,Upregulated
17839,2.31309336445602,Upregulated
17842,718.316941485765,Upregulated
17843,0.0638513026655246,Downregulated
17844,9.95041376566133,Upregulated
17845,1432.67711348638,Upregulated
17848,257.318776924959,Upregulated
17850,0.0308616774574933,Downregulated
17853,169.182581560082,Upregulated
17854,67.2949704813962,Upregulated
17856,20.9567227575063,Upregulated
17857,0.0325196972646262,Downregulated
17863,7.41378572660829,Upregulated
17864,14.3806250796846,Upregulated
17865,58.7133312702561,Upregulated
17868,225.454786837338,Upregulated
17869,460.813635592807,Upregulated
17870,9.29826379317604,Upregulated
17876,10.3289738375998,Upregulated
17877,11.0441036056983,Upregulated
17878,13.3525904637099,Upregulated
17879,0.360543162518022,Downregulated
17880,8.80942012726303,Upregulated
17884,17.0013957972724,Upregulated
17885,29.5249772849331,Upregulated
17887,0.206034127360688,Downregulated
17888,19.1243843484679,Upregulated
17890,20.3259056235838,Upregulated
17892,8.58252840743672,Upregulated
17893,16.8394226572068,Upregulated
17894,122.467863857609,Upregulated
17896,143.916165979214,Upregulated
17899,71.5310827431664,Upregulated
17900,72.2257554639019,Upregulated
17901,60.3011715672098,Upregulated
17904,0.291775555287146,Downregulated
17905,89.4612057997046,Upregulated
17906,36.2829001675163,Upregulated
17907,5.40346115687865,Upregulated
17910,144.409321808806,Upregulated
17911,3.96474508386919,Upregulated
17914,45.6389022323311,Upregulated
17916,3.88232839065707,Upregulated
17918,0.275117637638665,Downregulated
17919,4.90445711873638,Upregulated
17925,79.2237473981177,Upregulated
17927,42.0562492497345,Upregulated
17932,5.28919668283523,Upregulated
17933,2.0451814881095,Upregulated
17935,6.83167583775714,Upregulated
17950,7.21124424159776,Upregulated
17964,35.4590564260328,Upregulated
17967,4.56606925588616,Upregulated
17968,475.940996307761,Upregulated
17970,21.3641289029127,Upregulated
17973,342.050617846646,Upregulated
17975,6.82704152390009,Upregulated
17976,5.70032881371098,Upregulated
17978,4.52046690982523,Upregulated
17981,2.70303901697249,Upregulated
17985,22.9794909235212,Upregulated
17986,22.6555085757014,Upregulated
17991,3.15467014711323,Upregulated
17993,4.89469524694163,Upregulated
17994,8.76586535854107,Upregulated
17995,8.64728776678049,Upregulated
17997,42.5779896474028,Upregulated
17998,5.34581224751367,Upregulated
17999,5.69133504541148,Upregulated
18000,153.062268087622,Upregulated
18005,0.297923694246654,Downregulated
18006,150.570765350843,Upregulated
18009,6.33701622941713,Upregulated
18011,13.6707774543573,Upregulated
18012,13.783835678152,Upregulated
18013,0.123053274849514,Downregulated
18020,0.0471449243796897,Downregulated
18023,163.865715966462,Upregulated
18026,0.311772420003687,Downregulated
18028,38.628339594058,Upregulated
18029,0.058847678727534,Downregulated
18030,0.253390916053823,Downregulated
18031,0.100105365689954,Downregulated
18033,20.6154028869191,Upregulated
18039,11.5015248777394,Upregulated
18040,11.8225036080559,Upregulated
18042,0.255468443891005,Downregulated
18044,4.80388905629624,Upregulated
18046,16.1659290447652,Upregulated
18047,46.0510564584863,Upregulated
18048,0.203545204646333,Downregulated
18049,22.0238286430347,Upregulated
18054,0.0290010027553344,Downregulated
18055,128.742058541736,Upregulated
18056,131.379390335645,Upregulated
18057,21.9699072787622,Upregulated
18059,0.207382592519818,Downregulated
18060,2.41044849641392,Upregulated
18061,24.101856487142,Upregulated
18062,24.4390534751542,Upregulated
18063,0.0198870593242853,Downregulated
18064,16.2406220695062,Upregulated
18065,16.165920066734,Upregulated
18066,2.55098171110078,Upregulated
18068,27.4971981745546,Upregulated
18069,27.6371669102884,Upregulated
18072,0.0290655649818167,Downregulated
18074,0.177521415432214,Downregulated
18075,8.43711677055687,Upregulated
18076,25.0547708185393,Upregulated
18078,0.199992145956532,Downregulated
18080,196.710641097018,Upregulated
18085,3.18220569993579,Upregulated
18087,20.0529032314939,Upregulated
18088,32.7876827630731,Upregulated
18089,25.9230306127183,Upregulated
18091,25.9982906070569,Upregulated
18092,7.0886310904336,Upregulated
18094,27.3729803109538,Upregulated
18095,25.6317274360081,Upregulated
18099,46.2693969977348,Upregulated
18101,17.1353727578596,Upregulated
18103,5.61056382516702,Upregulated
18104,26.3891741684043,Upregulated
18105,279.342733950127,Upregulated
18107,92.8145013064077,Upregulated
18108,13.228868345536,Upregulated
18110,46.7612488761414,Upregulated
18111,72.2257561204186,Upregulated
18112,60.3011696829043,Upregulated
18115,2.77613091204761,Upregulated
18116,89.4612088747605,Upregulated
18117,23.726961286505,Upregulated
18118,3.53355749100719,Upregulated
18121,144.409332018422,Upregulated
18122,24.6687080731645,Upregulated
18124,5.07984518419248,Upregulated
18125,29.8350258895324,Upregulated
18126,9.031583583468,Upregulated
18127,9.9557892406906,Upregulated
18128,139.212866637345,Upregulated
18130,46.6640067495861,Upregulated
18131,0.35467201982722,Downregulated
18132,8.82333616281033,Upregulated
18136,79.223745788976,Upregulated
18138,27.5024004674662,Upregulated
18143,3.45883459448416,Upregulated
18144,2.04518137029169,Upregulated
18145,4.7882803727571,Upregulated
18146,4.46599925146378,Upregulated
18161,4.71574405554544,Upregulated
18175,35.459056799994,Upregulated
18178,2.98595034554038,Upregulated
18179,482.747052061902,Upregulated
18181,168.338092203098,Upregulated
18184,2093.40141158498,Upregulated
18185,41.7697996191282,Upregulated
18186,2.40120237128446,Upregulated
18187,3.99032403384191,Upregulated
18188,2.02874782830685,Upregulated
18189,5.4287848211352,Upregulated
18192,139.345334804234,Upregulated
18193,22.6555122507403,Upregulated
18194,15.0272905820996,Upregulated
18195,14.8917517628844,Upregulated
18196,22.9794984544124,Upregulated
18197,22.9794980042241,Upregulated
18199,2.79927364300614,Upregulated
18200,2.44703062592112,Upregulated
18202,3.88391586208277,Upregulated
18203,3.20085238362489,Upregulated
18204,4.8946950324613,Upregulated
18205,39.7402371710215,Upregulated
18206,26.3442180763983,Upregulated
18208,37.5684503341818,Upregulated
18209,70.7966125136745,Upregulated
18210,247.188972890955,Upregulated
18211,32.9883468584729,Upregulated
18212,303.641102867771,Upregulated
18214,13.2980420301846,Upregulated
18216,2.24682086766391,Upregulated
18217,2.4112735134416,Upregulated
18218,4.06135265431112,Upregulated
18220,19.2770208974689,Upregulated
18221,4.34591522521169,Upregulated
18222,27.2032779795142,Upregulated
18223,27.041539452122,Upregulated
18224,0.459744833216144,Downregulated
18226,0.152509238362125,Downregulated
18229,2.21692087619779,Upregulated
18231,0.0471610830976304,Downregulated
18234,56.1932898676988,Upregulated
18235,6.12956519836414,Upregulated
18236,0.340943567419353,Downregulated
18238,5.29850552800845,Upregulated
18239,23.3584627416656,Upregulated
18240,0.181600395829172,Downregulated
18241,0.224019752935204,Downregulated
18242,746.105094481514,Upregulated
18244,0.415779964414372,Downregulated
18246,0.0477553987497181,Downregulated
18248,2.62966219474654,Upregulated
18250,17.5939783802995,Upregulated
18254,14.2458639450081,Upregulated
18257,18.0774160918993,Upregulated
18258,6.30696570746498,Upregulated
18259,0.173397926541559,Downregulated
18260,14.3930027021282,Upregulated
18262,2.25029517949798,Upregulated
18267,194.609640562167,Upregulated
18268,9.36116797940036,Upregulated
18270,0.173397953845756,Downregulated
18272,8.03395190273452,Upregulated
18273,12.0472417402872,Upregulated
18274,0.0289822066936616,Downregulated
18275,23.7443190150191,Upregulated
18278,7153.55845010579,Upregulated
18279,23.4245664954,Upregulated
18280,11.5506816274617,Upregulated
18305,18.0752512201273,Upregulated
18308,24.6012674256384,Upregulated
18409,0.413202131934809,Downregulated
18426,0.0151714250994283,Downregulated
18427,0.0150796862178265,Downregulated
18485,25.0218254369636,Upregulated
18507,0.310124729389715,Downregulated
18511,6.94051434101652,Upregulated
18512,16.1634790491094,Upregulated
18514,18.4728659772125,Upregulated
18552,0.0635579673420782,Downregulated
18553,4.05970132325371,Upregulated
18554,4.05970239052352,Upregulated
18555,4.05970242076664,Upregulated
18566,6.6722191806963,Upregulated
18592,9.08326324723115,Upregulated
18594,51.8321112916838,Upregulated
18595,40.2363376057637,Upregulated
18596,42.8698538243899,Upregulated
18607,2.95918847267155,Upregulated
18610,17.3988275892962,Upregulated
