Reaction,FSR,RegulationStatus
1,0.764182468820138,Unchanged
2,0.395082415151029,Downregulated
3,0,Unchanged
4,0.0369198756115464,Downregulated
5,0,Unchanged
6,198.814465368016,Upregulated
7,0,Unchanged
8,1.37825116031412,Unchanged
9,0.98779912808674,Unchanged
10,0,Unchanged
11,0.581573166276921,Unchanged
12,0.0415424850953255,Downregulated
13,80315898.8710786,Unchanged
14,0.468912293556556,Downregulated
15,0,Unchanged
16,0,Unchanged
17,0,Unchanged
18,0.0338205201600613,Downregulated
19,0.2543282124867,Downregulated
20,0,Unchanged
21,1.46570055784308,Unchanged
22,0.256579515746187,Downregulated
23,0.708285736578363,Unchanged
24,4.6276210427521,Upregulated
25,1.50593959041047,Unchanged
26,0.567241890473107,Unchanged
27,3.34487032617403e-07,Unchanged
28,1.3880987692507,Unchanged
29,0,Unchanged
30,0.138270150158632,Downregulated
31,0,Unchanged
32,1.46930595854937,Unchanged
33,0.371585828319094,Downregulated
34,0.636307257090729,Unchanged
35,0,Unchanged
36,1.43073549844125,Unchanged
37,2.40155489700983,Upregulated
38,15.9538996681213,Upregulated
39,15.3801242076661,Upregulated
40,0.534101824885108,Unchanged
41,0.0407633105835058,Downregulated
42,0.45094942370146,Downregulated
43,0,Unchanged
44,0.109569555751675,Downregulated
45,0.0303918416843908,Downregulated
46,0,Unchanged
47,0,Unchanged
48,0,Unchanged
49,2.27573002009554,Upregulated
50,0.606892317520865,Unchanged
51,0,Unchanged
52,14.1857956559998,Upregulated
53,0,Unchanged
54,0,Unchanged
55,2.90230424161124,Upregulated
56,0.337009896927539,Downregulated
57,0,Unchanged
58,0,Unchanged
59,0,Unchanged
60,1.09813146047606,Unchanged
61,1.57593470781548,Unchanged
62,98130401.5139421,Unchanged
63,0,Unchanged
64,2.20176856746347,Upregulated
65,2.20756905044836,Upregulated
66,4.22198999286624,Upregulated
67,8.00147079611852,Upregulated
68,0,Unchanged
69,7.63219402337168,Upregulated
70,0,Unchanged
71,0.4576431491911,Downregulated
72,0,Unchanged
73,4.07778698092334e-07,Unchanged
74,0.0558108729542324,Downregulated
75,0,Unchanged
76,1.56771127309265,Unchanged
77,0,Unchanged
78,1.60295572827511,Unchanged
79,0,Unchanged
80,0,Unchanged
81,80618.0910175357,Unchanged
82,0.0566350319201924,Downregulated
83,2091335.02044193,Unchanged
84,0,Unchanged
85,0.500004568472907,Unchanged
86,0,Unchanged
87,0,Unchanged
88,0.166854092745046,Downregulated
89,0,Unchanged
90,0,Unchanged
91,3.35492884109565e-05,Unchanged
92,7.08292727720744,Upregulated
93,15165997.9749049,Unchanged
94,6309214.32957124,Unchanged
95,6318911.47166109,Unchanged
96,0,Unchanged
97,5.19166172690562,Upregulated
98,461616398.531387,Unchanged
99,1036825.29685837,Unchanged
100,101.199636586265,Upregulated
101,23.6746372279076,Upregulated
102,22.1561771490536,Upregulated
103,22.1561835652331,Upregulated
104,6425496.68082141,Unchanged
105,0.810314130222409,Unchanged
106,0,Unchanged
107,0,Unchanged
108,8.82321817487407e-09,Unchanged
109,8.82321817487407e-09,Unchanged
110,8.82321817487407e-09,Unchanged
111,9.63565908635316e-09,Unchanged
112,9.63565908635316e-09,Unchanged
113,9.63565908635316e-09,Unchanged
114,0.00739098747052865,Unchanged
115,9.21582389992182e-07,Unchanged
116,0,Unchanged
117,1.73390590707641e-05,Unchanged
118,0,Unchanged
119,0,Unchanged
120,0,Unchanged
121,0,Unchanged
122,3389877.98595354,Unchanged
123,4170369.04861359,Unchanged
124,440267.041041934,Unchanged
125,194.274310770844,Upregulated
126,2566082.63489534,Unchanged
127,28062416.1799592,Unchanged
128,0,Unchanged
129,0,Unchanged
130,54085.1204739533,Unchanged
131,3.71017371548987e-07,Unchanged
132,2.47925964166518,Upregulated
133,5.08166217006831,Upregulated
134,0,Unchanged
135,9.35614188982654,Upregulated
136,2.04839958583246,Upregulated
137,0,Unchanged
138,0,Unchanged
139,0,Unchanged
140,0,Unchanged
141,2.96081229399911,Upregulated
142,0.837484036664526,Unchanged
143,0,Unchanged
144,0,Unchanged
145,1.8584263499854,Unchanged
146,0.563560480253905,Unchanged
147,0.381334287681977,Downregulated
148,9.08912871686736,Upregulated
149,0,Unchanged
150,3.47185538544181e-07,Unchanged
151,3.47528616316595e-07,Unchanged
152,0,Unchanged
153,2.43305497133406e-06,Unchanged
154,1.6637568379565e-06,Unchanged
155,1.81966714194459e-07,Unchanged
156,0,Unchanged
157,1.80255957663405,Unchanged
158,1.09062336792467e-07,Unchanged
159,0,Unchanged
160,0,Unchanged
161,0,Unchanged
162,281.762365495695,Upregulated
163,0,Unchanged
164,1.34774155797416e-07,Unchanged
165,98484180.4461012,Unchanged
166,79000549.6318713,Unchanged
167,49242090.2230506,Unchanged
168,54085.1204739533,Unchanged
169,8441172.73831293,Unchanged
170,8443561.13424234,Unchanged
171,14112784.1189923,Unchanged
172,474006.079499696,Unchanged
173,30143998.5264004,Unchanged
174,0,Unchanged
175,0,Unchanged
176,22396655.7388074,Unchanged
177,0,Unchanged
178,0,Unchanged
179,0,Unchanged
180,0,Unchanged
181,0,Unchanged
182,0,Unchanged
183,0,Unchanged
184,0,Unchanged
185,0,Unchanged
186,0,Unchanged
187,0.168457545831012,Downregulated
188,0,Unchanged
189,2.30608577987217,Upregulated
190,2.30608777292692,Upregulated
191,2160.87400605376,Upregulated
192,3.99022320717448,Upregulated
193,0,Unchanged
194,1.21792272988934e-06,Unchanged
195,0.0139276588150464,Downregulated
196,12.5210670027903,Upregulated
197,8.46475449856761,Upregulated
198,4.19328353927995e-07,Unchanged
199,3758235.47372234,Unchanged
200,0,Unchanged
201,3489900.01345862,Unchanged
202,1.2183453749632e-05,Unchanged
203,8.83203581398865e-07,Unchanged
204,28153006.1783441,Unchanged
205,0.000125882415039865,Unchanged
206,2.932617208965,Upregulated
207,6.18028787096136e-06,Unchanged
208,98225412.8307875,Unchanged
209,3.26391807300171e-05,Unchanged
210,0,Unchanged
211,0,Unchanged
212,0,Unchanged
213,28225567.6945506,Unchanged
214,0,Unchanged
215,0,Unchanged
216,602.680167769398,Upregulated
217,8.73621799873261e-05,Unchanged
218,5645665.92659643,Unchanged
219,0.0837719466621024,Downregulated
220,0.19465874920312,Downregulated
221,0.192093840066951,Downregulated
222,0.405357275277258,Downregulated
223,0.0773932853708875,Downregulated
224,0,Unchanged
225,67436.9186078535,Unchanged
226,122.732597604029,Upregulated
227,0,Unchanged
228,0,Unchanged
229,16.1853225186923,Upregulated
230,230808199.265693,Unchanged
231,2532.3847713422,Upregulated
232,303.707021189004,Upregulated
233,0,Unchanged
234,41.795459194033,Upregulated
235,0,Unchanged
236,25.3718901004432,Upregulated
237,45.7210143280428,Upregulated
238,50.0776308275148,Upregulated
239,31833.6420813888,Unchanged
240,5.05018563217163e-08,Unchanged
241,0,Unchanged
242,1.07281143868931e-07,Unchanged
243,0,Unchanged
244,1920.95246666121,Upregulated
245,357724.599488702,Unchanged
246,0.998897038907468,Unchanged
247,25.4152430527539,Upregulated
248,294870937.175803,Unchanged
249,165306480.013294,Unchanged
250,27.5700510561593,Upregulated
251,147183921.167903,Unchanged
252,27.7142701925526,Upregulated
253,27.8340518741681,Upregulated
254,27.8340533696189,Upregulated
255,401040478.649151,Unchanged
256,174.557472514734,Upregulated
257,8.98874986887677e-08,Unchanged
258,2.83483069665635e-07,Unchanged
259,1.12992089513e-05,Unchanged
260,0.314257316643091,Downregulated
261,0,Unchanged
262,0.836340196482182,Unchanged
263,4496882.31034411,Unchanged
264,9.14982116226364e-09,Unchanged
265,3.35934590843035e-08,Unchanged
266,0.0343871824702345,Downregulated
267,0,Unchanged
268,0.13598597467537,Downregulated
269,0.0331597315372033,Downregulated
270,0,Unchanged
271,0,Unchanged
272,0,Unchanged
273,0,Unchanged
274,0,Unchanged
275,0,Unchanged
276,0,Unchanged
277,0.474631695287325,Downregulated
278,0,Unchanged
279,0,Unchanged
280,0.0492779905603081,Downregulated
281,0,Unchanged
282,0,Unchanged
283,0,Unchanged
284,0,Unchanged
285,0,Unchanged
286,0,Unchanged
287,0.999032911084917,Unchanged
288,4.55921450497954e-06,Unchanged
289,0,Unchanged
290,0.999032911683191,Unchanged
291,0,Unchanged
292,0,Unchanged
293,0,Unchanged
294,0,Unchanged
295,0.0380440979637833,Downregulated
296,0.0666834554446182,Downregulated
297,0,Unchanged
298,0.00526090865948165,Unchanged
299,231.00366727138,Upregulated
300,0,Unchanged
301,0,Unchanged
302,228277.590851853,Unchanged
303,0,Unchanged
304,14704268.4181851,Unchanged
305,6.71854477204246,Upregulated
306,0,Unchanged
307,7.80015154785784,Upregulated
308,6358150.12283703,Unchanged
309,1015903.27604504,Unchanged
310,1.11318738924228,Unchanged
311,7004742.00410837,Unchanged
312,70.4280450616813,Upregulated
313,13972671.6582612,Unchanged
314,0.175123586102893,Downregulated
315,82.9921026282434,Upregulated
316,8135968.92463645,Unchanged
317,7516471.15057216,Unchanged
318,108170.240947241,Unchanged
319,27625029.9439407,Unchanged
320,27625029.9439407,Unchanged
321,27625029.9439407,Unchanged
322,60752372620.3362,Unchanged
323,941315.824960534,Unchanged
324,186460.676333034,Unchanged
325,1913756.93588145,Unchanged
326,0,Unchanged
327,15418489.2133795,Unchanged
328,14220836.6318521,Unchanged
329,1.01218255204875,Unchanged
330,0,Unchanged
331,2,Upregulated
332,0,Unchanged
333,6310907.0450526,Unchanged
334,0,Unchanged
335,109705516.388379,Unchanged
336,255516.031060067,Unchanged
337,16887122.2684847,Unchanged
338,16887122.2684847,Unchanged
339,0,Unchanged
340,109705516.388379,Unchanged
341,0,Unchanged
342,0,Unchanged
343,0.295576121148403,Downregulated
344,3.42726899158224,Upregulated
345,0,Unchanged
346,0,Unchanged
347,136.149431844266,Upregulated
348,0,Unchanged
349,27976836.4394664,Unchanged
350,85172.0107850554,Unchanged
351,0.352601481784051,Downregulated
352,2271.21578420859,Upregulated
353,0,Unchanged
354,8023549.88439434,Unchanged
355,0,Unchanged
356,0.00204056401819642,Unchanged
357,0,Unchanged
358,0,Unchanged
359,3.0909756153558,Upregulated
360,3.36327082039042,Upregulated
361,5.76050144046738,Upregulated
362,0,Unchanged
363,6.13701773206595,Upregulated
364,0,Unchanged
365,0,Unchanged
366,1.48987517885134e-07,Unchanged
367,0,Unchanged
368,0,Unchanged
369,3.20907228638451e-07,Unchanged
370,4.83129648492678e-07,Unchanged
371,0,Unchanged
372,0,Unchanged
373,0.646510247839732,Unchanged
374,0.550072309828451,Unchanged
375,0.000121085326717579,Unchanged
376,14.4321924783504,Upregulated
377,2.19392803743743,Upregulated
378,0.221641843767157,Downregulated
379,3551114.12875886,Unchanged
380,0.065848773194102,Downregulated
381,0.0772329204704281,Downregulated
382,7113.77144543532,Upregulated
383,7113.77156979119,Upregulated
384,0.0343159234939022,Downregulated
385,0,Unchanged
386,0.22366095034887,Downregulated
387,6.12573946112967,Upregulated
388,7317759.12511309,Unchanged
389,0.546203906122785,Unchanged
390,0.641963553837762,Unchanged
391,7317759.50343168,Unchanged
392,158.281019362144,Upregulated
393,158.43319622084,Upregulated
394,7516471.06305873,Unchanged
395,0.620931502319964,Unchanged
396,7516471.24491003,Unchanged
397,0.00337438747992369,Unchanged
398,0,Unchanged
399,0.00225599309837278,Unchanged
400,0,Unchanged
401,25.226116257976,Upregulated
402,0.0394099643691739,Downregulated
403,1744350.95207342,Unchanged
404,0.72124513392144,Unchanged
405,0.00375968997232152,Unchanged
406,0.00252941679340941,Unchanged
407,1.48083942873628,Unchanged
408,1.99295524718642,Unchanged
409,0,Unchanged
410,0,Unchanged
411,0,Unchanged
412,0,Unchanged
413,0.827021210467326,Unchanged
414,0.573256221448382,Unchanged
415,0.677893647786649,Unchanged
416,5072842.54402903,Unchanged
417,1.02455144074405,Unchanged
418,1.11612030615013,Unchanged
419,0.941359607959966,Unchanged
420,0.0454071756785295,Downregulated
421,0.740002387351424,Unchanged
422,0.0407964700120174,Downregulated
423,0,Unchanged
424,0.000211553586046973,Unchanged
425,0.00188325151538013,Unchanged
426,0.00190017193828364,Unchanged
427,9953736.35779076,Unchanged
428,0.921626676879577,Unchanged
429,0.410112357734087,Downregulated
430,8.85481453816014e-05,Unchanged
431,0.0649537230032533,Downregulated
432,0,Unchanged
433,6.87325190455962,Upregulated
434,134.041085132445,Upregulated
435,3.43449179143926,Upregulated
436,0.544088677615566,Unchanged
437,0.508174710564692,Unchanged
438,8872611.33504817,Unchanged
439,3.70690912682742,Upregulated
440,7296143.97521417,Unchanged
441,0.234090512383792,Downregulated
442,0,Unchanged
443,0.5,Downregulated
444,1.52851885373928,Unchanged
445,45088957.5954511,Unchanged
446,4257170.46946161,Unchanged
447,0,Unchanged
448,0.0378408717555139,Downregulated
449,0.133423545167262,Downregulated
450,3.05403429138096e-07,Unchanged
451,0,Unchanged
452,0,Unchanged
453,0,Unchanged
454,10.3622267590113,Upregulated
455,2.0389892751832,Upregulated
456,12.896300979079,Upregulated
457,2.04322351847665,Upregulated
458,12.9326674281872,Upregulated
459,2.19552936016632,Upregulated
460,11.9789997612138,Upregulated
461,1.39913979238956,Unchanged
462,11.9790000573358,Upregulated
463,2.18422389759345,Upregulated
464,2.39722056465476,Upregulated
465,12.7841223102352,Upregulated
466,2.40219828019338,Upregulated
467,11.8665397362367,Upregulated
468,2.39722046298977,Upregulated
469,2.03898962112465,Upregulated
470,0.0362172258183962,Downregulated
471,0,Unchanged
472,0.299708685697325,Downregulated
473,0.157539220532164,Downregulated
474,13.9882854096581,Upregulated
475,0,Unchanged
476,1.17626233613873,Unchanged
477,0,Unchanged
478,49242090.2230506,Unchanged
479,35.0428760443703,Upregulated
480,34.1189361467915,Upregulated
481,24.185384970384,Upregulated
482,39.398416069851,Upregulated
483,46.4227553737107,Upregulated
484,425941973.264802,Unchanged
485,294.038163184931,Upregulated
486,57.3924214497997,Upregulated
487,1.19468299098363e-06,Unchanged
488,4.09891142605873,Upregulated
489,0,Unchanged
490,0,Unchanged
491,42.6556540410054,Upregulated
492,0,Unchanged
493,3701917.2840111,Unchanged
494,17.844673868295,Upregulated
495,411.519675194185,Upregulated
496,228.38958057138,Upregulated
497,282.561108287939,Upregulated
498,676.45093134002,Upregulated
499,26.8547058210796,Upregulated
500,156.262503914265,Upregulated
501,0,Unchanged
502,7.25093351059809,Upregulated
503,836.148357230283,Upregulated
504,27.7616456481395,Upregulated
505,38.7165174473529,Upregulated
506,15.3079701125794,Upregulated
507,33.1297291317252,Upregulated
508,33.3678391590209,Upregulated
509,1.60842525929183e-07,Unchanged
510,123.251462169625,Upregulated
511,0,Unchanged
512,15.3701225718005,Upregulated
513,16.3894685650588,Upregulated
514,1.15269314091171,Unchanged
515,0.148958143634918,Downregulated
516,2.70168605075262e-07,Unchanged
517,5.48529710797657,Upregulated
518,0,Unchanged
519,4260.25229154288,Upregulated
520,1.59381919522259,Unchanged
521,0.707755347761119,Unchanged
522,0.541763610329429,Unchanged
523,0.64461308751501,Unchanged
524,23.0171105768492,Upregulated
525,0.652164001311371,Unchanged
526,3.05497104215531,Upregulated
527,0.487124408587234,Downregulated
528,12.2972560788069,Upregulated
529,0,Unchanged
530,22.7145304758337,Upregulated
531,252598662.739872,Unchanged
532,294367842.335806,Unchanged
533,365392349.629636,Unchanged
534,73.6107341449296,Upregulated
535,2.58770235405891,Upregulated
536,70.2159853190505,Upregulated
537,3.08023198633571,Upregulated
538,34.3541592903159,Upregulated
539,1337.47507024559,Upregulated
540,770.028013541151,Upregulated
541,407327254.274003,Unchanged
542,567990799.417285,Unchanged
543,19.0305052892348,Upregulated
544,8.37070160632472,Upregulated
545,8.45419258198369,Upregulated
546,26.370181106158,Upregulated
547,23.3568154709856,Upregulated
548,26.370181106158,Upregulated
549,23.4053130192036,Upregulated
550,24.2912809126614,Upregulated
551,23.4053130192036,Upregulated
552,24.2912809126614,Upregulated
553,23.4053130192036,Upregulated
554,24.2912809126614,Upregulated
555,19.0305052978866,Upregulated
556,36.7743126765846,Upregulated
557,0,Unchanged
558,6.68681513333535,Upregulated
559,0,Unchanged
560,0.0124030536588876,Downregulated
561,4.11859649602775e-08,Unchanged
562,0.297598950372601,Downregulated
563,1.54763675325853e-06,Unchanged
564,4.67204320315012e-08,Unchanged
565,5.05018267631385e-08,Unchanged
566,0,Unchanged
567,0.0771591616741737,Downregulated
568,203531.486551553,Unchanged
569,4247078.66989259,Unchanged
570,56269501.7916183,Unchanged
571,0,Unchanged
572,0,Unchanged
573,0.0141880960663431,Downregulated
574,0.000283642085544199,Unchanged
575,0.0113367243160394,Downregulated
576,0,Unchanged
577,0,Unchanged
578,0.0190735513468299,Downregulated
579,0.434239840967686,Downregulated
580,0.000502538559377635,Unchanged
581,0.151027075765502,Downregulated
582,5.86558267343662e-06,Unchanged
583,55460.0360701296,Unchanged
584,50493889.5578524,Unchanged
585,1.17314362668638e-07,Unchanged
586,1.25038493584013,Unchanged
587,0.132882149165354,Downregulated
588,0,Unchanged
589,0.133100258781426,Downregulated
590,4.13117154784405e-08,Unchanged
591,0.000735628482810883,Unchanged
592,0.549597794696414,Unchanged
593,3.79070241484574e-08,Unchanged
594,1.41426712012073,Unchanged
595,2.65377208417351,Upregulated
596,0.168815230228817,Downregulated
597,0.00295358203320641,Unchanged
598,0,Unchanged
599,0,Unchanged
600,0.000711000386602538,Unchanged
601,0,Unchanged
602,0.0361179103808396,Downregulated
603,0,Unchanged
604,0,Unchanged
605,3.05165412348178e-07,Unchanged
606,0,Unchanged
607,0,Unchanged
608,0.0238979388989361,Downregulated
609,0,Unchanged
610,0,Unchanged
611,0.330567274381034,Downregulated
612,0.197511034007927,Downregulated
613,0.0793616630100808,Downregulated
614,0.0270258957134252,Downregulated
615,9.4128152909434e-08,Unchanged
616,0.171195028287718,Downregulated
617,0,Unchanged
618,0.0171271422386414,Downregulated
619,0.0544417159543522,Downregulated
620,0.00283807224080582,Unchanged
621,0,Unchanged
622,0.00187080511974284,Unchanged
623,1.78922245796638,Unchanged
624,0.201401484506365,Downregulated
625,0,Unchanged
626,0,Unchanged
627,0,Unchanged
628,0,Unchanged
629,0.27218116418931,Downregulated
630,4.01866192336905,Upregulated
631,69.5776675427919,Upregulated
632,0,Unchanged
633,2.01399806503997,Upregulated
634,5.75153314626546,Upregulated
635,5.75153113661218,Upregulated
636,4.55301356732247,Upregulated
637,4.11484598521279,Upregulated
638,55.0706391582832,Upregulated
639,0,Unchanged
640,0,Unchanged
641,0,Unchanged
642,0.0270226046022991,Downregulated
643,0.080954201142184,Downregulated
644,0,Unchanged
645,4.11484598521279,Upregulated
646,2.01399806503997,Upregulated
647,2.01399806503997,Upregulated
648,0.0324673237764007,Downregulated
649,4.44995544442565e-05,Unchanged
650,0.199275029653781,Downregulated
651,0.00659808954687501,Unchanged
652,1.25462076288068e-07,Unchanged
653,2.01399806503997,Upregulated
654,2.01399806503997,Upregulated
655,2.01399806503997,Upregulated
656,0.817345088972091,Unchanged
657,0,Unchanged
658,0,Unchanged
659,0.00659566649482144,Unchanged
660,0.000631689614114919,Unchanged
661,0,Unchanged
662,15862940.154749,Unchanged
663,0,Unchanged
664,1.74011820879298e-07,Unchanged
665,3.98589040382563e-07,Unchanged
666,40.4174216943778,Upregulated
667,9.96882942232856,Upregulated
668,0,Unchanged
669,230808199.265693,Unchanged
670,230808199.265693,Unchanged
671,0,Unchanged
672,35340986.527498,Unchanged
673,1979475.58270521,Unchanged
674,0,Unchanged
675,0.109691883646491,Downregulated
676,0.00864304045722785,Unchanged
677,2.41371773558115,Upregulated
678,8675630.47797521,Unchanged
679,17250965.0579641,Unchanged
680,0,Unchanged
681,5.41691897524288e-07,Unchanged
682,35.0352238779408,Upregulated
683,24.5894981638407,Upregulated
684,0,Unchanged
685,34.4944830417992,Upregulated
686,0.409564042894813,Downregulated
687,0,Unchanged
688,0.862761440734532,Unchanged
689,0,Unchanged
690,0,Unchanged
691,0,Unchanged
692,0,Unchanged
693,0,Unchanged
694,0,Unchanged
695,0,Unchanged
696,0,Unchanged
697,0.0665989540755185,Downregulated
698,20661635.4809471,Unchanged
699,0.71449074788332,Unchanged
700,68.7848745432637,Upregulated
701,0.276960981181777,Downregulated
702,67.3164446364027,Upregulated
703,0.321678401125043,Downregulated
704,0.356153832658098,Downregulated
705,0.930510686036152,Unchanged
706,2.19058059442204,Upregulated
707,61.7899685478268,Upregulated
708,0,Unchanged
709,0,Unchanged
710,0.0438257805611241,Downregulated
711,0,Unchanged
712,1.00224608529066,Unchanged
713,110.864437762328,Upregulated
714,0,Unchanged
715,0,Unchanged
716,389995.670086966,Unchanged
717,28153005.6151738,Unchanged
718,8389614.013039,Unchanged
719,0,Unchanged
720,5.39675442591022,Upregulated
721,0,Unchanged
722,0,Unchanged
723,0.309949230157399,Downregulated
724,4.09610007211422,Upregulated
725,2.94514653713027,Upregulated
726,1.38690458584279e-06,Unchanged
727,0,Unchanged
728,0,Unchanged
729,0,Unchanged
730,748.487649139391,Upregulated
731,0.128836603887525,Downregulated
732,28.7936744545136,Upregulated
733,28.8695346560628,Upregulated
734,1.94973167393867,Unchanged
735,461616398.531387,Unchanged
736,294870936.472187,Unchanged
737,12.3279023394685,Upregulated
738,66.5761073716251,Upregulated
739,0,Unchanged
740,54.607794326913,Upregulated
741,67.7834553818839,Upregulated
742,51.7912735158462,Upregulated
743,187.937431006475,Upregulated
744,0,Unchanged
745,1.50859584985028e-05,Unchanged
746,0,Unchanged
747,8.79837378465709e-06,Unchanged
748,0.00122789752918231,Unchanged
749,79.2241161277334,Upregulated
750,92.9426506620642,Upregulated
751,1.6295183200041,Unchanged
752,28151402.225512,Unchanged
753,11.3905932846793,Upregulated
754,5.82891158789685,Upregulated
755,0,Unchanged
756,0,Unchanged
757,0,Unchanged
758,0,Unchanged
759,0,Unchanged
760,0.0172555403561593,Downregulated
761,0.0682987964695993,Downregulated
762,0,Unchanged
763,0.0105129938934648,Downregulated
764,0,Unchanged
765,0,Unchanged
766,5.92864840571331,Upregulated
767,15.3590522484043,Upregulated
768,0,Unchanged
769,0,Unchanged
770,0.0697795658770073,Downregulated
771,0,Unchanged
772,0.011417906518186,Downregulated
773,117461.226948741,Unchanged
774,0.366524594552938,Downregulated
775,38.854723632305,Upregulated
776,1028442.57466724,Unchanged
777,0.0697795672204909,Downregulated
778,0.0696446541263318,Downregulated
779,0.139559132537713,Downregulated
780,4.41899157451449e-08,Unchanged
781,0.205321859000827,Downregulated
782,57037918.5518919,Unchanged
783,3006753.77620695,Unchanged
784,456555.198847508,Unchanged
785,0.0108681352991157,Downregulated
786,0.0147130587151611,Downregulated
787,456555.178173936,Unchanged
788,28308.6420397907,Unchanged
789,2829454.24394313,Unchanged
790,0,Unchanged
791,5.583484515389,Upregulated
792,3384934.50627422,Unchanged
793,54888.3554936884,Unchanged
794,0,Unchanged
795,0,Unchanged
796,0.0022068860546846,Unchanged
797,9.00327953111542e-09,Unchanged
798,0,Unchanged
799,0,Unchanged
800,0,Unchanged
801,0.812399489311723,Unchanged
802,5.89308437753004,Upregulated
803,6.1346174724334,Upregulated
804,3.71224864498115,Upregulated
805,20.8662836540827,Upregulated
806,0,Unchanged
807,3.81943903117434e-05,Unchanged
808,208741.791738901,Unchanged
809,1.55709784951341e-06,Unchanged
810,0.322405720956553,Downregulated
811,0.323255109717463,Downregulated
812,14112783.9831338,Unchanged
813,6779756.06335552,Unchanged
814,2.12499515781693e-07,Unchanged
815,0.403084963716473,Downregulated
816,6.06853236064018e-07,Unchanged
817,0.142568216685493,Downregulated
818,0,Unchanged
819,1.24157482719056e-06,Unchanged
820,1.24157552772886e-06,Unchanged
821,61343506.7245394,Unchanged
822,2.93066042468126e-06,Unchanged
823,6.74115878671201,Upregulated
824,6779756.06335552,Unchanged
825,28225568.079483,Unchanged
826,28753325.6359319,Unchanged
827,28225569.1889942,Unchanged
828,59.7091574872513,Upregulated
829,38.6933610378101,Upregulated
830,28151401.7074544,Unchanged
831,69.0287713699308,Upregulated
832,0.295444925116951,Downregulated
833,0,Unchanged
834,0,Unchanged
835,0,Unchanged
836,2.00036741853843,Upregulated
837,2.00036725164626,Upregulated
838,0.0859829829714044,Downregulated
839,0.0972517450547056,Downregulated
840,14075700.8987757,Unchanged
841,28153006.426139,Unchanged
842,2.42360887822945,Upregulated
843,36615180.7270687,Unchanged
844,33.9092036924575,Upregulated
845,3.99045042301243,Upregulated
846,16.9223447488901,Upregulated
847,19.5396894778161,Upregulated
848,0,Unchanged
849,0,Unchanged
850,20608519.3062384,Unchanged
851,20608518.8152877,Unchanged
852,85172.0110423665,Unchanged
853,28153005.0745303,Unchanged
854,2.01923207160624,Upregulated
855,0,Unchanged
856,4.4675096405347,Upregulated
857,5828247.93287629,Unchanged
858,6.245965668921,Upregulated
859,90864.3878670105,Unchanged
860,2.92193365972082e-07,Unchanged
861,0,Unchanged
862,63761.6265402538,Unchanged
863,28753325.9237794,Unchanged
864,0.00943338897126991,Unchanged
865,0.381041167478895,Downregulated
866,0,Unchanged
867,0,Unchanged
868,1.72382153150741e-07,Unchanged
869,1.64031593274974,Unchanged
870,2.46047399268624,Upregulated
871,2.17435941280011,Upregulated
872,0,Unchanged
873,2482.44082059578,Upregulated
874,0.570773227435906,Unchanged
875,3512487.02777187,Unchanged
876,0,Unchanged
877,0.187018675907437,Downregulated
878,0.111516828628604,Downregulated
879,15143167.4187233,Unchanged
880,1.01732801133707,Unchanged
881,20203133.5468433,Unchanged
882,3306599.37686098,Unchanged
883,0,Unchanged
884,0,Unchanged
885,1.41201777171477e-08,Unchanged
886,0.0631999464739644,Downregulated
887,0.00455789682559568,Unchanged
888,0.00456735994282609,Unchanged
889,0.0203402534005431,Downregulated
890,0,Unchanged
891,3.00718786627709,Upregulated
892,2.87999292998646,Upregulated
893,2.5797015224533,Upregulated
894,2.57970389851233,Upregulated
895,1.84775812496351,Unchanged
896,4.55301356732247,Upregulated
897,4.11484602761069,Upregulated
898,4.11484605160872,Upregulated
899,2.33415684590887,Upregulated
900,1.75675025242341,Unchanged
901,1.75675006549206,Unchanged
902,3.59393719499342,Upregulated
903,5.07204380824412,Upregulated
904,5.75153315526975,Upregulated
905,5.75153172330524,Upregulated
906,4.55301270962847,Upregulated
907,4.55301356768691,Upregulated
908,1.48548887122065,Unchanged
909,1.48940222507568,Unchanged
910,2270.3212731183,Upregulated
911,2203.7682627807,Upregulated
912,1669.28725537152,Upregulated
913,3076.9966512145,Upregulated
914,2.22398849989352,Upregulated
915,11.009469521086,Upregulated
916,1.41845725440672,Unchanged
917,60.3736603965887,Upregulated
918,294367842.335806,Unchanged
919,365392349.629636,Unchanged
920,34.4944785736829,Upregulated
921,15.2596551707758,Upregulated
922,70.0704480489228,Upregulated
923,36.454210281873,Upregulated
924,0.127910339000651,Downregulated
925,70.0704480489228,Upregulated
926,414681413.088115,Unchanged
927,414681413.088115,Unchanged
928,427064165.709923,Unchanged
929,461616398.531387,Unchanged
930,461616398.531387,Unchanged
931,0,Unchanged
932,814654508.548005,Unchanged
933,0.0136457311833432,Downregulated
934,36551768.9619983,Unchanged
935,1.20397999395525,Unchanged
936,10154738.2791001,Unchanged
937,1.3783926842985,Unchanged
938,0.0050781589199171,Unchanged
939,9.56807617051849e-10,Unchanged
940,0,Unchanged
941,0,Unchanged
942,1.99999931958002,Unchanged
943,757191.684230337,Unchanged
944,0.658408938352626,Unchanged
945,2022.82801612469,Upregulated
946,3.07251668402841e-07,Unchanged
947,2.69819856626441e-07,Unchanged
948,0,Unchanged
949,0,Unchanged
950,2.92193357722681e-07,Unchanged
951,0.0188735608814499,Downregulated
952,1.72024940070514e-07,Unchanged
953,1.72382143138528e-07,Unchanged
954,0,Unchanged
955,1.65447046880352,Unchanged
956,0,Unchanged
957,97369.3736957633,Unchanged
958,113.22198144625,Upregulated
959,19.4519880876759,Upregulated
960,1.8582056349832,Unchanged
961,2.3120304346671,Upregulated
962,288.352250504453,Upregulated
963,12.4986191477154,Upregulated
964,0,Unchanged
965,0,Unchanged
966,214.15759605618,Upregulated
967,0,Unchanged
968,44.9983608518096,Upregulated
969,114075839.259375,Unchanged
970,913110.356347872,Unchanged
971,0.154089205722255,Downregulated
972,14.2867301783248,Upregulated
973,3.27797116413921,Upregulated
974,0,Unchanged
975,44.8360873022055,Upregulated
976,0,Unchanged
977,249.393027336676,Upregulated
978,0,Unchanged
979,0,Unchanged
980,0,Unchanged
981,1.31083993965806,Unchanged
982,0,Unchanged
983,0,Unchanged
984,0.156910488757871,Downregulated
985,0,Unchanged
986,0,Unchanged
987,1.07058810499439e-07,Unchanged
988,1.07058867570231e-07,Unchanged
989,7.83146512510768e-08,Unchanged
990,3.07194404399525e-07,Unchanged
991,0.0277070159830212,Downregulated
992,0,Unchanged
993,0,Unchanged
994,27828863.967588,Unchanged
995,0,Unchanged
996,0,Unchanged
997,0.0253799710752577,Downregulated
998,0,Unchanged
999,11.2275381957319,Upregulated
1000,5.11420933819078e-07,Unchanged
1001,0.583143745186054,Unchanged
1002,0,Unchanged
1003,0,Unchanged
1004,0.206436793568119,Downregulated
1005,0,Unchanged
1006,0.265477124633257,Downregulated
1007,1.15450890523982,Unchanged
1008,0,Unchanged
1009,49112699.2956813,Unchanged
1010,948012.216328533,Unchanged
1011,147435468.31332,Unchanged
1012,7516471.03094372,Unchanged
1013,0,Unchanged
1014,0,Unchanged
1015,0,Unchanged
1016,0,Unchanged
1017,0.48887999529822,Downregulated
1018,0,Unchanged
1019,0,Unchanged
1020,0,Unchanged
1021,0,Unchanged
1022,0,Unchanged
1023,0,Unchanged
1024,0,Unchanged
1025,0,Unchanged
1026,0,Unchanged
1027,0,Unchanged
1028,0,Unchanged
1029,0,Unchanged
1030,0,Unchanged
1031,0,Unchanged
1032,0,Unchanged
1033,0,Unchanged
1034,1.72024927167058e-07,Unchanged
1035,0,Unchanged
1036,2.42775088530742,Upregulated
1037,12.741175158315,Upregulated
1038,0,Unchanged
1039,0,Unchanged
1040,25.3625852134489,Upregulated
1041,25.7664301845376,Upregulated
1042,0,Unchanged
1043,12.6749517114651,Upregulated
1044,0,Unchanged
1045,4.13325469747457,Upregulated
1046,0.148325502466088,Downregulated
1047,0,Unchanged
1048,0.174760704062227,Downregulated
1049,3.59768313763811,Upregulated
1050,6.29503643032109,Upregulated
1051,5.03014677322811e-07,Unchanged
1052,0.404090527707537,Downregulated
1053,0,Unchanged
1054,0,Unchanged
1055,0.152102369684921,Downregulated
1056,4.36504028542856e-06,Unchanged
1057,0.343477430793783,Downregulated
1058,1.24841324943503e-07,Unchanged
1059,0.011693691852613,Downregulated
1060,0,Unchanged
1061,2.06485279169742e-06,Unchanged
1062,7.91099770545784,Upregulated
1063,0,Unchanged
1064,0,Unchanged
1065,1.95220379671672,Unchanged
1066,42.0574339095794,Upregulated
1067,2.15038116380128e-07,Unchanged
1068,2.19221437973428,Upregulated
1069,0.259961157429707,Downregulated
1070,61.9577624938089,Upregulated
1071,4.35548276906985,Upregulated
1072,0.565427394912929,Unchanged
1073,6.25278990398819,Upregulated
1074,28232636.3253739,Unchanged
1075,0,Unchanged
1076,1.90004278403426e-07,Unchanged
1077,0.646600471504916,Unchanged
1078,0,Unchanged
1079,5.4798955778578,Upregulated
1080,0,Unchanged
1081,5.11421875889078e-07,Unchanged
1082,5.93357941970322,Upregulated
1083,0,Unchanged
1084,9.07949208782291e-07,Unchanged
1085,0.648536164645087,Unchanged
1086,0.191868604177393,Downregulated
1087,0.309645233040734,Downregulated
1088,1.0357852058416e-06,Unchanged
1089,0,Unchanged
1090,0,Unchanged
1091,0.310042526546602,Downregulated
1092,20204612.6262679,Unchanged
1093,5322408.87640763,Unchanged
1094,3960207.78792158,Unchanged
1095,1.47815732830021,Unchanged
1096,0,Unchanged
1097,0.5,Downregulated
1098,0,Unchanged
1099,50.7489238027739,Upregulated
1100,0,Unchanged
1101,0,Unchanged
1102,2891030.59009893,Unchanged
1103,0,Unchanged
1104,0,Unchanged
1105,0.644811492269276,Unchanged
1106,0,Unchanged
1107,0,Unchanged
1108,0,Unchanged
1109,1.8527500761897,Unchanged
1110,0.162318664809787,Downregulated
1111,0,Unchanged
1112,0,Unchanged
1113,0.0297463464644845,Downregulated
1114,0.0397725681092875,Downregulated
1115,0.00502305502042547,Unchanged
1116,0,Unchanged
1117,0.00274205468437065,Unchanged
1118,0,Unchanged
1119,0.0846987753132971,Downregulated
1120,0.0197071110591163,Downregulated
1121,0,Unchanged
1122,0.0972060928390371,Downregulated
1123,0.0374659919347775,Downregulated
1124,0.0167609895006984,Downregulated
1125,0.00460136511421382,Unchanged
1126,0.0374659921307687,Downregulated
1127,3.9419897402401e-08,Unchanged
1128,3.94198963179695e-08,Unchanged
1129,0,Unchanged
1130,0.176097371933137,Downregulated
1131,0.627106457968891,Unchanged
1132,0.0529275070561821,Downregulated
1133,0.554167815887339,Unchanged
1134,0.357016909088777,Downregulated
1135,0.184624154048089,Downregulated
1136,0.0187364514612837,Downregulated
1137,0.0149330069179482,Downregulated
1138,0,Unchanged
1139,0,Unchanged
1140,0,Unchanged
1141,0,Unchanged
1142,0,Unchanged
1143,0,Unchanged
1144,0.0318635983707976,Downregulated
1145,0,Unchanged
1146,0,Unchanged
1147,0,Unchanged
1148,0.0100596696382213,Downregulated
1149,0,Unchanged
1150,0,Unchanged
1151,0.00622640111355279,Unchanged
1152,0.0149330069523073,Downregulated
1153,0,Unchanged
1154,0,Unchanged
1155,0.000204551442426061,Unchanged
1156,0.0539316170578819,Downregulated
1157,0.0287282083778063,Downregulated
1158,0.00723788675913204,Unchanged
1159,0.0227417359276844,Downregulated
1160,0.00654133905277457,Unchanged
1161,0.0318635989008141,Downregulated
1162,0.0951040906991001,Downregulated
1163,0.464039466568773,Downregulated
1164,0.0699864418705451,Downregulated
1165,0,Unchanged
1166,0.068712677054938,Downregulated
1167,0,Unchanged
1168,0,Unchanged
1169,0,Unchanged
1170,0,Unchanged
1171,1548412.45349731,Unchanged
1172,0.356663653154839,Downregulated
1173,3771755.33122856,Unchanged
1174,0,Unchanged
1175,0,Unchanged
1176,0,Unchanged
1177,3819472.82626493,Unchanged
1178,3819472.82626493,Unchanged
1179,0,Unchanged
1180,105121216.383342,Unchanged
1181,49115495.2791359,Unchanged
1182,0,Unchanged
1183,0,Unchanged
1184,0,Unchanged
1185,0,Unchanged
1186,0,Unchanged
1187,0.176100189099232,Downregulated
1188,0,Unchanged
1189,0,Unchanged
1190,3.45120347718216,Upregulated
1191,382725.338093181,Unchanged
1192,0.0711103138879713,Downregulated
1193,0,Unchanged
1194,0,Unchanged
1195,3.79144893433512e-07,Unchanged
1196,0,Unchanged
1197,5.67846503298752,Upregulated
1198,2.10808592889632,Upregulated
1199,0.553820458955269,Unchanged
1200,0,Unchanged
1201,0,Unchanged
1202,0,Unchanged
1203,0.660474345407151,Unchanged
1204,0,Unchanged
1205,0.283264505476222,Downregulated
1206,0.0582465992504988,Downregulated
1207,0,Unchanged
1208,1.85478324187027e-07,Unchanged
1209,0,Unchanged
1210,0.172017935492778,Downregulated
1211,0,Unchanged
1212,4.61794040077978,Upregulated
1213,11709546.0902888,Unchanged
1214,0,Unchanged
1215,0,Unchanged
1216,1.07058839802221e-07,Unchanged
1217,1.08082958831801e-07,Unchanged
1218,36377579.9942961,Unchanged
1219,0.435998749790396,Downregulated
1220,0,Unchanged
1221,0.791475730643718,Unchanged
1222,50383.8385637067,Unchanged
1223,5.03014927961817e-07,Unchanged
1224,0,Unchanged
1225,1055518.50033254,Unchanged
1226,7.34297610599244,Upregulated
1227,7501938.08866987,Unchanged
1228,7496720.45148485,Unchanged
1229,7496720.42663759,Unchanged
1230,2066445.76895906,Unchanged
1231,7516470.98442154,Unchanged
1232,7516470.78566528,Unchanged
1233,1121208.41877696,Unchanged
1234,1.17075112185303,Unchanged
1235,3750969.04433071,Unchanged
1236,7496720.45148485,Unchanged
1237,0.646150382630855,Unchanged
1238,1033222.88447953,Unchanged
1239,3758235.49221077,Unchanged
1240,3758235.39283264,Unchanged
1241,560604.209388479,Unchanged
1242,3748360.28413346,Unchanged
1243,3748360.22574242,Unchanged
1244,1.00176285611375,Unchanged
1245,4.18983496979823e-06,Unchanged
1246,8.14170596719655e-09,Unchanged
1247,5068839.48821373,Unchanged
1248,1.09813143946364,Unchanged
1249,0.00339019497952927,Unchanged
1250,0.646747428795288,Unchanged
1251,345.727149571762,Upregulated
1252,0,Unchanged
1253,21782843.4183477,Unchanged
1254,0.00224540320417696,Unchanged
1255,0.0342968241359866,Downregulated
1256,0,Unchanged
1257,0,Unchanged
1258,114500247.653837,Unchanged
1259,0,Unchanged
1260,0,Unchanged
1261,0,Unchanged
1262,0,Unchanged
1263,0,Unchanged
1264,0,Unchanged
1265,1.37691296340348,Unchanged
1266,0.167895611763056,Downregulated
1267,0.30094101006774,Downregulated
1268,0.240243046409791,Downregulated
1269,0.240243036987062,Downregulated
1270,0.440105085282828,Downregulated
1271,0.344917250444611,Downregulated
1272,8.65863951081914e-07,Unchanged
1273,5.08643490194651e-07,Unchanged
1274,0,Unchanged
1275,8.39182940574778e-08,Unchanged
1276,8.44139501332311e-07,Unchanged
1277,0.085727289186839,Downregulated
1278,0.392894442990492,Downregulated
1279,0,Unchanged
1280,0.0898701645341581,Downregulated
1281,41.8752778508636,Upregulated
1282,0,Unchanged
1283,7496720.68016831,Unchanged
1284,0,Unchanged
1285,0,Unchanged
1286,0,Unchanged
1287,0,Unchanged
1288,0,Unchanged
1289,0,Unchanged
1290,0,Unchanged
1291,0,Unchanged
1292,0,Unchanged
1293,0,Unchanged
1294,0,Unchanged
1295,0,Unchanged
1296,9.04940634427476e-10,Unchanged
1297,8.9896303563819e-07,Unchanged
1298,4.19931776491467e-07,Unchanged
1299,0,Unchanged
1300,0,Unchanged
1301,1.72024940070514e-07,Unchanged
1302,2.61187488399628e-06,Unchanged
1303,2.23990319227596e-07,Unchanged
1304,0,Unchanged
1305,0,Unchanged
1306,1.41628771257274e-06,Unchanged
1307,2.43886812122582e-05,Unchanged
1308,7.66523946822417e-08,Unchanged
1309,1.41201785481826e-08,Unchanged
1310,1.54217701602704e-08,Unchanged
1311,1.56215315882946e-08,Unchanged
1312,1.41201785481826e-08,Unchanged
1313,1.41201782003779e-08,Unchanged
1314,0,Unchanged
1315,1.27461867698742e-07,Unchanged
1316,1.82639858729772e-06,Unchanged
1317,0,Unchanged
1318,2.39697234769665e-06,Unchanged
1319,1.83010680467532e-06,Unchanged
1320,0,Unchanged
1321,1.72024940951587e-07,Unchanged
1322,6.09692468742651e-08,Unchanged
1323,4.38457719013741e-07,Unchanged
1324,3.10823483857803e-07,Unchanged
1325,5.86531473879859e-06,Unchanged
1326,0,Unchanged
1327,4.71313540245433e-07,Unchanged
1328,0.0728731171570621,Downregulated
1329,6.941738777968e-07,Unchanged
1330,0,Unchanged
1331,3.10823483857803e-07,Unchanged
1332,2.83483074376534e-07,Unchanged
1333,0.35220480936135,Downregulated
1334,0,Unchanged
1335,6.941738777968e-07,Unchanged
1336,0,Unchanged
1337,0,Unchanged
1338,1.82974220592769e-07,Unchanged
1339,1.00000002055031,Unchanged
1340,1.28907189821267,Unchanged
1341,0.89147592877056,Unchanged
1342,1.06509542547428e-07,Unchanged
1343,1.00000018558699,Unchanged
1344,1.28909219232021,Unchanged
1345,0,Unchanged
1346,4.19328577834222e-07,Unchanged
1347,0,Unchanged
1348,7.54892737859336e-07,Unchanged
1349,0.21305552304113,Downregulated
1350,0,Unchanged
1351,1.44061570608756e-07,Unchanged
1352,0,Unchanged
1353,0,Unchanged
1354,2.83483029079434e-07,Unchanged
1355,0.20328550698657,Downregulated
1356,1.83566690919494e-07,Unchanged
1357,0,Unchanged
1358,7.72090550065485e-06,Unchanged
1359,2.90778634869149e-07,Unchanged
1360,1,Unchanged
1361,4.19328577834222e-07,Unchanged
1362,4.19328375612871e-07,Unchanged
1363,1.44061570608756e-07,Unchanged
1364,0.169660921659388,Downregulated
1365,0.169660924137003,Downregulated
1366,0.169660921657962,Downregulated
1367,0.16966103684429,Downregulated
1368,2.92193363293336e-07,Unchanged
1369,0,Unchanged
1370,9.15720714147028e-07,Unchanged
1371,7.04656875058163e-07,Unchanged
1372,0,Unchanged
1373,3.07251657318375e-07,Unchanged
1374,1.44061570608756e-07,Unchanged
1375,0.891475928768741,Unchanged
1376,0,Unchanged
1377,0,Unchanged
1378,0,Unchanged
1379,0.0728731171570621,Downregulated
1380,1.00000047131352,Unchanged
1381,0,Unchanged
1382,1.64324474241084e-07,Unchanged
1383,7.59444422673283e-07,Unchanged
1384,1.46873233006772e-07,Unchanged
1385,1.46873232961298e-07,Unchanged
1386,1.72024933602799e-07,Unchanged
1387,1.50903032212e-05,Unchanged
1388,1.72104088960623e-07,Unchanged
1389,8.97864310900332e-10,Unchanged
1390,9.01961698218656e-10,Unchanged
1391,2.05219064719131e-06,Unchanged
1392,4.46464010473164e-05,Unchanged
1393,5.31631003926503e-07,Unchanged
1394,1.19757396691398e-06,Unchanged
1395,1.83010693231722e-06,Unchanged
1396,0,Unchanged
1397,8.75057917369304e-07,Unchanged
1398,1.00000018558699,Unchanged
1399,3.07251657318375e-07,Unchanged
1400,1.00000017202494,Unchanged
1401,9.58316800279135e-08,Unchanged
1402,1.46873232961298e-07,Unchanged
1403,2.04158824620511e-07,Unchanged
1404,0,Unchanged
1405,0,Unchanged
1406,7.04656875058163e-07,Unchanged
1407,1.46873232961298e-07,Unchanged
1408,0.0604351217744761,Downregulated
1409,0,Unchanged
1410,1.00000002055031,Unchanged
1411,1.72024938899229e-07,Unchanged
1412,6.09692468742651e-08,Unchanged
1413,2.8407170157152e-07,Unchanged
1414,6.09692468742651e-08,Unchanged
1415,3.99187225866626e-07,Unchanged
1416,1.46873232961298e-07,Unchanged
1417,1.06509542553113e-07,Unchanged
1418,2.92193363293336e-07,Unchanged
1419,4.26517981748412e-07,Unchanged
1420,0,Unchanged
1421,0,Unchanged
1422,0,Unchanged
1423,1,Unchanged
1424,0,Unchanged
1425,0,Unchanged
1426,0,Unchanged
1427,1.00001472516596,Unchanged
1428,1.00000205069159,Unchanged
1429,0,Unchanged
1430,0,Unchanged
1431,0,Unchanged
1432,8.76874926007076e-07,Unchanged
1433,1.0000627539765,Unchanged
1434,0,Unchanged
1435,0,Unchanged
1436,3.75437446109572e-07,Unchanged
1437,1.47198888536195e-05,Unchanged
1438,2.04695840628233e-06,Unchanged
1439,3.9645020975228e-08,Unchanged
1440,2.42889271730746e-05,Unchanged
1441,1,Unchanged
1442,1.00000586558249,Unchanged
1443,0,Unchanged
1444,3.12402885242591e-07,Unchanged
1445,0,Unchanged
1446,1.80161828143355e-06,Unchanged
1447,0,Unchanged
1448,1.80161828143355e-06,Unchanged
1449,0,Unchanged
1450,1.80161828143355e-06,Unchanged
1451,0,Unchanged
1452,1.80161828143355e-06,Unchanged
1453,0,Unchanged
1454,2.04695840628233e-06,Unchanged
1455,1.47504546392838e-05,Unchanged
1456,1.00001472516596,Unchanged
1457,2.0469583378997e-06,Unchanged
1458,0,Unchanged
1459,2.0469583378997e-06,Unchanged
1460,0,Unchanged
1461,0,Unchanged
1462,0,Unchanged
1463,0.20328550698657,Downregulated
1464,0.20328550698657,Downregulated
1465,0,Unchanged
1466,5.86558203951881e-06,Unchanged
1467,3.12402949703028e-07,Unchanged
1468,3.1240290025081e-07,Unchanged
1469,2.52572890622105e-06,Unchanged
1470,2.05503132999506e-08,Unchanged
1471,5.05018401781854e-08,Unchanged
1472,0,Unchanged
1473,0,Unchanged
1474,2.05219064719131e-06,Unchanged
1475,2.05219064719131e-06,Unchanged
1476,1.47445033259146e-05,Unchanged
1477,1.06509542553113e-07,Unchanged
1478,9.59892233311166e-06,Unchanged
1479,0,Unchanged
1480,3.0540342970653e-07,Unchanged
1481,6.03293791812121e-10,Unchanged
1482,0,Unchanged
1483,0,Unchanged
1484,0,Unchanged
1485,0,Unchanged
1486,0,Unchanged
1487,0,Unchanged
1488,0,Unchanged
1489,0,Unchanged
1490,0,Unchanged
1491,0,Unchanged
1492,1.42690087841942,Unchanged
1493,2.90778649741696e-07,Unchanged
1494,4.38437571119721e-07,Unchanged
1495,8.61910741605243e-08,Unchanged
1496,3.70690768249915e-07,Unchanged
1497,6.28992566589659e-07,Unchanged
1498,1.40978681057786,Unchanged
1499,1.82974210247266e-07,Unchanged
1500,8.85167324895519e-08,Unchanged
1501,0,Unchanged
1502,0,Unchanged
1503,0,Unchanged
1504,1.44061570608756e-07,Unchanged
1505,0,Unchanged
1506,0,Unchanged
1507,9.03444415598642e-08,Unchanged
1508,1.2356358672605e-07,Unchanged
1509,8.75057917369304e-07,Unchanged
1510,6.09692468742651e-08,Unchanged
1511,1.00000011570419,Unchanged
1512,4.5343391713093e-07,Unchanged
1513,4.53433917186885e-07,Unchanged
1514,6.61452628378356e-07,Unchanged
1515,1.99806582216983,Unchanged
1516,7.59444422673283e-07,Unchanged
1517,1.64324474241084e-07,Unchanged
1518,9.59892233311166e-06,Unchanged
1519,2.14117678297043e-07,Unchanged
1520,0,Unchanged
1521,0.01,Downregulated
1522,6.28992566589659e-07,Unchanged
1523,0,Unchanged
1524,4.64218295405772e-07,Unchanged
1525,2.05503131786186e-08,Unchanged
1526,0,Unchanged
1527,4.12244006656692e-06,Unchanged
1528,0.0044921510759342,Unchanged
1529,3.6215209859165e-06,Unchanged
1530,4.37528940921084e-07,Unchanged
1531,1.01000018297422,Unchanged
1532,2.90778634869149e-07,Unchanged
1533,2.90778688480486e-07,Unchanged
1534,2.90778677310755e-07,Unchanged
1535,3.75450554486179e-07,Unchanged
1536,2.90778689574722e-07,Unchanged
1537,2.90778680763992e-07,Unchanged
1538,4.21969954319756e-07,Unchanged
1539,2.9077868354932e-07,Unchanged
1540,2.90778634869149e-07,Unchanged
1541,2.90778688480486e-07,Unchanged
1542,2.90778677310755e-07,Unchanged
1543,3.75450554486179e-07,Unchanged
1544,2.90778689574722e-07,Unchanged
1545,2.90778680763992e-07,Unchanged
1546,4.21969954319756e-07,Unchanged
1547,2.9077868354932e-07,Unchanged
1548,2.90778688480486e-07,Unchanged
1549,2.83482986439765e-07,Unchanged
1550,0,Unchanged
1551,6.67179766466575e-07,Unchanged
1552,4.79344103240464e-07,Unchanged
1553,2.90778689574722e-07,Unchanged
1554,2.92152398139366e-07,Unchanged
1555,9.41594003140089e-07,Unchanged
1556,2.9077868354932e-07,Unchanged
1557,0,Unchanged
1558,2.8554208005005e-07,Unchanged
1559,2.8554208005005e-07,Unchanged
1560,0,Unchanged
1561,0,Unchanged
1562,2.05503132951131e-08,Unchanged
1563,2.87303585935206e-08,Unchanged
1564,6.46053953521826e-08,Unchanged
1565,5.32759675593297e-07,Unchanged
1566,0,Unchanged
1567,1.28909219232021,Unchanged
1568,1.28909219232021,Unchanged
1569,0,Unchanged
1570,1.80161828143355e-06,Unchanged
1571,1.80161828143355e-06,Unchanged
1572,2.04695840986346e-06,Unchanged
1573,8.75414258018736e-07,Unchanged
1574,7.70455459363006e-06,Unchanged
1575,7.72090526993452e-06,Unchanged
1576,7.70455474935261e-06,Unchanged
1577,7.72090361741107e-06,Unchanged
1578,7.70490907339649e-06,Unchanged
1579,0,Unchanged
1580,7.93526060590466e-07,Unchanged
1581,6.01423835178139e-10,Unchanged
1582,2.51306845655108e-06,Unchanged
1583,2.00279109424173e-06,Unchanged
1584,0,Unchanged
1585,0,Unchanged
1586,0,Unchanged
1587,18.6470448628554,Upregulated
1588,0,Unchanged
1589,28225568.2379846,Unchanged
1590,4573922.64503721,Unchanged
1591,0,Unchanged
1592,0,Unchanged
1593,0,Unchanged
1594,0,Unchanged
1595,0,Unchanged
1596,0,Unchanged
1597,0,Unchanged
1598,0,Unchanged
1599,0,Unchanged
1600,0,Unchanged
1601,263879.642665225,Unchanged
1602,263879.725244081,Unchanged
1603,263186.332370888,Unchanged
1604,263437.938336711,Unchanged
1605,263545.368474864,Unchanged
1606,263879.635964082,Unchanged
1607,263879.640367521,Unchanged
1608,263879.634976524,Unchanged
1609,263879.631970311,Unchanged
1610,263879.633050885,Unchanged
1611,263879.642538564,Unchanged
1612,0,Unchanged
1613,0,Unchanged
1614,7577425.16656387,Unchanged
1615,3212748.3404107,Unchanged
1616,0,Unchanged
1617,0,Unchanged
1618,8296521.83735836,Unchanged
1619,0,Unchanged
1620,14076502.3570507,Unchanged
1621,14116318.162687,Unchanged
1622,0,Unchanged
1623,0,Unchanged
1624,560604.220107229,Unchanged
1625,3748360.34008415,Unchanged
1626,0,Unchanged
1627,0,Unchanged
1628,0,Unchanged
1629,0,Unchanged
1630,14977.4374550593,Upregulated
1631,0,Unchanged
1632,0,Unchanged
1633,4972935.37516295,Unchanged
1634,0,Unchanged
1635,3151153.6027321,Unchanged
1636,3151153.6027321,Unchanged
1637,3151153.6027321,Unchanged
1638,3151153.6027321,Unchanged
1639,3159455.85012039,Unchanged
1640,3159455.85012039,Unchanged
1641,3159455.85012039,Unchanged
1642,7270000.34504768,Unchanged
1643,7270000.34504768,Unchanged
1644,7270000.34504768,Unchanged
1645,3758235.49078344,Unchanged
1646,0,Unchanged
1647,0,Unchanged
1648,8143066.16132855,Unchanged
1649,8699166.80131772,Unchanged
1650,0,Unchanged
1651,14112783.7227383,Unchanged
1652,2126232.77882077,Unchanged
1653,0,Unchanged
1654,0,Unchanged
1655,14112783.7227383,Unchanged
1656,4972935.37516295,Unchanged
1657,0,Unchanged
1658,4972935.37516295,Unchanged
1659,0,Unchanged
1660,0,Unchanged
1661,5075378.05564745,Unchanged
1662,0,Unchanged
1663,4473643.3410817,Unchanged
1664,5075378.05564745,Unchanged
1665,0,Unchanged
1666,5075378.05564745,Unchanged
1667,4473643.41725447,Unchanged
1668,5075378.05564745,Unchanged
1669,4972935.37516295,Unchanged
1670,0,Unchanged
1671,4473643.41725447,Unchanged
1672,5075378.05564745,Unchanged
1673,0,Unchanged
1674,5075378.05564745,Unchanged
1675,4473643.3410817,Unchanged
1676,5075378.05564745,Unchanged
1677,2126232.89523338,Unchanged
1678,4972935.37516295,Unchanged
1679,0,Unchanged
1680,4473643.41725447,Unchanged
1681,5075378.05564745,Unchanged
1682,0,Unchanged
1683,5075378.05564745,Unchanged
1684,4473643.3410817,Unchanged
1685,5075378.05564745,Unchanged
1686,0,Unchanged
1687,5075378.05564745,Unchanged
1688,0,Unchanged
1689,0,Unchanged
1690,0,Unchanged
1691,3819473.06939979,Unchanged
1692,4347232.40635317,Unchanged
1693,14530604.5022351,Unchanged
1694,117303.628070557,Unchanged
1695,0,Unchanged
1696,42227100.1285633,Unchanged
1697,14112784.1303138,Unchanged
1698,0,Unchanged
1699,240674.368721011,Unchanged
1700,14316557.8863502,Unchanged
1701,114366797.783553,Unchanged
1702,255516.027820057,Unchanged
1703,0,Unchanged
1704,0,Unchanged
1705,0,Unchanged
1706,0,Unchanged
1707,0,Unchanged
1708,3758235.35529821,Unchanged
1709,4022115.02915711,Unchanged
1710,0,Unchanged
1711,21675445.1057896,Unchanged
1712,3317968.40531458,Unchanged
1713,0,Unchanged
1714,2661204.43820381,Unchanged
1715,9258457.62846279,Unchanged
1716,0,Unchanged
1717,2126232.77882077,Unchanged
1718,11641499.131924,Unchanged
1719,3670426.63662833,Unchanged
1720,4511637.74944653,Unchanged
1721,4511637.74944653,Unchanged
1722,4511637.74944653,Unchanged
1723,4511637.74944653,Unchanged
1724,4511637.74944653,Unchanged
1725,4511637.74944653,Unchanged
1726,4511637.74944653,Unchanged
1727,4473643.65204691,Unchanged
1728,4511637.74944653,Unchanged
1729,4511637.74944653,Unchanged
1730,4511637.74944653,Unchanged
1731,4511637.74944653,Unchanged
1732,4511637.74944653,Unchanged
1733,2.97713648192028,Upregulated
1734,2.97774215074633,Upregulated
1735,2.97774215074633,Upregulated
1736,2.97774215074633,Upregulated
1737,0,Unchanged
1738,0,Unchanged
1739,2.97774215074633,Upregulated
1740,2.97774215074633,Upregulated
1741,2.97774215074633,Upregulated
1742,0,Unchanged
1743,15967289.9731725,Unchanged
1744,0,Unchanged
1745,16220282.2294245,Unchanged
1746,15967289.9731725,Unchanged
1747,0,Unchanged
1748,0,Unchanged
1749,3317968.40531458,Unchanged
1750,312168.565356136,Unchanged
1751,3159455.70575728,Unchanged
1752,3159455.70575728,Unchanged
1753,3159455.74831379,Unchanged
1754,3159455.74831379,Unchanged
1755,3159455.74831379,Unchanged
1756,3159455.74831379,Unchanged
1757,3758235.68698613,Unchanged
1758,4062831.4273419,Unchanged
1759,4062831.4273419,Unchanged
1760,4062831.4273419,Unchanged
1761,4062831.4273419,Unchanged
1762,3686247.98299877,Unchanged
1763,0,Unchanged
1764,114366797.783553,Unchanged
1765,3748359.86758708,Unchanged
1766,3159454.78892671,Unchanged
1767,3159454.78892671,Unchanged
1768,3159454.78892671,Unchanged
1769,7140367.1117479,Unchanged
1770,3758235.43939941,Unchanged
1771,2250145.39370849,Unchanged
1772,2250145.39370849,Unchanged
1773,2250145.39370849,Unchanged
1774,2250145.39370849,Unchanged
1775,12622803.3819883,Unchanged
1776,12622803.3819883,Unchanged
1777,12622803.3819883,Unchanged
1778,12622803.3819883,Unchanged
1779,6124463.6043956,Unchanged
1780,6124463.6043956,Unchanged
1781,6124463.6043956,Unchanged
1782,6124463.6043956,Unchanged
1783,6124463.54727511,Unchanged
1784,6124463.74731304,Unchanged
1785,6124463.74731304,Unchanged
1786,6124463.54727511,Unchanged
1787,0,Unchanged
1788,765648.635167359,Unchanged
1789,3159455.64674559,Unchanged
1790,3122423.35308046,Unchanged
1791,9180755.79689773,Unchanged
1792,3159455.64674559,Unchanged
1793,3159455.64674559,Unchanged
1794,3159455.64674559,Unchanged
1795,3122423.35308046,Unchanged
1796,3122423.35308046,Unchanged
1797,3122423.35308046,Unchanged
1798,9180755.79689773,Unchanged
1799,9180755.79689773,Unchanged
1800,9180755.79689773,Unchanged
1801,3758235.62245501,Unchanged
1802,0,Unchanged
1803,0,Unchanged
1804,3182115.09347446,Unchanged
1805,3182115.09347446,Unchanged
1806,3182115.09347446,Unchanged
1807,3182115.09347446,Unchanged
1808,4508937.74332622,Unchanged
1809,3813079.66330603,Unchanged
1810,14112784.1303138,Unchanged
1811,0,Unchanged
1812,0,Unchanged
1813,0,Unchanged
1814,0,Unchanged
1815,14316557.8863502,Unchanged
1816,0,Unchanged
1817,14316557.8863502,Unchanged
1818,0,Unchanged
1819,0,Unchanged
1820,0,Unchanged
1821,2286961.32251861,Unchanged
1822,32468689.1131607,Unchanged
1823,32018712.701954,Unchanged
1824,15967289.9731725,Unchanged
1825,0,Unchanged
1826,2.97774215074633,Upregulated
1827,4466011.0412983,Unchanged
1828,0,Unchanged
1829,0,Unchanged
1830,0,Unchanged
1831,300508618.982307,Unchanged
1832,0,Unchanged
1833,8.796093022208e+15,Unchanged
1834,0,Unchanged
1835,0,Unchanged
1836,0,Unchanged
1837,0,Unchanged
1838,0,Unchanged
1839,0,Unchanged
1840,0,Unchanged
1841,0,Unchanged
1842,0,Unchanged
1843,0,Unchanged
1844,0,Unchanged
1845,0,Unchanged
1846,0,Unchanged
1847,0,Unchanged
1848,0,Unchanged
1849,0,Unchanged
1850,0,Unchanged
1851,0,Unchanged
1852,0,Unchanged
1853,0,Unchanged
1854,8.796093022208e+15,Unchanged
1855,0,Unchanged
1856,0,Unchanged
1857,0,Unchanged
1858,0,Unchanged
1859,0,Unchanged
1860,0,Unchanged
1861,0,Unchanged
1862,0,Unchanged
1863,7547674.06764926,Unchanged
1864,0,Unchanged
1865,2842889.68741597,Unchanged
1866,4473643.70235245,Unchanged
1867,956878.480640137,Unchanged
1868,1552491.90238462,Unchanged
1869,5083887.78818668,Unchanged
1870,4461888.19091388,Unchanged
1871,5468121.95096806,Unchanged
1872,147230.854851926,Unchanged
1873,5468121.95096806,Unchanged
1874,147230.854851926,Unchanged
1875,5468121.95096806,Unchanged
1876,147230.854851926,Unchanged
1877,5468121.95096806,Unchanged
1878,147230.854851926,Unchanged
1879,1552491.92137705,Unchanged
1880,7145551.38399749,Unchanged
1881,647525.008746178,Unchanged
1882,9180755.79689773,Unchanged
1883,11794704.0986876,Unchanged
1884,11794704.0986876,Unchanged
1885,7623789.36544554,Unchanged
1886,10936243.9019361,Unchanged
1887,294461.709703853,Unchanged
1888,0.537754471458386,Unchanged
1889,199086.270015604,Unchanged
1890,9267391.47949756,Unchanged
1891,0,Unchanged
1892,11794704.0986876,Unchanged
1893,0,Unchanged
1894,0,Unchanged
1895,5.63996290179044,Upregulated
1896,294461.709703853,Unchanged
1897,13707082.5675168,Unchanged
1898,0,Unchanged
1899,0,Unchanged
1900,0,Unchanged
1901,15247578.7308911,Unchanged
1902,23589408.1973751,Unchanged
1903,15247578.7308911,Unchanged
1904,23589408.1973751,Unchanged
1905,23589408.1973751,Unchanged
1906,6.68511155844022,Upregulated
1907,4.78492449018835,Upregulated
1908,0.12883551753639,Downregulated
1909,6.68510936860659,Upregulated
1910,4.79485890247052,Upregulated
1911,0.129103040786427,Downregulated
1912,10.3210579915196,Upregulated
1913,4.79485895785596,Upregulated
1914,0.12910304421776,Downregulated
1915,4.79485895029898,Upregulated
1916,0.128835518616005,Downregulated
1917,3312307.5309123,Unchanged
1918,0,Unchanged
1919,1.00660176557932,Unchanged
1920,6853541.28375841,Unchanged
1921,0,Unchanged
1922,0,Unchanged
1923,11794728.2859881,Unchanged
1924,15247578.7308911,Unchanged
1925,294461.709703853,Unchanged
1926,23302918.7632576,Unchanged
1927,15247578.7308911,Unchanged
1928,5468121.95096806,Unchanged
1929,0.537754471458386,Unchanged
1930,0,Unchanged
1931,2.16511480177067,Upregulated
1932,1.28866449865451,Unchanged
1933,7.85414935417833,Upregulated
1934,4.67402349106538,Upregulated
1935,0,Unchanged
1936,0,Unchanged
1937,8.95742224478809,Upregulated
1938,9827612.62888945,Unchanged
1939,2.03319641391111,Upregulated
1940,1.63238807875489,Unchanged
1941,1.59001329407502,Unchanged
1942,16628017.7953904,Unchanged
1943,22.0428043073009,Upregulated
1944,10936243.9019361,Unchanged
1945,0.803120749413979,Unchanged
1946,66.5453077107369,Upregulated
1947,0.492461128520962,Downregulated
1948,0.00716652467427139,Unchanged
1949,0,Unchanged
1950,0,Unchanged
1951,0.497048618312036,Downregulated
1952,0.90343697029662,Unchanged
1953,0.0243253165633841,Downregulated
1954,0.903436970452033,Unchanged
1955,0.0243253165633841,Downregulated
1956,1.22559711341288,Unchanged
1957,1.1323347612679,Unchanged
1958,0.46969919377881,Downregulated
1959,0.540442942034617,Unchanged
1960,0.540442942034617,Unchanged
1961,0.540442942034617,Unchanged
1962,2.20286443096081,Upregulated
1963,2.1984947369686,Upregulated
1964,1.00612128744371,Unchanged
1965,18.3800625615294,Upregulated
1966,0.800720498672952,Unchanged
1967,0,Unchanged
1968,0,Unchanged
1969,0,Unchanged
1970,0,Unchanged
1971,0,Unchanged
1972,0,Unchanged
1973,0,Unchanged
1974,1.19720776549167,Unchanged
1975,2.00255928440436,Upregulated
1976,0,Unchanged
1977,0,Unchanged
1978,0,Unchanged
1979,0,Unchanged
1980,0,Unchanged
1981,0,Unchanged
1982,0,Unchanged
1983,0,Unchanged
1984,0,Unchanged
1985,0,Unchanged
1986,13.7833264603208,Upregulated
1987,1.09897929767299,Unchanged
1988,37.5031872817168,Upregulated
1989,1.73556078643706,Unchanged
1990,0,Unchanged
1991,0,Unchanged
1992,0,Unchanged
1993,0,Unchanged
1994,0,Unchanged
1995,0,Unchanged
1996,16.4326876445614,Upregulated
1997,2.39046615005019,Upregulated
1998,0,Unchanged
1999,0.675000183767568,Unchanged
2000,0,Unchanged
2001,0,Unchanged
2002,0,Unchanged
2003,0,Unchanged
2004,0,Unchanged
2005,1.74526727963232,Unchanged
2006,0.000496846063095013,Unchanged
2007,0,Unchanged
2008,0,Unchanged
2009,1.72552914643389e-07,Unchanged
2010,5.88844959574814e-06,Unchanged
2011,0.0429242012522619,Downregulated
2012,508083.299482606,Unchanged
2013,1826812.04164799,Unchanged
2014,1.76049969840585,Unchanged
2015,3.64912635898145e-07,Unchanged
2016,127758.762862692,Unchanged
2017,0.00652517752697552,Unchanged
2018,0,Unchanged
2019,2.24999360613804e-06,Unchanged
2020,0,Unchanged
2021,0.0766785051156986,Downregulated
2022,0.00175109959665129,Unchanged
2023,0.233107953489834,Downregulated
2024,0,Unchanged
2025,0,Unchanged
2026,2.68436900345773e-07,Unchanged
2027,0,Unchanged
2028,0.0440132216256811,Downregulated
2029,0,Unchanged
2030,0,Unchanged
2031,0,Unchanged
2032,0,Unchanged
2033,0.0148684718428279,Downregulated
2034,0,Unchanged
2035,0,Unchanged
2036,4229446.15862433,Unchanged
2037,0,Unchanged
2038,0,Unchanged
2039,4.00073549678056,Upregulated
2040,5.91789104783243,Upregulated
2041,28225567.4681197,Unchanged
2042,0,Unchanged
2043,0,Unchanged
2044,4.31904267944197,Upregulated
2045,0,Unchanged
2046,19.9363773242921,Upregulated
2047,12.6868707643887,Upregulated
2048,8.25501438578184,Upregulated
2049,10325912.4350267,Unchanged
2050,0,Unchanged
2051,0,Unchanged
2052,0,Unchanged
2053,0.393079752582949,Downregulated
2054,0.00959547164637817,Unchanged
2055,0.12071004618346,Downregulated
2056,54.402010541953,Upregulated
2057,1.74485114548749,Unchanged
2058,1.74485114548749,Unchanged
2059,0.151214914153088,Downregulated
2060,43.9554107688593,Upregulated
2061,4.61581325366004,Upregulated
2062,4.60368441960053,Upregulated
2063,4.61581320708517,Upregulated
2064,5.27503812635948,Upregulated
2065,4.61581307290103,Upregulated
2066,0,Unchanged
2067,0.14014915213506,Downregulated
2068,9.81346012437736,Upregulated
2069,9.81345935707098,Upregulated
2070,3.05947064346238,Upregulated
2071,61.0398692125332,Upregulated
2072,4.03203092082605,Upregulated
2073,51.5511444920051,Upregulated
2074,103.102283111558,Upregulated
2075,1.92713099920484,Unchanged
2076,1336544.69934971,Unchanged
2077,6515573.4173499,Unchanged
2078,2.02893788158242,Upregulated
2079,128.261190452562,Upregulated
2080,0.086375192268463,Downregulated
2081,0.429614497555019,Downregulated
2082,17.1751138702343,Upregulated
2083,1.62561494623065e-07,Unchanged
2084,1.62561494622426e-07,Unchanged
2085,0,Unchanged
2086,0,Unchanged
2087,0,Unchanged
2088,0.71805340217052,Unchanged
2089,7.18682388901267e-07,Unchanged
2090,8.00793418562609e-08,Unchanged
2091,0.221391581550804,Downregulated
2092,1.79946847348426,Unchanged
2093,0,Unchanged
2094,1.75180375571386,Unchanged
2095,0.561324325866617,Unchanged
2096,0,Unchanged
2097,0.228022326802732,Downregulated
2098,0.146963975969873,Downregulated
2099,8.48576902581256,Upregulated
2100,0,Unchanged
2101,1.74333804901681,Unchanged
2102,0.468805827837855,Downregulated
2103,0.00544006999035348,Unchanged
2104,0.0834159888111959,Downregulated
2105,0,Unchanged
2106,3.34667268402081,Upregulated
2107,0,Unchanged
2108,0,Unchanged
2109,0.0316869318085045,Downregulated
2110,3.04449342497779,Upregulated
2111,0,Unchanged
2112,33.5338033368648,Upregulated
2113,0.0284694437224362,Downregulated
2114,0,Unchanged
2115,0,Unchanged
2116,0,Unchanged
2117,0.00117989702009368,Unchanged
2118,0,Unchanged
2119,0.59879415332708,Unchanged
2120,0,Unchanged
2121,0,Unchanged
2122,0,Unchanged
2123,0,Unchanged
2124,0,Unchanged
2125,0,Unchanged
2126,0,Unchanged
2127,0,Unchanged
2128,0,Unchanged
2129,0,Unchanged
2130,0,Unchanged
2131,1.08591467911894,Unchanged
2132,0,Unchanged
2133,0.00109635505614147,Unchanged
2134,0,Unchanged
2135,0,Unchanged
2136,0,Unchanged
2137,0,Unchanged
2138,0,Unchanged
2139,0,Unchanged
2140,0,Unchanged
2141,0.0708361242780456,Downregulated
2142,0.021706588078684,Downregulated
2143,0,Unchanged
2144,2.33169841578937,Upregulated
2145,0,Unchanged
2146,0.540316034927114,Unchanged
2147,0,Unchanged
2148,0,Unchanged
2149,6.85681376590351,Upregulated
2150,0,Unchanged
2151,2.89198680421124,Upregulated
2152,1.12371092420134,Unchanged
2153,0,Unchanged
2154,10.3794075248823,Upregulated
2155,0,Unchanged
2156,0,Unchanged
2157,1.38590237246147,Unchanged
2158,0,Unchanged
2159,0.207478417651809,Downregulated
2160,0.693588582417186,Unchanged
2161,2.44506791363743,Upregulated
2162,3989.59130387898,Upregulated
2163,26688652.8161786,Unchanged
2164,0,Unchanged
2165,2.9563146565923,Upregulated
2166,5.93357941653007,Upregulated
2167,58091428.7078036,Unchanged
2168,154.967501450043,Upregulated
2169,3.65279605284741e-06,Unchanged
2170,0,Unchanged
2171,0,Unchanged
2172,0,Unchanged
2173,28.6859747409708,Upregulated
2174,7.4080604566962,Upregulated
2175,4.34900991743684,Upregulated
2176,0.373722620983838,Downregulated
2177,23896170.4153655,Unchanged
2178,0,Unchanged
2179,0,Unchanged
2180,108.145632989884,Upregulated
2181,0.0130655143495206,Downregulated
2182,0,Unchanged
2183,0,Unchanged
2184,0,Unchanged
2185,0,Unchanged
2186,0,Unchanged
2187,0.405349541093215,Downregulated
2188,0.900105508909498,Unchanged
2189,0,Unchanged
2190,0,Unchanged
2191,18.2010168254943,Upregulated
2192,0,Unchanged
2193,0,Unchanged
2194,0,Unchanged
2195,0,Unchanged
2196,0,Unchanged
2197,0,Unchanged
2198,0,Unchanged
2199,0,Unchanged
2200,0,Unchanged
2201,0,Unchanged
2202,0,Unchanged
2203,0,Unchanged
2204,0,Unchanged
2205,0,Unchanged
2206,0,Unchanged
2207,0,Unchanged
2208,0,Unchanged
2209,27433.7249965607,Unchanged
2210,0,Unchanged
2211,0,Unchanged
2212,0,Unchanged
2213,38.1862946613053,Upregulated
2214,35391768.2277967,Unchanged
2215,484.47038077257,Upregulated
2216,0,Unchanged
2217,0,Unchanged
2218,14180554.5483931,Unchanged
2219,1978287.74578255,Unchanged
2220,26124320.3764133,Unchanged
2221,0,Unchanged
2222,0,Unchanged
2223,1333963.62697246,Unchanged
2224,3.31150517784445,Upregulated
2225,19507850.8728343,Unchanged
2226,0,Unchanged
2227,0.00729874109724249,Unchanged
2228,0,Unchanged
2229,0,Unchanged
2230,4.51719605922473e-07,Unchanged
2231,0,Unchanged
2232,0.00699820510077363,Unchanged
2233,0.064736394220597,Downregulated
2234,9.178766367731,Upregulated
2235,60948.4104083202,Unchanged
2236,0,Unchanged
2237,7.80235220353419,Upregulated
2238,0.0693001225580985,Downregulated
2239,0,Unchanged
2240,46.9431057705008,Upregulated
2241,4.60153523253264,Upregulated
2242,0,Unchanged
2243,0,Unchanged
2244,0.348041773900003,Downregulated
2245,0.203964643713965,Downregulated
2246,5.86010607213719,Upregulated
2247,0.574429069289721,Unchanged
2248,0,Unchanged
2249,9.2270328450495,Upregulated
2250,0.308995428993706,Downregulated
2251,5.31928674162438,Upregulated
2252,19.4244375342112,Upregulated
2253,86.4371213285919,Upregulated
2254,22.272406314199,Upregulated
2255,29.9810595000925,Upregulated
2256,30.4631284774481,Upregulated
2257,3.43946702040515e-07,Unchanged
2258,22.4171109178367,Upregulated
2259,2.11674156447091,Upregulated
2260,21.594187493325,Upregulated
2261,0.203889811112841,Downregulated
2262,0,Unchanged
2263,1154.06514893162,Upregulated
2264,0.0831918047424798,Downregulated
2265,4.31009250596023,Upregulated
2266,0.783690545114157,Unchanged
2267,8.62018508107322,Upregulated
2268,0,Unchanged
2269,0,Unchanged
2270,0,Unchanged
2271,7.97033772987865,Upregulated
2272,0.364040475854817,Downregulated
2273,0,Unchanged
2274,4.40156053648863,Upregulated
2275,2.35940604367298e-07,Unchanged
2276,2.29052569266198e-05,Unchanged
2277,0,Unchanged
2278,0.738915082624316,Unchanged
2279,0.533868922757953,Unchanged
2280,0,Unchanged
2281,0,Unchanged
2282,2.12429401117333e-06,Unchanged
2283,0,Unchanged
2284,0.37866587629381,Downregulated
2285,22.0056634678946,Upregulated
2286,23.0624772442858,Upregulated
2287,1.43558530459518e-07,Unchanged
2288,0,Unchanged
2289,27.5744331546183,Upregulated
2290,1.37063259797381,Unchanged
2291,81.8012985591016,Upregulated
2292,0.63289056123252,Unchanged
2293,0,Unchanged
2294,0,Unchanged
2295,0,Unchanged
2296,0,Unchanged
2297,0,Unchanged
2298,0.0444260833142026,Downregulated
2299,0,Unchanged
2300,2.07477700571877,Upregulated
2301,0,Unchanged
2302,0,Unchanged
2303,0,Unchanged
2304,2.28224866249709,Upregulated
2305,1.84050127773728,Unchanged
2306,0,Unchanged
2307,2.4580733610926,Upregulated
2308,0,Unchanged
2309,0.511263120116966,Unchanged
2310,0,Unchanged
2311,1.93315458211786,Unchanged
2312,1.54595079105902,Unchanged
2313,0.0921859257955705,Downregulated
2314,0.0962902346882106,Downregulated
2315,1.42867578882319,Unchanged
2316,0.0103863193481988,Downregulated
2317,0.00631829637289706,Unchanged
2318,0.720437458044165,Unchanged
2319,8.8836177067763,Upregulated
2320,8.8836177067763,Upregulated
2321,0,Unchanged
2322,0.637244024909109,Unchanged
2323,0.665615452495747,Unchanged
2324,0.665615452495747,Unchanged
2325,8.20761490629302,Upregulated
2326,0.66439521983801,Unchanged
2327,0.693975475017698,Unchanged
2328,0.66439521983801,Unchanged
2329,0.693975475017698,Unchanged
2330,0.349441695547558,Downregulated
2331,0.200943886701348,Downregulated
2332,2.47781212655813,Upregulated
2333,2.16420409037597,Upregulated
2334,2.74126495844541,Upregulated
2335,16.9010869146703,Upregulated
2336,34.5045479526011,Upregulated
2337,34.5045494925186,Upregulated
2338,6.61641310435729,Upregulated
2339,381.77561034614,Upregulated
2340,8.81757549669745,Upregulated
2341,7.76008941994375,Upregulated
2342,0,Unchanged
2343,0,Unchanged
2344,2861548.93432202,Unchanged
2345,85.9608133203957,Upregulated
2346,21.9490761239936,Upregulated
2347,2.15152886559896,Upregulated
2348,108.67839918082,Upregulated
2349,3.80127902683016,Upregulated
2350,21.9490761239936,Upregulated
2351,2.15152886559896,Upregulated
2352,108.683339465226,Upregulated
2353,3.80127902683016,Upregulated
2354,3.37135272984977,Upregulated
2355,3.06835236083014,Upregulated
2356,3.23253292364548,Upregulated
2357,0,Unchanged
2358,15.0627755231746,Upregulated
2359,15.0627709193081,Upregulated
2360,15.024052084211,Upregulated
2361,15.024052084211,Upregulated
2362,15.024052084211,Upregulated
2363,15.0552542157828,Upregulated
2364,15.024053334989,Upregulated
2365,1.36710893772559,Unchanged
2366,0,Unchanged
2367,0,Unchanged
2368,0,Unchanged
2369,0,Unchanged
2370,0,Unchanged
2371,85.9568951023234,Upregulated
2372,0,Unchanged
2373,0.00836325455156484,Unchanged
2374,3.12067890120059,Upregulated
2375,0,Unchanged
2376,0,Unchanged
2377,0,Unchanged
2378,0,Unchanged
2379,0,Unchanged
2380,0,Unchanged
2381,0,Unchanged
2382,0,Unchanged
2383,0,Unchanged
2384,0,Unchanged
2385,0,Unchanged
2386,0,Unchanged
2387,0,Unchanged
2388,2.23990319208648e-07,Unchanged
2389,0,Unchanged
2390,0,Unchanged
2391,0,Unchanged
2392,0,Unchanged
2393,0,Unchanged
2394,0,Unchanged
2395,2.3950215916102e-07,Unchanged
2396,0,Unchanged
2397,0,Unchanged
2398,2.54845485956111,Upregulated
2399,3.5407393485838,Upregulated
2400,3.54073948921728,Upregulated
2401,3.41404922276541,Upregulated
2402,9.75161422256741,Upregulated
2403,0,Unchanged
2404,12.9230797355283,Upregulated
2405,0,Unchanged
2406,0,Unchanged
2407,1,Unchanged
2408,0,Unchanged
2409,0,Unchanged
2410,3861529.64941189,Unchanged
2411,3748360.18706557,Unchanged
2412,3861529.74258008,Unchanged
2413,3758235.42070747,Unchanged
2414,8953413.85691372,Unchanged
2415,8970758.15995562,Unchanged
2416,11656360.1264399,Unchanged
2417,8970758.46923105,Unchanged
2418,0,Unchanged
2419,0,Unchanged
2420,3758235.41832393,Unchanged
2421,3758235.6972228,Unchanged
2422,14993441.6494522,Unchanged
2423,0.000245061209859677,Unchanged
2424,8970758.52040767,Unchanged
2425,0,Unchanged
2426,3.74630327127746,Upregulated
2427,3.41086595960275e-05,Unchanged
2428,0.686300612308039,Unchanged
2429,7502605.25478495,Unchanged
2430,0,Unchanged
2431,0,Unchanged
2432,0.0772329168442541,Downregulated
2433,0.00675019398216515,Unchanged
2434,0.00804531286410876,Unchanged
2435,5.64254019928561,Upregulated
2436,903887.642200721,Unchanged
2437,0,Unchanged
2438,0,Unchanged
2439,0,Unchanged
2440,0,Unchanged
2441,249.592780386228,Upregulated
2442,19628738.7010336,Unchanged
2443,1089266.49541015,Unchanged
2444,152686.843243353,Unchanged
2445,0.746162725683412,Unchanged
2446,0,Unchanged
2447,351648.865349602,Unchanged
2448,0,Unchanged
2449,3.50694954850661,Upregulated
2450,223.284669241376,Upregulated
2451,0,Unchanged
2452,0.0343871806260653,Downregulated
2453,3838372.50843516,Unchanged
2454,1.99936743624517,Unchanged
2455,0.704780279116559,Unchanged
2456,2.1166632384106,Upregulated
2457,7.92797962299705,Upregulated
2458,2034553.6108644,Unchanged
2459,0.0343871826149195,Downregulated
2460,2.07405567343859,Upregulated
2461,4.87769133248787,Upregulated
2462,0,Unchanged
2463,71.2665268194368,Upregulated
2464,7.7884131750755,Upregulated
2465,14112784.3680662,Unchanged
2466,0.0557158841665822,Downregulated
2467,1.17075135452752,Unchanged
2468,28153005.7953883,Unchanged
2469,7516470.94624036,Unchanged
2470,7.84927371255789,Upregulated
2471,170.959419149342,Upregulated
2472,1.06265720741484,Unchanged
2473,7497147.71755666,Unchanged
2474,2.42150988948181,Upregulated
2475,5240607.40863688,Unchanged
2476,28225567.6945506,Unchanged
2477,5240607.24088621,Unchanged
2478,1.06760841373895,Unchanged
2479,4.33617622645132,Upregulated
2480,2.43279138508757,Upregulated
2481,3758235.49660429,Unchanged
2482,3758235.49660429,Unchanged
2483,0,Unchanged
2484,0,Unchanged
2485,0.0309289547610103,Downregulated
2486,7516470.92897854,Unchanged
2487,2.23321548875497,Upregulated
2488,1.31843153569211,Unchanged
2489,0,Unchanged
2490,0,Unchanged
2491,0.704780274986071,Unchanged
2492,0.981734293728448,Unchanged
2493,0.332453633394944,Downregulated
2494,0.332453475134454,Downregulated
2495,0.98173433273634,Unchanged
2496,0.261435944659601,Downregulated
2497,0.981734591330814,Unchanged
2498,1.06760872653162,Unchanged
2499,1.06760872672188,Unchanged
2500,4.69576078102354,Upregulated
2501,0,Unchanged
2502,0.369598189512584,Downregulated
2503,0.600574524752028,Unchanged
2504,27.8699483849895,Upregulated
2505,23.0327316119013,Upregulated
2506,0.595940329130838,Unchanged
2507,2.23209967703761,Upregulated
2508,0.617431547335762,Unchanged
2509,0.646510455425264,Unchanged
2510,1.21075490937182,Unchanged
2511,0,Unchanged
2512,3567555.23232774,Unchanged
2513,91.2835446645798,Upregulated
2514,4.98823239446347,Upregulated
2515,0,Unchanged
2516,6851111.38043808,Unchanged
2517,1.39437106278587,Unchanged
2518,2.16883946682814,Upregulated
2519,5.04344872980685,Upregulated
2520,7516470.67165697,Unchanged
2521,0.369598168211461,Downregulated
2522,19.9363767500121,Upregulated
2523,0.76526079463132,Unchanged
2524,2.88124940398813,Upregulated
2525,1.01404660169416,Unchanged
2526,3758235.64072043,Unchanged
2527,14112784.051063,Unchanged
2528,14112784.051063,Unchanged
2529,3758235.30451635,Unchanged
2530,3758235.30451635,Unchanged
2531,14112784.051063,Unchanged
2532,3758235.62245501,Unchanged
2533,14112784.051063,Unchanged
2534,3758235.53213152,Unchanged
2535,1.33461573561146,Unchanged
2536,0,Unchanged
2537,0,Unchanged
2538,0.019330368471173,Downregulated
2539,1.32190498052115,Unchanged
2540,0.114452298459036,Downregulated
2541,0.76727694665268,Unchanged
2542,0,Unchanged
2543,3773205.08762859,Unchanged
2544,3.0803711203517,Upregulated
2545,12.342628947251,Upregulated
2546,3.28703031447168,Upregulated
2547,0.424662103225479,Downregulated
2548,0,Unchanged
2549,11.3332327833907,Upregulated
2550,0.40711547400453,Downregulated
2551,0.705692937908226,Unchanged
2552,3.5932141096413,Upregulated
2553,28151401.2569695,Unchanged
2554,7497147.57218367,Unchanged
2555,0,Unchanged
2556,3.59321309890115,Upregulated
2557,51.954165868456,Upregulated
2558,0,Unchanged
2559,0.0342277041122087,Downregulated
2560,12.2701794513634,Upregulated
2561,1121208.47430009,Unchanged
2562,0,Unchanged
2563,0.152127854330899,Downregulated
2564,0.337369554847305,Downregulated
2565,0.393140171311836,Downregulated
2566,30.1860598416137,Upregulated
2567,325.311895050604,Upregulated
2568,5.11357350279497,Upregulated
2569,27.7979960430448,Upregulated
2570,0,Unchanged
2571,1.14850328323859,Unchanged
2572,0,Unchanged
2573,60.0101862926677,Upregulated
2574,16.0228222612875,Upregulated
2575,15.941520709554,Upregulated
2576,83.5094768958863,Upregulated
2577,133.575975520978,Upregulated
2578,106.348614239145,Upregulated
2579,2.64203891586844,Upregulated
2580,3.63188141968938,Upregulated
2581,0,Unchanged
2582,919.161658769983,Upregulated
2583,58.546742214715,Upregulated
2584,56406373.3268809,Unchanged
2585,70.8988234420748,Upregulated
2586,1648.31860055324,Upregulated
2587,104.601952421926,Upregulated
2588,6.90699967729298,Upregulated
2589,0,Unchanged
2590,435.850592698907,Upregulated
2591,0,Unchanged
2592,16.0638481671163,Upregulated
2593,3.07426099555957,Upregulated
2594,4938913.57431477,Unchanged
2595,1.33584812262764e-05,Unchanged
2596,79.1723705982569,Upregulated
2597,85.9554175841149,Upregulated
2598,4.36791377605451,Upregulated
2599,1.80275349604277,Unchanged
2600,0.011164346460391,Downregulated
2601,0,Unchanged
2602,138573.253964534,Unchanged
2603,1.07517329839985,Unchanged
2604,0,Unchanged
2605,9.77198890661983,Upregulated
2606,2,Upregulated
2607,4.84301895213481,Upregulated
2608,3758260.014706,Unchanged
2609,6.87246733440305,Upregulated
2610,0.154465834661988,Downregulated
2611,0.647852858247318,Unchanged
2612,0.646510228714681,Unchanged
2613,0.646510218793378,Unchanged
2614,1.72824663573116e-09,Unchanged
2615,0,Unchanged
2616,1.70253202363634,Unchanged
2617,635950.740912864,Unchanged
2618,0.16489194214722,Downregulated
2619,6.86021025463753,Upregulated
2620,2.35769055037064,Upregulated
2621,3.00143412292388e-07,Unchanged
2622,1.90979006796977,Unchanged
2623,13087729.5879359,Unchanged
2624,20965422.041849,Unchanged
2625,73.6537491624638,Upregulated
2626,6363772.01151819,Unchanged
2627,0,Unchanged
2628,0,Unchanged
2629,50.9445868651001,Upregulated
2630,0,Unchanged
2631,3.82428662217846,Upregulated
2632,16220282.2294245,Unchanged
2633,15967289.9731725,Unchanged
2634,0.80641458079044,Unchanged
2635,1.15338292432399,Unchanged
2636,1.05029196163287e-07,Unchanged
2637,21760148.6490792,Unchanged
2638,22265314.5445966,Unchanged
2639,2751948.03260896,Unchanged
2640,0,Unchanged
2641,6.81033602813189,Upregulated
2642,0,Unchanged
2643,0,Unchanged
2644,3.36629753190891e-05,Unchanged
2645,4.38457590121288e-07,Unchanged
2646,0,Unchanged
2647,4.83853623393499,Upregulated
2648,4.83853637403638,Upregulated
2649,0.0439310427039956,Downregulated
2650,511032.055645102,Unchanged
2651,511032.055645102,Unchanged
2652,511032.055645102,Unchanged
2653,255516.062711513,Unchanged
2654,511032.055645102,Unchanged
2655,258071.234853618,Unchanged
2656,511032.055645102,Unchanged
2657,511032.055645102,Unchanged
2658,511032.055645102,Unchanged
2659,0.0725848728023479,Downregulated
2660,0.0439551290076237,Downregulated
2661,0.478432617770889,Downregulated
2662,1.49363726194588,Unchanged
2663,20.7398785568035,Upregulated
2664,71684.7263842362,Unchanged
2665,0.0439310439470002,Downregulated
2666,2.96355224905328,Upregulated
2667,515.478942063261,Upregulated
2668,0,Unchanged
2669,13.2327145126846,Upregulated
2670,14.1216582936681,Upregulated
2671,10.6124946974295,Upregulated
2672,13.2327140206065,Upregulated
2673,0,Unchanged
2674,13.2601918325805,Upregulated
2675,32.4210515536105,Upregulated
2676,0,Unchanged
2677,0.65721678395509,Unchanged
2678,2.03072280449811,Upregulated
2679,0.77585343735421,Unchanged
2680,3.22187810938152,Upregulated
2681,2.82863671030532,Upregulated
2682,0.775217961292205,Unchanged
2683,8694464.81270634,Unchanged
2684,2730741.18232337,Unchanged
2685,1.27236963290137,Unchanged
2686,36643.3661659132,Unchanged
2687,0,Unchanged
2688,1,Unchanged
2689,0,Unchanged
2690,0,Unchanged
2691,0,Unchanged
2692,0,Unchanged
2693,0.525388118261075,Unchanged
2694,0,Unchanged
2695,76.9026567962596,Upregulated
2696,14540000.6900954,Unchanged
2697,0.151715271737651,Downregulated
2698,0.151715271737651,Downregulated
2699,0,Unchanged
2700,6.35762760380048,Upregulated
2701,0.897511998823775,Unchanged
2702,0.897511998823775,Unchanged
2703,6318911.35363771,Unchanged
2704,5.78240477950101,Upregulated
2705,2.89842890059327,Upregulated
2706,0.365562136888793,Downregulated
2707,0.596150784733558,Unchanged
2708,0.181168388733978,Downregulated
2709,0.957144194719567,Unchanged
2710,0.632375381033001,Unchanged
2711,0.548320985069102,Unchanged
2712,9276.84975104932,Upregulated
2713,0.17810916458587,Downregulated
2714,3.44058319866934,Upregulated
2715,0.541232290903571,Unchanged
2716,7.69072599165096,Upregulated
2717,50.1021111867155,Upregulated
2718,1.58259844035768,Unchanged
2719,0.143715257506826,Downregulated
2720,3.40622052753648,Upregulated
2721,1.57931904613065,Unchanged
2722,10.2088369258011,Upregulated
2723,59.9103868953255,Upregulated
2724,14.9024555400919,Upregulated
2725,0.272316844146824,Downregulated
2726,2.90209616753009,Upregulated
2727,22895351.7117221,Unchanged
2728,22895351.7117221,Unchanged
2729,3.24522227718999,Upregulated
2730,4.14305660990194,Upregulated
2731,24747099.6540384,Unchanged
2732,0.579405193194623,Unchanged
2733,4.24284132174005,Upregulated
2734,2.50019290837156,Upregulated
2735,3081699.72014763,Unchanged
2736,3.11869462761254,Upregulated
2737,1862631.07398171,Unchanged
2738,7.84475949138061,Upregulated
2739,4.26490240494323,Upregulated
2740,0,Unchanged
2741,1.32155021592806,Unchanged
2742,4072765.56393752,Unchanged
2743,3225094.31847128,Unchanged
2744,1247358.3936457,Unchanged
2745,32676.8369731334,Unchanged
2746,31819.2388262617,Unchanged
2747,0.985475552112464,Unchanged
2748,1.97504371303588,Unchanged
2749,1.97095112291857,Unchanged
2750,0,Unchanged
2751,5.31169196470853,Upregulated
2752,984028.96623082,Unchanged
2753,0.0401719660299051,Downregulated
2754,0.549459625586973,Unchanged
2755,1.6270258947913,Unchanged
2756,9438482.52017404,Unchanged
2757,0.0056761201342261,Unchanged
2758,3.80128731952073,Upregulated
2759,9.97934086141647,Upregulated
2760,25179272.7289393,Unchanged
2761,21317867.6461167,Unchanged
2762,25179272.7289393,Unchanged
2763,0,Unchanged
2764,4573922.64503721,Unchanged
2765,0.895652109587316,Unchanged
2766,0.806538624493374,Unchanged
2767,0,Unchanged
2768,0.982820149031099,Unchanged
2769,0,Unchanged
2770,0,Unchanged
2771,3.23926204202097,Upregulated
2772,0,Unchanged
2773,0,Unchanged
2774,0,Unchanged
2775,0,Unchanged
2776,0,Unchanged
2777,0,Unchanged
2778,0.527060047404403,Unchanged
2779,0,Unchanged
2780,0,Unchanged
2781,0,Unchanged
2782,0,Unchanged
2783,0.526464685100948,Unchanged
2784,0,Unchanged
2785,0,Unchanged
2786,0,Unchanged
2787,0,Unchanged
2788,0,Unchanged
2789,0,Unchanged
2790,24.7526159964936,Upregulated
2791,0,Unchanged
2792,0,Unchanged
2793,18.493423888429,Upregulated
2794,0,Unchanged
2795,0,Unchanged
2796,0,Unchanged
2797,0,Unchanged
2798,0,Unchanged
2799,0,Unchanged
2800,0,Unchanged
2801,0,Unchanged
2802,0,Unchanged
2803,0,Unchanged
2804,2.65772204943769,Upregulated
2805,0,Unchanged
2806,0,Unchanged
2807,2.54210968807571,Upregulated
2808,3.11223105062729,Upregulated
2809,0,Unchanged
2810,56.1181172283649,Upregulated
2811,2.65460618601642,Upregulated
2812,0,Unchanged
2813,0,Unchanged
2814,0,Unchanged
2815,0.271752612104388,Downregulated
2816,0,Unchanged
2817,0,Unchanged
2818,0.539783746754285,Unchanged
2819,0.536275016750815,Unchanged
2820,0,Unchanged
2821,0,Unchanged
2822,2.51933446814696,Upregulated
2823,0,Unchanged
2824,0,Unchanged
2825,0,Unchanged
2826,0,Unchanged
2827,0.771176451906363,Unchanged
2828,0,Unchanged
2829,0,Unchanged
2830,0,Unchanged
2831,1.62947193067318,Unchanged
2832,0,Unchanged
2833,1.6313124538073,Unchanged
2834,1.6313124538073,Unchanged
2835,0,Unchanged
2836,2.17022793191774,Upregulated
2837,2.17022793191774,Upregulated
2838,0,Unchanged
2839,2.08438500021796,Upregulated
2840,0.84113762543528,Unchanged
2841,0,Unchanged
2842,0,Unchanged
2843,0,Unchanged
2844,0,Unchanged
2845,0,Unchanged
2846,0,Unchanged
2847,1.26737612989055,Unchanged
2848,1.47642528887512,Unchanged
2849,0,Unchanged
2850,0,Unchanged
2851,1.97504287374806,Unchanged
2852,1.97504287374806,Unchanged
2853,0,Unchanged
2854,2.17594500367646,Upregulated
2855,2.17594622456478,Upregulated
2856,0,Unchanged
2857,1.55584738507929e-06,Unchanged
2858,0,Unchanged
2859,0,Unchanged
2860,0,Unchanged
2861,0,Unchanged
2862,0,Unchanged
2863,0.647852553203666,Unchanged
2864,0,Unchanged
2865,0,Unchanged
2866,0,Unchanged
2867,0,Unchanged
2868,0,Unchanged
2869,0,Unchanged
2870,0,Unchanged
2871,0,Unchanged
2872,0,Unchanged
2873,7516470.84427518,Unchanged
2874,93.1084902910519,Upregulated
2875,7516470.84427518,Unchanged
2876,9.03002360114307,Upregulated
2877,7516470.84427518,Unchanged
2878,0.64785268111699,Unchanged
2879,0.64785268111699,Unchanged
2880,3758235.42213759,Unchanged
2881,0.394724460120037,Downregulated
2882,0.64785286900541,Unchanged
2883,0.709979006143639,Unchanged
2884,3758236.0699903,Unchanged
2885,7516470.84427518,Unchanged
2886,3758235.42213759,Unchanged
2887,0.647852711345769,Unchanged
2888,0.329615662343549,Downregulated
2889,1.45641609791497,Unchanged
2890,1.45641609791497,Unchanged
2891,0.600574504049323,Unchanged
2892,91.4730613794274,Upregulated
2893,91.4730613794274,Upregulated
2894,0.400287963260386,Downregulated
2895,0.0871849263908433,Downregulated
2896,7.90157930876995,Upregulated
2897,3758235.59765508,Unchanged
2898,1.39437070976704,Unchanged
2899,0.594705476106694,Unchanged
2900,0.594705476266917,Unchanged
2901,0.590930156267699,Unchanged
2902,0.590930125474147,Unchanged
2903,3758235.59765508,Unchanged
2904,0.58992194995822,Unchanged
2905,0.589377400755338,Unchanged
2906,0.215383481023787,Downregulated
2907,0.215383481165833,Downregulated
2908,0.215383481023787,Downregulated
2909,0.215383481165833,Downregulated
2910,0.289839364065815,Downregulated
2911,8.30690768609152,Upregulated
2912,8.31420259220292,Upregulated
2913,8.29659071704012,Upregulated
2914,0.289839351575438,Downregulated
2915,0.936109910147501,Unchanged
2916,1.06259645314836,Unchanged
2917,1.53269046725093,Unchanged
2918,2.60258884690731,Upregulated
2919,0.4746803304149,Downregulated
2920,0.537128422889587,Unchanged
2921,0.652325366648339,Unchanged
2922,0.652325315042816,Unchanged
2923,0.538243433064275,Unchanged
2924,0.652325315042816,Unchanged
2925,6930182.89300179,Unchanged
2926,0.652325315042816,Unchanged
2927,0.652325366648339,Unchanged
2928,1.96458954988999,Unchanged
2929,1.96459005481654,Unchanged
2930,0.97659549798157,Unchanged
2931,0.652325315042816,Unchanged
2932,0.652325315042816,Unchanged
2933,192014.68818166,Unchanged
2934,0.538243438226982,Unchanged
2935,0.597319907676714,Unchanged
2936,0.526678525607645,Unchanged
2937,0.931072049702008,Unchanged
2938,3104983.98599364,Unchanged
2939,3104983.98599364,Unchanged
2940,3104983.98599364,Unchanged
2941,43014.9204634753,Unchanged
2942,0.120326850917432,Downregulated
2943,0.011411248441277,Downregulated
2944,0.0417375402970807,Downregulated
2945,0.0368456417298041,Downregulated
2946,0.04173769827239,Downregulated
2947,0.887676573202925,Unchanged
2948,0.242695033173393,Downregulated
2949,0.242695176350933,Downregulated
2950,0.243198982949897,Downregulated
2951,3123344.45681662,Unchanged
2952,3123343.17785948,Unchanged
2953,0.419622030325385,Downregulated
2954,0.887253714722315,Unchanged
2955,0.719032597729565,Unchanged
2956,0.11408833008444,Downregulated
2957,0.43577494895539,Downregulated
2958,0.22758438959332,Downregulated
2959,4.96632092616264e-07,Unchanged
2960,2.31270971463449e-07,Unchanged
2961,5.95548429887443,Upregulated
2962,8.44139467848003e-07,Unchanged
2963,5.15899739336335e-07,Unchanged
2964,0.34788018361189,Downregulated
2965,0.347880183636834,Downregulated
2966,0.343949109887375,Downregulated
2967,0.902502405611687,Unchanged
2968,10.7645553815053,Upregulated
2969,0.544633700522974,Unchanged
2970,0.895652209092436,Unchanged
2971,0.895652209092436,Unchanged
2972,3.51423033961694,Upregulated
2973,18.2123773678826,Upregulated
2974,5.85822953929577,Upregulated
2975,7.17057756735463,Upregulated
2976,3.51423171224614,Upregulated
2977,5.77916515354465,Upregulated
2978,5.77916515354465,Upregulated
2979,3.51423171224614,Upregulated
2980,3.50694855035922,Upregulated
2981,5.77916681819797,Upregulated
2982,5.77916535257298,Upregulated
2983,3.51423076490602,Upregulated
2984,0.881906573829157,Unchanged
2985,2.50483625988548,Upregulated
2986,0.535164019124197,Unchanged
2987,0.881906615297674,Unchanged
2988,0.854875345840599,Unchanged
2989,0.518760737241801,Unchanged
2990,0.854875332448585,Unchanged
2991,0.519837915648996,Unchanged
2992,0.578690835306487,Unchanged
2993,1.47232381777357,Unchanged
2994,0.893444664464206,Unchanged
2995,0.893444664464206,Unchanged
2996,1.47232381777357,Unchanged
2997,1.04426676430691,Unchanged
2998,0.633688430211075,Unchanged
2999,0.633688430211075,Unchanged
3000,1.0442668238867,Unchanged
3001,0.897511926109159,Unchanged
3002,0.544633718645778,Unchanged
3003,0.895652583601881,Unchanged
3004,0.895652410383229,Unchanged
3005,1.8345460982327,Unchanged
3006,1.83454666951831,Unchanged
3007,1.11556315533351,Unchanged
3008,1.3483792162349,Unchanged
3009,0.932120045616278,Unchanged
3010,0.164948858885634,Downregulated
3011,1.4441887198996,Unchanged
3012,1.58259889848836,Unchanged
3013,2.60799303124666,Upregulated
3014,2.60799303124666,Upregulated
3015,1.58259889848836,Unchanged
3016,1.58259765310719,Unchanged
3017,2.60799231974822,Upregulated
3018,2.60799231974822,Upregulated
3019,1.58259765310719,Unchanged
3020,2.68780805245351,Upregulated
3021,2.69351296319454,Upregulated
3022,1.58259887742008,Unchanged
3023,2.60799310978743,Upregulated
3024,2.60799310978743,Upregulated
3025,1.58259887742008,Unchanged
3026,1.58259885915478,Unchanged
3027,2.60799306653782,Upregulated
3028,2.60799306653782,Upregulated
3029,1.58259885915478,Unchanged
3030,1.58259885915478,Unchanged
3031,2.60799306653782,Upregulated
3032,2.60799306653782,Upregulated
3033,1.58259885915478,Unchanged
3034,1.58259887742008,Unchanged
3035,2.60799306653782,Upregulated
3036,2.60799306653782,Upregulated
3037,1.58259887742008,Unchanged
3038,2.6079929676443,Upregulated
3039,1.58259887742008,Unchanged
3040,2.36958186097437,Upregulated
3041,2.35680717178851,Upregulated
3042,1.43394052387875,Unchanged
3043,1.43096921538708,Unchanged
3044,2.21088106702831,Upregulated
3045,3.2537713593881,Upregulated
3046,1.8885834651565,Unchanged
3047,3.26544848856513,Upregulated
3048,2.51933494295045,Upregulated
3049,3.71501443895938,Upregulated
3050,3.8610805321978,Upregulated
3051,1.47642556712792,Unchanged
3052,45.3459941237066,Upregulated
3053,0,Unchanged
3054,1.78235131626997,Unchanged
3055,35.4796229029698,Upregulated
3056,1.91759281046922,Unchanged
3057,2.68523692617566,Upregulated
3058,2.68826992842762,Upregulated
3059,3.56894877688672,Upregulated
3060,2.08438557755456,Upregulated
3061,1.04050386496261,Unchanged
3062,1.04050386496261,Unchanged
3063,0.543722116640927,Unchanged
3064,0.543202642569841,Unchanged
3065,0.893298780312292,Unchanged
3066,0.893298780312292,Unchanged
3067,0.771176292882185,Unchanged
3068,0.771176292882185,Unchanged
3069,1.26820228313461,Unchanged
3070,0,Unchanged
3071,0.771176292882185,Unchanged
3072,0.771176292882185,Unchanged
3073,0.940587868214961,Unchanged
3074,1.06539611356643,Unchanged
3075,0.647852686991841,Unchanged
3076,14.8750435862549,Upregulated
3077,14.8442264775626,Upregulated
3078,1.06539613386137,Unchanged
3079,1.06539611869357,Unchanged
3080,1.06760840302628,Unchanged
3081,1.067608398994,Unchanged
3082,1.06760841149141,Unchanged
3083,1.06539592428941,Unchanged
3084,0.647852867937256,Unchanged
3085,1.0676083720765,Unchanged
3086,1.0676083720765,Unchanged
3087,0.647852867937256,Unchanged
3088,0.647852867937256,Unchanged
3089,1.06760840620404,Unchanged
3090,1.06760840620404,Unchanged
3091,0.647852867937256,Unchanged
3092,0.647852867937256,Unchanged
3093,1.06760837293102,Unchanged
3094,1.06760837293102,Unchanged
3095,0.647852879424574,Unchanged
3096,3758235.42213759,Unchanged
3097,0,Unchanged
3098,3.27615842513796,Upregulated
3099,0.597517388173462,Unchanged
3100,0.292662460440514,Downregulated
3101,0.403187813845374,Downregulated
3102,0.597517388173462,Unchanged
3103,0,Unchanged
3104,0.292662460440514,Downregulated
3105,0.0760994144234397,Downregulated
3106,0.20327022032936,Downregulated
3107,0.112561620778728,Downregulated
3108,1.06259675270599,Unchanged
3109,1.06259675270599,Unchanged
3110,1.06259657947944,Unchanged
3111,0.595947354799736,Unchanged
3112,0.595947354799736,Unchanged
3113,7.88081796205115,Upregulated
3114,0.595947297405559,Unchanged
3115,7.8804581963294,Upregulated
3116,0.189299162426711,Downregulated
3117,0.189797866275804,Downregulated
3118,0.64615067574339,Unchanged
3119,3748360.47865196,Unchanged
3120,0.646150369839357,Unchanged
3121,0.504919996947676,Unchanged
3122,104129.488909249,Unchanged
3123,0.179266501210642,Downregulated
3124,1.06539613458237,Unchanged
3125,0.179266501210642,Downregulated
3126,1.06539613458237,Unchanged
3127,1.06539595077964,Unchanged
3128,1.06539595077964,Unchanged
3129,1.06539610905347,Unchanged
3130,91.4772573168318,Upregulated
3131,0.529607456971017,Unchanged
3132,91.4772340692981,Upregulated
3133,1.06539610929381,Unchanged
3134,0.353755758484618,Downregulated
3135,0.529607453125659,Unchanged
3136,1.06539613759991,Unchanged
3137,1.06539613759991,Unchanged
3138,0.529607349514649,Unchanged
3139,0.353755786256642,Downregulated
3140,0.353755786470273,Downregulated
3141,0.353755786470273,Downregulated
3142,1.06539645888546,Unchanged
3143,1.06539640410452,Unchanged
3144,2.22796418262919e-06,Unchanged
3145,7.42176877673753,Upregulated
3146,0.595940353636496,Unchanged
3147,0.595940379379026,Unchanged
3148,13.7280681567851,Upregulated
3149,0.476298119552742,Downregulated
3150,0.476298119552742,Downregulated
3151,0.308715758842069,Downregulated
3152,1.52164800953548,Unchanged
3153,5.83656404051003,Upregulated
3154,1.63373964269465,Unchanged
3155,0,Unchanged
3156,3748360.47865196,Unchanged
3157,7223580.5195087,Unchanged
3158,0.577529290228539,Unchanged
3159,0.475046601256636,Downregulated
3160,0.577529290015469,Unchanged
3161,7223581.0014255,Unchanged
3162,7223581.69711032,Unchanged
3163,0.475046601256636,Downregulated
3164,7516470.87879882,Unchanged
3165,7223581.69711079,Unchanged
3166,6.24930964967508,Upregulated
3167,6.24930907089992,Upregulated
3168,3219242.7512405,Unchanged
3169,54392.2744278734,Unchanged
3170,61035.7421874288,Unchanged
3171,3.08731018804139,Upregulated
3172,16882344.7637754,Unchanged
3173,1.26997629486269,Unchanged
3174,22.2388696786725,Upregulated
3175,7.44767337250168e-08,Unchanged
3176,0.285726622137458,Downregulated
3177,0.0335070295748464,Downregulated
3178,0.00775798959423064,Unchanged
3179,3.03837323342229,Upregulated
3180,0.103209078586688,Downregulated
3181,0.103209078586688,Downregulated
3182,0.623473149067257,Unchanged
3183,0.612745235228739,Unchanged
3184,0.00536395371645001,Unchanged
3185,7.46313453661314e-08,Unchanged
3186,0.212829410150327,Downregulated
3187,0.212829410150327,Downregulated
3188,0.623473149067257,Unchanged
3189,2.03272744698779e-08,Unchanged
3190,956878.463529356,Unchanged
3191,0.0456099856973663,Downregulated
3192,2.04732140979356e-08,Unchanged
3193,0.285791702494453,Downregulated
3194,0.285527879715595,Downregulated
3195,0.279918793644228,Downregulated
3196,0.279918804619192,Downregulated
3197,0.279902858456538,Downregulated
3198,3.97710665318458e-08,Unchanged
3199,0.279918804619192,Downregulated
3200,0.280209609245369,Downregulated
3201,0.00942586480837845,Unchanged
3202,0.00942586527230785,Unchanged
3203,0.00942586569735492,Unchanged
3204,0.00942586548523774,Unchanged
3205,0.00495620266131645,Unchanged
3206,0.10455816187427,Downregulated
3207,0,Unchanged
3208,25.4152427276486,Upregulated
3209,1.67976329711855,Unchanged
3210,4.41802918731594,Upregulated
3211,1.37149690853144,Unchanged
3212,1.72422244801942e-06,Unchanged
3213,6.85681351075641,Upregulated
3214,6.85681338384,Upregulated
3215,6.84355820807006,Upregulated
3216,3.00487330107873,Upregulated
3217,0,Unchanged
3218,0,Unchanged
3219,0.28181829270177,Downregulated
3220,0,Unchanged
3221,0,Unchanged
3222,0,Unchanged
3223,0,Unchanged
3224,0.0186077559564917,Downregulated
3225,0.224690160452796,Downregulated
3226,0.339942290267921,Downregulated
3227,8.2269381495076e-08,Unchanged
3228,0.109227537286119,Downregulated
3229,8.15137188832082e-08,Unchanged
3230,0.688266068669813,Unchanged
3231,0.322811264343731,Downregulated
3232,64.7928713440821,Upregulated
3233,3.51084453229796,Upregulated
3234,4.53358000197788,Upregulated
3235,0.41687155063438,Downregulated
3236,0.0582737686025273,Downregulated
3237,1.18156876115531,Unchanged
3238,0.366060287824229,Downregulated
3239,0,Unchanged
3240,0,Unchanged
3241,0,Unchanged
3242,0,Unchanged
3243,0,Unchanged
3244,0,Unchanged
3245,0,Unchanged
3246,0,Unchanged
3247,0,Unchanged
3248,0,Unchanged
3249,0,Unchanged
3250,1.57051072821626,Unchanged
3251,14563241.479272,Unchanged
3252,14055377.0234589,Unchanged
3253,14055377.0234589,Unchanged
3254,14144481.966341,Unchanged
3255,2.37093922237568,Upregulated
3256,2.37093922237568,Upregulated
3257,2.33169898862479,Upregulated
3258,1.2702874398371,Unchanged
3259,1.17701495080866,Unchanged
3260,1.17701495080866,Unchanged
3261,1.17701495080866,Unchanged
3262,1.17701495080866,Unchanged
3263,2.32570404219656,Upregulated
3264,2.32570404219656,Upregulated
3265,2.32570404219656,Upregulated
3266,2.32570404219656,Upregulated
3267,2.32570408690531,Upregulated
3268,2.32570408690531,Upregulated
3269,2.32570408690531,Upregulated
3270,2.32570408690531,Upregulated
3271,0.518286082824937,Unchanged
3272,0.518286082824937,Unchanged
3273,0.518286082824937,Unchanged
3274,0.518286082824937,Unchanged
3275,1483848.97990412,Unchanged
3276,0,Unchanged
3277,0,Unchanged
3278,0,Unchanged
3279,0,Unchanged
3280,0,Unchanged
3281,0,Unchanged
3282,15.062776704465,Upregulated
3283,0,Unchanged
3284,3.4631772646567,Upregulated
3285,0,Unchanged
3286,0,Unchanged
3287,2.31739709544239,Upregulated
3288,0,Unchanged
3289,0,Unchanged
3290,0,Unchanged
3291,0,Unchanged
3292,0,Unchanged
3293,0,Unchanged
3294,1.92584001228416,Unchanged
3295,0,Unchanged
3296,1.92584001228416,Unchanged
3297,0,Unchanged
3298,1.05500103344763,Unchanged
3299,1.05500103344763,Unchanged
3300,1.05228880901133,Unchanged
3301,0,Unchanged
3302,0,Unchanged
3303,0,Unchanged
3304,0,Unchanged
3305,1.95651929501996,Unchanged
3306,1.95651929501996,Unchanged
3307,1.84914836582089,Unchanged
3308,0,Unchanged
3309,2.32570396779903,Upregulated
3310,0,Unchanged
3311,2.09722334542251,Upregulated
3312,1.5647957931994,Unchanged
3313,0,Unchanged
3314,1.89702868805165,Unchanged
3315,0,Unchanged
3316,1.90191818941291,Unchanged
3317,1.89702868805165,Unchanged
3318,0,Unchanged
3319,2.23321550606859,Upregulated
3320,27.7995981417444,Upregulated
3321,0,Unchanged
3322,2.11968954163897,Upregulated
3323,0,Unchanged
3324,0,Unchanged
3325,0,Unchanged
3326,0,Unchanged
3327,0,Unchanged
3328,0,Unchanged
3329,0,Unchanged
3330,0,Unchanged
3331,0,Unchanged
3332,0,Unchanged
3333,0,Unchanged
3334,0,Unchanged
3335,0,Unchanged
3336,0,Unchanged
3337,0,Unchanged
3338,0,Unchanged
3339,0,Unchanged
3340,0,Unchanged
3341,5672577.80276381,Unchanged
3342,0.0912627092712712,Downregulated
3343,0.625651513726304,Unchanged
3344,0,Unchanged
3345,3.46729120481441,Upregulated
3346,31950.9958995131,Unchanged
3347,0.00622976483382728,Unchanged
3348,60174.8237038615,Unchanged
3349,0.000572463967269758,Unchanged
3350,0,Unchanged
3351,0.998049261534319,Unchanged
3352,0.795055158609155,Unchanged
3353,3.66791922740967,Upregulated
3354,0.00761421979323145,Unchanged
3355,0,Unchanged
3356,0.275890410343231,Downregulated
3357,15171169.2165495,Unchanged
3358,0.853228914004756,Unchanged
3359,0,Unchanged
3360,2.35690096936937,Upregulated
3361,41.0470356309675,Upregulated
3362,10.4256330646718,Upregulated
3363,60133009.1062361,Unchanged
3364,1.77880212437069,Unchanged
3365,2.21941568927454,Upregulated
3366,23.6380491902403,Upregulated
3367,0,Unchanged
3368,0,Unchanged
3369,6.04531334292505,Upregulated
3370,3.41561393418825,Upregulated
3371,1.12130682700296,Unchanged
3372,20505201.5429152,Unchanged
3373,8.15262148340151,Upregulated
3374,0.0086347300338512,Unchanged
3375,9.44331499404639,Upregulated
3376,12.8617743985291,Upregulated
3377,0.25694027881819,Downregulated
3378,0.217249987738698,Downregulated
3379,1.36528857865414e-07,Unchanged
3380,7.73014160209869,Upregulated
3381,0.30697703713629,Downregulated
3382,0.283144502597639,Downregulated
3383,0,Unchanged
3384,0.245051295686002,Downregulated
3385,0.200300901890224,Downregulated
3386,0,Unchanged
3387,2.38935566499961,Upregulated
3388,0.440594342828189,Downregulated
3389,0,Unchanged
3390,0.00751856689959702,Unchanged
3391,0,Unchanged
3392,1.09077807013009,Unchanged
3393,0.602447235622447,Unchanged
3394,12.2048583147649,Upregulated
3395,0.440594463544704,Downregulated
3396,0,Unchanged
3397,0,Unchanged
3398,0,Unchanged
3399,0,Unchanged
3400,0,Unchanged
3401,0,Unchanged
3402,5685779.37483193,Unchanged
3403,0,Unchanged
3404,0,Unchanged
3405,0,Unchanged
3406,0,Unchanged
3407,0,Unchanged
3408,0,Unchanged
3409,0,Unchanged
3410,0,Unchanged
3411,0,Unchanged
3412,8.01413076360238e-08,Unchanged
3413,8.0141307635709e-08,Unchanged
3414,0,Unchanged
3415,0.669345173284125,Unchanged
3416,10.8225645357853,Upregulated
3417,4229446.17285991,Unchanged
3418,104544.818626211,Unchanged
3419,0,Unchanged
3420,57624134.9455151,Unchanged
3421,57624134.6505918,Unchanged
3422,57472717.4401044,Unchanged
3423,11.4766502876648,Upregulated
3424,11.4464950835834,Upregulated
3425,11.4766499540325,Upregulated
3426,0.127203760695166,Downregulated
3427,0.128422687419761,Downregulated
3428,0.362055929596835,Downregulated
3429,0.211649936023754,Downregulated
3430,1.31302841740995,Unchanged
3431,1.31646588058595,Unchanged
3432,0,Unchanged
3433,22.589424544472,Upregulated
3434,89.8551757227202,Upregulated
3435,0.479191451102434,Downregulated
3436,2.29640411248511e-07,Unchanged
3437,0.306924674410685,Downregulated
3438,0.987758668460553,Unchanged
3439,0.990360952866435,Unchanged
3440,0.22379037068887,Downregulated
3441,2.89313834721248e-06,Unchanged
3442,1.65839649027074e-07,Unchanged
3443,0.550290249065082,Unchanged
3444,0.654576330704686,Unchanged
3445,0.000210641735810668,Unchanged
3446,148131771.873122,Unchanged
3447,2667922.98351256,Unchanged
3448,42.8710790561553,Upregulated
3449,0,Unchanged
3450,0.66882419667761,Unchanged
3451,0.0699829601464349,Downregulated
3452,0.288294495139652,Downregulated
3453,0.0197593075867833,Downregulated
3454,2.15700121532643,Upregulated
3455,1.99286325820854,Unchanged
3456,2.07777361699611,Upregulated
3457,0.601629194856014,Unchanged
3458,0.0111564830870309,Downregulated
3459,4.16294890610472,Upregulated
3460,11.8984508037793,Upregulated
3461,0.0300357458263095,Downregulated
3462,2.52953169379461,Upregulated
3463,1.15457755627239,Unchanged
3464,33.0800560006146,Upregulated
3465,0.0300357464107302,Downregulated
3466,0.985704018997838,Unchanged
3467,4.29879770752955,Upregulated
3468,4.29879753637889,Upregulated
3469,4.82851201795944,Upregulated
3470,4.17367873189284,Upregulated
3471,4.22519005948632,Upregulated
3472,4.07784409361272,Upregulated
3473,5.37185464342631,Upregulated
3474,5.35781321689398,Upregulated
3475,0,Unchanged
3476,0,Unchanged
3477,5.46398628789437,Upregulated
3478,0,Unchanged
3479,0,Unchanged
3480,1.80212627651635,Unchanged
3481,1.23272827458216,Unchanged
3482,1.23272827458216,Unchanged
3483,0.299102718497756,Downregulated
3484,0,Unchanged
3485,2.90778690057891e-07,Unchanged
3486,0,Unchanged
3487,2.90778690057891e-07,Unchanged
3488,0,Unchanged
3489,59.6008731092928,Upregulated
3490,1.33318380523957,Unchanged
3491,59.4442591825812,Upregulated
3492,0.0636869377526703,Downregulated
3493,0,Unchanged
3494,0.00955576260672461,Unchanged
3495,0.0533399605599277,Downregulated
3496,0.315696807951141,Downregulated
3497,0.30903247145572,Downregulated
3498,8.36156147562992e-08,Unchanged
3499,8.36156147562992e-08,Unchanged
3500,8.36156147562992e-08,Unchanged
3501,0,Unchanged
3502,0.315696936033936,Downregulated
3503,0,Unchanged
3504,0.0242985818544183,Downregulated
3505,0.0546383277120584,Downregulated
3506,0.0243490311835695,Downregulated
3507,0.0547517691875954,Downregulated
3508,0,Unchanged
3509,17.1291372349988,Upregulated
3510,17.1291380130621,Upregulated
3511,8.37892234128224e-08,Unchanged
3512,0,Unchanged
3513,3.05334497716103e-06,Unchanged
3514,46.2181754717492,Upregulated
3515,0,Unchanged
3516,1.4845991349159,Unchanged
3517,112.582933007572,Upregulated
3518,112.515161588209,Upregulated
3519,106.534049456958,Upregulated
3520,0.660374111412114,Unchanged
3521,0,Unchanged
3522,1.63261149728987,Unchanged
3523,0,Unchanged
3524,0.440217725569331,Downregulated
3525,0,Unchanged
3526,0,Unchanged
3527,0.0463902429905454,Downregulated
3528,0.0357736358058287,Downregulated
3529,0,Unchanged
3530,21334.7019967382,Unchanged
3531,15351.809135114,Upregulated
3532,3040145.3955845,Unchanged
3533,0,Unchanged
3534,0,Unchanged
3535,0,Unchanged
3536,12.8743190099685,Upregulated
3537,0,Unchanged
3538,11.5907066764371,Upregulated
3539,11.5661606174324,Upregulated
3540,0,Unchanged
3541,7.18806913410402,Upregulated
3542,0.635394776031786,Unchanged
3543,0.160880140750421,Downregulated
3544,0.142679221895601,Downregulated
3545,0.737268906865853,Unchanged
3546,0.142679212188202,Downregulated
3547,0.737268906865853,Unchanged
3548,7.84881585263349,Upregulated
3549,3.77568339160579,Upregulated
3550,11.6012107209896,Upregulated
3551,6.69746683537937,Upregulated
3552,0,Unchanged
3553,11.6017405142531,Upregulated
3554,0.86693366063411,Unchanged
3555,0.232632724760335,Downregulated
3556,0.720924204224778,Unchanged
3557,0.0386037827313863,Downregulated
3558,0,Unchanged
3559,3.82080072687544,Upregulated
3560,0,Unchanged
3561,1.033701136225,Unchanged
3562,0,Unchanged
3563,0,Unchanged
3564,0.439655364160197,Downregulated
3565,0,Unchanged
3566,0,Unchanged
3567,0,Unchanged
3568,0,Unchanged
3569,0,Unchanged
3570,4.27518937065415,Upregulated
3571,1.03422958439953,Unchanged
3572,0.522148749870154,Unchanged
3573,0,Unchanged
3574,12.4710129449345,Upregulated
3575,5.1937184810699,Upregulated
3576,2.4610133149242,Upregulated
3577,2.4610132932043,Upregulated
3578,0,Unchanged
3579,5.42815389475094,Upregulated
3580,4.83702753013492,Upregulated
3581,17.5616615884685,Upregulated
3582,68.2597379418577,Upregulated
3583,68.2597379418577,Upregulated
3584,528.156729955148,Upregulated
3585,826.751178661695,Upregulated
3586,826.751178661695,Upregulated
3587,826.751178661695,Upregulated
3588,21.9474688361176,Upregulated
3589,231.091019659625,Upregulated
3590,0.18190393106394,Downregulated
3591,0,Unchanged
3592,6.21913485541793,Upregulated
3593,0.267272094846856,Downregulated
3594,0.26727208939902,Downregulated
3595,1.65562051634538e-07,Unchanged
3596,1.65562051634538e-07,Unchanged
3597,1.06953088357202e-06,Unchanged
3598,1.06953088357202e-06,Unchanged
3599,1.06953088357202e-06,Unchanged
3600,1.06953088357202e-06,Unchanged
3601,0,Unchanged
3602,6.76128205782334e-07,Unchanged
3603,0,Unchanged
3604,1.64628757147511e-07,Unchanged
3605,1.64628757147511e-07,Unchanged
3606,1.64628757147511e-07,Unchanged
3607,1.64628757147511e-07,Unchanged
3608,0,Unchanged
3609,0,Unchanged
3610,0.206384549057384,Downregulated
3611,0.288196323979341,Downregulated
3612,0.0287112968465272,Downregulated
3613,0.011147945712128,Downregulated
3614,0.0249149840406454,Downregulated
3615,6.40049764482937e-08,Unchanged
3616,6.40049764482937e-08,Unchanged
3617,6.40049764482937e-08,Unchanged
3618,0.0242018932324084,Downregulated
3619,4.36632014202684,Upregulated
3620,2.30673158772691,Upregulated
3621,0,Unchanged
3622,6.05671880540821,Upregulated
3623,6.10769423036646,Upregulated
3624,6.05671880540821,Upregulated
3625,6.10769423036646,Upregulated
3626,6.01650214039367,Upregulated
3627,0,Unchanged
3628,0,Unchanged
3629,0,Unchanged
3630,6.45741278174496,Upregulated
3631,2.9593760977316,Upregulated
3632,0.300956862077694,Downregulated
3633,0.300956862077694,Downregulated
3634,2.27806882860613,Upregulated
3635,0,Unchanged
3636,1.17327463517035e-06,Unchanged
3637,7.86236988903154e-07,Unchanged
3638,8.75629164886849e-07,Unchanged
3639,0.0118935569583048,Downregulated
3640,1.38991907077058e-07,Unchanged
3641,1.31364190036454e-07,Unchanged
3642,7.47549897213533e-08,Unchanged
3643,0.00877567341805951,Unchanged
3644,0,Unchanged
3645,2.26359149520783,Upregulated
3646,1.34765625997346e-07,Unchanged
3647,0.118578505111407,Downregulated
3648,5.53061496388712,Upregulated
3649,0.0132964694023205,Downregulated
3650,27.6632020693205,Upregulated
3651,1.00861124012308e-06,Unchanged
3652,3.93802074399762,Upregulated
3653,2.30835280030452,Upregulated
3654,0.101701415276714,Downregulated
3655,0.211179780592645,Downregulated
3656,7.1009263823556,Upregulated
3657,7.994648514772,Upregulated
3658,0.0624734209324104,Downregulated
3659,0.634077977400577,Unchanged
3660,0.639414595360421,Unchanged
3661,24.1388522792809,Upregulated
3662,21.5842840504415,Upregulated
3663,21.58428344109,Upregulated
3664,0.163732547174907,Downregulated
3665,57.7417990649995,Upregulated
3666,0,Unchanged
3667,0,Unchanged
3668,7675611.8751249,Unchanged
3669,8.45194192246426,Upregulated
3670,1.11308291792706,Unchanged
3671,1.11595190383369,Unchanged
3672,1.12534406059509,Unchanged
3673,1.11595182687326,Unchanged
3674,1.12534406059509,Unchanged
3675,0,Unchanged
3676,0.43767001637063,Downregulated
3677,0,Unchanged
3678,0.18624491732454,Downregulated
3679,0,Unchanged
3680,0,Unchanged
3681,0,Unchanged
3682,0,Unchanged
3683,1.37478521445703,Unchanged
3684,0,Unchanged
3685,0,Unchanged
3686,0,Unchanged
3687,0,Unchanged
3688,0,Unchanged
3689,0,Unchanged
3690,0,Unchanged
3691,0,Unchanged
3692,0,Unchanged
3693,0,Unchanged
3694,0,Unchanged
3695,0,Unchanged
3696,0,Unchanged
3697,0,Unchanged
3698,2.94764636333518e-07,Unchanged
3699,2.94764636333518e-07,Unchanged
3700,0.302542027894046,Downregulated
3701,0.18624489501812,Downregulated
3702,0.282765240359554,Downregulated
3703,0.000509757591453493,Unchanged
3704,0.000509757591456494,Unchanged
3705,4.11398111264192,Upregulated
3706,0,Unchanged
3707,0,Unchanged
3708,0.356761794423636,Downregulated
3709,0.043627981917705,Downregulated
3710,2.90778690057891e-07,Unchanged
3711,0,Unchanged
3712,0,Unchanged
3713,1.11595212509725,Unchanged
3714,0.602285131573415,Unchanged
3715,0.602342165716699,Unchanged
3716,0.277919967821555,Downregulated
3717,4.10602552751602,Upregulated
3718,1.1130828957753,Unchanged
3719,1.11595184253771,Unchanged
3720,2.90778617259235e-07,Unchanged
3721,0,Unchanged
3722,0.601333784551166,Unchanged
3723,0,Unchanged
3724,0,Unchanged
3725,0,Unchanged
3726,0.00050975806785393,Unchanged
3727,4.11398016723661,Upregulated
3728,0,Unchanged
3729,2.90778617259235e-07,Unchanged
3730,0.86611335186916,Unchanged
3731,2.90778617259235e-07,Unchanged
3732,4.52788320466349,Upregulated
3733,4.77262089150484,Upregulated
3734,4.77262048407974,Upregulated
3735,0,Unchanged
3736,13.1084976488907,Upregulated
3737,62.5665868509412,Upregulated
3738,12.5241669043151,Upregulated
3739,1.11595209441001,Unchanged
3740,12.5241674660494,Upregulated
3741,0,Unchanged
3742,0,Unchanged
3743,0.056291033656704,Downregulated
3744,4.1034040651568,Upregulated
3745,0,Unchanged
3746,0,Unchanged
3747,96.8174780147389,Upregulated
3748,59.6008704124438,Upregulated
3749,59.6008873088513,Upregulated
3750,59.6008704124438,Upregulated
3751,62.4021962939979,Upregulated
3752,67.7965345938758,Upregulated
3753,67.7965340790667,Upregulated
3754,10.9773372139161,Upregulated
3755,59.4442591825812,Upregulated
3756,0,Unchanged
3757,5.94251221355346e-06,Unchanged
3758,0.0434790851209756,Downregulated
3759,0,Unchanged
3760,0,Unchanged
3761,41.4046899130731,Upregulated
3762,46.741340947784,Upregulated
3763,68.8778054730337,Upregulated
3764,178731353.538878,Unchanged
3765,52.9387726806436,Upregulated
3766,18.4642914178581,Upregulated
3767,0.994169323510973,Unchanged
3768,0,Unchanged
3769,8.85167322763891e-08,Unchanged
3770,0,Unchanged
3771,0,Unchanged
3772,0,Unchanged
3773,0,Unchanged
3774,671.633416825337,Upregulated
3775,52.8300764469877,Upregulated
3776,2.26975389321399,Upregulated
3777,0,Unchanged
3778,0,Unchanged
3779,2.98254044481158,Upregulated
3780,3.91277925688968,Upregulated
3781,3.92090495996199,Upregulated
3782,4.55152954808235,Upregulated
3783,108.277038277395,Upregulated
3784,10.7765390558902,Upregulated
3785,0.105413184641766,Downregulated
3786,8.76875208632555e-07,Unchanged
3787,0,Unchanged
3788,0,Unchanged
3789,0,Unchanged
3790,0.00607120650109268,Unchanged
3791,0.01,Downregulated
3792,7.6100323948225e-08,Unchanged
3793,578546.316284011,Unchanged
3794,5.62065310333537e-07,Unchanged
3795,1.72024939388393e-07,Unchanged
3796,0.357052306285764,Downregulated
3797,0,Unchanged
3798,0.357052326532705,Downregulated
3799,0,Unchanged
3800,0,Unchanged
3801,0,Unchanged
3802,0,Unchanged
3803,0,Unchanged
3804,0,Unchanged
3805,0,Unchanged
3806,0,Unchanged
3807,0,Unchanged
3808,0,Unchanged
3809,0.219796057427193,Downregulated
3810,0,Unchanged
3811,0,Unchanged
3812,0,Unchanged
3813,0,Unchanged
3814,0,Unchanged
3815,0,Unchanged
3816,0,Unchanged
3817,0,Unchanged
3818,0,Unchanged
3819,0,Unchanged
3820,0,Unchanged
3821,0,Unchanged
3822,0,Unchanged
3823,0,Unchanged
3824,3.61857508250567,Upregulated
3825,65454.0183052993,Unchanged
3826,0.675749536644569,Unchanged
3827,2.43888865815104,Upregulated
3828,0,Unchanged
3829,0,Unchanged
3830,726237.156904056,Unchanged
3831,34214873017.6651,Unchanged
3832,0,Unchanged
3833,0,Unchanged
3834,0,Unchanged
3835,0,Unchanged
3836,0,Unchanged
3837,0,Unchanged
3838,2.59331617745963,Upregulated
3839,0,Unchanged
3840,0,Unchanged
3841,0,Unchanged
3842,0,Unchanged
3843,132684519.7063,Unchanged
3844,1745726.21537415,Unchanged
3845,0.270304552836183,Downregulated
3846,0,Unchanged
3847,0.552519641103142,Unchanged
3848,0,Unchanged
3849,0.619938222697678,Unchanged
3850,0,Unchanged
3851,0,Unchanged
3852,955121.516921631,Unchanged
3853,15482002.5796777,Unchanged
3854,15421051.5796905,Unchanged
3855,19272783.0429544,Unchanged
3856,0,Unchanged
3857,0.0190960235056721,Downregulated
3858,30.3566053328436,Upregulated
3859,17.5258517569795,Upregulated
3860,4.67365875740799,Upregulated
3861,7923.34180028996,Upregulated
3862,0,Unchanged
3863,0,Unchanged
3864,0.000512238230267162,Unchanged
3865,2.92193363293336e-07,Unchanged
3866,0,Unchanged
3867,0.00050975756911886,Unchanged
3868,0.00030157335866429,Unchanged
3869,4.49708749466182e-05,Unchanged
3870,1.87758653511444e-06,Unchanged
3871,4.14692180628126,Upregulated
3872,0,Unchanged
3873,0.427447243549473,Downregulated
3874,0.11551449205034,Downregulated
3875,57964090.5922009,Unchanged
3876,0,Unchanged
3877,0.0186421657264299,Downregulated
3878,0,Unchanged
3879,0,Unchanged
3880,0,Unchanged
3881,0,Unchanged
3882,2.5556579712152,Upregulated
3883,0,Unchanged
3884,5.01056055227932,Upregulated
3885,6.06130032067722,Upregulated
3886,5.02347503324488,Upregulated
3887,4.27531388997666,Upregulated
3888,0.000151099811694877,Unchanged
3889,0,Unchanged
3890,3963.58808346427,Upregulated
3891,0.220523048384687,Downregulated
3892,3.36069869454635,Upregulated
3893,75.198141313932,Upregulated
3894,0.666494824477134,Unchanged
3895,75.1981320755585,Upregulated
3896,1.67009027604208,Unchanged
3897,75.1981320755585,Upregulated
3898,1.67009027604208,Unchanged
3899,1.67009027659279,Unchanged
3900,0,Unchanged
3901,0,Unchanged
3902,171.735813839337,Upregulated
3903,172.178447356691,Upregulated
3904,172.178447356691,Upregulated
3905,2487.86275218071,Upregulated
3906,2.07170633620237,Upregulated
3907,2487.97714352844,Upregulated
3908,0,Unchanged
3909,7518000.57434805,Unchanged
3910,46006774271.7115,Unchanged
3911,1.99999980602012,Unchanged
3912,57964090.5922009,Unchanged
3913,0,Unchanged
3914,3.99999816432099,Upregulated
3915,39066797.8587964,Unchanged
3916,1281008.39187506,Unchanged
3917,285890.12988889,Unchanged
3918,1722844.70873385,Unchanged
3919,233541.180076644,Unchanged
3920,0.000765214863514708,Unchanged
3921,7011193.21274011,Unchanged
3922,7041651.39988975,Unchanged
3923,115.678586581095,Upregulated
3924,70.2553364298781,Upregulated
3925,8.3947588002502e-06,Unchanged
3926,2.6582404599551,Upregulated
3927,2.65824022175302,Upregulated
3928,0,Unchanged
3929,0,Unchanged
3930,6.66655816346513e-07,Unchanged
3931,0,Unchanged
3932,0,Unchanged
3933,0,Unchanged
3934,29.4964907909094,Upregulated
3935,0,Unchanged
3936,0,Unchanged
3937,1.03551618763032,Unchanged
3938,80.0203919628666,Upregulated
3939,1.2836966045996,Unchanged
3940,0.575194346950689,Unchanged
3941,0.957801967873356,Unchanged
3942,0,Unchanged
3943,1.03551620102512,Unchanged
3944,0,Unchanged
3945,76756.108235607,Unchanged
3946,32945.7017749534,Unchanged
3947,0.698352855104384,Unchanged
3948,0,Unchanged
3949,0.338817372747314,Downregulated
3950,0.0839703087247663,Downregulated
3951,4.59564928753877,Upregulated
3952,1.11122845505444,Unchanged
3953,0.0840170793393334,Downregulated
3954,0,Unchanged
3955,0,Unchanged
3956,0.402038497685345,Downregulated
3957,1.42389264716569,Unchanged
3958,0.193306919329911,Downregulated
3959,0,Unchanged
3960,0.161295730495452,Downregulated
3961,38277.212754681,Unchanged
3962,3827721.25131578,Unchanged
3963,0.329231767384197,Downregulated
3964,16.1945372714303,Upregulated
3965,0,Unchanged
3966,0,Unchanged
3967,25.8779153503477,Upregulated
3968,26.3343141564134,Upregulated
3969,2.38882686287108,Upregulated
3970,27.5920062525261,Upregulated
3971,0,Unchanged
3972,0,Unchanged
3973,0.00209057235811108,Unchanged
3974,1.47416758318294,Unchanged
3975,23017.1853786424,Unchanged
3976,0.088204041674936,Downregulated
3977,0,Unchanged
3978,0.115329958653282,Downregulated
3979,0.000705438961312298,Unchanged
3980,0,Unchanged
3981,0.163463308718678,Downregulated
3982,0.000717454095486299,Unchanged
3983,1.57133385156052,Unchanged
3984,869557.221135771,Unchanged
3985,0.224494489207767,Downregulated
3986,0,Unchanged
3987,0.54482072316977,Unchanged
3988,3.55272712150839,Upregulated
3989,59.154474750531,Upregulated
3990,0,Unchanged
3991,2.09358184529935e-06,Unchanged
3992,180.530828976577,Upregulated
3993,18.2676001851361,Upregulated
3994,0,Unchanged
3995,0,Unchanged
3996,0,Unchanged
3997,0,Unchanged
3998,0,Unchanged
3999,0,Unchanged
4000,0,Unchanged
4001,0,Unchanged
4002,0,Unchanged
4003,0,Unchanged
4004,0,Unchanged
4005,0,Unchanged
4006,0,Unchanged
4007,0,Unchanged
4008,0,Unchanged
4009,0,Unchanged
4010,0,Unchanged
4011,0,Unchanged
4012,17446265.7746427,Unchanged
4013,42335341.0126637,Unchanged
4014,18425746.7237068,Unchanged
4015,23.8435459727805,Upregulated
4016,0.168592278901277,Downregulated
4017,14.6320332559514,Upregulated
4018,3.7436603048584,Upregulated
4019,0,Unchanged
4020,0.624729494462246,Unchanged
4021,5.75504131824432,Upregulated
4022,0,Unchanged
4023,0,Unchanged
4024,1.21362290847788,Unchanged
4025,6.09751588800928e-05,Unchanged
4026,0,Unchanged
4027,0.037455370719904,Downregulated
4028,0.11567049647901,Downregulated
4029,3.36605427204407,Upregulated
4030,0,Unchanged
4031,1.52552994946065,Unchanged
4032,0,Unchanged
4033,0.104422219830315,Downregulated
4034,0,Unchanged
4035,95.557134560483,Upregulated
4036,36.9712137926216,Upregulated
4037,36.9712153896483,Upregulated
4038,38.3044945976322,Upregulated
4039,68.2597368505286,Upregulated
4040,0,Unchanged
4041,33.0651092706599,Upregulated
4042,5212.49704937103,Upregulated
4043,76.0482514787481,Upregulated
4044,0.139265095492127,Downregulated
4045,3.61040074314503e-07,Unchanged
4046,0,Unchanged
4047,0,Unchanged
4048,0,Unchanged
4049,615799.614660157,Unchanged
4050,29064930.9787597,Unchanged
4051,214603746.517925,Unchanged
4052,51.5821807503513,Upregulated
4053,0,Unchanged
4054,561.99488914234,Upregulated
4055,166.601848709396,Upregulated
4056,34.3633005086384,Upregulated
4057,0,Unchanged
4058,55.2922905960451,Upregulated
4059,53.3456373810332,Upregulated
4060,55.3230807116144,Upregulated
4061,45.6157347166451,Upregulated
4062,99.9712611836111,Upregulated
4063,137.328618607603,Upregulated
4064,2.97565348705575e-06,Unchanged
4065,0,Unchanged
4066,0,Unchanged
4067,0,Unchanged
4068,34.0997906875667,Upregulated
4069,0.025009394118991,Downregulated
4070,292.842528439251,Upregulated
4071,0.892873136861275,Unchanged
4072,1.4720550114592,Unchanged
4073,1.00718442085048,Unchanged
4074,0.211159291335671,Downregulated
4075,0.0247658589621746,Downregulated
4076,20.7331970323226,Upregulated
4077,5.08217666788174,Upregulated
4078,0,Unchanged
4079,18.751723440954,Upregulated
4080,449.646273687948,Upregulated
4081,1.96766113625686,Unchanged
4082,38.8411150337021,Upregulated
4083,6.854282479745,Upregulated
4084,2.92338278259413,Upregulated
4085,2.92338278338173,Upregulated
4086,0.174754683301987,Downregulated
4087,68.5909719867185,Upregulated
4088,28205479.0481833,Unchanged
4089,0.152310724983349,Downregulated
4090,0.0433759392537003,Downregulated
4091,0,Unchanged
4092,0,Unchanged
4093,0,Unchanged
4094,0,Unchanged
4095,50.9617817626379,Upregulated
4096,17.5793536704935,Upregulated
4097,17.6246679768169,Upregulated
4098,337909639.121567,Unchanged
4099,10.0475119360533,Upregulated
4100,147.828862870742,Upregulated
4101,17849506.1312598,Unchanged
4102,321490828.220447,Unchanged
4103,146.391844349166,Upregulated
4104,0,Unchanged
4105,0,Unchanged
4106,178731353.538878,Unchanged
4107,10864870.9452119,Unchanged
4108,2.20906062742572,Upregulated
4109,110.250129776884,Upregulated
4110,2.20927315068442,Upregulated
4111,0,Unchanged
4112,0,Unchanged
4113,0,Unchanged
4114,383.637043354905,Upregulated
4115,43.520662053066,Upregulated
4116,44.6414767883863,Upregulated
4117,0,Unchanged
4118,308.654196239986,Upregulated
4119,22858786.7725049,Unchanged
4120,43.520662053066,Upregulated
4121,822.137675689422,Upregulated
4122,414.736792910566,Upregulated
4123,210.194293415638,Upregulated
4124,0,Unchanged
4125,0,Unchanged
4126,789462.219228601,Unchanged
4127,2.39585466670785,Upregulated
4128,0,Unchanged
4129,1.66905908259899e-06,Unchanged
4130,0.00594836402604164,Unchanged
4131,5.35205868364604e-09,Unchanged
4132,0,Unchanged
4133,4.41450887592509e-07,Unchanged
4134,7.14011751843676e-07,Unchanged
4135,0,Unchanged
4136,0,Unchanged
4137,0,Unchanged
4138,0.0312157562878572,Downregulated
4139,0.119054455657185,Downregulated
4140,51.8758421629974,Upregulated
4141,0,Unchanged
4142,0,Unchanged
4143,0.174618500769418,Downregulated
4144,0.042785550829341,Downregulated
4145,2.42889280949328e-05,Unchanged
4146,0.0604193897983912,Downregulated
4147,2.19336103053867,Upregulated
4148,45.6343084684369,Upregulated
4149,0,Unchanged
4150,10.2000532303571,Upregulated
4151,0,Unchanged
4152,0,Unchanged
4153,0,Unchanged
4154,11.7272359137575,Upregulated
4155,0,Unchanged
4156,5.33086290884924e-08,Unchanged
4157,3.85647574528239,Upregulated
4158,19.7526633933612,Upregulated
4159,8.19494847588798e-06,Unchanged
4160,2.14251571954682,Upregulated
4161,58129861.9575194,Unchanged
4162,116.129600655828,Upregulated
4163,316.18461687514,Upregulated
4164,9.19443706533091,Upregulated
4165,3.06704125555374,Upregulated
4166,0.000134580145253381,Unchanged
4167,0,Unchanged
4168,3.16341179086521e-07,Unchanged
4169,2.42325679297319e-08,Unchanged
4170,0.0371931003135469,Downregulated
4171,1.11731972084549,Unchanged
4172,0.0258123600956327,Downregulated
4173,0.553745705152928,Unchanged
4174,0.553745693056406,Unchanged
4175,0.151674507256468,Downregulated
4176,0.0983534298789611,Downregulated
4177,0.0246837694912378,Downregulated
4178,0.00549838716406125,Unchanged
4179,21.7339009801736,Upregulated
4180,22.3310478140092,Upregulated
4181,0,Unchanged
4182,0,Unchanged
4183,0,Unchanged
4184,0,Unchanged
4185,0,Unchanged
4186,2463579.33448948,Unchanged
4187,0,Unchanged
4188,0,Unchanged
4189,0,Unchanged
4190,0,Unchanged
4191,0,Unchanged
4192,13777741.4035265,Unchanged
4193,58133173.629677,Unchanged
4194,58133173.629677,Unchanged
4195,1.97162633783042,Unchanged
4196,0,Unchanged
4197,0,Unchanged
4198,0,Unchanged
4199,0.497403552377392,Downregulated
4200,0.504325877235557,Unchanged
4201,0.504326055809901,Unchanged
4202,408862555.717177,Unchanged
4203,0,Unchanged
4204,1.1447477980368,Unchanged
4205,0.0832955320521483,Downregulated
4206,0.000690942193372516,Unchanged
4207,0.0155952362419681,Downregulated
4208,4.83647045960603e-09,Unchanged
4209,0.0168607328274322,Downregulated
4210,0,Unchanged
4211,0.00234952280204203,Unchanged
4212,0.116133976661739,Downregulated
4213,0.0224381792905037,Downregulated
4214,0,Unchanged
4215,0.00199537639683659,Unchanged
4216,0,Unchanged
4217,0,Unchanged
4218,24.7906638493942,Upregulated
4219,0,Unchanged
4220,0,Unchanged
4221,0,Unchanged
4222,2147159.74926635,Unchanged
4223,192088.034829485,Unchanged
4224,1631919.74439528,Unchanged
4225,412789410.817777,Unchanged
4226,24778.6781016824,Unchanged
4227,412789410.817777,Unchanged
4228,825578821.635554,Unchanged
4229,412789410.817777,Unchanged
4230,0,Unchanged
4231,412789410.817777,Unchanged
4232,412789410.817777,Unchanged
4233,0,Unchanged
4234,0.440177818416713,Downregulated
4235,14.847967862994,Upregulated
4236,0,Unchanged
4237,0,Unchanged
4238,412789410.817777,Unchanged
4239,236496584.931107,Unchanged
4240,0,Unchanged
4241,0,Unchanged
4242,1.60895218641599e-08,Unchanged
4243,0,Unchanged
4244,0,Unchanged
4245,0,Unchanged
4246,0,Unchanged
4247,130.582292056219,Upregulated
4248,155.240718461525,Upregulated
4249,50.8503938174987,Upregulated
4250,0,Unchanged
4251,0,Unchanged
4252,0,Unchanged
4253,0,Unchanged
4254,0,Unchanged
4255,0,Unchanged
4256,0,Unchanged
4257,0.000577223168549841,Unchanged
4258,0,Unchanged
4259,0,Unchanged
4260,0,Unchanged
4261,0,Unchanged
4262,0,Unchanged
4263,0.755087616888769,Unchanged
4264,6.59656706557969e-06,Unchanged
4265,144917569.500758,Unchanged
4266,429207493.03585,Unchanged
4267,8.44762148215088,Upregulated
4268,233155098.35184,Unchanged
4269,464.345334317957,Upregulated
4270,1.42729118408284,Unchanged
4271,731959.387088168,Unchanged
4272,0,Unchanged
4273,1.11542725866075,Unchanged
4274,0,Unchanged
4275,0,Unchanged
4276,0.148788733710167,Downregulated
4277,0,Unchanged
4278,7305.03791679864,Upregulated
4279,0.554895542051821,Unchanged
4280,0,Unchanged
4281,2.2650921823697e-08,Unchanged
4282,0,Unchanged
4283,0,Unchanged
4284,0,Unchanged
4285,0,Unchanged
4286,23.194254481686,Upregulated
4287,2671.16129097602,Upregulated
4288,5.54806239253481,Upregulated
4289,3680.76345552761,Upregulated
4290,0.00554213884004906,Unchanged
4291,0.138161210104841,Downregulated
4292,0.138161213761171,Downregulated
4293,0,Unchanged
4294,0,Unchanged
4295,0.0324924310057706,Downregulated
4296,0,Unchanged
4297,0,Unchanged
4298,0,Unchanged
4299,0,Unchanged
4300,0,Unchanged
4301,0,Unchanged
4302,0,Unchanged
4303,0,Unchanged
4304,840283.748424493,Unchanged
4305,3.35923954912236,Upregulated
4306,0.202617844880802,Downregulated
4307,0.0316508795833145,Downregulated
4308,69.1812292363855,Upregulated
4309,2076319.08457446,Unchanged
4310,23.6613044517691,Upregulated
4311,1.80219848325293,Unchanged
4312,0.00811476915491748,Unchanged
4313,3506.15923990935,Upregulated
4314,3.16341159418698e-07,Unchanged
4315,3818824.31926681,Unchanged
4316,5.57693024194225,Upregulated
4317,0,Unchanged
4318,7675611.8751249,Unchanged
4319,9169749.02785443,Unchanged
4320,7391743.70087175,Unchanged
4321,0,Unchanged
4322,8468066.75831912,Unchanged
4323,1399827.84837045,Unchanged
4324,7431338.89752612,Unchanged
4325,0.0184358329832478,Downregulated
4326,0.134447182633348,Downregulated
4327,0,Unchanged
4328,1.32790739432621,Unchanged
4329,4020312.92917308,Unchanged
4330,0.954282666805627,Unchanged
4331,5.56645410294045,Upregulated
4332,9.80859957182941e-07,Unchanged
4333,0.236157579969615,Downregulated
4334,4.80992042525941e-07,Unchanged
4335,1.39507637592633,Unchanged
4336,4.37445118071385e-07,Unchanged
4337,0,Unchanged
4338,0,Unchanged
4339,0,Unchanged
4340,10697.3041283845,Upregulated
4341,4.04987250267589,Upregulated
4342,120.910173471275,Upregulated
4343,0,Unchanged
4344,1.50037065376537,Unchanged
4345,1.0996795788817,Unchanged
4346,0,Unchanged
4347,31914898.0585292,Unchanged
4348,105509604.837434,Unchanged
4349,0,Unchanged
4350,0.378433832953616,Downregulated
4351,0,Unchanged
4352,0,Unchanged
4353,5.65972437016171e-07,Unchanged
4354,0.9941388937741,Unchanged
4355,0.0125735450371845,Downregulated
4356,0,Unchanged
4357,0,Unchanged
4358,24.3048704293673,Upregulated
4359,0.293271510507184,Downregulated
4360,45.0446052060136,Upregulated
4361,16.5088770293166,Upregulated
4362,183.961236190599,Upregulated
4363,1.48612734201613,Unchanged
4364,17491.6795177071,Upregulated
4365,0.703971056102164,Unchanged
4366,285518871.936064,Unchanged
4367,321490828.220447,Unchanged
4368,0.765644238170184,Unchanged
4369,0.763632371492807,Unchanged
4370,0.958567976234481,Unchanged
4371,0.958567953215582,Unchanged
4372,1.0303462135001,Unchanged
4373,0.949577974286865,Unchanged
4374,0.690451901396324,Unchanged
4375,8.79519802210326,Upregulated
4376,1.15159790708512,Unchanged
4377,465111412.262025,Unchanged
4378,18.3836452583526,Upregulated
4379,1562.39339526181,Upregulated
4380,285031665.169005,Unchanged
4381,1.35573400623263,Unchanged
4382,251.225614424064,Upregulated
4383,0,Unchanged
4384,305430354.359957,Unchanged
4385,0,Unchanged
4386,747119.843177989,Unchanged
4387,2.11546866626546e-05,Unchanged
4388,5.63673217440094,Upregulated
4389,2575733.99450918,Unchanged
4390,1.63212622192785,Unchanged
4391,0.329325470687879,Downregulated
4392,16.5523749953752,Upregulated
4393,14148147.264069,Unchanged
4394,0,Unchanged
4395,0,Unchanged
4396,0,Unchanged
4397,3837805.5736802,Unchanged
4398,0,Unchanged
4399,14111779.932867,Unchanged
4400,36774416.5763278,Unchanged
4401,6.20707565117307,Upregulated
4402,84888911.7117076,Unchanged
4403,0,Unchanged
4404,0,Unchanged
4405,0,Unchanged
4406,4142567.19743463,Unchanged
4407,3880081.02661492,Unchanged
4408,2558537.0185844,Unchanged
4409,1.99999980602012,Unchanged
4410,39066796.6659116,Unchanged
4411,3.99999660430046,Upregulated
4412,23067226.8445386,Unchanged
4413,10238359.3315447,Unchanged
4414,0.563371125799745,Unchanged
4415,2575733.8900463,Unchanged
4416,2575733.97188184,Unchanged
4417,10238359.3315447,Unchanged
4418,634965.480218545,Unchanged
4419,9350702.57921478,Unchanged
4420,23027873.9896046,Unchanged
4421,3880081.02661492,Unchanged
4422,35879438.8121101,Unchanged
4423,3428286.21355391,Unchanged
4424,35971915.6704609,Unchanged
4425,32108230.869397,Unchanged
4426,301.897514841982,Upregulated
4427,747119.851372086,Unchanged
4428,3443.68148402529,Upregulated
4429,642438.823606343,Unchanged
4430,0,Unchanged
4431,0.0969383754728067,Downregulated
4432,7.88784948326793e-08,Unchanged
4433,0,Unchanged
4434,1934942.65229927,Unchanged
4435,0.000126422269249093,Unchanged
4436,0.0681248120090218,Downregulated
4437,478423.025882752,Unchanged
4438,0,Unchanged
4439,0.0343203842887941,Downregulated
4440,5.57330473611728e-08,Unchanged
4441,11365467.8399972,Unchanged
4442,3.40786194090229e-11,Unchanged
4443,0,Unchanged
4444,1400279.82898843,Unchanged
4445,0.429836091785452,Downregulated
4446,0.671261609529803,Unchanged
4447,1.33773284405755,Unchanged
4448,0.385022452143458,Downregulated
4449,36.6674454447554,Upregulated
4450,0.0812956370454532,Downregulated
4451,0,Unchanged
4452,0.022445840863541,Downregulated
4453,0.0224458405192583,Downregulated
4454,0,Unchanged
4455,1.04037209401706,Unchanged
4456,0,Unchanged
4457,26.0214374812296,Upregulated
4458,2.69277821135358,Upregulated
4459,60.2980491291678,Upregulated
4460,0,Unchanged
4461,0.000252558049790727,Unchanged
4462,0,Unchanged
4463,0,Unchanged
4464,0.473077137724367,Downregulated
4465,0.151070659650159,Downregulated
4466,0.0261256822375662,Downregulated
4467,5162343.36539494,Unchanged
4468,0,Unchanged
4469,14978837.2196265,Unchanged
4470,99.4060055052948,Upregulated
4471,127.373383797025,Upregulated
4472,28221950.4274619,Unchanged
4473,0.066439742304574,Downregulated
4474,28248028.25248,Unchanged
4475,0.915387167271451,Unchanged
4476,0,Unchanged
4477,0,Unchanged
4478,0,Unchanged
4479,5.40766499677066e-07,Unchanged
4480,0.00170406517715586,Unchanged
4481,124.587069821662,Upregulated
4482,2.73153249550104e-09,Unchanged
4483,2.72587230943634e-09,Unchanged
4484,2.72587226390897e-09,Unchanged
4485,0.00410288967595678,Unchanged
4486,0,Unchanged
4487,0.789614383871662,Unchanged
4488,2.22623183040654,Upregulated
4489,0.0757217411866697,Downregulated
4490,0.88529543675538,Unchanged
4491,0.0755227682148772,Downregulated
4492,0,Unchanged
4493,0,Unchanged
4494,0.00181942926398913,Unchanged
4495,24518983.9378737,Unchanged
4496,0.184301609039516,Downregulated
4497,20867960.9675739,Unchanged
4498,14223231.9097486,Unchanged
4499,29427609.240616,Unchanged
4500,0.276198486271354,Downregulated
4501,0,Unchanged
4502,17.9342900480661,Upregulated
4503,11.8804476495545,Upregulated
4504,233.948992693208,Upregulated
4505,4.34297641837974,Upregulated
4506,0,Unchanged
4507,0.980692073591476,Unchanged
4508,0,Unchanged
4509,340454.553418403,Unchanged
4510,0,Unchanged
4511,0,Unchanged
4512,39443358.0733838,Unchanged
4513,5.2174918080884,Upregulated
4514,0.109146032596426,Downregulated
4515,0,Unchanged
4516,0,Unchanged
4517,7.9042306424526e-08,Unchanged
4518,0,Unchanged
4519,0,Unchanged
4520,0,Unchanged
4521,0.685590435324746,Unchanged
4522,18.9758662393768,Upregulated
4523,22.0143814230209,Upregulated
4524,0.153811583306743,Downregulated
4525,0.144433775211903,Downregulated
4526,2.69337501785796,Upregulated
4527,0,Unchanged
4528,0.0518595275069521,Downregulated
4529,0,Unchanged
4530,3.16341158267619e-07,Unchanged
4531,4.28159906585623,Upregulated
4532,4.78536546515987,Upregulated
4533,4.28159925165704,Upregulated
4534,0,Unchanged
4535,0.302189931966333,Downregulated
4536,0,Unchanged
4537,0,Unchanged
4538,0.0521398402479662,Downregulated
4539,1.07215184137697,Unchanged
4540,1.07215173781416,Unchanged
4541,5.12610854073619,Upregulated
4542,1.20599454028048,Unchanged
4543,1.48370334650385,Unchanged
4544,0,Unchanged
4545,0.815164125219828,Unchanged
4546,0.0126426307678959,Downregulated
4547,0,Unchanged
4548,0,Unchanged
4549,3.1634119187629e-07,Unchanged
4550,0,Unchanged
4551,1.83912773195516e-06,Unchanged
4552,0,Unchanged
4553,6.93158982976172e-08,Unchanged
4554,0.0334055001969925,Downregulated
4555,0.0349092610190493,Downregulated
4556,2.71172646701901,Upregulated
4557,2485027.54057734,Unchanged
4558,0.323743343104098,Downregulated
4559,0.17291750986019,Downregulated
4560,0,Unchanged
4561,71.7551743842351,Upregulated
4562,91.6311456554163,Upregulated
4563,55.5056366731549,Upregulated
4564,24.8735908874973,Upregulated
4565,243.842861981524,Upregulated
4566,138.014479514018,Upregulated
4567,57.0704584577364,Upregulated
4568,128.19772433353,Upregulated
4569,66.4200974621468,Upregulated
4570,52.1446758890222,Upregulated
4571,99.3830640632104,Upregulated
4572,207.100208733063,Upregulated
4573,349.343929927369,Upregulated
4574,88.6907048830044,Upregulated
4575,28.6722914587916,Upregulated
4576,70.9844426534752,Upregulated
4577,28.6128687254542,Upregulated
4578,74787595.5087371,Unchanged
4579,8.04640760992847,Upregulated
4580,10.9348458104714,Upregulated
4581,10.5154007702844,Upregulated
4582,79.5277491909993,Upregulated
4583,84431781.7842576,Unchanged
4584,57.5950426890865,Upregulated
4585,11.0984250443589,Upregulated
4586,12.470797633619,Upregulated
4587,393434659.984394,Unchanged
4588,392673947.754957,Unchanged
4589,466310196.703679,Unchanged
4590,42.6720292176086,Upregulated
4591,288.157566231935,Upregulated
4592,2.22252191798887,Upregulated
4593,16.9276246577734,Upregulated
4594,5.70331249768601,Upregulated
4595,36.0425485836542,Upregulated
4596,360.853994325554,Upregulated
4597,40.5045131506532,Upregulated
4598,3.91453017250136,Upregulated
4599,5.65425659724596,Upregulated
4600,28.8152254016365,Upregulated
4601,10.8759389677978,Upregulated
4602,28.8152254016365,Upregulated
4603,5.64253964514266,Upregulated
4604,26.5653873223622,Upregulated
4605,6.13030714378615,Upregulated
4606,28.7859844471082,Upregulated
4607,10.8534014134953,Upregulated
4608,50.9641401577788,Upregulated
4609,17.6246633986407,Upregulated
4610,3.74368744011542,Upregulated
4611,22.0656501852936,Upregulated
4612,4.69935395736969,Upregulated
4613,24.2861439031261,Upregulated
4614,26.3625134637723,Upregulated
4615,0.128999811486687,Downregulated
4616,6427529.67753506,Unchanged
4617,44.9230940412796,Upregulated
4618,0.348970007689705,Downregulated
4619,0.0786147215265949,Downregulated
4620,0.0686224954555438,Downregulated
4621,920.344812083758,Upregulated
4622,7.20430518462192,Upregulated
4623,1.11670558636424e-07,Unchanged
4624,1.85673362992882e-08,Unchanged
4625,0,Unchanged
4626,0,Unchanged
4627,0.0127830087933487,Downregulated
4628,0.0230189104661793,Downregulated
4629,0,Unchanged
4630,5.23769925883485e-09,Unchanged
4631,5.23769925883485e-09,Unchanged
4632,5.23769925883485e-09,Unchanged
4633,0,Unchanged
4634,0.0552750652886502,Downregulated
4635,1905391.29682673,Unchanged
4636,0,Unchanged
4637,7.90422853924611e-08,Unchanged
4638,4239407.3863388,Unchanged
4639,0.108908699492283,Downregulated
4640,1.12402988408012,Unchanged
4641,1.22373206656907,Unchanged
4642,0,Unchanged
4643,0,Unchanged
4644,0.0684271178042189,Downregulated
4645,0.0507598356498123,Downregulated
4646,5.32931563358552,Upregulated
4647,0.0502861123229827,Downregulated
4648,3.326358696202e-08,Unchanged
4649,0,Unchanged
4650,0.24869389881311,Downregulated
4651,0.0742576379887232,Downregulated
4652,46.7070018986098,Upregulated
4653,15584491.9287324,Unchanged
4654,0,Unchanged
4655,0.00720761518436645,Unchanged
4656,0,Unchanged
4657,0.0173001642291978,Downregulated
4658,21.6002872318066,Upregulated
4659,182.134000791231,Upregulated
4660,0.0214703764906328,Downregulated
4661,0.465673452980758,Downregulated
4662,0.293784115120587,Downregulated
4663,0.011892456333344,Downregulated
4664,1.85673366662772e-08,Unchanged
4665,0.0110972878539698,Downregulated
4666,0,Unchanged
4667,0,Unchanged
4668,0,Unchanged
4669,0,Unchanged
4670,0,Unchanged
4671,0,Unchanged
4672,0.000792128395279995,Unchanged
4673,8.1056828215162,Upregulated
4674,0,Unchanged
4675,0,Unchanged
4676,0,Unchanged
4677,0,Unchanged
4678,0,Unchanged
4679,0,Unchanged
4680,0,Unchanged
4681,0,Unchanged
4682,0,Unchanged
4683,0,Unchanged
4684,0,Unchanged
4685,0.04385198384538,Downregulated
4686,0.0113935011412763,Downregulated
4687,2.71331247021904e-09,Unchanged
4688,2.71331247021904e-09,Unchanged
4689,2.71331247021904e-09,Unchanged
4690,2.71331247021904e-09,Unchanged
4691,2.71331247021904e-09,Unchanged
4692,2.71331247021904e-09,Unchanged
4693,2.71331247021904e-09,Unchanged
4694,0,Unchanged
4695,0,Unchanged
4696,0,Unchanged
4697,0,Unchanged
4698,11893440.7986975,Unchanged
4699,31.3372322655005,Upregulated
4700,22.3894499595233,Upregulated
4701,5.39757869872536e-08,Unchanged
4702,0.030501605010911,Downregulated
4703,0,Unchanged
4704,0,Unchanged
4705,0,Unchanged
4706,0,Unchanged
4707,0,Unchanged
4708,8.11019550122099,Upregulated
4709,45335055.0918454,Unchanged
4710,4049940.55585951,Unchanged
4711,0,Unchanged
4712,436229295.961872,Unchanged
4713,10.5602445392411,Upregulated
4714,0.20878021488309,Downregulated
4715,0,Unchanged
4716,0,Unchanged
4717,5.74820046387446,Upregulated
4718,1.68728335317233,Unchanged
4719,55.391847328916,Upregulated
4720,0,Unchanged
4721,26.2203463690607,Upregulated
4722,0,Unchanged
4723,0.258454197660798,Downregulated
4724,0,Unchanged
4725,0,Unchanged
4726,0,Unchanged
4727,0,Unchanged
4728,0,Unchanged
4729,0,Unchanged
4730,0,Unchanged
4731,0,Unchanged
4732,0,Unchanged
4733,0,Unchanged
4734,0,Unchanged
4735,0,Unchanged
4736,0,Unchanged
4737,0,Unchanged
4738,0,Unchanged
4739,0,Unchanged
4740,3.96499151520402e-08,Unchanged
4741,0,Unchanged
4742,3.16998057854789e-07,Unchanged
4743,0,Unchanged
4744,0,Unchanged
4745,5961108.25537769,Unchanged
4746,0,Unchanged
4747,0,Unchanged
4748,0,Unchanged
4749,0.00189281853875488,Unchanged
4750,18079919.8148264,Unchanged
4751,15.0440042331196,Upregulated
4752,143304279.94768,Unchanged
4753,92.4755509451792,Upregulated
4754,122.112907728394,Upregulated
4755,2358.44219036722,Upregulated
4756,0.764056987243206,Unchanged
4757,48019836.0344281,Unchanged
4758,0,Unchanged
4759,4.14448664441423e-06,Unchanged
4760,0.0518395030040689,Downregulated
4761,0,Unchanged
4762,0,Unchanged
4763,0.855386967202032,Unchanged
4764,3178529.10004682,Unchanged
4765,0,Unchanged
4766,90824.7939167761,Unchanged
4767,0,Unchanged
4768,5.0290134212229,Upregulated
4769,0,Unchanged
4770,0,Unchanged
4771,0,Unchanged
4772,0,Unchanged
4773,17955272.267901,Unchanged
4774,0,Unchanged
4775,0,Unchanged
4776,0,Unchanged
4777,7.52857491963659e-07,Unchanged
4778,1218937.35637926,Unchanged
4779,0,Unchanged
4780,0,Unchanged
4781,0,Unchanged
4782,6.19970693348431,Upregulated
4783,0.0105002078306737,Downregulated
4784,0.00535445970612373,Unchanged
4785,0.0451331423486302,Downregulated
4786,0.00310353707279233,Unchanged
4787,0.0104131657213426,Downregulated
4788,0.0104131658795079,Downregulated
4789,0.039390806173408,Downregulated
4790,0,Unchanged
4791,0,Unchanged
4792,2.42967082124282,Upregulated
4793,0,Unchanged
4794,7739770.4436349,Unchanged
4795,7760161.35405821,Unchanged
4796,2.71331247021904e-09,Unchanged
4797,0.0451331423486302,Downregulated
4798,9.7316441385907e-09,Unchanged
4799,7.8394721672378e-07,Unchanged
4800,3.02032387293449,Upregulated
4801,9.73164414024995e-09,Unchanged
4802,2.71331247021904e-09,Unchanged
4803,0.0535110776639135,Downregulated
4804,0.0162914004416185,Downregulated
4805,285894.066394122,Unchanged
4806,5212669.40897438,Unchanged
4807,9380399.72787035,Unchanged
4808,0.0536577978670598,Downregulated
4809,0,Unchanged
4810,1223268.09416173,Unchanged
4811,16633964.1467784,Unchanged
4812,2200475.47932077,Unchanged
4813,32323580.1552307,Unchanged
4814,4.4319609385136,Upregulated
4815,0,Unchanged
4816,0,Unchanged
4817,5.23769925883485e-09,Unchanged
4818,0.00557284807510219,Unchanged
4819,0,Unchanged
4820,4.83647045960603e-09,Unchanged
4821,14148278.9191855,Unchanged
4822,1.1159848594181,Unchanged
4823,0,Unchanged
4824,5.53884279838712e-07,Unchanged
4825,8.03818042197029,Upregulated
4826,0.419577956020255,Downregulated
4827,29.2326476104405,Upregulated
4828,0.245733800067316,Downregulated
4829,1.11830216379028,Unchanged
4830,0,Unchanged
4831,3837805.33046414,Unchanged
4832,7675610.66092829,Unchanged
4833,3.69649866652657e-07,Unchanged
4834,0,Unchanged
4835,0,Unchanged
4836,15.9954317685622,Upregulated
4837,0.511041589716731,Unchanged
4838,0.284116410118136,Downregulated
4839,1.99999954316395,Unchanged
4840,0.714314034354371,Unchanged
4841,0,Unchanged
4842,28296304.6594967,Unchanged
4843,39443358.0733838,Unchanged
4844,12395174.7214941,Unchanged
4845,0,Unchanged
4846,19.6984811009176,Upregulated
4847,0,Unchanged
4848,14978837.2606205,Unchanged
4849,0.0190585645834272,Downregulated
4850,3.52111872233931,Upregulated
4851,0.0812144262119348,Downregulated
4852,0,Unchanged
4853,0,Unchanged
4854,2.23206832280335,Upregulated
4855,46277268.2650877,Unchanged
4856,0,Unchanged
4857,20.430071847712,Upregulated
4858,0,Unchanged
4859,0.192800040344099,Downregulated
4860,0.44479116092009,Downregulated
4861,0.347762527224065,Downregulated
4862,0.987013969446595,Unchanged
4863,0,Unchanged
4864,0,Unchanged
4865,0,Unchanged
4866,0,Unchanged
4867,0,Unchanged
4868,2.13956079392119e-07,Unchanged
4869,0,Unchanged
4870,0.00015822458389067,Unchanged
4871,0,Unchanged
4872,0.995263997021759,Unchanged
4873,2.55335714841946e-05,Unchanged
4874,0,Unchanged
4875,0,Unchanged
4876,0,Unchanged
4877,0,Unchanged
4878,0.0254280979247231,Downregulated
4879,0.0703352486419009,Downregulated
4880,0.0703352483319511,Downregulated
4881,0,Unchanged
4882,2.3706926917643,Upregulated
4883,0.0112988593836241,Downregulated
4884,0.253223404070739,Downregulated
4885,0,Unchanged
4886,0.425821577299593,Downregulated
4887,0,Unchanged
4888,0,Unchanged
4889,822333.977611359,Unchanged
4890,0,Unchanged
4891,0.114608903541031,Downregulated
4892,0.176852396492263,Downregulated
4893,124918.813174357,Unchanged
4894,0.026727139509102,Downregulated
4895,0,Unchanged
4896,463316.164062035,Unchanged
4897,257332.351295613,Unchanged
4898,0,Unchanged
4899,0.00013832166431507,Unchanged
4900,0.000149334613990969,Unchanged
4901,0.000149334613906407,Unchanged
4902,0,Unchanged
4903,0,Unchanged
4904,0.00847294206914427,Unchanged
4905,0.0229584260164672,Downregulated
4906,0.0361018929752091,Downregulated
4907,0,Unchanged
4908,0,Unchanged
4909,3.84554876930565e-06,Unchanged
4910,0,Unchanged
4911,3.84554876930565e-06,Unchanged
4912,0,Unchanged
4913,5.24857519831033e-09,Unchanged
4914,0,Unchanged
4915,0.0112988604206535,Downregulated
4916,1281008.34291057,Unchanged
4917,0,Unchanged
4918,0.0977182666448455,Downregulated
4919,0.373982026389394,Downregulated
4920,0,Unchanged
4921,0,Unchanged
4922,420.414590327559,Upregulated
4923,1218937.35637926,Unchanged
4924,756250.359750068,Unchanged
4925,0,Unchanged
4926,2.54495520690908,Upregulated
4927,67.3371104585522,Upregulated
4928,770675.929724898,Unchanged
4929,0,Unchanged
4930,14.7079071663147,Upregulated
4931,2851391.40045041,Unchanged
4932,2.66945316155838,Upregulated
4933,0,Unchanged
4934,0,Unchanged
4935,0.104184687107368,Downregulated
4936,1870238.30701946,Unchanged
4937,3.16341186731961e-07,Unchanged
4938,0,Unchanged
4939,0,Unchanged
4940,0,Unchanged
4941,6.51315949135965,Upregulated
4942,1.12914250600096,Unchanged
4943,2.64332779433787e-08,Unchanged
4944,0,Unchanged
4945,0,Unchanged
4946,0,Unchanged
4947,6.50135847779773e-06,Unchanged
4948,0,Unchanged
4949,15.1359340345098,Upregulated
4950,0,Unchanged
4951,9.00968245318848e-05,Unchanged
4952,0,Unchanged
4953,7662516.33813562,Unchanged
4954,0,Unchanged
4955,10.641602182421,Upregulated
4956,10.0814710036015,Upregulated
4957,0,Unchanged
4958,9.54166753177012,Upregulated
4959,0.000137804659483512,Unchanged
4960,134.977729454034,Upregulated
4961,0,Unchanged
4962,0,Unchanged
4963,0.327072777882309,Downregulated
4964,0.589012082298256,Unchanged
4965,0,Unchanged
4966,0,Unchanged
4967,12.9772779265336,Upregulated
4968,0,Unchanged
4969,1.03648911096343,Unchanged
4970,0,Unchanged
4971,30030.0914563095,Unchanged
4972,1.17806921531116,Unchanged
4973,0.302720328936706,Downregulated
4974,1.51732723590242e-05,Unchanged
4975,8.79597127615109,Upregulated
4976,1.15951616991939,Unchanged
4977,0.0858849115964214,Downregulated
4978,0.303348932109188,Downregulated
4979,0.017689210338103,Downregulated
4980,0.124958026341195,Downregulated
4981,11108.1161133435,Upregulated
4982,0,Unchanged
4983,0.440066868789849,Downregulated
4984,0,Unchanged
4985,1057975.4243641,Unchanged
4986,1.21405590622533,Unchanged
4987,1.21405591971786,Unchanged
4988,8.04175353490621,Upregulated
4989,2.93391876751706e-06,Unchanged
4990,7.17509696221203e-07,Unchanged
4991,1.69779862178946,Unchanged
4992,0.302720501584799,Downregulated
4993,0.302720059204865,Downregulated
4994,0.259184167173886,Downregulated
4995,0,Unchanged
4996,0,Unchanged
4997,1759011.56575289,Unchanged
4998,8.55001215029461e-07,Unchanged
4999,0,Unchanged
5000,0,Unchanged
5001,1753.07687380882,Upregulated
5002,84665854.3384187,Unchanged
5003,0.696947459202317,Unchanged
5004,0,Unchanged
5005,1.13832346804224e-06,Unchanged
5006,2.06321132338295,Upregulated
5007,0,Unchanged
5008,0,Unchanged
5009,7.92681107885275e-08,Unchanged
5010,0,Unchanged
5011,0.007164123027318,Unchanged
5012,0.0749484714340102,Downregulated
5013,0.00987387343019368,Unchanged
5014,0.0049267050874657,Unchanged
5015,0.00986973408151537,Unchanged
5016,0.0340444039133288,Downregulated
5017,0.0240771752013457,Downregulated
5018,0.0120385900523794,Downregulated
5019,0.0241271701985823,Downregulated
5020,0.0241271667999436,Downregulated
5021,0.0240771765301755,Downregulated
5022,0.0479017088991451,Downregulated
5023,0.118971746288732,Downregulated
5024,1.11598496043401,Unchanged
5025,1411834.57678513,Unchanged
5026,0,Unchanged
5027,0,Unchanged
5028,0.0280632443526307,Downregulated
5029,0.0191000902368417,Downregulated
5030,0.02407717404138,Downregulated
5031,0.30220380024442,Downregulated
5032,0.802479971508959,Unchanged
5033,0.930547799534243,Unchanged
5034,0.637467533274699,Unchanged
5035,0,Unchanged
5036,1.11305284153217,Unchanged
5037,0,Unchanged
5038,0,Unchanged
5039,0,Unchanged
5040,0,Unchanged
5041,0,Unchanged
5042,0,Unchanged
5043,0,Unchanged
5044,0,Unchanged
5045,0,Unchanged
5046,0,Unchanged
5047,0,Unchanged
5048,0,Unchanged
5049,0,Unchanged
5050,0,Unchanged
5051,0,Unchanged
5052,0,Unchanged
5053,0,Unchanged
5054,0,Unchanged
5055,0,Unchanged
5056,0,Unchanged
5057,0,Unchanged
5058,0,Unchanged
5059,0,Unchanged
5060,0,Unchanged
5061,0,Unchanged
5062,0,Unchanged
5063,0,Unchanged
5064,0,Unchanged
5065,0,Unchanged
5066,0,Unchanged
5067,0,Unchanged
5068,0.5,Downregulated
5069,0,Unchanged
5070,0.5,Downregulated
5071,0,Unchanged
5072,0.5,Downregulated
5073,0,Unchanged
5074,0,Unchanged
5075,0,Unchanged
5076,0,Unchanged
5077,0,Unchanged
5078,0,Unchanged
5079,0,Unchanged
5080,0,Unchanged
5081,0,Unchanged
5082,0,Unchanged
5083,0,Unchanged
5084,0,Unchanged
5085,0,Unchanged
5086,0,Unchanged
5087,0,Unchanged
5088,0,Unchanged
5089,0,Unchanged
5090,0,Unchanged
5091,0,Unchanged
5092,0,Unchanged
5093,0,Unchanged
5094,0,Unchanged
5095,0,Unchanged
5096,0,Unchanged
5097,0,Unchanged
5098,0,Unchanged
5099,0,Unchanged
5100,0,Unchanged
5101,0,Unchanged
5102,0,Unchanged
5103,0,Unchanged
5104,0,Unchanged
5105,0,Unchanged
5106,0,Unchanged
5107,0,Unchanged
5108,0,Unchanged
5109,0,Unchanged
5110,0,Unchanged
5111,0,Unchanged
5112,0,Unchanged
5113,0,Unchanged
5114,0.776317866115052,Unchanged
5115,0,Unchanged
5116,0,Unchanged
5117,0,Unchanged
5118,0,Unchanged
5119,0,Unchanged
5120,0,Unchanged
5121,0,Unchanged
5122,0,Unchanged
5123,0,Unchanged
5124,0,Unchanged
5125,0,Unchanged
5126,0,Unchanged
5127,0,Unchanged
5128,0,Unchanged
5129,0,Unchanged
5130,0,Unchanged
5131,0,Unchanged
5132,0,Unchanged
5133,0,Unchanged
5134,0,Unchanged
5135,0,Unchanged
5136,0,Unchanged
5137,0,Unchanged
5138,0,Unchanged
5139,0,Unchanged
5140,0,Unchanged
5141,0,Unchanged
5142,0,Unchanged
5143,0,Unchanged
5144,0,Unchanged
5145,0,Unchanged
5146,0,Unchanged
5147,0,Unchanged
5148,0,Unchanged
5149,1.96325580577645e-08,Unchanged
5150,1.96325580577645e-08,Unchanged
5151,2.2650921823697e-08,Unchanged
5152,0,Unchanged
5153,0,Unchanged
5154,0,Unchanged
5155,0,Unchanged
5156,0,Unchanged
5157,0,Unchanged
5158,0,Unchanged
5159,0,Unchanged
5160,0,Unchanged
5161,0.468315386083735,Downregulated
5162,0.468315381913612,Downregulated
5163,0,Unchanged
5164,0,Unchanged
5165,0,Unchanged
5166,0,Unchanged
5167,0,Unchanged
5168,0,Unchanged
5169,0,Unchanged
5170,0,Unchanged
5171,0,Unchanged
5172,0,Unchanged
5173,0,Unchanged
5174,0,Unchanged
5175,0,Unchanged
5176,0,Unchanged
5177,0,Unchanged
5178,0,Unchanged
5179,0,Unchanged
5180,0,Unchanged
5181,0,Unchanged
5182,0,Unchanged
5183,0,Unchanged
5184,0,Unchanged
5185,0,Unchanged
5186,0,Unchanged
5187,0,Unchanged
5188,0,Unchanged
5189,0,Unchanged
5190,0,Unchanged
5191,0,Unchanged
5192,0,Unchanged
5193,0,Unchanged
5194,0,Unchanged
5195,0,Unchanged
5196,0,Unchanged
5197,0,Unchanged
5198,0,Unchanged
5199,0,Unchanged
5200,0,Unchanged
5201,0,Unchanged
5202,0,Unchanged
5203,0,Unchanged
5204,0,Unchanged
5205,0,Unchanged
5206,0,Unchanged
5207,0.038544589171815,Downregulated
5208,1.54621586430305,Unchanged
5209,10.0824307669804,Upregulated
5210,0.293154794959245,Downregulated
5211,0,Unchanged
5212,7.61134505337761,Upregulated
5213,0,Unchanged
5214,0.0977182668253521,Downregulated
5215,1.54535504524146,Unchanged
5216,0,Unchanged
5217,0,Unchanged
5218,0,Unchanged
5219,0,Unchanged
5220,0,Unchanged
5221,0,Unchanged
5222,0,Unchanged
5223,0,Unchanged
5224,0,Unchanged
5225,0,Unchanged
5226,0,Unchanged
5227,3006518.05904414,Unchanged
5228,2818257.92555867,Unchanged
5229,3010331.53430012,Unchanged
5230,3006518.1494758,Unchanged
5231,3010331.4735159,Unchanged
5232,3010331.5662376,Unchanged
5233,3010331.44518428,Unchanged
5234,3010331.57344928,Unchanged
5235,3010331.41685265,Unchanged
5236,3010331.45239596,Unchanged
5237,0.0197707997920842,Downregulated
5238,6.59692626072683e-07,Unchanged
5239,6.58524760638102e-07,Unchanged
5240,0.000292828588693578,Unchanged
5241,8218612.85432865,Unchanged
5242,0,Unchanged
5243,0,Unchanged
5244,0,Unchanged
5245,0,Unchanged
5246,0,Unchanged
5247,0,Unchanged
5248,5.78038938932161e-08,Unchanged
5249,0,Unchanged
5250,3.31867982621732e-06,Unchanged
5251,2.69249156193329,Upregulated
5252,0.107095836676184,Downregulated
5253,0.218189537630565,Downregulated
5254,0.226140343647906,Downregulated
5255,0.107095839060477,Downregulated
5256,0.107318211684884,Downregulated
5257,28296302.7888234,Unchanged
5258,0.579349872673332,Unchanged
5259,28223559.5317961,Unchanged
5260,14148173.8356115,Unchanged
5261,0,Unchanged
5262,0,Unchanged
5263,13.2405735593431,Upregulated
5264,0.0122125508908343,Downregulated
5265,10.4065573668454,Upregulated
5266,0,Unchanged
5267,779985.069179458,Unchanged
5268,25575926.7104852,Unchanged
5269,0,Unchanged
5270,0,Unchanged
5271,0,Unchanged
5272,0,Unchanged
5273,0,Unchanged
5274,0,Unchanged
5275,0,Unchanged
5276,0,Unchanged
5277,0,Unchanged
5278,0,Unchanged
5279,624571.08066159,Unchanged
5280,22993138777.3123,Unchanged
5281,1.61792338163841e-06,Unchanged
5282,1.08625661324684,Unchanged
5283,12603175.1914383,Unchanged
5284,14864667.7351808,Unchanged
5285,22.5946565498491,Upregulated
5286,5.60184515050408,Upregulated
5287,0.190014042036607,Downregulated
5288,0.590341528251699,Unchanged
5289,8.44560703475594,Upregulated
5290,0.996777688989597,Unchanged
5291,0,Unchanged
5292,1.11131814007338,Unchanged
5293,19.5841604429427,Upregulated
5294,1.21086581601995,Unchanged
5295,0,Unchanged
5296,72.1216282841363,Upregulated
5297,0,Unchanged
5298,0,Unchanged
5299,0.5,Downregulated
5300,0,Unchanged
5301,0.946241981574084,Unchanged
5302,766257.353830215,Unchanged
5303,0,Unchanged
5304,0,Unchanged
5305,5573409.31866616,Unchanged
5306,0.825912901351346,Unchanged
5307,9294588.16651019,Unchanged
5308,0.0623775931629706,Downregulated
5309,21.4822238118363,Upregulated
5310,662458.411818938,Unchanged
5311,9.02241025711878,Upregulated
5312,0,Unchanged
5313,2.18464692853543,Upregulated
5314,0,Unchanged
5315,0,Unchanged
5316,0.831068690087523,Unchanged
5317,667427.642869667,Unchanged
5318,7680238.30709251,Unchanged
5319,1098062.78053612,Unchanged
5320,0,Unchanged
5321,2022748.74851034,Unchanged
5322,12635652.440672,Unchanged
5323,0,Unchanged
5324,14.0806616805149,Upregulated
5325,22.8313830409953,Upregulated
5326,2.14673945980853,Upregulated
5327,0,Unchanged
5328,0.613714665243789,Unchanged
5329,0.38861060429929,Downregulated
5330,4.46033435419252,Upregulated
5331,9.97550179408908,Upregulated
5332,3.99717735178023,Upregulated
5333,0,Unchanged
5334,0,Unchanged
5335,0,Unchanged
5336,25271304.881344,Unchanged
5337,0,Unchanged
5338,10.4136625180812,Upregulated
5339,0,Unchanged
5340,0,Unchanged
5341,1.00000039292316,Unchanged
5342,0,Unchanged
5343,0,Unchanged
5344,108666531.297748,Unchanged
5345,0.302743593891158,Downregulated
5346,0.373398588957763,Downregulated
5347,1.19997891724279,Unchanged
5348,0.297212542657365,Downregulated
5349,0,Unchanged
5350,72.160992336493,Upregulated
5351,4.9942399247354,Upregulated
5352,0,Unchanged
5353,631016.683367179,Unchanged
5354,939896.281545211,Unchanged
5355,14312482.4823774,Unchanged
5356,0.230114077467213,Downregulated
5357,0.0282773534670342,Downregulated
5358,0,Unchanged
5359,0,Unchanged
5360,0,Unchanged
5361,1.5969748457153,Unchanged
5362,0,Unchanged
5363,0,Unchanged
5364,0,Unchanged
5365,7675611.22543234,Unchanged
5366,3869886.4072177,Unchanged
5367,0,Unchanged
5368,108144.412078295,Unchanged
5369,10.4453978059061,Upregulated
5370,112.696517050031,Upregulated
5371,2.33064382941196,Upregulated
5372,1.82977469449613,Unchanged
5373,3.07015846987913e-06,Unchanged
5374,1.60578535645786,Unchanged
5375,62.4707455473906,Upregulated
5376,5543316.56143993,Unchanged
5377,44.9901313851469,Upregulated
5378,12.1288026764857,Upregulated
5379,10.4637079556838,Upregulated
5380,10.4637054252105,Upregulated
5381,44.9211334398635,Upregulated
5382,0.266228691956652,Downregulated
5383,10.9573148910163,Upregulated
5384,0.0947991763887107,Downregulated
5385,14654153.5716311,Unchanged
5386,41.4851576330946,Upregulated
5387,0,Unchanged
5388,3.09173118642955,Upregulated
5389,12.1288026676454,Upregulated
5390,0.580456527537635,Unchanged
5391,0.580482459927167,Unchanged
5392,0.494438494186259,Downregulated
5393,0,Unchanged
5394,0,Unchanged
5395,0.630973935657799,Unchanged
5396,0.630973935657799,Unchanged
5397,0.630161585050343,Unchanged
5398,0,Unchanged
5399,0,Unchanged
5400,0,Unchanged
5401,15.1778243395771,Upregulated
5402,0,Unchanged
5403,13.193229257905,Upregulated
5404,55.0613684046413,Upregulated
5405,4.12939762833773,Upregulated
5406,7.38391999400928,Upregulated
5407,0,Unchanged
5408,0.713577044874007,Unchanged
5409,1.17326799877393,Unchanged
5410,0.141255418816769,Downregulated
5411,0.275995939506307,Downregulated
5412,27.4788549713367,Upregulated
5413,29729193.6633916,Unchanged
5414,1.1724970545859,Unchanged
5415,1.1724970545859,Unchanged
5416,0,Unchanged
5417,0,Unchanged
5418,48.1097938549364,Upregulated
5419,15.4438635456466,Upregulated
5420,58.9531852880272,Upregulated
5421,13.2293913846785,Upregulated
5422,1.05470798761633,Unchanged
5423,7675611.39287886,Unchanged
5424,0.000700528820451187,Unchanged
5425,0,Unchanged
5426,29652764.2653946,Unchanged
5427,27.2622707383918,Upregulated
5428,10.4459905971061,Upregulated
5429,0.444050811877198,Downregulated
5430,2.73792056658025,Upregulated
5431,0.928083153312698,Unchanged
5432,8.26928872097867,Upregulated
5433,0.834090321655344,Unchanged
5434,1.77302165264898,Unchanged
5435,20.7794557231974,Upregulated
5436,15.5071876878074,Upregulated
5437,2.09740322785402,Upregulated
5438,11.4788232157648,Upregulated
5439,11.4788232142091,Upregulated
5440,62555682.2930191,Unchanged
5441,71.427680872769,Upregulated
5442,1.21302488386486,Unchanged
5443,5358451.36031829,Unchanged
5444,4095814.92776288,Unchanged
5445,5.93961882381055,Upregulated
5446,29729192.3726068,Unchanged
5447,21.2378810910312,Upregulated
5448,308.276389290364,Upregulated
5449,4.69019516369585,Upregulated
5450,2.51893453213516,Upregulated
5451,16.5645067314961,Upregulated
5452,16.5645067320068,Upregulated
5453,4.54617189999044,Upregulated
5454,116.445206058236,Upregulated
5455,12.855085802396,Upregulated
5456,30836496.6532434,Unchanged
5457,3827721.3296026,Unchanged
5458,5849414.4145441,Unchanged
5459,0,Unchanged
5460,0.983858129162059,Unchanged
5461,0.614054360968225,Unchanged
5462,11.6295718031867,Upregulated
5463,0.146929376364511,Downregulated
5464,0,Unchanged
5465,4759443.98252855,Unchanged
5466,0,Unchanged
5467,25.6243034877161,Upregulated
5468,0,Unchanged
5469,156.23254281665,Upregulated
5470,0,Unchanged
5471,12679406.3054476,Unchanged
5472,0,Unchanged
5473,3.16998039181726e-07,Unchanged
5474,4.52762751176588,Upregulated
5475,0,Unchanged
5476,4.53702870243361,Upregulated
5477,0,Unchanged
5478,0,Unchanged
5479,0,Unchanged
5480,0,Unchanged
5481,0,Unchanged
5482,0,Unchanged
5483,0,Unchanged
5484,0.153811582208644,Downregulated
5485,0.460192718443922,Downregulated
5486,12.1319439857411,Upregulated
5487,0.308261925055981,Downregulated
5488,0,Unchanged
5489,0,Unchanged
5490,0,Unchanged
5491,5.67336483579126,Upregulated
5492,0.237207134095891,Downregulated
5493,0,Unchanged
5494,2,Upregulated
5495,0,Unchanged
5496,0,Unchanged
5497,40.4164866304459,Upregulated
5498,0,Unchanged
5499,0,Unchanged
5500,6778452.94126138,Unchanged
5501,244.849271883758,Upregulated
5502,3389242.42830476,Unchanged
5503,3389242.42830476,Unchanged
5504,0,Unchanged
5505,0,Unchanged
5506,0,Unchanged
5507,0,Unchanged
5508,0,Unchanged
5509,9834456933,Unchanged
5510,0,Unchanged
5511,0,Unchanged
5512,7.5786376148957,Upregulated
5513,0,Unchanged
5514,0,Unchanged
5515,0,Unchanged
5516,0.267337092708555,Downregulated
5517,353105.519497885,Unchanged
5518,6778453.02165612,Unchanged
5519,0,Unchanged
5520,0,Unchanged
5521,0,Unchanged
5522,0,Unchanged
5523,0,Unchanged
5524,0,Unchanged
5525,0,Unchanged
5526,695263485.4375,Unchanged
5527,0,Unchanged
5528,0,Unchanged
5529,0,Unchanged
5530,0,Unchanged
5531,0,Unchanged
5532,0,Unchanged
5533,0,Unchanged
5534,0,Unchanged
5535,28156072.2917575,Unchanged
5536,0,Unchanged
5537,0,Unchanged
5538,0,Unchanged
5539,298593.862872946,Unchanged
5540,1.99999915642487,Unchanged
5541,0,Unchanged
5542,0,Unchanged
5543,1.0109354367914,Unchanged
5544,2616364.22965194,Unchanged
5545,0,Unchanged
5546,420.414590914442,Upregulated
5547,0,Unchanged
5548,420.414590914442,Upregulated
5549,0,Unchanged
5550,0,Unchanged
5551,1.01093543157042,Unchanged
5552,0,Unchanged
5553,0,Unchanged
5554,6778452.94126138,Unchanged
5555,6778452.94126138,Unchanged
5556,2,Upregulated
5557,-1.7592186044416e+16,Unchanged
5558,-1.7592186044416e+16,Unchanged
5559,0,Unchanged
5560,11257368.5553478,Unchanged
5561,0,Unchanged
5562,0,Unchanged
5563,0,Unchanged
5564,0,Unchanged
5565,0,Unchanged
5566,0,Unchanged
5567,8.796093022208e+15,Unchanged
5568,0,Unchanged
5569,15248366.0794767,Unchanged
5570,7312503.33050245,Unchanged
5571,2085158.24661957,Unchanged
5572,249851.371121729,Unchanged
5573,25206340.3118702,Unchanged
5574,2090532.55948529,Unchanged
5575,2595427.33063272,Unchanged
5576,26455337.2618552,Unchanged
5577,2595427.33063272,Unchanged
5578,26455337.2618552,Unchanged
5579,2595427.33063272,Unchanged
5580,26455337.2618552,Unchanged
5581,2595427.33063272,Unchanged
5582,26455337.2618552,Unchanged
5583,610487.673457708,Unchanged
5584,6984066.3338921,Unchanged
5585,3495880.73458572,Unchanged
5586,249838.332879699,Unchanged
5587,61672993.3064868,Unchanged
5588,2090532.50103571,Unchanged
5589,2090532.50103571,Unchanged
5590,38644289.8013952,Unchanged
5591,2595427.33063272,Unchanged
5592,26455337.2618552,Unchanged
5593,1297713.66531636,Unchanged
5594,13227668.6309276,Unchanged
5595,0.024077173655835,Downregulated
5596,6984066.3338921,Unchanged
5597,0,Unchanged
5598,0.267892282337551,Downregulated
5599,0,Unchanged
5600,1747940.36729286,Unchanged
5601,0,Unchanged
5602,0.400449198242407,Downregulated
5603,6.8382159385809,Upregulated
5604,0,Unchanged
5605,1809983.23322605,Unchanged
5606,9.10981681436655,Upregulated
5607,392913.337374605,Unchanged
5608,0,Unchanged
5609,6800275.97810102,Unchanged
5610,3495880.74721715,Unchanged
5611,0,Unchanged
5612,1098062.78233526,Unchanged
5613,0,Unchanged
5614,1.47803393146519,Unchanged
5615,0.106747435420887,Downregulated
5616,0.0806880889931778,Downregulated
5617,1.52410178604464,Unchanged
5618,0.0826202771175126,Downregulated
5619,0.0824490278427251,Downregulated
5620,1.4388346184468,Unchanged
5621,0.102361699971746,Downregulated
5622,1.04337861897201,Unchanged
5623,3.28274389384173,Upregulated
5624,0.220475610197805,Downregulated
5625,13227730.2116946,Unchanged
5626,0.0604204573564329,Downregulated
5627,0.106583042866182,Downregulated
5628,1.01545960654689,Unchanged
5629,11.6933383894323,Upregulated
5630,1790949.3417095,Unchanged
5631,6778452.38584398,Unchanged
5632,1080743.12997589,Unchanged
5633,249837.626348713,Unchanged
5634,0,Unchanged
5635,6984066.3338921,Unchanged
5636,2.93188369401137,Upregulated
5637,4246600.66980678,Unchanged
5638,0,Unchanged
5639,1907865.9164969,Unchanged
5640,0,Unchanged
5641,0.0778363575137487,Downregulated
5642,0.101470878619823,Downregulated
5643,1.63163268460242,Unchanged
5644,1.4517736621029,Unchanged
5645,0.0975040063690813,Downregulated
5646,0.993863768063374,Unchanged
5647,1.63163258338089,Unchanged
5648,1.45177357203929,Unchanged
5649,0.0899988310755637,Downregulated
5650,0.0899988310755637,Downregulated
5651,0,Unchanged
5652,21715956.1113083,Unchanged
5653,7.14242901808574,Upregulated
5654,1.51916768575112,Unchanged
5655,55.2278549327496,Upregulated
5656,1.42829426072407,Unchanged
5657,38644289.8013952,Unchanged
5658,1.71292187022984,Unchanged
5659,14.5332414239261,Upregulated
5660,4.86829113748465,Upregulated
5661,1.52410213286062,Unchanged
5662,0.560205446495935,Unchanged
5663,1.61709063299658,Unchanged
5664,6.75275000573442,Upregulated
5665,0.11936514587993,Downregulated
5666,17.0260615096043,Upregulated
5667,0.403124426638993,Downregulated
5668,0.919461031922241,Unchanged
5669,0,Unchanged
5670,0,Unchanged
5671,0,Unchanged
5672,0,Unchanged
5673,7.53877519170288e-05,Unchanged
5674,2.64694403967725e-05,Unchanged
5675,0.453528115327937,Downregulated
5676,0.985005942011633,Unchanged
5677,1.25236626888457,Unchanged
5678,0.32635930730625,Downregulated
5679,29.0119821695439,Upregulated
5680,0.0767651371515995,Downregulated
5681,1.24978431445587,Unchanged
5682,0.878204149277516,Unchanged
5683,2.7500663467983,Upregulated
5684,0.717551804344742,Unchanged
5685,0.152891544232136,Downregulated
5686,0.736344304149054,Unchanged
5687,0.516351030746945,Unchanged
5688,4.5032081188038,Upregulated
5689,0.516351040389079,Unchanged
5690,0.733895374289587,Unchanged
5691,4.85928598426631,Upregulated
5692,0,Unchanged
5693,0,Unchanged
5694,0,Unchanged
5695,0,Unchanged
5696,0,Unchanged
5697,9.65847636642971e-05,Unchanged
5698,0,Unchanged
5699,0.692518904835648,Unchanged
5700,0.645488973446678,Unchanged
5701,0,Unchanged
5702,0,Unchanged
5703,0,Unchanged
5704,0,Unchanged
5705,0,Unchanged
5706,0,Unchanged
5707,0,Unchanged
5708,0,Unchanged
5709,0,Unchanged
5710,0,Unchanged
5711,0.16361816146336,Downregulated
5712,0.429537744434382,Downregulated
5713,0.44797370462275,Downregulated
5714,1.25676567169498,Unchanged
5715,0,Unchanged
5716,0,Unchanged
5717,0,Unchanged
5718,0,Unchanged
5719,0,Unchanged
5720,0,Unchanged
5721,7312503.33050245,Unchanged
5722,5.11502073711134,Upregulated
5723,0,Unchanged
5724,5.89834545648516,Upregulated
5725,1.72857657756512,Unchanged
5726,1.31317017951905,Unchanged
5727,0,Unchanged
5728,2.54922249113026,Upregulated
5729,3.16358478308499,Upregulated
5730,4.0539351326562,Upregulated
5731,1.30003454970296,Unchanged
5732,1.41261307892656,Unchanged
5733,1.41261307892656,Unchanged
5734,0,Unchanged
5735,0.525856745668502,Unchanged
5736,0,Unchanged
5737,0,Unchanged
5738,0,Unchanged
5739,0,Unchanged
5740,0,Unchanged
5741,2.50966835102934e-07,Unchanged
5742,0,Unchanged
5743,3.54158890864336,Upregulated
5744,1.02425143446681e-05,Unchanged
5745,1.83921148493482e-06,Unchanged
5746,0,Unchanged
5747,0,Unchanged
5748,0.826815191564185,Unchanged
5749,7.05853612289855,Upregulated
5750,6.05932100346515,Upregulated
5751,6.11830309927303,Upregulated
5752,43.0027246651573,Upregulated
5753,1.1413092464259,Unchanged
5754,0,Unchanged
5755,6.11800128581308e-07,Unchanged
5756,6.8409526306823e-08,Unchanged
5757,0.244067612029704,Downregulated
5758,6.11800128581308e-07,Unchanged
5759,0.159454801231656,Downregulated
5760,22.878739211801,Upregulated
5761,1.35021034918073,Unchanged
5762,18.291092395571,Upregulated
5763,0.12661639871267,Downregulated
5764,0.000554570510132208,Unchanged
5765,5.68685612489838,Upregulated
5766,0.00646519951802287,Unchanged
5767,0.0610479362164865,Downregulated
5768,1.32926663424742,Unchanged
5769,0,Unchanged
5770,1.95680043484425e-07,Unchanged
5771,0.00425679094766987,Unchanged
5772,3.24779453535484e-08,Unchanged
5773,7.1652390657617e-07,Unchanged
5774,0,Unchanged
5775,0.0121324586283346,Downregulated
5776,0,Unchanged
5777,0,Unchanged
5778,0.0123804716473822,Downregulated
5779,3.31418597170341e-08,Unchanged
5780,0.00192864992456076,Unchanged
5781,7.40644133528337e-07,Unchanged
5782,0.67561563291875,Unchanged
5783,0,Unchanged
5784,0,Unchanged
5785,3.50443669329786,Upregulated
5786,16.1252335938162,Upregulated
5787,0,Unchanged
5788,0.900609221441391,Unchanged
5789,2.69496811719274,Upregulated
5790,3557323.98036149,Unchanged
5791,1778661.99018075,Unchanged
5792,0,Unchanged
5793,0,Unchanged
5794,0.27492463490381,Downregulated
5795,0,Unchanged
5796,119970895.240435,Unchanged
5797,4.56391989509787,Upregulated
5798,0,Unchanged
5799,0,Unchanged
5800,0,Unchanged
5801,0,Unchanged
5802,0,Unchanged
5803,0,Unchanged
5804,0,Unchanged
5805,0,Unchanged
5806,1.42320139005604,Unchanged
5807,14148153.3883949,Unchanged
5808,0.0510643404171259,Downregulated
5809,0,Unchanged
5810,0,Unchanged
5811,0,Unchanged
5812,1.33950576225034,Unchanged
5813,0,Unchanged
5814,0,Unchanged
5815,0,Unchanged
5816,5.72733717442293,Upregulated
5817,0,Unchanged
5818,0,Unchanged
5819,0,Unchanged
5820,4.95112498931991,Upregulated
5821,0,Unchanged
5822,0,Unchanged
5823,0,Unchanged
5824,0,Unchanged
5825,0,Unchanged
5826,0,Unchanged
5827,0,Unchanged
5828,0,Unchanged
5829,0,Unchanged
5830,0,Unchanged
5831,0,Unchanged
5832,0,Unchanged
5833,0,Unchanged
5834,0,Unchanged
5835,0,Unchanged
5836,1.14474934940928,Unchanged
5837,0,Unchanged
5838,0,Unchanged
5839,0,Unchanged
5840,1.5097524206567e-05,Unchanged
5841,4294319.74277722,Unchanged
5842,1.01336725092903,Unchanged
5843,1.58129872911015,Unchanged
5844,0,Unchanged
5845,7.5151052341439,Upregulated
5846,28221951.7690525,Unchanged
5847,20.4941195874353,Upregulated
5848,0,Unchanged
5849,0,Unchanged
5850,2624546.10771047,Unchanged
5851,492935.046660431,Unchanged
5852,141017.813641295,Unchanged
5853,3.55991062391617e-07,Unchanged
5854,3.55991062393324e-07,Unchanged
5855,0,Unchanged
5856,0,Unchanged
5857,3.64612697727308,Upregulated
5858,0,Unchanged
5859,0.0401571708325579,Downregulated
5860,0,Unchanged
5861,0,Unchanged
5862,0.378302449927759,Downregulated
5863,0.596281476075508,Unchanged
5864,1759012.12220082,Unchanged
5865,0.652307090357783,Unchanged
5866,3.52378081741282,Upregulated
5867,2.70011350750746,Upregulated
5868,1.88846136852215,Unchanged
5869,2.78480079445655,Upregulated
5870,0.696734280894004,Unchanged
5871,0,Unchanged
5872,0.0723526461708068,Downregulated
5873,7.39889790769544e-08,Unchanged
5874,3.36378022461758e-07,Unchanged
5875,0,Unchanged
5876,0.893673905399074,Unchanged
5877,0.286622492025485,Downregulated
5878,0,Unchanged
5879,0,Unchanged
5880,0,Unchanged
5881,5.22830430639411,Upregulated
5882,0.608836875226791,Unchanged
5883,0,Unchanged
5884,0,Unchanged
5885,0,Unchanged
5886,0,Unchanged
5887,0,Unchanged
5888,0,Unchanged
5889,0,Unchanged
5890,0,Unchanged
5891,0,Unchanged
5892,0,Unchanged
5893,2.66807157884965,Upregulated
5894,0.0285781158096672,Downregulated
5895,0,Unchanged
5896,0,Unchanged
5897,0,Unchanged
5898,0,Unchanged
5899,0,Unchanged
5900,0,Unchanged
5901,0,Unchanged
5902,4.47068624272463e-07,Unchanged
5903,9.83407268583913e-08,Unchanged
5904,0,Unchanged
5905,0,Unchanged
5906,0,Unchanged
5907,0,Unchanged
5908,0,Unchanged
5909,0,Unchanged
5910,0,Unchanged
5911,0,Unchanged
5912,0,Unchanged
5913,0,Unchanged
5914,0.388681493581828,Downregulated
5915,0,Unchanged
5916,0,Unchanged
5917,5.25755936674861,Upregulated
5918,0,Unchanged
5919,1.06798996339999,Unchanged
5920,0,Unchanged
5921,0.201626369875271,Downregulated
5922,5.56085277473477,Upregulated
5923,7.39889790769544e-08,Unchanged
5924,0,Unchanged
5925,11.0350398605321,Upregulated
5926,0,Unchanged
5927,1.9126691797586,Unchanged
5928,0,Unchanged
5929,13.6484118976598,Upregulated
5930,1.06680533201755,Unchanged
5931,1.42286867086771,Unchanged
5932,0,Unchanged
5933,0,Unchanged
5934,4406.99347587558,Upregulated
5935,0,Unchanged
5936,0.000166866410485394,Unchanged
5937,0,Unchanged
5938,4.93131151898355,Upregulated
5939,0,Unchanged
5940,5.25136386896658,Upregulated
5941,7.04899188158117e-07,Unchanged
5942,1.70091163510084e-07,Unchanged
5943,1.98334742279429,Unchanged
5944,0.259658864255418,Downregulated
5945,1.33076257495633,Unchanged
5946,2.00472037098798,Upregulated
5947,5.25368907132333e-08,Unchanged
5948,0.191054637364905,Downregulated
5949,0.0167970667391105,Downregulated
5950,0,Unchanged
5951,0,Unchanged
5952,0.743299929631823,Unchanged
5953,0.0453696488314835,Downregulated
5954,0,Unchanged
5955,0.143005251920377,Downregulated
5956,0.637269798867172,Unchanged
5957,0,Unchanged
5958,0,Unchanged
5959,2.29474822939592,Upregulated
5960,0.306865580577465,Downregulated
5961,0.000256282661716853,Unchanged
5962,0.768470931133635,Unchanged
5963,0,Unchanged
5964,0,Unchanged
5965,1.04865827757537e-06,Unchanged
5966,10.2401689839463,Upregulated
5967,4.9040002647871e-07,Unchanged
5968,0.22704722423398,Downregulated
5969,0,Unchanged
5970,0,Unchanged
5971,0,Unchanged
5972,6.7183783868071,Upregulated
5973,0,Unchanged
5974,0,Unchanged
5975,0,Unchanged
5976,0,Unchanged
5977,0,Unchanged
5978,0,Unchanged
5979,0,Unchanged
5980,0,Unchanged
5981,0,Unchanged
5982,0,Unchanged
5983,0,Unchanged
5984,0,Unchanged
5985,0,Unchanged
5986,0.992499774531576,Unchanged
5987,3.65129100258264,Upregulated
5988,1.46664126302524,Unchanged
5989,0,Unchanged
5990,0,Unchanged
5991,0,Unchanged
5992,0,Unchanged
5993,0,Unchanged
5994,0,Unchanged
5995,0,Unchanged
5996,0,Unchanged
5997,4.68787417825144,Upregulated
5998,1.67379787037039,Unchanged
5999,0,Unchanged
6000,0,Unchanged
6001,0,Unchanged
6002,0,Unchanged
6003,0,Unchanged
6004,0,Unchanged
6005,0,Unchanged
6006,0,Unchanged
6007,0,Unchanged
6008,0,Unchanged
6009,0,Unchanged
6010,0.309923693895417,Downregulated
6011,0.309923703528397,Downregulated
6012,0,Unchanged
6013,0,Unchanged
6014,0,Unchanged
6015,0,Unchanged
6016,0,Unchanged
6017,0,Unchanged
6018,0,Unchanged
6019,0.0242238020562916,Downregulated
6020,1.48219629316352,Unchanged
6021,6.65989469564144e-05,Unchanged
6022,1.747932080828e-07,Unchanged
6023,0,Unchanged
6024,0.0382920412057026,Downregulated
6025,0.0382436479419295,Downregulated
6026,0.599861875352257,Unchanged
6027,0,Unchanged
6028,0,Unchanged
6029,0.190506078950807,Downregulated
6030,0,Unchanged
6031,0,Unchanged
6032,18.5133458689783,Upregulated
6033,18.5133458681199,Upregulated
6034,0,Unchanged
6035,0,Unchanged
6036,2.42900600082976e-05,Unchanged
6037,0.392262101050887,Downregulated
6038,7169067.84341676,Unchanged
6039,1.17557376266326,Unchanged
6040,0,Unchanged
6041,55604.062330035,Unchanged
6042,0,Unchanged
6043,11.1931140260066,Upregulated
6044,152.04189646641,Upregulated
6045,2.4048039349515,Upregulated
6046,0,Unchanged
6047,0,Unchanged
6048,0.900275803062269,Unchanged
6049,108.657092190237,Upregulated
6050,79.1829414783215,Upregulated
6051,0.0616795218624558,Downregulated
6052,0.475524726258259,Downregulated
6053,0,Unchanged
6054,1628963.73830058,Unchanged
6055,1631467.41456342,Unchanged
6056,0,Unchanged
6057,0,Unchanged
6058,144917569.500758,Unchanged
6059,0,Unchanged
6060,0.853520664272838,Unchanged
6061,0,Unchanged
6062,0.00208337602301222,Unchanged
6063,0,Unchanged
6064,0,Unchanged
6065,0.798851912714868,Unchanged
6066,0,Unchanged
6067,0.5,Downregulated
6068,0.02054016644727,Downregulated
6069,0.618204043735836,Unchanged
6070,1.0070790346977,Unchanged
6071,0,Unchanged
6072,0,Unchanged
6073,4107470.43391392,Unchanged
6074,0,Unchanged
6075,5.97366842611409e-08,Unchanged
6076,7.17325722371314,Upregulated
6077,3262934.35701985,Unchanged
6078,0.0419339062420047,Downregulated
6079,0,Unchanged
6080,4.82049720003212e-08,Unchanged
6081,0,Unchanged
6082,0,Unchanged
6083,4.03774577270162,Upregulated
6084,4.16986125889524,Upregulated
6085,2.2366051190845,Upregulated
6086,1.11536406087351,Unchanged
6087,1.11542751672426,Unchanged
6088,2446536.19716966,Unchanged
6089,0.301839904037722,Downregulated
6090,7.0100581099614e-07,Unchanged
6091,36.1250986547626,Upregulated
6092,4.7315647542612,Upregulated
6093,0.370724126441716,Downregulated
6094,0.182037760605492,Downregulated
6095,7.05252432453562e-08,Unchanged
6096,45986065473.2469,Unchanged
6097,9169748.92432306,Unchanged
6098,0,Unchanged
6099,0,Unchanged
6100,0,Unchanged
6101,0,Unchanged
6102,0,Unchanged
6103,0,Unchanged
6104,0,Unchanged
6105,0,Unchanged
6106,0,Unchanged
6107,0,Unchanged
6108,0.199381797130866,Downregulated
6109,7.27858730158459e-08,Unchanged
6110,15.449345726338,Upregulated
6111,0,Unchanged
6112,38.8950420259251,Upregulated
6113,0,Unchanged
6114,0,Unchanged
6115,2336974.14712678,Unchanged
6116,0.414909920038132,Downregulated
6117,0.0642936708357968,Downregulated
6118,0.414909990450223,Downregulated
6119,0.175630597594398,Downregulated
6120,0,Unchanged
6121,0.0524725298585397,Downregulated
6122,0.0839380938263612,Downregulated
6123,0.915175887296673,Unchanged
6124,1.46006119408596,Unchanged
6125,0,Unchanged
6126,11.5293549214831,Upregulated
6127,2.86646972509743,Upregulated
6128,0,Unchanged
6129,0.0961478743685821,Downregulated
6130,0.16574477176912,Downregulated
6131,0.0290085272114877,Downregulated
6132,1754765.98660987,Unchanged
6133,2.81087811035678,Upregulated
6134,1.2017405720221,Unchanged
6135,11257368.5553478,Unchanged
6136,10.1089947831566,Upregulated
6137,4.94571520255365,Upregulated
6138,0,Unchanged
6139,0.0758790251223045,Downregulated
6140,5.84815428272403,Upregulated
6141,14148152.4269978,Unchanged
6142,0,Unchanged
6143,0.134447190319145,Downregulated
6144,0,Unchanged
6145,0,Unchanged
6146,28296304.8539955,Unchanged
6147,7431339.33231656,Unchanged
6148,13.0101286082468,Upregulated
6149,0,Unchanged
6150,5.2033268165657,Upregulated
6151,993.301751075817,Upregulated
6152,28296304.8539955,Unchanged
6153,45.4372579131039,Upregulated
6154,37.6861758526157,Upregulated
6155,37.2217666086222,Upregulated
6156,11.8835501509368,Upregulated
6157,1711.98120575351,Upregulated
6158,1.29828933972407,Unchanged
6159,0,Unchanged
6160,28296304.8539955,Unchanged
6161,28.0900497932473,Upregulated
6162,28296304.8539955,Unchanged
6163,28296304.8539955,Unchanged
6164,786.129118917915,Upregulated
6165,47.726350286786,Upregulated
6166,14862678.664652,Unchanged
6167,28112522.0732042,Unchanged
6168,40.0526938890187,Upregulated
6169,0,Unchanged
6170,9.29080739298169,Upregulated
6171,2.98511765297734,Upregulated
6172,0,Unchanged
6173,66.6965256981726,Upregulated
6174,28221952.5931944,Unchanged
6175,1.11536376426645,Unchanged
6176,951.284798483538,Upregulated
6177,5.16105566881883,Upregulated
6178,21995053.9271277,Unchanged
6179,0.907467834635087,Unchanged
6180,14110976.2965972,Unchanged
6181,1184.4223075094,Upregulated
6182,0.459450013374228,Downregulated
6183,28296303.8811458,Unchanged
6184,1.04895715614785,Unchanged
6185,343.659389317548,Upregulated
6186,0.579839815587635,Unchanged
6187,28296304.8539955,Unchanged
6188,12465522.5388911,Unchanged
6189,0.556925208969121,Unchanged
6190,0.294487118393929,Downregulated
6191,1.11598495523723,Unchanged
6192,1.83636613896089,Unchanged
6193,0,Unchanged
6194,0,Unchanged
6195,8599570.4557034,Unchanged
6196,5588092.81835126,Unchanged
6197,1.1183021539326,Unchanged
6198,0.578638142556511,Unchanged
6199,27.1642863692587,Upregulated
6200,0.902144961536592,Unchanged
6201,0.372767500920389,Downregulated
6202,14148152.4269978,Unchanged
6203,0,Unchanged
6204,28262249.0950878,Unchanged
6205,0,Unchanged
6206,19777250.5574514,Unchanged
6207,0,Unchanged
6208,2.1722463566816,Upregulated
6209,0,Unchanged
6210,0,Unchanged
6211,1.19746499227067,Unchanged
6212,0.262149162672235,Downregulated
6213,3.53770004211216,Upregulated
6214,0.294487118393929,Downregulated
6215,0.930547810572757,Unchanged
6216,1019.94641101632,Upregulated
6217,0,Unchanged
6218,5573409.36978063,Unchanged
6219,0.693066308119661,Unchanged
6220,10.5511719362161,Upregulated
6221,11.6054533759988,Upregulated
6222,28221952.5931944,Unchanged
6223,10.0754029054906,Upregulated
6224,28221952.5931944,Unchanged
6225,0.261460331285508,Downregulated
6226,0.261460331285508,Downregulated
6227,63982840.0372469,Unchanged
6228,15881429.4282766,Unchanged
6229,2351273.96824139,Unchanged
6230,4120906.71138685,Unchanged
6231,199.983534616821,Upregulated
6232,28296303.7218488,Unchanged
6233,1.00000007062691,Unchanged
6234,32323579.8747484,Unchanged
6235,12258138.8613252,Unchanged
6236,0,Unchanged
6237,28296303.7218488,Unchanged
6238,28221951.5366887,Unchanged
6239,0.00547891037938212,Unchanged
6240,0.0013689825600835,Unchanged
6241,163960123.649451,Unchanged
6242,4007.11909964611,Upregulated
6243,0,Unchanged
6244,2.45353866239384e-06,Unchanged
6245,0,Unchanged
6246,0,Unchanged
6247,1.92758119258801,Unchanged
6248,2.91763440334157,Upregulated
6249,0.00224516089990778,Unchanged
6250,0,Unchanged
6251,1.9275811331945,Unchanged
6252,84670682.0507972,Unchanged
6253,0,Unchanged
6254,13.3924121373914,Upregulated
6255,0,Unchanged
6256,302377.461392891,Unchanged
6257,0.737480099776412,Unchanged
6258,0.881070698330022,Unchanged
6259,0,Unchanged
6260,3.16292485247395,Upregulated
6261,0.303349004215353,Downregulated
6262,1814467.64251274,Unchanged
6263,3381378.28188149,Unchanged
6264,4304694.60322004,Unchanged
6265,4332686.11588493,Unchanged
6266,0,Unchanged
6267,0.24565084520232,Downregulated
6268,3.70753346067193,Upregulated
6269,0,Unchanged
6270,3866379.92687636,Unchanged
6271,0,Unchanged
6272,0,Unchanged
6273,2.90811533408207,Upregulated
6274,1750.3498781428,Upregulated
6275,8.43531646523843e-08,Unchanged
6276,3.66671822750756,Upregulated
6277,116.818252953494,Upregulated
6278,1938446.53393259,Unchanged
6279,0.354397357708597,Downregulated
6280,0.197110907099927,Downregulated
6281,6377265.16470538,Unchanged
6282,0,Unchanged
6283,148.769399073344,Upregulated
6284,3.66671810816911,Upregulated
6285,13.62517517319,Upregulated
6286,4098888.00833269,Unchanged
6287,22.6705841673969,Upregulated
6288,0,Unchanged
6289,0.171948697454853,Downregulated
6290,0.0578909420896706,Downregulated
6291,67685198.0707093,Unchanged
6292,0,Unchanged
6293,0,Unchanged
6294,0,Unchanged
6295,0.139325160678095,Downregulated
6296,2053719.08276248,Unchanged
6297,2053720.85354888,Unchanged
6298,1935901.07691183,Unchanged
6299,0,Unchanged
6300,1.79657759991301,Unchanged
6301,0,Unchanged
6302,1819143.1237085,Unchanged
6303,7.05853802713597,Upregulated
6304,0.0676302521235972,Downregulated
6305,0.221295782462343,Downregulated
6306,0.341755746324657,Downregulated
6307,0,Unchanged
6308,0,Unchanged
6309,0.0868364415173876,Downregulated
6310,145.895789122551,Upregulated
6311,86142282.5540816,Unchanged
6312,7675611.37877672,Unchanged
6313,0,Unchanged
6314,2.23512261042721,Upregulated
6315,60207773.2231821,Unchanged
6316,0.256375204805312,Downregulated
6317,0.548553654417688,Unchanged
6318,0.609559635649522,Unchanged
6319,10.2753631364841,Upregulated
6320,165525.100605894,Unchanged
6321,4.55724945846406,Upregulated
6322,1.91672789827309,Unchanged
6323,0,Unchanged
6324,0,Unchanged
6325,0,Unchanged
6326,19558947.4974043,Unchanged
6327,0,Unchanged
6328,0,Unchanged
6329,0,Unchanged
6330,0.371787902202803,Downregulated
6331,0.303348896590944,Downregulated
6332,0.302720319808641,Downregulated
6333,1.11536385259354,Unchanged
6334,7.51268019283925,Upregulated
6335,1.44113169236045,Unchanged
6336,2326576.22035591,Unchanged
6337,156.293492135611,Upregulated
6338,0.0697231821865081,Downregulated
6339,1.16143506294614,Unchanged
6340,6.27004983045201,Upregulated
6341,14148152.4383761,Unchanged
6342,0.0490586736845732,Downregulated
6343,1.02502297630653,Unchanged
6344,10.1271149438552,Upregulated
6345,3876183.77158433,Unchanged
6346,3718502.97134347,Unchanged
6347,28221952.2214665,Unchanged
6348,1.28898731390286,Unchanged
6349,3376948.66136136,Unchanged
6350,0.83636641239543,Unchanged
6351,7655443.08728424,Unchanged
6352,14110976.0909256,Unchanged
6353,0.821121852397157,Unchanged
6354,7675611.31920239,Unchanged
6355,0,Unchanged
6356,140.312048893075,Upregulated
6357,4.2348199610947,Upregulated
6358,2.74036357536598,Upregulated
6359,10.0758632198168,Upregulated
6360,3.76883927865541,Upregulated
6361,1.02502283474582,Unchanged
6362,1.02502283474582,Unchanged
6363,1.91566464358555,Unchanged
6364,0.519640189094498,Unchanged
6365,0.521009218173849,Unchanged
6366,13.3672500149879,Upregulated
6367,1.89228540050173,Unchanged
6368,49.2786515624656,Upregulated
6369,16.75430589883,Upregulated
6370,16.754305898642,Upregulated
6371,11.8187754525424,Upregulated
6372,3.20594242151781,Upregulated
6373,11.8187754525424,Upregulated
6374,60.8315959121731,Upregulated
6375,60.8315959121731,Upregulated
6376,224.256973818406,Upregulated
6377,0,Unchanged
6378,0,Unchanged
6379,0,Unchanged
6380,0,Unchanged
6381,2.48774008236874,Upregulated
6382,0.822119856524846,Unchanged
6383,3.03874700547229,Upregulated
6384,0.824285771125435,Unchanged
6385,0.783609379926924,Unchanged
6386,2.88879262523456,Upregulated
6387,2.88879262523456,Upregulated
6388,0.783609379926924,Unchanged
6389,3.24120646337169,Upregulated
6390,11.9487764798373,Upregulated
6391,2.94880572973231,Upregulated
6392,0.801995791214108,Unchanged
6393,0.287521545237141,Downregulated
6394,0.55652626459679,Unchanged
6395,0,Unchanged
6396,0.302203866618187,Downregulated
6397,0.302203866618187,Downregulated
6398,1.11305251465523,Unchanged
6399,0.301924877373148,Downregulated
6400,1.11598515189029,Unchanged
6401,0.30272038679575,Downregulated
6402,0.30272038679575,Downregulated
6403,1.11598515189029,Unchanged
6404,1.11598515189029,Unchanged
6405,0.302720378532538,Downregulated
6406,0.302720378532538,Downregulated
6407,1.11598515189029,Unchanged
6408,0.301924952465076,Downregulated
6409,1.11598515189029,Unchanged
6410,0.302720394852589,Downregulated
6411,0.302720333115008,Downregulated
6412,1.11598492429339,Unchanged
6413,0.302720318718365,Downregulated
6414,5.22182984536107e-07,Unchanged
6415,0.301924958377452,Downregulated
6416,0.213656809562708,Downregulated
6417,0.302720396767739,Downregulated
6418,0.301924950559977,Downregulated
6419,0.301924952465076,Downregulated
6420,0.302720395116747,Downregulated
6421,1.11305275784905,Unchanged
6422,0.302720391022288,Downregulated
6423,0.302720391022288,Downregulated
6424,1.11305275784905,Unchanged
6425,1.11305275784905,Unchanged
6426,0.11684351017579,Downregulated
6427,0.295735229540985,Downregulated
6428,0.21235848776134,Downregulated
6429,7.43496196452629,Upregulated
6430,3837805.62611189,Unchanged
6431,0.302720504912307,Downregulated
6432,0.9281024577357,Unchanged
6433,1.11305317660379,Unchanged
6434,0.302720504912307,Downregulated
6435,0.235514617205835,Downregulated
6436,0.693066186632032,Unchanged
6437,1.44851799496096,Unchanged
6438,0.240342537889257,Downregulated
6439,3827721.165117,Unchanged
6440,0.0398360939144445,Downregulated
6441,0.282061545643222,Downregulated
6442,0.281320539778797,Downregulated
6443,0.281320381162421,Downregulated
6444,0.282061690771056,Downregulated
6445,0.373576229561479,Downregulated
6446,0.10133570619143,Downregulated
6447,0.101335706336866,Downregulated
6448,0.373576229025326,Downregulated
6449,13.1218630600787,Upregulated
6450,0.60310054347661,Unchanged
6451,0.110289041674227,Downregulated
6452,4.01076393114762,Upregulated
6453,0.406582884775019,Downregulated
6454,1.08795357775136,Unchanged
6455,0.0869298360934351,Downregulated
6456,0.406582884775019,Downregulated
6457,1.57596204266091e-07,Unchanged
6458,4.466989254583,Upregulated
6459,6.34499363481998,Upregulated
6460,5.68969856584978,Upregulated
6461,0.40579679319729,Downregulated
6462,0.398225768796905,Downregulated
6463,0.454319459998444,Downregulated
6464,0.454319459998444,Downregulated
6465,1.38361025626354,Unchanged
6466,0.40579679319729,Downregulated
6467,40871.1320127478,Unchanged
6468,0.0289767198424895,Downregulated
6469,0,Unchanged
6470,0.0730306544259414,Downregulated
6471,7732759.99905934,Unchanged
6472,216288.82807872,Unchanged
6473,28241591.9452248,Unchanged
6474,0,Unchanged
6475,6.66145826808179,Upregulated
6476,0.135706488201737,Downregulated
6477,0.00244957064779702,Unchanged
6478,0.0664326046483111,Downregulated
6479,0.0681176484689599,Downregulated
6480,9.7330577501345,Upregulated
6481,0,Unchanged
6482,0.0988180107657617,Downregulated
6483,1727153.93515217,Unchanged
6484,0.00833343707298192,Unchanged
6485,0.672262214336992,Unchanged
6486,0.0342105318055535,Downregulated
6487,0.273184947555343,Downregulated
6488,0.682088631516079,Unchanged
6489,1.4834180141045,Unchanged
6490,1.4834180141045,Unchanged
6491,0.00851946339112882,Unchanged
6492,0.0792451955006561,Downregulated
6493,0,Unchanged
6494,1.51952450132128,Unchanged
6495,0.378887682829913,Downregulated
6496,13.6251794612535,Upregulated
6497,0.306605317595278,Downregulated
6498,0.0766479225270898,Downregulated
6499,0.916180959313833,Unchanged
6500,1.21405667074358,Unchanged
6501,1.21405600895142,Unchanged
6502,0.370838097932198,Downregulated
6503,3.67637845642978,Upregulated
6504,2.12897392823757,Upregulated
6505,0.207147588101691,Downregulated
6506,5.26443057672682,Upregulated
6507,5.27821267072846,Upregulated
6508,0.0383523443056083,Downregulated
6509,5.67336645110707,Upregulated
6510,1.41756991030116,Unchanged
6511,9.23457986779776,Upregulated
6512,8.92255456694255,Upregulated
6513,7.90422830050375e-08,Unchanged
6514,0,Unchanged
6515,4.96257405349735,Upregulated
6516,5.67336523235664,Upregulated
6517,1.23996876064983,Unchanged
6518,0,Unchanged
6519,0,Unchanged
6520,0,Unchanged
6521,0,Unchanged
6522,3.16341187648561e-07,Unchanged
6523,0,Unchanged
6524,3.16341191194169e-07,Unchanged
6525,0,Unchanged
6526,0,Unchanged
6527,0,Unchanged
6528,0.206985909807884,Downregulated
6529,0.0767046891114754,Downregulated
6530,0.307623146104056,Downregulated
6531,0.0767046907152089,Downregulated
6532,0.307623175082959,Downregulated
6533,0.307623175082959,Downregulated
6534,0.0767046907152089,Downregulated
6535,0.0767046869011044,Downregulated
6536,0.307623178123188,Downregulated
6537,0.307623178123188,Downregulated
6538,0.0767046869011044,Downregulated
6539,1.45406729785254,Unchanged
6540,0.307623173922145,Downregulated
6541,0.0767046928917359,Downregulated
6542,0,Unchanged
6543,0.922869551516609,Unchanged
6544,0.230114082082425,Downregulated
6545,0.230114082082425,Downregulated
6546,0.922869513541393,Unchanged
6547,0.922869513541393,Unchanged
6548,0.230114082082425,Downregulated
6549,0.230114082082425,Downregulated
6550,0.922869513541393,Unchanged
6551,0.922869513541393,Unchanged
6552,0.230114082082425,Downregulated
6553,0.230114070246264,Downregulated
6554,0.922869530787779,Unchanged
6555,0.922869530787779,Unchanged
6556,0.230114070246264,Downregulated
6557,0.000394022158236522,Unchanged
6558,0.000138280286132581,Unchanged
6559,0.000554571269237461,Unchanged
6560,0,Unchanged
6561,0,Unchanged
6562,0.26814064881585,Downregulated
6563,1.50560820551019,Unchanged
6564,1.07537466431977,Unchanged
6565,0.268140665701207,Downregulated
6566,1.07537468837744,Unchanged
6567,0.268140671111768,Downregulated
6568,1.07261000255186,Unchanged
6569,2.07934693126466,Upregulated
6570,0.127336071355957,Downregulated
6571,2.29192724572158e-06,Unchanged
6572,0,Unchanged
6573,40.7099211327888,Upregulated
6574,49.3020460171722,Upregulated
6575,40.7099174020496,Upregulated
6576,40.7099176105321,Upregulated
6577,40.7099206207266,Upregulated
6578,40.7099174020496,Upregulated
6579,10.1508674317963,Upregulated
6580,40.7099217582363,Upregulated
6581,40.7099217582363,Upregulated
6582,10.1508674317963,Upregulated
6583,10.1508674317963,Upregulated
6584,40.7099224348899,Upregulated
6585,40.7099224348899,Upregulated
6586,10.1508674317963,Upregulated
6587,9.88162916224323,Upregulated
6588,0,Unchanged
6589,39.6301441655509,Upregulated
6590,9.88162916224323,Upregulated
6591,9.88162903762311,Upregulated
6592,39.6301445073661,Upregulated
6593,0,Unchanged
6594,1.11598488508678,Unchanged
6595,32.4265447823902,Upregulated
6596,4.47564289709803,Upregulated
6597,4.4756428707792,Upregulated
6598,3.28400466664075e-07,Unchanged
6599,0,Unchanged
6600,0,Unchanged
6601,0,Unchanged
6602,0,Unchanged
6603,1.14288920877299,Unchanged
6604,4.58354233536022,Upregulated
6605,4.70228416930734,Upregulated
6606,1.83680785225913,Unchanged
6607,1.40408774472325,Unchanged
6608,5.63107609459995,Upregulated
6609,5.63107609459995,Upregulated
6610,1.40408774472325,Unchanged
6611,1.17249706027585,Unchanged
6612,4.70228427950798,Upregulated
6613,4.70228427950798,Upregulated
6614,1.17249706027585,Unchanged
6615,14825538.2344151,Unchanged
6616,27.2673009984161,Upregulated
6617,5.75243130848651,Upregulated
6618,1.17184442927789,Unchanged
6619,8.37000594329299e-07,Unchanged
6620,0.0719631075208844,Downregulated
6621,0.137986196966616,Downregulated
6622,0.0570873060209848,Downregulated
6623,0.0612380426150014,Downregulated
6624,0.13405633640999,Downregulated
6625,2.23339237008264,Upregulated
6626,0.0615233318692878,Downregulated
6627,0.283426960549667,Downregulated
6628,2.43738717948645,Upregulated
6629,0,Unchanged
6630,2.43738717948645,Upregulated
6631,0,Unchanged
6632,4.20680813712502,Upregulated
6633,1.13921294826167,Unchanged
6634,1.17053442536604,Unchanged
6635,4.20681048216661,Upregulated
6636,1.45608182073151,Unchanged
6637,5.83959672225522,Upregulated
6638,448.368931016681,Upregulated
6639,5.83959728006106,Upregulated
6640,8.81779776156641,Upregulated
6641,10.5418810341709,Upregulated
6642,8.81779776156641,Upregulated
6643,10.5418874983279,Upregulated
6644,0.274684080080611,Downregulated
6645,2.86042777018421,Upregulated
6646,5.72085570535951,Upregulated
6647,5.72085571204139,Upregulated
6648,2.86042777018421,Upregulated
6649,5.90973700288132,Upregulated
6650,0.302771648693126,Downregulated
6651,2.3560246092061,Upregulated
6652,2.33593018623445,Upregulated
6653,2.42669916312311,Upregulated
6654,2.32992493462873,Upregulated
6655,10.0867446452799,Upregulated
6656,5.29785669564347,Upregulated
6657,5.29785786633236,Upregulated
6658,5.29785786633236,Upregulated
6659,2.65442939229859,Upregulated
6660,13.161843905504,Upregulated
6661,0.961858387723882,Unchanged
6662,0.0695193587210031,Downregulated
6663,1.12243455634348,Unchanged
6664,7928801.70591739,Unchanged
6665,1.14430095156037,Unchanged
6666,1.14430095146029,Unchanged
6667,0,Unchanged
6668,31554552.1845959,Unchanged
6669,2.15863196758333,Upregulated
6670,2.15863196777213,Upregulated
6671,2.15863196777213,Upregulated
6672,0,Unchanged
6673,0.185299675241243,Downregulated
6674,29729192.9968396,Unchanged
6675,14864596.4984198,Unchanged
6676,0,Unchanged
6677,0,Unchanged
6678,0,Unchanged
6679,0,Unchanged
6680,0,Unchanged
6681,0,Unchanged
6682,0,Unchanged
6683,0,Unchanged
6684,0,Unchanged
6685,0,Unchanged
6686,0,Unchanged
6687,0.18253784792039,Downregulated
6688,0,Unchanged
6689,0,Unchanged
6690,0,Unchanged
6691,0,Unchanged
6692,0.179752019100589,Downregulated
6693,0,Unchanged
6694,0,Unchanged
6695,0,Unchanged
6696,0,Unchanged
6697,0,Unchanged
6698,0,Unchanged
6699,0,Unchanged
6700,0.503947291355676,Unchanged
6701,0,Unchanged
6702,0,Unchanged
6703,0,Unchanged
6704,0,Unchanged
6705,0,Unchanged
6706,0,Unchanged
6707,0,Unchanged
6708,2.08011029708042,Upregulated
6709,0,Unchanged
6710,0,Unchanged
6711,2.98447398152048,Upregulated
6712,0,Unchanged
6713,6.06910060991529,Upregulated
6714,1.45910532493233,Unchanged
6715,0,Unchanged
6716,0,Unchanged
6717,0,Unchanged
6718,0,Unchanged
6719,0,Unchanged
6720,0,Unchanged
6721,0,Unchanged
6722,0,Unchanged
6723,0,Unchanged
6724,14825543.7253702,Unchanged
6725,14825543.7253702,Unchanged
6726,9058431.717801,Unchanged
6727,6053223.64794795,Unchanged
6728,0.475923268249151,Downregulated
6729,0.37185285519362,Downregulated
6730,0,Unchanged
6731,0,Unchanged
6732,1.77647822869156,Unchanged
6733,0,Unchanged
6734,0,Unchanged
6735,0,Unchanged
6736,0,Unchanged
6737,0,Unchanged
6738,0,Unchanged
6739,0,Unchanged
6740,0,Unchanged
6741,0,Unchanged
6742,0,Unchanged
6743,1.2568753805735,Unchanged
6744,0.386832617389765,Downregulated
6745,0,Unchanged
6746,0.729687115101355,Unchanged
6747,0.729687115101355,Unchanged
6748,0,Unchanged
6749,4.10682229475071,Upregulated
6750,14.9042101666248,Upregulated
6751,0,Unchanged
6752,0,Unchanged
6753,0,Unchanged
6754,0,Unchanged
6755,0,Unchanged
6756,0,Unchanged
6757,0,Unchanged
6758,0.255608797927261,Downregulated
6759,0,Unchanged
6760,0,Unchanged
6761,0.894999230922329,Unchanged
6762,0.894999230922329,Unchanged
6763,0,Unchanged
6764,0.986615932159229,Unchanged
6765,0.986615932159229,Unchanged
6766,0,Unchanged
6767,2.06996433636988e-07,Unchanged
6768,0,Unchanged
6769,0,Unchanged
6770,0,Unchanged
6771,0,Unchanged
6772,0,Unchanged
6773,0.128839938745461,Downregulated
6774,0,Unchanged
6775,0,Unchanged
6776,0,Unchanged
6777,0,Unchanged
6778,0,Unchanged
6779,0,Unchanged
6780,0,Unchanged
6781,0,Unchanged
6782,0,Unchanged
6783,0.233492817084053,Downregulated
6784,0.128600954579973,Downregulated
6785,0.128600954579973,Downregulated
6786,0.128600954579973,Downregulated
6787,0.128600954579973,Downregulated
6788,2.67425494983479,Upregulated
6789,1.46642823416237,Unchanged
6790,0.59515053361408,Unchanged
6791,0.59515053361408,Unchanged
6792,0.59515053361408,Unchanged
6793,7655442.68252468,Unchanged
6794,7655442.68252468,Unchanged
6795,7655442.68252468,Unchanged
6796,7655442.68252468,Unchanged
6797,0.833828420129222,Unchanged
6798,0.276708001186401,Downregulated
6799,0.276708001186401,Downregulated
6800,0.276708001186401,Downregulated
6801,7655442.68252468,Unchanged
6802,7655442.68252468,Unchanged
6803,7.53609188115184,Upregulated
6804,7655442.68252468,Unchanged
6805,0.502584878773606,Unchanged
6806,0.503908967613254,Unchanged
6807,0.503908952200187,Unchanged
6808,0.503908952200187,Unchanged
6809,0.503908952200187,Unchanged
6810,0.503908952200187,Unchanged
6811,7675611.15287218,Unchanged
6812,0.816884076855678,Unchanged
6813,0.853082776782013,Unchanged
6814,2.11162717234956,Upregulated
6815,2.11719024107072,Upregulated
6816,2.11719024107072,Upregulated
6817,6413268.33771555,Unchanged
6818,0.895561523341031,Unchanged
6819,0.715513248988389,Unchanged
6820,0.715513248988389,Unchanged
6821,0.715513303776708,Unchanged
6822,7675610.93742433,Unchanged
6823,0.576111187975486,Unchanged
6824,0.576111187975486,Unchanged
6825,0.576111187975486,Unchanged
6826,7675610.93742433,Unchanged
6827,2.39573539871481,Upregulated
6828,2.3169069482773,Upregulated
6829,2.39573539802588,Upregulated
6830,26.5629300963255,Upregulated
6831,26.5629300963255,Upregulated
6832,26.5629300963255,Upregulated
6833,0.951291955995157,Unchanged
6834,0.951291955995157,Unchanged
6835,0.951291955995157,Unchanged
6836,0.986031138046363,Unchanged
6837,0.986031138046363,Unchanged
6838,0.986031138046363,Unchanged
6839,0.965065699762444,Unchanged
6840,0.965065699762444,Unchanged
6841,0.965065699762444,Unchanged
6842,1.33745507677863,Unchanged
6843,1.33745507677863,Unchanged
6844,1.33745507677863,Unchanged
6845,89887.8482167465,Unchanged
6846,0.0193130298242963,Downregulated
6847,0.0193130298242963,Downregulated
6848,4.73127196716137e-05,Unchanged
6849,4.73127196716137e-05,Unchanged
6850,4.73127196716137e-05,Unchanged
6851,6.58178507576705e-06,Unchanged
6852,6.56392211922614e-06,Unchanged
6853,3.29088221713295e-06,Unchanged
6854,210.502020419311,Upregulated
6855,210.502020419311,Upregulated
6856,233541.180076644,Unchanged
6857,12106442.8120159,Unchanged
6858,12106442.8120159,Unchanged
6859,12106442.8120159,Unchanged
6860,12106442.8120159,Unchanged
6861,3171378.43993602,Unchanged
6862,0.368310356828093,Downregulated
6863,0.368310356828093,Downregulated
6864,0.368310356828093,Downregulated
6865,0.0126110654831524,Downregulated
6866,4.465479986089e-08,Unchanged
6867,4.465479986089e-08,Unchanged
6868,4.40495162057356e-08,Unchanged
6869,0.0101163480698611,Downregulated
6870,0.0101163484349631,Downregulated
6871,610487.658880595,Unchanged
6872,610487.663543002,Unchanged
6873,610487.657695868,Unchanged
6874,610487.66534375,Unchanged
6875,29651076.4688303,Unchanged
6876,29651076.4688303,Unchanged
6877,2.44782134510842,Upregulated
6878,2.44782134510842,Upregulated
6879,2.45427033443332,Upregulated
6880,0.779587764071358,Unchanged
6881,0.779587764071358,Unchanged
6882,0.779587764071358,Unchanged
6883,0.635231430636056,Unchanged
6884,0.635231430636056,Unchanged
6885,0.635231430636056,Unchanged
6886,0,Unchanged
6887,2648107.93506973,Unchanged
6888,3.32296187543175,Upregulated
6889,3.32296187543175,Upregulated
6890,19558861.4298948,Unchanged
6891,19558861.4298948,Unchanged
6892,6.62938244868391,Upregulated
6893,6.62938244868391,Upregulated
6894,2715643.59558656,Unchanged
6895,656674.392429874,Unchanged
6896,3.30432865172956,Upregulated
6897,3.30432865172956,Upregulated
6898,3.81923800671794,Upregulated
6899,3.68044676728565,Upregulated
6900,9115375.29852986,Unchanged
6901,9115375.29852986,Unchanged
6902,1.44477809921936,Unchanged
6903,0.0967616995712154,Downregulated
6904,0.171296732815184,Downregulated
6905,0.171296732815184,Downregulated
6906,0.171296732815184,Downregulated
6907,0.171296732815184,Downregulated
6908,0.171296692795481,Downregulated
6909,0.171296692795481,Downregulated
6910,0.171296692795481,Downregulated
6911,0.171296692795481,Downregulated
6912,4.70416074503743,Upregulated
6913,4.70416074503743,Upregulated
6914,4.70416074503743,Upregulated
6915,4.70416074503743,Upregulated
6916,0.673082076684944,Unchanged
6917,0.673082076684944,Unchanged
6918,0.673082076684944,Unchanged
6919,0.673082076684944,Unchanged
6920,0.331347377554849,Downregulated
6921,0.998795054872093,Unchanged
6922,3.99518036848506,Upregulated
6923,9.77510932071937,Upregulated
6924,9.77510932071937,Upregulated
6925,9.75485376802869,Upregulated
6926,9.77511151090782,Upregulated
6927,9.77511151090782,Upregulated
6928,9.77511151090782,Upregulated
6929,9.77511151090782,Upregulated
6930,9.77511151090782,Upregulated
6931,9.77511151090782,Upregulated
6932,9.77511151090782,Upregulated
6933,9.75485306864078,Upregulated
6934,9.75485321704891,Upregulated
6935,9.75485321704891,Upregulated
6936,9.75485321704891,Upregulated
6937,9.75485321704891,Upregulated
6938,9.75485321704891,Upregulated
6939,9.75485321704891,Upregulated
6940,9.75485349852771,Upregulated
6941,9.75485321704891,Upregulated
6942,9.75485321704891,Upregulated
6943,9.75485321704891,Upregulated
6944,9.75485321704891,Upregulated
6945,9.75485321704891,Upregulated
6946,0.713082352695325,Unchanged
6947,1.03521979831659,Unchanged
6948,0,Unchanged
6949,1.03521979688033,Unchanged
6950,0.713082351830115,Unchanged
6951,0.315038364552323,Downregulated
6952,0.139816315743318,Downregulated
6953,0.139816225415416,Downregulated
6954,0.1916557387189,Downregulated
6955,0.171106744850202,Downregulated
6956,0.984067023833574,Unchanged
6957,0.964057126233689,Unchanged
6958,0.995886694186963,Unchanged
6959,1.77647822869156,Unchanged
6960,1.14558728586311,Unchanged
6961,1.1871098675052,Unchanged
6962,0.181355091220307,Downregulated
6963,0.892774934122223,Unchanged
6964,1.68213006407734,Unchanged
6965,0.101642956556657,Downregulated
6966,45.0273641486456,Upregulated
6967,4.24849382361484,Upregulated
6968,45.0273592912479,Upregulated
6969,11.7936592090411,Upregulated
6970,22.2465241499085,Upregulated
6971,22.0514398027958,Upregulated
6972,3.90788305218657,Upregulated
6973,4.43460846843432,Upregulated
6974,11.8610999985403,Upregulated
6975,4.44622460234774,Upregulated
6976,4.44622460234774,Upregulated
6977,4.67387372033911,Upregulated
6978,0.309681227168041,Downregulated
6979,0.309681227168041,Downregulated
6980,0.309681227168041,Downregulated
6981,0,Unchanged
6982,0.310324267519773,Downregulated
6983,0.310324267519773,Downregulated
6984,0.115057324653855,Downregulated
6985,0.729711214437799,Unchanged
6986,0,Unchanged
6987,0,Unchanged
6988,0,Unchanged
6989,0,Unchanged
6990,8.55876400121441,Upregulated
6991,8.55876354842884,Upregulated
6992,8.55916498015807,Upregulated
6993,8.57653586623097,Upregulated
6994,8.57692498898102,Upregulated
6995,8.57692660038418,Upregulated
6996,0.287596686656661,Downregulated
6997,0.287596686656661,Downregulated
6998,0.287596686656661,Downregulated
6999,0.287596686656661,Downregulated
7000,0.287596692748923,Downregulated
7001,0.287596692748923,Downregulated
7002,0.287596692748923,Downregulated
7003,0.287596692748923,Downregulated
7004,1.01283420130918,Unchanged
7005,1.01283420130918,Unchanged
7006,1.01283420130918,Unchanged
7007,1.01283420130918,Unchanged
7008,0.532694347850508,Unchanged
7009,0.532694347850508,Unchanged
7010,0.532694345996044,Unchanged
7011,0.534097745485948,Unchanged
7012,0.534097745485948,Unchanged
7013,0.534097745485948,Unchanged
7014,0.534097745485948,Unchanged
7015,0.534097745485948,Unchanged
7016,0.534097745485948,Unchanged
7017,0.534097745485948,Unchanged
7018,9.21332112759031e-07,Unchanged
7019,0.534097730494281,Unchanged
7020,0.376960509120468,Downregulated
7021,0.534097730494281,Unchanged
7022,0.534097730494281,Unchanged
7023,0.534097762186511,Unchanged
7024,0.534097730494281,Unchanged
7025,0.534097730494281,Unchanged
7026,0.534097730494281,Unchanged
7027,0.534097771391241,Unchanged
7028,0.534097730494281,Unchanged
7029,0.534097730494281,Unchanged
7030,0.534097762943863,Unchanged
7031,0.534097730494281,Unchanged
7032,0.862587658390151,Unchanged
7033,0.862587658390151,Unchanged
7034,0.860321143332323,Unchanged
7035,0.860321143332323,Unchanged
7036,5.71190077052597,Upregulated
7037,5.71190077052597,Upregulated
7038,5.71190077052597,Upregulated
7039,5.71190077052597,Upregulated
7040,5.72349930280627,Upregulated
7041,1.82041139435658,Unchanged
7042,1.82041139435658,Unchanged
7043,1.82041139435658,Unchanged
7044,1.82041139435658,Unchanged
7045,1.82419168656216,Unchanged
7046,1.82419168656216,Unchanged
7047,1.82419168656216,Unchanged
7048,1.82419168656216,Unchanged
7049,0.28759668350174,Downregulated
7050,0.28759668350174,Downregulated
7051,0.28759668350174,Downregulated
7052,0.28759668350174,Downregulated
7053,1.82403100033682,Unchanged
7054,1.82403100033682,Unchanged
7055,1.82403100033682,Unchanged
7056,1.82403100033682,Unchanged
7057,1.41951232281586,Unchanged
7058,1.93023580603246,Unchanged
7059,0.965161852289331,Unchanged
7060,0,Unchanged
7061,0,Unchanged
7062,0,Unchanged
7063,0,Unchanged
7064,0,Unchanged
7065,0,Unchanged
7066,0,Unchanged
7067,0,Unchanged
7068,0,Unchanged
7069,0,Unchanged
7070,0,Unchanged
7071,0,Unchanged
7072,0,Unchanged
7073,0,Unchanged
7074,0,Unchanged
7075,0,Unchanged
7076,0,Unchanged
7077,0,Unchanged
7078,0,Unchanged
7079,0,Unchanged
7080,0,Unchanged
7081,0,Unchanged
7082,0,Unchanged
7083,0,Unchanged
7084,0,Unchanged
7085,0,Unchanged
7086,0,Unchanged
7087,0,Unchanged
7088,18.6952511381669,Upregulated
7089,1.31301323638885e-07,Unchanged
7090,0.28054813822969,Downregulated
7091,2.66835381018117,Upregulated
7092,1.19457340315762,Unchanged
7093,1.92224156479527,Unchanged
7094,0.809762250316481,Unchanged
7095,7.75960644052602,Upregulated
7096,1.13204207027807e-06,Unchanged
7097,0.557540637205741,Unchanged
7098,1.18037633902781,Unchanged
7099,1.86491090516964,Unchanged
7100,0,Unchanged
7101,0.589064454535322,Unchanged
7102,0.273970649509013,Downregulated
7103,0.0488846916004517,Downregulated
7104,0.4576589999013,Downregulated
7105,5.92979406726293e-08,Unchanged
7106,6.80968545371133,Upregulated
7107,0.996203049911225,Unchanged
7108,0.00659686074181013,Unchanged
7109,3.35972614290573e-08,Unchanged
7110,0.077785510412498,Downregulated
7111,3.06473895420822e-07,Unchanged
7112,4.33603914669484,Upregulated
7113,0.980146226829965,Unchanged
7114,4.33623953061448,Upregulated
7115,4.32509185545778,Upregulated
7116,4.32509165943536,Upregulated
7117,5.07384725120263,Upregulated
7118,0,Unchanged
7119,0,Unchanged
7120,0.211562892764333,Downregulated
7121,0.211562895516887,Downregulated
7122,0.211562917372184,Downregulated
7123,4.45393221428157,Upregulated
7124,0.230628622883281,Downregulated
7125,1.34218032658734,Unchanged
7126,0,Unchanged
7127,64.9972785650607,Upregulated
7128,3.16998050415407e-07,Unchanged
7129,65.0718135521148,Upregulated
7130,65.0718135521148,Upregulated
7131,65.0718135521148,Upregulated
7132,65.0718135521148,Upregulated
7133,45.1355564759498,Upregulated
7134,1379.28331378714,Upregulated
7135,138.283836353999,Upregulated
7136,1.225634856829,Unchanged
7137,2.52785720139404,Upregulated
7138,4.48493641081399,Upregulated
7139,0,Unchanged
7140,0,Unchanged
7141,0,Unchanged
7142,2.52785720139404,Upregulated
7143,0,Unchanged
7144,0,Unchanged
7145,11.1462842962806,Upregulated
7146,11.1462842962806,Upregulated
7147,0,Unchanged
7148,0,Unchanged
7149,3.16998121441259e-07,Unchanged
7150,0,Unchanged
7151,0,Unchanged
7152,1.42735297124171,Unchanged
7153,0.278019791546212,Downregulated
7154,0.680645606951717,Unchanged
7155,0.278019791546212,Downregulated
7156,0.138844395365904,Downregulated
7157,4.64556889567858e-07,Unchanged
7158,3.8231351891227e-07,Unchanged
7159,5.56159305989803,Upregulated
7160,0.0342105297193921,Downregulated
7161,0.301706190800211,Downregulated
7162,1.07054586721271,Unchanged
7163,0.0342105279042728,Downregulated
7164,1.42439487343387,Unchanged
7165,0.0521398262706404,Downregulated
7166,0.169051704692629,Downregulated
7167,0,Unchanged
7168,0.490918490119487,Downregulated
7169,1376.3467439634,Upregulated
7170,0.526818835236197,Unchanged
7171,0,Unchanged
7172,1.0558211970117,Unchanged
7173,1.21657689206171,Unchanged
7174,4.47340644043553,Upregulated
7175,1.07760762251612,Unchanged
7176,0.308261935031366,Downregulated
7177,0.308261943914438,Downregulated
7178,1.07760762251612,Unchanged
7179,11.1023806197108,Upregulated
7180,0.308261935018985,Downregulated
7181,4.4849365154146,Upregulated
7182,4.4849365154146,Upregulated
7183,4.48493668674318,Upregulated
7184,4.48493668674318,Upregulated
7185,4.48493668674318,Upregulated
7186,4.48493668674318,Upregulated
7187,4.4849365154146,Upregulated
7188,4.4849365154146,Upregulated
7189,4.48493668674318,Upregulated
7190,4.48493668674318,Upregulated
7191,4.4849365154146,Upregulated
7192,4.4849365154146,Upregulated
7193,4.48493668674318,Upregulated
7194,4.48493668674318,Upregulated
7195,14148151.7300733,Unchanged
7196,4.48493752029913,Upregulated
7197,4.48493752029913,Upregulated
7198,4.48493752029913,Upregulated
7199,4.48493752029913,Upregulated
7200,4.48493752029913,Upregulated
7201,4.48493752029913,Upregulated
7202,4.48493752029913,Upregulated
7203,1964391.57250709,Unchanged
7204,4.47564277392987,Upregulated
7205,5.4090297102908,Upregulated
7206,4.47564280393428,Upregulated
7207,4.47564339097735,Upregulated
7208,4.48493714429889,Upregulated
7209,4.47564339097735,Upregulated
7210,4.47564339097735,Upregulated
7211,4.47564339097735,Upregulated
7212,4.47564352012319,Upregulated
7213,4.47564339097735,Upregulated
7214,4.47564339097735,Upregulated
7215,4.48493714429889,Upregulated
7216,4.47564339097735,Upregulated
7217,4.47564339097735,Upregulated
7218,4.47564339097735,Upregulated
7219,4.9365002399823,Upregulated
7220,14148151.7926543,Unchanged
7221,98.3607361375382,Upregulated
7222,28.178377639809,Upregulated
7223,0,Unchanged
7224,0,Unchanged
7225,0.0350940789265441,Downregulated
7226,0.00472775365312736,Unchanged
7227,541136.337324607,Unchanged
7228,0.19757756393929,Downregulated
7229,0.0573130480281212,Downregulated
7230,0,Unchanged
7231,0,Unchanged
7232,0,Unchanged
7233,0,Unchanged
7234,0,Unchanged
7235,0,Unchanged
7236,0,Unchanged
7237,0,Unchanged
7238,0,Unchanged
7239,0,Unchanged
7240,0,Unchanged
7241,0,Unchanged
7242,0,Unchanged
7243,0,Unchanged
7244,27160.6451337797,Unchanged
7245,0,Unchanged
7246,0,Unchanged
7247,0,Unchanged
7248,0,Unchanged
7249,0,Unchanged
7250,0,Unchanged
7251,0.050422589755866,Downregulated
7252,1.18509133382606e-07,Unchanged
7253,0.11872521496503,Downregulated
7254,0,Unchanged
7255,0.0644751452770714,Downregulated
7256,305521.060460113,Unchanged
7257,215207.684473053,Unchanged
7258,0.22951239757731,Downregulated
7259,0.226374500188254,Downregulated
7260,0,Unchanged
7261,3.02909749537718,Upregulated
7262,3.43198549508498,Upregulated
7263,838226.785385114,Unchanged
7264,9340.41065355304,Upregulated
7265,0.00664030252342917,Unchanged
7266,5.35036698560513e-09,Unchanged
7267,0,Unchanged
7268,0,Unchanged
7269,0,Unchanged
7270,0.0144449014518206,Downregulated
7271,0,Unchanged
7272,0.0432441001806741,Downregulated
7273,13.4967101778003,Upregulated
7274,0.323448764499472,Downregulated
7275,69.4299033269083,Upregulated
7276,67.2745060187771,Upregulated
7277,0,Unchanged
7278,0.0215763300904586,Downregulated
7279,5.83611853745482,Upregulated
7280,7.96941038656112,Upregulated
7281,18.7535035563901,Upregulated
7282,14313.2154676166,Upregulated
7283,0,Unchanged
7284,0,Unchanged
7285,15.6225714501089,Upregulated
7286,0,Unchanged
7287,0.231340470902283,Downregulated
7288,0,Unchanged
7289,0.1243129785925,Downregulated
7290,139.962451453309,Upregulated
7291,0,Unchanged
7292,290596.300159079,Unchanged
7293,3384149.74750743,Unchanged
7294,0,Unchanged
7295,106046.16438831,Unchanged
7296,0,Unchanged
7297,1.37347596744788,Unchanged
7298,0.00348621160616155,Unchanged
7299,0.297678633357133,Downregulated
7300,0,Unchanged
7301,1.0622036266611,Unchanged
7302,0,Unchanged
7303,25.5500212066909,Upregulated
7304,0,Unchanged
7305,0,Unchanged
7306,0,Unchanged
7307,0,Unchanged
7308,0,Unchanged
7309,0,Unchanged
7310,0,Unchanged
7311,0,Unchanged
7312,0,Unchanged
7313,0,Unchanged
7314,0,Unchanged
7315,0,Unchanged
7316,0,Unchanged
7317,3656251.66525122,Unchanged
7318,0,Unchanged
7319,0,Unchanged
7320,0,Unchanged
7321,0,Unchanged
7322,0,Unchanged
7323,0,Unchanged
7324,0,Unchanged
7325,0,Unchanged
7326,0,Unchanged
7327,0,Unchanged
7328,0,Unchanged
7329,8.04070702536921e-08,Unchanged
7330,0.00717890516909644,Unchanged
7331,1.01726657242793,Unchanged
7332,1778661.99018075,Unchanged
7333,16.1587122786776,Upregulated
7334,1.25065678814127,Unchanged
7335,4.74138660578355,Upregulated
7336,10.8759408913518,Upregulated
7337,28982045.2961005,Unchanged
7338,2008022.02362163,Unchanged
7339,0,Unchanged
7340,1667462.48654626,Unchanged
7341,3812322.61018184,Unchanged
7342,5252321.81285205,Unchanged
7343,5252321.15710271,Unchanged
7344,244.858806242642,Upregulated
7345,33370381.0281126,Unchanged
7346,2042371.42758632,Unchanged
7347,29268744.4549249,Unchanged
7348,31455687.9922921,Unchanged
7349,10360209.9390523,Unchanged
7350,0,Unchanged
7351,4294319.74277722,Unchanged
7352,6449015.67589455,Unchanged
7353,15018305.0724756,Unchanged
7354,3380762.21386241,Unchanged
7355,53.8876087089883,Upregulated
7356,357921.512528386,Unchanged
7357,1.28475072499775e-05,Unchanged
7358,1.68243688515304e-05,Unchanged
7359,2057253.33539206,Unchanged
7360,1727153.92241379,Unchanged
7361,4.21717384940004e-05,Unchanged
7362,1.09035777711244,Unchanged
7363,0,Unchanged
7364,5.83131317948001,Upregulated
7365,0,Unchanged
7366,25956.6085103244,Unchanged
7367,0,Unchanged
7368,0,Unchanged
7369,57.8775229761996,Upregulated
7370,2.08782270982632,Upregulated
7371,143.290629566348,Upregulated
7372,0,Unchanged
7373,26792.7911721853,Unchanged
7374,0,Unchanged
7375,0.608719051078834,Unchanged
7376,0,Unchanged
7377,57.182594910154,Upregulated
7378,1081.61351559193,Upregulated
7379,0,Unchanged
7380,0.000340028527475697,Unchanged
7381,0,Unchanged
7382,0,Unchanged
7383,0,Unchanged
7384,148509.163633435,Unchanged
7385,2.71801355456078,Upregulated
7386,0.000971941269164288,Unchanged
7387,283.151219516744,Upregulated
7388,0.585066470800553,Unchanged
7389,0.496380030443584,Downregulated
7390,178.311952763811,Upregulated
7391,0,Unchanged
7392,0,Unchanged
7393,1.10356584227225e-06,Unchanged
7394,10074.0658766752,Upregulated
7395,0,Unchanged
7396,0.0327412496749444,Downregulated
7397,0.169874972174815,Downregulated
7398,0,Unchanged
7399,0.00861986099727036,Unchanged
7400,0,Unchanged
7401,2.1165597541335e-08,Unchanged
7402,1.0412654139225,Unchanged
7403,0,Unchanged
7404,0,Unchanged
7405,4.32667711525555e-08,Unchanged
7406,12608.8110623789,Upregulated
7407,0.394457972834992,Downregulated
7408,0,Unchanged
7409,5.6374925133308,Upregulated
7410,0.240660078089832,Downregulated
7411,0.0620270294304394,Downregulated
7412,0.0192825205012087,Downregulated
7413,0,Unchanged
7414,0,Unchanged
7415,0.22689972273937,Downregulated
7416,419.618590602506,Upregulated
7417,0.528000733064902,Unchanged
7418,83894.8812433207,Unchanged
7419,0,Unchanged
7420,0,Unchanged
7421,1.20982737229945,Unchanged
7422,144.464291156053,Upregulated
7423,1163321.82566315,Unchanged
7424,45.4989639007179,Upregulated
7425,6.51917870576255,Upregulated
7426,0.604137316335877,Unchanged
7427,38.2730961817398,Upregulated
7428,0.557298740378908,Unchanged
7429,51.0133244650445,Upregulated
7430,0,Unchanged
7431,0,Unchanged
7432,37582.3525017172,Unchanged
7433,10.1645449509021,Upregulated
7434,0,Unchanged
7435,5.35331251719843,Upregulated
7436,0,Unchanged
7437,0.360790851551065,Downregulated
7438,0,Unchanged
7439,0,Unchanged
7440,0,Unchanged
7441,0,Unchanged
7442,0,Unchanged
7443,0,Unchanged
7444,0,Unchanged
7445,1.3785515383588,Unchanged
7446,0.312368266729216,Downregulated
7447,0,Unchanged
7448,0,Unchanged
7449,0,Unchanged
7450,0,Unchanged
7451,0,Unchanged
7452,0,Unchanged
7453,0,Unchanged
7454,0,Unchanged
7455,0,Unchanged
7456,10.1479177632789,Upregulated
7457,0,Unchanged
7458,12.810896045376,Upregulated
7459,0.00959280066470365,Unchanged
7460,22.1094934832516,Upregulated
7461,0.0394766022732364,Downregulated
7462,0.153165109082583,Downregulated
7463,8.12307061566612e-09,Unchanged
7464,0.00921503339074111,Unchanged
7465,0.0691278543140522,Downregulated
7466,0,Unchanged
7467,0,Unchanged
7468,6.5754173328969e-07,Unchanged
7469,0,Unchanged
7470,13264.8831974699,Upregulated
7471,0,Unchanged
7472,3.45079217217231,Upregulated
7473,0.304727879493307,Downregulated
7474,0.273126681291779,Downregulated
7475,3.85005406222687,Upregulated
7476,2.54598573634939,Upregulated
7477,0,Unchanged
7478,0,Unchanged
7479,0,Unchanged
7480,2.39619740765316,Upregulated
7481,4.41470998907789e-07,Unchanged
7482,0.000217322269936096,Unchanged
7483,0.00177851683183467,Unchanged
7484,4.9874808097635e-05,Unchanged
7485,0,Unchanged
7486,0.062487016499139,Downregulated
7487,0,Unchanged
7488,9.94346868628781e-06,Unchanged
7489,0,Unchanged
7490,0.134159087113795,Downregulated
7491,1.74329405019352e-05,Unchanged
7492,0,Unchanged
7493,1.89582041268462,Unchanged
7494,7.41183990063545,Upregulated
7495,22.5669975967942,Upregulated
7496,456.205767696529,Upregulated
7497,0,Unchanged
7498,0.107995251875421,Downregulated
7499,0.766185070873821,Unchanged
7500,3.53580885830875,Upregulated
7501,0,Unchanged
7502,0.811317173463437,Unchanged
7503,0,Unchanged
7504,0,Unchanged
7505,0,Unchanged
7506,37.354358326147,Upregulated
7507,6.17785959745101,Upregulated
7508,1.02704089882048,Unchanged
7509,0.000913653070058225,Unchanged
7510,0.831095719974416,Unchanged
7511,0,Unchanged
7512,0,Unchanged
7513,0.00102287559478598,Unchanged
7514,0.317184296926433,Downregulated
7515,0,Unchanged
7516,8373269.15496144,Unchanged
7517,0.0162870271881956,Downregulated
7518,7.55893599398451e-05,Unchanged
7519,472.758639538645,Upregulated
7520,0,Unchanged
7521,0,Unchanged
7522,127471.521469286,Unchanged
7523,0,Unchanged
7524,0,Unchanged
7525,0,Unchanged
7526,0,Unchanged
7527,0,Unchanged
7528,0,Unchanged
7529,0,Unchanged
7530,0,Unchanged
7531,0,Unchanged
7532,35508.5779562929,Unchanged
7533,0.00703180146682453,Unchanged
7534,0.187753183476384,Downregulated
7535,0.0559266691932914,Downregulated
7536,43.4715017275486,Upregulated
7537,136237.19279753,Unchanged
7538,0,Unchanged
7539,0,Unchanged
7540,0,Unchanged
7541,0,Unchanged
7542,0,Unchanged
7543,0,Unchanged
7544,0.0669888898102732,Downregulated
7545,147.480531480635,Upregulated
7546,3.80537275462455e-06,Unchanged
7547,0.00706145209894559,Unchanged
7548,170.591771747047,Upregulated
7549,0.1702481615728,Downregulated
7550,0,Unchanged
7551,0,Unchanged
7552,17639935.9688146,Unchanged
7553,8.65050504464435,Upregulated
7554,0,Unchanged
7555,0,Unchanged
7556,0,Unchanged
7557,0.26394019613272,Downregulated
7558,5.44881650391323,Upregulated
7559,1.06155258473558,Unchanged
7560,7.83331592697292,Upregulated
7561,7.83331590152144,Upregulated
7562,0.657730313912372,Unchanged
7563,2.43137389100673,Upregulated
7564,4.83063922499742,Upregulated
7565,0.0809013630806897,Downregulated
7566,0.0855550834077212,Downregulated
7567,0.0809013630806897,Downregulated
7568,0,Unchanged
7569,0,Unchanged
7570,0,Unchanged
7571,0.255784143286833,Downregulated
7572,0,Unchanged
7573,0.0361237041689826,Downregulated
7574,2.76836523398462,Upregulated
7575,28.9872000710738,Upregulated
7576,3.00017442992003,Upregulated
7577,4424916.63661261,Unchanged
7578,0,Unchanged
7579,90824.7886080303,Unchanged
7580,13.774457487428,Upregulated
7581,45.5048941306147,Upregulated
7582,0.134364730909386,Downregulated
7583,0,Unchanged
7584,0,Unchanged
7585,438863743.764271,Unchanged
7586,44.7288049413143,Upregulated
7587,22963.9331994069,Unchanged
7588,16.0494867109029,Upregulated
7589,49.3142231329209,Upregulated
7590,3758235.25017172,Unchanged
7591,0,Unchanged
7592,1.25915765011086e-07,Unchanged
7593,1.68998091782907,Unchanged
7594,0,Unchanged
7595,11521416.7649038,Unchanged
7596,0,Unchanged
7597,0.105998402090764,Downregulated
7598,0.000308824686729566,Unchanged
7599,0.0904372518806641,Downregulated
7600,0.0127535627193827,Downregulated
7601,0.000117024408152302,Unchanged
7602,0.000668716828999827,Unchanged
7603,105.932691159219,Upregulated
7604,0,Unchanged
7605,0,Unchanged
7606,0,Unchanged
7607,11238681.3495435,Unchanged
7608,1.56061441842438,Unchanged
7609,14010214.1730673,Unchanged
7610,20.2016915115647,Upregulated
7611,0,Unchanged
7612,0,Unchanged
7613,166672.373532685,Unchanged
7614,0.106735905413788,Downregulated
7615,0.94350371982398,Unchanged
7616,488969.135505084,Unchanged
7617,0.383747207671183,Downregulated
7618,0,Unchanged
7619,0,Unchanged
7620,0.200072909734035,Downregulated
7621,0,Unchanged
7622,0,Unchanged
7623,0,Unchanged
7624,0,Unchanged
7625,0,Unchanged
7626,0.000123703053337578,Unchanged
7627,0.000114147547694783,Unchanged
7628,0.000123703053336643,Unchanged
7629,5.1832936282745e-05,Unchanged
7630,8.42286234066161e-05,Unchanged
7631,90824.7877885616,Unchanged
7632,0,Unchanged
7633,3.14331118932644,Upregulated
7634,15490003.5446962,Unchanged
7635,0,Unchanged
7636,13486880.6271451,Unchanged
7637,0.797602299716436,Unchanged
7638,13689.2738140733,Upregulated
7639,7.31660142463812,Upregulated
7640,0,Unchanged
7641,0,Unchanged
7642,1.34819417719268e-05,Unchanged
7643,46.3076066055557,Upregulated
7644,19388697.3408601,Unchanged
7645,37635672.9519468,Unchanged
7646,61.1139340667094,Upregulated
7647,25.8780967881069,Upregulated
7648,1.0854288244462,Unchanged
7649,9.36199770659169e-06,Unchanged
7650,0.00803834985975247,Unchanged
7651,0.175069469853785,Downregulated
7652,0,Unchanged
7653,0,Unchanged
7654,7.73037578483127e-09,Unchanged
7655,0,Unchanged
7656,5.61719687467975e-05,Unchanged
7657,5.18329363450587e-05,Unchanged
7658,0.217900473673527,Downregulated
7659,0,Unchanged
7660,0,Unchanged
7661,0.0703172867148159,Downregulated
7662,0.41090364410764,Downregulated
7663,8.19140177646887,Upregulated
7664,8.2067058659955,Upregulated
7665,1.30928590399059,Unchanged
7666,0,Unchanged
7667,0,Unchanged
7668,0,Unchanged
7669,28020428.9486436,Unchanged
7670,41.9979096985302,Upregulated
7671,0.109072775192873,Downregulated
7672,2.27175161171544e-08,Unchanged
7673,0,Unchanged
7674,15.0329902047957,Upregulated
7675,0.50569417108533,Unchanged
7676,7049238.93512216,Unchanged
7677,0.612152937084592,Unchanged
7678,0.613765696202879,Unchanged
7679,0.852711746498167,Unchanged
7680,8976109.90270182,Unchanged
7681,0.0292570703097006,Downregulated
7682,0.0275816178989491,Downregulated
7683,0.0371401543898778,Downregulated
7684,0.291165929660058,Downregulated
7685,8.43984630344502,Upregulated
7686,0,Unchanged
7687,1444082.23859412,Unchanged
7688,0.417220974589689,Downregulated
7689,1446503.40448625,Unchanged
7690,0,Unchanged
7691,0,Unchanged
7692,0.349996519804996,Downregulated
7693,0.870542882263747,Unchanged
7694,0.630144184017487,Unchanged
7695,0.0409323727435304,Downregulated
7696,0,Unchanged
7697,1.87512147065836,Unchanged
7698,0.290562514000385,Downregulated
7699,0.290562497031139,Downregulated
7700,0,Unchanged
7701,1446503.42961014,Unchanged
7702,177473.4416669,Unchanged
7703,1920.13639366863,Upregulated
7704,0,Unchanged
7705,0.00315503671985089,Unchanged
7706,750717.255965001,Unchanged
7707,27653603.0745259,Unchanged
7708,14181181.1151454,Unchanged
7709,2.35719688010297,Upregulated
7710,14183033.7605557,Unchanged
7711,0.764192004996336,Unchanged
7712,4.03480668664098,Upregulated
7713,0.0732271200728123,Downregulated
7714,9058992.9355702,Unchanged
7715,0.00275099527985075,Unchanged
7716,0.48602690939693,Downregulated
7717,12099438.8478109,Unchanged
7718,5125543.20974362,Unchanged
7719,6974004.60323955,Unchanged
7720,2.23853084184689,Upregulated
7721,0.278839134804201,Downregulated
7722,0,Unchanged
7723,0,Unchanged
7724,0,Unchanged
7725,3484842.01601071,Unchanged
7726,0,Unchanged
7727,0,Unchanged
7728,0.778073458881917,Unchanged
7729,0.0494961574326629,Downregulated
7730,0,Unchanged
7731,0,Unchanged
7732,2.69217018758597e-05,Unchanged
7733,41860387.3499817,Unchanged
7734,1.5698179684453,Unchanged
7735,1.40767101787222,Unchanged
7736,1.56981890797223,Unchanged
7737,1.27588522176852,Unchanged
7738,1.07651865700401,Unchanged
7739,0,Unchanged
7740,1.44852560710751,Unchanged
7741,1.44852560710751,Unchanged
7742,0.355130003719556,Downregulated
7743,1.29890697950821,Unchanged
7744,1.44852571323179,Unchanged
7745,1.44852656477715,Unchanged
7746,1.17730371825218,Unchanged
7747,1.27588522176852,Unchanged
7748,0.0210210955346357,Downregulated
7749,0,Unchanged
7750,68427167.2998026,Unchanged
7751,512440945.947428,Unchanged
7752,256220477.413062,Unchanged
7753,178.641289040165,Upregulated
7754,196020991.871169,Unchanged
7755,16.4399034652838,Upregulated
7756,0,Unchanged
7757,0,Unchanged
7758,196.615495706033,Upregulated
7759,355588572.812621,Unchanged
7760,14400.4266452437,Upregulated
7761,5.35790187847401,Upregulated
7762,3177994.69017695,Unchanged
7763,2.4979839595665,Upregulated
7764,6.02154964602861,Upregulated
7765,0.000217296560317058,Unchanged
7766,0,Unchanged
7767,447.281357824313,Upregulated
7768,22.3871040914221,Upregulated
7769,24.6821331496902,Upregulated
7770,50.9285092428312,Upregulated
7771,19.8504638159925,Upregulated
7772,0,Unchanged
7773,0,Unchanged
7774,196020991.871169,Unchanged
7775,411.259925954603,Upregulated
7776,338.618939057636,Upregulated
7777,342.197500661371,Upregulated
7778,85.7952104485048,Upregulated
7779,37.7920902104074,Upregulated
7780,114.503288453844,Upregulated
7781,85.9733557634142,Upregulated
7782,85.9733574954156,Upregulated
7783,50.928509260657,Upregulated
7784,66.0540561473459,Upregulated
7785,354226110.328495,Unchanged
7786,0.014489724187173,Downregulated
7787,966.016415283032,Upregulated
7788,33.270769766058,Upregulated
7789,3.15697119690485,Upregulated
7790,404464915.400761,Unchanged
7791,0,Unchanged
7792,0.0615886782837823,Downregulated
7793,0,Unchanged
7794,0,Unchanged
7795,0.00110771042289996,Unchanged
7796,0.000776373126022288,Unchanged
7797,0.00218482426808995,Unchanged
7798,59654.2286894033,Unchanged
7799,0,Unchanged
7800,0,Unchanged
7801,0,Unchanged
7802,0.0105742698621655,Downregulated
7803,99081.8968521534,Unchanged
7804,0.0924809197594502,Downregulated
7805,0.0408024472609825,Downregulated
7806,1.3712180847309e-07,Unchanged
7807,0.333281343144692,Downregulated
7808,0.000375852247529041,Unchanged
7809,6.5279414032177e-08,Unchanged
7810,1753516.06787676,Unchanged
7811,0.76840020314851,Unchanged
7812,3.95397751384681,Upregulated
7813,3.96416864982926,Upregulated
7814,12.5117476555602,Upregulated
7815,4.37378130203328,Upregulated
7816,3.09362250171099e-06,Unchanged
7817,0.0891351429481873,Downregulated
7818,7.73135645886214e-08,Unchanged
7819,4.69290656170186e-08,Unchanged
7820,0.0142263550233135,Downregulated
7821,0,Unchanged
7822,0,Unchanged
7823,0.00132535986523285,Unchanged
7824,0.000288809091053662,Unchanged
7825,3751944.70041561,Unchanged
7826,627983.277139154,Unchanged
7827,64.1581613366498,Upregulated
7828,0,Unchanged
7829,0,Unchanged
7830,0,Unchanged
7831,0,Unchanged
7832,851.011441458606,Upregulated
7833,0,Unchanged
7834,0,Unchanged
7835,0,Unchanged
7836,116033118.051342,Unchanged
7837,4.89487223279082,Upregulated
7838,7.45432414625572,Upregulated
7839,2.44743556690986,Upregulated
7840,58166093.169503,Unchanged
7841,0,Unchanged
7842,0,Unchanged
7843,0,Unchanged
7844,0,Unchanged
7845,0,Unchanged
7846,909507.470798635,Unchanged
7847,0.983477969947673,Unchanged
7848,0.365203802136261,Downregulated
7849,0.369503161396428,Downregulated
7850,3.52463525607286,Upregulated
7851,0.12982552998978,Downregulated
7852,0.171281129032095,Downregulated
7853,2.63994361830555e-07,Unchanged
7854,0.401667719651715,Downregulated
7855,0.37949021026731,Downregulated
7856,828.908813084046,Upregulated
7857,158276.547091195,Unchanged
7858,83746.5700678007,Unchanged
7859,1.51663573924063e-07,Unchanged
7860,3.09851026119276,Upregulated
7861,0,Unchanged
7862,0,Unchanged
7863,0,Unchanged
7864,1.66186647611487,Unchanged
7865,3.01382540717816e-06,Unchanged
7866,12.5732500742164,Upregulated
7867,106.776364385735,Upregulated
7868,1056.29734239687,Upregulated
7869,31.3355565248356,Upregulated
7870,31.3355658592501,Upregulated
7871,31.2706239928093,Upregulated
7872,5.98736238010974,Upregulated
7873,27.8613035427861,Upregulated
7874,155.786682404823,Upregulated
7875,0.000354457413579619,Unchanged
7876,0,Unchanged
7877,0.144652679708043,Downregulated
7878,0.686775863533069,Unchanged
7879,0.000195513280387078,Unchanged
7880,0.00301186721595357,Unchanged
7881,0.00301186721595357,Unchanged
7882,0.0030118659691529,Unchanged
7883,0.0032478143383234,Unchanged
7884,1.87775222353535,Unchanged
7885,1.87775222353535,Unchanged
7886,1.87775222353535,Unchanged
7887,17637761.9970192,Unchanged
7888,1.68037969801336,Unchanged
7889,2.38232478489991,Upregulated
7890,0.313975792336987,Downregulated
7891,0.828458597456583,Unchanged
7892,1.87775222353535,Unchanged
7893,1.87775244106717,Unchanged
7894,1.87775244106717,Unchanged
7895,0,Unchanged
7896,0,Unchanged
7897,1.35099365654716e-05,Unchanged
7898,0,Unchanged
7899,11.9070838180293,Upregulated
7900,4.66310975732925e-08,Unchanged
7901,1.2336791964892,Unchanged
7902,1.44852562249637,Unchanged
7903,1.17730364450606,Unchanged
7904,1.16424284621336,Unchanged
7905,4.92899176007442,Upregulated
7906,24539862.5917201,Unchanged
7907,1.9568065606489,Unchanged
7908,2.20738115438637,Upregulated
7909,4368482.74051381,Unchanged
7910,0.000697099216464943,Unchanged
7911,0,Unchanged
7912,0,Unchanged
7913,0,Unchanged
7914,0,Unchanged
7915,1.09121868864167,Unchanged
7916,0,Unchanged
7917,4.27491204648604,Upregulated
7918,42.1555674926083,Upregulated
7919,46.4771738856759,Upregulated
7920,0.00025834576943924,Unchanged
7921,0.00524813131114621,Unchanged
7922,0.00524813458696232,Unchanged
7923,0,Unchanged
7924,0.0240763349745274,Downregulated
7925,0.0913288729219123,Downregulated
7926,0,Unchanged
7927,0,Unchanged
7928,0,Unchanged
7929,0,Unchanged
7930,0.017843910668017,Downregulated
7931,0,Unchanged
7932,0,Unchanged
7933,0,Unchanged
7934,0.000257697937078409,Unchanged
7935,0.0124423841240426,Downregulated
7936,6.8266627420842e-05,Unchanged
7937,5.64859529897873e-07,Unchanged
7938,5.64859530576404e-07,Unchanged
7939,2.52982403488798e-09,Unchanged
7940,0.00363368821827631,Unchanged
7941,2.52982403488798e-09,Unchanged
7942,0,Unchanged
7943,0,Unchanged
7944,0,Unchanged
7945,0,Unchanged
7946,0.0343390868195545,Downregulated
7947,27147411.2270883,Unchanged
7948,0,Unchanged
7949,0.402401995365174,Downregulated
7950,2.37103044173637e-07,Unchanged
7951,5.08057013183965e-07,Unchanged
7952,0,Unchanged
7953,0,Unchanged
7954,0,Unchanged
7955,2.16527738973994,Upregulated
7956,55896845.3983853,Unchanged
7957,27946829.6652065,Unchanged
7958,0.607200117439275,Unchanged
7959,0,Unchanged
7960,0,Unchanged
7961,0,Unchanged
7962,0,Unchanged
7963,9.67892731319932,Upregulated
7964,0.220983385802726,Downregulated
7965,212198667.125304,Unchanged
7966,838.909471802033,Upregulated
7967,36.2426730631868,Upregulated
7968,28.9271251656165,Upregulated
7969,4.82062906807757,Upregulated
7970,4.04743218758783,Upregulated
7971,3.87799089227265,Upregulated
7972,4.45311256776798,Upregulated
7973,1.12495191192061,Unchanged
7974,1.56430215544968e-08,Unchanged
7975,187779.002052096,Unchanged
7976,0.239711162077102,Downregulated
7977,187779.001322511,Unchanged
7978,212198680.417397,Unchanged
7979,505.738380522925,Upregulated
7980,0,Unchanged
7981,0,Unchanged
7982,0,Unchanged
7983,0.540955396789066,Unchanged
7984,1.62102844586294,Unchanged
7985,5.25947694061109,Upregulated
7986,44.4733865664096,Upregulated
7987,0,Unchanged
7988,0,Unchanged
7989,0,Unchanged
7990,14391872.7439372,Unchanged
7991,0,Unchanged
7992,1177929.12139773,Unchanged
7993,4946417.89466249,Unchanged
7994,84555137.3968312,Unchanged
7995,0,Unchanged
7996,15.4933277608921,Upregulated
7997,0.317441133702257,Downregulated
7998,0.0255529495952659,Downregulated
7999,0.0261911374254605,Downregulated
8000,0,Unchanged
8001,0,Unchanged
8002,2.55543593865386e-06,Unchanged
8003,6.6685516249605e-05,Unchanged
8004,0.806321335096311,Unchanged
8005,0,Unchanged
8006,468.636396545262,Upregulated
8007,468.002381035252,Upregulated
8008,4.78070630634477,Upregulated
8009,0,Unchanged
8010,0.0793611108462868,Downregulated
8011,0,Unchanged
8012,0.666989004066294,Unchanged
8013,13956126.1050898,Unchanged
8014,0,Unchanged
8015,7.7474125646404e-08,Unchanged
8016,0,Unchanged
8017,232208017.736883,Unchanged
8018,95264.24083264,Unchanged
8019,0,Unchanged
8020,0,Unchanged
8021,0,Unchanged
8022,0,Unchanged
8023,32670165.8867365,Unchanged
8024,2.2504629628949,Upregulated
8025,0.000194981007574642,Unchanged
8026,1.48860570532068,Unchanged
8027,0.0760268821565518,Downregulated
8028,7907086.47225141,Unchanged
8029,0.951086911789277,Unchanged
8030,0.00948269222422964,Unchanged
8031,0.0354433767641825,Downregulated
8032,0.0449510512499501,Downregulated
8033,0,Unchanged
8034,0.0390162778225664,Downregulated
8035,0.00599270589846408,Unchanged
8036,0.00609533797804449,Unchanged
8037,0.0290843873980865,Downregulated
8038,0,Unchanged
8039,0,Unchanged
8040,13974196.125724,Unchanged
8041,0,Unchanged
8042,2.31733750912242,Upregulated
8043,14010213.9276007,Unchanged
8044,11.1348830266012,Upregulated
8045,11.1307982025048,Upregulated
8046,0,Unchanged
8047,44.498931189405,Upregulated
8048,11.1308060340331,Upregulated
8049,14010214.3404309,Unchanged
8050,0.070700487170883,Downregulated
8051,0.0353502448770549,Downregulated
8052,0.0708867508538855,Downregulated
8053,22329935.0157694,Unchanged
8054,28020428.5246558,Unchanged
8055,0.950499674338698,Unchanged
8056,0.0353829108074732,Downregulated
8057,0.0353522580383945,Downregulated
8058,0.0353284946256737,Downregulated
8059,0.0857590924998868,Downregulated
8060,0,Unchanged
8061,6.82689446043183,Upregulated
8062,2.72559120486901e-05,Unchanged
8063,13973400.6598653,Unchanged
8064,325.8664780151,Upregulated
8065,0,Unchanged
8066,2.11696464788309,Upregulated
8067,45905334.0084049,Unchanged
8068,100188.6802494,Unchanged
8069,0,Unchanged
8070,0.288303577419606,Downregulated
8071,0.380138678721916,Downregulated
8072,0.380138678721916,Downregulated
8073,0.000808441978312246,Unchanged
8074,4.32369039053044e-09,Unchanged
8075,5.58374629884238,Upregulated
8076,0,Unchanged
8077,0,Unchanged
8078,0,Unchanged
8079,1.5344992886054,Unchanged
8080,0,Unchanged
8081,12.0524734484722,Upregulated
8082,0,Unchanged
8083,0,Unchanged
8084,0,Unchanged
8085,0,Unchanged
8086,4208973.57905088,Unchanged
8087,14010213.8494977,Unchanged
8088,0.00950767473130694,Unchanged
8089,0.0116471354610589,Downregulated
8090,0.00711003727802758,Unchanged
8091,0.00053917139536238,Unchanged
8092,0,Unchanged
8093,0,Unchanged
8094,2.83098189697739e-07,Unchanged
8095,0,Unchanged
8096,7.74741478153373e-08,Unchanged
8097,0,Unchanged
8098,3.17769436605886e-07,Unchanged
8099,18678062.6141108,Unchanged
8100,702966.712520852,Unchanged
8101,0.0609660964139638,Downregulated
8102,18678063.2517228,Unchanged
8103,0.000155331790819731,Unchanged
8104,3.69235805933751e-06,Unchanged
8105,5.95050469140451e-05,Unchanged
8106,0,Unchanged
8107,0,Unchanged
8108,53.3841295118519,Upregulated
8109,1.79046924541969,Unchanged
8110,59417979.3034661,Unchanged
8111,130.220564209749,Upregulated
8112,404464915.400761,Unchanged
8113,404464915.400761,Unchanged
8114,79.4488774504961,Upregulated
8115,355588580.817518,Unchanged
8116,515.01909425193,Upregulated
8117,187.787369350594,Upregulated
8118,187.787375023665,Upregulated
8119,808929830.801523,Unchanged
8120,404464915.400761,Unchanged
8121,18.9811605546242,Upregulated
8122,52.4935340913292,Upregulated
8123,38.5043230435199,Upregulated
8124,4.9626157318903,Upregulated
8125,3.79663984985463,Upregulated
8126,3.79663984985463,Upregulated
8127,8.90824894048714,Upregulated
8128,0,Unchanged
8129,4.45412693760585,Upregulated
8130,590.333957080899,Upregulated
8131,212266377.635487,Unchanged
8132,0,Unchanged
8133,177794290.408759,Unchanged
8134,49.3142118131821,Upregulated
8135,75.5008873267891,Upregulated
8136,392041983.742338,Unchanged
8137,808929830.801523,Unchanged
8138,0.985144826791635,Unchanged
8139,4.54815108425588,Upregulated
8140,152.577470913802,Upregulated
8141,0.985144826791635,Unchanged
8142,0.985144940917637,Unchanged
8143,0.985144878290279,Unchanged
8144,0.990073983000854,Unchanged
8145,1.56981794182845,Unchanged
8146,2.76098712151011,Upregulated
8147,2.47580396567722,Upregulated
8148,0.00687683448823102,Unchanged
8149,6.82627508299245e-09,Unchanged
8150,0.181257996980538,Downregulated
8151,5.91233899321542e-09,Unchanged
8152,5.07316408527828e-09,Unchanged
8153,0,Unchanged
8154,5387053.69803093,Unchanged
8155,0,Unchanged
8156,0,Unchanged
8157,0,Unchanged
8158,0,Unchanged
8159,1.78189638623542,Unchanged
8160,212198667.125304,Unchanged
8161,4.92899176007442,Upregulated
8162,0,Unchanged
8163,984.52464939552,Upregulated
8164,83627.9601686409,Unchanged
8165,0.239825146892384,Downregulated
8166,65340331.0696867,Unchanged
8167,28800.9742036028,Unchanged
8168,1.085428820016,Unchanged
8169,0,Unchanged
8170,0,Unchanged
8171,6.05119737994552e-06,Unchanged
8172,0,Unchanged
8173,0,Unchanged
8174,6.95212384476889e-06,Unchanged
8175,203727.953821752,Unchanged
8176,0.283442620511736,Downregulated
8177,0,Unchanged
8178,54999.6620196111,Unchanged
8179,0,Unchanged
8180,0,Unchanged
8181,0,Unchanged
8182,0,Unchanged
8183,0,Unchanged
8184,0,Unchanged
8185,0.0388745753588844,Downregulated
8186,0.361809586755613,Downregulated
8187,0,Unchanged
8188,0,Unchanged
8189,0,Unchanged
8190,3358402.78376235,Unchanged
8191,0,Unchanged
8192,0,Unchanged
8193,0,Unchanged
8194,36.2997894232606,Upregulated
8195,0,Unchanged
8196,0,Unchanged
8197,0,Unchanged
8198,0,Unchanged
8199,3.68988453946348e-07,Unchanged
8200,4.96573977876558,Upregulated
8201,0,Unchanged
8202,0,Unchanged
8203,62484.8324446068,Unchanged
8204,28020428.334977,Unchanged
8205,152819.694380813,Unchanged
8206,19454.9404492045,Upregulated
8207,0,Unchanged
8208,0,Unchanged
8209,1.14114076608142,Unchanged
8210,0.108854183252254,Downregulated
8211,25049.4787276672,Unchanged
8212,47858.9517805481,Unchanged
8213,0,Unchanged
8214,5.18939577312733,Upregulated
8215,0,Unchanged
8216,2.50984793448339,Upregulated
8217,16597.9365892252,Upregulated
8218,0,Unchanged
8219,0,Unchanged
8220,10020560.2440732,Unchanged
8221,0,Unchanged
8222,2166219.11327529,Unchanged
8223,0,Unchanged
8224,0,Unchanged
8225,0,Unchanged
8226,0,Unchanged
8227,3.55248311879417,Upregulated
8228,0,Unchanged
8229,0,Unchanged
8230,0,Unchanged
8231,0,Unchanged
8232,116410061.505824,Unchanged
8233,0,Unchanged
8234,113.37327476292,Upregulated
8235,115.242211989489,Upregulated
8236,12.247244188865,Upregulated
8237,177794293.021458,Unchanged
8238,0,Unchanged
8239,0,Unchanged
8240,0.0537911233830192,Downregulated
8241,0,Unchanged
8242,2.55688766057999,Upregulated
8243,0,Unchanged
8244,1.02387758133552,Unchanged
8245,1.08305801344171,Unchanged
8246,2.28875029471558e-08,Unchanged
8247,0,Unchanged
8248,9.15500141108593e-08,Unchanged
8249,0,Unchanged
8250,0,Unchanged
8251,0,Unchanged
8252,5.08229534969724e-08,Unchanged
8253,0.00172759199588891,Unchanged
8254,0,Unchanged
8255,0.324984231790125,Downregulated
8256,3.67366094648741e-05,Unchanged
8257,1.1365972627405,Unchanged
8258,0.00216808350705907,Unchanged
8259,5.54553564416611e-08,Unchanged
8260,1.98212024715583,Unchanged
8261,0.0139363423694535,Downregulated
8262,0.00590058157979761,Unchanged
8263,0.286297324103826,Downregulated
8264,0,Unchanged
8265,3.6764802084349e-05,Unchanged
8266,0.995307182377295,Unchanged
8267,0,Unchanged
8268,1.10449071824614e-07,Unchanged
8269,1.36044612469214e-06,Unchanged
8270,1.71855486904495e-06,Unchanged
8271,3.29809009021056,Upregulated
8272,0,Unchanged
8273,0.0875139427423534,Downregulated
8274,0.16127515709871,Downregulated
8275,0,Unchanged
8276,0,Unchanged
8277,0,Unchanged
8278,0,Unchanged
8279,2294462.19857113,Unchanged
8280,0,Unchanged
8281,28017282.1773543,Unchanged
8282,1.99999984937573,Unchanged
8283,0,Unchanged
8284,18.9206727931914,Upregulated
8285,1.15592359474563,Unchanged
8286,7516470.69293317,Unchanged
8287,2014813.17533504,Unchanged
8288,0,Unchanged
8289,0,Unchanged
8290,1.58750375535036,Unchanged
8291,316555.882440303,Unchanged
8292,0.36520404704131,Downregulated
8293,0.174672091601599,Downregulated
8294,0,Unchanged
8295,0.111621551215144,Downregulated
8296,45109887.3716507,Unchanged
8297,1007406.60999299,Unchanged
8298,464248.660029971,Unchanged
8299,13991471.5728014,Unchanged
8300,0,Unchanged
8301,0.999990183083231,Unchanged
8302,14010213.8210966,Unchanged
8303,3.32929324779419,Upregulated
8304,48.5154364606529,Upregulated
8305,48.6404837076343,Upregulated
8306,12812.6901594544,Upregulated
8307,0.10997375133453,Downregulated
8308,5.48604051486226e-09,Unchanged
8309,0,Unchanged
8310,0,Unchanged
8311,0,Unchanged
8312,0,Unchanged
8313,0,Unchanged
8314,0,Unchanged
8315,0,Unchanged
8316,0,Unchanged
8317,0.00568324963123832,Unchanged
8318,0,Unchanged
8319,0.207145234117592,Downregulated
8320,0,Unchanged
8321,0.0135932620974963,Downregulated
8322,0.0119252966522095,Downregulated
8323,0.0119252966522095,Downregulated
8324,0.0119252966522095,Downregulated
8325,0.0321115621969811,Downregulated
8326,0.00179585187075675,Unchanged
8327,0,Unchanged
8328,0.00133187910696459,Unchanged
8329,0,Unchanged
8330,0.00179585218150631,Unchanged
8331,0.00113263230410395,Unchanged
8332,0.00113263230410395,Unchanged
8333,0.000476991951408117,Unchanged
8334,0.0367734848725211,Downregulated
8335,0.0250097144293585,Downregulated
8336,0,Unchanged
8337,0.00015062079844244,Unchanged
8338,0.000515701548322355,Unchanged
8339,0,Unchanged
8340,0,Unchanged
8341,0,Unchanged
8342,0.0174478301110519,Downregulated
8343,0.0648324175307351,Downregulated
8344,0.000114885370965824,Unchanged
8345,0,Unchanged
8346,0.153218959627989,Downregulated
8347,0,Unchanged
8348,0,Unchanged
8349,0.182016970591929,Downregulated
8350,2.52982408710523e-09,Unchanged
8351,0,Unchanged
8352,0,Unchanged
8353,0,Unchanged
8354,0.867610714214378,Unchanged
8355,1.96429589873759e-07,Unchanged
8356,0.00172401254756335,Unchanged
8357,0,Unchanged
8358,0,Unchanged
8359,0,Unchanged
8360,0.352901985213651,Downregulated
8361,0,Unchanged
8362,0,Unchanged
8363,3758235.34646658,Unchanged
8364,0.882363598671237,Unchanged
8365,0.775501104647703,Unchanged
8366,0.0631219585129994,Downregulated
8367,4.30528472179503e-09,Unchanged
8368,0,Unchanged
8369,0.0761629207632381,Downregulated
8370,0.00231890248632755,Unchanged
8371,39206.3251716344,Unchanged
8372,0,Unchanged
8373,0,Unchanged
8374,1124811.54768366,Unchanged
8375,1821322.08358019,Unchanged
8376,0.051736692335736,Downregulated
8377,0.286297409985785,Downregulated
8378,0.2870516814086,Downregulated
8379,0.934057403173397,Unchanged
8380,0.286297249820104,Downregulated
8381,0.286891827266001,Downregulated
8382,0.862289142604655,Unchanged
8383,0.179531014523888,Downregulated
8384,0.287647722615593,Downregulated
8385,0.286297244115726,Downregulated
8386,4.80986800251601,Upregulated
8387,13511.407751386,Upregulated
8388,0.303193693911415,Downregulated
8389,0.0289035452859254,Downregulated
8390,3712823.17798591,Unchanged
8391,0.0286261005449313,Downregulated
8392,0.0287015171224571,Downregulated
8393,0,Unchanged
8394,3.81061275488922,Upregulated
8395,1.72021550708168,Unchanged
8396,0,Unchanged
8397,0,Unchanged
8398,3.16859762482247,Upregulated
8399,1184.69194656914,Upregulated
8400,3712822.94251722,Unchanged
8401,3712823.01421567,Unchanged
8402,5387054.3783495,Unchanged
8403,129539089.390931,Unchanged
8404,0.273770538797866,Downregulated
8405,0.273770538797866,Downregulated
8406,1.72984414561314e-05,Unchanged
8407,0,Unchanged
8408,28.9105691124325,Upregulated
8409,1.97679815551055e-06,Unchanged
8410,0,Unchanged
8411,4.28757841595129e-08,Unchanged
8412,0,Unchanged
8413,0,Unchanged
8414,4319264.13199886,Unchanged
8415,8075771.27903387,Unchanged
8416,0,Unchanged
8417,0,Unchanged
8418,0.0203818476164249,Downregulated
8419,0,Unchanged
8420,0.000959663630045457,Unchanged
8421,0.00045960612961304,Unchanged
8422,0.0920904754490099,Downregulated
8423,0,Unchanged
8424,0,Unchanged
8425,0,Unchanged
8426,0,Unchanged
8427,322485.280349848,Unchanged
8428,0.0021035877620879,Unchanged
8429,0.020324511930339,Downregulated
8430,0.080551993827582,Downregulated
8431,0.830272084076398,Unchanged
8432,20.5953649487726,Upregulated
8433,2.77004076057916,Upregulated
8434,0.280384874511288,Downregulated
8435,0.0956375136587857,Downregulated
8436,0.30028738902869,Downregulated
8437,0.0956375196376958,Downregulated
8438,0.120671232564739,Downregulated
8439,0.83027270375791,Unchanged
8440,0.299498334685842,Downregulated
8441,0.352247794564446,Downregulated
8442,21.6785545425046,Upregulated
8443,0,Unchanged
8444,0,Unchanged
8445,0,Unchanged
8446,1.47002551676678e-06,Unchanged
8447,0,Unchanged
8448,0,Unchanged
8449,0,Unchanged
8450,1080619.17369158,Unchanged
8451,14010213.9973355,Unchanged
8452,1.08542851022088,Unchanged
8453,3.32186442932177,Upregulated
8454,0,Unchanged
8455,0,Unchanged
8456,0,Unchanged
8457,0.108854184205847,Downregulated
8458,0.108501355207448,Downregulated
8459,13964802.8921938,Unchanged
8460,0,Unchanged
8461,0,Unchanged
8462,0,Unchanged
8463,0,Unchanged
8464,2,Upregulated
8465,0,Unchanged
8466,0,Unchanged
8467,0,Unchanged
8468,0,Unchanged
8469,0,Unchanged
8470,0,Unchanged
8471,0,Unchanged
8472,0,Unchanged
8473,0,Unchanged
8474,0,Unchanged
8475,0,Unchanged
8476,0,Unchanged
8477,0,Unchanged
8478,0,Unchanged
8479,0,Unchanged
8480,0,Unchanged
8481,0,Unchanged
8482,0,Unchanged
8483,0.500000003902649,Unchanged
8484,0,Unchanged
8485,0,Unchanged
8486,0,Unchanged
8487,0,Unchanged
8488,0,Unchanged
8489,0.998142463027784,Unchanged
8490,0,Unchanged
8491,0,Unchanged
8492,0,Unchanged
8493,0,Unchanged
8494,0,Unchanged
8495,0,Unchanged
8496,0,Unchanged
8497,0,Unchanged
8498,0,Unchanged
8499,0,Unchanged
8500,0,Unchanged
8501,0,Unchanged
8502,0,Unchanged
8503,0,Unchanged
8504,0,Unchanged
8505,162410.134673439,Unchanged
8506,162410.159723658,Unchanged
8507,0.0821476656326359,Downregulated
8508,0.0821476711472757,Downregulated
8509,0.204880345812559,Downregulated
8510,0,Unchanged
8511,0,Unchanged
8512,873017.172034956,Unchanged
8513,0.223059525348659,Downregulated
8514,0.0199102791215144,Downregulated
8515,104635.975508446,Unchanged
8516,7.28208364080274e-08,Unchanged
8517,1.00000026920337,Unchanged
8518,837709.033979127,Unchanged
8519,277.366459659065,Upregulated
8520,6.12447904586588e-08,Unchanged
8521,3.96424029859756,Upregulated
8522,15.7086278987406,Upregulated
8523,15.708626422345,Upregulated
8524,0.31827727150528,Downregulated
8525,7.87234374990157,Upregulated
8526,10.9156321467823,Upregulated
8527,1908688.72977479,Unchanged
8528,1900.44522774699,Upregulated
8529,2.96057362116437,Upregulated
8530,31170.9059818887,Unchanged
8531,7516470.69293317,Unchanged
8532,0,Unchanged
8533,37708960.5697061,Unchanged
8534,27192743.8454289,Unchanged
8535,0,Unchanged
8536,0,Unchanged
8537,277238.187874724,Unchanged
8538,0,Unchanged
8539,0,Unchanged
8540,0.914994835417362,Unchanged
8541,7.66101191345557,Upregulated
8542,13486881.2667258,Unchanged
8543,2.16985632711952,Upregulated
8544,13486881.2838524,Unchanged
8545,2.16985625685245,Upregulated
8546,7.66101192318407,Upregulated
8547,0,Unchanged
8548,0,Unchanged
8549,31295563.8148001,Unchanged
8550,831221.570238797,Unchanged
8551,2.2948374435121,Upregulated
8552,0,Unchanged
8553,3807209.96228255,Unchanged
8554,0.0245965305276011,Downregulated
8555,0,Unchanged
8556,0,Unchanged
8557,0,Unchanged
8558,0.0746064242239833,Downregulated
8559,64037.6108597039,Unchanged
8560,0,Unchanged
8561,1483518.53164578,Unchanged
8562,38951603.2763062,Unchanged
8563,10.2637321408041,Upregulated
8564,9.22613466160007,Upregulated
8565,27.4863805831484,Upregulated
8566,7494095.8868823,Unchanged
8567,0.718541210078573,Unchanged
8568,0,Unchanged
8569,0,Unchanged
8570,0.484242826772651,Downregulated
8571,0.152351542559836,Downregulated
8572,0,Unchanged
8573,27717841.5085975,Unchanged
8574,0.714333632649793,Unchanged
8575,14.0924103884325,Upregulated
8576,15.1316456569395,Upregulated
8577,0,Unchanged
8578,0.48472958306463,Downregulated
8579,9.56276997153443,Upregulated
8580,0,Unchanged
8581,9.55316970906153,Upregulated
8582,0.234942215434189,Downregulated
8583,4.63495188222941,Upregulated
8584,0,Unchanged
8585,20.2284258628729,Upregulated
8586,7491729.08539841,Unchanged
8587,702498.219548728,Unchanged
8588,13858920.7542987,Unchanged
8589,207289.135308169,Unchanged
8590,13858920.7542987,Unchanged
8591,702498.241249411,Unchanged
8592,13858920.7542987,Unchanged
8593,414578.270616338,Unchanged
8594,0,Unchanged
8595,0,Unchanged
8596,129539090.404122,Unchanged
8597,8.99505389162684,Upregulated
8598,0,Unchanged
8599,0,Unchanged
8600,45328.0302415404,Unchanged
8601,4.85455421741921,Upregulated
8602,0,Unchanged
8603,10785762.1990957,Unchanged
8604,0.524848221423934,Unchanged
8605,0.0312076894787113,Downregulated
8606,0,Unchanged
8607,0,Unchanged
8608,70.3953509052288,Upregulated
8609,0.145510469593125,Downregulated
8610,0.00250178321257581,Unchanged
8611,0,Unchanged
8612,0,Unchanged
8613,0,Unchanged
8614,4183721.79901003,Unchanged
8615,8290479.42309202,Unchanged
8616,28800.9754121403,Unchanged
8617,7516471.18549724,Unchanged
8618,0,Unchanged
8619,0,Unchanged
8620,7328814.5981826,Unchanged
8621,55021.955488611,Unchanged
8622,6726576.47448872,Unchanged
8623,0.472667058724844,Downregulated
8624,2.61464305707418,Upregulated
8625,1.22146643809489,Unchanged
8626,0.358911024359164,Downregulated
8627,17.7141120766339,Upregulated
8628,15798867.4110168,Unchanged
8629,1.29959474896751,Unchanged
8630,15798867.4110168,Unchanged
8631,702498.238790572,Unchanged
8632,15798867.4110168,Unchanged
8633,0,Unchanged
8634,0.122751355199468,Downregulated
8635,1.33264117208338,Unchanged
8636,0.831012619373161,Unchanged
8637,0.00229521129849447,Unchanged
8638,0.00229997744065123,Unchanged
8639,0.00229997744065123,Unchanged
8640,31597734.8220336,Unchanged
8641,0,Unchanged
8642,0.0585626882980509,Downregulated
8643,0.442776900123979,Downregulated
8644,294058.106226754,Unchanged
8645,0.147956025202056,Downregulated
8646,0,Unchanged
8647,0,Unchanged
8648,0,Unchanged
8649,3.60886081177713,Upregulated
8650,3.60886095936797,Upregulated
8651,0,Unchanged
8652,0.945482495235838,Unchanged
8653,0.149902805846633,Downregulated
8654,3.38425534864959,Upregulated
8655,3.38425530718495,Upregulated
8656,3.4734139856373,Upregulated
8657,3.47341383024395,Upregulated
8658,3.47341397229545,Upregulated
8659,3.47341391397389,Upregulated
8660,0.888995653074037,Unchanged
8661,3.47363206657601,Upregulated
8662,14.0400992968823,Upregulated
8663,0,Unchanged
8664,0,Unchanged
8665,0.9340578110568,Unchanged
8666,0.21433158487531,Downregulated
8667,0.934057807468958,Unchanged
8668,3.3929779175829,Upregulated
8669,3.39297795728967,Upregulated
8670,25005193.8327468,Unchanged
8671,3.19558676979327,Upregulated
8672,0.644003163373419,Unchanged
8673,2.34645412060061,Upregulated
8674,0.105588829608171,Downregulated
8675,25081123.9367382,Unchanged
8676,18129965.0531797,Unchanged
8677,54620503.483199,Unchanged
8678,54519043.8785379,Unchanged
8679,54519043.8785379,Unchanged
8680,27.7703640981312,Upregulated
8681,19.107211834942,Upregulated
8682,19.1063398120678,Upregulated
8683,6.2843069416789,Upregulated
8684,19.2188573385427,Upregulated
8685,6.474742820783,Upregulated
8686,33.5416671632256,Upregulated
8687,10.9676671020815,Upregulated
8688,19.8012630202218,Upregulated
8689,20.2544598802168,Upregulated
8690,1.04488404813005,Unchanged
8691,20502811.4265545,Unchanged
8692,6.48526628718958,Upregulated
8693,2.28163909841472,Upregulated
8694,2.28163909841472,Upregulated
8695,2.28765028618946,Upregulated
8696,0.306388449455448,Downregulated
8697,1.04271862002003,Unchanged
8698,30677610.1837899,Unchanged
8699,1.92894711377631,Unchanged
8700,30677610.1837899,Unchanged
8701,3758235.41872537,Unchanged
8702,0,Unchanged
8703,0,Unchanged
8704,1.06697142422489,Unchanged
8705,1.06697180547108,Unchanged
8706,1.06476084324289,Unchanged
8707,1.06476110377951,Unchanged
8708,0.289799075168188,Downregulated
8709,0.417357307424134,Downregulated
8710,0,Unchanged
8711,0,Unchanged
8712,0,Unchanged
8713,0,Unchanged
8714,0.266502826048657,Downregulated
8715,1.0860014112357,Unchanged
8716,0,Unchanged
8717,1.08825706322892,Unchanged
8718,0,Unchanged
8719,0.0442453259346709,Downregulated
8720,0,Unchanged
8721,0.0442453259346709,Downregulated
8722,0,Unchanged
8723,14345003.4388038,Unchanged
8724,1670788.61918353,Unchanged
8725,2352464.93474973,Unchanged
8726,28267210.2880028,Unchanged
8727,588116.212453508,Unchanged
8728,1404996.44009013,Unchanged
8729,0,Unchanged
8730,0,Unchanged
8731,603192435.261359,Unchanged
8732,0,Unchanged
8733,0,Unchanged
8734,0,Unchanged
8735,0,Unchanged
8736,9358663.8812174,Unchanged
8737,9358663.8812174,Unchanged
8738,0,Unchanged
8739,0,Unchanged
8740,0,Unchanged
8741,0,Unchanged
8742,0,Unchanged
8743,0,Unchanged
8744,0,Unchanged
8745,0,Unchanged
8746,0,Unchanged
8747,0,Unchanged
8748,0,Unchanged
8749,0,Unchanged
8750,0,Unchanged
8751,27948392.9951667,Unchanged
8752,0,Unchanged
8753,0,Unchanged
8754,0,Unchanged
8755,0,Unchanged
8756,0,Unchanged
8757,1004197.78426014,Unchanged
8758,0,Unchanged
8759,0,Unchanged
8760,0,Unchanged
8761,0,Unchanged
8762,28020428.8482254,Unchanged
8763,0,Unchanged
8764,0,Unchanged
8765,15683896.7105424,Unchanged
8766,1404996.44009013,Unchanged
8767,9427767.48443956,Unchanged
8768,27717841.5085975,Unchanged
8769,1404996.44009013,Unchanged
8770,1709048.2982989,Unchanged
8771,1709048.2982989,Unchanged
8772,1709048.2982989,Unchanged
8773,1709048.2982989,Unchanged
8774,9415824.71835389,Unchanged
8775,61355220.3675798,Unchanged
8776,11758891.0495482,Unchanged
8777,11758891.0495482,Unchanged
8778,1709048.2982989,Unchanged
8779,1709048.2982989,Unchanged
8780,0,Unchanged
8781,11758891.0495482,Unchanged
8782,0,Unchanged
8783,1709048.2982989,Unchanged
8784,0,Unchanged
8785,9358663.8812174,Unchanged
8786,0,Unchanged
8787,0,Unchanged
8788,0,Unchanged
8789,11758891.0495482,Unchanged
8790,11758891.0495482,Unchanged
8791,11758891.0495482,Unchanged
8792,1709048.2982989,Unchanged
8793,1709048.2982989,Unchanged
8794,11758891.0495482,Unchanged
8795,1709048.2982989,Unchanged
8796,1709048.2982989,Unchanged
8797,0,Unchanged
8798,9358663.8812174,Unchanged
8799,9358663.8812174,Unchanged
8800,10175200.2999919,Unchanged
8801,0,Unchanged
8802,0,Unchanged
8803,11758891.0495482,Unchanged
8804,11758891.0495482,Unchanged
8805,1709048.2982989,Unchanged
8806,1709048.2982989,Unchanged
8807,0,Unchanged
8808,11758891.0495482,Unchanged
8809,1709048.2982989,Unchanged
8810,11758891.0495482,Unchanged
8811,11758891.0495482,Unchanged
8812,11758891.0495482,Unchanged
8813,1709048.2982989,Unchanged
8814,11758891.0495482,Unchanged
8815,1709048.2982989,Unchanged
8816,1709048.2982989,Unchanged
8817,1709048.2982989,Unchanged
8818,1004197.78426014,Unchanged
8819,2048712.02444072,Unchanged
8820,0,Unchanged
8821,526158.974989619,Unchanged
8822,1709048.2982989,Unchanged
8823,1709048.2982989,Unchanged
8824,9358663.8812174,Unchanged
8825,0,Unchanged
8826,0,Unchanged
8827,0,Unchanged
8828,0,Unchanged
8829,0,Unchanged
8830,0,Unchanged
8831,0,Unchanged
8832,8343959.09843595,Unchanged
8833,0,Unchanged
8834,9358663.8812174,Unchanged
8835,4679331.9406087,Unchanged
8836,0,Unchanged
8837,0,Unchanged
8838,0,Unchanged
8839,0,Unchanged
8840,0,Unchanged
8841,0,Unchanged
8842,0,Unchanged
8843,0,Unchanged
8844,0,Unchanged
8845,0,Unchanged
8846,10175200.2999919,Unchanged
8847,10175200.2999919,Unchanged
8848,10175200.2999919,Unchanged
8849,38362081.165791,Unchanged
8850,0,Unchanged
8851,0,Unchanged
8852,0,Unchanged
8853,0,Unchanged
8854,0,Unchanged
8855,0,Unchanged
8856,28020427.8105711,Unchanged
8857,28020427.8105711,Unchanged
8858,27948393.525205,Unchanged
8859,28596997.0527028,Unchanged
8860,1004197.78426014,Unchanged
8861,1004197.78426014,Unchanged
8862,9096125.52772595,Unchanged
8863,0,Unchanged
8864,1191709.10167393,Unchanged
8865,0,Unchanged
8866,0,Unchanged
8867,0,Unchanged
8868,90824.7888436445,Unchanged
8869,7067408.08013058,Unchanged
8870,8153976.39324699,Unchanged
8871,7067407.77446977,Unchanged
8872,84097255.0244798,Unchanged
8873,0,Unchanged
8874,28020427.6989954,Unchanged
8875,3692556.43644252,Unchanged
8876,1004197.78426014,Unchanged
8877,74.4267237756682,Upregulated
8878,446.560331555433,Upregulated
8879,116675.383689143,Unchanged
8880,222.796978775877,Upregulated
8881,40703.4368050249,Unchanged
8882,25.0384144808281,Upregulated
8883,5.71629557954881,Upregulated
8884,1.98224433209767,Unchanged
8885,0,Unchanged
8886,1.02400391590948,Unchanged
8887,0,Unchanged
8888,74.4267237756682,Upregulated
8889,0,Unchanged
8890,40703.4368050249,Unchanged
8891,74.4267237756682,Upregulated
8892,3229449.82171024,Unchanged
8893,33547.0844171656,Unchanged
8894,9339031.62586139,Unchanged
8895,492.268424419886,Upregulated
8896,0,Unchanged
8897,0,Unchanged
8898,38909.8775465549,Unchanged
8899,0,Unchanged
8900,15475.7818392312,Upregulated
8901,5520430.87406757,Unchanged
8902,2.49798373660446,Upregulated
8903,0,Unchanged
8904,4590369.95797658,Unchanged
8905,239228.63539411,Unchanged
8906,0,Unchanged
8907,83627.9611058466,Unchanged
8908,30980007.0893924,Unchanged
8909,2,Upregulated
8910,14842570.7760789,Unchanged
8911,232412.249337345,Unchanged
8912,12372995.5349145,Unchanged
8913,8665501.95440653,Unchanged
8914,239349.621418546,Unchanged
8915,7516470.87879882,Unchanged
8916,0,Unchanged
8917,28037386.1793066,Unchanged
8918,28037386.1793066,Unchanged
8919,5.71629620059939,Upregulated
8920,0,Unchanged
8921,212670.132154874,Unchanged
8922,7.35265372368043,Upregulated
8923,33037181.8868037,Unchanged
8924,33093367.4357505,Unchanged
8925,28020428.3461346,Unchanged
8926,0,Unchanged
8927,28020428.3461346,Unchanged
8928,24380275.6719746,Unchanged
8929,28020427.6989954,Unchanged
8930,5042369.00206597,Unchanged
8931,163762563.135554,Unchanged
8932,1418558.71146245,Unchanged
8933,449743.909273896,Unchanged
8934,587282895.77139,Unchanged
8935,259078178.781862,Unchanged
8936,52203918.9639527,Unchanged
8937,52203917.409987,Unchanged
8938,52203918.8332453,Unchanged
8939,52066743.0468342,Unchanged
8940,52066745.023039,Unchanged
8941,52203919.8885866,Unchanged
8942,948.35844019861,Upregulated
8943,948.35844019861,Upregulated
8944,3412444.55802906,Unchanged
8945,0,Unchanged
8946,42.1935531139452,Upregulated
8947,42.0826923196846,Upregulated
8948,0.136765317716915,Downregulated
8949,42.0807971868082,Upregulated
8950,0,Unchanged
8951,43.1103548662163,Upregulated
8952,5.964238332653,Upregulated
8953,5.97904262780868,Upregulated
8954,47.8131657387755,Upregulated
8955,47.8131720597325,Upregulated
8956,403650.742192937,Unchanged
8957,13973400.7987291,Unchanged
8958,0,Unchanged
8959,13967826.4681292,Unchanged
8960,13795778.4039694,Unchanged
8961,27948392.8286625,Unchanged
8962,0,Unchanged
8963,4679331.9406087,Unchanged
8964,0,Unchanged
8965,0,Unchanged
8966,0.108059157546574,Downregulated
8967,0,Unchanged
8968,0.125827223224327,Downregulated
8969,1.08542911083784,Unchanged
8970,1.08263867459025,Unchanged
8971,1.33931449743526,Unchanged
8972,1.08317955576675,Unchanged
8973,10.062364272389,Upregulated
8974,0.00103379963430307,Unchanged
8975,0,Unchanged
8976,0,Unchanged
8977,13141.152314468,Upregulated
8978,10.0359280410391,Upregulated
8979,10.6557208171197,Upregulated
8980,5.42159820928268,Upregulated
8981,2.52902892225393e-06,Unchanged
8982,3.17769443711313e-07,Unchanged
8983,0.387977541125743,Downregulated
8984,2.56938671094577,Upregulated
8985,0,Unchanged
8986,0.625052305310149,Unchanged
8987,0,Unchanged
8988,0.309048326242731,Downregulated
8989,0,Unchanged
8990,0.00207106699877719,Unchanged
8991,9.28562590304825,Upregulated
8992,0,Unchanged
8993,1.7315823920299e-07,Unchanged
8994,0,Unchanged
8995,0,Unchanged
8996,38.6993806496098,Upregulated
8997,27916511.4317205,Unchanged
8998,0,Unchanged
8999,28020428.0002498,Unchanged
9000,0,Unchanged
9001,59953.2654044684,Unchanged
9002,0,Unchanged
9003,1.34466410468661,Unchanged
9004,0,Unchanged
9005,0.00258091800047354,Unchanged
9006,2.49193156520302,Upregulated
9007,0,Unchanged
9008,0,Unchanged
9009,0,Unchanged
9010,19.5660877688223,Upregulated
9011,0,Unchanged
9012,0,Unchanged
9013,0,Unchanged
9014,0,Unchanged
9015,0,Unchanged
9016,0,Unchanged
9017,0,Unchanged
9018,0.892770105738545,Unchanged
9019,0,Unchanged
9020,0,Unchanged
9021,114.902021939639,Upregulated
9022,0,Unchanged
9023,0,Unchanged
9024,0,Unchanged
9025,4.45201806430333,Upregulated
9026,0,Unchanged
9027,0,Unchanged
9028,0,Unchanged
9029,71.1889821047145,Upregulated
9030,0,Unchanged
9031,4.4405727092781,Upregulated
9032,0,Unchanged
9033,69.264221958074,Upregulated
9034,0,Unchanged
9035,25604942.3519413,Unchanged
9036,0.108574340607731,Downregulated
9037,0,Unchanged
9038,0.0332037963949345,Downregulated
9039,3016901.03983252,Unchanged
9040,0.346326182155024,Downregulated
9041,0,Unchanged
9042,0,Unchanged
9043,0.458969999164219,Downregulated
9044,81.978465985941,Upregulated
9045,0.332903976311893,Downregulated
9046,0,Unchanged
9047,30.8308139749349,Upregulated
9048,8.44705658102423,Upregulated
9049,0,Unchanged
9050,0,Unchanged
9051,80638281.3749744,Unchanged
9052,4594474.98144283,Unchanged
9053,5.9355497931011e-06,Unchanged
9054,0.107246567539824,Downregulated
9055,178.6431386297,Upregulated
9056,11.3452303939491,Upregulated
9057,0,Unchanged
9058,0,Unchanged
9059,1.13286765307872e-06,Unchanged
9060,8.53581966604224e-05,Unchanged
9061,0,Unchanged
9062,1.76701269704442,Unchanged
9063,14.6636005363443,Upregulated
9064,10.1433349325751,Upregulated
9065,0,Unchanged
9066,0.10452983893736,Downregulated
9067,0,Unchanged
9068,8.51876737614339e-06,Unchanged
9069,3.59397904225434e-07,Unchanged
9070,0.000543591791567144,Unchanged
9071,0,Unchanged
9072,0,Unchanged
9073,0,Unchanged
9074,0,Unchanged
9075,0,Unchanged
9076,0,Unchanged
9077,0,Unchanged
9078,0,Unchanged
9079,139.883847946705,Upregulated
9080,0,Unchanged
9081,0,Unchanged
9082,0,Unchanged
9083,0,Unchanged
9084,7.24052461655141,Upregulated
9085,0,Unchanged
9086,12.0429800756305,Upregulated
9087,107.639084117184,Upregulated
9088,0,Unchanged
9089,1346.59282890925,Upregulated
9090,0,Unchanged
9091,0.127422491831287,Downregulated
9092,0,Unchanged
9093,0.13383855484104,Downregulated
9094,0,Unchanged
9095,0.933381814904662,Unchanged
9096,0,Unchanged
9097,11.1015589945454,Upregulated
9098,3742.32528117597,Upregulated
9099,0.00706747173648792,Unchanged
9100,6.74726869673838,Upregulated
9101,0,Unchanged
9102,4.07077030241431e-05,Unchanged
9103,0,Unchanged
9104,0,Unchanged
9105,0.00583845719498907,Unchanged
9106,0.00583562938215119,Unchanged
9107,2.43012446512009,Upregulated
9108,0.000132066540158434,Unchanged
9109,12.9786082784349,Upregulated
9110,0.00761402626967918,Unchanged
9111,0.662250403708579,Unchanged
9112,2.89227174862016,Upregulated
9113,0.0880051802970322,Downregulated
9114,3.66009261750478,Upregulated
9115,0,Unchanged
9116,0,Unchanged
9117,4.89883623897623,Upregulated
9118,1.49231877467526,Unchanged
9119,1.05918743911909,Unchanged
9120,0,Unchanged
9121,3.81419192421915,Upregulated
9122,0.0421580135660166,Downregulated
9123,0.00737521962219066,Unchanged
9124,0.00322416280813048,Unchanged
9125,0.13266560720801,Downregulated
9126,0.00177905133082521,Unchanged
9127,0,Unchanged
9128,62.7756358949168,Upregulated
9129,2.18382642891872e-06,Unchanged
9130,31.2535184943528,Upregulated
9131,0,Unchanged
9132,0.284506186739104,Downregulated
9133,1.30471217946149,Unchanged
9134,1.30814951931644,Unchanged
9135,0,Unchanged
9136,14.4191283969426,Upregulated
9137,0.269153039194496,Downregulated
9138,1.17410419662374e-06,Unchanged
9139,1.20295162560875e-06,Unchanged
9140,0,Unchanged
9141,0.25293663272019,Downregulated
9142,0.199204434248919,Downregulated
9143,0,Unchanged
9144,3.45520366391228,Upregulated
9145,0,Unchanged
9146,1.86551748764775,Unchanged
9147,15.72671003408,Upregulated
9148,0.0332460121336766,Downregulated
9149,0.468166987908867,Downregulated
9150,2.74388040566009e-07,Unchanged
9151,0,Unchanged
9152,13.5791260141552,Upregulated
9153,2.16635953959968,Upregulated
9154,1.62476970845598,Unchanged
9155,42223112.839687,Unchanged
9156,0,Unchanged
9157,0,Unchanged
9158,0,Unchanged
9159,0,Unchanged
9160,0,Unchanged
9161,0,Unchanged
9162,0,Unchanged
9163,0,Unchanged
9164,0,Unchanged
9165,6.23536249051492e-05,Unchanged
9166,0,Unchanged
9167,3.9789289650212,Upregulated
9168,0,Unchanged
9169,0,Unchanged
9170,0,Unchanged
9171,0,Unchanged
9172,0,Unchanged
9173,1871166.1997512,Unchanged
9174,0.00338621098781832,Unchanged
9175,0,Unchanged
9176,0,Unchanged
9177,0,Unchanged
9178,0,Unchanged
9179,0.869630448210081,Unchanged
9180,3.24186955799268,Upregulated
9181,0,Unchanged
9182,0,Unchanged
9183,0,Unchanged
9184,0,Unchanged
9185,0,Unchanged
9186,0,Unchanged
9187,0,Unchanged
9188,0,Unchanged
9189,0,Unchanged
9190,0,Unchanged
9191,0,Unchanged
9192,0,Unchanged
9193,0,Unchanged
9194,1.08542879529188,Unchanged
9195,0,Unchanged
9196,0,Unchanged
9197,0,Unchanged
9198,0,Unchanged
9199,0,Unchanged
9200,0,Unchanged
9201,0,Unchanged
9202,6.14111907107329,Upregulated
9203,0,Unchanged
9204,0,Unchanged
9205,3.91790772310239,Upregulated
9206,4.26506580270375,Upregulated
9207,8.27261023728244,Upregulated
9208,0,Unchanged
9209,0,Unchanged
9210,8.2944050597953,Upregulated
9211,2.28803859422406,Upregulated
9212,2.28803859422406,Upregulated
9213,2.28803859422406,Upregulated
9214,2.28803859422406,Upregulated
9215,14.2167408543872,Upregulated
9216,14.2462593017033,Upregulated
9217,3.94181102679635,Upregulated
9218,1.36087620322849,Unchanged
9219,1.36087620322849,Unchanged
9220,2.28803859422406,Upregulated
9221,2.28803859422406,Upregulated
9222,0,Unchanged
9223,1.36087620322849,Unchanged
9224,0,Unchanged
9225,2.28803859422406,Upregulated
9226,0,Unchanged
9227,3.24186955876606,Upregulated
9228,0,Unchanged
9229,0,Unchanged
9230,0,Unchanged
9231,1.36087613183409,Unchanged
9232,1.36087613183409,Unchanged
9233,1.36087613183409,Unchanged
9234,2.28803847418878,Upregulated
9235,2.28803847418878,Upregulated
9236,1.36087619266158,Unchanged
9237,2.28803866802185,Upregulated
9238,2.28803866802185,Upregulated
9239,0,Unchanged
9240,3.24186962137441,Upregulated
9241,3.24186962137441,Upregulated
9242,0,Unchanged
9243,0,Unchanged
9244,1.36087623540339,Unchanged
9245,1.36087617911425,Unchanged
9246,2.28202649431599,Upregulated
9247,2.28803847418878,Upregulated
9248,0,Unchanged
9249,1.36087643510949,Unchanged
9250,2.28803859422406,Upregulated
9251,1.36087620322849,Unchanged
9252,1.36087620322849,Unchanged
9253,1.36087620322849,Unchanged
9254,2.28803859422406,Upregulated
9255,1.36087620322849,Unchanged
9256,2.28803859422406,Upregulated
9257,2.28803859422406,Upregulated
9258,2.28803859422406,Upregulated
9259,0,Unchanged
9260,0,Unchanged
9261,4.68555010859828,Upregulated
9262,2.28803859422406,Upregulated
9263,2.28803859422406,Upregulated
9264,4.68554891948618,Upregulated
9265,6.40353986993673,Upregulated
9266,0,Unchanged
9267,0,Unchanged
9268,0,Unchanged
9269,0,Unchanged
9270,0,Unchanged
9271,0,Unchanged
9272,0,Unchanged
9273,0,Unchanged
9274,0,Unchanged
9275,0.194541452004971,Downregulated
9276,3.24186953811176,Upregulated
9277,0,Unchanged
9278,0,Unchanged
9279,0,Unchanged
9280,0,Unchanged
9281,0,Unchanged
9282,0,Unchanged
9283,0,Unchanged
9284,0,Unchanged
9285,0,Unchanged
9286,0,Unchanged
9287,0.673467080115835,Unchanged
9288,0,Unchanged
9289,0,Unchanged
9290,0,Unchanged
9291,0,Unchanged
9292,0,Unchanged
9293,0,Unchanged
9294,2.60693704810909,Upregulated
9295,1.41869986084001,Unchanged
9296,2.60693538977082,Upregulated
9297,4.00191485656794,Upregulated
9298,3.40464728844772,Upregulated
9299,0,Unchanged
9300,984.524649394547,Upregulated
9301,1.41869946425255,Unchanged
9302,0,Unchanged
9303,0,Unchanged
9304,0,Unchanged
9305,0.000137659453415539,Unchanged
9306,3.69861440678762,Upregulated
9307,5.44634034438172,Upregulated
9308,0.240489373182915,Downregulated
9309,0,Unchanged
9310,2.77692066636996e-08,Unchanged
9311,0,Unchanged
9312,0,Unchanged
9313,0,Unchanged
9314,3758235.35868534,Unchanged
9315,0,Unchanged
9316,40642.0872117683,Unchanged
9317,18230170.437065,Unchanged
9318,0.0144630249801437,Downregulated
9319,0.952473400997938,Unchanged
9320,0.176370459243932,Downregulated
9321,0.0292607407049649,Downregulated
9322,0,Unchanged
9323,0.117122554018301,Downregulated
9324,1251782.66432572,Unchanged
9325,14.706662434366,Upregulated
9326,0.337243263860859,Downregulated
9327,3758235.27962721,Unchanged
9328,14010214.1511008,Unchanged
9329,14010214.4954369,Unchanged
9330,3751944.68291812,Unchanged
9331,7496720.47012028,Unchanged
9332,27948392.5905111,Unchanged
9333,0.176370454776375,Downregulated
9334,14010213.8494977,Unchanged
9335,3.94505753462527,Upregulated
9336,1.25389608499558,Unchanged
9337,0.176370461843727,Downregulated
9338,0,Unchanged
9339,27946800.8646711,Unchanged
9340,0.0137016912641629,Downregulated
9341,1.88474877200142,Unchanged
9342,1.7576877084469,Unchanged
9343,3672.14321331119,Upregulated
9344,3.7761393775491,Upregulated
9345,14.0399690879147,Upregulated
9346,4669841.10425618,Unchanged
9347,0.472375272194404,Downregulated
9348,3758235.4265534,Unchanged
9349,13973400.8568728,Unchanged
9350,27946799.2303413,Unchanged
9351,28020428.2903467,Unchanged
9352,7516470.8573219,Unchanged
9353,0.307710663890659,Downregulated
9354,1.08542913402117,Unchanged
9355,1.01326222199555,Unchanged
9356,0.382787815894823,Downregulated
9357,37232587.5000661,Unchanged
9358,3758235.40086139,Unchanged
9359,0.1388760592345,Downregulated
9360,0.106550921648306,Downregulated
9361,8905092.94045314,Unchanged
9362,8905092.94045314,Unchanged
9363,5.58374635744758,Upregulated
9364,0.178844356733193,Downregulated
9365,14010214.3292733,Unchanged
9366,1.49390250057553,Unchanged
9367,0,Unchanged
9368,28020428.6585466,Unchanged
9369,46707.7132094542,Unchanged
9370,3.50585943660111,Upregulated
9371,134.400211976843,Upregulated
9372,7516470.64917646,Unchanged
9373,140102.138216038,Unchanged
9374,0.445504718482603,Downregulated
9375,0.290400765403645,Downregulated
9376,1.08542938924165,Unchanged
9377,0.291166082158789,Downregulated
9378,7516470.79529978,Unchanged
9379,14010214.1089113,Unchanged
9380,1.08542881106363,Unchanged
9381,0.291165926208197,Downregulated
9382,7516470.79529978,Unchanged
9383,1.08317965950997,Unchanged
9384,1.08317958272891,Unchanged
9385,0.38932609160645,Downregulated
9386,0.39099368967415,Downregulated
9387,1.08317960980612,Unchanged
9388,28020428.0445315,Unchanged
9389,7516470.85631831,Unchanged
9390,0.291165927290089,Downregulated
9391,28020428.0445315,Unchanged
9392,2.29483746778352,Upregulated
9393,0.290562672285726,Downregulated
9394,0,Unchanged
9395,0,Unchanged
9396,0.0139526811059624,Downregulated
9397,7275994.90870314,Unchanged
9398,0.642903866906313,Unchanged
9399,0.586435521672805,Unchanged
9400,0.156897788648224,Downregulated
9401,0.156897754482595,Downregulated
9402,0.58643555097119,Unchanged
9403,0.157311159293282,Downregulated
9404,0.58643552819168,Unchanged
9405,1.76231798611259,Unchanged
9406,0.471499043056526,Downregulated
9407,0.273445311839797,Downregulated
9408,5.28511361608378,Upregulated
9409,62430.0918964413,Unchanged
9410,1.0825764387472,Unchanged
9411,28020428.334977,Unchanged
9412,1.08542871383607,Unchanged
9413,0.291165922423156,Downregulated
9414,0.74487892233006,Unchanged
9415,8.95751686649409,Upregulated
9416,1.08542879530793,Unchanged
9417,1.08542883024903,Unchanged
9418,4.62245385980114,Upregulated
9419,4.62245317960017,Upregulated
9420,1.02110967366871,Unchanged
9421,1.02110969320512,Unchanged
9422,4.71960512108746,Upregulated
9423,0.291165936438245,Downregulated
9424,1.08542883024903,Unchanged
9425,1.08542885820863,Unchanged
9426,0.291166064038506,Downregulated
9427,0.145582924883327,Downregulated
9428,14010214.1674885,Unchanged
9429,3.24186956702893,Upregulated
9430,0.906329692972395,Unchanged
9431,7516471.24611434,Unchanged
9432,28020428.0783528,Unchanged
9433,1.24537800019937,Unchanged
9434,0,Unchanged
9435,7275995.06993365,Unchanged
9436,10.2613982087912,Upregulated
9437,7516471.18067999,Unchanged
9438,10.1079694083169,Upregulated
9439,1.41413701445629,Unchanged
9440,5.27171943413777,Upregulated
9441,0.708619909635669,Unchanged
9442,1.08317928777835,Unchanged
9443,1.08317928777835,Unchanged
9444,0.290562767684061,Downregulated
9445,0.291165832263569,Downregulated
9446,2.25405349746891,Upregulated
9447,2.25405352306812,Upregulated
9448,7516470.94624036,Unchanged
9449,7516470.94624036,Unchanged
9450,28020428.6697042,Unchanged
9451,28020428.6697042,Unchanged
9452,7516470.94624036,Unchanged
9453,7516470.94624036,Unchanged
9454,2.55944490926432,Upregulated
9455,0,Unchanged
9456,2.31147772327882,Upregulated
9457,2.85135348845807,Upregulated
9458,0,Unchanged
9459,26.5373486744999,Upregulated
9460,32.8199011640871,Upregulated
9461,0,Unchanged
9462,0,Unchanged
9463,0.518378971588649,Unchanged
9464,4.47011765821881,Upregulated
9465,0.300934524351283,Downregulated
9466,1.11308084777178,Unchanged
9467,787908.925424093,Unchanged
9468,0,Unchanged
9469,787908.925490948,Unchanged
9470,0.0191988558965669,Downregulated
9471,8.67747928871448,Upregulated
9472,0,Unchanged
9473,14010233.3026422,Unchanged
9474,0,Unchanged
9475,0.0579444707435642,Downregulated
9476,0,Unchanged
9477,84.3343889872128,Upregulated
9478,84.3344108306079,Upregulated
9479,0,Unchanged
9480,67298259.2640412,Unchanged
9481,42.2547633501884,Upregulated
9482,375.108095279956,Upregulated
9483,1.05097750308965,Unchanged
9484,1.18605335536207,Unchanged
9485,28800.9754121403,Unchanged
9486,3969209.38086332,Unchanged
9487,1.18611499318086,Unchanged
9488,13.291568265303,Upregulated
9489,6.58080603930575,Upregulated
9490,1.62401626700455,Unchanged
9491,0.053391440983598,Downregulated
9492,0.664070319653453,Unchanged
9493,0,Unchanged
9494,0,Unchanged
9495,1176232.46854715,Unchanged
9496,0.356325302621007,Downregulated
9497,14.3386366750548,Upregulated
9498,1.34464061083814,Unchanged
9499,0,Unchanged
9500,7.74740992710576e-08,Unchanged
9501,1.0927194198797,Unchanged
9502,14133649.8708517,Unchanged
9503,0,Unchanged
9504,206167.261233899,Unchanged
9505,206167.261233899,Unchanged
9506,0.00796976272660591,Unchanged
9507,103083.956600034,Unchanged
9508,0.0079697606757368,Unchanged
9509,0.00877234610997415,Unchanged
9510,0.00798631195117377,Unchanged
9511,0.00798631195703339,Unchanged
9512,0,Unchanged
9513,14037.3743472,Upregulated
9514,206167.256605482,Unchanged
9515,206167.256605482,Unchanged
9516,180435.250230857,Unchanged
9517,0.00796976247355136,Unchanged
9518,206167.256605482,Unchanged
9519,0.00399315588546213,Unchanged
9520,206167.256605482,Unchanged
9521,0.0060962751137858,Unchanged
9522,0,Unchanged
9523,0.0696436123759262,Downregulated
9524,1141942.51694627,Unchanged
9525,0.0586863738805253,Downregulated
9526,0.229210119304483,Downregulated
9527,0.229210119304483,Downregulated
9528,866853.517116278,Unchanged
9529,27.8346161246308,Upregulated
9530,0.0314818391734944,Downregulated
9531,0.0133271521874068,Downregulated
9532,0.0660044841664494,Downregulated
9533,4.02828479973026e-05,Unchanged
9534,0.010875448476749,Downregulated
9535,0,Unchanged
9536,952630.21989434,Unchanged
9537,0.160664533544659,Downregulated
9538,851955.0856733,Unchanged
9539,4.13442908712781,Upregulated
9540,8342402.5374676,Unchanged
9541,5.07171293533053,Upregulated
9542,4831538.34399727,Unchanged
9543,7.10248521643714,Upregulated
9544,0,Unchanged
9545,0.109988506284434,Downregulated
9546,0,Unchanged
9547,0,Unchanged
9548,0,Unchanged
9549,27929601.4056709,Unchanged
9550,0.219162079251904,Downregulated
9551,60861.5693706282,Unchanged
9552,0,Unchanged
9553,0,Unchanged
9554,0,Unchanged
9555,1.99993056002324,Unchanged
9556,0,Unchanged
9557,23140017.9170691,Unchanged
9558,0,Unchanged
9559,26973762.5677047,Unchanged
9560,2.13219269595235,Upregulated
9561,1.17491961510846,Unchanged
9562,0,Unchanged
9563,33794524.3036332,Unchanged
9564,34479100.096018,Unchanged
9565,8478823.60010157,Unchanged
9566,1.04271889807192,Unchanged
9567,0.805170762475883,Unchanged
9568,0,Unchanged
9569,0.916750363684961,Unchanged
9570,1.22791802863548,Unchanged
9571,0.914485732568317,Unchanged
9572,1.86788023591203,Unchanged
9573,0.00162566902812233,Unchanged
9574,1.57317654969847,Unchanged
9575,9403530.50780961,Unchanged
9576,825308.277257177,Unchanged
9577,0.0848783352344562,Downregulated
9578,1216418.68227809,Unchanged
9579,0,Unchanged
9580,7687016.14941492,Unchanged
9581,1896076.19630222,Unchanged
9582,7353765.58576542,Unchanged
9583,2.37672107648113,Upregulated
9584,0.00146375128798335,Unchanged
9585,111639.452014009,Unchanged
9586,13460807.64262,Unchanged
9587,24972664.36353,Unchanged
9588,1.81560959333625,Unchanged
9589,1.81184738094481,Unchanged
9590,1.12540606558567,Unchanged
9591,14557004.2239607,Unchanged
9592,0.25181510756859,Downregulated
9593,0.331371652332989,Downregulated
9594,1.92935378734702,Unchanged
9595,1.92935378734702,Unchanged
9596,2.13721337472034,Upregulated
9597,39585755.9107442,Unchanged
9598,1537627.49127273,Unchanged
9599,2.83907091516827,Upregulated
9600,2.83907091516827,Upregulated
9601,0,Unchanged
9602,0.969162199132404,Unchanged
9603,1.23551432484589,Unchanged
9604,716476.742630973,Unchanged
9605,26904418.7097256,Unchanged
9606,3224642.90805303,Unchanged
9607,0,Unchanged
9608,3232956.07676576,Unchanged
9609,1.49596214788622,Unchanged
9610,6773.68092379229,Upregulated
9611,28459337.1493407,Unchanged
9612,0.210644184603733,Downregulated
9613,1.44768505716593,Unchanged
9614,3371974.69593963,Unchanged
9615,0.00526606833349786,Unchanged
9616,0.140569191282493,Downregulated
9617,1.30928580793926,Unchanged
9618,0.152751693312051,Downregulated
9619,0.205694783378235,Downregulated
9620,3.74843540173144,Upregulated
9621,2.61499601698753,Upregulated
9622,20.0553396899851,Upregulated
9623,2.78578532989,Upregulated
9624,9.49199312381854,Upregulated
9625,54764400.2655062,Unchanged
9626,1.86176822360219,Unchanged
9627,28690006.8776076,Unchanged
9628,0,Unchanged
9629,0,Unchanged
9630,0.0762591614416489,Downregulated
9631,0,Unchanged
9632,0,Unchanged
9633,6113065.83955422,Unchanged
9634,47858.8718762252,Unchanged
9635,0.000263057026040604,Unchanged
9636,47858.8718762252,Unchanged
9637,0.000386063566760525,Unchanged
9638,47805.2723199515,Unchanged
9639,6288027.28862764,Unchanged
9640,7567276.87829292,Unchanged
9641,0,Unchanged
9642,7567276.87829292,Unchanged
9643,963674.182195125,Unchanged
9644,0,Unchanged
9645,250245.019088439,Unchanged
9646,0,Unchanged
9647,1388622.0495654,Unchanged
9648,825421.47896016,Unchanged
9649,0,Unchanged
9650,0,Unchanged
9651,7388185.99245739,Unchanged
9652,1501837.39489659,Unchanged
9653,2214043.63031049,Unchanged
9654,2214043.63031049,Unchanged
9655,0,Unchanged
9656,0,Unchanged
9657,0,Unchanged
9658,0,Unchanged
9659,0,Unchanged
9660,0,Unchanged
9661,1.04286428539412,Unchanged
9662,0,Unchanged
9663,0,Unchanged
9664,0,Unchanged
9665,0,Unchanged
9666,0,Unchanged
9667,1.12767911606465,Unchanged
9668,0,Unchanged
9669,0,Unchanged
9670,0.596710811670128,Unchanged
9671,1.10444759884998,Unchanged
9672,0,Unchanged
9673,1.13203557091105,Unchanged
9674,1.13203557091105,Unchanged
9675,0,Unchanged
9676,0,Unchanged
9677,0,Unchanged
9678,1.04213807529054,Unchanged
9679,0,Unchanged
9680,0,Unchanged
9681,1.04488432906492,Unchanged
9682,0.343173867348195,Downregulated
9683,0,Unchanged
9684,0,Unchanged
9685,1.17237564037484,Unchanged
9686,0,Unchanged
9687,0,Unchanged
9688,0,Unchanged
9689,0,Unchanged
9690,0,Unchanged
9691,0,Unchanged
9692,1.07652785143345,Unchanged
9693,1.07652785143345,Unchanged
9694,0,Unchanged
9695,2.12141209605428,Upregulated
9696,2.12141209605428,Upregulated
9697,0,Unchanged
9698,1.451962717321,Unchanged
9699,1.451962717321,Unchanged
9700,0,Unchanged
9701,0,Unchanged
9702,0,Unchanged
9703,0,Unchanged
9704,0.435353260170707,Downregulated
9705,0.0952725454247279,Downregulated
9706,0,Unchanged
9707,0,Unchanged
9708,1.10243132033464,Unchanged
9709,1.10243132033464,Unchanged
9710,0,Unchanged
9711,2.11583823812709,Upregulated
9712,2.11583823812709,Upregulated
9713,0,Unchanged
9714,0.16486304232023,Downregulated
9715,0,Unchanged
9716,0.273770435178315,Downregulated
9717,0,Unchanged
9718,0.287647525197847,Downregulated
9719,0.287647525197847,Downregulated
9720,0.287647718730286,Downregulated
9721,0.287647718730286,Downregulated
9722,0.287647718730286,Downregulated
9723,0.287647718730286,Downregulated
9724,0.287647762206493,Downregulated
9725,0.287647724006524,Downregulated
9726,0.287647722529178,Downregulated
9727,0.287647724006524,Downregulated
9728,0.287647724006524,Downregulated
9729,0.287647724006524,Downregulated
9730,0.287647724006524,Downregulated
9731,0.287647724006524,Downregulated
9732,0.287647724006524,Downregulated
9733,0.287647724006524,Downregulated
9734,0.287647724006524,Downregulated
9735,0.287647724006524,Downregulated
9736,0.287647724006524,Downregulated
9737,0.287647724006524,Downregulated
9738,0.287647724006524,Downregulated
9739,0.287647724006524,Downregulated
9740,0.287647724006524,Downregulated
9741,0.287647724006524,Downregulated
9742,0.20179607021187,Downregulated
9743,7425645.92813187,Unchanged
9744,0.197399033816708,Downregulated
9745,0.880321627088978,Unchanged
9746,3.05564592650425,Upregulated
9747,9.95679638580244,Upregulated
9748,100.578560257936,Upregulated
9749,0,Unchanged
9750,3712822.96406593,Unchanged
9751,0.287647643385596,Downregulated
9752,0.287647643385596,Downregulated
9753,0.287647718730286,Downregulated
9754,7425645.92813187,Unchanged
9755,9.31649886474252,Upregulated
9756,0.284296679870444,Downregulated
9757,7425645.92813187,Unchanged
9758,0.144053126918301,Downregulated
9759,0.144053126918301,Downregulated
9760,3.73051031855698,Upregulated
9761,1.53858791873151,Unchanged
9762,60.1200667976617,Upregulated
9763,22.4689721835375,Upregulated
9764,19360060.2417764,Unchanged
9765,17240284.2942998,Unchanged
9766,1.2377188905712,Unchanged
9767,1.23771885920752,Unchanged
9768,1.2377188905712,Unchanged
9769,1.23771885920752,Unchanged
9770,0.445206240847575,Downregulated
9771,0.445206240520924,Downregulated
9772,0.445206240847575,Downregulated
9773,0.445206240520924,Downregulated
9774,28.3908857547523,Upregulated
9775,4.00382212134017,Upregulated
9776,4.34606565616325,Upregulated
9777,1.34964047878537,Unchanged
9778,2.16853058507222,Upregulated
9779,1.34964047878537,Unchanged
9780,0.00526600833914367,Unchanged
9781,0.0230733721729692,Downregulated
9782,0.0632483834886466,Downregulated
9783,1950642.01943631,Unchanged
9784,0.0290852989593954,Downregulated
9785,1950642.01943958,Unchanged
9786,1950642.01943961,Unchanged
9787,0.0535659013090789,Downregulated
9788,0.0535659013090789,Downregulated
9789,1950642.04305481,Unchanged
9790,0.232564463905005,Downregulated
9791,0.396765824595002,Downregulated
9792,0,Unchanged
9793,5190952.02724269,Unchanged
9794,1.05585356824188,Unchanged
9795,3.40002319412104,Upregulated
9796,3.13227851474842,Upregulated
9797,0.26902370346906,Downregulated
9798,0.0835434410521839,Downregulated
9799,0.0835434410521839,Downregulated
9800,0.128870195786416,Downregulated
9801,0.0940182005063854,Downregulated
9802,0.0288933572608278,Downregulated
9803,0,Unchanged
9804,680.329501223435,Upregulated
9805,0.0213800709113016,Downregulated
9806,0.00984339925323536,Unchanged
9807,0.162885278744686,Downregulated
9808,0.981291466697047,Unchanged
9809,17.3890937446597,Upregulated
9810,13451442.6119427,Unchanged
9811,13451442.6119427,Unchanged
9812,26973762.8497014,Unchanged
9813,0.958247904982604,Unchanged
9814,3.40002350795359,Upregulated
9815,0.551936873483593,Unchanged
9816,0.969240371142496,Unchanged
9817,0.969240371719359,Unchanged
9818,4.30038987126115,Upregulated
9819,4.300389871952,Upregulated
9820,4.59579981206017,Upregulated
9821,7.49396019098609,Upregulated
9822,1.40943907716574,Unchanged
9823,4.58627626531402,Upregulated
9824,4.58627626531402,Upregulated
9825,1.40943907716574,Unchanged
9826,3.44637680313286,Upregulated
9827,1.4123657533416,Unchanged
9828,1.11436443792701,Unchanged
9829,1.11436443792701,Unchanged
9830,0.343173675232766,Downregulated
9831,0.342462741889865,Downregulated
9832,1.078833521413,Unchanged
9833,1.07883254210117,Unchanged
9834,0.33154358086596,Downregulated
9835,1.07883327283721,Unchanged
9836,0.0124921328669342,Downregulated
9837,0.266957435024149,Downregulated
9838,0.0203818483101983,Downregulated
9839,0.0661845436779148,Downregulated
9840,0.0661845436779148,Downregulated
9841,0.0203818484580058,Downregulated
9842,0.0203818491159966,Downregulated
9843,0.0203818538266129,Downregulated
9844,0.066184527588474,Downregulated
9845,3.38641772186231,Upregulated
9846,1.0428641484308,Unchanged
9847,1.0428641484308,Unchanged
9848,3.38641772186231,Upregulated
9849,1.27991901461982,Unchanged
9850,0.394157414374696,Downregulated
9851,0.393340524195423,Downregulated
9852,0.394157399047276,Downregulated
9853,0.105851982227977,Downregulated
9854,3.48657410287754,Upregulated
9855,2.37672102939798,Upregulated
9856,7.7177557271375,Upregulated
9857,7.71775562773975,Upregulated
9858,1.41871095861953,Unchanged
9859,3.93967829489209,Upregulated
9860,2.37672170600024,Upregulated
9861,5.94884405490625,Upregulated
9862,5.94884405490625,Upregulated
9863,2.37672170600024,Upregulated
9864,2.37672170600024,Upregulated
9865,2.37672170600024,Upregulated
9866,7.71775333635995,Upregulated
9867,7.71775333635995,Upregulated
9868,2.37672170600024,Upregulated
9869,2.37672033186988,Upregulated
9870,2.37672170600024,Upregulated
9871,7.71775333635995,Upregulated
9872,7.71775333635995,Upregulated
9873,2.37672170600024,Upregulated
9874,4.55439538496575,Upregulated
9875,4.55439627088092,Upregulated
9876,2.37672099452158,Upregulated
9877,7.71775615960492,Upregulated
9878,7.71775615960492,Upregulated
9879,2.37672099452158,Upregulated
9880,2.37672032315078,Upregulated
9881,7.71775765449483,Upregulated
9882,7.71775765449483,Upregulated
9883,0.487154144084478,Downregulated
9884,0.0319743942317646,Downregulated
9885,0.188913292186838,Downregulated
9886,0.278500370724379,Downregulated
9887,0.0595631621890104,Downregulated
9888,1.1276785890188,Unchanged
9889,3.58639408662624,Upregulated
9890,3.67598116920107,Upregulated
9891,2.16994062554124,Upregulated
9892,0.40758739056301,Downregulated
9893,1.58351936660884,Unchanged
9894,0.0952725039726892,Downregulated
9895,1.1024305405907,Unchanged
9896,6.87061235383982,Upregulated
9897,0.102753853402186,Downregulated
9898,0.410903442716676,Downregulated
9899,0.0455685652235974,Downregulated
9900,1.34098261527184,Unchanged
9901,3.49573157496576,Upregulated
9902,2.11701674374046,Upregulated
9903,1.4519631125537,Unchanged
9904,1.04488460934102,Unchanged
9905,3.39297959574269,Upregulated
9906,3.39297959574269,Upregulated
9907,1.04488460934102,Unchanged
9908,0.58688747334631,Unchanged
9909,0.054425439374112,Downregulated
9910,0.0544254217239904,Downregulated
9911,0,Unchanged
9912,0.0544254217239904,Downregulated
9913,0.0544254217239904,Downregulated
9914,0.291165935768891,Downregulated
9915,2.52107849296275e-07,Unchanged
9916,0.934058320845334,Unchanged
9917,0.287647633044168,Downregulated
9918,0.287647633044168,Downregulated
9919,0.934058320845334,Unchanged
9920,0.934058320845334,Unchanged
9921,0.287647633044168,Downregulated
9922,0.287647633044168,Downregulated
9923,0.934058317468542,Unchanged
9924,0.934058317468542,Unchanged
9925,0.287647633044168,Downregulated
9926,0.287051583947816,Downregulated
9927,0.934057777181691,Unchanged
9928,0.934057472848239,Unchanged
9929,0.287647641908249,Downregulated
9930,0.934057773382799,Unchanged
9931,0.287647714509295,Downregulated
9932,0.287647809903692,Downregulated
9933,0.287647809903692,Downregulated
9934,0.287647809903692,Downregulated
9935,0.287647809903692,Downregulated
9936,0.934057963749494,Unchanged
9937,0.934057963749494,Unchanged
9938,0.287647809903692,Downregulated
9939,0.287647809903692,Downregulated
9940,0.934057966282089,Unchanged
9941,0.934057966282089,Unchanged
9942,0.287647809903692,Downregulated
9943,0.287647809903692,Downregulated
9944,0.934057991185936,Unchanged
9945,0.934057991185936,Unchanged
9946,0.287647809903692,Downregulated
9947,3712822.89275928,Unchanged
9948,3712822.96406593,Unchanged
9949,0,Unchanged
9950,0,Unchanged
9951,0.60907617124751,Unchanged
9952,0.280473655938237,Downregulated
9953,0.287051585477925,Downregulated
9954,0.287647539760266,Downregulated
9955,0.280473643041379,Downregulated
9956,0.287647539760266,Downregulated
9957,0.287051585477925,Downregulated
9958,0.287051585477925,Downregulated
9959,0.287647544844552,Downregulated
9960,0.280473643041379,Downregulated
9961,0.280473643041379,Downregulated
9962,11.2464440827292,Upregulated
9963,0.280473643041379,Downregulated
9964,11.2459271222192,Upregulated
9965,0.0373334948001251,Downregulated
9966,0.287647564242014,Downregulated
9967,0.0373334946517309,Downregulated
9968,0.287647637054109,Downregulated
9969,0.241718476331653,Downregulated
9970,1429024.6767626,Unchanged
9971,0.467028904736136,Downregulated
9972,0.934057543760888,Unchanged
9973,0.0392419490818599,Downregulated
9974,0.934057775928585,Unchanged
9975,0.0392419490818599,Downregulated
9976,0.934057739825921,Unchanged
9977,0.93405800342681,Unchanged
9978,0.467029019441567,Downregulated
9979,0.467029019441567,Downregulated
9980,0.467029019441567,Downregulated
9981,1429024.67676171,Unchanged
9982,1429024.69445124,Unchanged
9983,0.0213076530843891,Downregulated
9984,1429024.67676429,Unchanged
9985,0.935998132140562,Unchanged
9986,0.935998132140562,Unchanged
9987,4.56659849887438,Upregulated
9988,4.56659782665518,Upregulated
9989,0.27060252722512,Downregulated
9990,0.270602532402429,Downregulated
9991,8.8492792603808,Upregulated
9992,0,Unchanged
9993,0,Unchanged
9994,4.80986763515452,Upregulated
9995,4.80986772741836,Upregulated
9996,4.80986786072516,Upregulated
9997,0.270852844345484,Downregulated
9998,4.79968187361789,Upregulated
9999,4.79968209431889,Upregulated
10000,4.79968187361789,Upregulated
10001,1052385.4456837,Unchanged
10002,123.358480619806,Upregulated
10003,0,Unchanged
10004,123.358480619806,Upregulated
10005,5.06949597415843,Upregulated
10006,5.0694960637638,Upregulated
10007,3712825.32669851,Unchanged
10008,3712822.96406593,Unchanged
10009,0.341548632387899,Downregulated
10010,2.24591724366319e-06,Unchanged
10011,3.23601126605596e-08,Unchanged
10012,0.128093594167286,Downregulated
10013,0.128093590182491,Downregulated
10014,1.37870791860737,Unchanged
10015,0.10864237120689,Downregulated
10016,0.100565511498717,Downregulated
10017,0.00436055599382846,Unchanged
10018,1.40143575277507,Unchanged
10019,0.0116972982566608,Downregulated
10020,0.0479732708673669,Downregulated
10021,0.0891505600908106,Downregulated
10022,0.0891505600908106,Downregulated
10023,0,Unchanged
10024,0.00338491105854505,Unchanged
10025,0.0891556455445785,Downregulated
10026,9.63993007077409e-05,Unchanged
10027,0.108642371703384,Downregulated
10028,0.108356895570633,Downregulated
10029,14010214.284643,Unchanged
10030,0.107246567275053,Downregulated
10031,0.107246561774654,Downregulated
10032,0.10706359534667,Downregulated
10033,0.00269056442363199,Unchanged
10034,0.00269056442363199,Unchanged
10035,0.00269056442363199,Unchanged
10036,0.00488319607956039,Unchanged
10037,1.36450256441535,Unchanged
10038,0.012432445235738,Downregulated
10039,0.106970852082158,Downregulated
10040,0.00731655106319748,Unchanged
10041,0.0086103058357179,Unchanged
10042,0.108093892340232,Downregulated
10043,0.107246566440192,Downregulated
10044,0,Unchanged
10045,0.00899876555081742,Unchanged
10046,0.125827226270903,Downregulated
10047,0,Unchanged
10048,0,Unchanged
10049,0,Unchanged
10050,0.0913815427837112,Downregulated
10051,0,Unchanged
10052,1.96837493893492e-07,Unchanged
10053,1.97246218662754e-07,Unchanged
10054,7.77309118120684e-09,Unchanged
10055,7.77309118120684e-09,Unchanged
10056,2.34328998789911e-07,Unchanged
10057,0,Unchanged
10058,0.000963110514696822,Unchanged
10059,0,Unchanged
10060,0,Unchanged
10061,0,Unchanged
10062,0,Unchanged
10063,441813.372064037,Unchanged
10064,0,Unchanged
10065,0,Unchanged
10066,531.012213823624,Upregulated
10067,4157825.58662435,Unchanged
10068,15689414.6067579,Unchanged
10069,5410623.39469877,Unchanged
10070,0.0162234532754596,Downregulated
10071,0.0162652690484307,Downregulated
10072,0.804932136023242,Unchanged
10073,0.014260662477295,Downregulated
10074,1.9381829876499,Unchanged
10075,1.9381829876499,Unchanged
10076,1.9381829876499,Unchanged
10077,1.9381829876499,Unchanged
10078,3.94526607248299,Upregulated
10079,3.94526607248299,Upregulated
10080,4.04614557538907,Upregulated
10081,4.04614557538907,Upregulated
10082,3.94526614532561,Upregulated
10083,3.94526614532561,Upregulated
10084,3.94526614532561,Upregulated
10085,3.94526614532561,Upregulated
10086,1.64800976870733,Unchanged
10087,1.64800976870733,Unchanged
10088,1.64367941144615,Unchanged
10089,1.64367941144615,Unchanged
10090,1529566.5888014,Unchanged
10091,3.34581434105153,Upregulated
10092,14.2455863347274,Upregulated
10093,5.74730900355981,Upregulated
10094,1.66449803539726,Unchanged
10095,1.66449803539726,Unchanged
10096,11.8533400357042,Upregulated
10097,6.76868955148605,Upregulated
10098,11.8533434307083,Upregulated
10099,2.76736664335274,Upregulated
10100,2.76736651100312,Upregulated
10101,3.9418108827493,Upregulated
10102,3.93167746833129,Upregulated
10103,3.93167746833129,Upregulated
10104,3.93167746833129,Upregulated
10105,3.93512573882866,Upregulated
10106,3.93490158098366,Upregulated
10107,3.93490158098366,Upregulated
10108,3.93490158098366,Upregulated
10109,1.62221135322259,Unchanged
10110,1.62221135322259,Unchanged
10111,1.62221135322259,Unchanged
10112,1.62230376503864,Unchanged
10113,1.14872709604417,Unchanged
10114,1.14872709604417,Unchanged
10115,1.14872709604417,Unchanged
10116,1.14872709604417,Unchanged
10117,2.07912627929178,Upregulated
10118,2.07912627929178,Upregulated
10119,2.07912627929178,Upregulated
10120,2.07900784534654,Upregulated
10121,2.07469919981023,Upregulated
10122,2.42771357858657,Upregulated
10123,2.42771357858657,Upregulated
10124,4.95290486069869,Upregulated
10125,4.95290932362371,Upregulated
10126,1.66531402728192,Unchanged
10127,1.66531402728192,Unchanged
10128,3.33081795304776,Upregulated
10129,3.33081795304776,Upregulated
10130,1.48592749223929,Unchanged
10131,35.0976877193291,Upregulated
10132,0,Unchanged
10133,2.73183095150704,Upregulated
10134,5.44961593198204,Upregulated
10135,5.44961593198204,Upregulated
10136,0,Unchanged
10137,0,Unchanged
10138,0,Unchanged
10139,0,Unchanged
10140,0,Unchanged
10141,0,Unchanged
10142,0,Unchanged
10143,0,Unchanged
10144,0,Unchanged
10145,0,Unchanged
10146,0,Unchanged
10147,0,Unchanged
10148,1922714.75834613,Unchanged
10149,65294.6370951776,Unchanged
10150,1004197.73044944,Unchanged
10151,0.0714088052666958,Downregulated
10152,4.12994014593781,Upregulated
10153,0.015154917906246,Downregulated
10154,0.0100884380364249,Downregulated
10155,197353.52403244,Unchanged
10156,0.296661984253425,Downregulated
10157,0.216793504985675,Downregulated
10158,0.695067268895701,Unchanged
10159,10.9394037963705,Upregulated
10160,0.020826972365345,Downregulated
10161,13.9730395852312,Upregulated
10162,0.0104967917792133,Downregulated
10163,0.00324900178230942,Unchanged
10164,1.19248291298391e-07,Unchanged
10165,0,Unchanged
10166,0,Unchanged
10167,0,Unchanged
10168,0.388390482428454,Downregulated
10169,20.6461611899706,Upregulated
10170,22.0378154394649,Upregulated
10171,0.318437761011756,Downregulated
10172,1.99940299321753,Unchanged
10173,0.230978512859263,Downregulated
10174,2.44107626441237,Upregulated
10175,0,Unchanged
10176,2.42361730987835,Upregulated
10177,3.26838249342957,Upregulated
10178,0.129555569222373,Downregulated
10179,9.27880194696803,Upregulated
10180,34.5337608406653,Upregulated
10181,0.0379092316746584,Downregulated
10182,112121914.734268,Unchanged
10183,2.81599427125911e-07,Unchanged
10184,8.0072261798789,Upregulated
10185,0.304524719810539,Downregulated
10186,6.37736098423634,Upregulated
10187,0.962900697325469,Unchanged
10188,0.106174121433857,Downregulated
10189,1.69250052542128,Unchanged
10190,1.66954364021359,Unchanged
10191,0,Unchanged
10192,0.0286882613692792,Downregulated
10193,0,Unchanged
10194,0,Unchanged
10195,2.32491953805159,Upregulated
10196,0.0787201511920292,Downregulated
10197,2.43239663940443,Upregulated
10198,0.0965505163708539,Downregulated
10199,0.0127881010319853,Downregulated
10200,0.0818497318003176,Downregulated
10201,0,Unchanged
10202,0,Unchanged
10203,0,Unchanged
10204,1.21130488850454,Unchanged
10205,0,Unchanged
10206,0,Unchanged
10207,0,Unchanged
10208,0,Unchanged
10209,0,Unchanged
10210,0,Unchanged
10211,0,Unchanged
10212,0,Unchanged
10213,0,Unchanged
10214,0,Unchanged
10215,0,Unchanged
10216,0,Unchanged
10217,0,Unchanged
10218,0,Unchanged
10219,0,Unchanged
10220,0,Unchanged
10221,1.60793020647341,Unchanged
10222,22.0083817788151,Upregulated
10223,0.000929514345724319,Unchanged
10224,1.98429332909573,Unchanged
10225,0.00271778962232435,Unchanged
10226,163762563.135554,Unchanged
10227,269643273.950414,Unchanged
10228,163762563.135554,Unchanged
10229,0,Unchanged
10230,52066744.483691,Unchanged
10231,3.27801197861856,Upregulated
10232,5.04352955432036,Upregulated
10233,5.04352953239619,Upregulated
10234,5.05681707271615,Upregulated
10235,3.11076449064423,Upregulated
10236,0.203878924368174,Downregulated
10237,0.0087371391734891,Unchanged
10238,0.273347021917329,Downregulated
10239,0.22394060458297,Downregulated
10240,0.223658697390485,Downregulated
10241,0,Unchanged
10242,0,Unchanged
10243,0.0627185152573688,Downregulated
10244,0.781600711639178,Unchanged
10245,3.72110117622778,Upregulated
10246,0.0892075555811421,Downregulated
10247,0.0130562769715425,Downregulated
10248,0.361349006185619,Downregulated
10249,0.398007340065631,Downregulated
10250,0.127963053151066,Downregulated
10251,4.05239485507927,Upregulated
10252,16.8861516838658,Upregulated
10253,0.00706747155350957,Unchanged
10254,0.13146573886231,Downregulated
10255,0.110739540850835,Downregulated
10256,44.8440930884895,Upregulated
10257,0,Unchanged
10258,0.0438178008858428,Downregulated
10259,0.0450048049742781,Downregulated
10260,0.0555173134077026,Downregulated
10261,0.0450048061943589,Downregulated
10262,0.0384641414798106,Downregulated
10263,0.333237931634188,Downregulated
10264,0.125555260966098,Downregulated
10265,0.257703552869593,Downregulated
10266,0.0111403653657116,Downregulated
10267,0.114891433960584,Downregulated
10268,2.16044540898138,Upregulated
10269,3.54312810671948,Upregulated
10270,5.85301423481567,Upregulated
10271,29.6610479734422,Upregulated
10272,32.674807821828,Upregulated
10273,29.0971727292553,Upregulated
10274,0.0991095554439844,Downregulated
10275,0.36134899794694,Downregulated
10276,3.65422703181642,Upregulated
10277,3.6636457981359,Upregulated
10278,0.00435720488587436,Unchanged
10279,3.55014555316482,Upregulated
10280,3.53381837062776,Upregulated
10281,3.51156456922519,Upregulated
10282,3.51156433984576,Upregulated
10283,7.81056847633566,Upregulated
10284,7.81056844484405,Upregulated
10285,0,Unchanged
10286,0.181933015613211,Downregulated
10287,0.181933019861187,Downregulated
10288,0.181933013900675,Downregulated
10289,0.0850661769244917,Downregulated
10290,0.256330417335189,Downregulated
10291,0.203466560056528,Downregulated
10292,0.256330403923794,Downregulated
10293,0.0850661409821046,Downregulated
10294,0.100044225167628,Downregulated
10295,0.100044225247823,Downregulated
10296,1.93605925316873,Unchanged
10297,0,Unchanged
10298,0,Unchanged
10299,0.165139759345568,Downregulated
10300,0.234399641051857,Downregulated
10301,0.234399641051857,Downregulated
10302,0,Unchanged
10303,0,Unchanged
10304,26.457467060463,Upregulated
10305,0.557731125823217,Unchanged
10306,0.0631783328973987,Downregulated
10307,0.0631783328973987,Downregulated
10308,26.457467060463,Upregulated
10309,0,Unchanged
10310,0,Unchanged
10311,0,Unchanged
10312,0,Unchanged
10313,0,Unchanged
10314,0,Unchanged
10315,0,Unchanged
10316,0,Unchanged
10317,0,Unchanged
10318,0,Unchanged
10319,0,Unchanged
10320,0,Unchanged
10321,47252392.834374,Unchanged
10322,0,Unchanged
10323,0,Unchanged
10324,0,Unchanged
10325,0,Unchanged
10326,0,Unchanged
10327,0,Unchanged
10328,0,Unchanged
10329,0,Unchanged
10330,0,Unchanged
10331,0,Unchanged
10332,0,Unchanged
10333,0,Unchanged
10334,2.34882494750597,Upregulated
10335,2.34882524947207,Upregulated
10336,0.0530806386976877,Downregulated
10337,17.3123721990318,Upregulated
10338,0.030388823197803,Downregulated
10339,0.030388823197803,Downregulated
10340,0,Unchanged
10341,0,Unchanged
10342,0,Unchanged
10343,0.0480138259999329,Downregulated
10344,0.0116601470326753,Downregulated
10345,0.261345006963578,Downregulated
10346,0.374771719348392,Downregulated
10347,0.430758665408371,Downregulated
10348,0.430758665408371,Downregulated
10349,0.433357311707218,Downregulated
10350,0.433357311707218,Downregulated
10351,0,Unchanged
10352,0.0477380693441227,Downregulated
10353,0.175286916015416,Downregulated
10354,0,Unchanged
10355,0,Unchanged
10356,0.461584508629788,Downregulated
10357,0.467533408014469,Downregulated
10358,4.47191775388952,Upregulated
10359,0.492491048001041,Downregulated
10360,0.492491039812446,Downregulated
10361,0.492911168357932,Downregulated
10362,6.41968490835937,Upregulated
10363,1.54800165805934,Unchanged
10364,13.4442301661462,Upregulated
10365,0,Unchanged
10366,6.70445176734457,Upregulated
10367,0,Unchanged
10368,6.70445176734457,Upregulated
10369,0.462564241460196,Downregulated
10370,0.028550712622766,Downregulated
10371,0.0334442339100138,Downregulated
10372,0.460329355680061,Downregulated
10373,4.01000479076039,Upregulated
10374,0,Unchanged
10375,1.13230567949721,Unchanged
10376,0,Unchanged
10377,0.0488644429568218,Downregulated
10378,0.0183048555433922,Downregulated
10379,0.00476510667463031,Unchanged
10380,0.00476510658071576,Unchanged
10381,0.0183048561287949,Downregulated
10382,0,Unchanged
10383,0,Unchanged
10384,0,Unchanged
10385,0,Unchanged
10386,0,Unchanged
10387,6.88497903076761,Upregulated
10388,1.65384441565543,Unchanged
10389,0.314024053326002,Downregulated
10390,0,Unchanged
10391,2.81599427098995e-07,Unchanged
10392,0.273342168758864,Downregulated
10393,0,Unchanged
10394,1.10051707093813,Unchanged
10395,0.369064315086197,Downregulated
10396,0.369064222520685,Downregulated
10397,0,Unchanged
10398,0,Unchanged
10399,0,Unchanged
10400,16.566350316895,Upregulated
10401,66.4595361494971,Upregulated
10402,66.4595361494971,Upregulated
10403,66.4595361494971,Upregulated
10404,61.3187478300283,Upregulated
10405,61.3187478300283,Upregulated
10406,61.3187478300283,Upregulated
10407,0.838685303480925,Unchanged
10408,1.71188695114585,Unchanged
10409,0,Unchanged
10410,16.566350316895,Upregulated
10411,0.0199281453262214,Downregulated
10412,0,Unchanged
10413,0,Unchanged
10414,2.81352667259288e-07,Unchanged
10415,0,Unchanged
10416,2.81352667259288e-07,Unchanged
10417,2.81352667259288e-07,Unchanged
10418,2.81352667259288e-07,Unchanged
10419,2.81352667259288e-07,Unchanged
10420,0,Unchanged
10421,0,Unchanged
10422,0.445115353348002,Downregulated
10423,3.77005523363705e-07,Unchanged
10424,0.66918656183147,Unchanged
10425,0.0127768985888394,Downregulated
10426,2.81352667259288e-07,Unchanged
10427,2.81352667259288e-07,Unchanged
10428,0.0112866966905444,Downregulated
10429,0.478435760625139,Downregulated
10430,8.51490294554338,Upregulated
10431,0.0287864801263564,Downregulated
10432,0,Unchanged
10433,0.0213159231683814,Downregulated
10434,0,Unchanged
10435,0.216984219984389,Downregulated
10436,0,Unchanged
10437,0,Unchanged
10438,0,Unchanged
10439,0,Unchanged
10440,0.253923338549761,Downregulated
10441,0,Unchanged
10442,0.35525651758201,Downregulated
10443,0.154683922903671,Downregulated
10444,0.378864904481688,Downregulated
10445,0.84105408563497,Unchanged
10446,1.73554485460372,Unchanged
10447,4.39997962073043e-06,Unchanged
10448,3.04668543835822e-06,Unchanged
10449,0.581814271342972,Unchanged
10450,0,Unchanged
10451,0.00300537826072799,Unchanged
10452,0.00300537826072799,Unchanged
10453,0.398738486186459,Downregulated
10454,5.21094510561856e-07,Unchanged
10455,0,Unchanged
10456,2.47390967234292,Upregulated
10457,0.447877190664145,Downregulated
10458,5.07799314139789,Upregulated
10459,5.3852861436548,Upregulated
10460,0.217211000121184,Downregulated
10461,0,Unchanged
10462,61478735.9588691,Unchanged
10463,10.1939059257623,Upregulated
10464,12.2492591125044,Upregulated
10465,15.4665851771587,Upregulated
10466,0.0238113598035648,Downregulated
10467,0,Unchanged
10468,4.21512799167829,Upregulated
10469,0,Unchanged
10470,0,Unchanged
10471,1.55642336171455,Unchanged
10472,6.71033442304437e-06,Unchanged
10473,0,Unchanged
10474,14.0400314656501,Upregulated
10475,3.58247269977675,Upregulated
10476,3.58247265189288,Upregulated
10477,7.05227751019852,Upregulated
10478,0.0197924546304871,Downregulated
10479,0,Unchanged
10480,0,Unchanged
10481,0,Unchanged
10482,1.25893334877978,Unchanged
10483,0,Unchanged
10484,0,Unchanged
10485,1.25893334877978,Unchanged
10486,0,Unchanged
10487,0,Unchanged
10488,0,Unchanged
10489,0,Unchanged
10490,0,Unchanged
10491,0,Unchanged
10492,0,Unchanged
10493,0,Unchanged
10494,0,Unchanged
10495,2.55024806148333e-07,Unchanged
10496,2.55024788552543e-07,Unchanged
10497,0,Unchanged
10498,7.38552359229921e-05,Unchanged
10499,7.38552326206485e-05,Unchanged
10500,0.0199040669378996,Downregulated
10501,7.38568496778771e-05,Unchanged
10502,7.38569103414595e-05,Unchanged
10503,3.58247269564287,Upregulated
10504,0,Unchanged
10505,0.0724743573940087,Downregulated
10506,0.0246499857476518,Downregulated
10507,0.338181315272646,Downregulated
10508,2.51576174036927e-07,Unchanged
10509,0,Unchanged
10510,0,Unchanged
10511,1.01424849193612,Unchanged
10512,0.0706176964748535,Downregulated
10513,1.13171887913798e-05,Unchanged
10514,1.13171617316924e-05,Unchanged
10515,3.58247263597992,Upregulated
10516,0,Unchanged
10517,1.25562540585918,Unchanged
10518,4.61871605724694,Upregulated
10519,0,Unchanged
10520,0.0184921488384756,Downregulated
10521,1.1317188877958e-05,Unchanged
10522,0,Unchanged
10523,1.13166795255473e-05,Unchanged
10524,0,Unchanged
10525,0,Unchanged
10526,4.58490407747704,Upregulated
10527,29.6738359827914,Upregulated
10528,3.5824726301802,Upregulated
10529,0,Unchanged
10530,0,Unchanged
10531,2.51576167613621e-07,Unchanged
10532,0.107879037894318,Downregulated
10533,2.51576173013746e-07,Unchanged
10534,5.67759662823371e-07,Unchanged
10535,2.51576174036927e-07,Unchanged
10536,0.225425667272166,Downregulated
10537,0.225425665191055,Downregulated
10538,0,Unchanged
10539,0,Unchanged
10540,0.376527718392271,Downregulated
10541,3.06231438212663,Upregulated
10542,1.01424847195044,Unchanged
10543,1.01424842624241,Unchanged
10544,1.01424847195044,Unchanged
10545,0,Unchanged
10546,0,Unchanged
10547,0,Unchanged
10548,3.58247253919722,Upregulated
10549,0,Unchanged
10550,0,Unchanged
10551,0,Unchanged
10552,48.2403471833627,Upregulated
10553,48.2403451777876,Upregulated
10554,48.2403471833627,Upregulated
10555,48.2403471833627,Upregulated
10556,54.8291797838089,Upregulated
10557,0,Unchanged
10558,435.384523954346,Upregulated
10559,7.97336024007133,Upregulated
10560,1.27291276569883,Unchanged
10561,24.0381726411266,Upregulated
10562,0.00292719119393315,Unchanged
10563,0,Unchanged
10564,42275015.1223816,Unchanged
10565,15.2226475762323,Upregulated
10566,42275018.3880917,Unchanged
10567,423.187284212014,Upregulated
10568,4.69167093206888,Upregulated
10569,0,Unchanged
10570,0,Unchanged
10571,6623.7098539186,Upregulated
10572,0,Unchanged
10573,0,Unchanged
10574,0,Unchanged
10575,0,Unchanged
10576,449.180412044958,Upregulated
10577,11.843044187898,Upregulated
10578,0,Unchanged
10579,11.5745286529451,Upregulated
10580,130630256.964312,Unchanged
10581,146865701.605439,Unchanged
10582,186702440.10258,Unchanged
10583,186702440.10258,Unchanged
10584,205282917.808819,Unchanged
10585,24.790489219861,Upregulated
10586,4031576.02596168,Unchanged
10587,0.0871387913178404,Downregulated
10588,8.98422280159847,Upregulated
10589,1.16825565617294e-07,Unchanged
10590,0.0217019984582856,Downregulated
10591,0,Unchanged
10592,1.47002551670994e-06,Unchanged
10593,20.9333265262283,Upregulated
10594,0.412637698236698,Downregulated
10595,0,Unchanged
10596,280701.051064112,Unchanged
10597,0,Unchanged
10598,8.46573806976355e-07,Unchanged
10599,0,Unchanged
10600,0.163100331888867,Downregulated
10601,0,Unchanged
10602,7908765.66140331,Unchanged
10603,0.138093168144669,Downregulated
10604,0,Unchanged
10605,0.0111431020092865,Downregulated
10606,5469521894.81013,Unchanged
10607,0,Unchanged
10608,0,Unchanged
10609,0,Unchanged
10610,0,Unchanged
10611,0.315706222943953,Downregulated
10612,0.270867176829235,Downregulated
10613,0,Unchanged
10614,130508.265916066,Unchanged
10615,1073543.95485725,Unchanged
10616,1250291.68984679,Unchanged
10617,1250291.70779637,Unchanged
10618,0,Unchanged
10619,0,Unchanged
10620,30.5153666655719,Upregulated
10621,270761.53745854,Unchanged
10622,0.028408141913262,Downregulated
10623,0,Unchanged
10624,0.0229526180104576,Downregulated
10625,0.12235533229223,Downregulated
10626,27.6470404700327,Upregulated
10627,0.840730382290854,Unchanged
10628,0,Unchanged
10629,0.853604788714256,Unchanged
10630,60779563015.7462,Unchanged
10631,0,Unchanged
10632,0,Unchanged
10633,0.0369354142927915,Downregulated
10634,5.36393667610765,Upregulated
10635,29.5847951955048,Upregulated
10636,3.53434482243735e-05,Unchanged
10637,8.99831197171036e-05,Unchanged
10638,1.48303953590058,Unchanged
10639,0,Unchanged
10640,0,Unchanged
10641,0.217377382568155,Downregulated
10642,0.0620531306595483,Downregulated
10643,0.0322884083271984,Downregulated
10644,0,Unchanged
10645,17.8629553373746,Upregulated
10646,0,Unchanged
10647,0,Unchanged
10648,0,Unchanged
10649,0.371014839421171,Downregulated
10650,0,Unchanged
10651,17.7980150221154,Upregulated
10652,0.685055272251624,Unchanged
10653,2.97077985578992,Upregulated
10654,70.0842204816928,Upregulated
10655,4.70392466363063,Upregulated
10656,4.33484002553143,Upregulated
10657,0.0101110121353565,Downregulated
10658,19.8504513248538,Upregulated
10659,1.13720394466268e-05,Unchanged
10660,0,Unchanged
10661,0.155761055468444,Downregulated
10662,0.151692288928203,Downregulated
10663,0.760457883652203,Unchanged
10664,2.06658092811088,Upregulated
10665,0.155650398174607,Downregulated
10666,0.155847798644999,Downregulated
10667,0.151485584643965,Downregulated
10668,0.151692286094949,Downregulated
10669,0.876964713544437,Unchanged
10670,0.781920503810429,Unchanged
10671,14.2143584703858,Upregulated
10672,6.32378242077148,Upregulated
10673,14.2143589461834,Upregulated
10674,2.52822687410089,Upregulated
10675,0.0797623120225496,Downregulated
10676,0.15597353614183,Downregulated
10677,0.155973540002571,Downregulated
10678,0.779865898576937,Unchanged
10679,0.781920485279537,Unchanged
10680,0.685055268082927,Unchanged
10681,0.68505524359939,Unchanged
10682,0.252371700584323,Downregulated
10683,0.0968652251122415,Downregulated
10684,0.25303659794163,Downregulated
10685,7767153.63281192,Unchanged
10686,3266079.79613651,Unchanged
10687,0.252512264650994,Downregulated
10688,0.973629228772116,Unchanged
10689,0.87696477979911,Unchanged
10690,0.933688122900067,Unchanged
10691,1.03495742041509,Unchanged
10692,0.523667693852021,Unchanged
10693,0.523667663957719,Unchanged
10694,0.679839091650619,Unchanged
10695,0.678052570522941,Unchanged
10696,0.522291535794705,Unchanged
10697,0.551757502165898,Unchanged
10698,2.97078079234805,Upregulated
10699,2.96314236910592,Upregulated
10700,2.96462361631259,Upregulated
10701,38345454.9363391,Unchanged
10702,39595746.2113448,Unchanged
10703,2.9707795894718,Upregulated
10704,0.8412266296448,Unchanged
10705,0.936147699542693,Unchanged
10706,0.155438210312125,Downregulated
10707,0.522321244166261,Unchanged
10708,0.156171366680569,Downregulated
10709,0.155650438941896,Downregulated
10710,2013234.53202216,Unchanged
10711,0.0779867526481868,Downregulated
10712,0.300876504877166,Downregulated
10713,0.261833680307239,Downregulated
10714,0.697863525434403,Unchanged
10715,0,Unchanged
10716,0,Unchanged
10717,32890813.1259778,Unchanged
10718,18050306.0798274,Unchanged
10719,65781626.2519555,Unchanged
10720,37205513.4054202,Unchanged
10721,0.699215847774588,Unchanged
10722,1.27409356385893,Unchanged
10723,0,Unchanged
10724,67726.5505337423,Unchanged
10725,3388729.61948969,Unchanged
10726,261016.531832131,Unchanged
10727,28480221.1728633,Unchanged
10728,28480222.4955581,Unchanged
10729,28480222.4955581,Unchanged
10730,382497195.293008,Unchanged
10731,382497195.293008,Unchanged
10732,27989725.2660571,Unchanged
10733,7043032.00706367,Unchanged
10734,45952320305.6241,Unchanged
10735,15.8516847588003,Upregulated
10736,56064748.8753316,Unchanged
10737,0,Unchanged
10738,21.03536923724,Upregulated
10739,3061985.32227672,Unchanged
10740,0.746601144445198,Unchanged
10741,193.665419708918,Upregulated
10742,0,Unchanged
10743,0.876041953553982,Unchanged
10744,0,Unchanged
10745,0,Unchanged
10746,0,Unchanged
10747,0,Unchanged
10748,0.526921715409883,Unchanged
10749,21.7651747590694,Upregulated
10750,0,Unchanged
10751,0,Unchanged
10752,0,Unchanged
10753,0,Unchanged
10754,0,Unchanged
10755,0.109735685972321,Downregulated
10756,0.109735685972321,Downregulated
10757,7.74815041156733e-09,Unchanged
10758,0,Unchanged
10759,0,Unchanged
10760,0,Unchanged
10761,3.53206262339231,Upregulated
10762,0.449876449675963,Downregulated
10763,0,Unchanged
10764,46683546.7264208,Unchanged
10765,0,Unchanged
10766,0.277712503330954,Downregulated
10767,2.60203155529454,Upregulated
10768,0.396949879248308,Downregulated
10769,0.27771252622575,Downregulated
10770,0.491586257533146,Downregulated
10771,0,Unchanged
10772,0,Unchanged
10773,40321.8361800723,Unchanged
10774,0,Unchanged
10775,0,Unchanged
10776,0.418352956271439,Downregulated
10777,5.9582692693206,Upregulated
10778,0.417433548579758,Downregulated
10779,0.0422227704586808,Downregulated
10780,0.0320225840580881,Downregulated
10781,0,Unchanged
10782,0,Unchanged
10783,0.00558024523492279,Unchanged
10784,809.927860799113,Upregulated
10785,0,Unchanged
10786,0.0458698802471428,Downregulated
10787,0.533620132142111,Unchanged
10788,3.00092685639845,Upregulated
10789,1.18958540596841,Unchanged
10790,0,Unchanged
10791,1.75779401488339e-07,Unchanged
10792,0.360090731507461,Downregulated
10793,0.0211502298386271,Downregulated
10794,0,Unchanged
10795,0,Unchanged
10796,0,Unchanged
10797,0,Unchanged
10798,0,Unchanged
10799,16.9708254161131,Upregulated
10800,81414.6411492396,Unchanged
10801,0,Unchanged
10802,0,Unchanged
10803,0.395062001613747,Downregulated
10804,10.5030134641399,Upregulated
10805,0.00548713522160284,Unchanged
10806,0,Unchanged
10807,62093069.6219077,Unchanged
10808,0,Unchanged
10809,2.61639790114182,Upregulated
10810,5.19452613709035,Upregulated
10811,0,Unchanged
10812,0.541728406973664,Unchanged
10813,26.3773612571436,Upregulated
10814,0,Unchanged
10815,3.9217707550468,Upregulated
10816,3.14228453735295,Upregulated
10817,27.4761493604501,Upregulated
10818,0.288647338273844,Downregulated
10819,8.02545501061419,Upregulated
10820,55.3430947414566,Upregulated
10821,0,Unchanged
10822,0,Unchanged
10823,0,Unchanged
10824,0,Unchanged
10825,0,Unchanged
10826,0,Unchanged
10827,17.216809886418,Upregulated
10828,613181.947396446,Unchanged
10829,0,Unchanged
10830,0,Unchanged
10831,0,Unchanged
10832,0,Unchanged
10833,0,Unchanged
10834,0,Unchanged
10835,0,Unchanged
10836,0,Unchanged
10837,0,Unchanged
10838,218.980919336519,Upregulated
10839,0.796663873122494,Unchanged
10840,1.22811437005099e-07,Unchanged
10841,0.0651956182486478,Downregulated
10842,9.15062827599388,Upregulated
10843,1.65750434789929,Unchanged
10844,2173699.81366823,Unchanged
10845,86.6323266248909,Upregulated
10846,490149.657656027,Unchanged
10847,0,Unchanged
10848,0.211638559575364,Downregulated
10849,1.69256692334469,Unchanged
10850,0,Unchanged
10851,1.69608102473613,Unchanged
10852,2.03805454298122,Upregulated
10853,6.25946186881727,Upregulated
10854,6.86219136407391,Upregulated
10855,10.8810999630772,Upregulated
10856,93.7509282608148,Upregulated
10857,257.249042475354,Upregulated
10858,57.5665683932261,Upregulated
10859,0.0638320157248333,Downregulated
10860,1.03891540209345,Unchanged
10861,0,Unchanged
10862,187.794765585376,Upregulated
10863,456.911589800138,Upregulated
10864,0.0120229364870658,Downregulated
10865,4.11352442984253,Upregulated
10866,0.701504316481929,Unchanged
10867,0.172242736319517,Downregulated
10868,0,Unchanged
10869,254.896007059373,Upregulated
10870,0,Unchanged
10871,12.1427097905394,Upregulated
10872,0.656280519830404,Unchanged
10873,0.241720978156876,Downregulated
10874,0,Unchanged
10875,0,Unchanged
10876,0.543376233759535,Unchanged
10877,0,Unchanged
10878,0.037017208746739,Downregulated
10879,0,Unchanged
10880,1.89000597068924,Unchanged
10881,1.99701277606748e-07,Unchanged
10882,59.4163159786968,Upregulated
10883,0,Unchanged
10884,1.3003478400022,Unchanged
10885,0.235107418894352,Downregulated
10886,0,Unchanged
10887,174.361608998117,Upregulated
10888,1090.4023190802,Upregulated
10889,13.1110178803652,Upregulated
10890,7.9297536778322,Upregulated
10891,7.60041050659861,Upregulated
10892,9.27741974131102,Upregulated
10893,0.333364931607887,Downregulated
10894,10.2393994330271,Upregulated
10895,168.478983989945,Upregulated
10896,1259.22740909175,Upregulated
10897,109.754948601775,Upregulated
10898,0,Unchanged
10899,13.4043633735034,Upregulated
10900,14.7383557918174,Upregulated
10901,413.49069467993,Upregulated
10902,28.1383089732607,Upregulated
10903,59.3374719655713,Upregulated
10904,31.3893879787193,Upregulated
10905,11.2442328486481,Upregulated
10906,10.9377042610161,Upregulated
10907,0,Unchanged
10908,0,Unchanged
10909,0,Unchanged
10910,19.1137823629882,Upregulated
10911,13.7469654417427,Upregulated
10912,19.1137823663696,Upregulated
10913,13.7469654575298,Upregulated
10914,52.3620799672991,Upregulated
10915,231.257149916349,Upregulated
10916,231.257149916349,Upregulated
10917,0,Unchanged
10918,8.40441538118555,Upregulated
10919,4.88011956497014,Upregulated
10920,0,Unchanged
10921,0.201254330425846,Downregulated
10922,0.00791573073970764,Unchanged
10923,0.0614375511258261,Downregulated
10924,0.214080677779219,Downregulated
10925,22.5088673379106,Upregulated
10926,5.25032220006888,Upregulated
10927,0,Unchanged
10928,82.4471147119725,Upregulated
10929,26922.2876097092,Unchanged
10930,0.0277157256782377,Downregulated
10931,2.62516109378988,Upregulated
10932,0.190863469246486,Downregulated
10933,0,Unchanged
10934,428812.618314496,Unchanged
10935,0.0172545415788134,Downregulated
10936,0.00105264526291094,Unchanged
10937,5.47477141528124e-07,Unchanged
10938,16.6874063971927,Upregulated
10939,16.415419392731,Upregulated
10940,0.000345260307989158,Unchanged
10941,0,Unchanged
10942,0,Unchanged
10943,0.0126344695761146,Downregulated
10944,10.0202153788906,Upregulated
10945,10.9906521683058,Upregulated
10946,55808271.6672099,Unchanged
10947,60716088.6198411,Unchanged
10948,1360.17128354395,Upregulated
10949,2.60979351498022,Upregulated
10950,0,Unchanged
10951,5.8154741208332e-06,Unchanged
10952,0,Unchanged
10953,3.96189846583183e-08,Unchanged
10954,0.0412166303185922,Downregulated
10955,0.137982843082573,Downregulated
10956,56.7257225838731,Upregulated
10957,0.00105086478414502,Unchanged
10958,0.103724725319031,Downregulated
10959,28361709.8080533,Unchanged
10960,0,Unchanged
10961,0,Unchanged
10962,0,Unchanged
10963,0.149277107870595,Downregulated
10964,52.3040136032554,Upregulated
10965,4.34668682808876,Upregulated
10966,74987477.2406884,Unchanged
10967,1.34018442832988,Unchanged
10968,0,Unchanged
10969,0,Unchanged
10970,0.132238017450188,Downregulated
10971,0,Unchanged
10972,0,Unchanged
10973,0,Unchanged
10974,0,Unchanged
10975,22.4975345501577,Upregulated
10976,382.773089274677,Upregulated
10977,55.6473906191973,Upregulated
10978,8.36870122565251,Upregulated
10979,60716088.6198411,Unchanged
10980,0,Unchanged
10981,0,Unchanged
10982,6.504719479046,Upregulated
10983,0.891500171509158,Unchanged
10984,0.889612277444956,Unchanged
10985,19.8426058509682,Upregulated
10986,0.100910903351825,Downregulated
10987,0,Unchanged
10988,1.26793833313656,Unchanged
10989,0.346896992753369,Downregulated
10990,0.467216387204747,Downregulated
10991,0.0279193342479258,Downregulated
10992,3164109.71615789,Unchanged
10993,0,Unchanged
10994,0,Unchanged
10995,0.00766600444750513,Unchanged
10996,0.0148167923203997,Downregulated
10997,0,Unchanged
10998,0,Unchanged
10999,0.00901865355521445,Unchanged
11000,0.241369314881338,Downregulated
11001,0.264352601000812,Downregulated
11002,0,Unchanged
11003,0,Unchanged
11004,0,Unchanged
11005,0.00735543106521248,Unchanged
11006,9.6764324968947e-08,Unchanged
11007,0.0601283704874518,Downregulated
11008,24.0174996924528,Upregulated
11009,8.95647061585176,Upregulated
11010,15.8136191363639,Upregulated
11011,36.2020467049785,Upregulated
11012,29.9169369950863,Upregulated
11013,2715866.0625303,Unchanged
11014,26.8403690281088,Upregulated
11015,31.561709990428,Upregulated
11016,0,Unchanged
11017,1.90657268320579e-07,Unchanged
11018,0.514966796905989,Unchanged
11019,0,Unchanged
11020,0,Unchanged
11021,107905.568311322,Unchanged
11022,713550327.154516,Unchanged
11023,833189311.070638,Unchanged
11024,714630862.547025,Unchanged
11025,8063152.40393327,Unchanged
11026,251160.992906009,Unchanged
11027,0.950037608481996,Unchanged
11028,2.90236464400271e-07,Unchanged
11029,1.52302894832287e-06,Unchanged
11030,2.32939310132073,Upregulated
11031,416594655.535319,Unchanged
11032,104.805286674766,Upregulated
11033,170.026908773934,Upregulated
11034,11.2019131747791,Upregulated
11035,0,Unchanged
11036,0,Unchanged
11037,0,Unchanged
11038,0,Unchanged
11039,7.59184941898638e-08,Unchanged
11040,0,Unchanged
11041,2.09087137534861e-06,Unchanged
11042,0,Unchanged
11043,0,Unchanged
11044,2.89704503383551e-09,Unchanged
11045,0,Unchanged
11046,0,Unchanged
11047,0.000486016529010719,Unchanged
11048,4.99007764045907,Upregulated
11049,10.6024351399731,Upregulated
11050,167.117193541329,Upregulated
11051,3.36474224534952,Upregulated
11052,330.754652304239,Upregulated
11053,28584140.0268896,Unchanged
11054,0,Unchanged
11055,14240110.5864317,Unchanged
11056,1371752.06891291,Unchanged
11057,1465808.35517598,Unchanged
11058,14292070.0134448,Unchanged
11059,1271123.31595333,Unchanged
11060,1465808.35517598,Unchanged
11061,858.550509237621,Upregulated
11062,0,Unchanged
11063,0,Unchanged
11064,0,Unchanged
11065,0,Unchanged
11066,416594655.535319,Unchanged
11067,109.527519543227,Upregulated
11068,417.936435653716,Upregulated
11069,172.052952708051,Upregulated
11070,0.102835655967522,Downregulated
11071,122542.386570365,Unchanged
11072,177432.407776988,Unchanged
11073,0,Unchanged
11074,0,Unchanged
11075,0,Unchanged
11076,0.00329708281504108,Unchanged
11077,0,Unchanged
11078,0,Unchanged
11079,0,Unchanged
11080,0,Unchanged
11081,0,Unchanged
11082,0,Unchanged
11083,0,Unchanged
11084,0,Unchanged
11085,0,Unchanged
11086,1.69317318770926,Unchanged
11087,0.0567622717848177,Downregulated
11088,0.0936496839315555,Downregulated
11089,2.60002056566409,Upregulated
11090,4368482.76331325,Unchanged
11091,54208.4994032523,Unchanged
11092,5944961.58681563,Unchanged
11093,0,Unchanged
11094,0,Unchanged
11095,0,Unchanged
11096,0,Unchanged
11097,2.62026011674182,Upregulated
11098,0,Unchanged
11099,0.146088679143495,Downregulated
11100,0.0991411246468801,Downregulated
11101,4.30875674678481,Upregulated
11102,765496.34435926,Unchanged
11103,765496.34542516,Unchanged
11104,578645.355959505,Unchanged
11105,0,Unchanged
11106,1.53264268949182,Unchanged
11107,765496.350421566,Unchanged
11108,0,Unchanged
11109,0,Unchanged
11110,0,Unchanged
11111,4841271.42405855,Unchanged
11112,117.83891008028,Upregulated
11113,0,Unchanged
11114,781.304542551479,Upregulated
11115,2.15661637703908,Upregulated
11116,3.41614371396798,Upregulated
11117,0.55047688035602,Unchanged
11118,0.550476908898816,Unchanged
11119,0,Unchanged
11120,28480222.7336576,Unchanged
11121,0.0623692678518841,Downregulated
11122,0.390415774170048,Downregulated
11123,0,Unchanged
11124,0.00812059259254116,Unchanged
11125,0,Unchanged
11126,0,Unchanged
11127,2.15295783007635e-08,Unchanged
11128,0.454524946205891,Downregulated
11129,1253.23105314709,Upregulated
11130,4.05679571985682,Upregulated
11131,0.178650034523133,Downregulated
11132,15.5680592058636,Upregulated
11133,27.3933662999191,Upregulated
11134,3513.82205186678,Upregulated
11135,13.8224097251434,Upregulated
11136,3818.44434518109,Upregulated
11137,0,Unchanged
11138,39.4968038527501,Upregulated
11139,68.098240466239,Upregulated
11140,373404880.20516,Unchanged
11141,5.97932350475078,Upregulated
11142,15.5847743204708,Upregulated
11143,14.5713914892068,Upregulated
11144,14.2856521233958,Upregulated
11145,12.960991077291,Upregulated
11146,9.60973352194288e-08,Unchanged
11147,0.0110682247212643,Downregulated
11148,2.72175772540211e-08,Unchanged
11149,0.000920837735812507,Unchanged
11150,763.757658306081,Upregulated
11151,763.757658306081,Upregulated
11152,0.717345185837701,Unchanged
11153,0,Unchanged
11154,231.333432283139,Upregulated
11155,231.311667207666,Upregulated
11156,1.14435105216578,Unchanged
11157,24.3693692023214,Upregulated
11158,0,Unchanged
11159,0.0364075902782573,Downregulated
11160,0,Unchanged
11161,0,Unchanged
11162,0,Unchanged
11163,0,Unchanged
11164,0,Unchanged
11165,0,Unchanged
11166,0,Unchanged
11167,1.08108770602361,Unchanged
11168,425372.239644867,Unchanged
11169,1.03364162979011,Unchanged
11170,9.97368785731711,Upregulated
11171,0,Unchanged
11172,2015787.9473832,Unchanged
11173,12.8604697988192,Upregulated
11174,7.84395848911173,Upregulated
11175,0,Unchanged
11176,1.23428338292443,Unchanged
11177,0,Unchanged
11178,1.18631997029638,Unchanged
11179,12145.2975603331,Upregulated
11180,0.0547254515971449,Downregulated
11181,0.00213421737683214,Unchanged
11182,0,Unchanged
11183,0,Unchanged
11184,0.0169038133961165,Downregulated
11185,0,Unchanged
11186,1202.44470399451,Upregulated
11187,0.00802987366877278,Unchanged
11188,2688500.28540596,Unchanged
11189,2.84549568277725e-07,Unchanged
11190,0,Unchanged
11191,0,Unchanged
11192,0,Unchanged
11193,0.0853827228359727,Downregulated
11194,0.0221294964435528,Downregulated
11195,357782.718181337,Unchanged
11196,0,Unchanged
11197,0,Unchanged
11198,1.69689646099869e-07,Unchanged
11199,117597764.45445,Unchanged
11200,14351310.5847056,Unchanged
11201,293684.485116144,Unchanged
11202,0.0287293323824845,Downregulated
11203,0,Unchanged
11204,0.93472302581684,Unchanged
11205,0,Unchanged
11206,1.15826964380299,Unchanged
11207,2.97317879884109,Upregulated
11208,3.98224815874446e-05,Unchanged
11209,0.018446129993537,Downregulated
11210,405318.103175713,Unchanged
11211,0.00278646081259506,Unchanged
11212,0,Unchanged
11213,1.24691186842573,Unchanged
11214,8063152.10874386,Unchanged
11215,36.0881520492779,Upregulated
11216,8063152.48800914,Unchanged
11217,0.0519642482171995,Downregulated
11218,0,Unchanged
11219,0.0520530553499999,Downregulated
11220,0.0520530555814773,Downregulated
11221,0,Unchanged
11222,1.30323657796869e-07,Unchanged
11223,0.0411481857523473,Downregulated
11224,0.179334861429109,Downregulated
11225,0.692691509366613,Unchanged
11226,0.112128204480605,Downregulated
11227,0,Unchanged
11228,0,Unchanged
11229,28407004.0157717,Unchanged
11230,0.0498705775409325,Downregulated
11231,0.0458990917549992,Downregulated
11232,0.0499741354985964,Downregulated
11233,0.0426017766267365,Downregulated
11234,0.0395930379150256,Downregulated
11235,48.3516447382426,Upregulated
11236,28480218.2940576,Unchanged
11237,147.051927291401,Upregulated
11238,28480220.8371467,Unchanged
11239,0.0498705804474334,Downregulated
11240,0.0498705776105674,Downregulated
11241,0.0458990927788485,Downregulated
11242,0.0917981851118571,Downregulated
11243,0.23538299841646,Downregulated
11244,0.0499741342648137,Downregulated
11245,0.0852035594606453,Downregulated
11246,0.042519409971496,Downregulated
11247,0.0453449862845305,Downregulated
11248,0.0395930395920816,Downregulated
11249,1.23746466446735,Unchanged
11250,14240111.1786185,Unchanged
11251,0,Unchanged
11252,0,Unchanged
11253,19901779.8368283,Unchanged
11254,0.773339781390841,Unchanged
11255,14240111.5013676,Unchanged
11256,0.561562444534244,Unchanged
11257,19369002.133002,Unchanged
11258,4.04160764397216,Upregulated
11259,15747471.1679837,Unchanged
11260,0.136502442943042,Downregulated
11261,28231210.0582213,Unchanged
11262,0,Unchanged
11263,0,Unchanged
11264,0,Unchanged
11265,28407005.1531823,Unchanged
11266,0,Unchanged
11267,20220823.9241144,Unchanged
11268,0,Unchanged
11269,117762170.007281,Unchanged
11270,0.101523112943073,Downregulated
11271,0,Unchanged
11272,14240142.2321013,Unchanged
11273,9404127.07963726,Unchanged
11274,0,Unchanged
11275,3938696.58591334,Unchanged
11276,14669434.6598889,Unchanged
11277,1.62170862194568,Unchanged
11278,0,Unchanged
11279,0,Unchanged
11280,0,Unchanged
11281,0,Unchanged
11282,9.02137869762968,Upregulated
11283,0.000177459496651151,Unchanged
11284,38.3900567436055,Upregulated
11285,0,Unchanged
11286,4.08232518256725,Upregulated
11287,1.7208031295845,Unchanged
11288,1.72080339019158,Unchanged
11289,0.0132257146788177,Downregulated
11290,0,Unchanged
11291,0,Unchanged
11292,0.490853097675592,Downregulated
11293,0,Unchanged
11294,1,Unchanged
11295,0,Unchanged
11296,3.64780794370745e-09,Unchanged
11297,5.03916315321543,Upregulated
11298,0.367852762111679,Downregulated
11299,0.0113885233601987,Downregulated
11300,0.0157195860223703,Downregulated
11301,9.82465884533284e-07,Unchanged
11302,8.98478292563972e-05,Unchanged
11303,1.58937809035978e-06,Unchanged
11304,0,Unchanged
11305,297352558.488109,Unchanged
11306,24.0278442776301,Upregulated
11307,0.00668651289101431,Unchanged
11308,474.782860768018,Upregulated
11309,1.05689927745022,Unchanged
11310,2.62582280418683,Upregulated
11311,2.62582280418683,Upregulated
11312,2.62582258571773,Upregulated
11313,0,Unchanged
11314,1.17924148547958,Unchanged
11315,0.681054643243874,Unchanged
11316,416594687.162549,Unchanged
11317,0,Unchanged
11318,13.7469614392154,Upregulated
11319,1677.18421530777,Upregulated
11320,0,Unchanged
11321,11.3014187697494,Upregulated
11322,206653757.891435,Unchanged
11323,12.960997908773,Upregulated
11324,410565835.617638,Unchanged
11325,231719972.691635,Unchanged
11326,34030.0583830517,Unchanged
11327,219.425623726114,Upregulated
11328,21.2947274914422,Upregulated
11329,21.2947274914422,Upregulated
11330,21.7297439134937,Upregulated
11331,84.4691480899788,Upregulated
11332,5.65297987865835,Upregulated
11333,4.35572875217751,Upregulated
11334,5.4937785271006,Upregulated
11335,3.82221392182556,Upregulated
11336,5.43812404822789,Upregulated
11337,11.8349631946277,Upregulated
11338,295.356959117964,Upregulated
11339,5.26255242473467,Upregulated
11340,0,Unchanged
11341,0,Unchanged
11342,215009334.961931,Unchanged
11343,112482733.914152,Unchanged
11344,360.135279992233,Upregulated
11345,112187169.262441,Unchanged
11346,121912964.216402,Unchanged
11347,121912964.216401,Unchanged
11348,215009334.961941,Unchanged
11349,215009334.961977,Unchanged
11350,307.873815855131,Upregulated
11351,96359295.4178511,Unchanged
11352,60.3261792510735,Upregulated
11353,105948895.528686,Unchanged
11354,1.97262519832819,Unchanged
11355,616091.566784368,Unchanged
11356,9405450.7858894,Unchanged
11357,874481.365177094,Unchanged
11358,3193021.65016971,Unchanged
11359,2.21233094610549,Upregulated
11360,1.76098952765259e-06,Unchanged
11361,0.516111601781579,Unchanged
11362,0,Unchanged
11363,0,Unchanged
11364,1.09194509257964,Unchanged
11365,6.13485551693126,Upregulated
11366,0,Unchanged
11367,1.64900662105083e-06,Unchanged
11368,1.55375990004443,Unchanged
11369,0.803583493922139,Unchanged
11370,360.151671496626,Upregulated
11371,84.469147982561,Upregulated
11372,34.434336785784,Upregulated
11373,17.4113375793178,Upregulated
11374,0.3867075358169,Downregulated
11375,0,Unchanged
11376,1.4378846229467,Unchanged
11377,3.3415752367764,Upregulated
11378,0.000163530844001475,Unchanged
11379,4.96288473149017e-08,Unchanged
11380,4.95259774757784e-08,Unchanged
11381,0,Unchanged
11382,0.820490468824214,Unchanged
11383,0.0951017296201874,Downregulated
11384,0,Unchanged
11385,0,Unchanged
11386,0.088251813096191,Downregulated
11387,0,Unchanged
11388,0,Unchanged
11389,0.0931858827423616,Downregulated
11390,0.202788088613278,Downregulated
11391,0.0372741691609591,Downregulated
11392,1.54331585394741,Unchanged
11393,6.00170532000858,Upregulated
11394,0.02819179882262,Downregulated
11395,4.93126607730759e-08,Unchanged
11396,0,Unchanged
11397,1.99815611884638,Unchanged
11398,1.97388013187857,Unchanged
11399,1.99815611769473,Unchanged
11400,4.75027975177364,Upregulated
11401,4.25461913645401,Upregulated
11402,2.4010356983011,Upregulated
11403,0,Unchanged
11404,0,Unchanged
11405,0,Unchanged
11406,0,Unchanged
11407,0,Unchanged
11408,174102.611801986,Unchanged
11409,0,Unchanged
11410,0,Unchanged
11411,14.5193024400756,Upregulated
11412,0,Unchanged
11413,1.2284003067553,Unchanged
11414,0,Unchanged
11415,0,Unchanged
11416,0,Unchanged
11417,0,Unchanged
11418,0,Unchanged
11419,0,Unchanged
11420,0,Unchanged
11421,0.690958140922575,Unchanged
11422,0,Unchanged
11423,0.100204738143753,Downregulated
11424,0,Unchanged
11425,0,Unchanged
11426,0,Unchanged
11427,9.57813917352723e-08,Unchanged
11428,0,Unchanged
11429,0.102410784993927,Downregulated
11430,0.102410789214607,Downregulated
11431,1.48485526926834e-06,Unchanged
11432,182.731968179168,Upregulated
11433,0,Unchanged
11434,0,Unchanged
11435,0,Unchanged
11436,12.447362040518,Upregulated
11437,0.0239128294155792,Downregulated
11438,0,Unchanged
11439,0,Unchanged
11440,0,Unchanged
11441,14.0818120345411,Upregulated
11442,0,Unchanged
11443,0.0049558435878027,Unchanged
11444,800953.200020762,Unchanged
11445,0,Unchanged
11446,0,Unchanged
11447,0.5,Downregulated
11448,6923.83379999395,Upregulated
11449,0,Unchanged
11450,7.74070791085174,Upregulated
11451,0.0640281912589517,Downregulated
11452,0,Unchanged
11453,1.56878823993625,Unchanged
11454,1.31045164996583,Unchanged
11455,0.00302244385369508,Unchanged
11456,0,Unchanged
11457,0,Unchanged
11458,1.68336275840243,Unchanged
11459,12.9951286730432,Upregulated
11460,0.356612089284919,Downregulated
11461,0,Unchanged
11462,13.0907435152907,Upregulated
11463,0,Unchanged
11464,1.24198021397286,Unchanged
11465,3.53047581702427,Upregulated
11466,1.59540625555828,Unchanged
11467,4.06725384224262,Upregulated
11468,0,Unchanged
11469,0.0204479688701585,Downregulated
11470,1.31311141801827e-07,Unchanged
11471,1.34608018956435,Unchanged
11472,0,Unchanged
11473,0,Unchanged
11474,0,Unchanged
11475,9.04168403428329e-08,Unchanged
11476,0.834584989621621,Unchanged
11477,0.0475329408932178,Downregulated
11478,3.71990907806644,Upregulated
11479,0,Unchanged
11480,0,Unchanged
11481,4.94853545347122,Upregulated
11482,0,Unchanged
11483,0,Unchanged
11484,20.3630748952455,Upregulated
11485,0,Unchanged
11486,1.52181422059683,Unchanged
11487,28778240.7260301,Unchanged
11488,299082875.107147,Unchanged
11489,16143335.2795734,Unchanged
11490,14700572.9297892,Unchanged
11491,299082875.107147,Unchanged
11492,299082887.921558,Unchanged
11493,14047041.6698484,Unchanged
11494,1.83000948117266,Unchanged
11495,0.00427567740937774,Unchanged
11496,0,Unchanged
11497,0,Unchanged
11498,39332923.4200167,Unchanged
11499,18.0554888584699,Upregulated
11500,0.00483499328800992,Unchanged
11501,0,Unchanged
11502,0.00044175053113224,Unchanged
11503,2.94740014914463e-08,Unchanged
11504,2.32065936454493e-07,Unchanged
11505,0.0123524863224484,Downregulated
11506,0.00044327265152594,Unchanged
11507,0.102023727585587,Downregulated
11508,0,Unchanged
11509,0.00186013386601883,Unchanged
11510,3.29300316934678e-08,Unchanged
11511,0.0161072426494664,Downregulated
11512,0.000617606474875587,Unchanged
11513,2.0746214440886e-07,Unchanged
11514,0.751647840530195,Unchanged
11515,0,Unchanged
11516,0,Unchanged
11517,0,Unchanged
11518,616032.015285079,Unchanged
11519,0.156471460064475,Downregulated
11520,0,Unchanged
11521,1.35002869068026,Unchanged
11522,0,Unchanged
11523,0.000619020430718199,Unchanged
11524,0.0044353547554616,Unchanged
11525,2.89704503383551e-09,Unchanged
11526,0.000312639226462103,Unchanged
11527,1.37371840264356e-06,Unchanged
11528,0.035064262437613,Downregulated
11529,0,Unchanged
11530,0.000673702223951393,Unchanged
11531,3.11342954766372e-09,Unchanged
11532,0.000102623820224963,Unchanged
11533,0.40986572096703,Downregulated
11534,30534621.4027283,Unchanged
11535,3.33989201080898,Upregulated
11536,0.819040411434175,Unchanged
11537,0.0445935691402942,Downregulated
11538,0.0110474041180041,Downregulated
11539,0.0894555308124976,Downregulated
11540,0.000689256504730921,Unchanged
11541,0.00130085309721321,Unchanged
11542,0.0039007770255752,Unchanged
11543,0.0178999592376047,Downregulated
11544,0.000679132777411952,Unchanged
11545,0.00598301987442856,Unchanged
11546,0.535946550879058,Unchanged
11547,0.418491699035951,Downregulated
11548,0.0110080149827686,Downregulated
11549,0,Unchanged
11550,0,Unchanged
11551,0,Unchanged
11552,2.99167455075633e-09,Unchanged
11553,3.19270325296031e-09,Unchanged
11554,1.12307657816911e-07,Unchanged
11555,1.92102090126992,Unchanged
11556,0,Unchanged
11557,1111028.88373323,Unchanged
11558,0.00243933780545258,Unchanged
11559,0.0188053695081716,Downregulated
11560,0.350343661673271,Downregulated
11561,0.0712818170297912,Downregulated
11562,0.915335967502165,Unchanged
11563,29.0556403424791,Upregulated
11564,1.07580186781235,Unchanged
11565,0,Unchanged
11566,1.04730185057633e-08,Unchanged
11567,0,Unchanged
11568,6.93290228760006e-08,Unchanged
11569,0,Unchanged
11570,0,Unchanged
11571,0.925023796828372,Unchanged
11572,0,Unchanged
11573,0.480082238339743,Downregulated
11574,0,Unchanged
11575,0.00356107606811869,Unchanged
11576,0,Unchanged
11577,0.00539083304521898,Unchanged
11578,0,Unchanged
11579,14240113.1057476,Unchanged
11580,0,Unchanged
11581,0.295653920193449,Downregulated
11582,0,Unchanged
11583,0,Unchanged
11584,0.000418744824331911,Unchanged
11585,0.0041805426505655,Unchanged
11586,0.00123038053475857,Unchanged
11587,0.042381877520295,Downregulated
11588,0,Unchanged
11589,0.117845514161182,Downregulated
11590,0,Unchanged
11591,0.0458990895836628,Downregulated
11592,0.0702596906727744,Downregulated
11593,0.138034616991953,Downregulated
11594,0,Unchanged
11595,0.00357121493669667,Unchanged
11596,0.370239279191645,Downregulated
11597,0.000744797938703701,Unchanged
11598,0,Unchanged
11599,0,Unchanged
11600,0,Unchanged
11601,0,Unchanged
11602,0,Unchanged
11603,0,Unchanged
11604,1.92167247329637e-08,Unchanged
11605,0,Unchanged
11606,0,Unchanged
11607,0,Unchanged
11608,0.00688157414162002,Unchanged
11609,0.00686388308420344,Unchanged
11610,0,Unchanged
11611,1.92167247759322e-08,Unchanged
11612,0.000394193015253774,Unchanged
11613,28833.7550801186,Unchanged
11614,0.161416803798859,Downregulated
11615,2.38813618528801,Upregulated
11616,0.0152769628929926,Downregulated
11617,1.01301537235642,Unchanged
11618,0,Unchanged
11619,0,Unchanged
11620,94648.4354256806,Unchanged
11621,10.7579460819939,Upregulated
11622,3762336.63322548,Unchanged
11623,0,Unchanged
11624,0.383501483152548,Downregulated
11625,8.02149846640086e-07,Unchanged
11626,7.80138153109847,Upregulated
11627,0.000125004772813124,Unchanged
11628,2484632.98534293,Unchanged
11629,0,Unchanged
11630,2253840.71949556,Unchanged
11631,0,Unchanged
11632,0.0121847496853058,Downregulated
11633,0.088422833057274,Downregulated
11634,0,Unchanged
11635,2.7477371700831,Upregulated
11636,0.00595515202525553,Unchanged
11637,0,Unchanged
11638,0.00205719839818071,Unchanged
11639,2.56723380035791e-05,Unchanged
11640,10.7579460818397,Upregulated
11641,0,Unchanged
11642,0,Unchanged
11643,7440326.05146843,Unchanged
11644,14.6117895746945,Upregulated
11645,0.240441009801343,Downregulated
11646,0,Unchanged
11647,0.0253830800557339,Downregulated
11648,74363.289890285,Unchanged
11649,0.692750458919169,Unchanged
11650,0.414774985204389,Downregulated
11651,0,Unchanged
11652,0,Unchanged
11653,0,Unchanged
11654,0.66551111429024,Unchanged
11655,0,Unchanged
11656,0,Unchanged
11657,10752325.2324638,Unchanged
11658,0,Unchanged
11659,1.43776437877409,Unchanged
11660,0,Unchanged
11661,3.30540107460585,Upregulated
11662,3.17716981698312,Upregulated
11663,0,Unchanged
11664,0,Unchanged
11665,2.59034364717081e-07,Unchanged
11666,0,Unchanged
11667,2.02642499948681,Upregulated
11668,0.012144725279275,Downregulated
11669,0.0751409882672458,Downregulated
11670,0,Unchanged
11671,0,Unchanged
11672,0,Unchanged
11673,11303267.5643438,Unchanged
11674,0,Unchanged
11675,0,Unchanged
11676,267372.253124163,Unchanged
11677,215833.188475335,Unchanged
11678,6.7236282271567e-07,Unchanged
11679,0,Unchanged
11680,0.0751862155596783,Downregulated
11681,0,Unchanged
11682,0.108874441029877,Downregulated
11683,0,Unchanged
11684,183.202944791992,Upregulated
11685,0.000302262554180753,Unchanged
11686,0,Unchanged
11687,0.157768242021972,Downregulated
11688,0.140639966090511,Downregulated
11689,0,Unchanged
11690,0.00211078712335629,Unchanged
11691,8063152.07340428,Unchanged
11692,18547753.0011117,Unchanged
11693,1.92438359293291,Unchanged
11694,0.298510436282449,Downregulated
11695,0,Unchanged
11696,7.32422235778074e-07,Unchanged
11697,7.32422501869223e-07,Unchanged
11698,7.57612187953782e-08,Unchanged
11699,0,Unchanged
11700,76.2217947910551,Upregulated
11701,1.1083320881274e-06,Unchanged
11702,0,Unchanged
11703,19.8890481408439,Upregulated
11704,0.899879050473535,Unchanged
11705,0,Unchanged
11706,0.00806558490232685,Unchanged
11707,0,Unchanged
11708,0,Unchanged
11709,0.184752072516683,Downregulated
11710,0.348409569579155,Downregulated
11711,3.09138960787137,Upregulated
11712,2015788.060389,Unchanged
11713,1.02026027535584,Unchanged
11714,0.007201531528534,Unchanged
11715,0.0072015314864497,Unchanged
11716,0.00720153160610114,Unchanged
11717,0.00720153144106467,Unchanged
11718,0.007201531528534,Unchanged
11719,0.0067205939724975,Unchanged
11720,0.00461093516446203,Unchanged
11721,0.00461093480311402,Unchanged
11722,4031576.120778,Unchanged
11723,0,Unchanged
11724,9.90932924262703,Upregulated
11725,0.622233834739115,Unchanged
11726,4031576.03670214,Unchanged
11727,0.526918559288543,Unchanged
11728,16083930.7667596,Unchanged
11729,16083930.7667596,Unchanged
11730,3.81614978768474,Upregulated
11731,0.00856892388021818,Unchanged
11732,0,Unchanged
11733,0,Unchanged
11734,385797.045273599,Unchanged
11735,0.173985020291224,Downregulated
11736,0,Unchanged
11737,0,Unchanged
11738,0.550924952429665,Unchanged
11739,0,Unchanged
11740,0.00110931043778388,Unchanged
11741,0.0067205939724975,Unchanged
11742,7.97519094611417e-09,Unchanged
11743,0.076310552552532,Downregulated
11744,5571300.64921857,Unchanged
11745,0.500000771494077,Unchanged
11746,765497.526910047,Unchanged
11747,3.3398930488911,Upregulated
11748,1.66994652444555,Unchanged
11749,1.9932217309699,Unchanged
11750,0.00964512681768199,Unchanged
11751,0.372813251139183,Downregulated
11752,19626933.7032735,Unchanged
11753,28480223.0949492,Unchanged
11754,28480222.8183072,Unchanged
11755,0.818859823262627,Unchanged
11756,2.67988273345007,Upregulated
11757,0.218827672792476,Downregulated
11758,3.11342954766372e-09,Unchanged
11759,0,Unchanged
11760,0,Unchanged
11761,0,Unchanged
11762,4.73719398542016e-07,Unchanged
11763,5.92619239796477e-08,Unchanged
11764,1.00000146957615,Unchanged
11765,7.5918477932646e-08,Unchanged
11766,3.43891422744491e-07,Unchanged
11767,3.37028153808205e-07,Unchanged
11768,0,Unchanged
11769,4.05586307200186e-08,Unchanged
11770,7.51146135735681e-08,Unchanged
11771,2.43404744436475e-05,Unchanged
11772,3.87370540693155e-08,Unchanged
11773,0.334195098847528,Downregulated
11774,1.09189188492564e-07,Unchanged
11775,0,Unchanged
11776,1,Unchanged
11777,3.87370540693155e-08,Unchanged
11778,0,Unchanged
11779,1.00000154298926,Unchanged
11780,1.00000154298926,Unchanged
11781,3.85967164848094e-07,Unchanged
11782,0,Unchanged
11783,1.78628193797105e-09,Unchanged
11784,3.5093912424955e-09,Unchanged
11785,3.50211910996811e-09,Unchanged
11786,2.78616182036728e-09,Unchanged
11787,4.33323534102783e-05,Unchanged
11788,2.43404748033527e-05,Unchanged
11789,1.82684207970851e-07,Unchanged
11790,1.2905443343243e-06,Unchanged
11791,1.2905443343243e-06,Unchanged
11792,0,Unchanged
11793,0,Unchanged
11794,0,Unchanged
11795,0,Unchanged
11796,1.73821861949364e-07,Unchanged
11797,9.15034228114564e-07,Unchanged
11798,9.15034228114564e-07,Unchanged
11799,9.15034228114564e-07,Unchanged
11800,3.27859736444225e-07,Unchanged
11801,6.2699006499822e-09,Unchanged
11802,6.31615409041203e-09,Unchanged
11803,0,Unchanged
11804,0,Unchanged
11805,9.21497321568765e-08,Unchanged
11806,4.14700737127127e-07,Unchanged
11807,6.30306406790715e-09,Unchanged
11808,6.30306354349068e-09,Unchanged
11809,0.334195028985354,Downregulated
11810,1,Unchanged
11811,3.87370540693155e-08,Unchanged
11812,7.32422521782183e-07,Unchanged
11813,1.964296096269e-07,Unchanged
11814,3.82221903009849e-07,Unchanged
11815,1.59558637945478e-07,Unchanged
11816,1.05681782656575e-07,Unchanged
11817,1.01720482348355e-07,Unchanged
11818,1.05901225231464e-07,Unchanged
11819,2.7505020309718e-05,Unchanged
11820,6.6891369101468e-08,Unchanged
11821,1.45100324031233e-06,Unchanged
11822,0,Unchanged
11823,1.18245689000318e-07,Unchanged
11824,1.42642688780725e-07,Unchanged
11825,3.65275393273931e-08,Unchanged
11826,2.51160680113571e-06,Unchanged
11827,1.55028501126253e-07,Unchanged
11828,1.964296096269e-07,Unchanged
11829,3.78805983684673e-08,Unchanged
11830,3.78805983684673e-08,Unchanged
11831,3.78805983684673e-08,Unchanged
11832,0.198226252358111,Downregulated
11833,7.5918472361991e-08,Unchanged
11834,0.198243116859578,Downregulated
11835,7.59184937351165e-08,Unchanged
11836,3.78805983684673e-08,Unchanged
11837,7.57611817334691e-08,Unchanged
11838,8.97916481960692e-07,Unchanged
11839,0,Unchanged
11840,2.31296985748486e-06,Unchanged
11841,0,Unchanged
11842,6.6891369101468e-08,Unchanged
11843,3.11342954766372e-09,Unchanged
11844,1.588167777945e-08,Unchanged
11845,5.02140660501027e-07,Unchanged
11846,3.50212010387619e-09,Unchanged
11847,3.11342954766372e-09,Unchanged
11848,3.1198936929793e-09,Unchanged
11849,3.1198936929793e-09,Unchanged
11850,2.89704503383551e-09,Unchanged
11851,3.15272692957812e-08,Unchanged
11852,3.5093912424955e-09,Unchanged
11853,2.99167455075633e-09,Unchanged
11854,0.0125955657365535,Downregulated
11855,0,Unchanged
11856,0,Unchanged
11857,0,Unchanged
11858,0,Unchanged
11859,0,Unchanged
11860,0,Unchanged
11861,0,Unchanged
11862,0,Unchanged
11863,7.75051927860669e-06,Unchanged
11864,14010214.2623279,Unchanged
11865,108.307281465364,Upregulated
11866,0,Unchanged
11867,0,Unchanged
11868,1.58816735165601e-08,Unchanged
11869,7.59184919161271e-08,Unchanged
11870,0,Unchanged
11871,8.70803988846092e-08,Unchanged
11872,0,Unchanged
11873,0,Unchanged
11874,1.0788475979105,Unchanged
11875,1.07347516257836,Unchanged
11876,0.739925448179958,Unchanged
11877,1.38191628156022,Unchanged
11878,0,Unchanged
11879,0,Unchanged
11880,0,Unchanged
11881,1.00000217559897,Unchanged
11882,0,Unchanged
11883,0,Unchanged
11884,0,Unchanged
11885,0,Unchanged
11886,1.74848682718221e-06,Unchanged
11887,1.38191812788654,Unchanged
11888,2.17549888213853e-06,Unchanged
11889,0,Unchanged
11890,0,Unchanged
11891,0.490853096018732,Downregulated
11892,7.57611986159645e-08,Unchanged
11893,0,Unchanged
11894,5.22140507340509e-05,Unchanged
11895,7.11100623382682,Upregulated
11896,5.8368929052253,Upregulated
11897,7.09594427410326,Upregulated
11898,27946801.7692407,Unchanged
11899,28020428.5692861,Unchanged
11900,1.06083952229946,Unchanged
11901,9.58103884727279e-08,Unchanged
11902,6.12447904586588e-08,Unchanged
11903,7.59184927687784e-08,Unchanged
11904,7.57611774133693e-08,Unchanged
11905,7.5918494076177e-08,Unchanged
11906,9.71677709458163e-08,Unchanged
11907,5.36066399945412e-08,Unchanged
11908,2.51576167158873e-07,Unchanged
11909,2.51576172558998e-07,Unchanged
11910,0,Unchanged
11911,0,Unchanged
11912,0,Unchanged
11913,0,Unchanged
11914,0,Unchanged
11915,0,Unchanged
11916,1.63015793867771e-05,Unchanged
11917,5.04857598365716e-08,Unchanged
11918,9.62632166192634e-08,Unchanged
11919,9.62632166192634e-08,Unchanged
11920,0,Unchanged
11921,8.82774320416502e-08,Unchanged
11922,2.09380673082649e-06,Unchanged
11923,1.48170990397034e-06,Unchanged
11924,0,Unchanged
11925,3.81734603251971e-08,Unchanged
11926,0,Unchanged
11927,0,Unchanged
11928,1.19171673657092e-06,Unchanged
11929,7.71402190786365e-09,Unchanged
11930,2.84549568277725e-07,Unchanged
11931,0.806305477660769,Unchanged
11932,0,Unchanged
11933,1.93163122761083e-06,Unchanged
11934,0,Unchanged
11935,5636525.93565552,Unchanged
11936,0,Unchanged
11937,0,Unchanged
11938,0,Unchanged
11939,0,Unchanged
11940,113875.435042421,Unchanged
11941,0,Unchanged
11942,0,Unchanged
11943,0,Unchanged
11944,0,Unchanged
11945,0,Unchanged
11946,0,Unchanged
11947,0,Unchanged
11948,0,Unchanged
11949,0,Unchanged
11950,0,Unchanged
11951,4.05630291101815e-05,Unchanged
11952,1.26517134479797e-07,Unchanged
11953,2.32707877535069e-07,Unchanged
11954,1.22310640781439e-06,Unchanged
11955,1.2651714806737e-07,Unchanged
11956,1.26779820206248e-07,Unchanged
11957,0,Unchanged
11958,0,Unchanged
11959,1.06190767172944e-07,Unchanged
11960,1.26517190857606e-07,Unchanged
11961,1.91822282038534e-07,Unchanged
11962,0,Unchanged
11963,0,Unchanged
11964,0.316737752985477,Downregulated
11965,2.37807617020774,Upregulated
11966,0,Unchanged
11967,0,Unchanged
11968,1.08382517775887,Unchanged
11969,0,Unchanged
11970,0,Unchanged
11971,0,Unchanged
11972,0.681735635682028,Unchanged
11973,7.57611588255713e-08,Unchanged
11974,7.57611987580731e-08,Unchanged
11975,0.926129409778503,Unchanged
11976,0.0991131095516277,Downregulated
11977,0.19822621982391,Downregulated
11978,0.198226219108548,Downregulated
11979,7.59184943035507e-08,Unchanged
11980,7.59184923708745e-08,Unchanged
11981,0.198226219829136,Downregulated
11982,0,Unchanged
11983,7.57611772996825e-08,Unchanged
11984,7.59184924845613e-08,Unchanged
11985,2.91272254738606e-08,Unchanged
11986,7.59184923708745e-08,Unchanged
11987,7.57611799144797e-08,Unchanged
11988,7.59184854359774e-08,Unchanged
11989,7.59184988510242e-08,Unchanged
11990,7.59184936995894e-08,Unchanged
11991,30534622.1882232,Unchanged
11992,1.00807904234229,Unchanged
11993,884267.173176899,Unchanged
11994,0.582711295255937,Unchanged
11995,0.360142230595071,Downregulated
11996,0,Unchanged
11997,0.520156212850978,Unchanged
11998,1.40158724849929,Unchanged
11999,0,Unchanged
12000,0,Unchanged
12001,0,Unchanged
12002,0,Unchanged
12003,0,Unchanged
12004,0,Unchanged
12005,4031576.12262582,Unchanged
12006,0.00208280693542704,Unchanged
12007,1.9884070799204,Unchanged
12008,0.0579949103211377,Downregulated
12009,0.0434911462787435,Downregulated
12010,0.0217455727710831,Downregulated
12011,0.0109040710328104,Downregulated
12012,0.0410011394493259,Downregulated
12013,6.86046531922794,Upregulated
12014,0.116743773717178,Downregulated
12015,0.150639457199743,Downregulated
12016,0.286758729630867,Downregulated
12017,7570067.51131278,Unchanged
12018,3831243.9778365,Unchanged
12019,0.0579949026302611,Downregulated
12020,1.40940375800754,Unchanged
12021,0,Unchanged
12022,1.37812182706539,Unchanged
12023,1.38715890053098,Unchanged
12024,0,Unchanged
12025,0,Unchanged
12026,0,Unchanged
12027,1.57816386504048,Unchanged
12028,1.5782537947305,Unchanged
12029,1.5782537587605,Unchanged
12030,0.062626492368107,Downregulated
12031,1.10340544756569,Unchanged
12032,0.0641814267598054,Downregulated
12033,0,Unchanged
12034,0,Unchanged
12035,7.15053901407792,Upregulated
12036,0.01175113461958,Downregulated
12037,1.00599037942736,Unchanged
12038,0.00131215492346467,Unchanged
12039,0,Unchanged
12040,17319.6241112887,Upregulated
12041,13277681.2449433,Unchanged
12042,0,Unchanged
12043,17319.3786186869,Upregulated
12044,13277681.2449433,Unchanged
12045,15460.6196513755,Upregulated
12046,13277681.2449433,Unchanged
12047,0.00150507417077846,Unchanged
12048,1.15622542056668,Unchanged
12049,0.00458394616875787,Unchanged
12050,3.51437598039654,Upregulated
12051,0.00159931303061864,Unchanged
12052,1.22607563670246,Unchanged
12053,0,Unchanged
12054,1.10274332383992,Unchanged
12055,5.39226651385951e-05,Unchanged
12056,0.0384660405115138,Downregulated
12057,0.00603058150190765,Unchanged
12058,5.18146563448697e-05,Unchanged
12059,0.0427994020214273,Downregulated
12060,3.09377317224429e-05,Unchanged
12061,0.0237176821859792,Downregulated
12062,0,Unchanged
12063,0.042796963019871,Downregulated
12064,5.18139442484389e-05,Unchanged
12065,0.0397225010735514,Downregulated
12066,0,Unchanged
12067,0.0237176821859792,Downregulated
12068,7.46915582163597e-05,Unchanged
12069,0,Unchanged
12070,0.00716986248572572,Unchanged
12071,0.00716986365538117,Unchanged
12072,0.0134204946233205,Downregulated
12073,0.00145658754085629,Unchanged
12074,0.0161409438951411,Downregulated
12075,0,Unchanged
12076,0.149354315173115,Downregulated
12077,0.0498974345457775,Downregulated
12078,0,Unchanged
12079,0.000614844479822681,Unchanged
12080,7.72731225071846e-08,Unchanged
12081,7.72734017787605e-08,Unchanged
12082,0.000442936818168144,Unchanged
12083,0,Unchanged
12084,0,Unchanged
12085,0.0602295398352915,Downregulated
12086,0.00258550180145866,Unchanged
12087,0.000361182627846321,Unchanged
12088,0.00057114705039334,Unchanged
12089,0.000319550403602755,Unchanged
12090,0,Unchanged
12091,0,Unchanged
12092,0,Unchanged
12093,0,Unchanged
12094,3.11342954766372e-09,Unchanged
12095,0.0157728497781204,Downregulated
12096,0,Unchanged
12097,0.0116796580382684,Downregulated
12098,0.00273478468835201,Unchanged
12099,0.025462583960224,Downregulated
12100,0.0151263325195524,Downregulated
12101,0.0151263327496944,Downregulated
12102,0.00014446584348578,Unchanged
12103,0.0103870054171402,Downregulated
12104,3.7627686263401e-07,Unchanged
12105,0,Unchanged
12106,2.85778491930478,Upregulated
12107,0,Unchanged
12108,765496.475664824,Unchanged
12109,2531372.59455043,Unchanged
12110,0.0907330215151067,Downregulated
12111,12.5410377130721,Upregulated
12112,1.19763676143855,Unchanged
12113,0.242470444553871,Downregulated
12114,15267310.6903228,Unchanged
12115,15267310.6903228,Unchanged
12116,15267310.6903228,Unchanged
12117,15267310.6903228,Unchanged
12118,0.283898676614924,Downregulated
12119,15267310.6903228,Unchanged
12120,0,Unchanged
12121,15267310.7013641,Unchanged
12122,1.66702536912581,Unchanged
12123,0.0475336962509897,Downregulated
12124,0.000417292086950331,Unchanged
12125,0.00110847326774065,Unchanged
12126,0.00243816234151021,Unchanged
12127,0,Unchanged
12128,0,Unchanged
12129,650.398163104378,Upregulated
12130,0.0119877501308789,Downregulated
12131,1151.86494458383,Upregulated
12132,14791150.9922302,Unchanged
12133,0,Unchanged
12134,14791150.9922302,Unchanged
12135,4756923.53195119,Unchanged
12136,0.0509832256996622,Downregulated
12137,0.747814833549904,Unchanged
12138,0.407065025867087,Downregulated
12139,6277.13748709271,Upregulated
12140,0.170735360150946,Downregulated
12141,0.117258478882429,Downregulated
12142,2.14011945100082,Upregulated
12143,1.1583564131297,Unchanged
12144,1.74036740057334,Unchanged
12145,0.0404117397940894,Downregulated
12146,0.539355286778294,Unchanged
12147,0.00565961094588536,Unchanged
12148,896053.3363929,Unchanged
12149,0,Unchanged
12150,0,Unchanged
12151,0.264382544600567,Downregulated
12152,0.0118777010169163,Downregulated
12153,0.0554085440255496,Downregulated
12154,0.00589092455206436,Unchanged
12155,0.0129574892038639,Downregulated
12156,402138.638605897,Unchanged
12157,1377309.42244561,Unchanged
12158,0,Unchanged
12159,861414.038621221,Unchanged
12160,0.788689107407139,Unchanged
12161,0.00314227296888089,Unchanged
12162,0.0653972541399149,Downregulated
12163,0.0431693047234847,Downregulated
12164,0.0704976511307875,Downregulated
12165,3288460.02529127,Unchanged
12166,3288460.02529127,Unchanged
12167,3323099.21431335,Unchanged
12168,3323099.21431335,Unchanged
12169,3323099.21431335,Unchanged
12170,3323099.21431335,Unchanged
12171,4702068.4869133,Unchanged
12172,4702068.52951749,Unchanged
12173,4702068.52951749,Unchanged
12174,4702068.4869133,Unchanged
12175,0,Unchanged
12176,0.0251734372885786,Downregulated
12177,765496.338963142,Unchanged
12178,0.140346800289827,Downregulated
12179,0.0328212561888634,Downregulated
12180,0.0328212561773052,Downregulated
12181,0.065551265673305,Downregulated
12182,765496.338963142,Unchanged
12183,765496.338963142,Unchanged
12184,765496.338963142,Unchanged
12185,3273334.89034892,Unchanged
12186,3273334.89034892,Unchanged
12187,3273334.89034892,Unchanged
12188,0,Unchanged
12189,0.0743815763744444,Downregulated
12190,1311438.91435926,Unchanged
12191,1530992.74894187,Unchanged
12192,1530992.74894187,Unchanged
12193,2.27693951966449,Upregulated
12194,5.27185318390187,Upregulated
12195,3908659.18403798,Unchanged
12196,14938679.8041046,Unchanged
12197,0,Unchanged
12198,18937285.4109464,Unchanged
12199,0,Unchanged
12200,0,Unchanged
12201,0,Unchanged
12202,7.32422521782183e-07,Unchanged
12203,0,Unchanged
12204,0,Unchanged
12205,28633930.061751,Unchanged
12206,0,Unchanged
12207,1.14624417363504,Unchanged
12208,21.2705687362595,Upregulated
12209,0,Unchanged
12210,0,Unchanged
12211,1.28534995416221,Unchanged
12212,0,Unchanged
12213,0.00710302493980457,Unchanged
12214,0,Unchanged
12215,0,Unchanged
12216,0,Unchanged
12217,0,Unchanged
12218,13.802304459988,Upregulated
12219,0,Unchanged
12220,0,Unchanged
12221,0.423066660752395,Downregulated
12222,0.0157248058399774,Downregulated
12223,0,Unchanged
12224,0.151603772150849,Downregulated
12225,0,Unchanged
12226,0,Unchanged
12227,0.0592409752164641,Downregulated
12228,0,Unchanged
12229,0.986700305926846,Unchanged
12230,7475783.47480889,Unchanged
12231,7456139.49760382,Unchanged
12232,0,Unchanged
12233,0.487371470884794,Downregulated
12234,0,Unchanged
12235,0,Unchanged
12236,0,Unchanged
12237,0,Unchanged
12238,0,Unchanged
12239,0,Unchanged
12240,0,Unchanged
12241,0,Unchanged
12242,0,Unchanged
12243,0,Unchanged
12244,0,Unchanged
12245,0,Unchanged
12246,0,Unchanged
12247,0,Unchanged
12248,0,Unchanged
12249,0,Unchanged
12250,0,Unchanged
12251,0,Unchanged
12252,0,Unchanged
12253,0,Unchanged
12254,0,Unchanged
12255,0.381771286038368,Downregulated
12256,0,Unchanged
12257,0.0212866212074111,Downregulated
12258,0,Unchanged
12259,0,Unchanged
12260,0,Unchanged
12261,0,Unchanged
12262,0,Unchanged
12263,0,Unchanged
12264,7475783.54887716,Unchanged
12265,0,Unchanged
12266,4.46375760370588,Upregulated
12267,0,Unchanged
12268,0,Unchanged
12269,0,Unchanged
12270,15636938.9591823,Unchanged
12271,0.101430744153481,Downregulated
12272,0,Unchanged
12273,0.920155537306837,Unchanged
12274,0,Unchanged
12275,0,Unchanged
12276,12.1487917021249,Upregulated
12277,15.6884847598377,Upregulated
12278,34313.4448185695,Unchanged
12279,0.0212866210333598,Downregulated
12280,51958.8732886016,Unchanged
12281,168663.062832358,Unchanged
12282,0,Unchanged
12283,489911.004037973,Unchanged
12284,0.0217490519140555,Downregulated
12285,489910.985236864,Unchanged
12286,377135.926041318,Unchanged
12287,22.4974665467603,Upregulated
12288,1609769.6463309,Unchanged
12289,2437581.46463567,Unchanged
12290,0.139799936246397,Downregulated
12291,51958.8736167818,Unchanged
12292,244955.492618432,Unchanged
12293,0.0518090890767185,Downregulated
12294,489910.985236864,Unchanged
12295,0.602288042399274,Unchanged
12296,0,Unchanged
12297,7301599.3649389,Unchanged
12298,3737894.36606258,Unchanged
12299,0,Unchanged
12300,0.212999955940378,Downregulated
12301,0.218634567446297,Downregulated
12302,0,Unchanged
12303,0.00170513207024685,Unchanged
12304,0.094544780641529,Downregulated
12305,0.174191508112722,Downregulated
12306,0,Unchanged
12307,0,Unchanged
12308,0,Unchanged
12309,0,Unchanged
12310,2437581.46463567,Unchanged
12311,0.19877338335571,Downregulated
12312,15891.0939165027,Upregulated
12313,0.211825651190652,Downregulated
12314,0.191369095002662,Downregulated
12315,0.28071675505143,Downregulated
12316,1.17067498194836,Unchanged
12317,0.198773336385059,Downregulated
12318,0.00497669164007389,Unchanged
12319,0.0234621640884023,Downregulated
12320,0.279418377013387,Downregulated
12321,0.00542344595850618,Unchanged
12322,0.0189983536561709,Downregulated
12323,1.26470353823516,Unchanged
12324,0.363723537225566,Downregulated
12325,0,Unchanged
12326,9012209.0679514,Unchanged
12327,0,Unchanged
12328,0.582907870769229,Unchanged
12329,0,Unchanged
12330,0,Unchanged
12331,2.27968386182962,Upregulated
12332,1260749.91622058,Unchanged
12333,28697.9485520742,Unchanged
12334,0.0150022478171134,Downregulated
12335,2437581.46463567,Unchanged
12336,12.1487911411881,Upregulated
12337,0,Unchanged
12338,0.485577713579941,Downregulated
12339,0.45262342505142,Downregulated
12340,0.241734593667481,Downregulated
12341,0.122793090916704,Downregulated
12342,15.6552784739197,Upregulated
12343,0.919110098043709,Unchanged
12344,0.172935699924142,Downregulated
12345,27.6681958901252,Upregulated
12346,1649774.97982437,Unchanged
12347,2437581.46472297,Unchanged
12348,0,Unchanged
12349,515085.832660063,Unchanged
12350,0,Unchanged
12351,0,Unchanged
12352,4.06848289765047e-07,Unchanged
12353,103917.746577203,Unchanged
12354,489910.985236864,Unchanged
12355,51959.2303834373,Unchanged
12356,0.980168118058329,Unchanged
12357,4506107.70287656,Unchanged
12358,0,Unchanged
12359,0,Unchanged
12360,2237428.01833478,Unchanged
12361,0,Unchanged
12362,0,Unchanged
12363,0,Unchanged
12364,0,Unchanged
12365,0,Unchanged
12366,908806.346643401,Unchanged
12367,0,Unchanged
12368,1.69906369904098,Unchanged
12369,6.69091306114776,Upregulated
12370,0,Unchanged
12371,0,Unchanged
12372,0,Unchanged
12373,0,Unchanged
12374,0,Unchanged
12375,0,Unchanged
12376,0,Unchanged
12377,0,Unchanged
12378,0,Unchanged
12379,0,Unchanged
12380,0.201051211511045,Downregulated
12381,0.530786275259095,Unchanged
12382,10.6478186192869,Upregulated
12383,10019791.2420519,Unchanged
12384,0,Unchanged
12385,0,Unchanged
12386,0,Unchanged
12387,0,Unchanged
12388,0,Unchanged
12389,0,Unchanged
12390,68.0553060534162,Upregulated
12391,0,Unchanged
12392,14240111.3169396,Unchanged
12393,1.2386366230915,Unchanged
12394,3737894.87960374,Unchanged
12395,0,Unchanged
12396,0.336489525589253,Downregulated
12397,0,Unchanged
12398,0,Unchanged
12399,0,Unchanged
12400,7.82678064218505,Upregulated
12401,0,Unchanged
12402,0.00672069840475876,Unchanged
12403,0,Unchanged
12404,2.09390296541301e-06,Unchanged
12405,4.50997122042221e-08,Unchanged
12406,0,Unchanged
12407,0.29843886271942,Downregulated
12408,0.00356235339170292,Unchanged
12409,0,Unchanged
12410,1.03752948231518e-07,Unchanged
12411,0,Unchanged
12412,1.03752948231518e-07,Unchanged
12413,0,Unchanged
12414,4.19988814013535,Upregulated
12415,0,Unchanged
12416,1.03752948231518e-07,Unchanged
12417,0,Unchanged
12418,0.0748757690137664,Downregulated
12419,0,Unchanged
12420,0,Unchanged
12421,1.03757611832123e-07,Unchanged
12422,1.03757611832123e-07,Unchanged
12423,0,Unchanged
12424,0,Unchanged
12425,0,Unchanged
12426,0.00651920526433679,Unchanged
12427,79692.8729282587,Unchanged
12428,0,Unchanged
12429,1127086.3309831,Unchanged
12430,0.349758312349411,Downregulated
12431,0.00338533414883259,Unchanged
12432,5494804.29407493,Unchanged
12433,15658670.8437112,Unchanged
12434,144040.582484318,Unchanged
12435,0.349126735293591,Downregulated
12436,23.2508521165939,Upregulated
12437,0,Unchanged
12438,0.000267546791969533,Unchanged
12439,51092.6143925619,Unchanged
12440,7.71000217625328e-08,Unchanged
12441,7.71000217625328e-08,Unchanged
12442,0,Unchanged
12443,0,Unchanged
12444,0,Unchanged
12445,0.00170356807355404,Unchanged
12446,0.149191353279188,Downregulated
12447,86176.1092813937,Unchanged
12448,0,Unchanged
12449,619129.041335046,Unchanged
12450,54.4227644503825,Upregulated
12451,0,Unchanged
12452,18314938.6724592,Unchanged
12453,2932694.82124726,Unchanged
12454,0,Unchanged
12455,7.57611575750161e-08,Unchanged
12456,1.09582621770074e-07,Unchanged
12457,10.2527738804028,Upregulated
12458,0,Unchanged
12459,0,Unchanged
12460,351.510271676974,Upregulated
12461,0,Unchanged
12462,0,Unchanged
12463,4.56391989509843,Upregulated
12464,239228.63539411,Unchanged
12465,277000018.854663,Unchanged
12466,0,Unchanged
12467,0,Unchanged
12468,0,Unchanged
12469,30258182.9143117,Unchanged
12470,17.7248791699104,Upregulated
12471,232412.249337345,Unchanged
12472,12372995.5349145,Unchanged
12473,0,Unchanged
12474,0.478868355789906,Downregulated
12475,1.78315840847189,Unchanged
12476,0,Unchanged
12477,14203503.7122486,Unchanged
12478,0,Unchanged
12479,0,Unchanged
12480,0,Unchanged
12481,0,Unchanged
12482,4.80186781193342,Upregulated
12483,33553161.4354476,Unchanged
12484,0,Unchanged
12485,0,Unchanged
12486,0.0213987019743729,Downregulated
12487,0,Unchanged
12488,0.0176909424953164,Downregulated
12489,11.7635931556026,Upregulated
12490,10.9199197261533,Upregulated
12491,2.41914162252909,Upregulated
12492,176.594561094579,Upregulated
12493,26943815.8058076,Unchanged
12494,26897847.7129957,Unchanged
12495,26943815.7623488,Unchanged
12496,0,Unchanged
12497,1.07366903078484,Unchanged
12498,0.00821971837431736,Unchanged
12499,0,Unchanged
12500,0,Unchanged
12501,0,Unchanged
12502,0,Unchanged
12503,0.000286237318928267,Unchanged
12504,0.0149916022909092,Downregulated
12505,3892223.4494621,Unchanged
12506,10.345121278209,Upregulated
12507,4.04950124455263,Upregulated
12508,1795196.47770234,Unchanged
12509,0.0314870722869551,Downregulated
12510,1.24003413470479,Unchanged
12511,0,Unchanged
12512,2.48006907721287,Upregulated
12513,0.392393361009679,Downregulated
12514,0.0045192889274536,Unchanged
12515,0,Unchanged
12516,0,Unchanged
12517,0,Unchanged
12518,0.137765920752059,Downregulated
12519,1.28801925101417,Unchanged
12520,0.0126552680256053,Downregulated
12521,0.137591454957421,Downregulated
12522,1.24003417558267,Unchanged
12523,1.24003454294552,Unchanged
12524,1.2368465934045,Unchanged
12525,1.2400341836127,Unchanged
12526,1.26830958438732,Unchanged
12527,0.122130880310594,Downregulated
12528,0.000790158250850856,Unchanged
12529,0,Unchanged
12530,0.0832315951692643,Downregulated
12531,0.0244435511330441,Downregulated
12532,0.00939741973492994,Unchanged
12533,8.7080395871908e-08,Unchanged
12534,0,Unchanged
12535,0.863125896793114,Unchanged
12536,0,Unchanged
12537,3061985.40701576,Unchanged
12538,16824565.3605394,Unchanged
12539,0,Unchanged
12540,0.000218692638206873,Unchanged
12541,0.0085017324041126,Unchanged
12542,33.0787576664554,Upregulated
12543,1780127.34379289,Unchanged
12544,1017290.68823652,Unchanged
12545,1.24219805627115,Unchanged
12546,19864823.802329,Unchanged
12547,0,Unchanged
12548,0.154419228502388,Downregulated
12549,0,Unchanged
12550,0,Unchanged
12551,0,Unchanged
12552,0,Unchanged
12553,66.9566898759865,Upregulated
12554,66.9566899787923,Upregulated
12555,1.73617661881942,Unchanged
12556,0,Unchanged
12557,0,Unchanged
12558,0,Unchanged
12559,0.481146371928462,Downregulated
12560,1.6220757034572,Unchanged
12561,0,Unchanged
12562,0,Unchanged
12563,0,Unchanged
12564,0,Unchanged
12565,0,Unchanged
12566,0,Unchanged
12567,0,Unchanged
12568,0,Unchanged
12569,0,Unchanged
12570,9.66884286648712e-08,Unchanged
12571,9.68934731504504e-08,Unchanged
12572,0,Unchanged
12573,0,Unchanged
12574,0,Unchanged
12575,0,Unchanged
12576,5055572.8535607,Unchanged
12577,0,Unchanged
12578,0,Unchanged
12579,0,Unchanged
12580,0,Unchanged
12581,0,Unchanged
12582,0,Unchanged
12583,0,Unchanged
12584,0,Unchanged
12585,26.6731566441682,Upregulated
12586,0,Unchanged
12587,0,Unchanged
12588,3778951.53088459,Unchanged
12589,0,Unchanged
12590,0,Unchanged
12591,14842093.7656616,Unchanged
12592,0,Unchanged
12593,530191.637394915,Unchanged
12594,439366.849702814,Unchanged
12595,0,Unchanged
12596,18271681.2018347,Unchanged
12597,2295184.97898829,Unchanged
12598,0,Unchanged
12599,10127341.8306234,Unchanged
12600,14212578.5076219,Unchanged
12601,14803937.8889885,Unchanged
12602,5534078.56981837,Unchanged
12603,5534078.56981837,Unchanged
12604,0,Unchanged
12605,0,Unchanged
12606,0,Unchanged
12607,800953.198963437,Unchanged
12608,146.785036790657,Upregulated
12609,14240111.7549562,Unchanged
12610,14203503.0170313,Unchanged
12611,12944407.7868581,Unchanged
12612,0,Unchanged
12613,0,Unchanged
12614,156103.268620746,Unchanged
12615,10127341.5551543,Unchanged
12616,288081.198241016,Unchanged
12617,4031576.0556423,Unchanged
12618,42610508.8446777,Unchanged
12619,0,Unchanged
12620,0,Unchanged
12621,0,Unchanged
12622,34784.8326004904,Unchanged
12623,0,Unchanged
12624,601982.522321602,Unchanged
12625,0,Unchanged
12626,2959744.59487767,Unchanged
12627,6570.57610982625,Upregulated
12628,61317197.1979353,Unchanged
12629,4621383.29313007,Unchanged
12630,146.785036790657,Upregulated
12631,16065696.9064445,Unchanged
12632,273340.632246581,Unchanged
12633,0,Unchanged
12634,8574461.52296625,Unchanged
12635,0,Unchanged
12636,4031576.54057989,Unchanged
12637,0,Unchanged
12638,2.47428872934805,Upregulated
12639,0,Unchanged
12640,18602756.9253962,Unchanged
12641,0,Unchanged
12642,29440542.1159814,Unchanged
12643,0,Unchanged
12644,0,Unchanged
12645,0,Unchanged
12646,0,Unchanged
12647,6747726.70849047,Unchanged
12648,0,Unchanged
12649,0,Unchanged
12650,0,Unchanged
12651,0,Unchanged
12652,221381.750676823,Unchanged
12653,14240111.1325115,Unchanged
12654,0,Unchanged
12655,4367701.86286358,Unchanged
12656,0,Unchanged
12657,0,Unchanged
12658,0,Unchanged
12659,0,Unchanged
12660,0,Unchanged
12661,164618.705408994,Unchanged
12662,19347797.2974503,Unchanged
12663,0,Unchanged
12664,0.16299014981897,Downregulated
12665,1.46885555045319,Unchanged
12666,33772.0228999045,Unchanged
12667,38695594.3235984,Unchanged
12668,1.26974668166637,Unchanged
12669,22583868.5206368,Unchanged
12670,0.8554905801633,Unchanged
12671,8063152.08633903,Unchanged
12672,54604.4993585523,Unchanged
12673,33752.7870810546,Unchanged
12674,12328639.3869794,Unchanged
12675,56185.5371764781,Unchanged
12676,22035867.9290215,Unchanged
12677,31129472.263937,Unchanged
12678,28480222.9566282,Unchanged
12679,0,Unchanged
12680,0,Unchanged
12681,1.03639430563622e-05,Unchanged
12682,6.85872010888033e-06,Unchanged
12683,0,Unchanged
12684,0.0583593307403325,Downregulated
12685,0.64198935552928,Unchanged
12686,0,Unchanged
12687,0,Unchanged
12688,0.116619217278753,Downregulated
12689,0.116718721194623,Downregulated
12690,13.8368841535437,Upregulated
12691,111.438943157221,Upregulated
12692,34758.796428097,Unchanged
12693,0,Unchanged
12694,0.217165513410306,Downregulated
12695,0,Unchanged
12696,165.260591611862,Upregulated
12697,0.196345239238404,Downregulated
12698,0,Unchanged
12699,0,Unchanged
12700,0,Unchanged
12701,0,Unchanged
12702,2.53559646868638e-07,Unchanged
12703,0.306071187909257,Downregulated
12704,0.338695672794863,Downregulated
12705,0,Unchanged
12706,1601906.43752497,Unchanged
12707,3.64680330150853e-07,Unchanged
12708,2.11257031756896,Upregulated
12709,0.701855754125292,Unchanged
12710,3.24326340055057,Upregulated
12711,0.561289486133677,Unchanged
12712,5.36111166013569,Upregulated
12713,1.23746420016398,Unchanged
12714,2.85402333753125,Upregulated
12715,0.0248740401148785,Downregulated
12716,4.23699846181085,Upregulated
12717,2088364.7956954,Unchanged
12718,24523913.5942092,Unchanged
12719,1.2916778584612,Unchanged
12720,0,Unchanged
12721,0.436189931390791,Downregulated
12722,0,Unchanged
12723,1.37934357816746,Unchanged
12724,0.76606734364314,Unchanged
12725,0.1950512561656,Downregulated
12726,1.47329566068241,Unchanged
12727,6.10794314305488,Upregulated
12728,9.13120252703699e-08,Unchanged
12729,3.98196434774714,Upregulated
12730,0.953673992310432,Unchanged
12731,0.716589482327489,Unchanged
12732,4031576.26273358,Unchanged
12733,9.66975324306772,Upregulated
12734,0.0533123337113678,Downregulated
12735,0.0619940502390752,Downregulated
12736,0.000344658821961001,Unchanged
12737,1.19159407008054,Unchanged
12738,637506.029558841,Unchanged
12739,51634.7917133312,Unchanged
12740,3164109.63497321,Unchanged
12741,0,Unchanged
12742,1.19159390942444,Unchanged
12743,0.050841858569523,Downregulated
12744,0.0742248124211214,Downregulated
12745,0,Unchanged
12746,1.0172050519941e-07,Unchanged
12747,0,Unchanged
12748,472883.435564991,Unchanged
12749,2.15661708752967,Upregulated
12750,18.4162881929377,Upregulated
12751,1.22891666128594,Unchanged
12752,16.7993249530503,Upregulated
12753,0.0142065380042844,Downregulated
12754,2.40721215142194,Upregulated
12755,8.6303623754273e-08,Unchanged
12756,0,Unchanged
12757,76.1464154737962,Upregulated
12758,1.22574391059743,Unchanged
12759,45.5599344180717,Upregulated
12760,0.0456095093956425,Downregulated
12761,36.1786457544886,Upregulated
12762,0,Unchanged
12763,0,Unchanged
12764,0,Unchanged
12765,5.20316080066775,Upregulated
12766,2.54082547091622,Upregulated
12767,187.273945111907,Upregulated
12768,0,Unchanged
12769,0,Unchanged
12770,5.42593705947654e-07,Unchanged
12771,0.365996818314779,Downregulated
12772,38.0745269014544,Upregulated
12773,1.49401279589676,Unchanged
12774,5.41561787663013,Upregulated
12775,0.41672139068756,Downregulated
12776,0,Unchanged
12777,0,Unchanged
12778,0.231346547930426,Downregulated
12779,0.0154389725540297,Downregulated
12780,0.707245568493609,Unchanged
12781,0.0190453068945715,Downregulated
12782,357782.734655196,Unchanged
12783,357782.734655196,Unchanged
12784,0.0133139466674868,Downregulated
12785,0.012984897929843,Downregulated
12786,0.0128189578591241,Downregulated
12787,0,Unchanged
12788,0,Unchanged
12789,0,Unchanged
12790,0,Unchanged
12791,0.0339049520481715,Downregulated
12792,0.0339049520481715,Downregulated
12793,3.55222369203569,Upregulated
12794,0.100561683413069,Downregulated
12795,2649201.04544776,Unchanged
12796,0.921954530156636,Unchanged
12797,0,Unchanged
12798,0.143845757525162,Downregulated
12799,0,Unchanged
12800,88625.5953934655,Unchanged
12801,88625.5953934655,Unchanged
12802,0.00283944773609034,Unchanged
12803,0.00286932293248719,Unchanged
12804,0,Unchanged
12805,29.8174103485104,Upregulated
12806,46109168.9952245,Unchanged
12807,56960444.2534041,Unchanged
12808,1.19484938813594,Unchanged
12809,1.11705840428518,Unchanged
12810,4.92463511603609,Upregulated
12811,13918560.1900706,Unchanged
12812,1.10444902540386,Unchanged
12813,347.896592511092,Upregulated
12814,2.83596726322521,Upregulated
12815,1.36393716925493,Unchanged
12816,1.23746494601733,Unchanged
12817,0.746322173953243,Unchanged
12818,1.40549260223397,Unchanged
12819,1.23746469420359,Unchanged
12820,2.25779036480548,Upregulated
12821,0.109848530135783,Downregulated
12822,1.08660067363367,Unchanged
12823,1.38325518331978,Unchanged
12824,1.44851131072579,Unchanged
12825,7.30035459315588,Upregulated
12826,1.24398531081683,Unchanged
12827,2.25502579052076,Upregulated
12828,1.19384343252271,Unchanged
12829,1.19384343252271,Unchanged
12830,1.19384343252271,Unchanged
12831,1.19384343252271,Unchanged
12832,2.25887959765396,Upregulated
12833,2.25294402821086,Upregulated
12834,11.553009694892,Upregulated
12835,2.2588796012974,Upregulated
12836,1.19384343445544,Unchanged
12837,1.19384337299023,Unchanged
12838,1.1938433648772,Unchanged
12839,1.19384336525932,Unchanged
12840,27.2221582208288,Upregulated
12841,27.2221582208288,Upregulated
12842,27.2221582208288,Upregulated
12843,1.1938433648772,Unchanged
12844,27.2221582208288,Upregulated
12845,27.2221582208288,Upregulated
12846,27.2221596971843,Upregulated
12847,27.2221591463054,Upregulated
12848,0.995713065997316,Unchanged
12849,0.996902416780996,Unchanged
12850,0.995713065997316,Unchanged
12851,12.3877954383869,Upregulated
12852,12.3877954383869,Upregulated
12853,17.8449093828039,Upregulated
12854,17.8819637290515,Upregulated
12855,6.19361527652308,Upregulated
12856,1.2517880079331,Unchanged
12857,1.19641142982674,Unchanged
12858,1.19641149955465,Unchanged
12859,23.4501999738525,Upregulated
12860,1.48514943703307,Unchanged
12861,0,Unchanged
12862,0,Unchanged
12863,2.27119142106853,Upregulated
12864,9.76210932321919e-08,Unchanged
12865,0.0989367237381907,Downregulated
12866,0,Unchanged
12867,1.39917909541544,Unchanged
12868,0.00410848250663554,Unchanged
12869,11.5547085385166,Upregulated
12870,11.5844902963494,Upregulated
12871,0.747815059075561,Unchanged
12872,0,Unchanged
12873,0.0732119208745817,Downregulated
12874,0,Unchanged
12875,0.913022327576165,Unchanged
12876,0.913022330181265,Unchanged
12877,0.000755290524281587,Unchanged
12878,1.29267577258629,Unchanged
12879,1.43381188944067,Unchanged
12880,4.11916967270457,Upregulated
12881,4.11916967270457,Upregulated
12882,4.11916967270457,Upregulated
12883,0,Unchanged
12884,0.0251499173287968,Downregulated
12885,0.250206602955076,Downregulated
12886,0.202107785178565,Downregulated
12887,0.251531692528786,Downregulated
12888,0.202655796284154,Downregulated
12889,0.25700857044005,Downregulated
12890,0.257008562091649,Downregulated
12891,0.000541728485460258,Unchanged
12892,0.460040870594548,Downregulated
12893,2.55540842945889,Upregulated
12894,0.178078604000089,Downregulated
12895,0,Unchanged
12896,0,Unchanged
12897,6.99558279149564,Upregulated
12898,0.0053835544656092,Unchanged
12899,0.755403159232556,Unchanged
12900,0.424479122075047,Downregulated
12901,6.99558279149564,Upregulated
12902,1.25938928518506,Unchanged
12903,0.41711072448765,Downregulated
12904,0.418209659431232,Downregulated
12905,0.417134511248483,Downregulated
12906,0.331766010863066,Downregulated
12907,2.76905054422779,Upregulated
12908,1.38452523443371,Unchanged
12909,102.686041164422,Upregulated
12910,3.49054321580633,Upregulated
12911,6.98108661933323,Upregulated
12912,4.74380790845361e-05,Unchanged
12913,1.50921106354177,Unchanged
12914,0.339150589987695,Downregulated
12915,0.400413856410816,Downregulated
12916,1.10453225627113,Unchanged
12917,399582.348246324,Unchanged
12918,0,Unchanged
12919,0,Unchanged
12920,0,Unchanged
12921,0.0147675170348729,Downregulated
12922,1.39423362090101,Unchanged
12923,0,Unchanged
12924,0.00109222418448909,Unchanged
12925,12.1800585105064,Upregulated
12926,2.36537288184115,Upregulated
12927,0,Unchanged
12928,0,Unchanged
12929,0.140587874085602,Downregulated
12930,4.80427682520921,Upregulated
12931,10199420.3892494,Unchanged
12932,10199420.0579419,Unchanged
12933,0.356917143988286,Downregulated
12934,0,Unchanged
12935,0,Unchanged
12936,0,Unchanged
12937,8063152.31962643,Unchanged
12938,8063152.59472081,Unchanged
12939,48364216.7316593,Unchanged
12940,28405386.8964561,Unchanged
12941,0.0147753565734528,Downregulated
12942,0,Unchanged
12943,0,Unchanged
12944,0.0241535544725174,Downregulated
12945,0.0359528828654846,Downregulated
12946,0.427969430208252,Downregulated
12947,0.177090444264185,Downregulated
12948,0,Unchanged
12949,0.168849645365402,Downregulated
12950,0,Unchanged
12951,0,Unchanged
12952,0.351039627835507,Downregulated
12953,0,Unchanged
12954,0,Unchanged
12955,35781824.3481822,Unchanged
12956,0,Unchanged
12957,0,Unchanged
12958,0,Unchanged
12959,0,Unchanged
12960,0,Unchanged
12961,0,Unchanged
12962,0,Unchanged
12963,0,Unchanged
12964,0,Unchanged
12965,0,Unchanged
12966,0,Unchanged
12967,0,Unchanged
12968,0,Unchanged
12969,0,Unchanged
12970,0,Unchanged
12971,41.7131211828513,Upregulated
12972,8063152.11590416,Unchanged
12973,3061985.37903589,Unchanged
12974,13.0036306584518,Upregulated
12975,0,Unchanged
12976,41.6320562405551,Upregulated
12977,28405387.8696545,Unchanged
12978,41.6320539304991,Upregulated
12979,0,Unchanged
12980,0,Unchanged
12981,0.337453129495889,Downregulated
12982,1.19393186517861,Unchanged
12983,1.19393166605229,Unchanged
12984,0.304925815098779,Downregulated
12985,0,Unchanged
12986,0,Unchanged
12987,1.30839867853207,Unchanged
12988,0.349757343104156,Downregulated
12989,2.65534726940304,Upregulated
12990,14240112.4679532,Unchanged
12991,5.20315929277391,Upregulated
12992,0,Unchanged
12993,0.417440249914919,Downregulated
12994,0.347939624947786,Downregulated
12995,1.22637032230415,Unchanged
12996,3.3920506628142,Upregulated
12997,6.1291613434516,Upregulated
12998,11.1821798599617,Upregulated
12999,6.75158836996789,Upregulated
13000,11.1821791946772,Upregulated
13001,5.70537220969317,Upregulated
13002,3.15751380997142,Upregulated
13003,20.2052938674868,Upregulated
13004,1.47745349264721,Unchanged
13005,0.165447126192284,Downregulated
13006,0.243510393442248,Downregulated
13007,0.86238002361101,Unchanged
13008,0.770058986591394,Unchanged
13009,3.16583249165228,Upregulated
13010,20.15220113315,Upregulated
13011,3.16583228925787,Upregulated
13012,5.72040302932029,Upregulated
13013,0,Unchanged
13014,0,Unchanged
13015,0.244151915383666,Downregulated
13016,0.268759876780701,Downregulated
13017,0,Unchanged
13018,11.1527961788605,Upregulated
13019,5.72040328921346,Upregulated
13020,0.338425768353068,Downregulated
13021,1.19326728959951,Unchanged
13022,0,Unchanged
13023,0,Unchanged
13024,0,Unchanged
13025,0.946804691770782,Unchanged
13026,0.471531557844185,Downregulated
13027,0.949298957940846,Unchanged
13028,0.243510394527584,Downregulated
13029,0.243510394527584,Downregulated
13030,0.949298957940846,Unchanged
13031,11.182179588417,Upregulated
13032,5.70537220753333,Upregulated
13033,0.268053696030768,Downregulated
13034,11.182179588417,Upregulated
13035,5.72040333493238,Upregulated
13036,0.862380061882107,Unchanged
13037,3.15751392535346,Upregulated
13038,5.70537241817919,Upregulated
13039,11.1821796036914,Upregulated
13040,0.770866524525776,Unchanged
13041,0.215855185240555,Downregulated
13042,0,Unchanged
13043,0.0456053676739749,Downregulated
13044,0.43802229097502,Downregulated
13045,0.181878436301067,Downregulated
13046,0,Unchanged
13047,0,Unchanged
13048,0.862380058191118,Unchanged
13049,0.268759884125464,Downregulated
13050,3.16583228635584,Upregulated
13051,20.2052945200636,Upregulated
13052,0.862380058191118,Unchanged
13053,0.268759895412073,Downregulated
13054,0,Unchanged
13055,0.862380058191118,Unchanged
13056,0.949298955174547,Unchanged
13057,0.268759901055378,Downregulated
13058,0.244151937435726,Downregulated
13059,0.949298955174547,Unchanged
13060,0.862380058191118,Unchanged
13061,0.268759894850052,Downregulated
13062,0.244151931798567,Downregulated
13063,0.949298955174547,Unchanged
13064,0.0329012735726304,Downregulated
13065,0.268759898406951,Downregulated
13066,4.39207932829709,Upregulated
13067,0,Unchanged
13068,0,Unchanged
13069,26215.0993397915,Unchanged
13070,5.70569486192424,Upregulated
13071,3.15769378742615,Upregulated
13072,20.2052947424958,Upregulated
13073,3.15751381159525,Upregulated
13074,5.7053722126273,Upregulated
13075,1.19536893682361,Unchanged
13076,0,Unchanged
13077,0,Unchanged
13078,0.268053697250386,Downregulated
13079,0,Unchanged
13080,0,Unchanged
13081,0,Unchanged
13082,0,Unchanged
13083,0,Unchanged
13084,0.00553673752775838,Unchanged
13085,0,Unchanged
13086,0,Unchanged
13087,1.27373027463842,Unchanged
13088,0,Unchanged
13089,0,Unchanged
13090,0,Unchanged
13091,0,Unchanged
13092,0,Unchanged
13093,0,Unchanged
13094,0,Unchanged
13095,0,Unchanged
13096,0,Unchanged
13097,0,Unchanged
13098,0.0439908066908893,Downregulated
13099,0,Unchanged
13100,0.0439908055800319,Downregulated
13101,0.830378377008399,Unchanged
13102,0,Unchanged
13103,0,Unchanged
13104,0,Unchanged
13105,0,Unchanged
13106,0,Unchanged
13107,0,Unchanged
13108,0.160451523415355,Downregulated
13109,0.363910373611718,Downregulated
13110,0.305437048109376,Downregulated
13111,0.363910430357864,Downregulated
13112,0.338018925222359,Downregulated
13113,0.004356381334082,Unchanged
13114,0.676037860166363,Unchanged
13115,0.0043563806576481,Unchanged
13116,0.337442189386571,Downregulated
13117,0.676037754748821,Unchanged
13118,0.680394113183708,Unchanged
13119,0.341475680956781,Downregulated
13120,11.0926122852243,Upregulated
13121,11.0926122852243,Upregulated
13122,0,Unchanged
13123,4031576.29513725,Unchanged
13124,12094728.4288555,Unchanged
13125,16230221.699454,Unchanged
13126,4076568.14867626,Unchanged
13127,8146074.00847101,Unchanged
13128,8063152.20136589,Unchanged
13129,12063634.7344704,Unchanged
13130,4083534.97850295,Unchanged
13131,4031576.26814173,Unchanged
13132,8042423.13540258,Unchanged
13133,0,Unchanged
13134,0.00196462622746139,Unchanged
13135,51958.8718844858,Unchanged
13136,1946111.72473105,Unchanged
13137,1.21789979553891,Unchanged
13138,10.0976636332019,Upregulated
13139,0.4366679150122,Downregulated
13140,0,Unchanged
13141,14791150.9922302,Unchanged
13142,14791150.9922302,Unchanged
13143,2112170.45933994,Unchanged
13144,2112170.45933994,Unchanged
13145,0.152890843817058,Downregulated
13146,1.40146531114861,Unchanged
13147,63392.1678365334,Unchanged
13148,0.687297336945593,Unchanged
13149,14791150.9922302,Unchanged
13150,0,Unchanged
13151,0,Unchanged
13152,0.559377639367544,Unchanged
13153,0,Unchanged
13154,0.0530528315885061,Downregulated
13155,0,Unchanged
13156,0,Unchanged
13157,0.00606438336694274,Unchanged
13158,0.00284765898497913,Unchanged
13159,73295.9004961195,Unchanged
13160,0,Unchanged
13161,35615.7069767836,Unchanged
13162,113059.287062189,Unchanged
13163,112953.913975402,Unchanged
13164,113127.529805591,Unchanged
13165,113127.528376528,Unchanged
13166,0.00427830192552214,Unchanged
13167,0,Unchanged
13168,0,Unchanged
13169,0.00427830192552214,Unchanged
13170,0.00857067298569793,Unchanged
13171,0.0888625718762177,Downregulated
13172,0,Unchanged
13173,0.0620683809183307,Downregulated
13174,0,Unchanged
13175,864232.307890914,Unchanged
13176,864232.307890914,Unchanged
13177,864232.307890914,Unchanged
13178,0.00315909989965659,Unchanged
13179,1728464.61578183,Unchanged
13180,1728464.61578183,Unchanged
13181,1728464.61578183,Unchanged
13182,0.384546441111231,Downregulated
13183,0.0644401649522531,Downregulated
13184,0,Unchanged
13185,0.0880247131311725,Downregulated
13186,1677573.48121283,Unchanged
13187,0.000139063362150014,Unchanged
13188,293.570073581768,Upregulated
13189,0.000421702930171172,Unchanged
13190,0,Unchanged
13191,0,Unchanged
13192,1.75768269455343,Unchanged
13193,0.0473641590991842,Downregulated
13194,1.4807863204453,Unchanged
13195,1.47876863357289,Unchanged
13196,12387.7957746311,Upregulated
13197,7430901.67121277,Unchanged
13198,0,Unchanged
13199,1.03972448915822,Unchanged
13200,0,Unchanged
13201,386.346317857628,Upregulated
13202,244158272.074591,Unchanged
13203,244158272.074591,Unchanged
13204,9.26806348601149,Upregulated
13205,9.26806412443587,Upregulated
13206,9.26806346345845,Upregulated
13207,9.2680668308001,Upregulated
13208,244158272.074591,Unchanged
13209,10.6086650742904,Upregulated
13210,4365.73560309454,Upregulated
13211,24.3124815465653,Upregulated
13212,9.24886175545966,Upregulated
13213,5.78113195022565,Upregulated
13214,5.58496599325504,Upregulated
13215,235903388.676511,Unchanged
13216,235903388.676511,Unchanged
13217,0.0274510965867552,Downregulated
13218,28480221.896167,Unchanged
13219,1.38351402962438,Unchanged
13220,2.01366717947897,Upregulated
13221,0,Unchanged
13222,0,Unchanged
13223,0,Unchanged
13224,0,Unchanged
13225,35.9793202422507,Upregulated
13226,1403760.74467762,Unchanged
13227,0.0254177902982568,Downregulated
13228,0.025417789089125,Downregulated
13229,0.0955751564006915,Downregulated
13230,0.125679490107339,Downregulated
13231,0.125679495879524,Downregulated
13232,0.125679490637715,Downregulated
13233,1.07484647914417,Unchanged
13234,0.912792284924287,Unchanged
13235,0.217380104521074,Downregulated
13236,0.384386832039562,Downregulated
13237,183779.335802967,Unchanged
13238,0.0581153285729506,Downregulated
13239,0.220635176562822,Downregulated
13240,0.0581153309215889,Downregulated
13241,0.0581153309215889,Downregulated
13242,0.0406990288859451,Downregulated
13243,2.51113550666892,Upregulated
13244,0.02783773667919,Downregulated
13245,0.248506642085434,Downregulated
13246,4.10195975000218,Upregulated
13247,4.02623368306807,Upregulated
13248,4.0177072899647,Upregulated
13249,0.0547367365025733,Downregulated
13250,0.0547367068631614,Downregulated
13251,0.961313552578909,Unchanged
13252,0.0581153272748427,Downregulated
13253,0.0859530657930952,Downregulated
13254,0.0428874605370501,Downregulated
13255,0.0950391146134659,Downregulated
13256,2264351.30129253,Unchanged
13257,3795344.0509406,Unchanged
13258,0.628837431949371,Unchanged
13259,3683597.99901803,Unchanged
13260,1.38989773037675,Unchanged
13261,0.0790955567391718,Downregulated
13262,2264351.30224702,Unchanged
13263,0.829230919990887,Unchanged
13264,0.426011501976823,Downregulated
13265,0.534409783765109,Unchanged
13266,0.328774834175975,Downregulated
13267,0.0815290058868957,Downregulated
13268,0.0581153321678527,Downregulated
13269,0.199042779036523,Downregulated
13270,0.123381972026066,Downregulated
13271,0.123126341731985,Downregulated
13272,3250379.95610183,Unchanged
13273,3250379.95610183,Unchanged
13274,28633930.061751,Unchanged
13275,723172.611304988,Unchanged
13276,1757467.37273885,Unchanged
13277,1757467.37273885,Unchanged
13278,0.673807997141014,Unchanged
13279,0.160530767511705,Downregulated
13280,0.503380713359597,Unchanged
13281,0,Unchanged
13282,0.54485360049505,Unchanged
13283,0.301453917683065,Downregulated
13284,0.310368878288982,Downregulated
13285,796678.046560535,Unchanged
13286,0.0494087648952034,Downregulated
13287,0.0385355818371366,Downregulated
13288,0,Unchanged
13289,0,Unchanged
13290,0,Unchanged
13291,0,Unchanged
13292,0,Unchanged
13293,0,Unchanged
13294,0.0642973592137395,Downregulated
13295,0,Unchanged
13296,0,Unchanged
13297,0,Unchanged
13298,0,Unchanged
13299,0,Unchanged
13300,0,Unchanged
13301,0,Unchanged
13302,5.41315074388872,Upregulated
13303,0,Unchanged
13304,1.15110701664591,Unchanged
13305,0,Unchanged
13306,0,Unchanged
13307,0,Unchanged
13308,157196.173901564,Unchanged
13309,0.643488450707442,Unchanged
13310,0,Unchanged
13311,0,Unchanged
13312,0,Unchanged
13313,0,Unchanged
13314,0,Unchanged
13315,0,Unchanged
13316,0,Unchanged
13317,12.468233988211,Upregulated
13318,0,Unchanged
13319,0,Unchanged
13320,0,Unchanged
13321,0,Unchanged
13322,445886.205491451,Unchanged
13323,0.710895004812494,Unchanged
13324,0,Unchanged
13325,1132179.18981531,Unchanged
13326,0.0859530676480244,Downregulated
13327,2264351.23826137,Unchanged
13328,2264351.23826137,Unchanged
13329,0.107600358494059,Downregulated
13330,1420261.31436833,Unchanged
13331,0,Unchanged
13332,0,Unchanged
13333,0,Unchanged
13334,0.0581153149956733,Downregulated
13335,0,Unchanged
13336,0,Unchanged
13337,0.917139240589897,Unchanged
13338,21.0483370488887,Upregulated
13339,0,Unchanged
13340,3795344.05116702,Unchanged
13341,3795344.05116702,Unchanged
13342,0,Unchanged
13343,0,Unchanged
13344,0,Unchanged
13345,0,Unchanged
13346,0,Unchanged
13347,0,Unchanged
13348,0,Unchanged
13349,0.496212454124031,Downregulated
13350,0,Unchanged
13351,0.0909193158475059,Downregulated
13352,0.0895708504268253,Downregulated
13353,0,Unchanged
13354,0.442363779292824,Downregulated
13355,3259708.03488838,Unchanged
13356,1644241.37998015,Unchanged
13357,0.0634271001522665,Downregulated
13358,1.55714734400316,Unchanged
13359,0,Unchanged
13360,0,Unchanged
13361,0,Unchanged
13362,0,Unchanged
13363,0,Unchanged
13364,0,Unchanged
13365,0,Unchanged
13366,0.048888899129114,Downregulated
13367,0,Unchanged
13368,0,Unchanged
13369,0.0909651931965154,Downregulated
13370,1625189.97805091,Unchanged
13371,2194055.14211068,Unchanged
13372,16.1192935798984,Upregulated
13373,0,Unchanged
13374,3198373.15453733,Unchanged
13375,5162606.26790792,Unchanged
13376,0,Unchanged
13377,32.7390941027366,Upregulated
13378,0,Unchanged
13379,0,Unchanged
13380,16126304.3057212,Unchanged
13381,0,Unchanged
13382,0.345960061652742,Downregulated
13383,0,Unchanged
13384,0.15705760496112,Downregulated
13385,0.521119636650146,Unchanged
13386,0,Unchanged
13387,5403107.40051433,Unchanged
13388,0.354398802548692,Downregulated
13389,8063152.04383914,Unchanged
13390,1.01424843701659,Unchanged
13391,8063152.04383914,Unchanged
13392,4031576.02191957,Unchanged
13393,8063152.04383914,Unchanged
13394,0.306993957168226,Downregulated
13395,0.352285551422938,Downregulated
13396,8063152.04383914,Unchanged
13397,8063152.04383914,Unchanged
13398,7492063.11936358,Unchanged
13399,3965243.68947466,Unchanged
13400,5571300.54618064,Unchanged
13401,7492063.11931633,Unchanged
13402,4401346.72944313,Unchanged
13403,0,Unchanged
13404,8063152.09742595,Unchanged
13405,5571300.54618689,Unchanged
13406,0.317138278029519,Downregulated
13407,5.2228057976036,Upregulated
13408,0,Unchanged
13409,4.56172971090094,Upregulated
13410,0.375824392789656,Downregulated
13411,0.308424992661278,Downregulated
13412,1.1620009234837,Unchanged
13413,0.351555895652693,Downregulated
13414,0,Unchanged
13415,0.27545302965129,Downregulated
13416,0.271296577837584,Downregulated
13417,1.41759534549813,Unchanged
13418,0.275453031855594,Downregulated
13419,0,Unchanged
13420,0.276024899607522,Downregulated
13421,0,Unchanged
13422,0.46309628138298,Downregulated
13423,0.46309628138298,Downregulated
13424,0.350343552677871,Downregulated
13425,8216507.44355708,Unchanged
13426,5500524.44654622,Unchanged
13427,0,Unchanged
13428,6905071.94792906,Unchanged
13429,6905071.94792701,Unchanged
13430,4999763.90848063,Unchanged
13431,0.178117169732277,Downregulated
13432,0,Unchanged
13433,2351034.24345665,Unchanged
13434,3785033.75565639,Unchanged
13435,3785033.75565639,Unchanged
13436,7570067.51131278,Unchanged
13437,6966875.36736259,Unchanged
13438,13774.1855301086,Upregulated
13439,0,Unchanged
13440,7032495.61582286,Unchanged
13441,0,Unchanged
13442,0,Unchanged
13443,0.368547000563094,Downregulated
13444,0.222996792857391,Downregulated
13445,3785066.7530284,Unchanged
13446,0.238663621595475,Downregulated
13447,0.246931334088295,Downregulated
13448,7033902.28833106,Unchanged
13449,0.214598472731769,Downregulated
13450,0.214598472731769,Downregulated
13451,22.2014158290267,Upregulated
13452,876828.953088852,Unchanged
13453,1119333.85760993,Unchanged
13454,0.891083310418141,Unchanged
13455,9.46573153824012,Upregulated
13456,0.0212866200690201,Downregulated
13457,0.0212866200690201,Downregulated
13458,421996.582588368,Unchanged
13459,4.46456416568208,Upregulated
13460,80.5688865500735,Upregulated
13461,0,Unchanged
13462,0.326149330939751,Downregulated
13463,0.0644477149843846,Downregulated
13464,0.0193717761943422,Downregulated
13465,0.0579949223088562,Downregulated
13466,0.0579949055996989,Downregulated
13467,1.13638884024444e-07,Unchanged
13468,0,Unchanged
13469,3.34376947538529e-07,Unchanged
13470,1.0069631094217e-07,Unchanged
13471,4.20118773467209e-07,Unchanged
13472,4.20118657096186e-07,Unchanged
13473,4.20118727968728e-07,Unchanged
13474,1.70131802081164e-07,Unchanged
13475,3.33989304911284,Upregulated
13476,0.0829857093316344,Downregulated
13477,0.0113614358064311,Downregulated
13478,0.519402916794651,Unchanged
13479,0.0579948892273289,Downregulated
13480,0.07780658009447,Downregulated
13481,2.14384100009795,Upregulated
13482,0.0290576636772873,Downregulated
13483,18.6325419089937,Upregulated
13484,1.35543628045187,Unchanged
13485,122.96347928806,Upregulated
13486,1.55471899792433,Unchanged
13487,35781824.3481822,Unchanged
13488,0.254846113477125,Downregulated
13489,13.373747417562,Upregulated
13490,6.15253217940105,Upregulated
13491,16910674.4456096,Unchanged
13492,207.888168103444,Upregulated
13493,1.94354101590829,Unchanged
13494,8823.09152950035,Upregulated
13495,13.1037066552703,Upregulated
13496,0.0778065854099111,Downregulated
13497,8.89488689897964,Upregulated
13498,0.265357934685662,Downregulated
13499,1530992.76173267,Unchanged
13500,756233.343561416,Unchanged
13501,20.799504032891,Upregulated
13502,0.0574120962641064,Downregulated
13503,0.0286465715602931,Downregulated
13504,1.26779788804258e-07,Unchanged
13505,8.15034781655272e-07,Unchanged
13506,8.44505294321063e-07,Unchanged
13507,0,Unchanged
13508,7.01759106614223e-06,Unchanged
13509,5.94164952188348,Upregulated
13510,21.515889760141,Upregulated
13511,1.53240953563978e-07,Unchanged
13512,8.15034800593175e-07,Unchanged
13513,0.0579949212630208,Downregulated
13514,2.13930249250598,Upregulated
13515,0.0211502293234121,Downregulated
13516,1530992.70777148,Unchanged
13517,2107155.09195328,Unchanged
13518,2107155.09195328,Unchanged
13519,12.2423219038094,Upregulated
13520,0.0355937160187067,Downregulated
13521,0.0376637520933465,Downregulated
13522,0.234684813112677,Downregulated
13523,0.134482779810783,Downregulated
13524,0.30180979017586,Downregulated
13525,38.035377253105,Upregulated
13526,0.21895785234328,Downregulated
13527,0.333482793609405,Downregulated
13528,38.035377253105,Upregulated
13529,0,Unchanged
13530,6546669.78069783,Unchanged
13531,22.4508620022897,Upregulated
13532,0.523373384646492,Unchanged
13533,6.85404563369146,Upregulated
13534,6.85404563359843,Upregulated
13535,6.04692398504785,Upregulated
13536,6.04692398504785,Upregulated
13537,6.85404399434335,Upregulated
13538,6.85404399434335,Upregulated
13539,6546669.78069783,Unchanged
13540,6546669.78069783,Unchanged
13541,6546669.78069783,Unchanged
13542,6546669.78069783,Unchanged
13543,1.47269801713922,Unchanged
13544,1.47269801713922,Unchanged
13545,1.47269801713922,Unchanged
13546,1.47269801713922,Unchanged
13547,1.47269801713922,Unchanged
13548,8.22133017281491,Upregulated
13549,8.22133017281491,Upregulated
13550,8.22133017281491,Upregulated
13551,40.0395179739971,Upregulated
13552,5.55524896005552,Upregulated
13553,0.00593903509480304,Unchanged
13554,0.00596704835836174,Unchanged
13555,0.0138900207409144,Downregulated
13556,0.0277800693420601,Downregulated
13557,0.0857749375052476,Downregulated
13558,0.0857749378647503,Downregulated
13559,0.107600304403449,Downregulated
13560,0.143769833338551,Downregulated
13561,0.146394147942774,Downregulated
13562,0.190628685392805,Downregulated
13563,0.0651927316202043,Downregulated
13564,0.123126277434562,Downregulated
13565,0.124568772535772,Downregulated
13566,0.00375996892873502,Unchanged
13567,0.0678860744791702,Downregulated
13568,0.00433505585511281,Unchanged
13569,0.0678860333260559,Downregulated
13570,0.0665738795559072,Downregulated
13571,0.124568810051689,Downregulated
13572,0.125880960337415,Downregulated
13573,0.0907329937397993,Downregulated
13574,0.0907329937397993,Downregulated
13575,0.159011803016375,Downregulated
13576,0.0907329646082329,Downregulated
13577,0.0907329646082329,Downregulated
13578,0.0907329646082329,Downregulated
13579,0.0135369907080572,Downregulated
13580,0.00593294345988249,Unchanged
13581,0.00593294312556705,Unchanged
13582,0,Unchanged
13583,0.00593294276477837,Unchanged
13584,0.0135369983255679,Downregulated
13585,0.00178235013299992,Unchanged
13586,3728094.20597202,Unchanged
13587,0.305436874751542,Downregulated
13588,0.305436874751542,Downregulated
13589,0.305436874751542,Downregulated
13590,0.305436874751542,Downregulated
13591,0.305436874751542,Downregulated
13592,0.305436874751542,Downregulated
13593,0.305436874751542,Downregulated
13594,0.305436874751542,Downregulated
13595,0.30543704433628,Downregulated
13596,0.305436851834686,Downregulated
13597,0.305436851834686,Downregulated
13598,0.305436949918831,Downregulated
13599,0.305436949918831,Downregulated
13600,0.305436949918831,Downregulated
13601,0.305436949918831,Downregulated
13602,0.305436861001428,Downregulated
13603,0.305436861001428,Downregulated
13604,0.305436861001428,Downregulated
13605,0.305436863031328,Downregulated
13606,0.305436874751542,Downregulated
13607,0.305437032877852,Downregulated
13608,0.305436997930809,Downregulated
13609,10.5300183302058,Upregulated
13610,0.643272798006557,Unchanged
13611,0.95391817018113,Unchanged
13612,8063152.25293164,Unchanged
13613,10.8116069614919,Upregulated
13614,0.164120156377025,Downregulated
13615,26.4443433902,Upregulated
13616,8063152.25293164,Unchanged
13617,8063149.48576279,Unchanged
13618,4031574.74288139,Unchanged
13619,4031574.74288139,Unchanged
13620,0.182200364477288,Downregulated
13621,26.5004618323903,Upregulated
13622,8063149.48576279,Unchanged
13623,10.1163351656409,Upregulated
13624,4031574.74288139,Unchanged
13625,0.305436933684701,Downregulated
13626,8063151.78514421,Unchanged
13627,10.5518342930237,Upregulated
13628,0.306071078651736,Downregulated
13629,4.80449509582838,Upregulated
13630,4.80449642436963,Upregulated
13631,4031576.02191957,Unchanged
13632,4031576.02191957,Unchanged
13633,1.67067867787055,Unchanged
13634,8.01863742730069,Upregulated
13635,4031576.02191957,Unchanged
13636,2.9528169964503,Upregulated
13637,63.4174380965812,Upregulated
13638,4031747.72998225,Unchanged
13639,0.23355024175488,Downregulated
13640,0.233550250752611,Downregulated
13641,4.00153758262122,Upregulated
13642,0.23355024175488,Downregulated
13643,0.233550250752611,Downregulated
13644,0.103193671893106,Downregulated
13645,0.103193671870711,Downregulated
13646,0.103193671893106,Downregulated
13647,0.103193671870711,Downregulated
13648,6.63908208607459,Upregulated
13649,0.196329096222625,Downregulated
13650,0.120905628282604,Downregulated
13651,0.0868558399472606,Downregulated
13652,0.0426109465770385,Downregulated
13653,0.17517183035753,Downregulated
13654,0.305436944089264,Downregulated
13655,0.196329101313803,Downregulated
13656,0.0426109476820194,Downregulated
13657,0.10523568089532,Downregulated
13658,0.185001859411898,Downregulated
13659,0.175171829695156,Downregulated
13660,0.0426109330584971,Downregulated
13661,0.086855817507132,Downregulated
13662,0.350343757325334,Downregulated
13663,0.35034364843422,Downregulated
13664,0.350343552219534,Downregulated
13665,32239.7283653764,Unchanged
13666,0.305436839267282,Downregulated
13667,18204.0960666583,Upregulated
13668,0.196329033936212,Downregulated
13669,0.305436856472792,Downregulated
13670,18204.0960666583,Upregulated
13671,8063149.48576279,Unchanged
13672,8063149.48576279,Unchanged
13673,1203965.02313776,Unchanged
13674,0.00451538101800088,Unchanged
13675,533.774113853612,Upregulated
13676,0.0239862616909181,Downregulated
13677,0.00783947692212943,Unchanged
13678,0.000414683431982537,Unchanged
13679,0.0745560592938347,Downregulated
13680,16.6584612115863,Upregulated
13681,0.877798747871678,Unchanged
13682,7.28234698193002,Upregulated
13683,1.37436438194527e-08,Unchanged
13684,0.993609859538477,Unchanged
13685,0.018631892234121,Downregulated
13686,2.5312747436781,Upregulated
13687,0.0086052270662399,Unchanged
13688,7.74662896763555e-07,Unchanged
13689,0,Unchanged
13690,1.13883086566794,Unchanged
13691,0,Unchanged
13692,13.2875276860763,Upregulated
13693,0.726288023858163,Unchanged
13694,0,Unchanged
13695,4.13821280431411e-09,Unchanged
13696,3.33989304901222,Upregulated
13697,1.07361487890811e-07,Unchanged
13698,1.23001832176406,Unchanged
13699,0.708472686247077,Unchanged
13700,0.0364249483494563,Downregulated
13701,4.09239805776451e-08,Unchanged
13702,8.76828487606595e-08,Unchanged
13703,29.0444759633102,Upregulated
13704,7.57611981043738e-08,Unchanged
13705,8.68999495082789e-08,Unchanged
13706,8.68999495082789e-08,Unchanged
13707,0.382074642636544,Downregulated
13708,7.99485954473766e-07,Unchanged
13709,1.23746506037054,Unchanged
13710,1.23746500828348,Unchanged
13711,1.07601341064035,Unchanged
13712,1.23421344697117,Unchanged
13713,1.23421338874304,Unchanged
13714,1.07884823989062,Unchanged
13715,0.1536218194959,Downregulated
13716,0,Unchanged
13717,0.0204479682548843,Downregulated
13718,0.0204479575812157,Downregulated
13719,0.0243629469847849,Downregulated
13720,0.00544116653047748,Unchanged
13721,0,Unchanged
13722,0.0773465197708457,Downregulated
13723,0,Unchanged
13724,16.6684116777391,Upregulated
13725,14.5318654948606,Upregulated
13726,16.6684157569081,Upregulated
13727,16.6684157569081,Upregulated
13728,11.3294320149697,Upregulated
13729,0.119706474393021,Downregulated
13730,1.2374650345344,Unchanged
13731,0.0250342397056407,Downregulated
13732,0.0735396325280336,Downregulated
13733,1.07884722867373,Unchanged
13734,1.23746498808447,Unchanged
13735,1.23428375437873,Unchanged
13736,0.0791084648397958,Downregulated
13737,0.137306301464142,Downregulated
13738,0,Unchanged
13739,0,Unchanged
13740,91.2856609078608,Upregulated
13741,4.5999236870767,Upregulated
13742,0,Unchanged
13743,0,Unchanged
13744,7.57611992412421e-08,Unchanged
13745,0.127378528490561,Downregulated
13746,0.839335604434436,Unchanged
13747,8.68999528051973e-08,Unchanged
13748,0.0830591245501295,Downregulated
13749,7.57611992412421e-08,Unchanged
13750,7.57611992412421e-08,Unchanged
13751,2.64506270643795,Upregulated
13752,5.32876496562255,Upregulated
13753,0.0736859146537291,Downregulated
13754,0,Unchanged
13755,0.3503436417095,Downregulated
13756,0.286758778255729,Downregulated
13757,0.00204440051802681,Unchanged
13758,0,Unchanged
13759,0.383016371440125,Downregulated
13760,0.0098911547629747,Unchanged
13761,0.0362332894740813,Downregulated
13762,0,Unchanged
13763,0.165480789114898,Downregulated
13764,0.3054371237518,Downregulated
13765,1.23421269708859,Unchanged
13766,0.322432354868056,Downregulated
13767,0.0085640923877339,Unchanged
13768,0.00857056060500558,Unchanged
13769,0.322872310602848,Downregulated
13770,0.746264999515446,Unchanged
13771,0.00857067964773489,Unchanged
13772,1.26913068309785,Unchanged
13773,1.07884790618582,Unchanged
13774,1.23746357370429,Unchanged
13775,0,Unchanged
13776,7.57612001507368e-08,Unchanged
13777,1.08108779154205,Unchanged
13778,1.23746502724483,Unchanged
13779,1.25121013319789,Unchanged
13780,0,Unchanged
13781,8.68999378156321e-08,Unchanged
13782,1.08108832969937,Unchanged
13783,0,Unchanged
13784,8.68999544536564e-08,Unchanged
13785,1.08108832969937,Unchanged
13786,2.47000103512535,Upregulated
13787,0.043483326414292,Downregulated
13788,0.0314218340057083,Downregulated
13789,0,Unchanged
13790,1.40208454868945,Unchanged
13791,1.23746502546357,Unchanged
13792,2.31879855869193e-06,Unchanged
13793,4.43805159089059e-05,Unchanged
13794,0,Unchanged
13795,2.3187985617255e-06,Unchanged
13796,2.31879856208284e-06,Unchanged
13797,0,Unchanged
13798,0,Unchanged
13799,0.0314218361798264,Downregulated
13800,1.23746501506239,Unchanged
13801,1.07884790149724,Unchanged
13802,2.02157714850558e-06,Unchanged
13803,1.41886088666231e-06,Unchanged
13804,0,Unchanged
13805,2.02157714834681e-06,Unchanged
13806,5.24457681478351e-07,Unchanged
13807,0,Unchanged
13808,1.2374646170121,Unchanged
13809,23.7335653307611,Upregulated
13810,3.4468636124096,Upregulated
13811,0.0332629182082464,Downregulated
13812,2.32361283646713e-06,Unchanged
13813,2.31879780376083e-06,Unchanged
13814,1.4188608569594e-06,Unchanged
13815,1.41886085696405e-06,Unchanged
13816,0.0314218296171728,Downregulated
13817,0.0274510970129651,Downregulated
13818,0.0314218255197131,Downregulated
13819,2.31879783907345e-06,Unchanged
13820,2.02577488067802e-06,Unchanged
13821,1.08108787517863,Unchanged
13822,1.23746466588937,Unchanged
13823,1.23746466588937,Unchanged
13824,1.08108787517863,Unchanged
13825,1.08108787517863,Unchanged
13826,1.23746461556393,Unchanged
13827,1.23746461556393,Unchanged
13828,1.08108787517863,Unchanged
13829,0.102889163452305,Downregulated
13830,0.00227910322857158,Unchanged
13831,0,Unchanged
13832,0.0662934064170641,Downregulated
13833,0.0662934091031674,Downregulated
13834,0,Unchanged
13835,0.0128358676478935,Downregulated
13836,0.014635056654673,Downregulated
13837,0,Unchanged
13838,0,Unchanged
13839,3.54987634800456e-08,Unchanged
13840,0.0128358677722214,Downregulated
13841,0.576362598726206,Unchanged
13842,0,Unchanged
13843,7.2971258191501e-08,Unchanged
13844,26.712665668105,Upregulated
13845,0,Unchanged
13846,1.87587483982243e-06,Unchanged
13847,1.22446070730398e-06,Unchanged
13848,8.01891951353781e-07,Unchanged
13849,0,Unchanged
13850,2.02157181962108e-06,Unchanged
13851,1.39848064280258e-06,Unchanged
13852,0,Unchanged
13853,1.240034282755,Unchanged
13854,1.2374646711513,Unchanged
13855,0.031421824532876,Downregulated
13856,1.2374646711513,Unchanged
13857,1.23746472532166,Unchanged
13858,1.2374647019233,Unchanged
13859,1.23746467237813,Unchanged
13860,0.306787478649671,Downregulated
13861,1.23746469261455,Unchanged
13862,1.2374644546343,Unchanged
13863,0.306787478649671,Downregulated
13864,0.41334473312699,Downregulated
13865,0.618732364520049,Unchanged
13866,0.306787453354151,Downregulated
13867,0,Unchanged
13868,2.15438936511086e-08,Unchanged
13869,1.2374650463471,Unchanged
13870,0.0817230887664088,Downregulated
13871,0,Unchanged
13872,0.175171838819754,Downregulated
13873,0.175171883221165,Downregulated
13874,0.350343767015251,Downregulated
13875,0.175535604848884,Downregulated
13876,8.68999536578485e-08,Unchanged
13877,4.34499644086372e-08,Unchanged
13878,0,Unchanged
13879,0.350343678738573,Downregulated
13880,0.350343678738573,Downregulated
13881,4.94837624320002,Upregulated
13882,4.94837624320002,Upregulated
13883,0.0747323862333881,Downregulated
13884,0.0747323457665258,Downregulated
13885,2.49618559718857,Upregulated
13886,0,Unchanged
13887,0,Unchanged
13888,1.35108107052154,Unchanged
13889,1.35108107050297,Unchanged
13890,0.114117622743759,Downregulated
13891,0,Unchanged
13892,0,Unchanged
13893,0.440204521338607,Downregulated
13894,3.37896877815593,Upregulated
13895,0,Unchanged
13896,0,Unchanged
13897,1045136.62144831,Unchanged
13898,0,Unchanged
13899,0,Unchanged
13900,0,Unchanged
13901,0,Unchanged
13902,0,Unchanged
13903,0,Unchanged
13904,0,Unchanged
13905,0,Unchanged
13906,0,Unchanged
13907,0,Unchanged
13908,34067.5477430745,Unchanged
13909,0,Unchanged
13910,0,Unchanged
13911,0,Unchanged
13912,0,Unchanged
13913,0,Unchanged
13914,0,Unchanged
13915,0,Unchanged
13916,0,Unchanged
13917,0.00315202488860048,Unchanged
13918,0.00194022677452874,Unchanged
13919,0.00503232186235674,Unchanged
13920,0.00454363338329832,Unchanged
13921,0,Unchanged
13922,0.0044381903426765,Unchanged
13923,0.000742711020350884,Unchanged
13924,9.27684729250466e-05,Unchanged
13925,59106.2077341854,Unchanged
13926,0.00169558805184933,Unchanged
13927,0.00449632550166962,Unchanged
13928,6.21749919205022e-09,Unchanged
13929,0.0801492405752416,Downregulated
13930,0.0105347121876048,Downregulated
13931,0.00370472518840828,Unchanged
13932,0.171717152772854,Downregulated
13933,0,Unchanged
13934,0.726627420614263,Unchanged
13935,0,Unchanged
13936,0,Unchanged
13937,0.000259978383366091,Unchanged
13938,0,Unchanged
13939,0.00500379444442108,Unchanged
13940,6.31615471825676e-09,Unchanged
13941,1.18535840393845e-08,Unchanged
13942,0,Unchanged
13943,0,Unchanged
13944,0,Unchanged
13945,0.658265081863811,Unchanged
13946,5.04438966861385,Upregulated
13947,0.0350756753033515,Downregulated
13948,0,Unchanged
13949,0.851948223553778,Unchanged
13950,0.0926635068015922,Downregulated
13951,0.438960544262072,Downregulated
13952,0.849105475555139,Unchanged
13953,0.345720013989794,Downregulated
13954,0,Unchanged
13955,0,Unchanged
13956,0.0323931396025283,Downregulated
13957,0,Unchanged
13958,0.00934380741905668,Unchanged
13959,0,Unchanged
13960,0.338490665159904,Downregulated
13961,1.08828465641982,Unchanged
13962,0.0296249217933562,Downregulated
13963,1.08073088534154,Unchanged
13964,0,Unchanged
13965,3.97760223063114,Upregulated
13966,0,Unchanged
13967,0,Unchanged
13968,4.07835264598885e-07,Unchanged
13969,0,Unchanged
13970,27.1527867710753,Upregulated
13971,26.7572277259138,Upregulated
13972,0,Unchanged
13973,0,Unchanged
13974,0.0157048966538933,Downregulated
13975,9.83356560272572,Upregulated
13976,2.2709877183546,Upregulated
13977,0,Unchanged
13978,0,Unchanged
13979,0,Unchanged
13980,0,Unchanged
13981,0,Unchanged
13982,0,Unchanged
13983,0,Unchanged
13984,0,Unchanged
13985,0,Unchanged
13986,0.0178269622245767,Downregulated
13987,0,Unchanged
13988,14743892.4523724,Unchanged
13989,14351312.2856102,Unchanged
13990,0,Unchanged
13991,6186689.10661479,Unchanged
13992,0,Unchanged
13993,0,Unchanged
13994,0.0068047477946754,Unchanged
13995,0,Unchanged
13996,0,Unchanged
13997,0.286902697133177,Downregulated
13998,1.21332355175745,Unchanged
13999,6.60651990675561,Upregulated
14000,0,Unchanged
14001,0.0410822849722782,Downregulated
14002,0,Unchanged
14003,1.70294810988116,Unchanged
14004,0,Unchanged
14005,0,Unchanged
14006,0,Unchanged
14007,0,Unchanged
14008,0.00282201475555376,Unchanged
14009,0,Unchanged
14010,0,Unchanged
14011,0,Unchanged
14012,0.00804727653290738,Unchanged
14013,0,Unchanged
14014,0,Unchanged
14015,0,Unchanged
14016,5.90420584567715e-07,Unchanged
14017,0.501098430384557,Unchanged
14018,0,Unchanged
14019,0,Unchanged
14020,0,Unchanged
14021,0,Unchanged
14022,0,Unchanged
14023,0,Unchanged
14024,0,Unchanged
14025,0,Unchanged
14026,0,Unchanged
14027,0,Unchanged
14028,0,Unchanged
14029,0,Unchanged
14030,0,Unchanged
14031,0,Unchanged
14032,0.698441847814349,Unchanged
14033,0,Unchanged
14034,0,Unchanged
14035,0,Unchanged
14036,0,Unchanged
14037,0,Unchanged
14038,0,Unchanged
14039,0,Unchanged
14040,0,Unchanged
14041,0,Unchanged
14042,0,Unchanged
14043,0,Unchanged
14044,0,Unchanged
14045,0,Unchanged
14046,0,Unchanged
14047,0,Unchanged
14048,0,Unchanged
14049,0,Unchanged
14050,0,Unchanged
14051,0,Unchanged
14052,0,Unchanged
14053,9.60798036423157,Upregulated
14054,0,Unchanged
14055,0,Unchanged
14056,6.27434974599423e-08,Unchanged
14057,1.06456411774653,Unchanged
14058,459.990751622326,Upregulated
14059,0.138823632985964,Downregulated
14060,51.4459053296729,Upregulated
14061,14842570.7760789,Unchanged
14062,12372995.5349145,Unchanged
14063,239349.621418546,Unchanged
14064,1419141.08343239,Unchanged
14065,16.678780933175,Upregulated
14066,1.0239870185761,Unchanged
14067,1.02668479966268,Unchanged
14068,4.9360422814035,Upregulated
14069,0,Unchanged
14070,5.1283016590835,Upregulated
14071,2.14013666795989,Upregulated
14072,0.148541229644553,Downregulated
14073,0,Unchanged
14074,0.00361659137323919,Unchanged
14075,0.189417996644674,Downregulated
14076,0.154986129867033,Downregulated
14077,31.6553818298269,Upregulated
14078,1.28883156519031,Unchanged
14079,27.5462780786636,Upregulated
14080,0.0716159221077176,Downregulated
14081,0.89248074573002,Unchanged
14082,2.92954102736701,Upregulated
14083,0.231441192592127,Downregulated
14084,0.0604078310911313,Downregulated
14085,0,Unchanged
14086,0.596776754482782,Unchanged
14087,0.99302602821203,Unchanged
14088,0.288650331312435,Downregulated
14089,0.105527140953846,Downregulated
14090,0.210263061141096,Downregulated
14091,0,Unchanged
14092,21.7964241862693,Upregulated
14093,0,Unchanged
14094,0,Unchanged
14095,0,Unchanged
14096,0.0532426444730967,Downregulated
14097,1.6488411252022,Unchanged
14098,0.081460706739209,Downregulated
14099,0,Unchanged
14100,0,Unchanged
14101,0,Unchanged
14102,0.0163225706629622,Downregulated
14103,0.0201352999473223,Downregulated
14104,0.0163225692959435,Downregulated
14105,0.0130745976551402,Downregulated
14106,0,Unchanged
14107,0,Unchanged
14108,0.137405489055583,Downregulated
14109,0.0517707662795836,Downregulated
14110,0.00459672296249722,Unchanged
14111,456686.506205108,Unchanged
14112,4.78816573717847,Upregulated
14113,7.98263640371951,Upregulated
14114,2.41339971230694,Upregulated
14115,0,Unchanged
14116,0.0872128683149646,Downregulated
14117,0,Unchanged
14118,5.66010733874309,Upregulated
14119,0,Unchanged
14120,3164109.63497321,Unchanged
14121,29689250.1734526,Unchanged
14122,29689250.2581641,Unchanged
14123,6525.87679278846,Upregulated
14124,0.00121356765554951,Unchanged
14125,35354086.8762023,Unchanged
14126,0.00169427149310543,Unchanged
14127,9283772.38036536,Unchanged
14128,0,Unchanged
14129,0,Unchanged
14130,0,Unchanged
14131,2.13648620868823,Upregulated
14132,0,Unchanged
14133,0,Unchanged
14134,1.17095724595821,Unchanged
14135,0.650594503913192,Unchanged
14136,0,Unchanged
14137,0,Unchanged
14138,0,Unchanged
14139,1.95488150754922,Unchanged
14140,1.35794339553201,Unchanged
14141,0.0577935686202518,Downregulated
14142,3.96301713863068e-07,Unchanged
14143,0,Unchanged
14144,3.96301713863068e-07,Unchanged
14145,0,Unchanged
14146,18.0508656359183,Upregulated
14147,18.0508656359183,Upregulated
14148,0.0972767692665555,Downregulated
14149,1.46333758248101,Unchanged
14150,0,Unchanged
14151,0.394228210039801,Downregulated
14152,1.20506813573229e-07,Unchanged
14153,14376123.7674632,Unchanged
14154,14376124.8717748,Unchanged
14155,0.545432887694298,Unchanged
14156,8.68999297836126e-08,Unchanged
14157,8.70803966108724e-08,Unchanged
14158,8.70803966108724e-08,Unchanged
14159,0,Unchanged
14160,1.25187854677339,Unchanged
14161,0,Unchanged
14162,0.0708039335832975,Downregulated
14163,0.0708039335832975,Downregulated
14164,2.42837699876404,Upregulated
14165,1.94867300989193,Unchanged
14166,18.8986069417598,Upregulated
14167,18.8986069417598,Upregulated
14168,0,Unchanged
14169,8.70803966108724e-08,Unchanged
14170,1.5712007830843,Unchanged
14171,0,Unchanged
14172,0.854710205709418,Unchanged
14173,0.386378255909533,Downregulated
14174,3.70354459194683,Upregulated
14175,3.70354483972946,Upregulated
14176,3.86131892938274,Upregulated
14177,0,Unchanged
14178,0,Unchanged
14179,0.220355862975643,Downregulated
14180,0.035105966391679,Downregulated
14181,0.378772121692527,Downregulated
14182,0,Unchanged
14183,1.53996953126066,Unchanged
14184,1.54295288566528,Unchanged
14185,2.38260833024937,Upregulated
14186,2.38260835824467,Upregulated
14187,0,Unchanged
14188,0,Unchanged
14189,0,Unchanged
14190,0.113627149794505,Downregulated
14191,0.336685792834158,Downregulated
14192,0,Unchanged
14193,0,Unchanged
14194,0,Unchanged
14195,0,Unchanged
14196,3.87149069218847,Upregulated
14197,0.336685797643912,Downregulated
14198,0.0792648487281275,Downregulated
14199,0.0792648482397173,Downregulated
14200,0.336685783094407,Downregulated
14201,0.039777428972379,Downregulated
14202,0.220158430296515,Downregulated
14203,1.1480048551874,Unchanged
14204,1.94054920193051,Unchanged
14205,4.50568968817211,Upregulated
14206,0,Unchanged
14207,2.19121498864448,Upregulated
14208,1.91112122840065,Unchanged
14209,0,Unchanged
14210,2.19121498864448,Upregulated
14211,0,Unchanged
14212,0.651662913881208,Unchanged
14213,0.106644176027493,Downregulated
14214,1.36139062574894,Unchanged
14215,1.99179314830775,Unchanged
14216,1.09849398235557,Unchanged
14217,0,Unchanged
14218,0.299589276869832,Downregulated
14219,0.864157000334046,Unchanged
14220,0,Unchanged
14221,0,Unchanged
14222,0.0261838860098163,Downregulated
14223,0,Unchanged
14224,0,Unchanged
14225,0,Unchanged
14226,0,Unchanged
14227,29.0047668194785,Upregulated
14228,5.4860047710843,Upregulated
14229,1.90721718858316e-05,Unchanged
14230,0,Unchanged
14231,23051029.0007989,Unchanged
14232,2.05548390303405,Upregulated
14233,2.05809088726092,Upregulated
14234,0,Unchanged
14235,0,Unchanged
14236,8.18592544315504,Upregulated
14237,16.1785721691383,Upregulated
14238,42.3485810396725,Upregulated
14239,147.953811742924,Upregulated
14240,3660.32110708033,Upregulated
14241,3660.15263016118,Upregulated
14242,3368.82599100602,Upregulated
14243,3368.82599100602,Upregulated
14244,1028.48019894768,Upregulated
14245,12.4527402790659,Upregulated
14246,63.968761808885,Upregulated
14247,0,Unchanged
14248,319.174675279735,Upregulated
14249,0.0204894940612328,Downregulated
14250,0.982403599695593,Unchanged
14251,0.984306703020079,Unchanged
14252,0.982403599695593,Unchanged
14253,0.984306780091827,Unchanged
14254,1.03733538872497e-07,Unchanged
14255,1.03733538872497e-07,Unchanged
14256,1.03733538872497e-07,Unchanged
14257,8.64201909018427e-08,Unchanged
14258,0.0943631224662147,Downregulated
14259,8.64201909018427e-08,Unchanged
14260,0,Unchanged
14261,8.43978734628224e-08,Unchanged
14262,0,Unchanged
14263,8.43978734628224e-08,Unchanged
14264,8.43978734628224e-08,Unchanged
14265,8.43978734628224e-08,Unchanged
14266,8.43978734628224e-08,Unchanged
14267,0,Unchanged
14268,0,Unchanged
14269,0.493687986676037,Downregulated
14270,0.493687983709591,Downregulated
14271,0.0209233047129589,Downregulated
14272,0.0209230156752562,Downregulated
14273,2.38530476142432,Upregulated
14274,8.4397846257444e-08,Unchanged
14275,8.4397846257444e-08,Unchanged
14276,0.511602969691542,Unchanged
14277,2.16947108117223,Upregulated
14278,8.4397846257444e-08,Unchanged
14279,0.397803071800846,Downregulated
14280,0.0120522147477294,Downregulated
14281,0,Unchanged
14282,0.316623302751359,Downregulated
14283,0,Unchanged
14284,0,Unchanged
14285,0,Unchanged
14286,0,Unchanged
14287,0,Unchanged
14288,0,Unchanged
14289,0,Unchanged
14290,0,Unchanged
14291,2.43620078874772,Upregulated
14292,0,Unchanged
14293,0,Unchanged
14294,23.3184366711513,Upregulated
14295,0,Unchanged
14296,2.38945783219435e-06,Unchanged
14297,2.38945783219435e-06,Unchanged
14298,2.38956684964364e-06,Unchanged
14299,0.293116384508337,Downregulated
14300,8.99823492756284,Upregulated
14301,2.38956684964364e-06,Unchanged
14302,1.03733569806863e-07,Unchanged
14303,1.03733569806863e-07,Unchanged
14304,0.0127244855855216,Downregulated
14305,0,Unchanged
14306,0.214367073015217,Downregulated
14307,0.107134856225205,Downregulated
14308,0,Unchanged
14309,1.33142760558612,Unchanged
14310,9.74226779014607e-06,Unchanged
14311,8.52547973319778e-07,Unchanged
14312,9.57274422698893e-08,Unchanged
14313,0,Unchanged
14314,1.82449348310591,Unchanged
14315,1.52670407671379,Unchanged
14316,1.99880984672973,Unchanged
14317,2.3862937480117,Upregulated
14318,0.24941854044034,Downregulated
14319,0.838932185971226,Unchanged
14320,0.326052298404964,Downregulated
14321,0,Unchanged
14322,2.29454475277284,Upregulated
14323,0,Unchanged
14324,0,Unchanged
14325,1.08092216743983,Unchanged
14326,0,Unchanged
14327,1.01614737598803e-07,Unchanged
14328,4.11459449551899e-08,Unchanged
14329,2.45677213346877,Upregulated
14330,0,Unchanged
14331,0,Unchanged
14332,0,Unchanged
14333,0,Unchanged
14334,0,Unchanged
14335,0,Unchanged
14336,0,Unchanged
14337,0,Unchanged
14338,0,Unchanged
14339,0,Unchanged
14340,0,Unchanged
14341,0,Unchanged
14342,0,Unchanged
14343,0,Unchanged
14344,0,Unchanged
14345,0,Unchanged
14346,0,Unchanged
14347,0,Unchanged
14348,1.16607999559745,Unchanged
14349,1.19518624324463,Unchanged
14350,0,Unchanged
14351,2.86091518686038,Upregulated
14352,3.61395737705809,Upregulated
14353,4.22908139627084,Upregulated
14354,27.1172992459438,Upregulated
14355,5.61930304877792,Upregulated
14356,3.38670433815442,Upregulated
14357,0,Unchanged
14358,0,Unchanged
14359,8.93435815714211,Upregulated
14360,0.398236622898413,Downregulated
14361,2.81224518159498,Upregulated
14362,1.45317396969647,Unchanged
14363,5.02922837313236e-08,Unchanged
14364,0,Unchanged
14365,0.337758576426269,Downregulated
14366,0.241386773512273,Downregulated
14367,5.20501294758218e-06,Unchanged
14368,5.2048159729567e-06,Unchanged
14369,1.47060197591245,Unchanged
14370,0,Unchanged
14371,4.80144899292006,Upregulated
14372,8.11300547638893e-07,Unchanged
14373,0.0877376213790322,Downregulated
14374,1.0316761898615e-06,Unchanged
14375,4.07084333131522e-05,Unchanged
14376,8.46280390197634,Upregulated
14377,0.665774889097617,Unchanged
14378,0.0714797581274691,Downregulated
14379,0,Unchanged
14380,0,Unchanged
14381,0,Unchanged
14382,0,Unchanged
14383,1.57120077635064,Unchanged
14384,12.2314090389879,Upregulated
14385,17.0407992559288,Upregulated
14386,1.23451484924061,Unchanged
14387,8.70803966108724e-08,Unchanged
14388,8.85839461439289e-08,Unchanged
14389,8.70803966108724e-08,Unchanged
14390,0.992803922523037,Unchanged
14391,0.992803864487598,Unchanged
14392,0,Unchanged
14393,1.57799171791454,Unchanged
14394,0.848228319707077,Unchanged
14395,1.27507305092837,Unchanged
14396,0.336685873433468,Downregulated
14397,1.27507305092837,Unchanged
14398,0,Unchanged
14399,0,Unchanged
14400,0,Unchanged
14401,35113621.3365193,Unchanged
14402,0,Unchanged
14403,0,Unchanged
14404,18.9483911853794,Upregulated
14405,18.9483911853794,Upregulated
14406,18.9483909627386,Upregulated
14407,18.9483911853794,Upregulated
14408,18.7398904288804,Upregulated
14409,20.3604641608635,Upregulated
14410,20.3604634431662,Upregulated
14411,4.85612564819214,Upregulated
14412,18.8986014397109,Upregulated
14413,0.168129647748651,Downregulated
14414,0,Unchanged
14415,8.70803722818891e-08,Unchanged
14416,0,Unchanged
14417,8.70803722818891e-08,Unchanged
14418,0,Unchanged
14419,12.4715482965815,Upregulated
14420,14.0427454512741,Upregulated
14421,12.4394863932881,Upregulated
14422,15.5729182117113,Upregulated
14423,17.1587734443788,Upregulated
14424,0.119849351216246,Downregulated
14425,0,Unchanged
14426,0,Unchanged
14427,8.70803966108724e-08,Unchanged
14428,0,Unchanged
14429,0,Unchanged
14430,12.4715519274887,Upregulated
14431,12.4715519274887,Upregulated
14432,14.0427493746119,Upregulated
14433,14.0427493746119,Upregulated
14434,12.4394870428974,Upregulated
14435,12.4394870428974,Upregulated
14436,15.5729225625571,Upregulated
14437,15.5729225625571,Upregulated
14438,17.1587784399025,Upregulated
14439,17.1587784399025,Upregulated
14440,1.27703252029962,Unchanged
14441,8.70803966108724e-08,Unchanged
14442,8.70803966108724e-08,Unchanged
14443,8.70803935413278e-08,Unchanged
14444,0,Unchanged
14445,0.0708039335832975,Downregulated
14446,8.70803989414526e-08,Unchanged
14447,8.70803966108724e-08,Unchanged
14448,813086.915977209,Unchanged
14449,8.70803712587076e-08,Unchanged
14450,1.17049286031068e-06,Unchanged
14451,8.70803722818891e-08,Unchanged
14452,1.17049285974569e-06,Unchanged
14453,1.23451456021472,Unchanged
14454,1.17049285974569e-06,Unchanged
14455,0,Unchanged
14456,0,Unchanged
14457,0,Unchanged
14458,0,Unchanged
14459,0,Unchanged
14460,0,Unchanged
14461,0,Unchanged
14462,0,Unchanged
14463,0,Unchanged
14464,0,Unchanged
14465,0.202635003317232,Downregulated
14466,0,Unchanged
14467,0,Unchanged
14468,0,Unchanged
14469,0,Unchanged
14470,0,Unchanged
14471,0,Unchanged
14472,0,Unchanged
14473,0,Unchanged
14474,0,Unchanged
14475,0,Unchanged
14476,0,Unchanged
14477,0,Unchanged
14478,0,Unchanged
14479,0,Unchanged
14480,1.65097564634725,Unchanged
14481,0.00781216766428556,Unchanged
14482,0,Unchanged
14483,0.0341466687902934,Downregulated
14484,0,Unchanged
14485,0,Unchanged
14486,0,Unchanged
14487,0,Unchanged
14488,0,Unchanged
14489,0,Unchanged
14490,229919.08489992,Unchanged
14491,1.30617411108874,Unchanged
14492,0,Unchanged
14493,0.805440822000774,Unchanged
14494,1.1817761507733e-07,Unchanged
14495,4.45894985690597e-07,Unchanged
14496,4.04191710052853e-07,Unchanged
14497,0,Unchanged
14498,217024814.737697,Unchanged
14499,73.4397796779382,Upregulated
14500,1045433.32300795,Unchanged
14501,0.586227217574494,Unchanged
14502,0.834681988871769,Unchanged
14503,9.40287132625306,Upregulated
14504,18654551.2397769,Unchanged
14505,27441510.7067932,Unchanged
14506,0.35952584175814,Downregulated
14507,8880117.97500445,Unchanged
14508,23050800.5382628,Unchanged
14509,6061801.24704803,Unchanged
14510,0.741047740416819,Unchanged
14511,14139474.6109522,Unchanged
14512,14139474.6109522,Unchanged
14513,3011281427.9629,Unchanged
14514,0.0292409809634833,Downregulated
14515,4.51171719942906,Upregulated
14516,4.53299679759655,Upregulated
14517,14.8257362471069,Upregulated
14518,3057814.26665377,Unchanged
14519,93830317.2610846,Unchanged
14520,57.4394969955867,Upregulated
14521,4.7754303621958,Upregulated
14522,0,Unchanged
14523,1.57996211766353,Unchanged
14524,26.7253515430227,Upregulated
14525,1.56531509289053,Unchanged
14526,0,Unchanged
14527,0,Unchanged
14528,0,Unchanged
14529,0,Unchanged
14530,0,Unchanged
14531,0.0134824861225032,Downregulated
14532,0,Unchanged
14533,7.92716865538117,Upregulated
14534,1.4153558265512,Unchanged
14535,114.122984200181,Upregulated
14536,6.60901694331895,Upregulated
14537,2.32974164808728,Upregulated
14538,2.55417464739608,Upregulated
14539,1.99441241576415,Unchanged
14540,6.20491746978217,Upregulated
14541,1.15104123729138,Unchanged
14542,0,Unchanged
14543,1.10594911464622e-06,Unchanged
14544,3.15490426088307,Upregulated
14545,47782852.9299381,Unchanged
14546,21.0057956979374,Upregulated
14547,0.308628322432359,Downregulated
14548,0.0974615764902726,Downregulated
14549,0,Unchanged
14550,4298309.14878714,Unchanged
14551,8756813.74307849,Unchanged
14552,2.95129276907206,Upregulated
14553,0,Unchanged
14554,5.5489662088631,Upregulated
14555,19.8428644850777,Upregulated
14556,0,Unchanged
14557,0,Unchanged
14558,35113621.3365193,Unchanged
14559,14139475.2019014,Unchanged
14560,14139475.2019014,Unchanged
14561,217024814.737697,Unchanged
14562,217024814.737697,Unchanged
14563,0,Unchanged
14564,3488789.68602356,Unchanged
14565,0,Unchanged
14566,0,Unchanged
14567,0,Unchanged
14568,0,Unchanged
14569,0,Unchanged
14570,4.03943726281484e-07,Unchanged
14571,0.211083441082991,Downregulated
14572,0,Unchanged
14573,9.70181580557408,Upregulated
14574,0.294268091231237,Downregulated
14575,1.79064492672326,Unchanged
14576,48016970.4958697,Unchanged
14577,0.253488246869159,Downregulated
14578,0,Unchanged
14579,0,Unchanged
14580,4.19229939552951,Upregulated
14581,91.5670211928999,Upregulated
14582,1.3935938299518,Unchanged
14583,1.19316730235543,Unchanged
14584,0,Unchanged
14585,0,Unchanged
14586,1.07350880121657,Unchanged
14587,0.0165615787600103,Downregulated
14588,0.00123391093315175,Unchanged
14589,0,Unchanged
14590,0,Unchanged
14591,8.79057724900711e-08,Unchanged
14592,0,Unchanged
14593,0,Unchanged
14594,1.36980538473499,Unchanged
14595,1.3662838271209,Unchanged
14596,0,Unchanged
14597,3866379.56913324,Unchanged
14598,0.293529705624364,Downregulated
14599,3339724.61161666,Unchanged
14600,3856220.49652513,Unchanged
14601,3966409.73393544,Unchanged
14602,3856220.39281905,Unchanged
14603,3348523.19421598,Unchanged
14604,3856440.42338672,Unchanged
14605,0.293529716752588,Downregulated
14606,3856220.61246022,Unchanged
14607,3866379.74460581,Unchanged
14608,0.29275844741463,Downregulated
14609,3859783.75559534,Unchanged
14610,3859783.38788488,Unchanged
14611,0.906337469514021,Unchanged
14612,0.904459068813721,Unchanged
14613,0.904459068813721,Unchanged
14614,0.293028958436225,Downregulated
14615,2.07371760441095,Upregulated
14616,17.164330167005,Upregulated
14617,17.1643299275071,Upregulated
14618,3.62836469642945,Upregulated
14619,5.68612251450843,Upregulated
14620,3.6190367215741,Upregulated
14621,1.21954649682671,Unchanged
14622,9.04632869021021,Upregulated
14623,0.500000037959246,Unchanged
14624,0.411955904582777,Downregulated
14625,0.279526162551716,Downregulated
14626,602908.319381194,Unchanged
14627,3691213.48474487,Unchanged
14628,1.06390010508357,Unchanged
14629,0,Unchanged
14630,0,Unchanged
14631,0,Unchanged
14632,0,Unchanged
14633,0,Unchanged
14634,0,Unchanged
14635,0.0393148951667609,Downregulated
14636,0,Unchanged
14637,0.560503590434008,Unchanged
14638,34.1159064210282,Upregulated
14639,4.07558269643104,Upregulated
14640,16.0731575158482,Upregulated
14641,0.111013569215426,Downregulated
14642,2.90535416726926,Upregulated
14643,0,Unchanged
14644,9.94043305234447,Upregulated
14645,9.94043358559374,Upregulated
14646,12.2582627915113,Upregulated
14647,12.2582626848364,Upregulated
14648,2.67421326759548,Upregulated
14649,3.22878039996108,Upregulated
14650,3.22878039996108,Upregulated
14651,2.26054238820865,Upregulated
14652,0.0149954512852324,Downregulated
14653,0.0617283226787706,Downregulated
14654,0,Unchanged
14655,17.7506751335261,Upregulated
14656,17.7506751335261,Upregulated
14657,54.7890058936165,Upregulated
14658,54.7890068405891,Upregulated
14659,50.4281238895236,Upregulated
14660,50.4281243035983,Upregulated
14661,50.4281248192188,Upregulated
14662,50.4281248192188,Upregulated
14663,3.12857513499851,Upregulated
14664,6.79259051968632,Upregulated
14665,6.16870881132575,Upregulated
14666,50.4281204153998,Upregulated
14667,50.4281267618386,Upregulated
14668,16.3387616347056,Upregulated
14669,16.3387616347056,Upregulated
14670,17.7506793865474,Upregulated
14671,2.80968370227513,Upregulated
14672,0,Unchanged
14673,10.6944792170492,Upregulated
14674,14.0015545208547,Upregulated
14675,41.279238597339,Upregulated
14676,41.1994314890652,Upregulated
14677,41.1731202744664,Upregulated
14678,13.5767968058597,Upregulated
14679,14.959378843599,Upregulated
14680,50.4310145623155,Upregulated
14681,1.01950205168904e-07,Unchanged
14682,0,Unchanged
14683,3.7503335872194,Upregulated
14684,10.8443868759059,Upregulated
14685,0.00821016104484411,Unchanged
14686,5.08074826755327,Upregulated
14687,3.37524679572114,Upregulated
14688,0,Unchanged
14689,0.067375315621872,Downregulated
14690,1.14922745061476e-07,Unchanged
14691,0.664374410880395,Unchanged
14692,3.22878109620866,Upregulated
14693,3.22878109620866,Upregulated
14694,3.22878109620866,Upregulated
14695,3.22882692792046,Upregulated
14696,3.69586636090571,Upregulated
14697,3.69586624150187,Upregulated
14698,3.22213561083663,Upregulated
14699,3.2221355067378,Upregulated
14700,3.22213561083663,Upregulated
14701,0.060040340451958,Downregulated
14702,2.141209280461,Upregulated
14703,0,Unchanged
14704,0,Unchanged
14705,0,Unchanged
14706,0,Unchanged
14707,0.00939773353028629,Unchanged
14708,0.060040340451958,Downregulated
14709,31.3303926764337,Upregulated
14710,10.8504239389457,Upregulated
14711,10.8225270426019,Upregulated
14712,13.5843548109113,Upregulated
14713,14.9283763103309,Upregulated
14714,0.8107461436553,Unchanged
14715,0.8107461436553,Unchanged
14716,161261890.404144,Unchanged
14717,0,Unchanged
14718,0,Unchanged
14719,142850601.593888,Unchanged
14720,178833849.737114,Unchanged
14721,17.1232232820971,Upregulated
14722,35.9367487904961,Upregulated
14723,31.330390983921,Upregulated
14724,31.3303909604139,Upregulated
14725,31.3303909604139,Upregulated
14726,10.8219120265239,Upregulated
14727,31.330390983921,Upregulated
14728,31.3303909604139,Upregulated
14729,31.330390983921,Upregulated
14730,31.330390983921,Upregulated
14731,31.3303909604139,Upregulated
14732,31.330390983921,Upregulated
14733,35.9367487904961,Upregulated
14734,35.9367487904961,Upregulated
14735,31.3303909604139,Upregulated
14736,53.4497577154776,Upregulated
14737,53.4497577154776,Upregulated
14738,0,Unchanged
14739,0,Unchanged
14740,1.08223887170724,Unchanged
14741,0,Unchanged
14742,0.00229351306055539,Unchanged
14743,0.0600403701837212,Downregulated
14744,7.5761195830637e-08,Unchanged
14745,1.29248806786109e-07,Unchanged
14746,1.29248806786109e-07,Unchanged
14747,1.29248806786109e-07,Unchanged
14748,7.5761195830637e-08,Unchanged
14749,0,Unchanged
14750,0.00263071443534782,Unchanged
14751,0,Unchanged
14752,2.13558420519832,Upregulated
14753,0,Unchanged
14754,0,Unchanged
14755,0,Unchanged
14756,0.916149422605997,Unchanged
14757,0,Unchanged
14758,0,Unchanged
14759,15848575.0544824,Unchanged
14760,24128448.0000379,Unchanged
14761,8874564.11120594,Unchanged
14762,176086.513855365,Unchanged
14763,4645137.59852652,Unchanged
14764,4653976.54739267,Unchanged
14765,0,Unchanged
14766,0,Unchanged
14767,12123602.4940961,Unchanged
14768,213676.870140177,Unchanged
14769,8.4773035060271,Upregulated
14770,52540882.9679642,Unchanged
14771,51763160.4729214,Unchanged
14772,14010.0377552527,Upregulated
14773,441.983602105041,Upregulated
14774,97157075.8142289,Unchanged
14775,7.28457014666048,Upregulated
14776,49.0341158035223,Upregulated
14777,2.78138779847435e-05,Unchanged
14778,4.16937933077665,Upregulated
14779,33.8495324184346,Upregulated
14780,0,Unchanged
14781,0,Unchanged
14782,0,Unchanged
14783,10.9509588704084,Upregulated
14784,0,Unchanged
14785,8.81890408668058,Upregulated
14786,0,Unchanged
14787,15.4482662245668,Upregulated
14788,0,Unchanged
14789,0,Unchanged
14790,0,Unchanged
14791,0,Unchanged
14792,0,Unchanged
14793,0.276795546845726,Downregulated
14794,0,Unchanged
14795,3.80095342594874e-08,Unchanged
14796,0,Unchanged
14797,1.70802228720714,Unchanged
14798,44995286.4314518,Unchanged
14799,44878221.8995406,Unchanged
14800,0,Unchanged
14801,52375874.99314,Unchanged
14802,0,Unchanged
14803,33.9606086622635,Upregulated
14804,31.1736801976492,Upregulated
14805,61217024.9594782,Unchanged
14806,52540882.7032377,Unchanged
14807,1.18627638247825,Unchanged
14808,25720650.4862071,Unchanged
14809,0,Unchanged
14810,0,Unchanged
14811,2.82643288079983,Upregulated
14812,2.82643283578556,Upregulated
14813,0.90266282706537,Unchanged
14814,83.7682949110794,Upregulated
14815,0,Unchanged
14816,0.050988284121703,Downregulated
14817,0,Unchanged
14818,1.375295907102,Unchanged
14819,0.167049955980907,Downregulated
14820,0.0700208770186776,Downregulated
14821,0,Unchanged
14822,1164534.69806821,Unchanged
14823,6.28780111355809e-08,Unchanged
14824,1404769.21004605,Unchanged
14825,0,Unchanged
14826,0,Unchanged
14827,0,Unchanged
14828,0.0370931639962149,Downregulated
14829,0,Unchanged
14830,0,Unchanged
14831,0.00961222305410159,Unchanged
14832,0.787929667025803,Unchanged
14833,2.64049803761405,Upregulated
14834,0,Unchanged
14835,0,Unchanged
14836,0,Unchanged
14837,0.148082984380118,Downregulated
14838,0.00706375240287481,Unchanged
14839,0.00682142564154352,Unchanged
14840,1538612.07764057,Unchanged
14841,2.37328889915812,Upregulated
14842,7.88735866316803,Upregulated
14843,15.9861892577315,Upregulated
14844,35.7383458774929,Upregulated
14845,827083254.102046,Unchanged
14846,6919.32255336578,Upregulated
14847,138203584.929884,Unchanged
14848,16.0193840378885,Upregulated
14849,2,Upregulated
14850,3.05397460074505,Upregulated
14851,5.59295481206312,Upregulated
14852,0,Unchanged
14853,0.136426352261876,Downregulated
14854,2.21556110308014,Upregulated
14855,101073.900120608,Unchanged
14856,1.22578157696741,Unchanged
14857,0.143836025244895,Downregulated
14858,121.494969595733,Upregulated
14859,366.290878300878,Upregulated
14860,35.812556820776,Upregulated
14861,1.02061767130597,Unchanged
14862,0,Unchanged
14863,2842.25405787076,Upregulated
14864,17.7309215486575,Upregulated
14865,708474397.147846,Unchanged
14866,321694644.383523,Unchanged
14867,275694408.700457,Unchanged
14868,0,Unchanged
14869,0,Unchanged
14870,0,Unchanged
14871,0,Unchanged
14872,22186.5092442085,Unchanged
14873,2,Upregulated
14874,3.16472028225689e-06,Unchanged
14875,0,Unchanged
14876,0,Unchanged
14877,0,Unchanged
14878,0,Unchanged
14879,0,Unchanged
14880,354.689880453883,Upregulated
14881,430404462.86144,Unchanged
14882,42.8582675981637,Upregulated
14883,12.5338858114897,Upregulated
14884,400564606.290475,Unchanged
14885,0.383997405781618,Downregulated
14886,0,Unchanged
14887,2.50927635249809e-06,Unchanged
14888,0,Unchanged
14889,0.556631716378057,Unchanged
14890,0,Unchanged
14891,70227242.6730385,Unchanged
14892,0,Unchanged
14893,0,Unchanged
14894,2140.51282722673,Upregulated
14895,28569741.0090138,Unchanged
14896,25269715.9335009,Unchanged
14897,762317.626457062,Unchanged
14898,0,Unchanged
14899,21.5656820946473,Upregulated
14900,56525251.9394459,Unchanged
14901,56525251.9394459,Unchanged
14902,2.26194373340149e-06,Unchanged
14903,2,Upregulated
14904,0,Unchanged
14905,20160323.4190678,Unchanged
14906,0,Unchanged
14907,827083254.102046,Unchanged
14908,285948929.079857,Unchanged
14909,286437610.928306,Unchanged
14910,393659104.228604,Unchanged
14911,762317.629760394,Unchanged
14912,37088143.782787,Unchanged
14913,36990685.8735249,Unchanged
14914,0,Unchanged
14915,1.99999979485089,Unchanged
14916,19498010.3937372,Unchanged
14917,0,Unchanged
14918,1.99999985892372,Unchanged
14919,0,Unchanged
14920,0,Unchanged
14921,0,Unchanged
14922,896991.56296392,Unchanged
14923,0,Unchanged
14924,0,Unchanged
14925,0,Unchanged
14926,0,Unchanged
14927,0,Unchanged
14928,0,Unchanged
14929,0,Unchanged
14930,0,Unchanged
14931,0,Unchanged
14932,17.9802725672677,Upregulated
14933,0,Unchanged
14934,0,Unchanged
14935,0,Unchanged
14936,0,Unchanged
14937,0,Unchanged
14938,0,Unchanged
14939,0,Unchanged
14940,0,Unchanged
14941,0,Unchanged
14942,0,Unchanged
14943,2.48684293813044,Upregulated
14944,0.106669090114744,Downregulated
14945,3861482.16855009,Unchanged
14946,3861482.21092982,Unchanged
14947,0,Unchanged
14948,0,Unchanged
14949,0.902799222589595,Unchanged
14950,1.01853069281788e-07,Unchanged
14951,12183524.7507864,Unchanged
14952,0.0757712472488895,Downregulated
14953,28278951.1822646,Unchanged
14954,84915233.098905,Unchanged
14955,13.3962873820725,Upregulated
14956,5.12412785779167e-06,Unchanged
14957,0,Unchanged
14958,3.98548254679554e-07,Unchanged
14959,0,Unchanged
14960,6444.93190358691,Upregulated
14961,3.57615211313487e-05,Unchanged
14962,5.33097609579575,Upregulated
14963,0,Unchanged
14964,0,Unchanged
14965,0,Unchanged
14966,7.14564477346376,Upregulated
14967,0.124567911735405,Downregulated
14968,0.0378777228779813,Downregulated
14969,0.275100519597918,Downregulated
14970,71.9159944841146,Upregulated
14971,51801572.1494501,Unchanged
14972,11.4416250111052,Upregulated
14973,512.950199751059,Upregulated
14974,293.000473088053,Upregulated
14975,13.1627557872059,Upregulated
14976,175.487558622405,Upregulated
14977,11.5310145598576,Upregulated
14978,10.2145117465759,Upregulated
14979,179.854767940484,Upregulated
14980,545.742040995487,Upregulated
14981,15.0119921108996,Upregulated
14982,65.3958489143596,Upregulated
14983,382068626.498391,Unchanged
14984,10.0054880106838,Upregulated
14985,81.1889570367944,Upregulated
14986,431538420.865718,Unchanged
14987,466422446.241757,Unchanged
14988,118.111838733742,Upregulated
14989,286437574.724857,Unchanged
14990,104.626983686077,Upregulated
14991,358609987.166542,Unchanged
14992,0,Unchanged
14993,818.163699008277,Upregulated
14994,394035533.638607,Unchanged
14995,0,Unchanged
14996,1035713.33555013,Unchanged
14997,1.02945680282573e-07,Unchanged
14998,0.0392334316329041,Downregulated
14999,2.21838716714218,Upregulated
15000,215215188.966886,Unchanged
15001,0.34295633296921,Downregulated
15002,50.9222753352994,Upregulated
15003,0,Unchanged
15004,0,Unchanged
15005,28353448.6843222,Unchanged
15006,2.26076013127532,Upregulated
15007,89.0540700584375,Upregulated
15008,26.3888445897301,Upregulated
15009,29.6083689174148,Upregulated
15010,85060360.0363887,Unchanged
15011,0,Unchanged
15012,0,Unchanged
15013,0,Unchanged
15014,0,Unchanged
15015,0,Unchanged
15016,0.371291079501739,Downregulated
15017,0,Unchanged
15018,24.9853968219935,Upregulated
15019,0,Unchanged
15020,0,Unchanged
15021,0,Unchanged
15022,7.36627920955415,Upregulated
15023,1.8615104551766,Unchanged
15024,56.9432489543414,Upregulated
15025,0,Unchanged
15026,18.5309035575229,Upregulated
15027,0,Unchanged
15028,0,Unchanged
15029,0,Unchanged
15030,0,Unchanged
15031,0.819860312182579,Unchanged
15032,0,Unchanged
15033,0,Unchanged
15034,0.129065609469064,Downregulated
15035,0,Unchanged
15036,0.0129817165157562,Downregulated
15037,0.692645356787732,Unchanged
15038,0.653983999685537,Unchanged
15039,1.4261447792533,Unchanged
15040,0.453002482108858,Downregulated
15041,1.85139813933765,Unchanged
15042,0.852256414818451,Unchanged
15043,0.560503620768597,Unchanged
15044,3.32201780676267,Upregulated
15045,0.346795548841733,Downregulated
15046,8.45176768936496e-07,Unchanged
15047,0,Unchanged
15048,0,Unchanged
15049,0,Unchanged
15050,0.0367939081376028,Downregulated
15051,0,Unchanged
15052,0.134696956979633,Downregulated
15053,0.0023085019451637,Unchanged
15054,0,Unchanged
15055,0,Unchanged
15056,0,Unchanged
15057,0,Unchanged
15058,0,Unchanged
15059,2876852.15689733,Unchanged
15060,0,Unchanged
15061,19.1887745881909,Upregulated
15062,0.864386586987187,Unchanged
15063,0,Unchanged
15064,8.16086820009332e-07,Unchanged
15065,9488799.53231759,Unchanged
15066,8897444.88982476,Unchanged
15067,8897437.64411606,Unchanged
15068,140100006.714532,Unchanged
15069,0.146825536354439,Downregulated
15070,2.0598060034236,Upregulated
15071,2.30713905698126,Upregulated
15072,0,Unchanged
15073,0.245346071286818,Downregulated
15074,0,Unchanged
15075,0.766554214624697,Unchanged
15076,28280560.8319539,Unchanged
15077,0,Unchanged
15078,5.33741097051477,Upregulated
15079,18.0591741794623,Upregulated
15080,10292651.6303345,Unchanged
15081,4424649.05283011,Unchanged
15082,0,Unchanged
15083,213432.150405139,Unchanged
15084,3.77482970407073e-07,Unchanged
15085,0,Unchanged
15086,6.91151955646745,Upregulated
15087,0.509604599951555,Unchanged
15088,1.99520363604506e-07,Unchanged
15089,0.111373695371239,Downregulated
15090,0.232846058067733,Downregulated
15091,8573438.45014547,Unchanged
15092,15.7011599926955,Upregulated
15093,3.11161115540301,Upregulated
15094,0,Unchanged
15095,0,Unchanged
15096,7.59397783620919,Upregulated
15097,0,Unchanged
15098,0,Unchanged
15099,0,Unchanged
15100,3244828.66649275,Unchanged
15101,3244828.66649275,Unchanged
15102,2.24533251965661,Upregulated
15103,9.37895103518805,Upregulated
15104,1.68183986791822e-07,Unchanged
15105,4.15350010117882e-07,Unchanged
15106,3.12622194293428,Upregulated
15107,3.46799251025879,Upregulated
15108,37.0089121734504,Upregulated
15109,142378.258626778,Unchanged
15110,6795675.46877238,Unchanged
15111,56706904.9544222,Unchanged
15112,25.7763676522162,Upregulated
15113,0,Unchanged
15114,6.77606611986082,Upregulated
15115,0,Unchanged
15116,0,Unchanged
15117,0,Unchanged
15118,4.13171674067081,Upregulated
15119,2.06585839405851,Upregulated
15120,4601.91880597271,Upregulated
15121,4.95470081530081,Upregulated
15122,0,Unchanged
15123,9.70692691584721,Upregulated
15124,28353451.974539,Unchanged
15125,2299.27748299335,Upregulated
15126,2305.2041332923,Upregulated
15127,1.49360705873375,Unchanged
15128,1.73399604350318,Unchanged
15129,0,Unchanged
15130,1544383.51140231,Unchanged
15131,0,Unchanged
15132,5.16940691770032,Upregulated
15133,0,Unchanged
15134,1.96476078654198,Unchanged
15135,4.45113411245753,Upregulated
15136,0.253696831403223,Downregulated
15137,0.239376135726274,Downregulated
15138,1.68851489661392e-08,Unchanged
15139,0,Unchanged
15140,0,Unchanged
15141,2.59007098111604,Upregulated
15142,2.87252030385265,Upregulated
15143,17.2748758438663,Upregulated
15144,202.68576730976,Upregulated
15145,3249164.97840306,Unchanged
15146,63.2520632569029,Upregulated
15147,3.74642890952289,Upregulated
15148,0,Unchanged
15149,3516046.78731462,Unchanged
15150,0,Unchanged
15151,0,Unchanged
15152,3.65397548137025e-07,Unchanged
15153,0.528509750886021,Unchanged
15154,3.72778219844582,Upregulated
15155,0,Unchanged
15156,6.40357179362293,Upregulated
15157,0,Unchanged
15158,5.90279463180691,Upregulated
15159,44.940099064343,Upregulated
15160,7503113.33266831,Unchanged
15161,2.55849403717356,Upregulated
15162,0.852469617269533,Unchanged
15163,6.52748489047189,Upregulated
15164,0,Unchanged
15165,0.524456112777456,Unchanged
15166,0,Unchanged
15167,5.23291161793422,Upregulated
15168,0,Unchanged
15169,0,Unchanged
15170,1.99000067329222,Unchanged
15171,5.52148018186927e-07,Unchanged
15172,0,Unchanged
15173,1.40404842101144e-07,Unchanged
15174,0.0606495598700779,Downregulated
15175,0.0408565569523119,Downregulated
15176,0.00846128773697603,Unchanged
15177,0.00913107967758008,Unchanged
15178,0.239985362299692,Downregulated
15179,0,Unchanged
15180,6.22854924775839e-06,Unchanged
15181,5.50511401504545e-06,Unchanged
15182,4.92408725229224e-05,Unchanged
15183,0,Unchanged
15184,30.2154353265331,Upregulated
15185,251.513759604059,Upregulated
15186,101.748311648212,Upregulated
15187,101.748310067472,Upregulated
15188,91.7506674823619,Upregulated
15189,235.28633844682,Upregulated
15190,413541627.051023,Unchanged
15191,413541627.051023,Unchanged
15192,321694644.383523,Unchanged
15193,179305004.216184,Unchanged
15194,179305004.216184,Unchanged
15195,260.979910195688,Upregulated
15196,413541627.051023,Unchanged
15197,413541627.051023,Unchanged
15198,413541627.051023,Unchanged
15199,413541627.051023,Unchanged
15200,413541627.051023,Unchanged
15201,142842470.100175,Unchanged
15202,169.523803601638,Upregulated
15203,194.072980416561,Upregulated
15204,56.3602903814347,Upregulated
15205,566.857834783383,Upregulated
15206,39.471534233066,Upregulated
15207,161261890.404144,Unchanged
15208,197348101.05365,Unchanged
15209,1832.22130235847,Upregulated
15210,56.4000077412449,Upregulated
15211,233812317.849188,Unchanged
15212,60.2972841866414,Upregulated
15213,0,Unchanged
15214,430404462.86144,Unchanged
15215,0,Unchanged
15216,0,Unchanged
15217,71.8506423336129,Upregulated
15218,67.7774479549883,Upregulated
15219,150.793950498705,Upregulated
15220,74.0228861590184,Upregulated
15221,116.724505930648,Upregulated
15222,425.950977162798,Upregulated
15223,221.65993366151,Upregulated
15224,431538324.168324,Unchanged
15225,77391377.5489168,Unchanged
15226,467624635.698375,Unchanged
15227,467624613.550805,Unchanged
15228,0,Unchanged
15229,0,Unchanged
15230,4231559.09185802,Unchanged
15231,4242465.83083728,Unchanged
15232,32.6727533945034,Upregulated
15233,522.005786035638,Upregulated
15234,197348101.05365,Unchanged
15235,196829552.114302,Unchanged
15236,1208478.55034186,Unchanged
15237,1.21450267714778e-05,Unchanged
15238,5.11232446755534,Upregulated
15239,17750414.8801333,Unchanged
15240,18130716.1053114,Unchanged
15241,6276563.04271439,Unchanged
15242,1.63094380837892e-05,Unchanged
15243,4.07604169386765e-07,Unchanged
15244,0,Unchanged
15245,0,Unchanged
15246,61.8004001076067,Upregulated
15247,0,Unchanged
15248,3250.39143279433,Upregulated
15249,5.5329470126253e-07,Unchanged
15250,0.250000408485603,Downregulated
15251,5.52148046494949e-07,Unchanged
15252,0,Unchanged
15253,2.29938557858134e-07,Unchanged
15254,0,Unchanged
15255,8.29532239363697,Upregulated
15256,0,Unchanged
15257,1.22312880080244e-07,Unchanged
15258,0,Unchanged
15259,2.35340018965389,Upregulated
15260,0.118367969019672,Downregulated
15261,4.13227732714466,Upregulated
15262,51.3474266428835,Upregulated
15263,5.20749892278162,Upregulated
15264,452.201567471717,Upregulated
15265,0,Unchanged
15266,4.87635366194825,Upregulated
15267,1.29949812097543,Unchanged
15268,0.838898269730942,Unchanged
15269,0.67712429750215,Unchanged
15270,2.46903972538348e-08,Unchanged
15271,2.46903972538348e-08,Unchanged
15272,9.16788583595007e-07,Unchanged
15273,0,Unchanged
15274,1.64106369239941,Unchanged
15275,3.54465226866163,Upregulated
15276,0,Unchanged
15277,0,Unchanged
15278,0.74818100524973,Unchanged
15279,1.32991461539009,Unchanged
15280,3.55848178376097,Upregulated
15281,0.70576671504429,Unchanged
15282,46566079.6878428,Unchanged
15283,0.00208108347852803,Unchanged
15284,0.571867120877848,Unchanged
15285,0.590548916265786,Unchanged
15286,21073097.5321083,Unchanged
15287,1775693.47894798,Unchanged
15288,0,Unchanged
15289,3.83796865403843,Upregulated
15290,74209212.0317789,Unchanged
15291,431.832396742629,Upregulated
15292,97157075.8142289,Unchanged
15293,14499183.3061807,Unchanged
15294,142.442475011705,Upregulated
15295,97157075.8142289,Unchanged
15296,48578555.657593,Unchanged
15297,0,Unchanged
15298,205528.349968244,Unchanged
15299,0,Unchanged
15300,393744.06000992,Unchanged
15301,12.7539433003311,Upregulated
15302,12.7539462127287,Upregulated
15303,7732759.89454055,Unchanged
15304,0.00465636772176368,Unchanged
15305,0,Unchanged
15306,5.02327641880487,Upregulated
15307,0.322580262470781,Downregulated
15308,0,Unchanged
15309,0,Unchanged
15310,0,Unchanged
15311,28278950.7674638,Unchanged
15312,0,Unchanged
15313,0,Unchanged
15314,0,Unchanged
15315,7.82765131403,Upregulated
15316,0,Unchanged
15317,0,Unchanged
15318,0,Unchanged
15319,1.2186673762106,Unchanged
15320,197956.554759797,Unchanged
15321,0,Unchanged
15322,0,Unchanged
15323,0,Unchanged
15324,3.65414328030056e-07,Unchanged
15325,0,Unchanged
15326,4.36910760299725e-07,Unchanged
15327,0,Unchanged
15328,6.84829796153252e-07,Unchanged
15329,0.0201683973386197,Downregulated
15330,1.21866737174666,Unchanged
15331,8917.05211073291,Upregulated
15332,5.15582334749434,Upregulated
15333,0,Unchanged
15334,1205816.47317458,Unchanged
15335,0,Unchanged
15336,0.426710939864555,Downregulated
15337,36030838.0085545,Unchanged
15338,5.10013971674766e-07,Unchanged
15339,9815186.73467605,Unchanged
15340,10080162.7058988,Unchanged
15341,3.22150273794904,Upregulated
15342,1617561.05541148,Unchanged
15343,33.9969841507647,Upregulated
15344,0,Unchanged
15345,0,Unchanged
15346,17731415.0302262,Unchanged
15347,17731415.0302262,Unchanged
15348,17731415.0302262,Unchanged
15349,86.6701777055912,Upregulated
15350,1.54406228589371,Unchanged
15351,7732759.72119232,Unchanged
15352,0,Unchanged
15353,0.892188924065551,Unchanged
15354,0.327638721412084,Downregulated
15355,0.196688074969541,Downregulated
15356,0,Unchanged
15357,0,Unchanged
15358,0.062322350544191,Downregulated
15359,0,Unchanged
15360,4.87824123655065,Upregulated
15361,2.07713806668994,Upregulated
15362,44344526.8772078,Unchanged
15363,29329965.6417377,Unchanged
15364,0.768051354745846,Unchanged
15365,0,Unchanged
15366,0.00888278303659813,Unchanged
15367,0,Unchanged
15368,0,Unchanged
15369,0,Unchanged
15370,0,Unchanged
15371,0,Unchanged
15372,0,Unchanged
15373,0,Unchanged
15374,0,Unchanged
15375,0,Unchanged
15376,0,Unchanged
15377,0,Unchanged
15378,0,Unchanged
15379,0,Unchanged
15380,0,Unchanged
15381,1.32376439055499e-08,Unchanged
15382,65.9289179023051,Upregulated
15383,27669400.7730887,Unchanged
15384,0,Unchanged
15385,2149158.58402115,Unchanged
15386,0,Unchanged
15387,0,Unchanged
15388,0,Unchanged
15389,0.329757838463461,Downregulated
15390,0.329747196542583,Downregulated
15391,0.000279175869764786,Unchanged
15392,0,Unchanged
15393,0.133371802766507,Downregulated
15394,2.00775246120818,Upregulated
15395,1.92726565376502,Unchanged
15396,1.89089803824037,Unchanged
15397,3.28487675534146,Upregulated
15398,0,Unchanged
15399,24422729.672693,Unchanged
15400,0,Unchanged
15401,7120827.53245348,Unchanged
15402,4.27285596745919,Upregulated
15403,0,Unchanged
15404,44349061.5071945,Unchanged
15405,7.39913713243562e-06,Unchanged
15406,61721479.0468952,Unchanged
15407,0,Unchanged
15408,0,Unchanged
15409,1.34119485939163,Unchanged
15410,2993.44433960039,Upregulated
15411,0.044890734227411,Downregulated
15412,3667.32755258634,Upregulated
15413,7732759.56568877,Unchanged
15414,2.54326511407341,Upregulated
15415,0,Unchanged
15416,162603.934444391,Unchanged
15417,1268872.81698163,Unchanged
15418,177907.493006286,Unchanged
15419,61721479.0468952,Unchanged
15420,1.99999996650406,Unchanged
15421,1.4331262574421,Unchanged
15422,6588960.66369008,Unchanged
15423,0.752757964198017,Unchanged
15424,25872536.6677584,Unchanged
15425,67604645.4983768,Unchanged
15426,20160323.4190678,Unchanged
15427,31244628.4804887,Unchanged
15428,16754313.0857171,Unchanged
15429,40777659.590831,Unchanged
15430,213676.870141435,Unchanged
15431,26.8830300133485,Upregulated
15432,25722115.7455445,Unchanged
15433,7732760.34575583,Unchanged
15434,29389165.6502142,Unchanged
15435,11438814.489947,Unchanged
15436,7732759.61752328,Unchanged
15437,6743231.79306547,Unchanged
15438,2.10613553347887,Upregulated
15439,8.40761750368747e-07,Unchanged
15440,0,Unchanged
15441,4.22537199300473e-07,Unchanged
15442,4.63510908203245,Upregulated
15443,5.64312801788953,Upregulated
15444,5.89146238081733e-11,Unchanged
15445,63.8923353318199,Upregulated
15446,8.87229922044873e-06,Unchanged
15447,10165446.8051961,Unchanged
15448,8840014.10853542,Unchanged
15449,0.0377700146907553,Downregulated
15450,3.79675462609593,Upregulated
15451,1.82775810241086,Unchanged
15452,0,Unchanged
15453,0,Unchanged
15454,0.995779622669911,Unchanged
15455,515671.130759294,Unchanged
15456,0,Unchanged
15457,0,Unchanged
15458,0.742402584339286,Unchanged
15459,1.09850347663213,Unchanged
15460,0,Unchanged
15461,0,Unchanged
15462,6.66088398759257e-07,Unchanged
15463,4.05418386722511,Upregulated
15464,0,Unchanged
15465,0.781919308501482,Unchanged
15466,2.98836067898366,Upregulated
15467,3.16333333086699,Upregulated
15468,4.49631520389355,Upregulated
15469,0,Unchanged
15470,0,Unchanged
15471,6.78193014568861e-06,Unchanged
15472,0,Unchanged
15473,50.1748616985987,Upregulated
15474,0,Unchanged
15475,0.000207811148534207,Unchanged
15476,31.1478298522791,Upregulated
15477,1.51951067591958,Unchanged
15478,0.0456683043561685,Downregulated
15479,1933190.03311738,Unchanged
15480,0,Unchanged
15481,2.62028069890655e-08,Unchanged
15482,0,Unchanged
15483,253488.236226156,Unchanged
15484,412552.038473025,Unchanged
15485,1.64678011877779e-08,Unchanged
15486,1.88671862129774,Unchanged
15487,0,Unchanged
15488,1.44191566382852,Unchanged
15489,0,Unchanged
15490,0,Unchanged
15491,5.93170536101692e-10,Unchanged
15492,1.41627746283639,Unchanged
15493,0,Unchanged
15494,7717808.82011554,Unchanged
15495,0,Unchanged
15496,4219.0357473533,Upregulated
15497,88698123.0143891,Unchanged
15498,0,Unchanged
15499,88698123.0143891,Unchanged
15500,36.7040315957125,Upregulated
15501,0.421563185083187,Downregulated
15502,0.00505194909266191,Unchanged
15503,0.257477340769518,Downregulated
15504,0.203257472842755,Downregulated
15505,0,Unchanged
15506,0,Unchanged
15507,0,Unchanged
15508,1.8138981899618e-07,Unchanged
15509,0,Unchanged
15510,0,Unchanged
15511,0,Unchanged
15512,3766784.51553265,Unchanged
15513,0,Unchanged
15514,10.7971130435574,Upregulated
15515,0,Unchanged
15516,0,Unchanged
15517,0,Unchanged
15518,0,Unchanged
15519,10.065528966492,Upregulated
15520,10.0659927482403,Upregulated
15521,16.7390730785101,Upregulated
15522,0,Unchanged
15523,28.8609181849449,Upregulated
15524,0,Unchanged
15525,0,Unchanged
15526,17.7411640312253,Upregulated
15527,16.7390743731006,Upregulated
15528,51.9653146473639,Upregulated
15529,5719406.60820774,Unchanged
15530,7.62572666799295,Upregulated
15531,10.7747290873867,Upregulated
15532,51.8648498236034,Upregulated
15533,10.8129410104524,Upregulated
15534,51.8648040929852,Upregulated
15535,0,Unchanged
15536,0,Unchanged
15537,4.91888183096143,Upregulated
15538,0,Unchanged
15539,28.5904943085645,Upregulated
15540,28.5325873803411,Upregulated
15541,28.5917998053026,Upregulated
15542,5.5348480462728,Upregulated
15543,5.54659030223956,Upregulated
15544,0,Unchanged
15545,0,Unchanged
15546,4.7875927210808,Upregulated
15547,83.2363037687539,Upregulated
15548,0,Unchanged
15549,5.04552114563905e-07,Unchanged
15550,0,Unchanged
15551,3.9052586586763e-10,Unchanged
15552,0,Unchanged
15553,3.90473834599447e-10,Unchanged
15554,0,Unchanged
15555,0.0233630984789155,Downregulated
15556,7.16807645483054,Upregulated
15557,7.14924146579689,Upregulated
15558,0,Unchanged
15559,0,Unchanged
15560,7.88671497246772,Upregulated
15561,0,Unchanged
15562,0,Unchanged
15563,0,Unchanged
15564,6.16696260117761,Upregulated
15565,0,Unchanged
15566,1.10417625106103e-07,Unchanged
15567,0,Unchanged
15568,0.253510807462928,Downregulated
15569,14.8316880221098,Upregulated
15570,0.167487520612937,Downregulated
15571,0,Unchanged
15572,2.80528730581042,Upregulated
15573,0,Unchanged
15574,2.8494770515166e-06,Unchanged
15575,0,Unchanged
15576,0.545287639942303,Unchanged
15577,6878696.05707625,Unchanged
15578,0,Unchanged
15579,0.280631245381083,Downregulated
15580,0,Unchanged
15581,0,Unchanged
15582,0.0720090255494857,Downregulated
15583,1.77069153997349e-07,Unchanged
15584,0.265294909450549,Downregulated
15585,0,Unchanged
15586,0,Unchanged
15587,0,Unchanged
15588,0.704025923149576,Unchanged
15589,0.00860446725884747,Unchanged
15590,21958510.7097321,Unchanged
15591,2.09683017031963,Upregulated
15592,0,Unchanged
15593,139868311.446711,Unchanged
15594,0.000367333297010797,Unchanged
15595,79.1360115666971,Upregulated
15596,0,Unchanged
15597,0,Unchanged
15598,50.1536365449184,Upregulated
15599,17747.5741110534,Upregulated
15600,51.4482681531359,Upregulated
15601,4.49027821224217e-06,Unchanged
15602,0,Unchanged
15603,2.16602171609289e-06,Unchanged
15604,0,Unchanged
15605,1.97660914919326e-06,Unchanged
15606,0,Unchanged
15607,0,Unchanged
15608,0,Unchanged
15609,13.297418741016,Upregulated
15610,0,Unchanged
15611,0,Unchanged
15612,3866379.89814432,Unchanged
15613,3854236.86835906,Unchanged
15614,0.850856902140683,Unchanged
15615,25142.0825714971,Unchanged
15616,187713.798301823,Unchanged
15617,2438.33390215424,Upregulated
15618,5.5443199018819e-07,Unchanged
15619,1.40983848675944,Unchanged
15620,1.57936031105841,Unchanged
15621,1.40541032261649,Unchanged
15622,1.40983866228621,Unchanged
15623,1.40983799326234,Unchanged
15624,3.96078578155319,Upregulated
15625,2.75253316553639e-06,Unchanged
15626,6.75723234220714e-06,Unchanged
15627,1.40983788874882,Unchanged
15628,1.409838537748,Unchanged
15629,1.21913281597759,Unchanged
15630,1.40983797028382,Unchanged
15631,1.40983784830029,Unchanged
15632,0,Unchanged
15633,0,Unchanged
15634,51.2177920424941,Upregulated
15635,3.64640388170301e-07,Unchanged
15636,3339724.54443143,Unchanged
15637,3339724.54443143,Unchanged
15638,0,Unchanged
15639,0,Unchanged
15640,28.1971725857685,Upregulated
15641,0,Unchanged
15642,0,Unchanged
15643,6588960.66369008,Unchanged
15644,0,Unchanged
15645,7.4115613585482,Upregulated
15646,9.10756524593475,Upregulated
15647,9.10756491979526,Upregulated
15648,73.2663448993819,Upregulated
15649,0,Unchanged
15650,3.64444836470094,Upregulated
15651,5.94357111990742,Upregulated
15652,1.90493628091383,Unchanged
15653,25788411.8888507,Unchanged
15654,3516047.07602753,Unchanged
15655,9.82908938711577,Upregulated
15656,4.93923460818246,Upregulated
15657,28353451.7003542,Unchanged
15658,2.20729597966499,Upregulated
15659,0,Unchanged
15660,0,Unchanged
15661,2.03809621248738,Upregulated
15662,0.0577400383206021,Downregulated
15663,2.03809741329408,Upregulated
15664,0.184652713457907,Downregulated
15665,12.7378532965684,Upregulated
15666,8.25478679646719,Upregulated
15667,19768492.6690021,Unchanged
15668,4.13083220026503,Upregulated
15669,0.334900980485216,Downregulated
15670,2.38429783959463,Upregulated
15671,2.37803280893511,Upregulated
15672,2.37803392264541,Upregulated
15673,2.37803394175853,Upregulated
15674,2.38429905951408,Upregulated
15675,2.78273240673963,Upregulated
15676,2.37968809366225,Upregulated
15677,2.37968797882391,Upregulated
15678,2.37968803727276,Upregulated
15679,0,Unchanged
15680,0,Unchanged
15681,0,Unchanged
15682,0,Unchanged
15683,0,Unchanged
15684,0,Unchanged
15685,0,Unchanged
15686,0,Unchanged
15687,0,Unchanged
15688,0,Unchanged
15689,0,Unchanged
15690,0,Unchanged
15691,0,Unchanged
15692,0,Unchanged
15693,0,Unchanged
15694,0,Unchanged
15695,0,Unchanged
15696,0,Unchanged
15697,0,Unchanged
15698,0,Unchanged
15699,0.750000342414977,Unchanged
15700,0,Unchanged
15701,0,Unchanged
15702,0,Unchanged
15703,0,Unchanged
15704,0,Unchanged
15705,0,Unchanged
15706,0,Unchanged
15707,0,Unchanged
15708,0,Unchanged
15709,0,Unchanged
15710,0,Unchanged
15711,0,Unchanged
15712,0,Unchanged
15713,0,Unchanged
15714,0,Unchanged
15715,0,Unchanged
15716,0,Unchanged
15717,0,Unchanged
15718,0,Unchanged
15719,0,Unchanged
15720,0,Unchanged
15721,0,Unchanged
15722,0,Unchanged
15723,0,Unchanged
15724,0,Unchanged
15725,0,Unchanged
15726,0,Unchanged
15727,0,Unchanged
15728,0,Unchanged
15729,0,Unchanged
15730,0,Unchanged
15731,0,Unchanged
15732,0,Unchanged
15733,0,Unchanged
15734,0,Unchanged
15735,0,Unchanged
15736,0,Unchanged
15737,0,Unchanged
15738,1.68184035620319e-07,Unchanged
15739,1.68183986791822e-07,Unchanged
15740,0,Unchanged
15741,0.65026316761629,Unchanged
15742,2.05916737244656,Upregulated
15743,0,Unchanged
15744,0,Unchanged
15745,0,Unchanged
15746,0,Unchanged
15747,0,Unchanged
15748,0,Unchanged
15749,7.07728735733326e-07,Unchanged
15750,1.36019117269252,Unchanged
15751,1.40794358993192,Unchanged
15752,0.225974080169772,Downregulated
15753,0.0384518617598134,Downregulated
15754,0,Unchanged
15755,0.354696623892249,Downregulated
15756,0,Unchanged
15757,0,Unchanged
15758,0,Unchanged
15759,0,Unchanged
15760,0.0216374560524444,Downregulated
15761,0,Unchanged
15762,0,Unchanged
15763,0,Unchanged
15764,0,Unchanged
15765,0.136676903095934,Downregulated
15766,0,Unchanged
15767,0.0226124868893237,Downregulated
15768,0.0226124868893237,Downregulated
15769,0.0226124868893237,Downregulated
15770,0.0226124868893237,Downregulated
15771,0.0594988192843962,Downregulated
15772,0.0226124877181319,Downregulated
15773,0.0226124877181319,Downregulated
15774,0.0426862661344828,Downregulated
15775,0.0426862661344828,Downregulated
15776,0.0426862661344828,Downregulated
15777,0,Unchanged
15778,0,Unchanged
15779,0.0118427809985275,Downregulated
15780,0,Unchanged
15781,0,Unchanged
15782,0.11053261945579,Downregulated
15783,36086211.2779246,Unchanged
15784,19.8725759994076,Upregulated
15785,3.95202632247372,Upregulated
15786,1.08640501190035,Unchanged
15787,1.35788139661876,Unchanged
15788,0,Unchanged
15789,0.124343786460314,Downregulated
15790,1933189.9379458,Unchanged
15791,0,Unchanged
15792,0,Unchanged
15793,14140280.8251422,Unchanged
15794,9723942.44715872,Unchanged
15795,0,Unchanged
15796,0.31418168589941,Downregulated
15797,0,Unchanged
15798,0,Unchanged
15799,33883004.1864601,Unchanged
15800,9624578.79751626,Unchanged
15801,21.6977967065308,Upregulated
15802,0,Unchanged
15803,0,Unchanged
15804,0,Unchanged
15805,2.69144695339141,Upregulated
15806,29.373807115641,Upregulated
15807,0.835894790172837,Unchanged
15808,0,Unchanged
15809,209.002080458904,Upregulated
15810,0,Unchanged
15811,0,Unchanged
15812,1.75184528848121,Unchanged
15813,0,Unchanged
15814,20379170.881038,Unchanged
15815,2.23191984707046,Upregulated
15816,104.708855899544,Upregulated
15817,0,Unchanged
15818,4874509.01168395,Unchanged
15819,27.148643628561,Upregulated
15820,0,Unchanged
15821,3.70442098993992,Upregulated
15822,1.29503687927168,Unchanged
15823,1.63485162597026,Unchanged
15824,0,Unchanged
15825,1.17565197710625,Unchanged
15826,0,Unchanged
15827,0,Unchanged
15828,0,Unchanged
15829,0,Unchanged
15830,0,Unchanged
15831,0,Unchanged
15832,1.10299625447396e-07,Unchanged
15833,0.355741457464552,Downregulated
15834,4.70241322958958,Upregulated
15835,2.5470860518805,Upregulated
15836,61.1414497564391,Upregulated
15837,0,Unchanged
15838,4.03124608151196,Upregulated
15839,1.34374873349123,Unchanged
15840,0,Unchanged
15841,1.62723769732341,Unchanged
15842,2.34650752935987,Upregulated
15843,480.166203421944,Upregulated
15844,0,Unchanged
15845,116810115.06442,Unchanged
15846,194368.249136994,Unchanged
15847,0,Unchanged
15848,33705229.8805669,Unchanged
15849,5.23922180717066,Upregulated
15850,9171915.43638425,Unchanged
15851,0,Unchanged
15852,0,Unchanged
15853,2.34650761608424,Upregulated
15854,0,Unchanged
15855,0.701322176820762,Unchanged
15856,0.70132191197907,Unchanged
15857,0,Unchanged
15858,0.310811409372969,Downregulated
15859,25.4127233379208,Upregulated
15860,1.14325242433502,Unchanged
15861,0.701321901338206,Unchanged
15862,0,Unchanged
15863,0.155405716320908,Downregulated
15864,1.70413022608192,Unchanged
15865,2.60752458852421,Upregulated
15866,1.57056441447315,Unchanged
15867,5834.55549544356,Upregulated
15868,16.913735579049,Upregulated
15869,35.596696248443,Upregulated
15870,0.737948916149005,Unchanged
15871,0.737948916149005,Unchanged
15872,0.468337195436735,Downregulated
15873,0.322403342463651,Downregulated
15874,39155602.9596631,Unchanged
15875,0,Unchanged
15876,39155602.9596631,Unchanged
15877,57.9277100467134,Upregulated
15878,0.391596333965802,Downregulated
15879,2.4563519676866,Upregulated
15880,1.03261633456386,Unchanged
15881,3.74642867831388,Upregulated
15882,0,Unchanged
15883,0,Unchanged
15884,5.26582045072738,Upregulated
15885,4448722.05965706,Unchanged
15886,8897437.53161669,Unchanged
15887,2.75120475416336,Upregulated
15888,0,Unchanged
15889,0,Unchanged
15890,54.8335629351263,Upregulated
15891,0,Unchanged
15892,0,Unchanged
15893,0,Unchanged
15894,0.435858538800427,Downregulated
15895,3.30843238166685,Upregulated
15896,39.3581978518817,Upregulated
15897,2.03809632878579,Upregulated
15898,5.32466417918677,Upregulated
15899,0,Unchanged
15900,6.72159151415061,Upregulated
15901,15.6108795682326,Upregulated
15902,0.0663487608533839,Downregulated
15903,0.0205131559024847,Downregulated
15904,0.0700269002878758,Downregulated
15905,0.0700269002878758,Downregulated
15906,0.0700269002878758,Downregulated
15907,0.0700269002878758,Downregulated
15908,0.0236246705412107,Downregulated
15909,0.576943317597721,Unchanged
15910,3856220.51031387,Unchanged
15911,0,Unchanged
15912,0.997422893495003,Unchanged
15913,3691213.41658932,Unchanged
15914,38437465.0036936,Unchanged
15915,1.71041991241488,Unchanged
15916,0.861486411071708,Unchanged
15917,0.861486678608656,Unchanged
15918,1944056.07994292,Unchanged
15919,0.0119093472700747,Downregulated
15920,0.102511897859325,Downregulated
15921,0.102511897859325,Downregulated
15922,12.2805747393398,Upregulated
15923,16566517.8694546,Unchanged
15924,88.7008214136507,Upregulated
15925,22.0188850587459,Upregulated
15926,14971063.0829974,Unchanged
15927,0.0926393884263199,Downregulated
15928,0.230634850868236,Downregulated
15929,0.230634851388461,Downregulated
15930,0.565358602650042,Unchanged
15931,0.693340835160868,Unchanged
15932,5646240.49232634,Unchanged
15933,1155093.749489,Unchanged
15934,7363028.72104498,Unchanged
15935,0,Unchanged
15936,1.67160407260044,Unchanged
15937,7382426.73631839,Unchanged
15938,0.174035863020844,Downregulated
15939,1.13710747101415,Unchanged
15940,3681514.36052249,Unchanged
15941,3681514.36052249,Unchanged
15942,89449798.6967209,Unchanged
15943,89449798.6967209,Unchanged
15944,473.412731180541,Upregulated
15945,0,Unchanged
15946,0.0604800950534304,Downregulated
15947,0.0624853192743844,Downregulated
15948,0.0624853192743844,Downregulated
15949,0.0579018346554937,Downregulated
15950,0.0579018346554937,Downregulated
15951,0,Unchanged
15952,1.07580892177099,Unchanged
15953,16988405.080751,Unchanged
15954,8897437.0861192,Unchanged
15955,3.11334410856092,Upregulated
15956,2281415.20122973,Unchanged
15957,0,Unchanged
15958,0,Unchanged
15959,6.22645309401075e-07,Unchanged
15960,21145.9230568285,Unchanged
15961,0,Unchanged
15962,3.52559830235582,Upregulated
15963,0,Unchanged
15964,0,Unchanged
15965,0.449231311218985,Downregulated
15966,0,Unchanged
15967,0,Unchanged
15968,0,Unchanged
15969,1388478.56871051,Unchanged
15970,1392136.55677212,Unchanged
15971,37066496.487517,Unchanged
15972,27.4481688361124,Upregulated
15973,17772333.822215,Unchanged
15974,0,Unchanged
15975,0,Unchanged
15976,0,Unchanged
15977,0.364372000330413,Downregulated
15978,3.407607483708,Upregulated
15979,5.03507612718298,Upregulated
15980,0,Unchanged
15981,6604371.56042672,Unchanged
15982,315.868829912845,Upregulated
15983,0,Unchanged
15984,0,Unchanged
15985,11599139.5257052,Unchanged
15986,11599139.5257052,Unchanged
15987,11599139.5257052,Unchanged
15988,3.20222105309278,Upregulated
15989,0,Unchanged
15990,0,Unchanged
15991,0,Unchanged
15992,0,Unchanged
15993,0,Unchanged
15994,0,Unchanged
15995,0,Unchanged
15996,0,Unchanged
15997,0,Unchanged
15998,0,Unchanged
15999,0,Unchanged
16000,0,Unchanged
16001,0.137004940225553,Downregulated
16002,0.137004861097597,Downregulated
16003,11599139.0298783,Unchanged
16004,0,Unchanged
16005,0,Unchanged
16006,0,Unchanged
16007,0,Unchanged
16008,0,Unchanged
16009,0,Unchanged
16010,0,Unchanged
16011,0,Unchanged
16012,797760838.566406,Unchanged
16013,0,Unchanged
16014,0,Unchanged
16015,0,Unchanged
16016,0,Unchanged
16017,0,Unchanged
16018,0,Unchanged
16019,0,Unchanged
16020,0,Unchanged
16021,0,Unchanged
16022,-5362618207,Unchanged
16023,0,Unchanged
16024,0,Unchanged
16025,0,Unchanged
16026,0,Unchanged
16027,0,Unchanged
16028,0,Unchanged
16029,0,Unchanged
16030,0,Unchanged
16031,0,Unchanged
16032,0,Unchanged
16033,0,Unchanged
16034,0,Unchanged
16035,0,Unchanged
16036,0,Unchanged
16037,0,Unchanged
16038,5799572.90646519,Unchanged
16039,9.39521150808563,Upregulated
16040,0,Unchanged
16041,0,Unchanged
16042,0,Unchanged
16043,0,Unchanged
16044,0,Unchanged
16045,62772688.4603262,Unchanged
16046,0,Unchanged
16047,0.239521358180266,Downregulated
16048,0,Unchanged
16049,0,Unchanged
16050,0,Unchanged
16051,0,Unchanged
16052,0,Unchanged
16053,0,Unchanged
16054,0,Unchanged
16055,0.120600974291734,Downregulated
16056,0,Unchanged
16057,0,Unchanged
16058,0.146399149215951,Downregulated
16059,0.140076641989601,Downregulated
16060,0.285303140039401,Downregulated
16061,0.2864436937856,Downregulated
16062,0.287038317723785,Downregulated
16063,0.173039842541835,Downregulated
16064,0.513693189482101,Unchanged
16065,0.211580916784332,Downregulated
16066,0.658268264386286,Unchanged
16067,0.221281119434538,Downregulated
16068,0.609982323932077,Unchanged
16069,0.196704664221064,Downregulated
16070,0.626806537399562,Unchanged
16071,0.286201979092271,Downregulated
16072,0.442073120576606,Downregulated
16073,0.24904916057022,Downregulated
16074,0.592052291285157,Unchanged
16075,0.332462603106867,Downregulated
16076,25114938.7268024,Unchanged
16077,67.7167212406182,Upregulated
16078,13098948.183807,Unchanged
16079,75.3134718708164,Upregulated
16080,55.997519583432,Upregulated
16081,0.656904011061938,Unchanged
16082,2.16722755131944,Upregulated
16083,0.530210663119631,Unchanged
16084,11599139.0298783,Unchanged
16085,11599139.0298783,Unchanged
16086,0,Unchanged
16087,0,Unchanged
16088,50229877.4536048,Unchanged
16089,12.749179226234,Upregulated
16090,0,Unchanged
16091,26197896.3676139,Unchanged
16092,21.4708687175042,Upregulated
16093,9.75820576783998,Upregulated
16094,5.77663588468244,Upregulated
16095,0,Unchanged
16096,0,Unchanged
16097,0,Unchanged
16098,69927396.2911405,Unchanged
16099,50229877.4536048,Unchanged
16100,35313540.209451,Unchanged
16101,2.15894392128764,Upregulated
16102,12.6717912095579,Upregulated
16103,69927396.2911405,Unchanged
16104,7.98589919836831,Upregulated
16105,389101.741840171,Unchanged
16106,0.0136524006536658,Downregulated
16107,6.60910005726812,Upregulated
16108,77772149.8780021,Unchanged
16109,25008952.6743236,Unchanged
16110,14384.2985426886,Upregulated
16111,38886074.9390011,Unchanged
16112,4.40027939476778,Upregulated
16113,77772149.8780021,Unchanged
16114,0,Unchanged
16115,77.4500840376588,Upregulated
16116,133.897486181921,Upregulated
16117,53.0908812114146,Upregulated
16118,0,Unchanged
16119,0,Unchanged
16120,36.9881524770766,Upregulated
16121,21415670.6054315,Unchanged
16122,4.55336827199455,Upregulated
16123,2.94083589899719,Upregulated
16124,19.3051366872615,Upregulated
16125,7.98589515061852,Upregulated
16126,2.41085274511564,Upregulated
16127,0,Unchanged
16128,13.8671680162594,Upregulated
16129,19.3051379473087,Upregulated
16130,19.29664049114,Upregulated
16131,18.024343375927,Upregulated
16132,22.4106101956045,Upregulated
16133,41.7552588361923,Upregulated
16134,105337.043884561,Unchanged
16135,67.7166968426066,Upregulated
16136,19.5244504058626,Upregulated
16137,0,Unchanged
16138,27469.7958590689,Unchanged
16139,0,Unchanged
16140,34963698.1455702,Unchanged
16141,4710732.44512678,Unchanged
16142,26197896.3676139,Unchanged
16143,26197896.3676139,Unchanged
16144,0,Unchanged
16145,3.64668607188145,Upregulated
16146,0,Unchanged
16147,0,Unchanged
16148,12860325.0752247,Unchanged
16149,0,Unchanged
16150,6.79244572738765,Upregulated
16151,25.8478851862919,Upregulated
16152,8.70697567824332,Upregulated
16153,6.74220506336832,Upregulated
16154,26.8708356714646,Upregulated
16155,20.8627504857438,Upregulated
16156,3.20678829036653,Upregulated
16157,0,Unchanged
16158,12.2940036777118,Upregulated
16159,2.25727077129902,Upregulated
16160,61.480170722386,Upregulated
16161,61.5144673439129,Upregulated
16162,18544078.6781858,Unchanged
16163,12.7756489501457,Upregulated
16164,-4410666698.5,Unchanged
16165,0,Unchanged
16166,0,Unchanged
16167,0,Unchanged
16168,0,Unchanged
16169,5.36875047725184,Upregulated
16170,0,Unchanged
16171,2.49288623516052,Upregulated
16172,11.4447292106503,Upregulated
16173,0,Unchanged
16174,0,Unchanged
16175,-756134496.734375,Unchanged
16176,0,Unchanged
16177,0,Unchanged
16178,0,Unchanged
16179,0,Unchanged
16180,0,Unchanged
16181,0,Unchanged
16182,0,Unchanged
16183,1.06983678409272,Unchanged
16184,3.16616318543105,Upregulated
16185,29.9028938154289,Upregulated
16186,0,Unchanged
16187,0,Unchanged
16188,0,Unchanged
16189,0,Unchanged
16190,0,Unchanged
16191,0,Unchanged
16192,0,Unchanged
16193,15651956.395706,Unchanged
16194,0,Unchanged
16195,0,Unchanged
16196,0.934567181143675,Unchanged
16197,0,Unchanged
16198,5799575.44574827,Unchanged
16199,38886074.9390011,Unchanged
16200,62607742.3510907,Unchanged
16201,7.98483122642019,Upregulated
16202,17.3299081787301,Upregulated
16203,0,Unchanged
16204,2.1348140623657,Upregulated
16205,0,Unchanged
16206,0,Unchanged
16207,0,Unchanged
16208,0,Unchanged
16209,0,Unchanged
16210,0,Unchanged
16211,0,Unchanged
16212,0,Unchanged
16213,1.84888051178543,Unchanged
16214,0,Unchanged
16215,88395.2811111124,Unchanged
16216,1597775.64400122,Unchanged
16217,0.000590865216517568,Unchanged
16218,5.54099962878333e-05,Unchanged
16219,0,Unchanged
16220,3.9037640442178,Upregulated
16221,7.65765224153644,Upregulated
16222,2.12920449862442,Upregulated
16223,1.49370104610475,Unchanged
16224,8852364.12474885,Unchanged
16225,5.52148023643895e-07,Unchanged
16226,9496840.99477685,Unchanged
16227,17.4485886114818,Upregulated
16228,1.5524054947897,Unchanged
16229,0.0240079829954869,Downregulated
16230,0.393865448061026,Downregulated
16231,1.22817571173,Unchanged
16232,7.0520779558179,Upregulated
16233,0,Unchanged
16234,0,Unchanged
16235,0.0648171322750623,Downregulated
16236,1.44838603290557e-06,Unchanged
16237,320515.318277367,Unchanged
16238,0,Unchanged
16239,0,Unchanged
16240,0,Unchanged
16241,2487879.20580795,Unchanged
16242,15.6426725800374,Upregulated
16243,5.52148035467326e-07,Unchanged
16244,0.15318474988966,Downregulated
16245,0.497820760248167,Downregulated
16246,0.00576736153908761,Unchanged
16247,0.52606947202607,Unchanged
16248,30.4713352906587,Upregulated
16249,0,Unchanged
16250,0.573413288092952,Unchanged
16251,8.97346988717323,Upregulated
16252,2,Upregulated
16253,434049635.819651,Unchanged
16254,27737678.8694121,Unchanged
16255,40883466.8618418,Unchanged
16256,679912.059787663,Unchanged
16257,0,Unchanged
16258,6359.269937647,Upregulated
16259,0,Unchanged
16260,0,Unchanged
16261,0,Unchanged
16262,0,Unchanged
16263,0,Unchanged
16264,1.31677876363705,Unchanged
16265,0,Unchanged
16266,5.42394496351795e-07,Unchanged
16267,1.5671402317179e-06,Unchanged
16268,1.95143557297882,Unchanged
16269,0,Unchanged
16270,8683428.79338042,Unchanged
16271,0,Unchanged
16272,0,Unchanged
16273,0,Unchanged
16274,2.62159580740705,Upregulated
16275,28353451.974539,Unchanged
16276,28280561.2411191,Unchanged
16277,1091910.56300349,Unchanged
16278,0.5,Downregulated
16279,0,Unchanged
16280,0,Unchanged
16281,0,Unchanged
16282,0,Unchanged
16283,9.57295201427352e-08,Unchanged
16284,9.55311554093896e-08,Unchanged
16285,0.0202475840255591,Downregulated
16286,28.4366847539272,Upregulated
16287,3.28319166594104,Upregulated
16288,1.08801547887605,Unchanged
16289,265161.045333835,Unchanged
16290,265161.071773717,Unchanged
16291,4160776.88306329,Unchanged
16292,1.63120862759771,Unchanged
16293,0.151530564642443,Downregulated
16294,0.140415343453477,Downregulated
16295,1.97428043443289,Unchanged
16296,0.369417436060945,Downregulated
16297,0.394655470329203,Downregulated
16298,0.160997476759231,Downregulated
16299,0.160997486144425,Downregulated
16300,0.160997484241927,Downregulated
16301,0.394677983830315,Downregulated
16302,0,Unchanged
16303,0.00955664557817652,Unchanged
16304,0.113535248110694,Downregulated
16305,0.0643308930901005,Downregulated
16306,0.0643308940885211,Downregulated
16307,0.15063088721357,Downregulated
16308,0.150246068596396,Downregulated
16309,0.0548149903630994,Downregulated
16310,0.300847861048083,Downregulated
16311,0.22898978702693,Downregulated
16312,0.37533290799118,Downregulated
16313,2.01659530700871e-08,Unchanged
16314,0.0143348574733556,Downregulated
16315,0,Unchanged
16316,0,Unchanged
16317,0.0770748761056107,Downregulated
16318,0.363616864804577,Downregulated
16319,2.64081331281601,Upregulated
16320,0.49104488156674,Downregulated
16321,0.134486347257148,Downregulated
16322,0.138482648489667,Downregulated
16323,0,Unchanged
16324,0,Unchanged
16325,0,Unchanged
16326,1.32376439055499e-08,Unchanged
16327,1.32376439055499e-08,Unchanged
16328,0.152739778219964,Downregulated
16329,0,Unchanged
16330,3.44408275231994e-08,Unchanged
16331,0.00568231579601755,Unchanged
16332,0.0150231858712387,Downregulated
16333,2.37281606266991,Upregulated
16334,0,Unchanged
16335,1.56863948177488e-08,Unchanged
16336,1.5686394704062e-08,Unchanged
16337,6.12603071203921e-09,Unchanged
16338,6.12603071203921e-09,Unchanged
16339,1.61525103976601e-08,Unchanged
16340,2.26880079344557,Upregulated
16341,0.12050576050153,Downregulated
16342,0.167503590853577,Downregulated
16343,0.113256919519847,Downregulated
16344,0.113256931629609,Downregulated
16345,6.09070032987506,Upregulated
16346,0,Unchanged
16347,1.12932750836759e-06,Unchanged
16348,1.68505120930144e-06,Unchanged
16349,0.842238073105405,Unchanged
16350,3.09354250227002,Upregulated
16351,1.4951257227727,Unchanged
16352,1.73469745388531,Unchanged
16353,1.69203215735873,Unchanged
16354,5.5657413604033,Upregulated
16355,0,Unchanged
16356,29181373.4477057,Unchanged
16357,910249.334978077,Unchanged
16358,0.136884519411638,Downregulated
16359,0.975874150601675,Unchanged
16360,0,Unchanged
16361,0.628788210533627,Unchanged
16362,0,Unchanged
16363,13454125.1350873,Unchanged
16364,0,Unchanged
16365,30489.4971633623,Unchanged
16366,0.5,Downregulated
16367,0,Unchanged
16368,0,Unchanged
16369,0,Unchanged
16370,26958.916887215,Unchanged
16371,3439348.00950059,Unchanged
16372,11.0815728322899,Upregulated
16373,0,Unchanged
16374,0,Unchanged
16375,0,Unchanged
16376,0,Unchanged
16377,0,Unchanged
16378,0,Unchanged
16379,0,Unchanged
16380,0,Unchanged
16381,0,Unchanged
16382,0,Unchanged
16383,0,Unchanged
16384,0,Unchanged
16385,0,Unchanged
16386,1534170.7070018,Unchanged
16387,0,Unchanged
16388,0,Unchanged
16389,0,Unchanged
16390,0,Unchanged
16391,7.157900088878,Upregulated
16392,0,Unchanged
16393,0,Unchanged
16394,0,Unchanged
16395,0.144192676849952,Downregulated
16396,0,Unchanged
16397,0,Unchanged
16398,1.81417522987842,Unchanged
16399,0,Unchanged
16400,0,Unchanged
16401,0,Unchanged
16402,3698807.0796032,Unchanged
16403,0,Unchanged
16404,0,Unchanged
16405,3.34672722241912e-06,Unchanged
16406,51134194.0271097,Unchanged
16407,0,Unchanged
16408,1.09171447508639,Unchanged
16409,0,Unchanged
16410,0.131673259813173,Downregulated
16411,0,Unchanged
16412,0.724365438399873,Unchanged
16413,0.193172620357603,Downregulated
16414,0,Unchanged
16415,0,Unchanged
16416,137.55538998516,Upregulated
16417,28278949.7901248,Unchanged
16418,0,Unchanged
16419,2.95187873806843e-06,Unchanged
16420,3.00178289344422,Upregulated
16421,0.00029898402964011,Unchanged
16422,1.26753414848104e-06,Unchanged
16423,16.023091697778,Upregulated
16424,8.85158591994442,Upregulated
16425,1.64678011877779e-08,Unchanged
16426,0,Unchanged
16427,0.00988266441887983,Unchanged
16428,7.827651135741,Upregulated
16429,1820498.62888684,Unchanged
16430,289594.040974483,Unchanged
16431,25.4558133800917,Upregulated
16432,0,Unchanged
16433,2,Upregulated
16434,8880539.32894839,Unchanged
16435,59708735.9570386,Unchanged
16436,13.8029223484145,Upregulated
16437,25.4558728749479,Upregulated
16438,4570011.2015636,Unchanged
16439,4.63510905466136,Upregulated
16440,4.82316866239204,Upregulated
16441,4.32924589884401e-07,Unchanged
16442,26.8830467679206,Upregulated
16443,0.999999999998873,Unchanged
16444,0,Unchanged
16445,26.9315939889266,Upregulated
16446,12210795.9977435,Unchanged
16447,0,Unchanged
16448,0,Unchanged
16449,0,Unchanged
16450,0,Unchanged
16451,0,Unchanged
16452,0,Unchanged
16453,0,Unchanged
16454,0,Unchanged
16455,0,Unchanged
16456,0,Unchanged
16457,0,Unchanged
16458,0,Unchanged
16459,132.374097558786,Upregulated
16460,58.5176487925225,Upregulated
16461,0,Unchanged
16462,0,Unchanged
16463,28353457.2754455,Unchanged
16464,213676.877246195,Unchanged
16465,0,Unchanged
16466,0.00448592996373461,Unchanged
16467,0,Unchanged
16468,27.310039555814,Upregulated
16469,0,Unchanged
16470,0,Unchanged
16471,0,Unchanged
16472,0,Unchanged
16473,35.8384498690408,Upregulated
16474,0,Unchanged
16475,0.619495318612882,Unchanged
16476,1.93133036191056,Unchanged
16477,1.93133036191056,Unchanged
16478,2.21811685874161e-07,Unchanged
16479,4.64111956740252e-06,Unchanged
16480,0,Unchanged
16481,6.1169117925683,Upregulated
16482,1.1041762510539e-07,Unchanged
16483,1.38414114658425,Unchanged
16484,1.35356516843993,Unchanged
16485,1.16688258939484e-05,Unchanged
16486,0,Unchanged
16487,1.68267403058668,Unchanged
16488,5.71922522504056e-06,Unchanged
16489,0,Unchanged
16490,133144.500145011,Unchanged
16491,0,Unchanged
16492,0.228515288618287,Downregulated
16493,0.118896236457534,Downregulated
16494,0,Unchanged
16495,0.0656477430856087,Downregulated
16496,0,Unchanged
16497,0,Unchanged
16498,1.05920714401475,Unchanged
16499,4.1067541639733,Upregulated
16500,0,Unchanged
16501,26.8830467549184,Upregulated
16502,0,Unchanged
16503,4.93920988493624,Upregulated
16504,25.4558728749205,Upregulated
16505,4.93920988493624,Upregulated
16506,0,Unchanged
16507,46145233.4744769,Unchanged
16508,84841682.7686384,Unchanged
16509,28278950.5401756,Unchanged
16510,28353452.568606,Unchanged
16511,28280560.7040897,Unchanged
16512,25.4558728749205,Upregulated
16513,26.8830467678814,Upregulated
16514,4.97777719566183e-09,Unchanged
16515,18.7433115072411,Upregulated
16516,4.3953375992058e-05,Unchanged
16517,13.4415233839827,Upregulated
16518,0.105624025077697,Downregulated
16519,1.48867729750542,Unchanged
16520,0,Unchanged
16521,1.3088081352884,Unchanged
16522,53.0879127522146,Upregulated
16523,7285953.62484551,Unchanged
16524,4436318.05360018,Unchanged
16525,289591.854965369,Unchanged
16526,0.305523770988708,Downregulated
16527,4.90310408566823,Upregulated
16528,0,Unchanged
16529,0,Unchanged
16530,2.56853347761151,Upregulated
16531,3553.04507630913,Upregulated
16532,34.7032257018457,Upregulated
16533,0.0938032306548608,Downregulated
16534,0.12919058464754,Downregulated
16535,0,Unchanged
16536,0.00172213304376979,Unchanged
16537,0.134676912083836,Downregulated
16538,2.174754393709e-06,Unchanged
16539,13.4418505421856,Upregulated
16540,5849538.97860821,Unchanged
16541,0.0823822857753006,Downregulated
16542,0,Unchanged
16543,0,Unchanged
16544,1.45408249579759e-07,Unchanged
16545,0,Unchanged
16546,7.06666071733816e-05,Unchanged
16547,0.000200858277592263,Unchanged
16548,14292.2579678338,Upregulated
16549,0,Unchanged
16550,14034988.9042643,Unchanged
16551,5.45091813935969,Upregulated
16552,0.271606377083611,Downregulated
16553,0,Unchanged
16554,33.4873188560555,Upregulated
16555,2.71536242252031,Upregulated
16556,3320431.92460761,Unchanged
16557,0,Unchanged
16558,0.075641005370111,Downregulated
16559,9180926.41891799,Unchanged
16560,0,Unchanged
16561,0,Unchanged
16562,0,Unchanged
16563,13.4415236950205,Upregulated
16564,0,Unchanged
16565,0,Unchanged
16566,13.1499255013053,Upregulated
16567,0.000945634261736814,Unchanged
16568,12.6349991323961,Upregulated
16569,9.92757302662308,Upregulated
16570,0,Unchanged
16571,0.00131102253998278,Unchanged
16572,0,Unchanged
16573,5.6786024127649e-07,Unchanged
16574,22075.9461226733,Unchanged
16575,1.85840044600783,Unchanged
16576,0,Unchanged
16577,0.36693676663388,Downregulated
16578,2.08609229783108,Upregulated
16579,0.366936670764356,Downregulated
16580,0.611017947515022,Unchanged
16581,9.18229852845495,Upregulated
16582,134.376464411165,Upregulated
16583,16.548088100736,Upregulated
16584,40425022.7383115,Unchanged
16585,13.9049528504412,Upregulated
16586,13.1227877317966,Upregulated
16587,57.9740332291685,Upregulated
16588,31392115.2087295,Unchanged
16589,31392115.2087295,Unchanged
16590,35814212.7866118,Unchanged
16591,35814212.7866118,Unchanged
16592,21.8344729640208,Upregulated
16593,35814212.7866118,Unchanged
16594,4.76276091093832,Upregulated
16595,8.20999395369721,Upregulated
16596,29.6029143609169,Upregulated
16597,144.593257297365,Upregulated
16598,2573.9737642181,Upregulated
16599,47360176.4783498,Unchanged
16600,0,Unchanged
16601,26.1811579239075,Upregulated
16602,20.4161750142924,Upregulated
16603,6.12698234338607,Upregulated
16604,10740178.2527294,Unchanged
16605,28305080.4321351,Unchanged
16606,28305080.4321351,Unchanged
16607,14152540.2160676,Unchanged
16608,20.5632872041988,Upregulated
16609,28163585.2005328,Unchanged
16610,14152540.2160676,Unchanged
16611,155.284839552534,Upregulated
16612,0,Unchanged
16613,27.7146625393162,Upregulated
16614,14139480.6367404,Unchanged
16615,16325.47996845,Upregulated
16616,14139474.8609692,Unchanged
16617,7.80708693688276,Upregulated
16618,1.72565669281508,Unchanged
16619,5084874.95008621,Unchanged
16620,8.67213783784974,Upregulated
16621,82.9409806892989,Upregulated
16622,7.81429656000934,Upregulated
16623,12.189565415102,Upregulated
16624,18.187764200714,Upregulated
16625,0,Unchanged
16626,530052.927720092,Unchanged
16627,5085213.61621575,Unchanged
16628,23.4013377804817,Upregulated
16629,8.04517426254301,Upregulated
16630,3.77313040464051,Upregulated
16631,8.62075231732714,Upregulated
16632,8.62075231732714,Upregulated
16633,14140317.6299006,Unchanged
16634,0,Unchanged
16635,14140288.4280923,Unchanged
16636,7.80752859586059,Upregulated
16637,2.14093898277911,Upregulated
16638,14140280.6205596,Unchanged
16639,3.59735287205532,Upregulated
16640,14140280.6205596,Unchanged
16641,3.59735390498152,Upregulated
16642,28280561.2411191,Unchanged
16643,28280561.2411191,Unchanged
16644,11.9080471537211,Upregulated
16645,7.00733243895176,Upregulated
16646,14152547.8873441,Unchanged
16647,4.58883633014547,Upregulated
16648,14152540.550397,Unchanged
16649,7.8142967775927,Upregulated
16650,2.05789609992553,Upregulated
16651,65.6621723044217,Upregulated
16652,2.05789609992553,Upregulated
16653,2.05789615060769,Upregulated
16654,0,Unchanged
16655,3.23305801155247,Upregulated
16656,8.6202643463573,Upregulated
16657,25.7631903149996,Upregulated
16658,28278949.7219383,Unchanged
16659,28278949.7219383,Unchanged
16660,28278949.7219383,Unchanged
16661,14140282.6339779,Unchanged
16662,28305078.8951037,Unchanged
16663,14139474.9518844,Unchanged
16664,0,Unchanged
16665,14152599.0153951,Unchanged
16666,5085164.03414891,Unchanged
16667,281.044717265005,Upregulated
16668,234.628921290381,Upregulated
16669,28280561.2411191,Unchanged
16670,82.9409848447294,Upregulated
16671,14140363.3888185,Unchanged
16672,14140280.6205596,Unchanged
16673,5.77610197617889,Upregulated
16674,5.77610036909391,Upregulated
16675,234.618056446712,Upregulated
16676,13.3644976934369,Upregulated
16677,13.3368038399158,Upregulated
16678,238.321330302375,Upregulated
16679,1.98536386779554,Unchanged
16680,25.7646584697847,Upregulated
16681,9.68368549437498,Upregulated
16682,66.8350196380073,Upregulated
16683,0,Unchanged
16684,11.2812220848096,Upregulated
16685,0,Unchanged
16686,0,Unchanged
16687,0,Unchanged
16688,711.870633501828,Upregulated
16689,0,Unchanged
16690,473.415973471986,Upregulated
16691,0,Unchanged
16692,1.6819333727085e-05,Unchanged
16693,0.29130454263988,Downregulated
16694,0,Unchanged
16695,248.07105098608,Upregulated
16696,46.3349999790127,Upregulated
16697,36.1990675629514,Upregulated
16698,0,Unchanged
16699,2.07303748012322e-06,Unchanged
16700,116.304212484839,Upregulated
16701,4.72656953786554e-06,Unchanged
16702,13.092997937086,Upregulated
16703,2.46825291858368,Upregulated
16704,17319.6237923955,Upregulated
16705,23012383.4656652,Unchanged
16706,23012383.6011267,Unchanged
16707,42530176.4195193,Unchanged
16708,42530176.4195193,Unchanged
16709,42530176.4195193,Unchanged
16710,929.617269482711,Upregulated
16711,1.08656993677306,Unchanged
16712,0.0850273770257232,Downregulated
16713,4437282.26283454,Unchanged
16714,2.44989718889611,Upregulated
16715,25.3964444339287,Upregulated
16716,119363.043277625,Unchanged
16717,77980.1127030342,Unchanged
16718,1.35322734094885,Unchanged
16719,37.6482361226996,Upregulated
16720,143970.57848918,Unchanged
16721,28701620.8977338,Unchanged
16722,0.316507983726592,Downregulated
16723,9482320.92124312,Unchanged
16724,8751153.75962703,Unchanged
16725,0,Unchanged
16726,7194318.84540245,Unchanged
16727,25.6653142380363,Upregulated
16728,5.31207307062687e-07,Unchanged
16729,26.8664032574151,Upregulated
16730,0.577394758137651,Unchanged
16731,8751153.75962703,Unchanged
16732,1728.09953787566,Upregulated
16733,0.711865735195036,Unchanged
16734,3866380.06283577,Unchanged
16735,7694100.47733467,Unchanged
16736,16.1613728632437,Upregulated
16737,4.3619106542785,Upregulated
16738,17469843.1843104,Unchanged
16739,15.751163663652,Upregulated
16740,2.12913752934318,Upregulated
16741,8751154.17548622,Unchanged
16742,3597159.76455493,Unchanged
16743,650605.267117079,Unchanged
16744,0.849426582667005,Unchanged
16745,0,Unchanged
16746,0,Unchanged
16747,0,Unchanged
16748,0.500000204242778,Unchanged
16749,16613.1419314053,Upregulated
16750,4.73546549070794,Upregulated
16751,5239473.8042054,Unchanged
16752,0,Unchanged
16753,1.43692026002712,Unchanged
16754,0,Unchanged
16755,4.07708233909024,Upregulated
16756,0.471873553434619,Downregulated
16757,5174472.62882831,Unchanged
16758,3.26230430526682,Upregulated
16759,3.27089894003409,Upregulated
16760,0,Unchanged
16761,0,Unchanged
16762,2619736.9021027,Unchanged
16763,2464.80311198264,Upregulated
16764,10.3527320741198,Upregulated
16765,0,Unchanged
16766,0,Unchanged
16767,36733603.6809475,Unchanged
16768,3.36687164319246,Upregulated
16769,7.13962402092071,Upregulated
16770,0.0240577999605952,Downregulated
16771,0.0240079486413288,Downregulated
16772,0.339202023318346,Downregulated
16773,0,Unchanged
16774,0,Unchanged
16775,109.054343720471,Upregulated
16776,90.7873201052075,Upregulated
16777,0,Unchanged
16778,13.1348199240525,Upregulated
16779,1.41276570863538,Unchanged
16780,5.16940676190349,Upregulated
16781,3866379.82511926,Unchanged
16782,1.40983823526367,Unchanged
16783,5.16940668105511,Upregulated
16784,1.40983812179891,Unchanged
16785,1.40983828359702,Unchanged
16786,13.1348196454814,Upregulated
16787,5.16682357124993,Upregulated
16788,1.40983817102434,Unchanged
16789,3866379.72723912,Unchanged
16790,5.15611720752885,Upregulated
16791,5.1561170224804,Upregulated
16792,1.40983813450283,Unchanged
16793,1.40983820092469,Unchanged
16794,5.16682357124993,Upregulated
16795,1.33056161640737,Unchanged
16796,3535071.95939943,Unchanged
16797,0,Unchanged
16798,5.15611713802036,Upregulated
16799,1.40983827298812,Unchanged
16800,1.40983828685704,Unchanged
16801,5.15611727305571,Upregulated
16802,1.40613366416303,Unchanged
16803,28353453.005588,Unchanged
16804,2.23482914040214,Upregulated
16805,3866380.33836602,Unchanged
16806,1.41276590723262,Unchanged
16807,5.171303278762,Upregulated
16808,28305079.0203433,Unchanged
16809,7732760.67673204,Unchanged
16810,0.0913366412862342,Downregulated
16811,2.38023048883801,Upregulated
16812,20.4678961605035,Upregulated
16813,28280561.6502844,Unchanged
16814,7732759.80977836,Unchanged
16815,5391407.36262734,Unchanged
16816,0,Unchanged
16817,3656.18133874434,Upregulated
16818,2.7363481068872,Upregulated
16819,0,Unchanged
16820,0,Unchanged
16821,0,Unchanged
16822,688275.518291441,Unchanged
16823,41.9732621060341,Upregulated
16824,52.5706516953378,Upregulated
16825,235.233602728205,Upregulated
16826,48.6683669008139,Upregulated
16827,77.7196321253653,Upregulated
16828,41.4681409281808,Upregulated
16829,3858904.31779325,Unchanged
16830,2.13068655554507,Upregulated
16831,60.4429365630065,Upregulated
16832,28353452.688432,Unchanged
16833,86.5343194465603,Upregulated
16834,23.662446779635,Upregulated
16835,23.662446779635,Upregulated
16836,34.0132488715278,Upregulated
16837,3.89838776094895,Upregulated
16838,2.13924652446117,Upregulated
16839,7.80752839894002,Upregulated
16840,2.13481393230159,Upregulated
16841,2.13481415295896,Upregulated
16842,7.80752793093801,Upregulated
16843,7.80752814533412,Upregulated
16844,2.1348139891804,Upregulated
16845,2.1348139891804,Upregulated
16846,7.80752853329287,Upregulated
16847,7.80752847960522,Upregulated
16848,2.13481461548913,Upregulated
16849,2.13481455878635,Upregulated
16850,7.8075284704622,Upregulated
16851,7.80752816724989,Upregulated
16852,2.13481392094981,Upregulated
16853,2.13481524944065,Upregulated
16854,7.8075280691885,Upregulated
16855,14176725.972989,Unchanged
16856,7732759.67020755,Unchanged
16857,35552000.7590821,Unchanged
16858,28353453.2590766,Unchanged
16859,7732760.01828485,Unchanged
16860,12.2170362414327,Upregulated
16861,14176726.6295383,Unchanged
16862,14176726.6168006,Unchanged
16863,7732759.72650323,Unchanged
16864,7732759.72650323,Unchanged
16865,28353453.2336013,Unchanged
16866,7719567.1670141,Unchanged
16867,28353453.2336013,Unchanged
16868,28353452.7970933,Unchanged
16869,7732759.73723128,Unchanged
16870,7732759.73723128,Unchanged
16871,28353452.7970933,Unchanged
16872,1035713.3958021,Unchanged
16873,1205816.49647154,Unchanged
16874,7732759.48921161,Unchanged
16875,28280561.7581284,Unchanged
16876,7712880.54011082,Unchanged
16877,29389166.2946119,Unchanged
16878,33120080.4698943,Unchanged
16879,33120080.4698943,Unchanged
16880,7719566.77576977,Unchanged
16881,28278950.7674638,Unchanged
16882,7719566.77576977,Unchanged
16883,28278950.7674638,Unchanged
16884,1035713.36762354,Unchanged
16885,28278949.6253409,Unchanged
16886,7732763.79657724,Unchanged
16887,7732763.79657724,Unchanged
16888,28278949.6253409,Unchanged
16889,28278949.6253409,Unchanged
16890,7732734.42942917,Unchanged
16891,7732734.42942917,Unchanged
16892,28278949.6253409,Unchanged
16893,28278949.6253409,Unchanged
16894,7732759.71779333,Unchanged
16895,7732759.71779333,Unchanged
16896,28278949.6253409,Unchanged
16897,28278949.6253409,Unchanged
16898,7732759.69060146,Unchanged
16899,7732759.69060146,Unchanged
16900,28278949.6253409,Unchanged
16901,1035713.39469691,Unchanged
16902,1035713.34989475,Unchanged
16903,7732759.43142888,Unchanged
16904,7732759.82995983,Unchanged
16905,7732760.02760308,Unchanged
16906,28353452.8342225,Unchanged
16907,7719566.77576977,Unchanged
16908,28353452.0659339,Unchanged
16909,7719566.77576977,Unchanged
16910,28353452.0659339,Unchanged
16911,7719566.92513279,Unchanged
16912,28353451.8888563,Unchanged
16913,28353452.0659339,Unchanged
16914,7720893.82763176,Unchanged
16915,7720893.82763176,Unchanged
16916,28353452.0659339,Unchanged
16917,28353451.5746862,Unchanged
16918,3860446.83741441,Unchanged
16919,7720893.67482883,Unchanged
16920,14176725.7873431,Unchanged
16921,28353451.5746862,Unchanged
16922,7720893.56078257,Unchanged
16923,3860446.78039128,Unchanged
16924,0,Unchanged
16925,6.09070032987506,Upregulated
16926,47.4963559828002,Upregulated
16927,18043180.3665131,Unchanged
16928,535209.13688692,Unchanged
16929,31674061.6274378,Unchanged
16930,1.58227746846379,Unchanged
16931,18043105.403118,Unchanged
16932,18043105.403118,Unchanged
16933,535.12891818492,Upregulated
16934,17996719.8331116,Unchanged
16935,2.77050152534335e-05,Unchanged
16936,2.77049989653043e-05,Unchanged
16937,50.176760550233,Upregulated
16938,0,Unchanged
16939,2152.1950149124,Upregulated
16940,0.677061593379496,Unchanged
16941,0,Unchanged
16942,3483492.03996033,Unchanged
16943,29329985.6036791,Unchanged
16944,216288.829538279,Unchanged
16945,0,Unchanged
16946,0,Unchanged
16947,0,Unchanged
16948,7.1584461679035,Upregulated
16949,57062329.514512,Unchanged
16950,1.4098382376814,Unchanged
16951,46.6037513943168,Upregulated
16952,120.618455969772,Upregulated
16953,28.1343276603105,Upregulated
16954,0.576021857496713,Unchanged
16955,0.576021836870014,Unchanged
16956,0.576021836870014,Unchanged
16957,0.507522746945877,Unchanged
16958,0.060297481924306,Downregulated
16959,4.31151235443578,Upregulated
16960,0.0157590048039782,Downregulated
16961,0.563416078601901,Unchanged
16962,0.132643229505592,Downregulated
16963,10.4172197639634,Upregulated
16964,7732764.28307929,Unchanged
16965,1.75484820133314,Unchanged
16966,2.35098074991072,Upregulated
16967,559.566416467077,Upregulated
16968,216288.826223773,Unchanged
16969,0.023798865202643,Downregulated
16970,1.27193427429498,Unchanged
16971,1.27193392176796,Unchanged
16972,1.27193392176796,Unchanged
16973,0.850856941587633,Unchanged
16974,0.224113350603177,Downregulated
16975,0.224113357086742,Downregulated
16976,3866380.06283577,Unchanged
16977,0.94540980864597,Unchanged
16978,0,Unchanged
16979,2.19452571436464,Upregulated
16980,6.40217532040554,Upregulated
16981,5010755.09771777,Unchanged
16982,11732690.7737872,Unchanged
16983,13.5418960385558,Upregulated
16984,4.66334883472129,Upregulated
16985,3647.43628204253,Upregulated
16986,28.8534167181465,Upregulated
16987,4936.16933385682,Upregulated
16988,0,Unchanged
16989,0.000132617667868424,Unchanged
16990,134.215126076528,Upregulated
16991,28.9133246575907,Upregulated
16992,0,Unchanged
16993,65.5837501409897,Upregulated
16994,0,Unchanged
16995,0,Unchanged
16996,0.000132617667868431,Unchanged
16997,0,Unchanged
16998,0.000132511446585681,Unchanged
16999,0,Unchanged
17000,0,Unchanged
17001,220.835170722015,Upregulated
17002,12291.5796596526,Upregulated
17003,97.3576379702135,Upregulated
17004,12291.5796905599,Upregulated
17005,93220087.0640538,Unchanged
17006,56.5058710664799,Upregulated
17007,97.1559145243966,Upregulated
17008,12281.7346421382,Upregulated
17009,96.9061321694826,Upregulated
17010,12291.5799054391,Upregulated
17011,220.835171277307,Upregulated
17012,12291.5796905599,Upregulated
17013,97.3576379702135,Upregulated
17014,12291.5796905599,Upregulated
17015,220.835171277307,Upregulated
17016,12291.5796905599,Upregulated
17017,185368659.970017,Unchanged
17018,59708725.8317246,Unchanged
17019,3.10476176849761e-07,Unchanged
17020,94178995.08045,Unchanged
17021,78.9306134107388,Upregulated
17022,16.3290840832305,Upregulated
17023,30.5367048406535,Upregulated
17024,25.4486159778476,Upregulated
17025,104.410834872439,Upregulated
17026,11.9178821049822,Upregulated
17027,8.8521774649141,Upregulated
17028,17.3695720623961,Upregulated
17029,17.3695720623961,Upregulated
17030,52.0007370399017,Upregulated
17031,188357957.502732,Unchanged
17032,88.8275701416287,Upregulated
17033,0,Unchanged
17034,5.61221065824048,Upregulated
17035,5.71588685973756,Upregulated
17036,0,Unchanged
17037,0,Unchanged
17038,7708691.70128772,Unchanged
17039,1.61784998117379,Unchanged
17040,0.732188521698396,Unchanged
17041,0.161157028236833,Downregulated
17042,0.165610889472642,Downregulated
17043,8.83342644047972,Upregulated
17044,17033526.3283974,Unchanged
17045,0.0405604996369644,Downregulated
17046,2.63793172913648,Upregulated
17047,2.70215448267663e-07,Unchanged
17048,93.8608369157229,Upregulated
17049,195.202838480413,Upregulated
17050,329257760.129152,Unchanged
17051,164628989.494708,Unchanged
17052,15.4739845465353,Upregulated
17053,650.629410095535,Upregulated
17054,60.0303358859361,Upregulated
17055,56.6272143976203,Upregulated
17056,15.759843743618,Upregulated
17057,329257760.129152,Unchanged
17058,30.0151681769198,Upregulated
17059,60.0303365784332,Upregulated
17060,56.1765204192872,Upregulated
17061,164628880.064576,Unchanged
17062,24.3065563523968,Upregulated
17063,0,Unchanged
17064,55.1273242687951,Upregulated
17065,51.2249110928349,Upregulated
17066,140191012.813582,Unchanged
17067,85.4678419836901,Upregulated
17068,0,Unchanged
17069,6.86881052325962,Upregulated
17070,7.2377235947963,Upregulated
17071,5.10535650164456e-07,Unchanged
17072,0,Unchanged
17073,0,Unchanged
17074,0,Unchanged
17075,0,Unchanged
17076,1.33702997715276,Unchanged
17077,0.98696238587343,Unchanged
17078,1.88449611745238,Unchanged
17079,3.55741941364325,Upregulated
17080,13.968779363116,Upregulated
17081,13.9687793631646,Upregulated
17082,60.8316485122658,Upregulated
17083,36.3758678505176,Upregulated
17084,4.9073851088,Upregulated
17085,4.9073851088,Upregulated
17086,1.88449606525863,Unchanged
17087,4.9073851088,Upregulated
17088,4.89449032959944,Upregulated
17089,4.89449032959944,Upregulated
17090,4.89449032959944,Upregulated
17091,0.840012747129486,Unchanged
17092,15895268.9715135,Unchanged
17093,12588668.0639381,Unchanged
17094,21230808.6445284,Unchanged
17095,3.06350940680066,Upregulated
17096,2.09342065107599,Upregulated
17097,2.96501116858636,Upregulated
17098,0.694603963037477,Unchanged
17099,3.0281062053059,Upregulated
17100,1.88482826894027,Unchanged
17101,117.07236908295,Upregulated
17102,117.072369085095,Upregulated
17103,17.8611544636578,Upregulated
17104,17.8611544612282,Upregulated
17105,1.47410805347918,Unchanged
17106,1.47410805347918,Unchanged
17107,1.34596552352208,Unchanged
17108,1.47410825952359,Unchanged
17109,10.1358496667393,Upregulated
17110,10.1358496674607,Upregulated
17111,10.1358496674607,Upregulated
17112,10.3675620700186,Upregulated
17113,0.609370780658095,Unchanged
17114,10.6227237558399,Upregulated
17115,0,Unchanged
17116,0,Unchanged
17117,0,Unchanged
17118,4.53615012405312,Upregulated
17119,8.59107048609046,Upregulated
17120,9.38476493844394,Upregulated
17121,9.38476493911356,Upregulated
17122,12.2533178271554,Upregulated
17123,3.53720004453731,Upregulated
17124,0.7757789624887,Unchanged
17125,0.775778962348992,Unchanged
17126,2.25731515769286,Upregulated
17127,0.775778936630563,Unchanged
17128,9.48351228074235,Upregulated
17129,4.286317011976,Upregulated
17130,4.2863170122633,Upregulated
17131,4.2863170122633,Upregulated
17132,4.27743576396493,Upregulated
17133,5.50710637974835,Upregulated
17134,2.20309771917471,Upregulated
17135,2.31391800294721,Upregulated
17136,2.38344797444703,Upregulated
17137,3.49199528402881,Upregulated
17138,6.73969657201546,Upregulated
17139,2.76915973521745,Upregulated
17140,3.49199528340115,Upregulated
17141,4.4769423152407,Upregulated
17142,4.4769423152407,Upregulated
17143,8.64068543295165,Upregulated
17144,8.64068543295165,Upregulated
17145,0,Unchanged
17146,3.92165739590287,Upregulated
17147,0.781065226020197,Unchanged
17148,0.781065226020197,Unchanged
17149,23.983298737799,Upregulated
17150,0,Unchanged
17151,0,Unchanged
17152,0,Unchanged
17153,0,Unchanged
17154,0.500000182320256,Unchanged
17155,0,Unchanged
17156,3.4016479842304,Upregulated
17157,0,Unchanged
17158,0,Unchanged
17159,0,Unchanged
17160,12859864.3453279,Unchanged
17161,0.5,Downregulated
17162,0,Unchanged
17163,0,Unchanged
17164,0,Unchanged
17165,8764368.86410419,Unchanged
17166,0,Unchanged
17167,0,Unchanged
17168,1.07499588550936,Unchanged
17169,0,Unchanged
17170,0,Unchanged
17171,0,Unchanged
17172,20.0365262136057,Upregulated
17173,42954706.4255612,Unchanged
17174,43378547.4375719,Unchanged
17175,43378547.4375719,Unchanged
17176,0,Unchanged
17177,3655147.69386067,Unchanged
17178,2.45369328207013,Upregulated
17179,2.45369215952669,Upregulated
17180,0,Unchanged
17181,4.90738414043726,Upregulated
17182,0,Unchanged
17183,0,Unchanged
17184,0,Unchanged
17185,3637429.53107636,Unchanged
17186,3637429.53107636,Unchanged
17187,50760974.0678281,Unchanged
17188,0,Unchanged
17189,50265001.1986705,Unchanged
17190,31.3230115226789,Upregulated
17191,16.7723913605187,Upregulated
17192,0,Unchanged
17193,30454293.5867393,Unchanged
17194,61523751.1650358,Unchanged
17195,61523751.1650358,Unchanged
17196,4112252.67035385,Unchanged
17197,0,Unchanged
17198,0,Unchanged
17199,0,Unchanged
17200,0,Unchanged
17201,0,Unchanged
17202,0,Unchanged
17203,0,Unchanged
17204,0,Unchanged
17205,0,Unchanged
17206,0,Unchanged
17207,0,Unchanged
17208,0,Unchanged
17209,0,Unchanged
17210,0,Unchanged
17211,0,Unchanged
17212,0,Unchanged
17213,0,Unchanged
17214,0,Unchanged
17215,0,Unchanged
17216,4.45385471822958,Upregulated
17217,0,Unchanged
17218,26104611.0687124,Unchanged
17219,0,Unchanged
17220,0,Unchanged
17221,0,Unchanged
17222,0,Unchanged
17223,0,Unchanged
17224,0,Unchanged
17225,0,Unchanged
17226,0,Unchanged
17227,0,Unchanged
17228,0,Unchanged
17229,0,Unchanged
17230,0,Unchanged
17231,0,Unchanged
17232,0,Unchanged
17233,0,Unchanged
17234,0,Unchanged
17235,0,Unchanged
17236,0,Unchanged
17237,0,Unchanged
17238,33467640.8002096,Unchanged
17239,32660205.5385741,Unchanged
17240,4.1285487660727e-06,Unchanged
17241,0,Unchanged
17242,0,Unchanged
17243,0,Unchanged
17244,0,Unchanged
17245,0,Unchanged
17246,6697046.36465035,Unchanged
17247,6697046.36465035,Unchanged
17248,1042708.33743207,Unchanged
17249,0,Unchanged
17250,0,Unchanged
17251,3060998.3163506,Unchanged
17252,0,Unchanged
17253,0,Unchanged
17254,0,Unchanged
17255,0,Unchanged
17256,7546200.36287068,Unchanged
17257,2.134814060025,Upregulated
17258,0.881771379753919,Unchanged
17259,0,Unchanged
17260,0,Unchanged
17261,0,Unchanged
17262,0,Unchanged
17263,0,Unchanged
17264,0,Unchanged
17265,0,Unchanged
17266,1.57936031557207,Unchanged
17267,4.2861053957429,Upregulated
17268,3866381.28997856,Unchanged
17269,4.05291609214407,Upregulated
17270,8.54438852559964,Upregulated
17271,64.1546519311822,Upregulated
17272,0,Unchanged
17273,511.688134796164,Upregulated
17274,512.750560387267,Upregulated
17275,2.73298851069973,Upregulated
17276,0,Unchanged
17277,2.73298851069973,Upregulated
17278,0,Unchanged
17279,2.73298847863996,Upregulated
17280,0,Unchanged
17281,2.73298854929159,Upregulated
17282,0,Unchanged
17283,0.902082906444337,Unchanged
17284,0,Unchanged
17285,0.8181305980322,Unchanged
17286,0.667528900421767,Unchanged
17287,0.667528853145009,Unchanged
17288,0.931017835511214,Unchanged
17289,2.7329884764626,Upregulated
17290,0,Unchanged
17291,2.7329884764626,Upregulated
17292,0,Unchanged
17293,0.903956078283897,Unchanged
17294,1.31932967785492,Unchanged
17295,1.31932967785492,Unchanged
17296,1.31932967785492,Unchanged
17297,0,Unchanged
17298,0.667528882633381,Unchanged
17299,0.931017835511214,Unchanged
17300,0,Unchanged
17301,31.6142334303775,Upregulated
17302,0,Unchanged
17303,6.39698299949427,Upregulated
17304,0,Unchanged
17305,0,Unchanged
17306,0,Unchanged
17307,6.58848965018048,Upregulated
17308,4.72386990525446,Upregulated
17309,6.58848965018048,Upregulated
17310,4.72386990525446,Upregulated
17311,4.72386990525446,Upregulated
17312,6.58848965018048,Upregulated
17313,19.340409608103,Upregulated
17314,0,Unchanged
17315,6.58848965018048,Upregulated
17316,19.340409608103,Upregulated
17317,0,Unchanged
17318,4.72386990525446,Upregulated
17319,19.340409608103,Upregulated
17320,0,Unchanged
17321,8.79312435986618,Upregulated
17322,0,Unchanged
17323,0,Unchanged
17324,2.90839067953018,Upregulated
17325,3.64373574991175,Upregulated
17326,5.93688708621746,Upregulated
17327,0,Unchanged
17328,0,Unchanged
17329,0,Unchanged
17330,0.634016404499479,Unchanged
17331,0.8842772139942,Unchanged
17332,0,Unchanged
17333,0.634052480442391,Unchanged
17334,0.884327529938809,Unchanged
17335,2.5959298055921,Upregulated
17336,0.139109387009859,Downregulated
17337,0,Unchanged
17338,0.0339772869422035,Downregulated
17339,0.88650252997374,Unchanged
17340,0.88650252997374,Unchanged
17341,2.60231448460151,Upregulated
17342,0.635611929990689,Unchanged
17343,0.888838065160239,Unchanged
17344,0.637286481362241,Unchanged
17345,0.888838065160239,Unchanged
17346,0.637286481362241,Unchanged
17347,7.45447569802514,Upregulated
17348,21.8824982762941,Upregulated
17349,5.34477175787733,Upregulated
17350,7.45447569802514,Upregulated
17351,21.8824982762941,Upregulated
17352,21.8824982762941,Upregulated
17353,21.8824982762941,Upregulated
17354,0,Unchanged
17355,16.9314143531738,Upregulated
17356,0,Unchanged
17357,0,Unchanged
17358,64.3089767415371,Upregulated
17359,0,Unchanged
17360,2.60917048413691,Upregulated
17361,0,Unchanged
17362,2.60917048413691,Upregulated
17363,0,Unchanged
17364,14.8953322612167,Upregulated
17365,0.818749603452845,Unchanged
17366,0.838214251655021,Unchanged
17367,1.3295711124041,Unchanged
17368,4.52312343937499,Upregulated
17369,4.52312343937499,Upregulated
17370,4.52312343937499,Upregulated
17371,4.52312343937499,Upregulated
17372,4.52306493481385,Upregulated
17373,4.5230650997237,Upregulated
17374,4.52306501776772,Upregulated
17375,2.68935588929214,Upregulated
17376,0,Unchanged
17377,0,Unchanged
17378,0,Unchanged
17379,0,Unchanged
17380,0,Unchanged
17381,51.8405044163313,Upregulated
17382,0,Unchanged
17383,2.91738512998086,Upregulated
17384,2.2793086074781,Upregulated
17385,0,Unchanged
17386,0,Unchanged
17387,0,Unchanged
17388,0,Unchanged
17389,0,Unchanged
17390,0,Unchanged
17391,0,Unchanged
17392,0,Unchanged
17393,0,Unchanged
17394,0,Unchanged
17395,21.7207886387606,Upregulated
17396,21.7207886387606,Upregulated
17397,21.7207886387606,Upregulated
17398,6.76356668312427,Upregulated
17399,0,Unchanged
17400,0,Unchanged
17401,0,Unchanged
17402,0,Unchanged
17403,0,Unchanged
17404,0,Unchanged
17405,10.2138210974222,Upregulated
17406,24.6947646710074,Upregulated
17407,10.2138210963572,Upregulated
17408,10.2000158883321,Upregulated
17409,10.4349708013302,Upregulated
17410,10.4349708013302,Upregulated
17411,40.6651979876799,Upregulated
17412,24.4612694085097,Upregulated
17413,24.4612694068148,Upregulated
17414,0,Unchanged
17415,0,Unchanged
17416,0,Unchanged
17417,0,Unchanged
17418,0,Unchanged
17419,19931249.4494943,Unchanged
17420,14.0137859799585,Upregulated
17421,23560393.0143435,Unchanged
17422,30761875.5825179,Unchanged
17423,29071698.9033196,Unchanged
17424,15911386.2559828,Unchanged
17425,23050802.3837926,Unchanged
17426,13730219.474059,Unchanged
17427,7.0965397142291,Upregulated
17428,10249659.0654535,Unchanged
17429,4697741.05605567,Unchanged
17430,4.16821891570255,Upregulated
17431,3.16161166396616,Upregulated
17432,10779.5879332902,Upregulated
17433,2.38464087910616,Upregulated
17434,16777905.7746438,Unchanged
17435,51.2410815686392,Upregulated
17436,9394849.35913891,Unchanged
17437,5.18734749326381,Upregulated
17438,7382427.46206847,Unchanged
17439,0.594817103653307,Unchanged
17440,3691213.27853563,Unchanged
17441,3691213.27853563,Unchanged
17442,6.86043740522734,Upregulated
17443,0,Unchanged
17444,6.05750618542447,Upregulated
17445,0,Unchanged
17446,2.01543913639734,Upregulated
17447,0.293519342271189,Downregulated
17448,1.18502879085738,Unchanged
17449,2.13830476721775,Upregulated
17450,0,Unchanged
17451,11.5437080687301,Upregulated
17452,11.5437080687301,Upregulated
17453,2.138304804579,Upregulated
17454,0.349146076297819,Downregulated
17455,2431484.76681977,Unchanged
17456,0,Unchanged
17457,1142690.48802167,Unchanged
17458,3866380.062435,Unchanged
17459,4021403.93866642,Unchanged
17460,4021403.93866642,Unchanged
17461,0.627159402393976,Unchanged
17462,3866379.88014032,Unchanged
17463,9.54039003983349,Upregulated
17464,0,Unchanged
17465,1142691.4731809,Unchanged
17466,0.627159402393976,Unchanged
17467,2.13481400332221,Upregulated
17468,20.0887031592413,Upregulated
17469,7732759.76028064,Unchanged
17470,0.0638030029567918,Downregulated
17471,3949028.64800643,Unchanged
17472,0.704919318723844,Unchanged
17473,0,Unchanged
17474,6.82571835454837e-07,Unchanged
17475,2.63908204861886,Upregulated
17476,5.14026380928557,Upregulated
17477,7732759.86947303,Unchanged
17478,0.0638030038577382,Downregulated
17479,0.623044170411702,Unchanged
17480,1.62684864215411,Unchanged
17481,18.2747183725065,Upregulated
17482,0.887771142587307,Unchanged
17483,18.0066819699492,Upregulated
17484,0,Unchanged
17485,1.92280738476786,Unchanged
17486,3866379.83170479,Unchanged
17487,1.17046910825242,Unchanged
17488,0.0712041871933836,Downregulated
17489,1.67385073452932,Unchanged
17490,2.25255890539686,Upregulated
17491,0.00151504531031003,Unchanged
17492,3866379.83170479,Unchanged
17493,0,Unchanged
17494,46.9723371908196,Upregulated
17495,162.872125880288,Upregulated
17496,38808.0607429835,Unchanged
17497,3.46113504402462,Upregulated
17498,2.13481397694882,Upregulated
17499,5391407.32837286,Unchanged
17500,3866379.88014032,Unchanged
17501,0.704919333668765,Unchanged
17502,1.40983824536329,Unchanged
17503,2368202.51690071,Unchanged
17504,2.13481368816019,Upregulated
17505,1.01687933340994,Unchanged
17506,1.02585739056673,Unchanged
17507,7732759.76028064,Unchanged
17508,7732759.76028064,Unchanged
17509,7732759.76028064,Unchanged
17510,1.33773553422799,Unchanged
17511,7732759.76028064,Unchanged
17512,2.13481408705772,Upregulated
17513,2.13481400420132,Upregulated
17514,0,Unchanged
17515,47.0547601936328,Upregulated
17516,7732759.76028064,Unchanged
17517,3866379.88014032,Unchanged
17518,3866379.88014032,Unchanged
17519,3866379.88014032,Unchanged
17520,3866379.88014032,Unchanged
17521,0,Unchanged
17522,3866379.93473652,Unchanged
17523,0,Unchanged
17524,0.0976699558456647,Downregulated
17525,1.06895972548378,Unchanged
17526,0.551996211674926,Unchanged
17527,0.551996211674926,Unchanged
17528,0.551996211674926,Unchanged
17529,0.0952053100431658,Downregulated
17530,0.551996196965269,Unchanged
17531,0.551996206185343,Unchanged
17532,0.553117110309786,Unchanged
17533,0.610540483532781,Unchanged
17534,0.226732967167579,Downregulated
17535,0.226859290551911,Downregulated
17536,0.227330426318007,Downregulated
17537,0.227330289322747,Downregulated
17538,0.226859226297554,Downregulated
17539,0.22685921846544,Downregulated
17540,38808.0540691449,Unchanged
17541,2.0935254299159,Upregulated
17542,0,Unchanged
17543,2.86849661965758,Upregulated
17544,1.31130909310067,Unchanged
17545,3.88596695987692,Upregulated
17546,2.10101849008382e-07,Unchanged
17547,2.06218835379914,Upregulated
17548,0.0731695018426612,Downregulated
17549,1.50835027040111,Unchanged
17550,5.6434329873086,Upregulated
17551,1.96947420214025,Unchanged
17552,142842491.589278,Unchanged
17553,0,Unchanged
17554,1.31290360605223e-06,Unchanged
17555,3.03899582249544,Upregulated
17556,2.01987708200314,Upregulated
17557,2.44095281046377e-07,Unchanged
17558,0.639888496652543,Unchanged
17559,78.870179619748,Upregulated
17560,0.492833669781147,Downregulated
17561,1.57719028223047,Unchanged
17562,63.1841399394367,Upregulated
17563,55619466.8478712,Unchanged
17564,0,Unchanged
17565,13868839.4347061,Unchanged
17566,2.70694623421649,Upregulated
17567,634436.408490813,Unchanged
17568,1,Unchanged
17569,29181373.4477057,Unchanged
17570,29181373.4477057,Unchanged
17571,54081139.5604429,Unchanged
17572,104877.041969472,Unchanged
17573,281.671859691548,Upregulated
17574,812844.263375744,Unchanged
17575,1,Unchanged
17576,3.39718893621921e-06,Unchanged
17577,14176726.5070781,Unchanged
17578,28278950.0440159,Unchanged
17579,14154971.2040232,Unchanged
17580,14139475.5911323,Unchanged
17581,14139474.7501662,Unchanged
17582,401.411165757982,Upregulated
17583,14176725.1989883,Unchanged
17584,13712277.8722277,Unchanged
17585,13748404.2634889,Unchanged
17586,0,Unchanged
17587,0,Unchanged
17588,539402.972924644,Unchanged
17589,1.83245382001488,Unchanged
17590,539402.961660466,Unchanged
17591,539402.957327272,Unchanged
17592,14376122.5181788,Unchanged
17593,19.0137525197418,Upregulated
17594,1.44252401628364e-06,Unchanged
17595,2.84481688533039,Upregulated
17596,36030838.0085545,Unchanged
17597,18043106.2936992,Unchanged
17598,18043106.2821332,Unchanged
17599,17995695.9403017,Unchanged
17600,17995695.9403017,Unchanged
17601,219354615.060699,Unchanged
17602,34.6383124728694,Upregulated
17603,55.9207051327996,Upregulated
17604,60.6461995605366,Upregulated
17605,36.4152486630465,Upregulated
17606,9.83624865553187,Upregulated
17607,1.77678051290982,Unchanged
17608,522131.616607206,Unchanged
17609,0,Unchanged
17610,26.0943285915646,Upregulated
17611,7.88423665126481e-05,Unchanged
17612,0,Unchanged
17613,7.84390517697676,Upregulated
17614,5.18014089269864,Upregulated
17615,3.4462721908236,Upregulated
17616,7.83105266619848e-06,Unchanged
17617,0,Unchanged
17618,0,Unchanged
17619,21784279.7165036,Unchanged
17620,11.9385661141882,Upregulated
17621,0,Unchanged
17622,0,Unchanged
17623,121.460337781217,Upregulated
17624,0.432616466671798,Downregulated
17625,0,Unchanged
17626,0,Unchanged
17627,0,Unchanged
17628,1.70428536648615e-07,Unchanged
17629,0,Unchanged
17630,0,Unchanged
17631,0.996927044257486,Unchanged
17632,1.70428526530486e-07,Unchanged
17633,0.151564160503576,Downregulated
17634,1.70782518011947e-07,Unchanged
17635,3.23101136245896e-08,Unchanged
17636,0,Unchanged
17637,52.2336970875857,Upregulated
17638,0.0740605334015137,Downregulated
17639,835.421504135173,Upregulated
17640,3.65097426846223,Upregulated
17641,0.044175429683566,Downregulated
17642,3.22838555753548,Upregulated
17643,0.0882575151939243,Downregulated
17644,0.0758859686918782,Downregulated
17645,1.43312625754442,Unchanged
17646,13065675.6220035,Unchanged
17647,1027.47309809144,Upregulated
17648,2.91996257428497,Upregulated
17649,7.89137842696728,Upregulated
17650,49.228502751077,Upregulated
17651,81.6853327748245,Upregulated
17652,14157320.1341912,Unchanged
17653,15376873.1608538,Unchanged
17654,16880.6249282396,Upregulated
17655,185368659.503906,Unchanged
17656,15417384.5953407,Unchanged
17657,1.59086841413223,Unchanged
17658,92684932.1839997,Unchanged
17659,55.8415538576773,Upregulated
17660,13952.9593500406,Upregulated
17661,1.98701012151658,Unchanged
17662,4.72657052819159e-06,Unchanged
17663,0,Unchanged
17664,0,Unchanged
17665,0,Unchanged
17666,5.68954424579715e-07,Unchanged
17667,0,Unchanged
17668,1.72159507121705e-06,Unchanged
17669,28353452.2487238,Unchanged
17670,28211701.962882,Unchanged
17671,7.08165375678839,Upregulated
17672,21217184.6911929,Unchanged
17673,7.83052387360874,Upregulated
17674,6.99537711750394,Upregulated
17675,0,Unchanged
17676,0,Unchanged
17677,7.82765342213793,Upregulated
17678,20675364.4054317,Unchanged
17679,0.950696516071985,Unchanged
17680,7.84390939980487,Upregulated
17681,0,Unchanged
17682,3.61531585110066e-07,Unchanged
17683,5.12533428462515,Upregulated
17684,18.2094658065348,Upregulated
17685,0,Unchanged
17686,0,Unchanged
17687,0,Unchanged
17688,0.289634120903683,Downregulated
17689,0,Unchanged
17690,0,Unchanged
17691,435604.717899566,Unchanged
17692,435604.593049552,Unchanged
17693,0.428493878553104,Downregulated
17694,0,Unchanged
17695,0,Unchanged
17696,0,Unchanged
17697,0,Unchanged
17698,0.943317983558656,Unchanged
17699,0,Unchanged
17700,0,Unchanged
17701,0,Unchanged
17702,0,Unchanged
17703,0.5,Downregulated
17704,9.89920638933049,Upregulated
17705,129538.180438249,Unchanged
17706,0.00716907144295899,Unchanged
17707,0,Unchanged
17708,0,Unchanged
17709,0,Unchanged
17710,0,Unchanged
17711,0,Unchanged
17712,126649.087187252,Unchanged
17713,0,Unchanged
17714,3.61886697496194,Upregulated
17715,284843.256635244,Unchanged
17716,8.72524588793704,Upregulated
17717,0.772814414995393,Unchanged
17718,4.93922407201636,Upregulated
17719,0.126932623242989,Downregulated
17720,4.230077798553,Upregulated
17721,17622.2646438881,Upregulated
17722,385693.715019718,Unchanged
17723,1601781.28530954,Unchanged
17724,808298.794527132,Unchanged
17725,536196.057471495,Unchanged
17726,44755721.6629219,Unchanged
17727,6276629.48241212,Unchanged
17728,505760.372607193,Unchanged
17729,94346837.7734762,Unchanged
17730,176049.335178077,Unchanged
17731,16587475.0503762,Unchanged
17732,901863.554100493,Unchanged
17733,3.64640370094094e-07,Unchanged
17734,0,Unchanged
17735,0,Unchanged
17736,23654554.8295199,Unchanged
17737,11.3103007081822,Upregulated
17738,49444182.8653494,Unchanged
17739,29.127623374592,Upregulated
17740,12.0152951037267,Upregulated
17741,0,Unchanged
17742,0.0785699894468789,Downregulated
17743,0,Unchanged
17744,8.1824654478243,Upregulated
17745,0.0655297830945225,Downregulated
17746,0.502911063099408,Unchanged
17747,9.25162059714882,Upregulated
17748,33091531.035303,Unchanged
17749,4.7767914678601,Upregulated
17750,141.391038573064,Upregulated
17751,117.512997014936,Upregulated
17752,1.93095691304279e-06,Unchanged
17753,0.712577878668769,Unchanged
17754,50.3378232017504,Upregulated
17755,0.692864409526075,Unchanged
17756,13.0851298634168,Upregulated
17757,0.0839655931352781,Downregulated
17758,25.6124954141413,Upregulated
17759,78.8701813024995,Upregulated
17760,8.50170145146512,Upregulated
17761,0,Unchanged
17762,405655.166239485,Unchanged
17763,80194.2761924841,Unchanged
17764,3.81120386800099,Upregulated
17765,13217.473817229,Upregulated
17766,0,Unchanged
17767,2283.78901446538,Upregulated
17768,0,Unchanged
17769,0,Unchanged
17770,216983.939659669,Unchanged
17771,0,Unchanged
17772,0,Unchanged
17773,0,Unchanged
17774,0,Unchanged
17775,0,Unchanged
17776,0,Unchanged
17777,0,Unchanged
17778,0,Unchanged
17779,0,Unchanged
17780,0,Unchanged
17781,0,Unchanged
17782,0,Unchanged
17783,0,Unchanged
17784,0,Unchanged
17785,0,Unchanged
17786,0,Unchanged
17787,0,Unchanged
17788,0,Unchanged
17789,0,Unchanged
17790,0,Unchanged
17791,0,Unchanged
17792,0,Unchanged
17793,0,Unchanged
17794,0,Unchanged
17795,0,Unchanged
17796,0,Unchanged
17797,0,Unchanged
17798,4.26835660204006e-06,Unchanged
17799,3.92148999367237e-07,Unchanged
17800,148.877449205821,Upregulated
17801,11.2868617190851,Upregulated
17802,0.0022638496344429,Unchanged
17803,41.1337760232959,Upregulated
17804,8.96037012381506,Upregulated
17805,15.6252194925478,Upregulated
17806,4.77300999604889,Upregulated
17807,0,Unchanged
17808,108.940778331379,Upregulated
17809,17902819.0475481,Unchanged
17810,17902819.0824559,Unchanged
17811,3.27082297685974,Upregulated
17812,3.26404642682606,Upregulated
17813,1.25351876409709,Unchanged
17814,3.96842686223596,Upregulated
17815,9929.50098759047,Upregulated
17816,30.7327119226358,Upregulated
17817,21801190.4662231,Unchanged
17818,24525843.1860493,Unchanged
17819,19.9672457714807,Upregulated
17820,10.284002753045,Upregulated
17821,32.5810753117449,Upregulated
17822,0,Unchanged
17823,69.8547654698986,Upregulated
17824,4.4777666115515e-06,Unchanged
17825,1509223.97885253,Unchanged
17826,5834493.3257898,Unchanged
17827,8917194.38599894,Unchanged
17828,11882945.0720053,Unchanged
17829,16691238.6468523,Unchanged
17830,1.1256964306143e-06,Unchanged
17831,0.5121553552906,Unchanged
17832,0.502592410137578,Unchanged
17833,0,Unchanged
17834,0,Unchanged
17835,188125.386717492,Unchanged
17836,0,Unchanged
17837,11622265.2925125,Unchanged
17838,3.27804112526508,Upregulated
17839,0.507897437153132,Unchanged
17840,0.228504437283201,Downregulated
17841,40425022.7383115,Unchanged
17842,148.069482190882,Upregulated
17843,0.0140220743157839,Downregulated
17844,2.26289476549766,Upregulated
17845,176.582577703485,Upregulated
17846,8712831.68558335,Unchanged
17847,0.247923389827531,Downregulated
17848,49.9123328194079,Upregulated
17849,85804004.6204997,Unchanged
17850,0.00676593042022249,Unchanged
17851,11105398.6869686,Unchanged
17852,0,Unchanged
17853,34.0704889029113,Upregulated
17854,13.0532619414157,Upregulated
17855,23012383.4656652,Unchanged
17856,4.6817462429706,Upregulated
17857,0.00679187313960489,Unchanged
17858,23263928.519719,Unchanged
17859,2.00772358688819e-05,Unchanged
17860,1446345.31302551,Unchanged
17861,4868.14315634648,Upregulated
17862,0,Unchanged
17863,1.59808814425513,Unchanged
17864,3.09983461121687,Upregulated
17865,12.8720637181629,Upregulated
17866,1.2299888201601e-06,Unchanged
17867,0.148285181313621,Downregulated
17868,49.5551633962059,Upregulated
17869,99.8592036473836,Upregulated
17870,2.01297351601786,Upregulated
17871,2.52976581745643e-05,Unchanged
17872,0,Unchanged
17873,0,Unchanged
17874,0,Unchanged
17875,0,Unchanged
17876,2.28913978995752,Upregulated
17877,2.44119779307448,Upregulated
17878,2.99384593852106,Upregulated
17879,0.0799047422460248,Downregulated
17880,1.95311207359658,Unchanged
17881,0.292388109253067,Downregulated
17882,0.184331475418754,Downregulated
17883,0,Unchanged
17884,3.69283767440389,Upregulated
17885,6.67661075338526,Upregulated
17886,0,Unchanged
17887,0.0452907905867356,Downregulated
17888,4.26402890740068,Upregulated
17889,0.238972488404778,Downregulated
17890,5.25452427988871,Upregulated
17891,0.126079304692298,Downregulated
17892,1.87171441370709,Unchanged
17893,3.66050863701121,Upregulated
17894,26.71746401815,Upregulated
17895,0.156984824774532,Downregulated
17896,30.8940972807833,Upregulated
17897,0,Unchanged
17898,5.52148014378417e-07,Unchanged
17899,15.5650361537193,Upregulated
17900,15.4937241778806,Upregulated
17901,12.9364213285993,Upregulated
17902,0,Unchanged
17903,0.000161423191337692,Unchanged
17904,0.0635833779445611,Downregulated
17905,19.2415981258246,Upregulated
17906,7.80384012094562,Upregulated
17907,1.17828097121192,Unchanged
17908,0.129923000486799,Downregulated
17909,0,Unchanged
17910,31.2621171099108,Upregulated
17911,0.863992671118737,Unchanged
17912,7.64335969725941e-07,Unchanged
17913,0,Unchanged
17914,9.79036588529082,Upregulated
17915,0,Unchanged
17916,0.842060904656499,Unchanged
17917,0,Unchanged
17918,0.059711722063511,Downregulated
17919,1.06596579438324,Unchanged
17920,0.27911603559721,Downregulated
17921,0,Unchanged
17922,1.73059501956517e-06,Unchanged
17923,0.292744267262118,Downregulated
17924,0.000161506063182722,Unchanged
17925,16.9958902435344,Upregulated
17926,5.52148015458442e-07,Unchanged
17927,9.02233497925197,Upregulated
17928,5.52019281740778e-05,Unchanged
17929,0.341495837652892,Downregulated
17930,7.36951804382734e-07,Unchanged
17931,5.63412544291429e-07,Unchanged
17932,1.15336460289628,Unchanged
17933,0.43988408920175,Downregulated
17934,0.316956280038329,Downregulated
17935,1.46691922816995,Unchanged
17936,0,Unchanged
17937,0,Unchanged
17938,0,Unchanged
17939,0,Unchanged
17940,0,Unchanged
17941,0,Unchanged
17942,0,Unchanged
17943,0,Unchanged
17944,0,Unchanged
17945,0,Unchanged
17946,0,Unchanged
17947,0,Unchanged
17948,0,Unchanged
17949,0,Unchanged
17950,1.56947879771263,Unchanged
17951,0,Unchanged
17952,0,Unchanged
17953,0,Unchanged
17954,0,Unchanged
17955,0,Unchanged
17956,0,Unchanged
17957,0,Unchanged
17958,0,Unchanged
17959,0,Unchanged
17960,0,Unchanged
17961,0,Unchanged
17962,0,Unchanged
17963,5.52148015458442e-07,Unchanged
17964,7.71538551019558,Upregulated
17965,5.52148015458442e-07,Unchanged
17966,5.52148015458442e-07,Unchanged
17967,0.982084595408465,Unchanged
17968,105.875735828083,Upregulated
17969,8.96195856954713e-07,Unchanged
17970,4.66077679696648,Upregulated
17971,6.89628469231294e-07,Unchanged
17972,5.07246004612951e-06,Unchanged
17973,74.2501294760596,Upregulated
17974,32456406.2731157,Unchanged
17975,1.4897668199929,Unchanged
17976,1.26623865598351,Unchanged
17977,0.11186176098227,Downregulated
17978,1.01069548212686,Unchanged
17979,7.35070875700013e-07,Unchanged
17980,0,Unchanged
17981,0.601531463911083,Unchanged
17982,8927888.45808024,Unchanged
17983,17855776.3996813,Unchanged
17984,8951409.30342102,Unchanged
17985,4.92979838528603,Upregulated
17986,4.92951747664805,Upregulated
17987,0.26058323068779,Downregulated
17988,3334924.97309252,Unchanged
17989,952934.165312506,Unchanged
17990,0,Unchanged
17991,0.708842726710465,Unchanged
17992,1943661.97695651,Unchanged
17993,1.07318916262811,Unchanged
17994,1.94172577238378,Unchanged
17995,1.93676519260323,Unchanged
17996,0.240349326098566,Downregulated
17997,9.70258659581871,Upregulated
17998,1.18488382651671,Unchanged
17999,1.24008080665711,Unchanged
18000,38.1199839506607,Upregulated
18001,105398163.849349,Unchanged
18002,0.419723451471323,Downregulated
18003,5180105.03352726,Unchanged
18004,7.91444776203224e-08,Unchanged
18005,0.0655327010561166,Downregulated
18006,34.8445670535523,Upregulated
18007,0.116822560963545,Downregulated
18008,0,Unchanged
18009,1.3813635474123,Unchanged
18010,0.312154960072561,Downregulated
18011,2.98349740505322,Upregulated
18012,2.97082718411868,Upregulated
18013,0.0270583246905068,Downregulated
18014,5.04154742921582e-05,Unchanged
18015,0,Unchanged
18016,927568.9392208,Unchanged
18017,308916.018278572,Unchanged
18018,0.128637538626777,Downregulated
18019,1.54116282946912e-05,Unchanged
18020,0.0102437580514784,Downregulated
18021,0.190549566221971,Downregulated
18022,0.160508471233346,Downregulated
18023,36.1188981155455,Upregulated
18024,0,Unchanged
18025,0.122509235358134,Downregulated
18026,0.0677227446182472,Downregulated
18027,0.250210457244719,Downregulated
18028,8.51328284071771,Upregulated
18029,0.0129017597121113,Downregulated
18030,0.0558326752593265,Downregulated
18031,0.0217436849733872,Downregulated
18032,3.47130870821389e-06,Unchanged
18033,20.615067829554,Upregulated
18034,0.181982711846826,Downregulated
18035,2.87800521754132e-07,Unchanged
18036,0.000318740998909656,Unchanged
18037,0.373521546192218,Downregulated
18038,0.42995561756361,Downregulated
18039,2.49907744615017,Upregulated
18040,2.60555729433364,Upregulated
18041,2.85414125051198e-06,Unchanged
18042,0.0555088051060242,Downregulated
18043,0.129107208703436,Downregulated
18044,1.04201984225358,Unchanged
18045,1.16122052400906e-05,Unchanged
18046,3.5632561044302,Upregulated
18047,10.5788125051276,Upregulated
18048,0.0461049718536503,Downregulated
18049,4.80322769195138,Upregulated
18050,0,Unchanged
18051,7941282.38970931,Unchanged
18052,235801725.556797,Unchanged
18053,259760749.974931,Unchanged
18054,0.00631543423372537,Unchanged
18055,28.7828255585613,Upregulated
18056,29.339553049382,Upregulated
18057,4.97786056530476,Upregulated
18058,0,Unchanged
18059,0.0469680873141677,Downregulated
18060,0.523747828182487,Unchanged
18061,5.31017396405188,Upregulated
18062,5.31017356052608,Upregulated
18063,0.00438195718231772,Unchanged
18064,3.57051587928436,Upregulated
18065,3.56325592772304,Upregulated
18066,6.19605792699039e-05,Unchanged
18067,105681.83643254,Unchanged
18068,6.23021366240934,Upregulated
18069,6.34684646998475,Upregulated
18070,1.27708254315941e-06,Unchanged
18071,0.263698070737585,Downregulated
18072,0.00632883558644731,Unchanged
18073,8.43917623948679e-08,Unchanged
18074,0.0389644448321173,Downregulated
18075,1.81468078385832,Unchanged
18076,5.52181015069605,Upregulated
18077,5.26279613920443e-07,Unchanged
18078,0.044022839871374,Downregulated
18079,116297273.829917,Unchanged
18080,42.7271074675372,Upregulated
18081,0.217466119693912,Downregulated
18082,1.26253567994948e-06,Unchanged
18083,1.75054295709742e-07,Unchanged
18084,4.32767361253752e-07,Unchanged
18085,3.29184330329963,Upregulated
18086,8.56754167836435e-07,Unchanged
18087,4.35564914935903,Upregulated
18088,7.03394839321807,Upregulated
18089,5.71120878937964,Upregulated
18090,0.152038375935146,Downregulated
18091,5.59179169235871,Upregulated
18092,1.52057085825733,Unchanged
18093,0.349247579302447,Downregulated
18094,5.74034118383382,Upregulated
18095,5.59179137926109,Upregulated
18096,0.315898860801638,Downregulated
18097,0.187521144280115,Downregulated
18098,5.52147995222185e-07,Unchanged
18099,10.0650504992383,Upregulated
18100,0.157818214443377,Downregulated
18101,3.77516462479233,Upregulated
18102,0.252158518110572,Downregulated
18103,1.23608637922077,Unchanged
18104,5.67586899676784,Upregulated
18105,116.159264280856,Upregulated
18106,0.156984871594158,Downregulated
18107,20.3895345740455,Upregulated
18108,4.59589185826144,Upregulated
18109,5.52148174733702e-07,Unchanged
18110,10.3005461550295,Upregulated
18111,15.5345395169435,Upregulated
18112,12.9364194307851,Upregulated
18113,3.64640389079796e-07,Unchanged
18114,0.000106604407253916,Unchanged
18115,0.597098852158811,Unchanged
18116,19.2416006812056,Upregulated
18117,5.15368346762767,Upregulated
18118,0.778140898255527,Unchanged
18119,0.129923024004217,Downregulated
18120,5.52148042004319e-07,Unchanged
18121,31.2621347661818,Upregulated
18122,5.35823843350531,Upregulated
18123,5.0477000130496e-07,Unchanged
18124,1.07339902702308,Unchanged
18125,6.46559375142028,Upregulated
18126,4.24212872522561,Upregulated
18127,2.17029104649777,Upregulated
18128,37.5108724256148,Upregulated
18129,0.311402895109049,Downregulated
18130,10.0102715503934,Upregulated
18131,0.0778898668644467,Downregulated
18132,1.96750397699483,Unchanged
18133,1.7305955137923e-06,Unchanged
18134,0.146432391031185,Downregulated
18135,8.07862798166051e-05,Unchanged
18136,16.9958905567343,Upregulated
18137,3.64640487816814e-07,Unchanged
18138,5.97373877407182,Upregulated
18139,5.52019291913377e-05,Unchanged
18140,0.341495844388861,Downregulated
18141,5.5214818866034e-07,Unchanged
18142,3.72079500655237e-07,Unchanged
18143,0.76168599532599,Unchanged
18144,0.439884213161194,Downregulated
18145,3.51316742117736,Upregulated
18146,0.968758585878334,Unchanged
18147,0,Unchanged
18148,0,Unchanged
18149,0,Unchanged
18150,0,Unchanged
18151,0,Unchanged
18152,0,Unchanged
18153,0,Unchanged
18154,0,Unchanged
18155,0,Unchanged
18156,0,Unchanged
18157,0,Unchanged
18158,0,Unchanged
18159,0,Unchanged
18160,0,Unchanged
18161,1.03550972090023,Unchanged
18162,0,Unchanged
18163,0,Unchanged
18164,0,Unchanged
18165,0,Unchanged
18166,0,Unchanged
18167,0,Unchanged
18168,0,Unchanged
18169,0,Unchanged
18170,0,Unchanged
18171,0,Unchanged
18172,0,Unchanged
18173,0,Unchanged
18174,3.64640380382753e-07,Unchanged
18175,7.71538780234984,Upregulated
18176,5.52148179495408e-07,Unchanged
18177,3.64640382883863e-07,Unchanged
18178,0.648571923874338,Unchanged
18179,105.597568465491,Upregulated
18180,5.9307968563267e-07,Unchanged
18181,34.7385542328999,Upregulated
18182,4.55432783874616e-07,Unchanged
18183,5.07246325073305e-06,Unchanged
18184,457.785880917396,Upregulated
18185,8.960880852383,Upregulated
18186,0.523070963466622,Unchanged
18187,0.872258992242189,Unchanged
18188,0.440660007369564,Downregulated
18189,1.16764016912018,Unchanged
18190,1.09617087031195e-06,Unchanged
18191,0,Unchanged
18192,30.3711274368742,Upregulated
18193,4.94250361879425,Upregulated
18194,3.26404512440801,Upregulated
18195,3.25546871539853,Upregulated
18196,4.94250316243052,Upregulated
18197,4.9425030364602,Upregulated
18198,0.344179978595983,Downregulated
18199,0.608024189016614,Unchanged
18200,0.526160355999775,Unchanged
18201,5.52148021335892e-07,Unchanged
18202,0.866191564062358,Unchanged
18203,0.708737500136992,Unchanged
18204,1.07318915270942,Unchanged
18205,8.78460439262522,Upregulated
18206,5.80138146652954,Upregulated
18207,0.13184897677697,Downregulated
18208,8.08033982104797,Upregulated
18209,15.3080956377121,Upregulated
18210,53.2626577499222,Upregulated
18211,7.2941859178176,Upregulated
18212,64.9414168759788,Upregulated
18213,0,Unchanged
18214,2.85266913393527,Upregulated
18215,3.90822981316622e-07,Unchanged
18216,0.49001413386621,Downregulated
18217,0.523084111933542,Unchanged
18218,0.873528231602787,Unchanged
18219,0.183702629395787,Downregulated
18220,4.13908741496922,Upregulated
18221,0.93334026172106,Unchanged
18222,5.90876717389144,Upregulated
18223,5.87363584812547,Upregulated
18224,0.100297425206693,Downregulated
18225,1.29663460700285e-06,Unchanged
18226,0.0331183850464539,Downregulated
18227,0.338229102402042,Downregulated
18228,0.170563665499027,Downregulated
18229,0.476822197852363,Downregulated
18230,1.54116235010597e-05,Unchanged
18231,0.0102437581369806,Downregulated
18232,0.28853497520351,Downregulated
18233,440182.957692789,Unchanged
18234,12.2404167352742,Upregulated
18235,0,Unchanged
18236,0.0737818544191275,Downregulated
18237,0.0815738463339447,Downregulated
18238,1.139619427755,Unchanged
18239,5.12723941263594,Upregulated
18240,0.0392862579225172,Downregulated
18241,0.0484629917838059,Downregulated
18242,169.12434594285,Upregulated
18243,1.05702354324937e-05,Unchanged
18244,0.415772879152403,Downregulated
18245,10065.534060481,Upregulated
18246,0.0477550392315273,Downregulated
18247,0.000965291932561606,Unchanged
18248,0.565596111424327,Unchanged
18249,0,Unchanged
18250,3.78416927280328,Upregulated
18251,0,Unchanged
18252,5.6450789328123e-07,Unchanged
18253,0.166526311961558,Downregulated
18254,3.09970209663867,Upregulated
18255,8587639.93201787,Unchanged
18256,1.75835055125806e-05,Unchanged
18257,3.88814969941009,Upregulated
18258,1.40084573103548,Unchanged
18259,0.0376652468811369,Downregulated
18260,3.16391270253467,Upregulated
18261,0,Unchanged
18262,0.485660527580736,Downregulated
18263,56661950.5087789,Unchanged
18264,62419152.4998632,Unchanged
18265,8323.63070317418,Upregulated
18266,54673654.4781041,Unchanged
18267,42.2852361363709,Upregulated
18268,2.03332010615224,Upregulated
18269,0,Unchanged
18270,0.037665240882639,Downregulated
18271,690290.172395601,Unchanged
18272,1.76540797758382,Unchanged
18273,2.65376046278668,Upregulated
18274,0.00630743422708061,Unchanged
18275,5.15921954729176,Upregulated
18276,6768488.40145589,Unchanged
18277,1.22597511096671,Unchanged
18278,1586.4881690491,Upregulated
18279,5.08974318835204,Upregulated
18280,2.54487161575895,Upregulated
18281,0,Unchanged
18282,0,Unchanged
18283,8.2286383921417e-07,Unchanged
18284,0,Unchanged
18285,3.709329669527e-07,Unchanged
18286,0,Unchanged
18287,0,Unchanged
18288,0,Unchanged
18289,0,Unchanged
18290,0,Unchanged
18291,0,Unchanged
18292,0,Unchanged
18293,0,Unchanged
18294,0,Unchanged
18295,0,Unchanged
18296,0,Unchanged
18297,0,Unchanged
18298,0,Unchanged
18299,6.29987758628211e-07,Unchanged
18300,0,Unchanged
18301,0,Unchanged
18302,800401.048055931,Unchanged
18303,0,Unchanged
18304,0,Unchanged
18305,4.01124148206619,Upregulated
18306,33343182.4588694,Unchanged
18307,33343181.0228691,Unchanged
18308,5.4408225197704,Upregulated
18309,0,Unchanged
18310,0,Unchanged
18311,0,Unchanged
18312,0,Unchanged
18313,0,Unchanged
18314,0.999999999987544,Unchanged
18315,0,Unchanged
18316,0,Unchanged
18317,0,Unchanged
18318,0,Unchanged
18319,0,Unchanged
18320,0,Unchanged
18321,0,Unchanged
18322,0,Unchanged
18323,0,Unchanged
18324,0,Unchanged
18325,0,Unchanged
18326,0,Unchanged
18327,0,Unchanged
18328,0,Unchanged
18329,0,Unchanged
18330,0,Unchanged
18331,0,Unchanged
18332,0,Unchanged
18333,0,Unchanged
18334,0,Unchanged
18335,0,Unchanged
18336,0,Unchanged
18337,0,Unchanged
18338,0,Unchanged
18339,0,Unchanged
18340,0,Unchanged
18341,0,Unchanged
18342,0,Unchanged
18343,0,Unchanged
18344,0,Unchanged
18345,0,Unchanged
18346,0,Unchanged
18347,0,Unchanged
18348,0,Unchanged
18349,0,Unchanged
18350,0,Unchanged
18351,0,Unchanged
18352,0,Unchanged
18353,0,Unchanged
18354,0,Unchanged
18355,0,Unchanged
18356,0,Unchanged
18357,0,Unchanged
18358,0,Unchanged
18359,0,Unchanged
18360,0,Unchanged
18361,0,Unchanged
18362,0,Unchanged
18363,0,Unchanged
18364,0,Unchanged
18365,0,Unchanged
18366,0,Unchanged
18367,0,Unchanged
18368,0,Unchanged
18369,0,Unchanged
18370,0,Unchanged
18371,0,Unchanged
18372,0,Unchanged
18373,0,Unchanged
18374,0,Unchanged
18375,0,Unchanged
18376,0,Unchanged
18377,0,Unchanged
18378,0,Unchanged
18379,0,Unchanged
18380,0,Unchanged
18381,0,Unchanged
18382,0,Unchanged
18383,0,Unchanged
18384,0,Unchanged
18385,0,Unchanged
18386,0,Unchanged
18387,0,Unchanged
18388,0,Unchanged
18389,0,Unchanged
18390,0,Unchanged
18391,0,Unchanged
18392,0,Unchanged
18393,0,Unchanged
18394,0,Unchanged
18395,0,Unchanged
18396,0,Unchanged
18397,0,Unchanged
18398,0,Unchanged
18399,0,Unchanged
18400,0,Unchanged
18401,0,Unchanged
18402,0,Unchanged
18403,0,Unchanged
18404,0,Unchanged
18405,0.333330886637911,Downregulated
18406,0,Unchanged
18407,0,Unchanged
18408,0,Unchanged
18409,4926582.87801112,Unchanged
18410,1.43167338564092e-06,Unchanged
18411,1.36744903722187e-06,Unchanged
18412,0,Unchanged
18413,0,Unchanged
18414,0,Unchanged
18415,0,Unchanged
18416,0,Unchanged
18417,0,Unchanged
18418,0,Unchanged
18419,0,Unchanged
18420,2.57501604466122e-07,Unchanged
18421,0,Unchanged
18422,0.0165559496216994,Downregulated
18423,0.0163030346559779,Downregulated
18424,0,Unchanged
18425,0,Unchanged
18426,0,Unchanged
18427,0,Unchanged
18428,0,Unchanged
18429,0,Unchanged
18430,0,Unchanged
18431,0,Unchanged
18432,5.78770690544233e-07,Unchanged
18433,0,Unchanged
18434,0,Unchanged
18435,0,Unchanged
18436,0,Unchanged
18437,0,Unchanged
18438,0,Unchanged
18439,0,Unchanged
18440,0,Unchanged
18441,0,Unchanged
18442,0,Unchanged
18443,0,Unchanged
18444,0,Unchanged
18445,0,Unchanged
18446,0,Unchanged
18447,3.53281969219097e-07,Unchanged
18448,0,Unchanged
18449,0,Unchanged
18450,0,Unchanged
18451,0,Unchanged
18452,0,Unchanged
18453,0,Unchanged
18454,0,Unchanged
18455,0,Unchanged
18456,0,Unchanged
18457,0,Unchanged
18458,0,Unchanged
18459,0,Unchanged
18460,0,Unchanged
18461,0,Unchanged
18462,0,Unchanged
18463,0,Unchanged
18464,2.58394955701042e-06,Unchanged
18465,2.58393282817309e-06,Unchanged
18466,0,Unchanged
18467,0,Unchanged
18468,0,Unchanged
18469,0,Unchanged
18470,9.1337869499564e-08,Unchanged
18471,0,Unchanged
18472,0,Unchanged
18473,0,Unchanged
18474,0,Unchanged
18475,0,Unchanged
18476,0,Unchanged
18477,0,Unchanged
18478,0,Unchanged
18479,0,Unchanged
18480,0,Unchanged
18481,0,Unchanged
18482,0,Unchanged
18483,0,Unchanged
18484,0,Unchanged
18485,0,Unchanged
18486,0,Unchanged
18487,48.9623685821203,Upregulated
18488,0,Unchanged
18489,0.9999991903894,Unchanged
18490,0,Unchanged
18491,0.99999303170923,Unchanged
18492,0,Unchanged
18493,26187645.4735701,Unchanged
18494,0,Unchanged
18495,0,Unchanged
18496,0,Unchanged
18497,0,Unchanged
18498,0,Unchanged
18499,0,Unchanged
18500,913881.44227475,Unchanged
18501,2.13994057675522,Upregulated
18502,0.293553442763238,Downregulated
18503,0,Unchanged
18504,0,Unchanged
18505,0,Unchanged
18506,0,Unchanged
18507,0,Unchanged
18508,0.698061821835241,Unchanged
18509,0,Unchanged
18510,0,Unchanged
18511,0,Unchanged
18512,0,Unchanged
18513,0,Unchanged
18514,0,Unchanged
18515,0,Unchanged
18516,0,Unchanged
18517,0,Unchanged
18518,0,Unchanged
18519,0,Unchanged
18520,0,Unchanged
18521,0,Unchanged
18522,0,Unchanged
18523,5.2328315363698,Upregulated
18524,0,Unchanged
18525,0,Unchanged
18526,0,Unchanged
18527,0,Unchanged
18528,0,Unchanged
18529,0,Unchanged
18530,0,Unchanged
18531,8.8187790348475e-06,Unchanged
18532,0,Unchanged
18533,0,Unchanged
18534,0,Unchanged
18535,0,Unchanged
18536,0,Unchanged
18537,2.89437012884664e-07,Unchanged
18538,2.29353126473014e-07,Unchanged
18539,2.29353121650739e-07,Unchanged
18540,0,Unchanged
18541,0,Unchanged
18542,0,Unchanged
18543,0,Unchanged
18544,470723.393065168,Unchanged
18545,0,Unchanged
18546,0,Unchanged
18547,0,Unchanged
18548,0.0487872396057148,Downregulated
18549,0,Unchanged
18550,0,Unchanged
18551,0,Unchanged
18552,0.0287924076062797,Downregulated
18553,844695105.43131,Unchanged
18554,1.99999760707985,Unchanged
18555,0,Unchanged
18556,1987173.86145522,Unchanged
18557,0,Unchanged
18558,0,Unchanged
18559,487547440.495598,Unchanged
18560,14241218.9269185,Unchanged
18561,0,Unchanged
18562,0,Unchanged
18563,2.46664025285567,Upregulated
18564,0,Unchanged
18565,0,Unchanged
18566,0,Unchanged
18567,0,Unchanged
18568,0,Unchanged
18569,0,Unchanged
18570,3404788.34559484,Unchanged
18571,1478913186.37275,Unchanged
18572,0,Unchanged
18573,1.99999933750786,Unchanged
18574,1696142.13423892,Unchanged
18575,0,Unchanged
18576,0,Unchanged
18577,0,Unchanged
18578,0.641358989140556,Unchanged
18579,0,Unchanged
18580,0,Unchanged
18581,0,Unchanged
18582,0,Unchanged
18583,0,Unchanged
18584,0,Unchanged
18585,0,Unchanged
18586,925802.736027272,Unchanged
18587,0.500000150212085,Unchanged
18588,5357811.92322737,Unchanged
18589,123150197.769149,Unchanged
18590,2391763.82575196,Unchanged
18591,0,Unchanged
18592,0.895361209894141,Unchanged
18593,0,Unchanged
18594,17.2557281326628,Upregulated
18595,0,Unchanged
18596,0,Unchanged
18597,0,Unchanged
18598,0,Unchanged
18599,0,Unchanged
18600,0,Unchanged
18601,0,Unchanged
18602,0,Unchanged
18603,0.642979284331675,Unchanged
18604,0,Unchanged
18605,0,Unchanged
18606,3.77387564213634,Upregulated
18607,0,Unchanged
18608,0,Unchanged
18609,0,Unchanged
18610,0,Unchanged
18611,0,Unchanged
18612,4.89672021853093e-07,Unchanged
18613,0,Unchanged
18614,0,Unchanged
18615,0,Unchanged
18616,0,Unchanged
18617,0,Unchanged
18618,0,Unchanged
18619,0,Unchanged
18620,0,Unchanged
18621,0,Unchanged
18622,0,Unchanged
18623,0,Unchanged
18624,0,Unchanged
18625,0,Unchanged
18626,0,Unchanged
18627,0,Unchanged
18628,0,Unchanged
18629,0,Unchanged
18630,0,Unchanged
18631,0,Unchanged
18632,0,Unchanged
18633,0,Unchanged
18634,0,Unchanged
18635,0,Unchanged
18636,0,Unchanged
