Reaction,FSR,RegulationStatus
ad_10fthf7glutl,28.8403029715206,Upregulated
ad_10fthf7glutm,15.2632427450053,Upregulated
ad_13damppox,16.7828308969459,Upregulated
ad_34dhoxpegox,59.5236390196576,Upregulated
ad_34dhoxpegt,59.5236390196576,Upregulated
ad_34hppor,59.8194888660109,Upregulated
ad_3dsphr,6.84731267338363,Upregulated
ad_3hbcoahlm,86.4572933692053,Upregulated
ad_3m4hdxpac,28.5090878133605,Upregulated
ad_3mldat,19.9563914336342,Upregulated
ad_3mobt2im,87.6871780594574,Upregulated
ad_3mopt2im,22.2040571674006,Upregulated
ad_3moxtyrox,28.5090878133605,Upregulated
ad_3salacboxl,66.4123589444302,Upregulated
ad_3salaox,71.0261823921505,Upregulated
ad_41r1h2mae12boox,61.0788732574096,Upregulated
ad_41r2a1h12boox,59.5236839496445,Upregulated
ad_42a12boox,51.2848811150946,Upregulated
ad_4hoxpacdox_nadp_,36.4314376796021,Upregulated
ad_4pyrdx,29.5265937743449,Upregulated
ad_5hltdl,44.6423343078183,Upregulated
ad_5hoxindacto2ox,79.0744236743845,Upregulated
ad_5hoxinoxda,44.6423343078183,Upregulated
ad_7dhftl,17.0385529477282,Upregulated
ad_7dhftm,16.8858940881674,Upregulated
ad_7thftm,16.9488120007406,Upregulated
ad_a4galtg,29.805818133524,Upregulated
ad_acact10m,157.072286550841,Upregulated
ad_acact1rm,42.4038050953827,Upregulated
ad_acact4p,100.618935527939,Upregulated
ad_acact5p,38.8514367419893,Upregulated
ad_acact6p,35.714130265726,Upregulated
ad_acact7p,35.714130265726,Upregulated
ad_acact8p,134.990753690822,Upregulated
ad_acact9p,135.03771119578,Upregulated
ad_accoacm,22.993669931349,Upregulated
ad_accoalm,40.7747592259707,Upregulated
ad_acgaltly,23.6570386537228,Upregulated
ad_acgam6psi,2351.06859060147,Upregulated
ad_acgamk,152.674929458876,Upregulated
ad_acgampm,152.674861470897,Upregulated
ad_acgamtly,152.674929458876,Upregulated
ad_acitl,27.0540108262691,Upregulated
ad_acnam9pl,25.6907390683962,Upregulated
ad_acnamph,25.6907390683962,Upregulated
ad_acnmlr,25.6907390683962,Upregulated
ad_acoad10m,22.2040372676366,Upregulated
ad_acoad1fm,27.8324134778643,Upregulated
ad_acoad9m,0.127869577805296,Downregulated
ad_acoao7p,35.714130265726,Upregulated
ad_acp1_fmn_,33.1053982659413,Upregulated
ad_acs2,23.6570439568061,Upregulated
ad_adcim,42.7277645914184,Upregulated
ad_admdc,22.3580281746215,Upregulated
ad_adncyc,23.6570276450094,Upregulated
ad_adntl,0.0181327054840062,Downregulated
ad_adrncoatx,187.575922603203,Upregulated
ad_adrncpt1,38.6239899317137,Upregulated
ad_adrncpt2,38.623981237473,Upregulated
ad_adsk,32.5990026086217,Upregulated
ad_ag13t16g,24.8411517350773,Upregulated
ad_ag13t17g,24.8411517350773,Upregulated
ad_ag13t18g,24.8411517350773,Upregulated
ad_ag13t1g,24.8336695815571,Upregulated
ad_ag13t2g,24.8336695815571,Upregulated
ad_ag13t3g,24.8336695815571,Upregulated
ad_alata_l,42.7954072437071,Upregulated
ad_aldd20x,36.431441740323,Upregulated
ad_aldd20xm,34.4425682079056,Upregulated
ad_aldd21,4.03829939584984,Upregulated
ad_aldd2xm,543.485233073297,Upregulated
ad_aldd2y,412.372696536967,Upregulated
ad_amacr2p,49.829666073533,Upregulated
ad_amett2m,25.9969491166247,Upregulated
ad_aprto2,11.3293761556494,Upregulated
ad_arachcpt1,288.648711367513,Upregulated
ad_arachcpt2,288.649002116812,Upregulated
ad_argss,21.3667795836942,Upregulated
ad_arsa,34.314973953445,Upregulated
ad_r_group_phosphotase_3,11.6095073457439,Upregulated
ad_artplm3,306.881005139005,Upregulated
ad_asah1,54.2521989400414,Upregulated
ad_atp1ter,25.6906340628656,Upregulated
ad_b3galt3g,29.805818133524,Upregulated
ad_b3galt41g,24.44239789567,Upregulated
ad_b3galt5g,29.8058169185737,Upregulated
ad_baat3x,49.8296660734319,Upregulated
ad_bamppaldox,22.3579909538548,Upregulated
ad_bildglcurte,25.6906254090924,Upregulated
ad_bilired,23.6174799246872,Upregulated
ad_bilirubtr,190.888149252473,Upregulated
ad_c14strr,43.2328492429958,Upregulated
ad_c161cpt12,45.7514993411993,Upregulated
ad_c161cpt22,186.298620033407,Upregulated
ad_c226cpt1,182.392413449479,Upregulated
ad_c226cpt2,182.396571534202,Upregulated
ad_c3stdh1pr,43.2328495400761,Upregulated
ad_c3stkr2r,43.2328548401756,Upregulated
ad_c4stmo2pr,43.2328498912094,Upregulated
ad_caatps,25.6906161947641,Upregulated
ad_catm,37.033201013038,Upregulated
ad_cbpper,25.928104778827,Upregulated
ad_cbpter,25.928104778827,Upregulated
ad_cdiptr,1828.62222327928,Upregulated
ad_cdsm,1780.21775523231,Upregulated
ad_cerk,25.6906111220253,Upregulated
ad_cert1rt,20.9792622839844,Upregulated
ad_cert2rt,29.805818667325,Upregulated
ad_chsteroltg,25.6905586780136,Upregulated
ad_ckc,33.2540830883013,Upregulated
ad_clpndcpt1,158.239121119177,Upregulated
ad_clpndcpt2,158.239104997127,Upregulated
ad_cmpacnatg,24.4423886700836,Upregulated
ad_cmpsas,23.6570465975982,Upregulated
ad_coatl,82.7648518210725,Upregulated
ad_core2gtg,24.8336695815571,Upregulated
ad_core3gtg,24.8411517350773,Upregulated
ad_core4gtg,24.8411517350773,Upregulated
ad_cot,23.6174984404412,Upregulated
ad_csapasely,25.1418769707804,Upregulated
ad_csbpasely,25.116894907967,Upregulated
ad_cscpasely,25.1418444212849,Upregulated
ad_csdpasely,25.0970800231733,Upregulated
ad_csepasely,25.0809836029523,Upregulated
ad_csnatm,24.5138351573757,Upregulated
ad_csnatp,28.0669142864522,Upregulated
ad_cspg_at,25.1418769707804,Upregulated
ad_cspg_atly,25.1418769707804,Upregulated
ad_cspg_bt,25.116894907967,Upregulated
ad_cspg_btly,25.116894907967,Upregulated
ad_cspg_ct,25.1418444212849,Upregulated
ad_cspg_ctly,25.1418444212849,Upregulated
ad_cspg_dt,25.0970800231733,Upregulated
ad_cspg_dtly,25.0970800231733,Upregulated
ad_cspg_et,25.0809836029523,Upregulated
ad_cspg_etly,25.0809836029523,Upregulated
ad_cyso,66.4123689501437,Upregulated
ad_cysta,83.6921876476258,Upregulated
ad_cytdk1,2.2884525640111,Upregulated
ad_cytdk2m,1755.31706788364,Upregulated
ad_cytdtl,25.6906286817421,Upregulated
ad_cytdtm,1755.31706788097,Upregulated
ad_cytk1m,1780.21775523231,Upregulated
ad_dagk_hs,0.0744765255067458,Downregulated
ad_dagkn_hs,2.25567689167885,Upregulated
ad_datptn,25.9326380696428,Upregulated
ad_dcsptn1coatx,61.250435916015,Upregulated
ad_dcsptn1cpt1,114.630836643372,Upregulated
ad_dcsptn1cpt2,114.630833638211,Upregulated
ad_desat16_2,110.066381531889,Upregulated
ad_desat18_3,86.9189804825988,Upregulated
ad_desat18_4,241.592352617288,Upregulated
ad_desat18_5,350.887855982476,Upregulated
ad_desat18_7,142.438093254534,Upregulated
ad_desat18_8,196.396101565525,Upregulated
ad_desat18_9,103.850838984965,Upregulated
ad_desat22_1p,187.526617993561,Upregulated
ad_dgat,23.6570413420719,Upregulated
ad_dgcholtx,49.8296660734319,Upregulated
ad_dgk2m,23.4530074742017,Upregulated
ad_dgnskm,23.4530074742017,Upregulated
ad_dgsntm,23.4530074742017,Upregulated
ad_dgtptn,25.9354162015817,Upregulated
ad_dhaat1r,21.0426155871356,Upregulated
ad_dhcrd1,3841.11853663771,Upregulated
ad_dlnlcgcpt2,288.649232075702,Upregulated
ad_dm_dctp_m_,21.2005431656362,Upregulated
ad_dndpt28m,21.2005431656362,Upregulated
ad_dndpt39m,7.69886091645442,Upregulated
ad_dopamt,28.5090878133605,Upregulated
ad_dopasft,32.599006953718,Upregulated
ad_dopasult,32.599006953718,Upregulated
ad_dpcoatl,82.7648518210725,Upregulated
ad_dpgase,25.6906382467053,Upregulated
ad_dpgm,25.6906382467053,Upregulated
ad_dsat,23.3826377258818,Upregulated
ad_dttptn,25.9354099188656,Upregulated
ad_dutpdpm,40.7747355235539,Upregulated
ad_ecoah12m,88.1181461480273,Upregulated
ad_ecoah1x,208.023067829816,Upregulated
ad_ecoah9m,157.072286550841,Upregulated
ad_eicostetcpt1,75.6729180049148,Upregulated
ad_eicostetcpt2,75.6730176548193,Upregulated
ad_etf,0.236847536742432,Downregulated
ad_etfqo,0.236847536742432,Downregulated
ad_facoal150,23.6570427479891,Upregulated
ad_facoal160i,20.9920905510064,Upregulated
ad_facoal170,23.657001872516,Upregulated
ad_facoal180i,25.3286210780035,Upregulated
ad_facoal1812,63.8903728106895,Upregulated
ad_facoal1813,74.4673228923792,Upregulated
ad_facoal181i,23.6570361910601,Upregulated
ad_facoal1821,20.9920923934242,Upregulated
ad_facoal1822,23.6570426317722,Upregulated
ad_facoal1831,25.6284384483293,Upregulated
ad_facoal1832,24.3588505553374,Upregulated
ad_facoal184,23.6570513911772,Upregulated
ad_facoal200,21.0226096567702,Upregulated
ad_facoal203,23.6570536369851,Upregulated
ad_facoal204,23.6570449800131,Upregulated
ad_facoal2042,23.6570393209931,Upregulated
ad_facoal205,20.9920903193225,Upregulated
ad_facoal224,23.6570503654626,Upregulated
ad_facoal2251,23.6570393485446,Upregulated
ad_facoal2252,23.6570506678182,Upregulated
ad_facoal226,23.6570488874099,Upregulated
ad_facoal240,23.6570521257147,Upregulated
ad_facoal244_1,23.6570393682475,Upregulated
ad_facoal245_1,23.6570299903435,Upregulated
ad_facoal245_2,23.6570393682475,Upregulated
ad_facoal246_1,23.6570297759392,Upregulated
ad_facoal260,23.6570320562994,Upregulated
ad_fael183,153.642366415543,Upregulated
ad_fael184,95.297469794757,Upregulated
ad_fael204,67.3295662738211,Upregulated
ad_fael205,203.364987404037,Upregulated
ad_fah3,51.8727576998895,Upregulated
ad_faoxc140,191.063515220523,Upregulated
ad_faoxc160,178.619045779826,Upregulated
ad_faoxc16080m,227.272858076808,Upregulated
ad_faoxc161802m,303.030552978928,Upregulated
ad_faoxc16180m,234.15350611009,Upregulated
ad_faoxc1811601m,263.530064603797,Upregulated
ad_faoxc1811602m,175.543412611524,Upregulated
ad_faoxc1811603m,154.042886080908,Upregulated
ad_faoxc182806m,224.249271603736,Upregulated
ad_faoxc18280m,180.375507500213,Upregulated
ad_faoxc183803m,198.995566284346,Upregulated
ad_faoxc183806m,129.882904366229,Upregulated
ad_faoxc18480m,171.793710016146,Upregulated
ad_faoxc200180m,288.648726176072,Upregulated
ad_faoxc2031836m,288.648915580207,Upregulated
ad_faoxc204,129.902915577763,Upregulated
ad_faoxc204184m,75.672920913553,Upregulated
ad_faoxc2051843m,25.0010144042636,Upregulated
ad_faoxc2242046m,38.6239925299743,Upregulated
ad_faoxc2251836m,114.630871932637,Upregulated
ad_faoxc2252053m,121.362877282456,Upregulated
ad_faoxc226,135.026270093971,Upregulated
ad_faoxc226205m,182.50379085074,Upregulated
ad_faoxc80,189.737488742318,Upregulated
ad_fas160coa,418.65082729086,Upregulated
ad_fas180coa,499.442652841754,Upregulated
ad_fas80coa_l,680.894118240846,Upregulated
ad_fba4,53.6601342743494,Upregulated
ad_fbp26,25.691100468631,Upregulated
ad_fcltm,23.0540496621223,Upregulated
ad_fdh,5.30382416392552,Upregulated
ad_fe3r2e,21.0426155871356,Upregulated
ad_fpgs2,25.6906155175141,Upregulated
ad_fpgs2m,16.9488120007406,Upregulated
ad_fpgs3,25.6906155175141,Upregulated
ad_fpgs3m,16.9488120007406,Upregulated
ad_fpgs4,25.6906858369469,Upregulated
ad_fpgs4m,16.8858940881674,Upregulated
ad_fpgs5,25.6906858369469,Upregulated
ad_fpgs5m,16.8858940881674,Upregulated
ad_fpgs6,25.6906858369469,Upregulated
ad_fpgs6m,16.8858940881674,Upregulated
ad_fpgs7m,15.2632427450053,Upregulated
ad_fpgs8,37.3179546793955,Upregulated
ad_fpgs8m,15.2632427450053,Upregulated
ad_fpgs9,37.3179546793955,Upregulated
ad_fpgs9m,15.2632427450053,Upregulated
ad_fpgsm,16.9488120007406,Upregulated
ad_fthfdh,45.2573770700866,Upregulated
ad_fucgalgbsidete,29.8058169185737,Upregulated
ad_fumac,59.8194888660109,Upregulated
ad_fumm,2.16960752853319,Upregulated
ad_fut11g,29.8058169185737,Upregulated
ad_g14t18g,24.8411517350773,Upregulated
ad_g14t19g,24.8411517350773,Upregulated
ad_g14t20g,24.8411517350773,Upregulated
ad_g14t21g,24.8411517350773,Upregulated
ad_g14t2g,24.8336695815571,Upregulated
ad_g14t3g,24.8336695815571,Upregulated
ad_g14t4g,24.8336695815571,Upregulated
ad_g14t5g,24.8336695815571,Upregulated
ad_g6pper,25.928104778827,Upregulated
ad_gal3st11,34.314973953445,Upregulated
ad_galase16ly,24.8336695815571,Upregulated
ad_galase17ly,24.833665740448,Upregulated
ad_galase18ly,24.8336639282263,Upregulated
ad_galase19ly,24.8336639282263,Upregulated
ad_galase20ly,24.8411517350773,Upregulated
ad_galglusidetg,26.0675274369026,Upregulated
ad_galgt1,24.44239789567,Upregulated
ad_galnact1g,25.1418439342365,Upregulated
ad_galnact2g,25.1418609934562,Upregulated
ad_galnact3g,25.1418444212849,Upregulated
ad_galnact4g,25.0970800231733,Upregulated
ad_galnact5g,25.0809836029523,Upregulated
ad_galntg,24.8336639282263,Upregulated
ad_galor,3.99805343187945,Upregulated
ad_galsidetg,52.6973389078323,Upregulated
ad_galt2g,25.141958283765,Upregulated
ad_galtg,25.141958283765,Upregulated
ad_galtly,41.1734707682752,Upregulated
ad_gcalddm,11.34398021597,Upregulated
ad_gdpfuctg,29.8058169185737,Upregulated
ad_gfucs,29.8058195729003,Upregulated
ad_ggh_10fthf5glul,28.8403029715206,Upregulated
ad_ggh_10fthf6glul,28.8403029715206,Upregulated
ad_ggh_10fthf7glul,28.8403029715206,Upregulated
ad_ggh_5dhfl,17.0385529477282,Upregulated
ad_ggh_6dhfl,17.0385529477282,Upregulated
ad_ggh_7dhfl,17.0385529477282,Upregulated
ad_ggt5r,25.5555677295311,Upregulated
ad_glaco,2429.99489756952,Upregulated
ad_glcaase1ly,25.6927898429248,Upregulated
ad_glcaase4ly,25.1418769707804,Upregulated
ad_glcaase5ly,25.1418444212849,Upregulated
ad_glcaase6ly,25.0970757533264,Upregulated
ad_glcaase7ly,25.0809836029523,Upregulated
ad_glcae1g,25.116894907967,Upregulated
ad_glcae2g,25.6927898429248,Upregulated
ad_glcat2g,25.1418609934562,Upregulated
ad_glcat3g,25.1418444212849,Upregulated
ad_glcat4g,25.0970800231733,Upregulated
ad_glcat5g,25.0809836029523,Upregulated
ad_glcat6g,25.6927898429248,Upregulated
ad_glcat7g,25.6927898429248,Upregulated
ad_glcat8g,25.6927898429248,Upregulated
ad_glcat9g,25.6927898429248,Upregulated
ad_glcatg,25.141958283765,Upregulated
ad_glcnacase1ly,25.6927898429248,Upregulated
ad_glcnacase2ly,25.6927898429248,Upregulated
ad_glcnacase3ly,25.6927898429248,Upregulated
ad_glcnacase4ly,25.6927898429248,Upregulated
ad_glcnacase5ly,25.6927898429248,Upregulated
ad_glcnacdasg,25.6927898429248,Upregulated
ad_glcnact1g,25.6927898429248,Upregulated
ad_glcnact2g,25.6927898429248,Upregulated
ad_glcnact3g,25.6927898429248,Upregulated
ad_glcnact4g,25.6927898429248,Upregulated
ad_glcnact5g,25.6927898429248,Upregulated
ad_gldbran,19.113908217068,Upregulated
ad_glpase1,19.113908217068,Upregulated
ad_glpase2,19.113908217068,Upregulated
ad_glucys,25.5555402957411,Upregulated
ad_gludym,0.331200666065649,Downregulated
ad_glut7l,26.2701995598194,Upregulated
ad_glyc_st,3.7376743115707,Upregulated
ad_glyctm,31.3613675350456,Upregulated
ad_glytp,49.8296660734319,Upregulated
ad_gmptg,29.8058169185737,Upregulated
ad_gnder,0.251709177070759,Downregulated
ad_gsntl,75.9800412325885,Upregulated
ad_gthp,96.0924051732015,Upregulated
ad_gthpe,27.5472368688372,Upregulated
ad_gthpm,25.8635971059509,Upregulated
ad_gthrdtr,463.525369446988,Upregulated
ad_gths,25.5555402957411,Upregulated
ad_guacyc,23.6570291137822,Upregulated
ad_h2otg,202.216787312538,Upregulated
ad_h2otm,3.28647129804594,Upregulated
ad_hacd1x,208.023067829816,Upregulated
ad_hacd9m,157.072286550841,Upregulated
ad_hexccoatx,135.037711193872,Upregulated
ad_hgntor,59.8194888660109,Upregulated
ad_hibdm,86.4572933692053,Upregulated
ad_hisdc,0.312898442610744,Downregulated
ad_histase,36.4314391388981,Upregulated
ad_hmgcoasi,6.54163294748277,Upregulated
ad_hmgcoasim,33.2183251853432,Upregulated
ad_hmgcoatm,40.1256548038122,Upregulated
ad_hmgcoatx,65.1122499397396,Upregulated
ad_hmglm,42.7390000007211,Upregulated
ad_hoxg,23.6174984404412,Upregulated
ad_hpactr,36.4314576907117,Upregulated
ad_hpdcacrncpt1,288.760785461593,Upregulated
ad_hpdcacrncpt2,288.760926445122,Upregulated
ad_hpyrdcm,11.34398021597,Upregulated
ad_hpyrr2x,3.73767358587143,Upregulated
ad_hpyrry,16.3502116785269,Upregulated
ad_hs1ly,25.6927898429248,Upregulated
ad_hs2ly,25.6927898429248,Upregulated
ad_hs3ly,25.6927898429248,Upregulated
ad_hs4ly,25.6927898429248,Upregulated
ad_hsat1ly,25.6927898429248,Upregulated
ad_hsat2ly,25.6927898429248,Upregulated
ad_hsat3ly,25.6927898429248,Upregulated
ad_hsat4ly,25.6927898429248,Upregulated
ad_hsd17b42x,79.0739083920741,Upregulated
ad_hsd17b4x,39.6884153327987,Upregulated
ad_hspasely,25.6927898429248,Upregulated
ad_hspgt,25.6927898429248,Upregulated
ad_hspgtly,25.6927898429248,Upregulated
ad_htg,218.015834457955,Upregulated
ad_hypoe,25.6906337520826,Upregulated
ad_icdhy,65.7793766109858,Upregulated
ad_idoaase1ly,25.6927898429248,Upregulated
ad_idoaase2ly,25.6927898429248,Upregulated
ad_idoaase3ly,25.6927898429248,Upregulated
ad_idoaase4ly,25.1168964105505,Upregulated
ad_kas8,312.331587505553,Upregulated
ad_khk,22.5238490501253,Upregulated
ad_khk2,53.6601342743494,Upregulated
ad_ksii_core2t,24.8336695815571,Upregulated
ad_ksii_core2tly,24.8336695815571,Upregulated
ad_ksii_core4t,24.8411517350773,Upregulated
ad_ksii_core4tly,24.8411517350773,Upregulated
ad_lapcoal,82.7648518210725,Upregulated
ad_lcadi_d,30.0232375921335,Upregulated
ad_lcadim,31.427915941005,Upregulated
ad_lcystcboxl,71.0261273277733,Upregulated
ad_leuktra4tr,25.5555677295311,Upregulated
ad_linkdeg1ly,25.6927898429248,Upregulated
ad_linkdeg2ly,25.141857692987,Upregulated
ad_linkdeg3ly,25.1418616410269,Upregulated
ad_linkdeg4ly,25.0809853646,Upregulated
ad_lneldccpt1,180.375516774137,Upregulated
ad_lneldccpt2,180.375488930601,Upregulated
ad_lnlccpt2,224.249383551199,Upregulated
ad_lnlncgcpt2,240.325413888482,Upregulated
ad_lnlncgt,63.584657094818,Upregulated
ad_lnstlsr,43.2328492429958,Upregulated
ad_lps,11.6095073457439,Upregulated
ad_lps2,20.4912721098606,Upregulated
ad_lps3,20.4912721098606,Upregulated
ad_ltc4sr,25.5555677295311,Upregulated
ad_ltdcl,3.14218112574802,Upregulated
ad_macaci,59.8194888660109,Upregulated
ad_macoxo,19.9563914336342,Upregulated
ad_maolnor,34.7124867996863,Upregulated
ad_maox,37.5963825967425,Upregulated
ad_mdhm,470.442352485366,Upregulated
ad_mdrpd,81.7143696583359,Upregulated
ad_mgsa,56.7984880547679,Upregulated
ad_mhisor,19.9563914336342,Upregulated
ad_mi1345pp,25.6906347554877,Upregulated
ad_mi145pp,0.0120194680266441,Downregulated
ad_mi1ps,287.141399578406,Upregulated
ad_mmmm,87.7015982380024,Upregulated
ad_mmsad1m,20.3138856037184,Upregulated
ad_mtap,81.7143696583359,Upregulated
ad_n3tg,24.8336695815571,Upregulated
ad_nabtno,11.3293761556494,Upregulated
ad_nachex23ly,24.8336707353714,Upregulated
ad_nachex24ly,24.833665740448,Upregulated
ad_nachex25ly,24.8336639282263,Upregulated
ad_nachex26ly,24.8411533293892,Upregulated
ad_nachex2ly,25.141857692987,Upregulated
ad_nachexa1ly,25.1418807335373,Upregulated
ad_nachexa2ly,25.1168978467655,Upregulated
ad_nachexa3ly,25.1418446796304,Upregulated
ad_nachexa4ly,25.1418455782295,Upregulated
ad_nachexa5ly,25.0977422605968,Upregulated
ad_nachexa6ly,25.0970772109609,Upregulated
ad_nachexa7ly,25.0809836029523,Upregulated
ad_nachexa8ly,25.0809853646,Upregulated
ad_nadphtru,0.196729340543932,Downregulated
ad_nadphtxu,33.7161309575991,Upregulated
ad_nadptru,0.19672934054422,Downregulated
ad_nadptxu,33.7044608301031,Upregulated
ad_naga2ly,24.8336639282263,Upregulated
ad_naglcaly,24.8336639282263,Upregulated
ad_nbahh_ir,23.6570484894371,Upregulated
ad_ndp7ex,77.0719978654929,Upregulated
ad_ndp7g,34.3882318758387,Upregulated
ad_ndp8ex,77.0719978654929,Upregulated
ad_ndpk3m,1780.21775523231,Upregulated
ad_ndpk4m,17.3474556265357,Upregulated
ad_ndpk5m,21.8066839947451,Upregulated
ad_ndpk6m,27.1106091303196,Upregulated
ad_ndpk7m,21.2005431656362,Upregulated
ad_ndpk8m,17.3474614843714,Upregulated
ad_nicrns,25.6906546548291,Upregulated
ad_nmnatr,25.0113196312116,Upregulated
ad_nmns,29.7314987114075,Upregulated
ad_ntd1m,21.8066841737576,Upregulated
ad_ntd2e,80.8224779908402,Upregulated
ad_ntd2l,25.6906577511023,Upregulated
ad_ntd4l,25.6906286817421,Upregulated
ad_ntd5l,25.6906639401824,Upregulated
ad_ntd7l,0.0181327054840062,Downregulated
ad_ntd9l,75.9800412325885,Upregulated
ad_o2st,27.5472282185094,Upregulated
ad_o2stx,77.0894340650548,Upregulated
ad_o2tm,53.0855652202747,Upregulated
ad_o2tp,13.8020373232417,Upregulated
ad_occoatx,198.409221555007,Upregulated
ad_oivd3m,22.2040435399603,Upregulated
ad_orntarm,16.4942837362047,Upregulated
ad_p450ltb4r,86.7563707319004,Upregulated
ad_pail4p_hstn,2.25567689167885,Upregulated
ad_pan4pp,25.6907085405394,Upregulated
ad_papstg,34.3149865701043,Upregulated
ad_paptg,34.314985173492,Upregulated
ad_pcflopm,25.9969079100816,Upregulated
ad_pde1,23.6570356227702,Upregulated
ad_pde4,23.6570162923905,Upregulated
ad_pdxpp,25.6906862956213,Upregulated
ad_peamno,19.828514648189,Upregulated
ad_petohmm_hs,25.9969079100816,Upregulated
ad_pfk26,25.691100468631,Upregulated
ad_phemetm,23.0540496621223,Upregulated
ad_pheta1m,62.2706015043516,Upregulated
ad_phycboxl,19.828514648189,Upregulated
ad_pi345p3p,25.6906408410369,Upregulated
ad_pi345p3pn,27.9283017409884,Upregulated
ad_pi345p5p,25.6906175045363,Upregulated
ad_pi34p5k,25.6906500131766,Upregulated
ad_pi3p4k,12.8633415197197,Upregulated
ad_pi3p5k,25.6906327181041,Upregulated
ad_pi45p3k,25.6906183815078,Upregulated
ad_pi45p3kn,27.9283017409884,Upregulated
ad_pi45p5p,0.0360555729826908,Downregulated
ad_pi45plc,0.0120194680266441,Downregulated
ad_pi4p3k,25.6906447144678,Upregulated
ad_pi4p5k,25.6906316952293,Upregulated
ad_pi4plc,0.0180286366770848,Downregulated
ad_pi4plcn,2.25567689167885,Upregulated
ad_pi5p3k,25.6906117873447,Upregulated
ad_pi5p4k,25.6906346440284,Upregulated
ad_pik3,25.6906362016251,Upregulated
ad_pik4,12.8633558935433,Upregulated
ad_pik5,25.6904552232458,Upregulated
ad_piplc,25.690626026932,Upregulated
ad_piter,26.5689324035441,Upregulated
ad_pitg,25.6906030438109,Upregulated
ad_pla2_2,30.5337839889273,Upregulated
ad_pla2_2e,30.5337734768429,Upregulated
ad_pmi12346phn,27.9282747550547,Upregulated
ad_pmtcoatx,239.194704944809,Upregulated
ad_pnteh,29.3010246914859,Upregulated
ad_ppa2,21.1025660273777,Upregulated
ad_ppaer,26.5689381579724,Upregulated
ad_ppam,12.1139751473773,Upregulated
ad_ppmi12346ptn,27.9282747550547,Upregulated
ad_prdx,96.0923334024051,Upregulated
ad_pristanaltx,4.03829939584984,Upregulated
ad_prostge2t,87.0054373695566,Upregulated
ad_psdm_hs,30.0286476952423,Upregulated
ad_psflipm,30.0286476952423,Upregulated
ad_pte2x,544.680347649239,Upregulated
ad_pte3x,25.0882392982979,Upregulated
ad_pte4x,25.0882302611708,Upregulated
ad_pthps,21.1025660273777,Upregulated
ad_ptrcat1,11.3293761556494,Upregulated
ad_ptrcox1,0.384209373785493,Downregulated
ad_pydxdh,29.5265937743449,Upregulated
ad_pydxk,21.4337952143394,Upregulated
ad_pydxpp,21.8612045968763,Upregulated
ad_rdh1,2,Upregulated
ad_retfa,40.9825512706203,Upregulated
ad_rnmk,13.4584917527538,Upregulated
ad_s23t2g,24.8336695815571,Upregulated
ad_s23t4g,24.8411517350773,Upregulated
ad_s2t1g,25.0970800231733,Upregulated
ad_s2t2g,25.0970800231733,Upregulated
ad_s2t3g,25.116894907967,Upregulated
ad_s2t4g,25.6927898429248,Upregulated
ad_s2tase1ly,25.6927898429248,Upregulated
ad_s2tase2ly,25.6927898429248,Upregulated
ad_s2tase3ly,25.1168964105505,Upregulated
ad_s2tase4ly,25.0970757533264,Upregulated
ad_s2tase5ly,25.0970757533264,Upregulated
ad_s3t1g,25.6927898429248,Upregulated
ad_s3t2g,25.6927898429248,Upregulated
ad_s3t3g,25.6927898429248,Upregulated
ad_s3tase1ly,25.6927898429248,Upregulated
ad_s3tase2ly,25.6927898429248,Upregulated
ad_s3tase3ly,25.6927898429248,Upregulated
ad_s4t1g,25.1418424937583,Upregulated
ad_s4t2g,25.1418769707804,Upregulated
ad_s4t3g,25.0809836029523,Upregulated
ad_s4t6g,25.116894907967,Upregulated
ad_s4tase2ly,25.141857692987,Upregulated
ad_s6t16g,24.8411517350773,Upregulated
ad_s6t17g,24.8411517350773,Upregulated
ad_s6t18g,24.8411517350773,Upregulated
ad_s6t19g,25.1418619103963,Upregulated
ad_s6t1g,24.8336695815571,Upregulated
ad_s6t20g,25.1418444212849,Upregulated
ad_s6t21g,25.0970800231733,Upregulated
ad_s6t22g,25.0809836029523,Upregulated
ad_s6t23g,25.0809836029523,Upregulated
ad_s6t25g,25.6927898429248,Upregulated
ad_s6t2g,24.8336695815571,Upregulated
ad_s6t3g,24.8336695815571,Upregulated
ad_s6tase1ly,25.6927898429248,Upregulated
ad_s6tase22ly,24.8336695815571,Upregulated
ad_s6tase23ly,24.8336707353714,Upregulated
ad_s6tase24ly,24.833665740448,Upregulated
ad_s6tase25ly,24.8411517350773,Upregulated
ad_s6tase26ly,24.8411533293892,Upregulated
ad_s6tase2ly,25.6927898429248,Upregulated
ad_s6tase3ly,25.6927898429248,Upregulated
ad_saccd3m,33.9327602933225,Upregulated
ad_sadt,32.5990026086217,Upregulated
ad_salmcom,34.7124867996863,Upregulated
ad_salmcom2,37.3993440116055,Upregulated
ad_samhista,19.9563914336342,Upregulated
ad_sbtr,56.809326177268,Upregulated
ad_scp2x,49.0647640243098,Upregulated
ad_scpx,30.4984394589601,Upregulated
ad_serpt,6.84731267338363,Upregulated
ad_sfgth,40.1543364484527,Upregulated
ad_sgalsidetl,34.314973953445,Upregulated
ad_siaase3ly,24.8336695815571,Upregulated
ad_siaase4ly,24.8411517350773,Upregulated
ad_so4tl,34.3149918351868,Upregulated
ad_sphgntr,23.6570394822129,Upregulated
ad_sphk21c,25.6906292263404,Upregulated
ad_spmdox,16.7828308969459,Upregulated
ad_spodme,27.5472368688372,Upregulated
ad_spodmx,77.0893369412886,Upregulated
ad_spr,21.1025660273777,Upregulated
ad_sprms,22.3580047238752,Upregulated
ad_sqler,43.2328492429958,Upregulated
ad_st3gal21g,24.44239789567,Upregulated
ad_st6galnac31,24.44239789567,Upregulated
ad_sucd1m,72.8201717568611,Upregulated
ad_thbpt4acamdase,18.1273463512463,Upregulated
ad_thymdtl,25.6906639401824,Upregulated
ad_thymt,29.1227346659508,Upregulated
ad_tmndnccpt2,283.014293643126,Upregulated
ad_trdr,27.9886147892695,Upregulated
ad_tryptaox,36.4314349954108,Upregulated
ad_tyrcbox,36.431437711578,Upregulated
ad_tyroxdac,36.4314376796021,Upregulated
ad_uagaldp,23.6570189785615,Upregulated
ad_udpacgaltl,26.7190603825173,Upregulated
ad_udpgaltg,51.5823307115327,Upregulated
ad_udpgp,23.6570478493409,Upregulated
ad_udptl,26.7190626516051,Upregulated
ad_ugalnactg,51.6525917039173,Upregulated
ad_uglcnactg,24.8411771966137,Upregulated
ad_ugt1a10r,190.888149252473,Upregulated
ad_uridk2m,27.1106091303196,Upregulated
ad_uritl,25.6906577511023,Upregulated
ad_urolacer,2429.99489756952,Upregulated
ad_xsertg,25.141958283765,Upregulated
ad_xyltd_dr,53.660140437723,Upregulated
ad_xylter,25.141958283765,Upregulated
ad_xyltly,25.1418549664368,Upregulated
ad_r0009,27.2401031032769,Upregulated
ad_r0016,328.138225411983,Upregulated
ad_r0023,86.9189839224183,Upregulated
ad_r0028,25.6906393096864,Upregulated
ad_r0033,29.1929190285618,Upregulated
ad_r0068,15.9006713412329,Upregulated
ad_r0083,35.2123332569099,Upregulated
ad_r0097,15.9006713412329,Upregulated
ad_r0160,3.73968775292591,Upregulated
ad_r0208,198.514435765837,Upregulated
ad_r0221,40.7747452526861,Upregulated
ad_r0226,15.3513052073091,Upregulated
ad_r0246,31.3613675350456,Upregulated
ad_r0276,39.7962050949632,Upregulated
ad_r0283,23.6570484894371,Upregulated
ad_r0308,18.9064414748312,Upregulated
ad_r0311,23.6570363182227,Upregulated
ad_r0319,40.7747452526861,Upregulated
ad_r0340,31.3613675350456,Upregulated
ad_r0354,26.7681990607689,Upregulated
ad_r0355,26.7682153320663,Upregulated
ad_r0357,22.5238619996266,Upregulated
ad_r0358,22.5238464219175,Upregulated
ad_r0381,66.4124209443084,Upregulated
ad_r0383,8.96050771973912,Upregulated
ad_r0393,31.3613675350456,Upregulated
ad_r0444,38.442817050161,Upregulated
ad_r0450,33.9327602933225,Upregulated
ad_r0451,33.9327602933225,Upregulated
ad_r0463,68.9135060792563,Upregulated
ad_r0472,23.4423987674639,Upregulated
ad_r0474,27.1298046583798,Upregulated
ad_r0488,78.2437622978085,Upregulated
ad_r0502,52.6466457041446,Upregulated
ad_r0510,110.066212494202,Upregulated
ad_r0511,86.9190821794631,Upregulated
ad_r0514,17.8015215835299,Upregulated
ad_r0531,2.2884530423495,Upregulated
ad_r0539,29.3010246914859,Upregulated
ad_r0541,33.9327602933225,Upregulated
ad_r0555,8.96050771973912,Upregulated
ad_r0557,33.9327602933225,Upregulated
ad_r0560,0.12786959433511,Downregulated
ad_r0578,25.6906295223756,Upregulated
ad_r0579,29.1929190285618,Upregulated
ad_r0584,23.6570535250396,Upregulated
ad_r0590,29.1929190285618,Upregulated
ad_r0591,206.193834376897,Upregulated
ad_r0595,34.8720019662141,Upregulated
ad_r0661,38.8514367419893,Upregulated
ad_r0698,25.233414168911,Upregulated
ad_r0706,30.4985068239495,Upregulated
ad_r0715,35.714130265726,Upregulated
ad_r0717,35.714130265726,Upregulated
ad_r0719,35.714130265726,Upregulated
ad_r0721,35.714130265726,Upregulated
ad_r0723,38.8514367419893,Upregulated
ad_r0727,100.618935527939,Upregulated
ad_r0729,100.618935527939,Upregulated
ad_r0743,30.4984847418542,Upregulated
ad_r0744,30.4984849128623,Upregulated
ad_r0758,88.0057688194752,Upregulated
ad_r0781,43.2328492429958,Upregulated
ad_r0782,29.8058118749824,Upregulated
ad_r0795,34.8720019662141,Upregulated
ad_r0812,25.0882283747189,Upregulated
ad_r0818,7.69886084831444,Upregulated
ad_r0822,3.28647098168398,Upregulated
ad_r0892,80.8224629659196,Upregulated
ad_r0899,22.3580313995189,Upregulated
ad_r0926,31.3613675350456,Upregulated
ad_r0962,17.8015215835299,Upregulated
ad_r0990,65.9217126357938,Upregulated
ad_r1000,38.442817050161,Upregulated
ad_r1090,0.01,Downregulated
ad_r1134,43.2328485950896,Upregulated
ad_r1148,349.824905894833,Upregulated
ad_r1150,0.0181327053903683,Downregulated
ad_r1155,11.2799447830461,Upregulated
ad_r1156,2.3030611778031,Upregulated
ad_r1164,23.6570363182227,Upregulated
ad_r1165,23.6570074351648,Upregulated
ad_r1166,23.6570385364372,Upregulated
ad_r1167,28.1071455150129,Upregulated
ad_r1168,23.6570524253618,Upregulated
ad_r1169,23.6570373200153,Upregulated
ad_r1170,9.27268870278803,Upregulated
ad_r1171,23.6570605932392,Upregulated
ad_r1172,23.6570363182227,Upregulated
ad_r1174,23.6570074351648,Upregulated
ad_r1175,23.6570385364372,Upregulated
ad_r1177,28.1071455150129,Upregulated
ad_r1179,23.6570524253618,Upregulated
ad_r1181,23.6570373200153,Upregulated
ad_r1182,9.27268870278803,Upregulated
ad_r1183,23.6570605932392,Upregulated
ad_r1251,23.6570074351648,Upregulated
ad_r1252,45.7514993411993,Upregulated
ad_r1255,27.0325568952603,Upregulated
ad_r1257,23.6570524253618,Upregulated
ad_r1259,24.3588470697667,Upregulated
ad_r1260,43.9344117520586,Upregulated
ad_r1262,23.6570605932392,Upregulated
ad_r1364,24.3588171725448,Upregulated
ad_r1365,24.3588171725448,Upregulated
ad_r1382,25.6906336795642,Upregulated
ad_r1383,16.9488530453458,Upregulated
ad_r1443,35.714130265726,Upregulated
ad_r1444,35.714130265726,Upregulated
ad_r1445,100.618935896495,Upregulated
ad_r1446,27.8324148484695,Upregulated
ad_r1454,21.7084799499738,Upregulated
ad_r1455,62.2706015043516,Upregulated
ad_r1467,278.295161589993,Upregulated
ad_r1472,350.214834249127,Upregulated
ad_r1474,350.214834249127,Upregulated
ad_r1477,350.214834249127,Upregulated
ad_r1487,38.442817050161,Upregulated
ad_r2191,17.8356709521822,Upregulated
ad_r2381,11.2799629273202,Upregulated
ad_r2382,11.2799619198702,Upregulated
ad_r2384,11.2799485050314,Upregulated
ad_r2385,11.2799535168912,Upregulated
ad_r2386,11.2799445083287,Upregulated
ad_r2387,11.279945912968,Upregulated
ad_r2388,11.2799437459206,Upregulated
ad_r2389,11.27994329774,Upregulated
ad_r2390,11.2799477567226,Upregulated
ad_r2391,11.2799448227587,Upregulated
ad_r2392,11.2799421368813,Upregulated
ad_r2403,33.9327602933225,Upregulated
ad_r2497,18.9064414748312,Upregulated
ad_r2509,38.4530236632479,Upregulated
ad_r2514,38.442817050161,Upregulated
ad_re0453m,18.3418322532587,Upregulated
ad_re0512m,173.366980324839,Upregulated
ad_re0574c,181.704918195598,Upregulated
ad_re0575c,181.704918195598,Upregulated
ad_re0576c,181.704918195598,Upregulated
ad_re0579c,109.525145710638,Upregulated
ad_re0581c,4835.17735868281,Upregulated
ad_re0830c,21.1025434629524,Upregulated
ad_re1441r,25.6906149078838,Upregulated
ad_re1447m,21.8066772408239,Upregulated
ad_re1448r,25.6906149078838,Upregulated
ad_re1516m,173.366980324839,Upregulated
ad_re1517m,173.366980324839,Upregulated
ad_re1518m,43.9170190393114,Upregulated
ad_re1518x,79.6441029278107,Upregulated
ad_re1519x,13.2752378614674,Upregulated
ad_re1520m,150.190812212232,Upregulated
ad_re1520x,79.6441029278107,Upregulated
ad_re1521m,27.7983843128174,Upregulated
ad_re1521x,79.6441029278107,Upregulated
ad_re1522m,150.189190374369,Upregulated
ad_re1522x,79.6441029278107,Upregulated
ad_re1523m,173.366980324839,Upregulated
ad_re1525m,150.189190374369,Upregulated
ad_re1525x,79.6441029278107,Upregulated
ad_re1526m,27.7983843128174,Upregulated
ad_re1526x,79.6441029278107,Upregulated
ad_re1527m,150.190812212232,Upregulated
ad_re1527x,79.6441029278107,Upregulated
ad_re1530m,21.8066839947451,Upregulated
ad_re1531m,173.366980324839,Upregulated
ad_re1532m,150.189190374369,Upregulated
ad_re1532x,79.6441029278107,Upregulated
ad_re1533m,27.7983843128174,Upregulated
ad_re1533x,79.6441029278107,Upregulated
ad_re1534m,150.190812212232,Upregulated
ad_re1534x,79.6441029278107,Upregulated
ad_re1573m,27.7983843128174,Upregulated
ad_re1573x,79.6441029278107,Upregulated
ad_re1834m,27.0187460167468,Upregulated
ad_re1836x,153.791191536677,Upregulated
ad_re1916c,25.69065653036,Upregulated
ad_re1957r,25.6906377019258,Upregulated
ad_re2122c,16.4217445781306,Upregulated
ad_re2346c,32.8833813965428,Upregulated
ad_re2407c,44.8738971865678,Upregulated
ad_re2649c,23.6570473686961,Upregulated
ad_re2649m,40.7747862189354,Upregulated
ad_re2677r,54.2522001100606,Upregulated
ad_re2759x,25.0882392982979,Upregulated
ad_re2888c,182.752233049377,Upregulated
ad_re2912m,205.499741013689,Upregulated
ad_re2972m,21.8066772408239,Upregulated
ad_re2973n,10.7670099040955,Upregulated
ad_re2985m,75.1475768292623,Upregulated
ad_re2985x,138.847450875819,Upregulated
ad_re2986x,138.847450875819,Upregulated
ad_re2987x,138.847450875819,Upregulated
ad_re2988x,138.847450875819,Upregulated
ad_re2989x,79.644273145359,Upregulated
ad_re2990x,79.644273145359,Upregulated
ad_re2991x,79.644273145359,Upregulated
ad_re2992m,105.59307339015,Upregulated
ad_re2992x,79.644273145359,Upregulated
ad_re2993x,79.644273145359,Upregulated
ad_re2994x,79.644273145359,Upregulated
ad_re2996x,138.847450875819,Upregulated
ad_re2997x,79.644273145359,Upregulated
ad_re2998m,37.0331907725992,Upregulated
ad_re2999m,19.8704674937256,Upregulated
ad_re3000m,19.8704674937256,Upregulated
ad_re3001m,19.8704674937256,Upregulated
ad_re3004m,19.8704674937256,Upregulated
ad_re3005m,19.8704674937256,Upregulated
ad_re3006m,19.8704674937256,Upregulated
ad_re3011m,30.2487187429499,Upregulated
ad_re3012c,38.5424822842233,Upregulated
ad_re3012m,30.2487187429499,Upregulated
ad_re3074x,25.0882392982979,Upregulated
ad_re3095c,5.17704371740285,Upregulated
ad_re3106c,109.276606238546,Upregulated
ad_re3110c,109.276606238546,Upregulated
ad_re3112c,109.276606238546,Upregulated
ad_re3113c,109.276606238546,Upregulated
ad_re3114r,24.3588479723202,Upregulated
ad_re3132r,21.0127275314722,Upregulated
ad_re3136c,44.8738971865678,Upregulated
ad_re3146r,23.657050846622,Upregulated
ad_re3151c,52.1753784845046,Upregulated
ad_re3152c,52.1753784845046,Upregulated
ad_re3153c,52.1753784845046,Upregulated
ad_re3154c,110.547777620646,Upregulated
ad_re3160r,23.657049644444,Upregulated
ad_re3161c,177.390133603982,Upregulated
ad_re3162c,177.390133603982,Upregulated
ad_re3163c,177.390133603982,Upregulated
ad_re3164c,177.390133603982,Upregulated
ad_re3165c,189.440200580386,Upregulated
ad_re3166c,189.440200580386,Upregulated
ad_re3167c,189.440200580386,Upregulated
ad_re3168c,189.440200580386,Upregulated
ad_re3169c,121.409469074475,Upregulated
ad_re3170c,121.409469074475,Upregulated
ad_re3171c,121.409469074475,Upregulated
ad_re3172c,121.409469074475,Upregulated
ad_re3173c,121.470630467352,Upregulated
ad_re3174c,121.409544468046,Upregulated
ad_re3175c,121.409544466591,Upregulated
ad_re3176c,121.470630467352,Upregulated
ad_re3224c,280.185392460972,Upregulated
ad_re3225c,222.166977193968,Upregulated
ad_re3226c,171.329739934818,Upregulated
ad_re3227c,280.185392460972,Upregulated
ad_re3228c,280.185392460972,Upregulated
ad_re3229c,280.185392460972,Upregulated
ad_re3230c,222.166977193968,Upregulated
ad_re3231c,222.166977193968,Upregulated
ad_re3232c,222.166977193968,Upregulated
ad_re3234c,171.329739934818,Upregulated
ad_re3235c,171.329739934818,Upregulated
ad_re3236c,171.329739934818,Upregulated
ad_re3241c,503.548004881273,Upregulated
ad_re3242c,503.548004881273,Upregulated
ad_re3243c,503.548004881273,Upregulated
ad_re3244c,503.548004881273,Upregulated
ad_re3247m,65.9975403201841,Upregulated
ad_re3247x,30.4984662207026,Upregulated
ad_re3268r,25.6906377019258,Upregulated
ad_re3269c,25.6906466288853,Upregulated
ad_re3273c,4.60853618634213,Upregulated
ad_re3411c,32.8833813965428,Upregulated
ad_re3417c,32.8833813965428,Upregulated
ad_re3496c,120.002799306733,Upregulated
ad_re3525m,30.2487811591711,Upregulated
ad_re3597m,30.2487187429499,Upregulated
ad_re3624m,19.8704674937256,Upregulated
ad_re3626m,126.647486828241,Upregulated
ad_biomass_reaction,25.9326488930521,Upregulated
ad_c4tcx,389.43155259601,Upregulated
ad_c4x,389.43155259601,Upregulated
ad_docosdiactd,116.53824967381,Upregulated
ad_faoxc101c102m,150.189959716887,Upregulated
ad_faoxc101c102x,36.4680438371722,Upregulated
ad_faoxc101c8x,100.618939976059,Upregulated
ad_faoxc101x,79.6441608877364,Upregulated
ad_faoxc102c101m,150.189194509962,Upregulated
ad_faoxc102c103m,120.391407706991,Upregulated
ad_faoxc102c103x,11.2084879644322,Upregulated
ad_faoxc102c81m,120.391407706991,Upregulated
ad_faoxc102c81x,11.2084879644322,Upregulated
ad_faoxc102m,120.391407706991,Upregulated
ad_faoxc102x,11.2084879644322,Upregulated
ad_faoxc103c102m,120.391407706991,Upregulated
ad_faoxc103c102x,11.2084879644322,Upregulated
ad_faoxc10dcc8dcx,52.7524238219361,Upregulated
ad_faoxc121c10x,38.8514199554255,Upregulated
ad_faoxc121x,107.641545551968,Upregulated
ad_faoxc122c101m,375.858569949529,Upregulated
ad_faoxc122m,375.858569949529,Upregulated
ad_faoxc122x,96.5979011826712,Upregulated
ad_faoxc123c102m,120.391407706991,Upregulated
ad_faoxc123c102x,11.2084879644322,Upregulated
ad_faoxc123m,120.391407706991,Upregulated
ad_faoxc123x,11.2084879644322,Upregulated
ad_faoxc12dcc10dcx,51.8727576998895,Upregulated
ad_faoxc142c122m,375.858569949529,Upregulated
ad_faoxc142c122x,96.5979011826712,Upregulated
ad_faoxc143c123m,120.391407706991,Upregulated
ad_faoxc143c123x,11.2084879644322,Upregulated
ad_faoxc14dcc12dcx,51.8727576998895,Upregulated
ad_faoxc163c142x,96.5979011826712,Upregulated
ad_faoxc163c164gm,324.114141763217,Upregulated
ad_faoxc163c164x,96.5979011826712,Upregulated
ad_faoxc163gc142m,324.114141763217,Upregulated
ad_faoxc163gm,324.114141763217,Upregulated
ad_faoxc163x,96.5979011826712,Upregulated
ad_faoxc164c143m,101.31398086103,Upregulated
ad_faoxc164c143x,11.2084879644322,Upregulated
ad_faoxc164c163x,96.5979011826712,Upregulated
ad_faoxc164c165m,101.31398086103,Upregulated
ad_faoxc164c165x,11.2084879644322,Upregulated
ad_faoxc164gc163m,324.114141763217,Upregulated
ad_faoxc164m,101.31398086103,Upregulated
ad_faoxc164x,11.2084879644322,Upregulated
ad_faoxc165c164m,101.31398086103,Upregulated
ad_faoxc165c164x,11.2084879644322,Upregulated
ad_faoxc16brx,25.0882302611708,Upregulated
ad_faoxc16dcc14dcx,51.8727576998895,Upregulated
ad_faoxc16dcr,51.8727576998895,Upregulated
ad_faoxc184c163m,109.258616084374,Upregulated
ad_faoxc184c163x,96.5979011826712,Upregulated
ad_faoxc184c164x,11.2084879644322,Upregulated
ad_faoxc184m,109.258616084374,Upregulated
ad_faoxc184x,96.5979011826712,Upregulated
ad_faoxc185c164m,84.4790907087235,Upregulated
ad_faoxc185m,84.4790907087235,Upregulated
ad_faoxc204c184m,109.258616084374,Upregulated
ad_faoxc204c205x,96.5979011826712,Upregulated
ad_faoxc205c184x,96.5979011826712,Upregulated
ad_faoxc205c185m,84.4790907087235,Upregulated
ad_faoxc225c204m,109.258616084374,Upregulated
ad_faoxc225c204x,96.5979011826712,Upregulated
ad_faoxc225c226m,109.258616084374,Upregulated
ad_faoxc225c226x,96.5979011826712,Upregulated
ad_faoxc225m,109.258616084374,Upregulated
ad_faoxc225x,96.5979011826712,Upregulated
ad_faoxc226c205m,84.4790907087235,Upregulated
ad_faoxc226c225m,109.258616084374,Upregulated
ad_faoxc226c225x,96.5979011826712,Upregulated
ad_faoxc226c227m,84.4790907087235,Upregulated
ad_faoxc226m,84.4790907087235,Upregulated
ad_faoxc227c226m,84.4790907087235,Upregulated
ad_faoxc22ohc22r,116.53824967381,Upregulated
ad_faoxc4c4dcc,48.167001357508,Upregulated
ad_faoxc61m,120.391407706991,Upregulated
ad_faoxc61x,11.2084879644322,Upregulated
ad_faoxc81c61m,120.391407706991,Upregulated
ad_faoxc81c61x,11.2084879644322,Upregulated
ad_faoxohc16c16dcc,51.8727576998895,Upregulated
ad_faoxohc22c22dcc,116.53824967381,Upregulated
ad_faoxtc101tc102m,155.718853276901,Upregulated
ad_faoxtc102c101m,155.718853276901,Upregulated
ad_faoxtc122tc101m,155.718853276901,Upregulated
ad_faoxtc122m,155.718853276901,Upregulated
ad_faoxtc142tc122m,155.718853276901,Upregulated
ad_faoxtc162tc142m,155.719091317652,Upregulated
ad_faoxtc182tc162m,155.718945175027,Upregulated
ad_foaxc122c101x,96.5979011826712,Upregulated
ad_hexcoaacbp,392.802266943375,Upregulated
ad_hexdiactr,51.8727576998895,Upregulated
ad_hexdicoaacbpx,51.8727576998895,Upregulated
ad_ocd11coacpt1,241.594053072729,Upregulated
ad_ocd11crncact,241.594053072729,Upregulated
ad_ocd11crncpt2,241.594053072729,Upregulated
ad_oct11efatp,63.8903141697229,Upregulated
ad_omhdocosactd,116.53824967381,Upregulated
ad_scp21cx,25.6906739363315,Upregulated
ad_succoapet,48.167001357508,Upregulated
ad_dm_taur[c],66.4125381019999,Upregulated
ad_fadh2etc,0.236847578573403,Downregulated
ad_g6pdh2c,8.5850344362187,Upregulated
ad_ptcrtd,0.384239136978672,Downregulated
ad_rtotal2fatpc,30.5337734768429,Upregulated
ad_rtotalfatpc,2.02564496723875,Upregulated
ad_5mtate,77.0442797101616,Upregulated
ad_ahcyste,0.293612961487298,Downregulated
ad_folabccte,25.6906918574499,Upregulated
ad_biomass_maintenance,5.00491629755039,Upregulated
ad_biomass_maintenance_notrtr,26.0070903712185,Upregulated
ad_lps6e,3.53351221356296,Upregulated
ad_pcholmyr_hspla2,29.5299732110102,Upregulated
ad_pcholole_hspla2,29.5300062250635,Upregulated
ad_pcholste_hspla2,29.5299920662968,Upregulated
ad_pcholn204_hspla2,29.5299589921929,Upregulated
ad_pcholn24_hspla2,29.5300030619287,Upregulated
ad_pcholhep_hspla2,29.5299804748802,Upregulated
ad_amett,0.0968240070654924,Downregulated
ad_c14768td,74.7087505713498,Upregulated
ad_c14769td1,74.7087572723001,Upregulated
ad_c14770atp,29.843545940831,Upregulated
ad_c14771atp,29.8435397706296,Upregulated
ad_ce2510t,25.6905901946708,Upregulated
ad_ce2537atp,25.6906291051979,Upregulated
ad_galtt,3.99805343187945,Upregulated
ad_glyclttd,11.3793690188443,Upregulated
ad_ind3act,36.4314368453677,Upregulated
ad_leuktrb4wcooht,37.2093815815065,Upregulated
ad_pac,32.7531199637884,Upregulated
ad_hc02220te,17.8356709521822,Upregulated
ad_argglyglyr,2.97797097126207,Upregulated
ad_glyclttm,11.34398021597,Upregulated
ad_pa_hstm,1780.21775523231,Upregulated
ad_2moptm,29.9738715779755,Upregulated
ad_mmaltm,29.9738715779755,Upregulated
ad_pgpp_hsc,1705.3429234495,Upregulated
ad_r2514m,205.499741013689,Upregulated
ad_unk3r,81.7143696583359,Upregulated
ad_lthstrltr,84.8355176201913,Upregulated
ad_sink_tyr_ggn[c],79.2551426630211,Upregulated
ad_sink_c226coa[c],156.959768563552,Upregulated
ad_sink_chol[c],12.7416100743936,Upregulated
ad_sink_cholate[c],106.761852545025,Upregulated
ad_sink_glygn2[c],79.2551426630211,Upregulated
ad_sink_lnlc[c],47.825861617826,Upregulated
ad_sink_lnlccoa[c],108.625235205841,Upregulated
ad_sink_lnlncgcoa[c],136.188139510316,Upregulated
ad_sink_nad[c],25.0104736081446,Upregulated
ad_sink_pmtcoa[c],143.078937441624,Upregulated
ad_sink_pydx[c],21.5526528429714,Upregulated
ad_sink_retfa[c],36.4075522283978,Upregulated
ad_sink_tmndnc[c],58.1937831315126,Upregulated
ad_sink_tmndnccoa[c],136.907820578091,Upregulated
ad_accoal,25.6906298311712,Upregulated
ad_acs,15.9006513283253,Upregulated
ad_adpt,56.7539079174579,Upregulated
ad_bpnt,32.5990454801818,Upregulated
ad_cbps,18.3099608122467,Upregulated
ad_cpppgo,23.1330599955273,Upregulated
ad_dgk1,55.8565780444859,Upregulated
ad_dhpr,88.0638037510747,Upregulated
ad_dm_atp_c_,25.6906370143227,Upregulated
ad_duripp,7.69885513779424,Upregulated
ad_fba2,22.5238490501253,Upregulated
ad_fcltc,23.6175330083641,Upregulated
ad_fpgs7,62.9649799028011,Upregulated
ad_gf6pta,49.628602647332,Upregulated
ad_ghmt2r,6.27566713761064,Upregulated
ad_gk1,23.5956666544225,Upregulated
ad_glns,23.1804586223541,Upregulated
ad_gmand,29.8058371542564,Upregulated
ad_gtpci,21.1025660273777,Upregulated
ad_hex1,26.7681991171312,Upregulated
ad_hmbs,24.2842320340431,Upregulated
ad_ileta,22.2040571674006,Upregulated
ad_impd,46.233879375206,Upregulated
ad_man1pt2,126.82141886323,Upregulated
ad_mthfc,633.906176715036,Upregulated
ad_mthfd,633.906176715036,Upregulated
ad_nadk,25.6906371075968,Upregulated
ad_ndpk6,2.3030611777996,Upregulated
ad_nnatr,23.6570535250396,Upregulated
ad_o2t,304.374357019679,Upregulated
ad_pgk,598.529047255489,Upregulated
ad_pgm,31.1420665686879,Upregulated
ad_pgmt,20.3649554961753,Upregulated
ad_pntk,43.7792347274677,Upregulated
ad_ppa,26.5689595315138,Upregulated
ad_ppbngs,24.2842584162626,Upregulated
ad_ppcdc,43.7792325719623,Upregulated
ad_punp1,24.7238570388395,Upregulated
ad_punp2,27.9269402157693,Upregulated
ad_punp3,75.952330733292,Upregulated
ad_punp4,23.4544281861255,Upregulated
ad_punp5,27.6866190909081,Upregulated
ad_rndr1,27.9282693534841,Upregulated
ad_spms,22.2359323147696,Upregulated
ad_tkt1,8.59003583340464,Upregulated
ad_tkt2,8.61584188276976,Upregulated
ad_tmdk1,42.917890735661,Upregulated
ad_uag4e,28.6009438721968,Upregulated
ad_uagdp,152.674861470897,Upregulated
ad_udpg4e,7.67440244132661,Upregulated
ad_upp3s,23.1330599955273,Upregulated
ad_uppdc1,23.1330599955273,Upregulated
ad_valta,87.6871780597906,Upregulated
ad_r0082,65.7793197634693,Upregulated
ad_r0220,23.6570464382754,Upregulated
ad_r0318,23.6570464382754,Upregulated
ad_r0398,88.0677266113951,Upregulated
ad_r0422,65.7793197634693,Upregulated
ad_r0671,43.7792315561169,Upregulated
ad_fpgs,25.6906155175141,Upregulated
ad_ntd4,25.6906531306095,Upregulated
ad_ntd5,25.6905567392037,Upregulated
ad_ntd6,27.9282974263029,Upregulated
ad_ntd7,0.0181327050188833,Downregulated
ad_ntd8,27.9282839243854,Upregulated
ad_ntd9,75.9800149097571,Upregulated
ad_ntd10,75.9802414094407,Upregulated
ad_ntd11,27.6866056126331,Upregulated
ad_gcaldd,53.6601342743494,Upregulated
ad_abutd,0.384239287775458,Downregulated
ad_acyp,25.6906468177315,Upregulated
ad_aldd2x,412.436790899829,Upregulated
ad_amank,25.6907390683962,Upregulated
ad_facoal161,23.6570366063455,Upregulated
ad_galk,23.6570440193186,Upregulated
ad_glxo1,21.2905038441036,Upregulated
ad_hex7,22.5238453748395,Upregulated
ad_imactd,36.4314391388981,Upregulated
ad_lcadi,32.1985734867409,Upregulated
ad_mi1pp,287.159382323574,Upregulated
ad_nt5c,25.6906546548291,Upregulated
ad_pydamk,25.6906337520826,Upregulated
ad_pydxnk,25.6906862956213,Upregulated
ad_tmds,31.1418796904377,Upregulated
ad_tyrta,59.8194879081381,Upregulated
ad_r0392,21.5134208540499,Upregulated
ad_fthfl,15.9429866138516,Upregulated
ad_mtri,81.7143696583359,Upregulated
ad_phpyrtm,62.2706015043516,Upregulated
ad_vanilpyrc,16.4217445781306,Upregulated
ad_vanillacc,16.4217445781306,Upregulated
ad_vanillacte,16.4217445781306,Upregulated
ad_2m3ovcoam,8.49730246479494,Upregulated
ad_2m3ovacm,8.49730246479494,Upregulated
ad_2m3ovactm,8.49730246479494,Upregulated
ad_2m3hvacc,8.49730246479494,Upregulated
ad_2m3hvacte,8.49730246479494,Upregulated
ad_3ohsebcoax,51.9365346817837,Upregulated
ad_3ohsebacx,51.9365346817837,Upregulated
ad_3ohsebactxc,51.9365346817837,Upregulated
ad_3ohsebacte,51.9365346817837,Upregulated
ad_3ohsubcoax,52.5550808103015,Upregulated
ad_3ohsubacx,52.5550808103015,Upregulated
ad_3ohsubactxc,52.5550808103015,Upregulated
ad_3ohsubacte,52.5550808103015,Upregulated
ad_caproicc,23.6570377649542,Upregulated
ad_hexglyc,319.297689899209,Upregulated
ad_hexglyte,319.297689899209,Upregulated
ad_ce2510abct,15.1595941998125,Upregulated
ad_ce2537abct,25.6906291051979,Upregulated
ad_pcholhep_hsabct,29.5299804748802,Upregulated
ad_pcholmyr_hsabct,29.5299732110102,Upregulated
ad_pcholn204_hsabct,29.5299589921929,Upregulated
ad_pcholn264_hsabct,29.5300030619287,Upregulated
ad_pcholole_hsabct,29.5300062250635,Upregulated
ad_pcholste_hsabct,29.5299920662968,Upregulated
ad_samhistae,0.0968240070654924,Downregulated
ad_ce2006te,32.8833813965428,Upregulated
ad_tryptate,3.14218239910453,Upregulated
ad_mlthfte1,25.6906302812911,Upregulated
ad_sphgnste,6.84677985353613,Upregulated
ad_udpg4dopa,30.9242111655694,Upregulated
ad_udpg3dopa,30.9242251848432,Upregulated
ad_dopa4glcurt,30.9242111655694,Upregulated
ad_dopa3glcurt,30.9242251848432,Upregulated
ad_ce5026t,25.69065653036,Upregulated
ad_ggte_1,25.69065653036,Upregulated
ad_cysglyptasee_1,25.69065653036,Upregulated
ad_acer11r,20.9792609543686,Upregulated
ad_acer12r,23.6570394822129,Upregulated
ad_acer21g,20.9792634410653,Upregulated
ad_acer22g,23.6570327862005,Upregulated
ad_acer23g,23.6110114284996,Upregulated
ad_acer31r,23.6110014397661,Upregulated
ad_bgal1l,23.1880255223121,Upregulated
ad_des21,23.6110295006845,Upregulated
ad_neu11l,23.1880255223121,Upregulated
ad_neu21,23.6570493507349,Upregulated
ad_neu23,23.6570410421089,Upregulated
ad_sphk11,23.6110128129351,Upregulated
ad_udpgalt2r,54.2521989791437,Upregulated
ad_phcrmtg,23.6110114284996,Upregulated
ad_phcrmter,23.6110014397661,Upregulated
ad_dhcrmtg,23.6570327862005,Upregulated
ad_dhcrmter,23.6570394822129,Upregulated
ad_phsphingstg,23.6110114284996,Upregulated
ad_phsphingstr,23.6110014397661,Upregulated
ad_gd1atg,24.44239789567,Upregulated
ad_atptg,25.6906404021552,Upregulated
ad_dm_pail35p_hs[n],10.7670099040955,Upregulated
ad_dm_pcreat[c],33.2540830883013,Upregulated
ad_hmr_0168,23.6570377649542,Upregulated
ad_hmr_0177,38.8768329814135,Upregulated
ad_hmr_0178,38.8768329814135,Upregulated
ad_hmr_0188,25.9038185866158,Upregulated
ad_hmr_0189,272.751632548705,Upregulated
ad_hmr_0191,25.690649323337,Upregulated
ad_hmr_0192,23.6570283861095,Upregulated
ad_hmr_0193,23.6570283861095,Upregulated
ad_hmr_0194,25.690649323337,Upregulated
ad_hmr_0197,39.7567365191145,Upregulated
ad_hmr_0200,26.2209001973337,Upregulated
ad_hmr_0201,36.3785936045624,Upregulated
ad_hmr_0203,25.6906461515206,Upregulated
ad_hmr_0204,23.657007853437,Upregulated
ad_hmr_0206,23.657007853437,Upregulated
ad_hmr_0207,25.6906461515206,Upregulated
ad_hmr_0208,25.6906631193306,Upregulated
ad_hmr_0209,23.6570458415934,Upregulated
ad_hmr_0210,23.6570228489828,Upregulated
ad_hmr_0211,25.6906392812039,Upregulated
ad_hmr_0214,23.6570427479891,Upregulated
ad_hmr_0230,69.1083423369321,Upregulated
ad_hmr_0232,25.6906439078788,Upregulated
ad_hmr_0233,23.6570494300363,Upregulated
ad_hmr_0234,23.6570494300363,Upregulated
ad_hmr_0235,25.6906439078788,Upregulated
ad_hmr_0238,23.6570455606877,Upregulated
ad_hmr_0240,25.6908351986088,Upregulated
ad_hmr_0241,23.6570357397734,Upregulated
ad_hmr_0242,23.6570357397734,Upregulated
ad_hmr_0243,25.6908351986088,Upregulated
ad_hmr_0244,25.6908352997874,Upregulated
ad_hmr_0245,23.6570356113064,Upregulated
ad_hmr_0246,23.6570356113064,Upregulated
ad_hmr_0247,25.6908352997874,Upregulated
ad_hmr_0254,25.6908157117495,Upregulated
ad_hmr_0255,23.6570530864191,Upregulated
ad_hmr_0256,23.6570530864191,Upregulated
ad_hmr_0257,25.6908157117495,Upregulated
ad_hmr_0259,23.6570339525987,Upregulated
ad_hmr_0260,23.6570496701398,Upregulated
ad_hmr_0267,23.6570469132585,Upregulated
ad_hmr_0268,23.6570493883589,Upregulated
ad_hmr_0270,25.6906434114523,Upregulated
ad_hmr_0271,27.4556862444114,Upregulated
ad_hmr_0272,27.4556862444114,Upregulated
ad_hmr_0273,25.6906434114523,Upregulated
ad_hmr_0276,23.6570426317722,Upregulated
ad_hmr_0278,25.6906445508459,Upregulated
ad_hmr_0279,23.6570470282915,Upregulated
ad_hmr_0280,23.6570470282915,Upregulated
ad_hmr_0281,25.6906445508459,Upregulated
ad_hmr_0288,25.6906445508459,Upregulated
ad_hmr_0289,23.6570469479996,Upregulated
ad_hmr_0290,23.6570469479996,Upregulated
ad_hmr_0291,25.6906445508459,Upregulated
ad_hmr_0292,9.6577314864763,Upregulated
ad_hmr_0296,25.6906605180748,Upregulated
ad_hmr_0297,23.6570226694708,Upregulated
ad_hmr_0298,23.6570226694708,Upregulated
ad_hmr_0299,25.6906605180748,Upregulated
ad_hmr_0300,25.6906308111282,Upregulated
ad_hmr_0301,23.6570357757887,Upregulated
ad_hmr_0302,23.6570357757887,Upregulated
ad_hmr_0303,25.6906308111282,Upregulated
ad_hmr_0304,25.6906308111282,Upregulated
ad_hmr_0305,23.6570374853095,Upregulated
ad_hmr_0306,23.6570374853095,Upregulated
ad_hmr_0307,25.6906308111282,Upregulated
ad_hmr_0308,25.6906304401806,Upregulated
ad_hmr_0309,23.6570440384748,Upregulated
ad_hmr_0310,23.6570440384748,Upregulated
ad_hmr_0311,25.6906304401806,Upregulated
ad_hmr_0319,23.657042329069,Upregulated
ad_hmr_0322,25.6906337821653,Upregulated
ad_hmr_0323,23.6570325466945,Upregulated
ad_hmr_0324,23.6570325466945,Upregulated
ad_hmr_0325,25.6906337821653,Upregulated
ad_hmr_0326,25.6906487486223,Upregulated
ad_hmr_0327,23.6570332540344,Upregulated
ad_hmr_0328,23.6570330161698,Upregulated
ad_hmr_0329,25.6906525796044,Upregulated
ad_hmr_0342,23.6570320562994,Upregulated
ad_hmr_0344,25.6906357791848,Upregulated
ad_hmr_0345,23.657047204613,Upregulated
ad_hmr_0346,23.657047204613,Upregulated
ad_hmr_0347,25.6906357791848,Upregulated
ad_hmr_0350,307.542611634483,Upregulated
ad_hmr_0358,23.6570393209931,Upregulated
ad_hmr_0362,55.6365619234136,Upregulated
ad_hmr_0366,23.6570506678182,Upregulated
ad_hmr_0370,23.6570393682475,Upregulated
ad_hmr_0374,23.6570297759392,Upregulated
ad_hmr_0378,23.6570488874099,Upregulated
ad_hmr_0380,25.6906261422925,Upregulated
ad_hmr_0381,23.6570514145201,Upregulated
ad_hmr_0382,23.6570514145201,Upregulated
ad_hmr_0383,25.6906261422925,Upregulated
ad_hmr_0384,25.690626756586,Upregulated
ad_hmr_0385,23.6570508108253,Upregulated
ad_hmr_0386,23.6570508108253,Upregulated
ad_hmr_0387,25.690626756586,Upregulated
ad_hmr_0388,25.690619329959,Upregulated
ad_hmr_0389,23.6570522152261,Upregulated
ad_hmr_0390,23.6570522152261,Upregulated
ad_hmr_0391,25.690619329959,Upregulated
ad_hmr_0392,25.690619329959,Upregulated
ad_hmr_0393,23.6570369503397,Upregulated
ad_hmr_0394,23.6570369503397,Upregulated
ad_hmr_0395,25.690619329959,Upregulated
ad_hmr_0398,55.6366152379614,Upregulated
ad_hmr_0402,55.6365723343949,Upregulated
ad_hmr_0406,130.157405530398,Upregulated
ad_hmr_0414,23.6570503654626,Upregulated
ad_hmr_0418,23.6570393682475,Upregulated
ad_hmr_0422,23.6570299903435,Upregulated
ad_hmr_0426,23.6570393485446,Upregulated
ad_hmr_0428,25.6906175090361,Upregulated
ad_hmr_0429,23.6570327544905,Upregulated
ad_hmr_0430,23.6570327544905,Upregulated
ad_hmr_0431,25.6906175090361,Upregulated
ad_hmr_0432,25.6906058875353,Upregulated
ad_hmr_0433,23.6570294540974,Upregulated
ad_hmr_0434,23.6570294540974,Upregulated
ad_hmr_0435,25.6906058875353,Upregulated
ad_hmr_0436,25.6906661361089,Upregulated
ad_hmr_0437,23.6570465237577,Upregulated
ad_hmr_0438,23.6570465237577,Upregulated
ad_hmr_0439,25.6906661361089,Upregulated
ad_hmr_0586,2131.60503871313,Upregulated
ad_hmr_0593,23.7576869584617,Upregulated
ad_hmr_0597,18.7093214325376,Upregulated
ad_hmr_0598,24.9254514922063,Upregulated
ad_hmr_0601,23.7576869584617,Upregulated
ad_hmr_0614,28.7261135591079,Upregulated
ad_hmr_0625,18.7093214325376,Upregulated
ad_hmr_0629,18.7093214325376,Upregulated
ad_hmr_0642,24.9254514922063,Upregulated
ad_hmr_0672,23.7576869584617,Upregulated
ad_hmr_0678,23.7576869584617,Upregulated
ad_hmr_0750,6.84677890309796,Upregulated
ad_hmr_0758,6.84682032254582,Upregulated
ad_hmr_0761,29.805818667325,Upregulated
ad_hmr_0765,29.805818667325,Upregulated
ad_hmr_0767,25.6906111220253,Upregulated
ad_hmr_0775,25.6906292263404,Upregulated
ad_hmr_0795,202.216902662686,Upregulated
ad_hmr_0806,23.6570474266633,Upregulated
ad_hmr_0807,3.91286520174952,Upregulated
ad_hmr_0808,23.6570474266633,Upregulated
ad_hmr_0815,23.6570350729651,Upregulated
ad_hmr_0817,22.8248136440177,Upregulated
ad_hmr_0821,23.6570480113015,Upregulated
ad_hmr_0823,22.82481671719,Upregulated
ad_hmr_0827,23.6570425636909,Upregulated
ad_hmr_0828,23.6570425636909,Upregulated
ad_hmr_0831,23.1880255223121,Upregulated
ad_hmr_0835,23.1880255223121,Upregulated
ad_hmr_0836,23.1880255223121,Upregulated
ad_hmr_0837,23.65704098189,Upregulated
ad_hmr_0844,23.6570410421089,Upregulated
ad_hmr_0942,74.7087505713498,Upregulated
ad_hmr_0946,74.7087572723001,Upregulated
ad_hmr_0950,29.843545940831,Upregulated
ad_hmr_0954,29.8435397706296,Upregulated
ad_hmr_0960,766.808046704461,Upregulated
ad_hmr_0962,30.2487187429499,Upregulated
ad_hmr_0963,30.2487187429499,Upregulated
ad_hmr_1126,38.5424822842233,Upregulated
ad_hmr_1127,30.2487187429499,Upregulated
ad_hmr_1129,38.5424822842233,Upregulated
ad_hmr_1543,44.8738971865678,Upregulated
ad_hmr_1544,44.8738971865678,Upregulated
ad_hmr_1545,44.8738971865678,Upregulated
ad_hmr_1546,44.8738971865678,Upregulated
ad_hmr_1547,44.8738971865678,Upregulated
ad_hmr_1548,44.8738971865678,Upregulated
ad_hmr_1549,44.8738971865678,Upregulated
ad_hmr_1550,44.8738971865678,Upregulated
ad_hmr_1551,44.8738971865678,Upregulated
ad_hmr_1552,44.8738971865678,Upregulated
ad_hmr_1627,49.2279413634116,Upregulated
ad_hmr_1629,30.4984771136864,Upregulated
ad_hmr_1630,65.9973534874239,Upregulated
ad_hmr_1637,65.9974580824916,Upregulated
ad_hmr_1651,65.9974782703165,Upregulated
ad_hmr_1653,65.9974782703165,Upregulated
ad_hmr_1666,27.0187460167468,Upregulated
ad_hmr_1706,79.0739083920741,Upregulated
ad_hmr_1916,25.6905586780136,Upregulated
ad_hmr_2190,4835.17735868281,Upregulated
ad_hmr_2193,4835.17735868281,Upregulated
ad_hmr_2211,181.704918199082,Upregulated
ad_hmr_2215,135.037711090316,Upregulated
ad_hmr_2217,135.03771119578,Upregulated
ad_hmr_2218,135.03771119578,Upregulated
ad_hmr_2219,135.03771119578,Upregulated
ad_hmr_2259,288.648731845959,Upregulated
ad_hmr_2260,288.648731845959,Upregulated
ad_hmr_2261,288.648731845959,Upregulated
ad_hmr_2262,288.648731845959,Upregulated
ad_hmr_2263,288.648809579971,Upregulated
ad_hmr_2264,288.648809579971,Upregulated
ad_hmr_2265,288.648809579971,Upregulated
ad_hmr_2266,288.648809579971,Upregulated
ad_hmr_2284,97.5871222246875,Upregulated
ad_hmr_2286,110.066242686219,Upregulated
ad_hmr_2287,145.216420958141,Upregulated
ad_hmr_2292,36.0195990630747,Upregulated
ad_hmr_2293,241.592398610804,Upregulated
ad_hmr_2294,86.9189849858358,Upregulated
ad_hmr_2295,74.4671747189916,Upregulated
ad_hmr_2296,89.3535091988475,Upregulated
ad_hmr_2332,513.989242278315,Upregulated
ad_hmr_2334,513.989242278315,Upregulated
ad_hmr_2336,513.989242278315,Upregulated
ad_hmr_2338,513.989242278315,Upregulated
ad_hmr_2342,288.648847673984,Upregulated
ad_hmr_2343,288.648847673984,Upregulated
ad_hmr_2344,288.648847673984,Upregulated
ad_hmr_2345,288.648847673984,Upregulated
ad_hmr_2347,169.237886576871,Upregulated
ad_hmr_2348,169.237886576871,Upregulated
ad_hmr_2349,169.237886576871,Upregulated
ad_hmr_2350,169.237886576871,Upregulated
ad_hmr_2353,178.856133491991,Upregulated
ad_hmr_2354,178.856133491991,Upregulated
ad_hmr_2355,178.856133491991,Upregulated
ad_hmr_2356,178.856133491991,Upregulated
ad_hmr_2359,132.828318432389,Upregulated
ad_hmr_2361,171.561599216938,Upregulated
ad_hmr_2362,171.561599216938,Upregulated
ad_hmr_2363,171.561599216938,Upregulated
ad_hmr_2364,171.561599216938,Upregulated
ad_hmr_2365,146.888873771822,Upregulated
ad_hmr_2368,103.850805469196,Upregulated
ad_hmr_2391,52.1753784845046,Upregulated
ad_hmr_2395,110.547777623977,Upregulated
ad_hmr_2433,2019.78106995086,Upregulated
ad_hmr_2434,2019.78106995086,Upregulated
ad_hmr_2435,2019.78106995086,Upregulated
ad_hmr_2436,2019.78106995086,Upregulated
ad_hmr_2440,32.8833813965428,Upregulated
ad_hmr_2457,9.06684761555554,Upregulated
ad_hmr_2472,102.535957508939,Upregulated
ad_hmr_2484,131.313134961046,Upregulated
ad_hmr_2530,175.67861522452,Upregulated
ad_hmr_2533,175.67861522452,Upregulated
ad_hmr_2535,175.67861522452,Upregulated
ad_hmr_2537,175.67861522452,Upregulated
ad_hmr_2540,189.440063162283,Upregulated
ad_hmr_2541,189.440063162283,Upregulated
ad_hmr_2542,189.440063162283,Upregulated
ad_hmr_2543,189.440063162283,Upregulated
ad_hmr_2581,120.002799306733,Upregulated
ad_hmr_2620,81.4660319758009,Upregulated
ad_hmr_2621,81.4660319758009,Upregulated
ad_hmr_2622,81.4660319758009,Upregulated
ad_hmr_2633,145.21637531368,Upregulated
ad_hmr_2635,175.139693880389,Upregulated
ad_hmr_2657,36.0196196989958,Upregulated
ad_hmr_2660,280.012850802242,Upregulated
ad_hmr_2661,280.012850802242,Upregulated
ad_hmr_2662,280.012850802242,Upregulated
ad_hmr_2669,157.770242611603,Upregulated
ad_hmr_2675,288.64875174521,Upregulated
ad_hmr_2676,288.64875174521,Upregulated
ad_hmr_2677,288.64875174521,Upregulated
ad_hmr_2681,288.648847673984,Upregulated
ad_hmr_2684,261.921462069865,Upregulated
ad_hmr_2685,261.921462069865,Upregulated
ad_hmr_2686,261.921462069865,Upregulated
ad_hmr_2687,169.236971873743,Upregulated
ad_hmr_2690,171.561796567049,Upregulated
ad_hmr_2691,171.561796567049,Upregulated
ad_hmr_2693,146.888873771822,Upregulated
ad_hmr_2695,146.888873771822,Upregulated
ad_hmr_2701,288.648814489261,Upregulated
ad_hmr_2704,288.671617791898,Upregulated
ad_hmr_2705,288.648842327626,Upregulated
ad_hmr_2708,178.856133491991,Upregulated
ad_hmr_2733,175.678557342831,Upregulated
ad_hmr_2734,175.678557342831,Upregulated
ad_hmr_2736,189.440063162283,Upregulated
ad_hmr_2737,189.440063162283,Upregulated
ad_hmr_2739,178.808156176679,Upregulated
ad_hmr_2740,178.808156176679,Upregulated
ad_hmr_2768,184.877545820647,Upregulated
ad_hmr_2771,2019.78106994191,Upregulated
ad_hmr_2772,2019.78106994191,Upregulated
ad_hmr_2774,189.440200580386,Upregulated
ad_hmr_2775,189.440200580386,Upregulated
ad_hmr_2821,38.4530244954718,Upregulated
ad_hmr_2827,38.4530244954718,Upregulated
ad_hmr_2857,24.3588479723202,Upregulated
ad_hmr_2861,13.6014684581074,Upregulated
ad_hmr_2862,13.6014684581074,Upregulated
ad_hmr_2866,2.68205686934493,Upregulated
ad_hmr_2942,23.6570488579309,Upregulated
ad_hmr_2943,23.6570488579309,Upregulated
ad_hmr_2944,23.6570488579309,Upregulated
ad_hmr_2945,23.6570488579309,Upregulated
ad_hmr_2946,23.6570488579309,Upregulated
ad_hmr_2947,23.6570488579309,Upregulated
ad_hmr_2948,23.6570488579309,Upregulated
ad_hmr_2951,23.6570488579309,Upregulated
ad_hmr_2954,23.6570488579309,Upregulated
ad_hmr_2955,23.6570488579309,Upregulated
ad_hmr_2956,23.6570488579309,Upregulated
ad_hmr_2961,23.6570488579309,Upregulated
ad_hmr_2962,23.6570488579309,Upregulated
ad_hmr_2963,23.6570488579309,Upregulated
ad_hmr_2964,23.6570488579309,Upregulated
ad_hmr_2965,23.6570488579309,Upregulated
ad_hmr_2966,23.6570488579309,Upregulated
ad_hmr_2967,23.6570443232931,Upregulated
ad_hmr_2968,23.6570488579309,Upregulated
ad_hmr_2969,23.6570488579309,Upregulated
ad_hmr_2970,23.6570488579309,Upregulated
ad_hmr_2971,23.6570515171882,Upregulated
ad_hmr_2972,23.6570488579309,Upregulated
ad_hmr_2973,23.6570546647218,Upregulated
ad_hmr_2974,23.6570400750556,Upregulated
ad_hmr_2975,23.6570445374296,Upregulated
ad_hmr_2976,23.6570445374296,Upregulated
ad_hmr_2977,23.6570445374296,Upregulated
ad_hmr_2978,23.6570400750556,Upregulated
ad_hmr_2979,23.6570445374296,Upregulated
ad_hmr_2980,23.6570445374296,Upregulated
ad_hmr_2982,38.4529329951973,Upregulated
ad_hmr_2983,23.6570344233349,Upregulated
ad_hmr_2985,23.6570344233349,Upregulated
ad_hmr_2986,23.6570647987909,Upregulated
ad_hmr_2988,23.6570647987909,Upregulated
ad_hmr_2989,23.6570647987909,Upregulated
ad_hmr_2990,23.6570647987909,Upregulated
ad_hmr_2994,23.6570620938512,Upregulated
ad_hmr_2998,23.6570344072765,Upregulated
ad_hmr_2999,23.6570647987909,Upregulated
ad_hmr_3001,23.6570647987909,Upregulated
ad_hmr_3002,23.6570344072765,Upregulated
ad_hmr_3003,23.6570556813284,Upregulated
ad_hmr_3021,121.470630467352,Upregulated
ad_hmr_3023,513.989242278315,Upregulated
ad_hmr_3053,121.470630467352,Upregulated
ad_hmr_3057,135.03771119578,Upregulated
ad_hmr_3058,135.03771119578,Upregulated
ad_hmr_3059,135.03771119578,Upregulated
ad_hmr_3062,135.037690155023,Upregulated
ad_hmr_3063,135.037690155023,Upregulated
ad_hmr_3064,135.037690155023,Upregulated
ad_hmr_3065,135.037690155023,Upregulated
ad_hmr_3066,135.037690155023,Upregulated
ad_hmr_3067,135.037690155023,Upregulated
ad_hmr_3068,135.037690155023,Upregulated
ad_hmr_3069,135.037690155023,Upregulated
ad_hmr_3070,134.990753690822,Upregulated
ad_hmr_3071,134.990753690822,Upregulated
ad_hmr_3072,134.990753690822,Upregulated
ad_hmr_3073,134.990753690822,Upregulated
ad_hmr_3074,134.990753690822,Upregulated
ad_hmr_3075,134.990753690822,Upregulated
ad_hmr_3076,134.990753690822,Upregulated
ad_hmr_3094,158.531016169133,Upregulated
ad_hmr_3095,158.531016169133,Upregulated
ad_hmr_3096,158.531016169133,Upregulated
ad_hmr_3097,158.531016169133,Upregulated
ad_hmr_3098,317.145414739425,Upregulated
ad_hmr_3099,73.954657138027,Upregulated
ad_hmr_3100,73.954657138027,Upregulated
ad_hmr_3101,73.954657138027,Upregulated
ad_hmr_3107,288.671617791898,Upregulated
ad_hmr_3108,288.671617791898,Upregulated
ad_hmr_3109,288.671617791898,Upregulated
ad_hmr_3110,288.671617791898,Upregulated
ad_hmr_3111,288.64878688818,Upregulated
ad_hmr_3112,288.64878688818,Upregulated
ad_hmr_3113,288.64878688818,Upregulated
ad_hmr_3114,288.64878688818,Upregulated
ad_hmr_3170,288.648814489261,Upregulated
ad_hmr_3171,288.648814489261,Upregulated
ad_hmr_3172,288.648814489261,Upregulated
ad_hmr_3173,288.648814489261,Upregulated
ad_hmr_3174,288.648711292875,Upregulated
ad_hmr_3175,288.648711292875,Upregulated
ad_hmr_3176,288.648711292875,Upregulated
ad_hmr_3177,288.648711292875,Upregulated
ad_hmr_3194,39.4094448047581,Upregulated
ad_hmr_3195,39.4094448047581,Upregulated
ad_hmr_3196,39.4094448047581,Upregulated
ad_hmr_3197,39.4094448047581,Upregulated
ad_hmr_3198,39.4094448047581,Upregulated
ad_hmr_3199,39.4094448047581,Upregulated
ad_hmr_3200,39.4094448047581,Upregulated
ad_hmr_3201,39.4094448047581,Upregulated
ad_hmr_3202,39.4094448047581,Upregulated
ad_hmr_3203,39.4094448047581,Upregulated
ad_hmr_3204,39.4094448047581,Upregulated
ad_hmr_3205,39.4094448047581,Upregulated
ad_hmr_3218,288.648842327626,Upregulated
ad_hmr_3219,288.648842327626,Upregulated
ad_hmr_3220,288.648842327626,Upregulated
ad_hmr_3221,288.648842327626,Upregulated
ad_hmr_3222,239.65345001601,Upregulated
ad_hmr_3223,239.65345001601,Upregulated
ad_hmr_3224,239.65345001601,Upregulated
ad_hmr_3225,239.65345001601,Upregulated
ad_hmr_3229,95.3045875949902,Upregulated
ad_hmr_3230,310.221664589709,Upregulated
ad_hmr_3231,310.221664589709,Upregulated
ad_hmr_3232,310.221664589709,Upregulated
ad_hmr_3233,310.221664589709,Upregulated
ad_hmr_3234,259.452668298128,Upregulated
ad_hmr_3235,259.452668298128,Upregulated
ad_hmr_3236,259.452668298128,Upregulated
ad_hmr_3237,259.452668298128,Upregulated
ad_hmr_3240,288.648847673984,Upregulated
ad_hmr_3241,288.648847673984,Upregulated
ad_hmr_3242,288.648847673984,Upregulated
ad_hmr_3243,288.648847673984,Upregulated
ad_hmr_3244,241.592502363024,Upregulated
ad_hmr_3245,241.592502363024,Upregulated
ad_hmr_3246,241.592502363024,Upregulated
ad_hmr_3247,241.592502363024,Upregulated
ad_hmr_3296,150.189045705604,Upregulated
ad_hmr_3321,28.894402471439,Upregulated
ad_hmr_3322,79.6441613094147,Upregulated
ad_hmr_3326,513.989242278315,Upregulated
ad_hmr_3327,513.989242278315,Upregulated
ad_hmr_3328,513.989242278315,Upregulated
ad_hmr_3329,513.989242278315,Upregulated
ad_hmr_3330,171.389404167079,Upregulated
ad_hmr_3331,171.389404167079,Upregulated
ad_hmr_3332,171.389404167079,Upregulated
ad_hmr_3333,171.389404167079,Upregulated
ad_hmr_3334,171.389404167079,Upregulated
ad_hmr_3335,171.389404167079,Upregulated
ad_hmr_3336,171.389404167079,Upregulated
ad_hmr_3337,171.389404167079,Upregulated
ad_hmr_3338,171.389404167079,Upregulated
ad_hmr_3339,171.389404167079,Upregulated
ad_hmr_3340,171.389404167079,Upregulated
ad_hmr_3341,171.389404167079,Upregulated
ad_hmr_3342,107.641545551968,Upregulated
ad_hmr_3343,107.641545551968,Upregulated
ad_hmr_3344,107.641545551968,Upregulated
ad_hmr_3345,107.641545551968,Upregulated
ad_hmr_3346,107.641545551968,Upregulated
ad_hmr_3347,107.641545551968,Upregulated
ad_hmr_3348,107.641545551968,Upregulated
ad_hmr_3349,107.641545551968,Upregulated
ad_hmr_3350,107.641545551968,Upregulated
ad_hmr_3351,107.641545551968,Upregulated
ad_hmr_3352,107.641545551968,Upregulated
ad_hmr_3353,107.641545551968,Upregulated
ad_hmr_3398,62.8484552282622,Upregulated
ad_hmr_3406,157.770320358677,Upregulated
ad_hmr_3407,192.873211286433,Upregulated
ad_hmr_3408,157.770242611603,Upregulated
ad_hmr_3409,159.124073977161,Upregulated
ad_hmr_3411,169.236971873743,Upregulated
ad_hmr_3413,171.561796567049,Upregulated
ad_hmr_3414,146.888873771822,Upregulated
ad_hmr_3416,178.856133491991,Upregulated
ad_hmr_3421,154.903785025556,Upregulated
ad_hmr_3422,132.067951229618,Upregulated
ad_hmr_3423,184.877545820647,Upregulated
ad_hmr_3424,2019.78106995086,Upregulated
ad_hmr_3425,189.440200580386,Upregulated
ad_hmr_3426,157.484394354163,Upregulated
ad_hmr_3427,162.918586073131,Upregulated
ad_hmr_3428,144.5178307381,Upregulated
ad_hmr_3429,158.239104997127,Upregulated
ad_hmr_3431,175.678557342831,Upregulated
ad_hmr_3432,189.440063162283,Upregulated
ad_hmr_3433,178.808156176679,Upregulated
ad_hmr_3446,75.1475768292623,Upregulated
ad_hmr_3447,75.1475768292623,Upregulated
ad_hmr_3448,288.649025385832,Upregulated
ad_hmr_3449,288.648742640597,Upregulated
ad_hmr_3450,288.648742640597,Upregulated
ad_hmr_3451,288.648742640597,Upregulated
ad_hmr_3452,105.59307339015,Upregulated
ad_hmr_3453,105.59307339015,Upregulated
ad_hmr_3454,105.59307339015,Upregulated
ad_hmr_3456,105.59307339015,Upregulated
ad_hmr_3457,105.59307339015,Upregulated
ad_hmr_3491,25.0882392982979,Upregulated
ad_hmr_3625,23.6570488579309,Upregulated
ad_hmr_3626,23.6570488579309,Upregulated
ad_hmr_3627,23.6570488579309,Upregulated
ad_hmr_3628,23.6570488579309,Upregulated
ad_hmr_3629,23.6570488579309,Upregulated
ad_hmr_3630,23.6570488579309,Upregulated
ad_hmr_3631,23.6570488579309,Upregulated
ad_hmr_3633,23.6570488579309,Upregulated
ad_hmr_3635,23.6570488579309,Upregulated
ad_hmr_3636,23.6570488579309,Upregulated
ad_hmr_3637,23.6570488579309,Upregulated
ad_hmr_3639,23.6570488579309,Upregulated
ad_hmr_3640,23.6570488579309,Upregulated
ad_hmr_3642,23.6570488579309,Upregulated
ad_hmr_3644,23.6570488579309,Upregulated
ad_hmr_3645,23.6570488579309,Upregulated
ad_hmr_3646,23.6570488579309,Upregulated
ad_hmr_3647,23.6570488579309,Upregulated
ad_hmr_3648,23.6570443232931,Upregulated
ad_hmr_3649,23.6570488579309,Upregulated
ad_hmr_3650,23.6570488579309,Upregulated
ad_hmr_3651,23.6570515171882,Upregulated
ad_hmr_3652,23.6570488579309,Upregulated
ad_hmr_3654,23.6570400750556,Upregulated
ad_hmr_3655,23.6570445374296,Upregulated
ad_hmr_3656,23.6570445374296,Upregulated
ad_hmr_3657,23.6570445374296,Upregulated
ad_hmr_3658,23.6570400750556,Upregulated
ad_hmr_3659,23.6570445374296,Upregulated
ad_hmr_3660,23.6570445374296,Upregulated
ad_hmr_3662,9.03011179879346,Upregulated
ad_hmr_3663,23.6570344233349,Upregulated
ad_hmr_3664,6.1174320135423,Upregulated
ad_hmr_3665,23.6570344233349,Upregulated
ad_hmr_3666,23.6570647987909,Upregulated
ad_hmr_3667,23.657050846622,Upregulated
ad_hmr_3668,23.6570647987909,Upregulated
ad_hmr_3669,23.6570647987909,Upregulated
ad_hmr_3670,23.6570647987909,Upregulated
ad_hmr_3675,23.6570620938512,Upregulated
ad_hmr_3677,23.6570344072765,Upregulated
ad_hmr_3678,23.6570647987909,Upregulated
ad_hmr_3679,23.657049644444,Upregulated
ad_hmr_3680,23.6570647987909,Upregulated
ad_hmr_3681,23.6570344072765,Upregulated
ad_hmr_3682,23.6570556813284,Upregulated
ad_hmr_3684,23.6570488579309,Upregulated
ad_hmr_3685,23.6570488579309,Upregulated
ad_hmr_3686,23.6570488579309,Upregulated
ad_hmr_3687,23.6570488579309,Upregulated
ad_hmr_3688,23.6570488579309,Upregulated
ad_hmr_3689,23.6570488579309,Upregulated
ad_hmr_3690,23.6570488579309,Upregulated
ad_hmr_3692,23.6570488579309,Upregulated
ad_hmr_3694,23.6570488579309,Upregulated
ad_hmr_3695,23.6570488579309,Upregulated
ad_hmr_3696,23.6570488579309,Upregulated
ad_hmr_3698,23.6570488579309,Upregulated
ad_hmr_3699,23.6570488579309,Upregulated
ad_hmr_3701,23.6570488579309,Upregulated
ad_hmr_3703,23.6570488579309,Upregulated
ad_hmr_3704,23.6570488579309,Upregulated
ad_hmr_3705,23.6570488579309,Upregulated
ad_hmr_3706,23.6570488579309,Upregulated
ad_hmr_3707,23.6570443232931,Upregulated
ad_hmr_3708,23.6570488579309,Upregulated
ad_hmr_3709,23.6570488579309,Upregulated
ad_hmr_3710,23.6570515171882,Upregulated
ad_hmr_3711,23.6570488579309,Upregulated
ad_hmr_3713,23.6570400750556,Upregulated
ad_hmr_3714,23.6570445374296,Upregulated
ad_hmr_3715,23.6570445374296,Upregulated
ad_hmr_3716,23.6570445374296,Upregulated
ad_hmr_3717,23.6570400750556,Upregulated
ad_hmr_3718,23.6570445374296,Upregulated
ad_hmr_3719,23.6570445374296,Upregulated
ad_hmr_3721,9.03011179879346,Upregulated
ad_hmr_3722,23.6570344233349,Upregulated
ad_hmr_3723,6.1174320135423,Upregulated
ad_hmr_3724,23.6570344233349,Upregulated
ad_hmr_3725,23.6570647987909,Upregulated
ad_hmr_3726,23.657050846622,Upregulated
ad_hmr_3727,23.6570647987909,Upregulated
ad_hmr_3728,23.6570647987909,Upregulated
ad_hmr_3729,23.6570647987909,Upregulated
ad_hmr_3734,23.6570620938512,Upregulated
ad_hmr_3736,23.6570344072765,Upregulated
ad_hmr_3737,23.6570647987909,Upregulated
ad_hmr_3738,23.657049644444,Upregulated
ad_hmr_3739,23.6570647987909,Upregulated
ad_hmr_3740,23.6570344072765,Upregulated
ad_hmr_3741,23.6570556813284,Upregulated
ad_hmr_3831,25.6921722394792,Upregulated
ad_hmr_3953,0.251709177070759,Downregulated
ad_hmr_4078,22.3580047238752,Upregulated
ad_hmr_4079,22.3580203773958,Upregulated
ad_hmr_4124,25.141958283765,Upregulated
ad_hmr_4182,2.28845262129781,Upregulated
ad_hmr_4270,25.6906004092882,Upregulated
ad_hmr_4422,0.384239136965945,Downregulated
ad_hmr_4592,25.8910227864061,Upregulated
ad_hmr_4756,23.0540496621223,Upregulated
ad_hmr_4764,23.6173679319555,Upregulated
ad_hmr_4964,11.2799497990094,Upregulated
ad_hmr_5301,2.28845255083881,Upregulated
ad_hmr_5387,81.7143696583359,Upregulated
ad_hmr_5389,81.7143696583359,Upregulated
ad_hmr_5420,23.0540496621223,Upregulated
ad_hmr_5996,0.01,Downregulated
ad_hmr_6515,83.6921677598189,Upregulated
ad_hmr_6545,25.690607313925,Upregulated
ad_hmr_6550,25.6906423496049,Upregulated
ad_hmr_6558,25.6906450474291,Upregulated
ad_hmr_6566,25.6906347554877,Upregulated
ad_hmr_6584,25.6906404021552,Upregulated
ad_hmr_6595,25.6906388539454,Upregulated
ad_hmr_6747,37.3993440116055,Upregulated
ad_hmr_7198,25.141958283765,Upregulated
ad_hmr_7628,42.4550921427,Upregulated
ad_hmr_7652,25.6906469840915,Upregulated
ad_hmr_7703,215.737474117041,Upregulated
ad_hmr_7711,0.0181327054840062,Downregulated
ad_hmr_7715,25.6906577511023,Upregulated
ad_hmr_7720,25.6906286817421,Upregulated
ad_hmr_7724,25.6906639401824,Upregulated
ad_hmr_7727,75.9800412325885,Upregulated
ad_hmr_7756,42.4550921427,Upregulated
ad_hmr_7758,43.1910105030054,Upregulated
ad_hmr_8505,31.427915941005,Upregulated
ad_hmr_8562,34.4425682079056,Upregulated
ad_hmr_8776,11.34398021597,Upregulated
ad_hmr_9627,29.805818667325,Upregulated
ad_hmr_9639,182.752233049377,Upregulated
ad_hmr_9652,58.25193549046,Upregulated
ad_hmr_9676,34.4425682079056,Upregulated
ad_hmr_9678,544.68034814936,Upregulated
ad_hmr_9719,144.517870544651,Upregulated
ad_hmr_2957,23.6570385364372,Upregulated
ad_hmr_6580,25.6906404021552,Upregulated
ad_hmr_1635,65.9974580824916,Upregulated
ad_hmr_1644,65.9974782703165,Upregulated
ad_ca3sabc,25.6906305509221,Upregulated
ad_ca3st,25.6906305509221,Upregulated
ad_dca3sabc,25.6905773735506,Upregulated
ad_dca3st,25.6905773735506,Upregulated
ad_gca3sabc,25.6905773735506,Upregulated
ad_gca3st,25.6905773735506,Upregulated
ad_gcdca3sabc,25.6906299168559,Upregulated
ad_gcdca3st,25.6906299168559,Upregulated
ad_gdca3sabc,25.6906299168559,Upregulated
ad_gdca3st,25.6906299168559,Upregulated
ad_gudca3sabc,25.6906299168559,Upregulated
ad_gudca3st,25.6906299168559,Upregulated
ad_lca3sabc,25.6906299168559,Upregulated
ad_lca3st,25.6906299168559,Upregulated
ad_tca3sabc,25.6906285605919,Upregulated
ad_tca3st,25.6906285605919,Upregulated
ad_tcdca3sabc,25.6906318368247,Upregulated
ad_tcdca3st,25.6906318368247,Upregulated
ad_tdca3sabc,25.6906318368247,Upregulated
ad_tdca3st,25.6906318368247,Upregulated
ad_tudca3sabc,25.6906318368247,Upregulated
ad_tudca3st,25.6906318368247,Upregulated
ad_udca3sabc,25.6906318368247,Upregulated
ad_udca3st,25.6906318368247,Upregulated
ad_sink_leu_l[c],11.51259187405,Upregulated
ad_sink_gln_l[c],908.276416205237,Upregulated
ad_sink_4abut[l],34.5160089667749,Upregulated
ad_cyor_u10mi,73.6068906357119,Upregulated
ad_htmi,29.847010769849,Upregulated
ad_cyoom3i,54.0354332096265,Upregulated
tr34dhoxpeg[e]_ad2bl,59.5236390196576,Upregulated
tr3mlda[e]_ad2bl,19.9563914336342,Upregulated
tr4pyrdx[e]_ad2bl,29.5265937743449,Upregulated
trade[e]_ad2bl,24.6493075901846,Upregulated
trala_b[e]_ad2bl,22.3580313995189,Upregulated
trbilirub[e]_ad2bl,23.6175066705072,Upregulated
trcit[e]_ad2bl,107.627385554108,Upregulated
troxa[e]_ad2bl,21.2904993769303,Upregulated
trco[e]_ad2bl,23.6174984404412,Upregulated
trdopasf[e]_ad2bl,32.599006953718,Upregulated
tr4hphac[e]_ad2bl,36.4314958591475,Upregulated
trfucgalgbside_hs[e]_ad2bl,29.8058169185737,Upregulated
trglyc_s[e]_ad2bl,3.7376743115707,Upregulated
trgthox[e]_ad2bl,27.5472368688372,Upregulated
trthym[e]_ad2bl,29.1968039989923,Upregulated
trtsul[e]_ad2bl,83.6921677618295,Upregulated
trurea[e]_ad2bl,160.488164203195,Upregulated
tracac[e]_ad2bl,2445.17367444254,Upregulated
trhc02213[e]_ad2bl,120.002799306733,Upregulated
trglcur[e]_ad2bl,4276.50022195368,Upregulated
trce0074[e]_ad2bl,182.752233049377,Upregulated
trdocosdiac[e]_ad2bl,116.538310462064,Upregulated
tr5mta[e]_ad2bl,77.0442797101616,Upregulated
tridour[e]_ad2bl,25.6928032780095,Upregulated
trpcholmyr_hs[e]_ad2bl,29.5299732110102,Upregulated
trpcholole_hs[e]_ad2bl,29.5300062250635,Upregulated
trpcholste_hs[e]_ad2bl,29.5299920662968,Upregulated
trpcholn204_hs[e]_ad2bl,29.5299589921929,Upregulated
trpcholn24_hs[e]_ad2bl,29.5300030619287,Upregulated
trpcholhep_hs[e]_ad2bl,29.5299804748802,Upregulated
trmagste_hs[e]_ad2bl,3.53351221356296,Upregulated
tr4aabutn[e]_ad2bl,11.3293761556494,Upregulated
trc14768[e]_ad2bl,74.7087505713498,Upregulated
trc14769[e]_ad2bl,74.7087572723001,Upregulated
trc14770[e]_ad2bl,29.843545940831,Upregulated
trc14771[e]_ad2bl,29.8435397706296,Upregulated
trleuktrb4wcooh[e]_ad2bl,37.2093815815065,Upregulated
trgalt[e]_ad2bl,3.99805343187945,Upregulated
trglyclt[e]_ad2bl,11.3793690188443,Upregulated
trind3ac[e]_ad2bl,36.4314368453677,Upregulated
trpac[e]_ad2bl,32.7531199637884,Upregulated
trargglygly[e]_ad2bl,2.97797097126207,Upregulated
trhomoval[e]_ad2bl,58.25193549046,Upregulated
trglcr[e]_ad2bl,2429.99489756952,Upregulated
trhxan[e]_ad2bl,27.6865891043762,Upregulated
trphpyr[e]_ad2bl,62.2706015043516,Upregulated
trvanillac[e]_ad2bl,16.4217445781306,Upregulated
tr2m3hvac[e]_ad2bl,8.49730246479494,Upregulated
tr3ohsebac[e]_ad2bl,51.9365346817837,Upregulated
tr3ohsubac[e]_ad2bl,52.5550808103015,Upregulated
trhexgly[e]_ad2bl,319.297689899209,Upregulated
trmhista[e]_ad2bl,0.0968240070654924,Downregulated
trce2006[e]_ad2bl,32.8833813965428,Upregulated
trtrypta[e]_ad2bl,3.14218119199242,Upregulated
trce2705[e]_ad2bl,21.1025434629524,Upregulated
trsphings[e]_ad2bl,6.84677985353613,Upregulated
trim4ac[e]_ad2bl,36.4314391388981,Upregulated
trdopa4glcur[e]_ad2bl,30.9242111655694,Upregulated
trdopa3glcur[e]_ad2bl,30.9242251848432,Upregulated
trm02745[e]_ad2bl,35.5755340570152,Upregulated
trc01601[e]_ad2bl,32.8833520278546,Upregulated
sk_10fthf7glutl,130.83955530513,Upregulated
sk_10fthf7glutm,153.940708647454,Upregulated
sk_13damppox,33.9203143635586,Upregulated
sk_2hbo,88.3265446880477,Upregulated
sk_2oxoadoxm,125.052163053937,Upregulated
sk_34hplfm,41.16455753149,Upregulated
sk_34hppor,95.6383759994731,Upregulated
sk_3dphbh2,40.5845791486674,Upregulated
sk_3hlytcl,144.56954600596,Upregulated
sk_3m4hdxpac,30.3030254686044,Upregulated
sk_3mldat,24.584793113394,Upregulated
sk_3mox4hoxpgaldox,0.0451035036332362,Downregulated
sk_3moxtyrox,30.3030254686044,Upregulated
sk_3salatai,14.902165848288,Upregulated
sk_3salataim,47.1462275825437,Upregulated
sk_3spyrsp,14.902165848288,Upregulated
sk_3spyrspm,47.1462275825437,Upregulated
sk_4abuttm,3.48974620193175,Upregulated
sk_4hbzcoafm,40.5845791486674,Upregulated
sk_4hbzfm,40.5845791486674,Upregulated
sk_5hoxindacto2ox,110.165847618219,Upregulated
sk_7dhftl,135.491719331526,Upregulated
sk_7dhftm,153.940669717701,Upregulated
sk_7thftm,153.803553640614,Upregulated
sk_a4galtg,20.7034972119689,Upregulated
sk_aasad3m,125.052232220162,Upregulated
sk_abtarm,3.48974620193175,Upregulated
sk_abutt2rl,48.4312591793479,Upregulated
sk_acact1x,48.4664138042545,Upregulated
sk_acact6p,3.40618450215412,Upregulated
sk_acact8p,11.9375045849026,Upregulated
sk_acact9p,29.0603124834278,Upregulated
sk_accoacm,156.070744257177,Upregulated
sk_acetonet2,452.686306066218,Upregulated
sk_acetonet2m,8682.29865259055,Upregulated
sk_acgaltly,20.304518426571,Upregulated
sk_acgam6psi,7.6259153590664,Upregulated
sk_acgamk,60.4175885688682,Upregulated
sk_acgampm,19.1569854840237,Upregulated
sk_acgamtly,4.80667848502268,Upregulated
sk_acnam9pl,60.262298199821,Upregulated
sk_acnamph,60.262298199821,Upregulated
sk_acoad10m,142.77501119635,Upregulated
sk_acoad1fm,56.4579616755808,Upregulated
sk_acoad8m,94.3919517990225,Upregulated
sk_acp1_fmn_,26.3949315184051,Upregulated
sk_acs2,54.2198217573889,Upregulated
sk_admdc,24.7341304043447,Upregulated
sk_adncyc,54.2197607323862,Upregulated
sk_adntm,1930.89702056533,Upregulated
sk_adrncoatx,29.7483615763822,Upregulated
sk_adrncpt1,20.4042928353498,Upregulated
sk_adrncpt2,20.4043004422566,Upregulated
sk_adsk,28.9724758291292,Upregulated
sk_adsl1,31.4848207589708,Upregulated
sk_adsl2,26.5033314561321,Upregulated
sk_ag13t16g,30.6827599352853,Upregulated
sk_ag13t17g,30.6827599352853,Upregulated
sk_ag13t18g,30.6827599352853,Upregulated
sk_ag13t1g,30.560394288423,Upregulated
sk_ag13t2g,30.560394288423,Upregulated
sk_ag13t3g,30.560394288423,Upregulated
sk_agpat1,42.9209610957917,Upregulated
sk_aircr,26.5033314561321,Upregulated
sk_akgdm,162.694604952224,Upregulated
sk_akr1c42,30.0732034872684,Upregulated
sk_akr1d,98.7485040045238,Upregulated
sk_akr1d2,30.0732034872684,Upregulated
sk_aldd20x,99.3663120302905,Upregulated
sk_aldd20xm,125.244137918406,Upregulated
sk_aldd21,59.4480675612092,Upregulated
sk_aldd2y,3.30289452664136,Upregulated
sk_amacr2p,252.773553769351,Upregulated
sk_amett2m,41.2733476878644,Upregulated
sk_apocf,54.2197861436444,Upregulated
sk_apocfm,91.9524160370397,Upregulated
sk_apoc_lys_btnp,54.2197861436444,Upregulated
sk_apoc_lys_btnpm,91.9524160370397,Upregulated
sk_aprto2,188.642344096038,Upregulated
sk_arachcpt1,54.141850025284,Upregulated
sk_arachcpt2,54.1418265195584,Upregulated
sk_r_group_phosphotase_1,104.6409998985,Upregulated
sk_r_group_phosphotase_3,158.47258622759,Upregulated
sk_artplm3m,2085.22296676754,Upregulated
sk_asah1,8.75250513032431,Upregulated
sk_aspctr,15.5196801574023,Upregulated
sk_aspglum,214.640300222427,Upregulated
sk_asptam,4.98393056891103,Upregulated
sk_atp1ter,26.3949095465788,Upregulated
sk_atph1e,23.0533927434721,Upregulated
sk_atph2e,20.6491975208551,Upregulated
sk_b3galt3g,20.7034972119689,Upregulated
sk_b3galt5g,28.2460449103336,Upregulated
sk_baat3x,252.773553769803,Upregulated
sk_baccl,54.2197861436444,Upregulated
sk_bacclm,91.9524160370397,Upregulated
sk_bamppaldox,24.7341572057058,Upregulated
sk_bildglcurte,26.3949483834697,Upregulated
sk_bilglcurte,26.3949348913227,Upregulated
sk_bilglcurtr,4.93852445100459,Upregulated
sk_bilired,104.232221853661,Upregulated
sk_biocyttn,54.2198005805004,Upregulated
sk_btnd1,54.2198058891781,Upregulated
sk_btnd1n,54.2198005805004,Upregulated
sk_btndm,91.9524160370397,Upregulated
sk_btnpl,54.2197861436444,Upregulated
sk_btnplm,91.9524160370397,Upregulated
sk_btnt2m,297.525310627197,Upregulated
sk_c161cpt12,848.344989713658,Upregulated
sk_c161cpt22,54.0074247692431,Upregulated
sk_c180cpt2,61.4472837331084,Upregulated
sk_caatps,26.3949149274256,Upregulated
sk_catp,339.998740943365,Upregulated
sk_cdsm,61.8434547027567,Upregulated
sk_cepte,19.6497312881897,Upregulated
sk_cerk,26.3949302223747,Upregulated
sk_chsterolt1,99.8287164240383,Upregulated
sk_chsterolt2,99.8287188311854,Upregulated
sk_chsteroltg,26.3949182352463,Upregulated
sk_ckc,12.6628555136587,Upregulated
sk_clpndcpt1,30.8052678677748,Upregulated
sk_clpndcpt2,30.8053117849512,Upregulated
sk_cls_hs,50.3446219562038,Upregulated
sk_cmpacnatg,648.609578956156,Upregulated
sk_cmpacnatn,106.953434367692,Upregulated
sk_cmpsas,54.2197901442669,Upregulated
sk_cmpsasn,106.953434367692,Upregulated
sk_coatl,26.3949361163182,Upregulated
sk_coq3m,41.2733856723562,Upregulated
sk_coq5m,41.2733856723562,Upregulated
sk_coq6m,41.2733856723562,Upregulated
sk_coq7m,41.2733856723562,Upregulated
sk_core2gtg,30.560394288423,Upregulated
sk_core3gtg,30.6827599352853,Upregulated
sk_core4gtg,30.6827599352853,Upregulated
sk_cot,104.232356093934,Upregulated
sk_coucoafm,40.5845791486674,Upregulated
sk_crncartp,102.41605493976,Upregulated
sk_cscpasely,28.8572474365023,Upregulated
sk_csm,172.544496562027,Upregulated
sk_csnat2m,201.089361113058,Upregulated
sk_cspg_ct,28.8572474365023,Upregulated
sk_cspg_ctly,28.8572474365023,Upregulated
sk_ctptn,106.953386523262,Upregulated
sk_cyso,14.902933919752,Upregulated
sk_cysta,69.1133675180202,Upregulated
sk_cytdk2m,61.8434596717708,Upregulated
sk_cytdtm,61.8434596717708,Upregulated
sk_cytk1m,61.8434547027567,Upregulated
sk_dagk_hs,54.3420069473828,Upregulated
sk_dagkn_hs,26.3949377120344,Upregulated
sk_dagt,357.7882676308,Upregulated
sk_datptn,25.9150752636389,Upregulated
sk_dcsptn1cpt1,35.5722460059101,Upregulated
sk_dcsptn1cpt2,35.572181135185,Upregulated
sk_ddpgam,98.1170520511581,Upregulated
sk_decdptm,40.5845791486674,Upregulated
sk_desat18_10,108.302203363489,Upregulated
sk_desat18_6,40.2190137335231,Upregulated
sk_desat18_8,50.9943126995079,Upregulated
sk_desat22_1p,29.7483615763822,Upregulated
sk_dgcholtx,252.773553769803,Upregulated
sk_dgk2m,50.5329937441475,Upregulated
sk_dgnskm,50.5329937441475,Upregulated
sk_dgsntm,50.5329937441475,Upregulated
sk_dgtptn,25.9150706720677,Upregulated
sk_dhaat1r,113.847942834255,Upregulated
sk_dhdpbmtm,40.5845791486674,Upregulated
sk_dhftm,153.940687146817,Upregulated
sk_dhord9,15.5196802842509,Upregulated
sk_dhpm1,8.50042150038043,Upregulated
sk_dlnlcgcpt2,27.9268312545253,Upregulated
sk_dndpt37m,25.9150280026145,Upregulated
sk_dndpt38m,156.550308489556,Upregulated
sk_dolglcp_lter,41.208273898825,Upregulated
sk_dolgpp_ler,0.25874040023888,Downregulated
sk_dolichol_lter,41.2082369713206,Upregulated
sk_dolpgt3_ler,41.2082369713206,Upregulated
sk_dopabmo,79.1605852334801,Upregulated
sk_dopamt,30.3030254686044,Upregulated
sk_dpcoatl,26.3949361163182,Upregulated
sk_dphmbdcm,40.5845791486674,Upregulated
sk_dpmvdx,0.467415495557694,Downregulated
sk_dpps,40.5845791486674,Upregulated
sk_dsat,12.0895567097966,Upregulated
sk_dttptn,25.9150400139827,Upregulated
sk_ehglat2m,98.1170411491329,Upregulated
sk_ehglatm,98.1170946943445,Upregulated
sk_eicostetcpt1,27.9268607901707,Upregulated
sk_eicostetcpt2,27.9268648216012,Upregulated
sk_elaidcpt1,24.2669310201221,Upregulated
sk_elaidcpt2,24.1902735767201,Upregulated
sk_ethak,20.0834504657045,Upregulated
sk_facoal140i,54.2197819261743,Upregulated
sk_facoal150,54.2197935413298,Upregulated
sk_facoal160i,53.305703562227,Upregulated
sk_facoal170,54.219818334024,Upregulated
sk_facoal180i,50.7626915792237,Upregulated
sk_facoal1812,71.9297678540676,Upregulated
sk_facoal1813,52.8467486545146,Upregulated
sk_facoal181i,28.9172193145643,Upregulated
sk_facoal1821,53.3056551715164,Upregulated
sk_facoal1822,54.2198281851141,Upregulated
sk_facoal1831,54.2197595749864,Upregulated
sk_facoal1832,54.4634960561745,Upregulated
sk_facoal184,54.2199029773617,Upregulated
sk_facoal200,34.1371826019319,Upregulated
sk_facoal203,54.2198007995782,Upregulated
sk_facoal204,54.2198205424089,Upregulated
sk_facoal2042,54.2197888003008,Upregulated
sk_facoal205,54.2197992633994,Upregulated
sk_facoal224,54.2197843648905,Upregulated
sk_facoal2251,54.2198025712901,Upregulated
sk_facoal2252,54.2198421942126,Upregulated
sk_facoal226,54.2198013401439,Upregulated
sk_facoal240,54.2198037055017,Upregulated
sk_facoal244_1,54.2197992266352,Upregulated
sk_facoal245_1,54.2197849849486,Upregulated
sk_facoal245_2,54.2197890135684,Upregulated
sk_facoal246_1,54.2197888706473,Upregulated
sk_facoal260,54.2198252194653,Upregulated
sk_fael183,36.9726693992371,Upregulated
sk_fael184,36.9726764184081,Upregulated
sk_fael204,27.1408157154869,Upregulated
sk_fael205,37.7994613056291,Upregulated
sk_fah3,36.1091861231282,Upregulated
sk_faoxc140,42.6210207814797,Upregulated
sk_faoxc160,43.1590034914338,Upregulated
sk_faoxc16080m,27.2733233182054,Upregulated
sk_faoxc161802m,22.5601263989363,Upregulated
sk_faoxc16180m,41.9401431202117,Upregulated
sk_faoxc180,47.9271954553589,Upregulated
sk_faoxc1811601m,27.2733069712502,Upregulated
sk_faoxc1811602m,28.5191493205871,Upregulated
sk_faoxc1811603m,22.0308278570126,Upregulated
sk_faoxc182806m,23.7840881736624,Upregulated
sk_faoxc18280m,50.9942753160634,Upregulated
sk_faoxc183803m,18.1795244375382,Upregulated
sk_faoxc183806m,59.6257395128893,Upregulated
sk_faoxc18480m,7.43586431170668,Upregulated
sk_faoxc200180m,167.630592774723,Upregulated
sk_faoxc2031836m,27.9268520312548,Upregulated
sk_faoxc204,44.1040072996732,Upregulated
sk_faoxc204184m,27.9268324490363,Upregulated
sk_faoxc2242046m,20.4042914932783,Upregulated
sk_faoxc2251836m,35.5722397780798,Upregulated
sk_faoxc2252053m,37.4541831345763,Upregulated
sk_faoxc226,46.4941266977082,Upregulated
sk_faoxc80,51.4766135246398,Upregulated
sk_fas140coa,31.8496564756434,Upregulated
sk_fba4,51.6995745995302,Upregulated
sk_fbp26,26.3949297200813,Upregulated
sk_fe3r2e,113.847942834255,Upregulated
sk_fpgs2,26.394926952563,Upregulated
sk_fpgs2m,153.803553640614,Upregulated
sk_fpgs3,26.394926952563,Upregulated
sk_fpgs3m,153.803553640614,Upregulated
sk_fpgs4,26.3949127930712,Upregulated
sk_fpgs4m,153.940669717701,Upregulated
sk_fpgs5,26.3949127930712,Upregulated
sk_fpgs5m,153.940669717701,Upregulated
sk_fpgs6,26.3949127930712,Upregulated
sk_fpgs6m,153.940669717701,Upregulated
sk_fpgs7m,153.940708647454,Upregulated
sk_fpgs8,25.4886653866403,Upregulated
sk_fpgs8m,153.940708647454,Upregulated
sk_fpgs9,25.4886653866403,Upregulated
sk_fpgs9m,153.940708647454,Upregulated
sk_fpgsm,153.803553640614,Upregulated
sk_fthfdh,48.2547565210109,Upregulated
sk_fthflm,9.24379252708304,Upregulated
sk_fucgalgbsidete,26.7594470447923,Upregulated
sk_fumm,120.954260486266,Upregulated
sk_fumso4tm,47.1462275825437,Upregulated
sk_fumtm,3.8411131177846,Upregulated
sk_fut11g,26.7594470447923,Upregulated
sk_g14t18g,30.6827599352853,Upregulated
sk_g14t19g,30.6827599352853,Upregulated
sk_g14t20g,30.6827599352853,Upregulated
sk_g14t21g,30.6827599352853,Upregulated
sk_g14t2g,30.560394288423,Upregulated
sk_g14t3g,30.560394288423,Upregulated
sk_g14t4g,30.560394288423,Upregulated
sk_g14t5g,30.560394288423,Upregulated
sk_g3pd2m,47.9271936125828,Upregulated
sk_gacmtrc,3.28514582837934,Upregulated
sk_galase16ly,30.560394288423,Upregulated
sk_galase17ly,30.560386621904,Upregulated
sk_galase18ly,30.5604547579349,Upregulated
sk_galase19ly,30.5604547579349,Upregulated
sk_galase20ly,30.6827599352853,Upregulated
sk_galglusidetg,30.6226253666344,Upregulated
sk_galglusidetl,20.6605730497515,Upregulated
sk_galnact1g,28.8572330234847,Upregulated
sk_galnact3g,28.8572474365023,Upregulated
sk_galntg,30.5604547579349,Upregulated
sk_galor,118.259351744503,Upregulated
sk_galt2g,28.8572536816547,Upregulated
sk_galtg,28.8572536816547,Upregulated
sk_galtly,2.37356919469083,Upregulated
sk_garft,26.5033314561321,Upregulated
sk_gcalddm,106.057970085727,Upregulated
sk_gd1cte,12.4066160644364,Upregulated
sk_gdpfuctg,26.7594470447923,Upregulated
sk_gfucs,26.7594470447923,Upregulated
sk_ggh_10fthf5glul,130.83955530513,Upregulated
sk_ggh_10fthf6glul,130.83955530513,Upregulated
sk_ggh_10fthf7glul,130.83955530513,Upregulated
sk_ggh_5dhfl,135.491719331526,Upregulated
sk_ggh_6dhfl,135.491719331526,Upregulated
sk_ggh_7dhfl,135.491719331526,Upregulated
sk_ggt_l,41.2082663751801,Upregulated
sk_ggt5r,26.2557991791323,Upregulated
sk_ghmt2rm,172.204687940857,Upregulated
sk_glcaase1ly,31.0652096549153,Upregulated
sk_glcaase5ly,28.8572474365023,Upregulated
sk_glcae2g,31.0652096549153,Upregulated
sk_glcat3g,28.8572474365023,Upregulated
sk_glcat6g,31.0652096549153,Upregulated
sk_glcat7g,31.0652096549153,Upregulated
sk_glcat8g,31.0652096549153,Upregulated
sk_glcat9g,31.0652096549153,Upregulated
sk_glcatg,28.8572536816547,Upregulated
sk_glcnacase1ly,31.0652096549153,Upregulated
sk_glcnacase2ly,31.0652096549153,Upregulated
sk_glcnacase3ly,31.0652096549153,Upregulated
sk_glcnacase4ly,31.0652096549153,Upregulated
sk_glcnacase5ly,31.0652096549153,Upregulated
sk_glcnacdasg,31.0652096549153,Upregulated
sk_glcnact1g,31.0652096549153,Upregulated
sk_glcnact2g,31.0652096549153,Upregulated
sk_glcnact3g,31.0652096549153,Upregulated
sk_glcnact4g,31.0652096549153,Upregulated
sk_glcnact5g,31.0652096549153,Upregulated
sk_glcter,14.4866040836148,Upregulated
sk_glctg,38.2297685973812,Upregulated
sk_glpase1,1010.42731155666,Upregulated
sk_glpase2,1010.42762604496,Upregulated
sk_glucys,26.2557896135771,Upregulated
sk_glut2m,1517.22382083235,Upregulated
sk_glut7l,130.839543814431,Upregulated
sk_glutcoadhm,125.052120737844,Upregulated
sk_glyamdtrc,3.28514582837934,Upregulated
sk_glyck2,25.4096888369762,Upregulated
sk_glycltdy,539.706598317736,Upregulated
sk_glyc_st,5587.70979373712,Upregulated
sk_glyctm,36.9005619432612,Upregulated
sk_glytp,252.773553769803,Upregulated
sk_gmptg,26.7594470447923,Upregulated
sk_gnder,23.0954780634965,Upregulated
sk_gpam_hs,42.9209610957917,Upregulated
sk_gq1bte,12.2487998761753,Upregulated
sk_gthp,110.165965184108,Upregulated
sk_gthpe,26.9750946153858,Upregulated
sk_gthpm,201.256364660739,Upregulated
sk_gthrdtr,26.2557991791323,Upregulated
sk_gths,26.2557896135771,Upregulated
sk_guacyc,54.2197982253414,Upregulated
sk_h2otm,51.9226123995038,Upregulated
sk_hbzopt10m,40.5845791486674,Upregulated
sk_hexccoatx,29.0603124834278,Upregulated
sk_hgntor,95.6383759994731,Upregulated
sk_hisdc,99.3663050593593,Upregulated
sk_histase,99.3663134980789,Upregulated
sk_hmgcoasi,49.4437239298066,Upregulated
sk_hmglm,82.9890054278574,Upregulated
sk_hoxg,104.232356093934,Upregulated
sk_hpdcacrncpt1,30.8988917315251,Upregulated
sk_hpdcacrncpt2,30.8989184871984,Upregulated
sk_hpyrdcm,106.057970085727,Upregulated
sk_hpyrr2x,5587.77985010087,Upregulated
sk_hpyrry,40.1237836846743,Upregulated
sk_hs1ly,31.0652096549153,Upregulated
sk_hs2ly,31.0652096549153,Upregulated
sk_hs3ly,31.0652096549153,Upregulated
sk_hs4ly,31.0652096549153,Upregulated
sk_hsat1ly,31.0652096549153,Upregulated
sk_hsat2ly,31.0652096549153,Upregulated
sk_hsat3ly,31.0652096549153,Upregulated
sk_hsat4ly,31.0652096549153,Upregulated
sk_hsd17b42x,130.884909635969,Upregulated
sk_hsd17b4x,66.7185322162409,Upregulated
sk_hspasely,31.0652096549153,Upregulated
sk_hspgt,31.0652096549153,Upregulated
sk_hspgtly,31.0652096549153,Upregulated
sk_idoaase1ly,31.0652096549153,Upregulated
sk_idoaase2ly,31.0652096549153,Upregulated
sk_idoaase3ly,31.0652096549153,Upregulated
sk_khk2,51.6995745995302,Upregulated
sk_ksii_core2t,30.560394288423,Upregulated
sk_ksii_core2tly,30.560394288423,Upregulated
sk_ksii_core4t,30.6827599352853,Upregulated
sk_ksii_core4tly,30.6827599352853,Upregulated
sk_lapcoal,26.3949361163182,Upregulated
sk_lcat1e,290.364702476204,Upregulated
sk_lctstg,38.2297685973812,Upregulated
sk_ldh_lm,51.9226505092156,Upregulated
sk_leuktra4tr,26.2557991791323,Upregulated
sk_lgnct,46.8162059305547,Upregulated
sk_linkdeg1ly,31.0652096549153,Upregulated
sk_linkdeg3ly,28.857193272249,Upregulated
sk_l_lactm,51.9226450725632,Upregulated
sk_lneldccpt1,50.9942874108691,Upregulated
sk_lneldccpt2,50.9943354172618,Upregulated
sk_lnlccpt2,23.7841058696199,Upregulated
sk_lnlncgcpt2,50.3906001896493,Upregulated
sk_lpase,326.861812907256,Upregulated
sk_lpcholt,326.861812907256,Upregulated
sk_lps,158.47258622759,Upregulated
sk_ltc4sr,26.2557991791323,Upregulated
sk_ltdcl,99.3664044676806,Upregulated
sk_macaci,95.6383759994731,Upregulated
sk_macoxo,24.584793113394,Upregulated
sk_mcd,26.3949521687894,Upregulated
sk_mcdm,91.9523265787842,Upregulated
sk_mcdp,438.845341359079,Upregulated
sk_mdrpd,87.7422872445768,Upregulated
sk_me1m,98.0549185478983,Upregulated
sk_me2m,98.0549049207201,Upregulated
sk_mevk1x,0.467415495557694,Downregulated
sk_mgchrm,81.9559656876411,Upregulated
sk_mhisor,24.584793113394,Upregulated
sk_mi1345pp,30.4787500831791,Upregulated
sk_mi134pp,30.4787500831791,Upregulated
sk_mi145pk,30.4787500831791,Upregulated
sk_mi145pp,32.5207090977564,Upregulated
sk_mi14pp,52.7898504626468,Upregulated
sk_mi1ps,90.3696660594216,Upregulated
sk_mi34pp,30.4787500831791,Upregulated
sk_mmcdm,136.555123989148,Upregulated
sk_mtap,87.7422872445768,Upregulated
sk_n3tg,30.560394288423,Upregulated
sk_nabtno,188.642344096038,Upregulated
sk_nachex25ly,30.5604547579349,Upregulated
sk_nachexa20ly,30.5603898785628,Upregulated
sk_nachexa21ly,30.560386621904,Upregulated
sk_nachexa22ly,30.6828130861329,Upregulated
sk_nachexa3ly,28.8572256149358,Upregulated
sk_nachexa4ly,28.8571025555037,Upregulated
sk_nadphtxu,22.7743147452734,Upregulated
sk_nadptxu,22.7748422152111,Upregulated
sk_naga2ly,30.5604547579349,Upregulated
sk_naglcaly,30.5604547579349,Upregulated
sk_nakt,26.3949328321466,Upregulated
sk_ndp7er,2.30748022082052,Upregulated
sk_ndp7ex,26.3949149164073,Upregulated
sk_ndp7g,38.2297548343548,Upregulated
sk_ndp8ex,26.3949149164073,Upregulated
sk_ndpk3m,61.8434547027567,Upregulated
sk_ndpk5m,91.9522954856787,Upregulated
sk_ndpk8m,101.066059790828,Upregulated
sk_nicrns,11.8723084505139,Upregulated
sk_nicrnttn,54.2197993380649,Upregulated
sk_nnatn,54.2197993380649,Upregulated
sk_noranmt,117.033474279039,Upregulated
sk_ntd1m,91.9522954856787,Upregulated
sk_ntd2e,13.1865665285379,Upregulated
sk_ntd5m,46.7478409314843,Upregulated
sk_ntd7e,31.9741724453826,Upregulated
sk_o2stx,3.91569910836202,Upregulated
sk_o2tp,69.4621963870062,Upregulated
sk_ocoat1m,91.9522623709908,Upregulated
sk_oivd1m,94.3919451823208,Upregulated
sk_oivd3m,142.774904742212,Upregulated
sk_orntarm,23.0457089642882,Upregulated
sk_p45027a11m,49.0807712678185,Upregulated
sk_p45027a12m,110.165800198558,Upregulated
sk_p45027a13m,110.165800198558,Upregulated
sk_p45027a14m,2203.74066381991,Upregulated
sk_p45027a15m,110.165801481222,Upregulated
sk_p45027a16m,110.166507853619,Upregulated
sk_p45027a1m,2203.74066381991,Upregulated
sk_p450ltb4r,110.165794376156,Upregulated
sk_p5crm,8.51687352524444,Upregulated
sk_pail_hstn,94.1804252365496,Upregulated
sk_pan4pp,26.3949379907892,Upregulated
sk_papstg,28.9724758291292,Upregulated
sk_paptg,28.972475096054,Upregulated
sk_pde1,54.2198121735117,Upregulated
sk_pde4,54.2197969720333,Upregulated
sk_pdhm,172.77620991381,Upregulated
sk_pdx5po,62.5582555491158,Upregulated
sk_peamno,221.036143134125,Upregulated
sk_peflip,26.3949224674086,Upregulated
sk_peflipm,26.3949323081111,Upregulated
sk_pethct,19.6496753506981,Upregulated
sk_pfk26,26.3949297200813,Upregulated
sk_pgesr,0.5,Downregulated
sk_pgler,23.0954741542924,Upregulated
sk_pgppt,1505.64666296265,Upregulated
sk_pheta1m,107.495061509073,Upregulated
sk_phycboxl,221.036143134125,Upregulated
sk_pi345p3p,26.3949518864565,Upregulated
sk_pi345p5p,26.394960521585,Upregulated
sk_pi34p5k,26.3949454143157,Upregulated
sk_pi3p4k,26.3948993403496,Upregulated
sk_pi3p5k,26.3950197612707,Upregulated
sk_pi45plc,32.5207357512252,Upregulated
sk_pi4p3k,26.3949365353451,Upregulated
sk_pi4p5k,13.1974644848853,Upregulated
sk_pi4plc,52.7898986601961,Upregulated
sk_pi5p3k,13.1974671001885,Upregulated
sk_pi5p4k,79.1843619495045,Upregulated
sk_pik3,26.3949498709842,Upregulated
sk_pik4,52.7898275413159,Upregulated
sk_pik5,13.1974774413463,Upregulated
sk_piplc,26.394917763222,Upregulated
sk_piplcn,26.3949377120344,Upregulated
sk_pitg,36.5166413938123,Upregulated
sk_pmevkx,0.467415495557694,Downregulated
sk_pmi12346ph,26.3948848699055,Upregulated
sk_pmi12346phn,39.59240525913,Upregulated
sk_pnteh,39.2848962129839,Upregulated
sk_ppa2,31.7587721268286,Upregulated
sk_ppap,26.39492327562,Upregulated
sk_ppmi12346ptn,39.59240525913,Upregulated
sk_ppor,99.3619291721176,Upregulated
sk_pragsr,26.5033314561321,Upregulated
sk_prascs,26.5033314561321,Upregulated
sk_prdx,110.165857268525,Upregulated
sk_pristanaltx,59.4480675612092,Upregulated
sk_pristcoatx,26.3949314188052,Upregulated
sk_psdm_hs,28.8945122520143,Upregulated
sk_psflip,26.394926948286,Upregulated
sk_psflipm,28.8945122520143,Upregulated
sk_pssa2_hs,20.083458404856,Upregulated
sk_pte3x,53.6505260580946,Upregulated
sk_pte4x,53.6505420130487,Upregulated
sk_pthps,31.7587721268286,Upregulated
sk_ptrcat1,188.642344096038,Upregulated
sk_pyam5por,78.1722018176297,Upregulated
sk_retnglct,4.92615501443798,Upregulated
sk_retnglctr,4.92615501443798,Upregulated
sk_rnmk,26.4369571557963,Upregulated
sk_rtotal3crncpt1,2085.22296676754,Upregulated
sk_rtotal3crncpt2,2085.22296676754,Upregulated
sk_rtotal3crnt,2085.22296676754,Upregulated
sk_s23t2g,30.560394288423,Upregulated
sk_s23t4g,30.6827599352853,Upregulated
sk_s2t4g,31.0652096549153,Upregulated
sk_s2tase1ly,31.0652096549153,Upregulated
sk_s2tase2ly,31.0652096549153,Upregulated
sk_s3t1g,31.0652096549153,Upregulated
sk_s3t2g,31.0652096549153,Upregulated
sk_s3t3g,31.0652096549153,Upregulated
sk_s3tase1ly,31.0652096549153,Upregulated
sk_s3tase2ly,31.0652096549153,Upregulated
sk_s3tase3ly,31.0652096549153,Upregulated
sk_s6t16g,30.6827599352853,Upregulated
sk_s6t17g,30.6827599352853,Upregulated
sk_s6t18g,30.6827599352853,Upregulated
sk_s6t19g,28.8572262391361,Upregulated
sk_s6t1g,30.560394288423,Upregulated
sk_s6t20g,28.8572474365023,Upregulated
sk_s6t25g,31.0652096549153,Upregulated
sk_s6t2g,30.560394288423,Upregulated
sk_s6t3g,30.560394288423,Upregulated
sk_s6tase1ly,31.0652096549153,Upregulated
sk_s6tase22ly,30.560394288423,Upregulated
sk_s6tase25ly,30.6827599352853,Upregulated
sk_s6tase2ly,31.0652096549153,Upregulated
sk_s6tase3ly,31.0652096549153,Upregulated
sk_saccd3m,125.052232220162,Upregulated
sk_sadt,28.9724758291292,Upregulated
sk_salmcom,79.1605596484424,Upregulated
sk_samhista,24.584793113394,Upregulated
sk_sbtd_d2,251.911645413716,Upregulated
sk_scp2x,252.77340818899,Upregulated
sk_scpx,52.3353993677035,Upregulated
sk_sfgth,45.0447642729834,Upregulated
sk_siaase3ly,30.560394288423,Upregulated
sk_siaase4ly,30.6827599352853,Upregulated
sk_smpd3l,25.6037966535651,Upregulated
sk_so4tl,28.9724900191568,Upregulated
sk_spmdox,33.9203143635586,Upregulated
sk_spodmx,3.91568516277189,Upregulated
sk_spr,31.7587677823527,Upregulated
sk_sprms,24.7341740138384,Upregulated
sk_stcoatx,12.471444952466,Upregulated
sk_strdnccpt1,4.79359086267505,Upregulated
sk_sulfox,5.97125609487838,Upregulated
sk_t4hcinnmfm,40.5845791486674,Upregulated
sk_thbpt4acamdase,31.7587558746614,Upregulated
sk_thd1m,297.525269638672,Upregulated
sk_trdr,259.4136073646,Upregulated
sk_trdr2,41.2734841398108,Upregulated
sk_trdr3,41.2731910475538,Upregulated
sk_tryptaox,99.3664044676806,Upregulated
sk_tyr3mo2,31.7587586685906,Upregulated
sk_tyrtam,41.16455753149,Upregulated
sk_uag2emai,462.041966269702,Upregulated
sk_uagaldp,54.2198203517359,Upregulated
sk_udpacgaltl,283.79911681607,Upregulated
sk_udpdolpt_l,41.208273898825,Upregulated
sk_udpgaltg,38.2297477310292,Upregulated
sk_udpgd,4.93855980875324,Upregulated
sk_udpgldcg,26.3344742446541,Upregulated
sk_udptl,283.097859438743,Upregulated
sk_udpxylter,26.3344742446541,Upregulated
sk_ugalgtg,38.2297685973812,Upregulated
sk_ugalnactg,15.3113215976932,Upregulated
sk_uglcnactg,30.6827506777794,Upregulated
sk_ugt1a5r,4.92615501443798,Upregulated
sk_xoltrioltm,49.0807712678185,Upregulated
sk_xsertg,28.8572536816547,Upregulated
sk_xylk,51.6845286676078,Upregulated
sk_xyltd_dr,51.6995223770707,Upregulated
sk_xylter,28.8572536816547,Upregulated
sk_xyltly,28.8572056573997,Upregulated
sk_r0009,21.6656489883383,Upregulated
sk_r0023,72.5603091701822,Upregulated
sk_r0033,38.3931493503794,Upregulated
sk_r0047,184.133898623778,Upregulated
sk_r0068,42.7550869736069,Upregulated
sk_r0097,42.7550869736069,Upregulated
sk_r0142,47.1462275825437,Upregulated
sk_r0160,5584.29808871048,Upregulated
sk_r0178,3.48974620193175,Upregulated
sk_r0205,47.9271691018238,Upregulated
sk_r0221,91.9522637929177,Upregulated
sk_r0245,44.5020719034952,Upregulated
sk_r0246,36.9005619432612,Upregulated
sk_r0283,7.77930353549853,Upregulated
sk_r0301,54.2197987914232,Upregulated
sk_r0308,22.6790062868844,Upregulated
sk_r0309,16.689041468334,Upregulated
sk_r0310,46.8481876774577,Upregulated
sk_r0319,91.9522637929177,Upregulated
sk_r0340,36.9005619432612,Upregulated
sk_r0354,3575.0275241685,Upregulated
sk_r0355,3575.96848646074,Upregulated
sk_r0381,39.2848962129839,Upregulated
sk_r0383,172.776085941447,Upregulated
sk_r0386,94.3919408944851,Upregulated
sk_r0388,165.882060147123,Upregulated
sk_r0389,289.597431690022,Upregulated
sk_r0393,36.9005619432612,Upregulated
sk_r0402,31.7587540581369,Upregulated
sk_r0433,438.845341359079,Upregulated
sk_r0444,54.2197915325393,Upregulated
sk_r0450,125.052232220162,Upregulated
sk_r0451,125.052251850933,Upregulated
sk_r0465,54.2198989142423,Upregulated
sk_r0466,54.2198989142423,Upregulated
sk_r0502,96.1252984675783,Upregulated
sk_r0511,72.560325941788,Upregulated
sk_r0537,26.394918401685,Upregulated
sk_r0539,39.2848962129839,Upregulated
sk_r0541,125.052303508566,Upregulated
sk_r0555,172.776085941447,Upregulated
sk_r0557,125.052251850933,Upregulated
sk_r0578,26.3949253426851,Upregulated
sk_r0579,38.3931493503794,Upregulated
sk_r0590,38.3931493503794,Upregulated
sk_r0591,62.5328796566691,Upregulated
sk_r0595,69.1133850754919,Upregulated
sk_r0596,84.6961581980607,Upregulated
sk_r0603,142.77489347519,Upregulated
sk_r0604,142.774901579378,Upregulated
sk_r0633,9.80134581358925,Upregulated
sk_r0638,12.2289474921498,Upregulated
sk_r0652,87.483997298505,Upregulated
sk_r0653,5.67866908772181,Upregulated
sk_r0655,94.3925716660605,Upregulated
sk_r0656,94.3919408944851,Upregulated
sk_r0666,26.5033314561321,Upregulated
sk_r0670,142.774901579378,Upregulated
sk_r0673,31.7587540581369,Upregulated
sk_r0698,252.765607630148,Upregulated
sk_r0706,52.3353831314607,Upregulated
sk_r0714,5.67866908772181,Upregulated
sk_r0716,5.67866908772181,Upregulated
sk_r0719,3.40618450215412,Upregulated
sk_r0721,3.40618450215412,Upregulated
sk_r0722,5.93446349962821,Upregulated
sk_r0726,5.93446401104349,Upregulated
sk_r0730,4.55170227896766,Upregulated
sk_r0731,4.55170227896766,Upregulated
sk_r0732,4.55170227896766,Upregulated
sk_r0735,12.2272549511136,Upregulated
sk_r0741,30.0732151761775,Upregulated
sk_r0743,52.3353526572587,Upregulated
sk_r0744,52.3354092777871,Upregulated
sk_r0786,26.394918401685,Upregulated
sk_r0787,26.3949174205761,Upregulated
sk_r0795,69.1133850754919,Upregulated
sk_r0801,156.550405475673,Upregulated
sk_r0812,53.6505378797105,Upregulated
sk_r0818,0.0328228266615124,Downregulated
sk_r0859,25.6037966535651,Upregulated
sk_r0892,13.1865688529722,Upregulated
sk_r0926,36.9005619432612,Upregulated
sk_r0954,15.2661097622887,Upregulated
sk_r0990,42.370623456947,Upregulated
sk_r1000,54.2197915325393,Upregulated
sk_r1006,438.845341359079,Upregulated
sk_r1020,85.7791499657801,Upregulated
sk_r1078,41.16455753149,Upregulated
sk_r1106,20.8187303635359,Upregulated
sk_r1117,46.747833721713,Upregulated
sk_r1148,527.812119988376,Upregulated
sk_r1150,26.394932671037,Upregulated
sk_r1154,501.466509098044,Upregulated
sk_r1155,245.362922825233,Upregulated
sk_r1165,54.2198170738396,Upregulated
sk_r1166,54.2198004871166,Upregulated
sk_r1170,7.57732516307284,Upregulated
sk_r1174,54.2198170738396,Upregulated
sk_r1175,54.2198004871166,Upregulated
sk_r1182,7.57732516307284,Upregulated
sk_r1251,54.2198170738396,Upregulated
sk_r1252,71.2367184072565,Upregulated
sk_r1255,54.2198380034157,Upregulated
sk_r1257,28.9172290952548,Upregulated
sk_r1259,54.4634459977345,Upregulated
sk_r1260,54.2194459987804,Upregulated
sk_r1262,33.2123370766223,Upregulated
sk_r1382,26.3950887923589,Upregulated
sk_r1383,144.268685744788,Upregulated
sk_r1418,0.144227094364047,Downregulated
sk_r1435,172.204687940857,Upregulated
sk_r1443,3.40618450215412,Upregulated
sk_r1444,3.40618450215412,Upregulated
sk_r1445,3.40617463504673,Upregulated
sk_r1446,56.458235880035,Upregulated
sk_r1447,46.8481824344368,Upregulated
sk_r1448,46.8481829592602,Upregulated
sk_r1449,46.848198870454,Upregulated
sk_r1450,46.8481777700857,Upregulated
sk_r1451,46.8481854338965,Upregulated
sk_r1455,107.495061509073,Upregulated
sk_r1457,26.394918401685,Upregulated
sk_r1472,21.2980590918735,Upregulated
sk_r1474,21.2980590918735,Upregulated
sk_r1477,21.2980590918735,Upregulated
sk_r1487,54.2197915325393,Upregulated
sk_r1530,26.394924197067,Upregulated
sk_r1531,26.3949192722283,Upregulated
sk_r1532,25.7357368568643,Upregulated
sk_r1533,26.3949288851261,Upregulated
sk_r2150,26.3949001483337,Upregulated
sk_r2403,125.052232220162,Upregulated
sk_r2497,22.6790062868844,Upregulated
sk_r2498,26.395028663668,Upregulated
sk_r2499,26.3949168327095,Upregulated
sk_r2501,26.3949407981987,Upregulated
sk_r2502,12.1560428106011,Upregulated
sk_r2503,26.8396327509129,Upregulated
sk_r2505,26.3949001483337,Upregulated
sk_r2517,19.0009931555523,Upregulated
sk_r2518,17.5221693063684,Upregulated
sk_r2519,6.61317103408258,Upregulated
sk_re0452m,25.9150280026145,Upregulated
sk_re0512m,28.2383093196649,Upregulated
sk_re0512x,12.1560428106011,Upregulated
sk_re0565c,30.425072285917,Upregulated
sk_re0566c,30.425072285917,Upregulated
sk_re0567c,30.425072285917,Upregulated
sk_re0568c,30.425072285917,Upregulated
sk_re0569c,30.4250696364315,Upregulated
sk_re0570c,30.4250696364315,Upregulated
sk_re0571c,30.4250696364315,Upregulated
sk_re0574c,51.9577280377606,Upregulated
sk_re0575c,51.9577280377606,Upregulated
sk_re0576c,51.9577280377606,Upregulated
sk_re0579c,46.8162013503307,Upregulated
sk_re0581c,29.166967006959,Upregulated
sk_re0830c,31.7587400039807,Upregulated
sk_re1441r,26.3949241146389,Upregulated
sk_re1447m,91.9523874287367,Upregulated
sk_re1448r,26.3949241146389,Upregulated
sk_re1516m,28.2383093196649,Upregulated
sk_re1516x,12.1560428106011,Upregulated
sk_re1517m,28.2383093196649,Upregulated
sk_re1517x,12.1560428106011,Upregulated
sk_re1518x,24.2512434643337,Upregulated
sk_re1520m,28.9232095157618,Upregulated
sk_re1520x,24.2512434643337,Upregulated
sk_re1521m,75.256671885571,Upregulated
sk_re1521x,24.2512434643337,Upregulated
sk_re1522m,28.9231931194967,Upregulated
sk_re1522x,24.2512434643337,Upregulated
sk_re1523m,28.2383093196649,Upregulated
sk_re1523x,12.1560428106011,Upregulated
sk_re1525m,28.9231931194967,Upregulated
sk_re1525x,24.2512434643337,Upregulated
sk_re1526m,75.256671885571,Upregulated
sk_re1526x,24.2512434643337,Upregulated
sk_re1527m,28.9232095157618,Upregulated
sk_re1527x,24.2512434643337,Upregulated
sk_re1530m,91.9522954856787,Upregulated
sk_re1531m,28.2383093196649,Upregulated
sk_re1531x,12.1560428106011,Upregulated
sk_re1532m,28.9231931194967,Upregulated
sk_re1532x,24.2512434643337,Upregulated
sk_re1533m,75.256671885571,Upregulated
sk_re1533x,24.2512434643337,Upregulated
sk_re1534m,28.9232095157618,Upregulated
sk_re1534x,24.2512434643337,Upregulated
sk_re1573m,75.256671885571,Upregulated
sk_re1573x,24.2512434643337,Upregulated
sk_re1834c,36.8277392299614,Upregulated
sk_re1834m,70.3831084051619,Upregulated
sk_re1834x,35.8911489292895,Upregulated
sk_re1836x,132.571822218161,Upregulated
sk_re1916c,26.3949281055447,Upregulated
sk_re1957r,26.3949373179522,Upregulated
sk_re2122c,12.6527067800966,Upregulated
sk_re2346c,31.8878233280345,Upregulated
sk_re2625c,30.073215110536,Upregulated
sk_re2625m,90.2008577779431,Upregulated
sk_re2649c,54.2198035909352,Upregulated
sk_re2649m,91.9522616803516,Upregulated
sk_re2759x,53.6505260580946,Upregulated
sk_re2814m,2203.74066381991,Upregulated
sk_re2888c,218.732772444041,Upregulated
sk_re2912m,58.5393579410517,Upregulated
sk_re2972m,91.9523874287367,Upregulated
sk_re2973n,103.959543321764,Upregulated
sk_re2985m,55.7169728975187,Upregulated
sk_re2985x,45.086921233802,Upregulated
sk_re2986x,45.086921233802,Upregulated
sk_re2987x,45.086921233802,Upregulated
sk_re2988x,45.086921233802,Upregulated
sk_re2989x,45.086921233802,Upregulated
sk_re2990x,45.086921233802,Upregulated
sk_re2991x,45.086921233802,Upregulated
sk_re2992m,42.0460078906397,Upregulated
sk_re2992x,45.086921233802,Upregulated
sk_re2993x,45.086921233802,Upregulated
sk_re2994x,45.086921233802,Upregulated
sk_re2996x,45.086921233802,Upregulated
sk_re2997x,45.086921233802,Upregulated
sk_re2999m,110.1657643632,Upregulated
sk_re3000m,110.1657643632,Upregulated
sk_re3001m,110.1657643632,Upregulated
sk_re3004m,110.1657643632,Upregulated
sk_re3005m,110.1657643632,Upregulated
sk_re3006m,110.1657643632,Upregulated
sk_re3011m,43.5203110836241,Upregulated
sk_re3012c,31.3824990805593,Upregulated
sk_re3012m,43.5203110836241,Upregulated
sk_re3051c,97.4090353044767,Upregulated
sk_re3074x,53.6505260580946,Upregulated
sk_re3095c,144.569529633364,Upregulated
sk_re3114r,54.4634892268723,Upregulated
sk_re3132r,54.2197818172536,Upregulated
sk_re3146r,54.2197947361598,Upregulated
sk_re3154c,21.1305794067074,Upregulated
sk_re3160r,54.2198111769401,Upregulated
sk_re3161c,29.7232707377254,Upregulated
sk_re3162c,29.7232707377254,Upregulated
sk_re3163c,29.7232707377254,Upregulated
sk_re3164c,29.7232707377254,Upregulated
sk_re3165c,30.7689206224207,Upregulated
sk_re3166c,30.7689206224207,Upregulated
sk_re3167c,30.7689206224207,Upregulated
sk_re3168c,30.7689206224207,Upregulated
sk_re3169c,29.7934040057588,Upregulated
sk_re3170c,29.7934040057588,Upregulated
sk_re3171c,29.7934040057588,Upregulated
sk_re3172c,29.7934040057588,Upregulated
sk_re3173c,21.1305874826978,Upregulated
sk_re3176c,21.1305874826978,Upregulated
sk_re3247x,52.3355063622116,Upregulated
sk_re3251m,110.165820557243,Upregulated
sk_re3268r,26.3949373179522,Upregulated
sk_re3270c,35.193233864731,Upregulated
sk_re3411c,31.8878233280345,Upregulated
sk_re3417c,31.8878233280345,Upregulated
sk_re3496c,105.720940107729,Upregulated
sk_re3525m,43.5202608068008,Upregulated
sk_re3597m,43.5203110836241,Upregulated
sk_re3624m,110.1657643632,Upregulated
sk_biomass_reaction,25.9150396887985,Upregulated
sk_adpacdac,54.0697165644532,Upregulated
sk_adpactx,54.0697164788131,Upregulated
sk_adpcoapte,54.0697164788131,Upregulated
sk_c10dcc,54.0693327479651,Upregulated
sk_c12dcacot,54.0693818905357,Upregulated
sk_c12dcact,54.0693818905357,Upregulated
sk_c12dctd,54.0693818905357,Upregulated
sk_c16txc,25.1703968622407,Upregulated
sk_c4dccact,40.4112087123255,Upregulated
sk_c6dcc,54.0697165644532,Upregulated
sk_faoxc101c102m,28.9231712461645,Upregulated
sk_faoxc101c8x,3.406185344643,Upregulated
sk_faoxc101x,24.2512710764387,Upregulated
sk_faoxc102c101m,28.923221420893,Upregulated
sk_faoxc102c103m,33.0519452644235,Upregulated
sk_faoxc102c103x,15.723833569165,Upregulated
sk_faoxc102c81m,33.0519452644235,Upregulated
sk_faoxc102c81x,15.723833569165,Upregulated
sk_faoxc102m,33.0519452644235,Upregulated
sk_faoxc102x,15.723833569165,Upregulated
sk_faoxc103c102m,33.0519452644235,Upregulated
sk_faoxc103c102x,15.723833569165,Upregulated
sk_faoxc10c10ohm,46.8481376622207,Upregulated
sk_faoxc10dcc8dcx,36.1771903591959,Upregulated
sk_faoxc121c101m,41.940159735695,Upregulated
sk_faoxc121c10x,3.40618205711109,Upregulated
sk_faoxc122c101m,28.9231993919494,Upregulated
sk_faoxc122m,28.9231993919494,Upregulated
sk_faoxc122x,26.7433706474396,Upregulated
sk_faoxc123c102m,33.0519452644235,Upregulated
sk_faoxc123c102x,15.723833569165,Upregulated
sk_faoxc123m,33.0519452644235,Upregulated
sk_faoxc123x,15.723833569165,Upregulated
sk_faoxc12c12ohm,46.848179659162,Upregulated
sk_faoxc12dcc10dcx,36.1091861231282,Upregulated
sk_faoxc12dcc,54.0693818905357,Upregulated
sk_faoxc141c121m,41.940159735695,Upregulated
sk_faoxc142c122m,28.9231993919494,Upregulated
sk_faoxc142c122x,26.7433706474396,Upregulated
sk_faoxc143c123m,33.0519452644235,Upregulated
sk_faoxc143c123x,15.723833569165,Upregulated
sk_faoxc14c12m,3.03558122188821,Upregulated
sk_faoxc14dcc12dcx,36.1091861231282,Upregulated
sk_faoxc161c141m,41.9401191636935,Upregulated
sk_faoxc162c142m,28.2383253922353,Upregulated
sk_faoxc163c142x,26.7433706474396,Upregulated
sk_faoxc163c143m,32.3826898287009,Upregulated
sk_faoxc163c164gm,29.5212801176971,Upregulated
sk_faoxc163c164x,26.7433706474396,Upregulated
sk_faoxc163gc142m,29.5212801176971,Upregulated
sk_faoxc163gm,29.5212801176971,Upregulated
sk_faoxc163x,26.7433706474396,Upregulated
sk_faoxc164c143m,34.0083427109464,Upregulated
sk_faoxc164c143x,15.723833569165,Upregulated
sk_faoxc164c163x,26.7433706474396,Upregulated
sk_faoxc164c165m,34.0083427109464,Upregulated
sk_faoxc164c165x,15.723833569165,Upregulated
sk_faoxc164gc163m,29.5212801176971,Upregulated
sk_faoxc164m,34.0083427109464,Upregulated
sk_faoxc164x,15.723833569165,Upregulated
sk_faoxc165c164m,34.0083427109464,Upregulated
sk_faoxc165c164x,15.723833569165,Upregulated
sk_faoxc16brx,53.6505420130487,Upregulated
sk_faoxc16c14m,21.7576318629583,Upregulated
sk_faoxc16c14x,3.40618450215412,Upregulated
sk_faoxc16dcc14dcx,36.1091861231282,Upregulated
sk_faoxc16dcr,36.1091861231282,Upregulated
sk_faoxc181c161m,39.382453760391,Upregulated
sk_faoxc182c162m,28.2383253922353,Upregulated
sk_faoxc183c163gm,29.5213376046879,Upregulated
sk_faoxc183c163m,32.3826898287009,Upregulated
sk_faoxc184c163m,35.0800667680537,Upregulated
sk_faoxc184c163x,26.7433706474396,Upregulated
sk_faoxc184c164m,34.0083350310429,Upregulated
sk_faoxc184c164x,15.723833569165,Upregulated
sk_faoxc184m,35.0800667680537,Upregulated
sk_faoxc184x,26.7433706474396,Upregulated
sk_faoxc185c164m,36.2427050615163,Upregulated
sk_faoxc185m,36.2427050615163,Upregulated
sk_faoxc204c184m,35.0800667680537,Upregulated
sk_faoxc204c205x,26.7433706474396,Upregulated
sk_faoxc205c184x,26.7433706474396,Upregulated
sk_faoxc205c185m,36.2427050615163,Upregulated
sk_faoxc225c204m,35.0800667680537,Upregulated
sk_faoxc225c204x,26.7433706474396,Upregulated
sk_faoxc225c226m,35.0800667680537,Upregulated
sk_faoxc225c226x,26.7433706474396,Upregulated
sk_faoxc225m,35.0800667680537,Upregulated
sk_faoxc225x,26.7433706474396,Upregulated
sk_faoxc226c205m,36.2427050634146,Upregulated
sk_faoxc226c225m,35.0800667680537,Upregulated
sk_faoxc226c225x,26.7433706474396,Upregulated
sk_faoxc226c227m,36.2427050634146,Upregulated
sk_faoxc226m,36.2427050634146,Upregulated
sk_faoxc227c226m,36.2427050634146,Upregulated
sk_faoxc61m,33.0519452644235,Upregulated
sk_faoxc61x,15.723833569165,Upregulated
sk_faoxc81c61m,33.0519452644235,Upregulated
sk_faoxc81c61x,15.723833569165,Upregulated
sk_faoxohc16c16dcc,36.1091861231282,Upregulated
sk_faoxtc101tc102m,50.3919353158314,Upregulated
sk_faoxtc102c101m,50.3919353158314,Upregulated
sk_faoxtc122tc101m,50.3919353158314,Upregulated
sk_faoxtc122m,50.3919353158314,Upregulated
sk_faoxtc142tc122m,50.3919353158314,Upregulated
sk_faoxtc162tc142m,50.3919156612958,Upregulated
sk_faoxtc182tc162m,50.391870063893,Upregulated
sk_foaxc122c101x,26.7433706474396,Upregulated
sk_hexcoaacbp,4.06648280161304,Upregulated
sk_hexdiactr,36.1091861231282,Upregulated
sk_hexdicoaacbpx,36.1091861231282,Upregulated
sk_ocd11coacpt1,39.3824743736855,Upregulated
sk_ocd11crncact,39.3824743736855,Upregulated
sk_ocd11crncpt2,39.3824743736855,Upregulated
sk_oct11efatp,71.9297796721024,Upregulated
sk_pristcoatcx,26.3949314188052,Upregulated
sk_sbcoaacotx,51.1321220302212,Upregulated
sk_scp21cx,26.3949088636139,Upregulated
sk_sebacact,54.0693327479651,Upregulated
sk_sebacidtx,54.0693314919122,Upregulated
sk_sebcoapet,54.0693314919122,Upregulated
sk_stcoatxc,26.3949263502389,Upregulated
sk_strdnccoatxc,15.723833569165,Upregulated
sk_subeactx,51.1321220302212,Upregulated
sk_subercact,51.3302302090658,Upregulated
sk_subercrot,51.3302302090658,Upregulated
sk_succcrot,40.4112087123255,Upregulated
sk_succoapet,63.970362234252,Upregulated
sk_pcholhstde,326.861575489467,Upregulated
sk_4hproltasct1,98.1170176778107,Upregulated
sk_cholestle,42.3861971172264,Upregulated
sk_dm_taur[c],39.2849893213951,Upregulated
sk_dpmvdc,0.454821584981695,Downregulated
sk_faddple,31.9742036844141,Upregulated
sk_fe2dmt1,99.2737947133543,Upregulated
sk_fe3mtp1,99.2583427656358,Upregulated
sk_fmnalkple,31.9742036844141,Upregulated
sk_mevk1c,0.454040977396301,Downregulated
sk_pmevkc,0.454821584981695,Downregulated
sk_rtotalfatpc,44.4140355024544,Upregulated
sk_sfcysc,193.528415768576,Upregulated
sk_sfcyse,193.528415768576,Upregulated
sk_4hpro_ltte,98.1170176778107,Upregulated
sk_5mtate,96.7406374064453,Upregulated
sk_arachdfatptc,54.2198256461478,Upregulated
sk_folabccte,26.3949425687578,Upregulated
sk_foloat2tc,26.3949425687578,Upregulated
sk_lgncfatptc,54.2197323581044,Upregulated
sk_nacsmctte,211.955341924844,Upregulated
sk_campt,29.4894951758455,Upregulated
sk_cgmpt,29.2053643472586,Upregulated
sk_r0295,110.588508756484,Upregulated
sk_biomass_maintenance,50.3445015024296,Upregulated
sk_biomass_maintenance_notrtr,26.4499567676395,Upregulated
sk_c14768td,76.2529851698338,Upregulated
sk_c14769td1,76.2530184072902,Upregulated
sk_c14770atp,30.4223778812193,Upregulated
sk_c14771atp,30.5194408022865,Upregulated
sk_c14826td,112.900414874011,Upregulated
sk_ce2537atp,26.3949084327119,Upregulated
sk_galtt,118.259351744503,Upregulated
sk_glyclttd,106.057983224653,Upregulated
sk_ind3act,99.3663491742705,Upregulated
sk_subeactd,51.1321215962091,Upregulated
sk_dhbptt,31.7587558746614,Upregulated
sk_homovalte,4.04849242644364,Upregulated
sk_glyclttm,106.057970085727,Upregulated
sk_pa_hstm,61.8434547027567,Upregulated
sk_r2514m,58.5393579410517,Upregulated
sk_acnamt2,12.2488034528691,Upregulated
sk_ugt1a10c,4.89202327274024,Upregulated
sk_unk3r,87.7422872445768,Upregulated
sk_34hpltm,41.3168356170422,Upregulated
sk_prostge2t2r,0.5,Downregulated
sk_sink_cholate[c],112.90034450798,Upregulated
sk_sink_lnlc[c],69.3061122659843,Upregulated
sk_sink_lnlccoa[c],59.5965751746851,Upregulated
sk_sink_lnlncgcoa[c],17.6367611864559,Upregulated
sk_sink_nadp[c],22.3874218615324,Upregulated
sk_sink_pmtcoa[c],4.04219392502083,Upregulated
sk_sink_dhcholestanate[c],19.3230635535904,Upregulated
sk_accoal,26.3949351058485,Upregulated
sk_acs,42.7550604671906,Upregulated
sk_adss,31.4848206788175,Upregulated
sk_aspta,91.133185411225,Upregulated
sk_bpnt,28.972475096054,Upregulated
sk_cbps,28.7747477647309,Upregulated
sk_co2t,0.144227081509969,Downregulated
sk_cpppgo,104.232357003972,Upregulated
sk_dm_atp_c_,26.3948962752868,Upregulated
sk_dpcoak,41.9562237693779,Upregulated
sk_fcltc,104.232361814175,Upregulated
sk_fero,99.2586741757831,Upregulated
sk_fmnat,31.9741684945243,Upregulated
sk_fpgs7,20.9530875335979,Upregulated
sk_gf6pta,8.86888535097905,Upregulated
sk_glns,17.9779369689871,Upregulated
sk_gmand,26.7594476797911,Upregulated
sk_gmps2,71.7125469133186,Upregulated
sk_gtpci,31.7587721268286,Upregulated
sk_h2co3d,0.144227094363886,Downregulated
sk_hex1,3575.31087506619,Upregulated
sk_hmbs,97.4090311595868,Upregulated
sk_impd,49.3895963022927,Upregulated
sk_man1pt2,10.0512650964606,Upregulated
sk_nnatr,54.2197839489304,Upregulated
sk_ntd1,26.3949334955103,Upregulated
sk_pgm,25.4097122001004,Upregulated
sk_pgmt,12.5078231265998,Upregulated
sk_pnp,366.175465473778,Upregulated
sk_pntk,85.2463771444309,Upregulated
sk_ppbngs,97.4090796124235,Upregulated
sk_ppcdc,85.2463771444309,Upregulated
sk_ppm,526.632133318923,Upregulated
sk_prpps,209.648521201145,Upregulated
sk_ptpat,54.2197722765595,Upregulated
sk_punp1,54.8351235773183,Upregulated
sk_punp5,119.325541479941,Upregulated
sk_rbfk,26.3949633095122,Upregulated
sk_rndr1,1698.31053318038,Upregulated
sk_rpi,291.056952038051,Upregulated
sk_spms,33.9203143635586,Upregulated
sk_tkt1,291.057815247907,Upregulated
sk_tkt2,291.05633332707,Upregulated
sk_tmdk1,46.7478402727243,Upregulated
sk_uag4e,4.83759894375355,Upregulated
sk_uagdp,19.1569854840237,Upregulated
sk_upp3s,104.232357003972,Upregulated
sk_uppdc1,104.232357003972,Upregulated
sk_r0082,391.802851596658,Upregulated
sk_r0220,54.2197334023145,Upregulated
sk_r0318,54.2197334023145,Upregulated
sk_r0422,391.802851596658,Upregulated
sk_accoac,24.3648236606495,Upregulated
sk_fpgs,26.394926952563,Upregulated
sk_ntd4,26.3949488690011,Upregulated
sk_ntd5,26.3949382330518,Upregulated
sk_ntd6,1697.86334772102,Upregulated
sk_ntd7,54.2483572686522,Upregulated
sk_ntd10,49.3896065475771,Upregulated
sk_ntd11,119.325551045206,Upregulated
sk_gcaldd,51.6995745995302,Upregulated
sk_abutd,33.9203143635586,Upregulated
sk_acyp,26.3949234946057,Upregulated
sk_aldd2x,3.3028945217324,Upregulated
sk_amank,60.262298199821,Upregulated
sk_facoal161,54.2198050179823,Upregulated
sk_galk,49.4726742953834,Upregulated
sk_gluprt,26.5033314561321,Upregulated
sk_glxo1,157.361254036078,Upregulated
sk_imactd,99.3663134980789,Upregulated
sk_mi1pp,61.7360981701522,Upregulated
sk_mi3pp,30.4787500831791,Upregulated
sk_mi4pp,52.7898504626468,Upregulated
sk_nt5c,26.394933511605,Upregulated
sk_ntd3,26.3949314156649,Upregulated
sk_ntd5_a,365.593106435069,Upregulated
sk_orndc,102.580836297589,Upregulated
sk_prfgs,26.5033314561321,Upregulated
sk_pydamk,78.1722018176297,Upregulated
sk_pydxnk,62.5582555491158,Upregulated
sk_tmds,6367.71396557347,Upregulated
sk_tyrta,95.6383323976724,Upregulated
sk_r0392,37.3050446085086,Upregulated
sk_fthfl,20.4165771598977,Upregulated
sk_mtri,87.7422872445768,Upregulated
sk_phpyrtm,107.495061509073,Upregulated
sk_vanilpyrc,12.6527067800966,Upregulated
sk_vanillacc,12.6527067800966,Upregulated
sk_vanillacte,12.6527067800966,Upregulated
sk_2m3ovcoam,142.783731442232,Upregulated
sk_2m3ovacm,142.783731442287,Upregulated
sk_2m3ovactm,142.783731442287,Upregulated
sk_2m3hvacc,142.783731442232,Upregulated
sk_2m3hvacte,142.783731442287,Upregulated
sk_3mglutacc,206.880886726936,Upregulated
sk_3mglutactm,206.880886726936,Upregulated
sk_3mglutacte,206.880886726936,Upregulated
sk_tigglyc,134.670445155076,Upregulated
sk_tigglytm,134.671554119223,Upregulated
sk_tigglyte,134.671554119223,Upregulated
sk_hexglyc,71.0850529021419,Upregulated
sk_hexglyte,71.0850529021419,Upregulated
sk_subglyc,51.3302302090658,Upregulated
sk_subglyte,51.3302302090658,Upregulated
sk_ce2537abct,26.3949084327119,Upregulated
sk_pe12_hsabct,26.3948949128844,Upregulated
sk_pe13_hsabct,26.3948949128844,Upregulated
sk_pe14_hsabct,26.3948949128844,Upregulated
sk_pe15_hsabct,26.3948949128844,Upregulated
sk_pe161_hsabct,26.3948949128844,Upregulated
sk_pe17_hsabct,26.3948949128844,Upregulated
sk_pe203_hsabct,26.3948949128844,Upregulated
sk_pe226_hsabct,26.3949115360655,Upregulated
sk_pe2linl_hsabct,26.3949115360655,Upregulated
sk_pear_hsabct,26.3949115360655,Upregulated
sk_pedh203_hsabct,26.3949115360655,Upregulated
sk_pelinl_hsabct,26.3949115360655,Upregulated
sk_pelpalm_hsabct,26.3949115360655,Upregulated
sk_peole_hsabct,26.3949115360655,Upregulated
sk_peste_hsabct,26.3949115360655,Upregulated
sk_pe12_hst1e,26.3948949128844,Upregulated
sk_pe13_hst1e,26.3948949128844,Upregulated
sk_pe14_hst1e,26.3948949128844,Upregulated
sk_pe15_hst1e,26.3948949128844,Upregulated
sk_pe161_hst1e,26.3948949128844,Upregulated
sk_pe17_hst1e,26.3948949128844,Upregulated
sk_pe203_hst1e,26.3948949128844,Upregulated
sk_pe226_hst1e,26.3949115360655,Upregulated
sk_pe2linl_hst1e,26.3949115360655,Upregulated
sk_pear_hst1e,26.3949115360655,Upregulated
sk_pedh203_hst1e,26.3949115360655,Upregulated
sk_pelinl_hst1e,26.3949115360655,Upregulated
sk_peole_hst1e,26.3949115360655,Upregulated
sk_pelpalm_hst1e,26.3949115360655,Upregulated
sk_peste_hst1e,26.3949115360655,Upregulated
sk_sphmyln_hsatpte,25.6037966535651,Upregulated
sk_ce2006te,31.8878233280345,Upregulated
sk_2hyoxplcte,99.3619291721176,Upregulated
sk_sphs1pt2e,26.394914583425,Upregulated
sk_mlthfte1,26.394925848341,Upregulated
sk_c05769te2,97.4090353044767,Upregulated
sk_udpg4dopa,35.0527755121873,Upregulated
sk_udpg3dopa,35.0527660084565,Upregulated
sk_dopa4glcurt,35.0527755121873,Upregulated
sk_dopa3glcurt,35.0527660084565,Upregulated
sk_ce5026t,26.3949281055447,Upregulated
sk_ggte_1,26.3949281055447,Upregulated
sk_cysglyptasee_1,26.3949281055447,Upregulated
sk_dopaoqcys,144.569529633364,Upregulated
sk_bgal1l,39.0619305568675,Upregulated
sk_bgal2l,12.4066160644364,Upregulated
sk_crmte,26.9051900952155,Upregulated
sk_ga1tl,12.4066160644364,Upregulated
sk_gba2e,26.9051900952155,Upregulated
sk_hexahbl,12.4066160644364,Upregulated
sk_neu11l,39.0619305568675,Upregulated
sk_neu310e,12.4066160644364,Upregulated
sk_neu33e,12.2487998761753,Upregulated
sk_neu34e,12.2487998761753,Upregulated
sk_neu36e,12.2487998761753,Upregulated
sk_neu38n,106.953434367692,Upregulated
sk_neu39e,12.4066160644364,Upregulated
sk_sphmylntl2,25.6037966535651,Upregulated
sk_dm_gm1_hs[n],106.953434367692,Upregulated
sk_gd1atn,106.953434367692,Upregulated
sk_atptg,26.3949042945694,Upregulated
sk_dm_pail35p_hs[n],103.959543321764,Upregulated
sk_catr,309.699241282598,Upregulated
sk_dm_pcreat[c],12.6628555445131,Upregulated
sk_hmr_0188,54.2198187107276,Upregulated
sk_hmr_0189,54.2198187107276,Upregulated
sk_hmr_0191,26.3949172286726,Upregulated
sk_hmr_0192,54.2198212213177,Upregulated
sk_hmr_0193,54.2198212213177,Upregulated
sk_hmr_0194,26.3949172286726,Upregulated
sk_hmr_0197,86.1012465744655,Upregulated
sk_hmr_0200,53.1836549586014,Upregulated
sk_hmr_0201,54.2198012560541,Upregulated
sk_hmr_0203,26.3949483770736,Upregulated
sk_hmr_0204,54.2198046070402,Upregulated
sk_hmr_0206,54.2198046070402,Upregulated
sk_hmr_0207,26.3949483770736,Upregulated
sk_hmr_0208,26.3949071939623,Upregulated
sk_hmr_0209,54.2197599405691,Upregulated
sk_hmr_0210,54.2198631529874,Upregulated
sk_hmr_0211,26.3949098232121,Upregulated
sk_hmr_0214,54.2197940821125,Upregulated
sk_hmr_0230,67.6146819750756,Upregulated
sk_hmr_0232,26.3949278780063,Upregulated
sk_hmr_0233,54.2198454044478,Upregulated
sk_hmr_0234,54.2198454044478,Upregulated
sk_hmr_0235,26.3949278780063,Upregulated
sk_hmr_0238,54.2198050167507,Upregulated
sk_hmr_0240,26.3949262672112,Upregulated
sk_hmr_0241,54.2198800302576,Upregulated
sk_hmr_0242,54.2198800302576,Upregulated
sk_hmr_0243,26.3949262672112,Upregulated
sk_hmr_0244,26.3949262672112,Upregulated
sk_hmr_0245,54.2198800302576,Upregulated
sk_hmr_0246,54.2198800302576,Upregulated
sk_hmr_0247,26.3949262672112,Upregulated
sk_hmr_0254,26.3949262127871,Upregulated
sk_hmr_0255,54.2198019926965,Upregulated
sk_hmr_0256,54.2198019926965,Upregulated
sk_hmr_0257,26.3949262127871,Upregulated
sk_hmr_0259,54.2197934279103,Upregulated
sk_hmr_0260,54.2198172454982,Upregulated
sk_hmr_0267,54.2206333314815,Upregulated
sk_hmr_0268,7.0954466664358,Upregulated
sk_hmr_0270,26.3949199678768,Upregulated
sk_hmr_0271,60.6924178095433,Upregulated
sk_hmr_0272,60.6924178095433,Upregulated
sk_hmr_0273,26.3949199678768,Upregulated
sk_hmr_0276,54.2198281851141,Upregulated
sk_hmr_0278,26.3949199678768,Upregulated
sk_hmr_0279,54.2197990447952,Upregulated
sk_hmr_0280,54.2197990447952,Upregulated
sk_hmr_0281,26.3949199678768,Upregulated
sk_hmr_0288,26.3949199678768,Upregulated
sk_hmr_0289,54.2198144212049,Upregulated
sk_hmr_0290,54.2198144212049,Upregulated
sk_hmr_0291,26.3949199678768,Upregulated
sk_hmr_0293,54.2198121765254,Upregulated
sk_hmr_0296,26.3949238732065,Upregulated
sk_hmr_0297,54.2198165090312,Upregulated
sk_hmr_0298,54.2198165090312,Upregulated
sk_hmr_0299,26.3949238732065,Upregulated
sk_hmr_0300,26.3949255020566,Upregulated
sk_hmr_0301,54.2198171811471,Upregulated
sk_hmr_0302,54.2198171811471,Upregulated
sk_hmr_0303,26.3949255020566,Upregulated
sk_hmr_0304,26.3949255020566,Upregulated
sk_hmr_0305,54.2198157519351,Upregulated
sk_hmr_0306,54.2198157519351,Upregulated
sk_hmr_0307,26.3949255020566,Upregulated
sk_hmr_0308,26.3949238732065,Upregulated
sk_hmr_0309,54.2198161343459,Upregulated
sk_hmr_0310,54.2198161343459,Upregulated
sk_hmr_0311,26.3949238732065,Upregulated
sk_hmr_0322,26.3949150642647,Upregulated
sk_hmr_0323,54.219800349803,Upregulated
sk_hmr_0324,54.219800349803,Upregulated
sk_hmr_0325,26.3949150642647,Upregulated
sk_hmr_0326,26.394895883119,Upregulated
sk_hmr_0327,54.2197690166693,Upregulated
sk_hmr_0328,54.2197690166693,Upregulated
sk_hmr_0329,26.394895883119,Upregulated
sk_hmr_0342,54.2198252194653,Upregulated
sk_hmr_0344,26.394895883119,Upregulated
sk_hmr_0345,54.2198154772982,Upregulated
sk_hmr_0346,54.2198154772982,Upregulated
sk_hmr_0347,26.394895883119,Upregulated
sk_hmr_0350,433.758521662979,Upregulated
sk_hmr_0358,54.2197888003008,Upregulated
sk_hmr_0362,70.2539712152175,Upregulated
sk_hmr_0366,54.2198421942126,Upregulated
sk_hmr_0370,54.2197890135684,Upregulated
sk_hmr_0374,54.2197888706473,Upregulated
sk_hmr_0378,54.2198013401439,Upregulated
sk_hmr_0380,26.3949068810387,Upregulated
sk_hmr_0381,54.2198041265397,Upregulated
sk_hmr_0382,54.2198041265397,Upregulated
sk_hmr_0383,26.3949068810387,Upregulated
sk_hmr_0384,26.3949068810387,Upregulated
sk_hmr_0385,54.2198044819112,Upregulated
sk_hmr_0386,54.2198044819112,Upregulated
sk_hmr_0387,26.3949068810387,Upregulated
sk_hmr_0388,26.3949206753395,Upregulated
sk_hmr_0389,54.2198512000049,Upregulated
sk_hmr_0390,54.2198512000049,Upregulated
sk_hmr_0391,26.3949206753395,Upregulated
sk_hmr_0392,26.394907258925,Upregulated
sk_hmr_0393,54.2198265482465,Upregulated
sk_hmr_0394,54.2198265482465,Upregulated
sk_hmr_0395,26.394907258925,Upregulated
sk_hmr_0398,60.6345072249454,Upregulated
sk_hmr_0402,7.57732081835076,Upregulated
sk_hmr_0406,54.2198007995782,Upregulated
sk_hmr_0410,54.2197838435758,Upregulated
sk_hmr_0414,54.2197843648905,Upregulated
sk_hmr_0418,54.2197992266352,Upregulated
sk_hmr_0422,54.2197849849486,Upregulated
sk_hmr_0426,54.2198025712901,Upregulated
sk_hmr_0428,26.394912312787,Upregulated
sk_hmr_0429,54.2198280666846,Upregulated
sk_hmr_0430,54.2198280666846,Upregulated
sk_hmr_0431,26.394912312787,Upregulated
sk_hmr_0432,26.3949323541725,Upregulated
sk_hmr_0433,54.2197873668976,Upregulated
sk_hmr_0434,54.2197873668976,Upregulated
sk_hmr_0435,26.3949323541725,Upregulated
sk_hmr_0436,26.3949323541725,Upregulated
sk_hmr_0437,54.2197984270948,Upregulated
sk_hmr_0438,54.2197984270948,Upregulated
sk_hmr_0439,26.3949323541725,Upregulated
sk_hmr_0593,26.3949546389228,Upregulated
sk_hmr_0597,43.3687851212675,Upregulated
sk_hmr_0598,32.1514902963443,Upregulated
sk_hmr_0601,26.3949546389228,Upregulated
sk_hmr_0614,32.1514904520796,Upregulated
sk_hmr_0625,43.3687851212675,Upregulated
sk_hmr_0629,43.3687851212675,Upregulated
sk_hmr_0642,32.1514902963443,Upregulated
sk_hmr_0672,26.3949546389228,Upregulated
sk_hmr_0678,26.3949546389228,Upregulated
sk_hmr_0761,26.9051758979889,Upregulated
sk_hmr_0767,26.3949302223747,Upregulated
sk_hmr_0775,26.3949226971109,Upregulated
sk_hmr_0805,19.1569464843879,Upregulated
sk_hmr_0807,19.1569464843879,Upregulated
sk_hmr_0808,277.467363422771,Upregulated
sk_hmr_0815,19.1569489694592,Upregulated
sk_hmr_0816,2.37356857636992,Upregulated
sk_hmr_0817,66.1718102479427,Upregulated
sk_hmr_0821,19.1569381650943,Upregulated
sk_hmr_0825,73.3766806303089,Upregulated
sk_hmr_0828,36.6883424871853,Upregulated
sk_hmr_0835,39.0619305568675,Upregulated
sk_hmr_0836,39.0619305568675,Upregulated
sk_hmr_0837,462.042506810224,Upregulated
sk_hmr_0844,167.406564598308,Upregulated
sk_hmr_0846,54.2198050070707,Upregulated
sk_hmr_0847,54.2197774661618,Upregulated
sk_hmr_0849,36.6883790629273,Upregulated
sk_hmr_0942,76.2529851698338,Upregulated
sk_hmr_0946,76.2530184072902,Upregulated
sk_hmr_0950,30.4223778812193,Upregulated
sk_hmr_0954,30.5194408022865,Upregulated
sk_hmr_0960,747.128327954014,Upregulated
sk_hmr_0962,43.5203110836241,Upregulated
sk_hmr_0963,43.5203110836241,Upregulated
sk_hmr_1127,43.5203110836241,Upregulated
sk_hmr_1129,31.3824990805593,Upregulated
sk_hmr_1311,0.5,Downregulated
sk_hmr_1470,3.01656855827236,Upregulated
sk_hmr_1473,3.01656855827236,Upregulated
sk_hmr_1627,35.8911299443042,Upregulated
sk_hmr_1629,64.4224665544815,Upregulated
sk_hmr_1630,35.8911444718563,Upregulated
sk_hmr_1637,35.891140727842,Upregulated
sk_hmr_1651,35.8911100541031,Upregulated
sk_hmr_1653,35.8911100541031,Upregulated
sk_hmr_1665,35.8911489292895,Upregulated
sk_hmr_1666,70.3831084051619,Upregulated
sk_hmr_1681,98.7485040045238,Upregulated
sk_hmr_1706,130.884909635969,Upregulated
sk_hmr_1735,752.358026108057,Upregulated
sk_hmr_1737,752.358026108057,Upregulated
sk_hmr_1738,752.358026108057,Upregulated
sk_hmr_1739,752.358026108057,Upregulated
sk_hmr_1740,752.358026108057,Upregulated
sk_hmr_1742,752.358026108057,Upregulated
sk_hmr_1744,752.358026108057,Upregulated
sk_hmr_1746,752.358026108057,Upregulated
sk_hmr_1748,752.358026108057,Upregulated
sk_hmr_1750,752.358026108057,Upregulated
sk_hmr_1752,752.358026108057,Upregulated
sk_hmr_1754,752.358026108057,Upregulated
sk_hmr_1758,752.358026108057,Upregulated
sk_hmr_1760,752.358026108057,Upregulated
sk_hmr_1762,2361.86109105513,Upregulated
sk_hmr_1765,2361.86109105513,Upregulated
sk_hmr_1897,26.3949150646557,Upregulated
sk_hmr_1916,26.3949182352463,Upregulated
sk_hmr_2190,29.166967006959,Upregulated
sk_hmr_2193,29.166967006959,Upregulated
sk_hmr_2210,30.4250696364315,Upregulated
sk_hmr_2211,51.9577280377606,Upregulated
sk_hmr_2215,29.0603124834278,Upregulated
sk_hmr_2217,29.0603124834278,Upregulated
sk_hmr_2218,29.0603124834278,Upregulated
sk_hmr_2219,29.0603124834278,Upregulated
sk_hmr_2259,30.4250862342372,Upregulated
sk_hmr_2260,30.4250862342372,Upregulated
sk_hmr_2261,30.4250862342372,Upregulated
sk_hmr_2262,30.4250862342372,Upregulated
sk_hmr_2263,30.4250783164778,Upregulated
sk_hmr_2264,30.4250783164778,Upregulated
sk_hmr_2265,30.4250783164778,Upregulated
sk_hmr_2266,30.4250783164778,Upregulated
sk_hmr_2293,98.5262608030012,Upregulated
sk_hmr_2296,60.6923177893688,Upregulated
sk_hmr_2342,30.4250767622386,Upregulated
sk_hmr_2343,30.4250767622386,Upregulated
sk_hmr_2344,30.4250767622386,Upregulated
sk_hmr_2345,30.4250767622386,Upregulated
sk_hmr_2347,38.4816897611844,Upregulated
sk_hmr_2348,38.4816897611844,Upregulated
sk_hmr_2349,38.4816897611844,Upregulated
sk_hmr_2350,38.4816897611844,Upregulated
sk_hmr_2353,35.181083516621,Upregulated
sk_hmr_2354,35.181083516621,Upregulated
sk_hmr_2355,35.181083516621,Upregulated
sk_hmr_2356,35.181083516621,Upregulated
sk_hmr_2361,38.0940348187746,Upregulated
sk_hmr_2362,38.0940348187746,Upregulated
sk_hmr_2363,38.0940348187746,Upregulated
sk_hmr_2364,38.0940348187746,Upregulated
sk_hmr_2365,42.2504163358584,Upregulated
sk_hmr_2395,21.1305794067074,Upregulated
sk_hmr_2433,29.7186027414573,Upregulated
sk_hmr_2434,29.7186027414573,Upregulated
sk_hmr_2435,29.7186027414573,Upregulated
sk_hmr_2436,29.7186027414573,Upregulated
sk_hmr_2440,31.8878233280345,Upregulated
sk_hmr_2457,112.900414871302,Upregulated
sk_hmr_2530,33.2308923689138,Upregulated
sk_hmr_2533,33.2308923689138,Upregulated
sk_hmr_2535,33.2308923689138,Upregulated
sk_hmr_2537,33.2308923689138,Upregulated
sk_hmr_2540,31.9880939948547,Upregulated
sk_hmr_2541,31.9880939948547,Upregulated
sk_hmr_2542,31.9880939948547,Upregulated
sk_hmr_2543,31.9880939948547,Upregulated
sk_hmr_2569,62.2368456341265,Upregulated
sk_hmr_2581,105.720940107729,Upregulated
sk_hmr_2602,63.6992966844213,Upregulated
sk_hmr_2603,63.6992966844213,Upregulated
sk_hmr_2604,63.6992966844213,Upregulated
sk_hmr_2620,6.82558828734374,Upregulated
sk_hmr_2635,17.5820538933113,Upregulated
sk_hmr_2657,25.6075973510033,Upregulated
sk_hmr_2660,74.9203582560565,Upregulated
sk_hmr_2661,74.9203582560565,Upregulated
sk_hmr_2662,74.9203582560565,Upregulated
sk_hmr_2669,56.7530318776105,Upregulated
sk_hmr_2675,30.4250834198868,Upregulated
sk_hmr_2676,30.4250834198868,Upregulated
sk_hmr_2677,30.4250834198868,Upregulated
sk_hmr_2681,30.4250767622386,Upregulated
sk_hmr_2687,38.4817240881064,Upregulated
sk_hmr_2690,38.0940538976109,Upregulated
sk_hmr_2691,38.0940538976109,Upregulated
sk_hmr_2693,42.2504163358584,Upregulated
sk_hmr_2695,42.2504163358584,Upregulated
sk_hmr_2701,30.4250783399699,Upregulated
sk_hmr_2704,167.689189036813,Upregulated
sk_hmr_2705,0.298861326367542,Downregulated
sk_hmr_2708,35.181083516621,Upregulated
sk_hmr_2733,33.2308824077901,Upregulated
sk_hmr_2734,33.2308824077901,Upregulated
sk_hmr_2736,31.9880939948547,Upregulated
sk_hmr_2737,31.9880939948547,Upregulated
sk_hmr_2739,30.6397561924259,Upregulated
sk_hmr_2740,30.6397561924259,Upregulated
sk_hmr_2768,49.9472048034418,Upregulated
sk_hmr_2771,29.7186027414573,Upregulated
sk_hmr_2772,29.7186027414573,Upregulated
sk_hmr_2774,30.7689206224207,Upregulated
sk_hmr_2775,30.7689206224207,Upregulated
sk_hmr_2857,54.4634892268723,Upregulated
sk_hmr_2865,62.2368456341265,Upregulated
sk_hmr_2866,62.2368456341265,Upregulated
sk_hmr_2942,54.2198070766727,Upregulated
sk_hmr_2943,54.2198070766727,Upregulated
sk_hmr_2944,54.2198070766727,Upregulated
sk_hmr_2945,54.2198070766727,Upregulated
sk_hmr_2946,54.2198070766727,Upregulated
sk_hmr_2947,54.2198070766727,Upregulated
sk_hmr_2948,54.2198070766727,Upregulated
sk_hmr_2951,54.2198070766727,Upregulated
sk_hmr_2954,54.2198070766727,Upregulated
sk_hmr_2955,54.2198070766727,Upregulated
sk_hmr_2956,54.2198070766727,Upregulated
sk_hmr_2961,54.2198070766727,Upregulated
sk_hmr_2962,54.2198070766727,Upregulated
sk_hmr_2963,54.2198070766727,Upregulated
sk_hmr_2964,54.2198070766727,Upregulated
sk_hmr_2965,54.2198070766727,Upregulated
sk_hmr_2966,54.2198070766727,Upregulated
sk_hmr_2967,54.2198070766727,Upregulated
sk_hmr_2968,54.2198070766727,Upregulated
sk_hmr_2969,54.2198070766727,Upregulated
sk_hmr_2970,54.2198070766727,Upregulated
sk_hmr_2971,54.2198070766727,Upregulated
sk_hmr_2972,54.2198070766727,Upregulated
sk_hmr_2973,54.2197821685448,Upregulated
sk_hmr_2974,54.2197912298438,Upregulated
sk_hmr_2975,54.2197912298438,Upregulated
sk_hmr_2976,54.2197912298438,Upregulated
sk_hmr_2977,54.2197912298438,Upregulated
sk_hmr_2978,54.2197912298438,Upregulated
sk_hmr_2979,54.2197912298438,Upregulated
sk_hmr_2980,54.2197912298438,Upregulated
sk_hmr_2982,54.2197934315174,Upregulated
sk_hmr_2983,54.2198239596461,Upregulated
sk_hmr_2985,54.2198239596461,Upregulated
sk_hmr_2986,54.2198239596461,Upregulated
sk_hmr_2988,54.2198239596461,Upregulated
sk_hmr_2989,54.2198239596461,Upregulated
sk_hmr_2990,54.2198239596461,Upregulated
sk_hmr_2994,54.2197955353493,Upregulated
sk_hmr_2998,54.2198239596461,Upregulated
sk_hmr_2999,54.2198239596461,Upregulated
sk_hmr_3001,54.2198239596461,Upregulated
sk_hmr_3002,54.2198239596461,Upregulated
sk_hmr_3003,54.2198239596461,Upregulated
sk_hmr_3021,21.1305874826978,Upregulated
sk_hmr_3053,21.1305874826978,Upregulated
sk_hmr_3057,29.0603124834278,Upregulated
sk_hmr_3058,29.0603124834278,Upregulated
sk_hmr_3059,29.0603124834278,Upregulated
sk_hmr_3062,29.0603124834278,Upregulated
sk_hmr_3063,29.0603124834278,Upregulated
sk_hmr_3064,29.0603124834278,Upregulated
sk_hmr_3065,29.0603124834278,Upregulated
sk_hmr_3066,29.0603124834278,Upregulated
sk_hmr_3067,29.0603124834278,Upregulated
sk_hmr_3068,29.0603124834278,Upregulated
sk_hmr_3069,29.0603124834278,Upregulated
sk_hmr_3070,29.0603124834278,Upregulated
sk_hmr_3071,29.0603124834278,Upregulated
sk_hmr_3072,29.0603124834278,Upregulated
sk_hmr_3073,29.0603124834278,Upregulated
sk_hmr_3074,11.9375045849026,Upregulated
sk_hmr_3075,11.9375045849026,Upregulated
sk_hmr_3076,11.9375045849026,Upregulated
sk_hmr_3102,6.53942544859372,Upregulated
sk_hmr_3107,167.689189036813,Upregulated
sk_hmr_3108,167.689189036813,Upregulated
sk_hmr_3109,167.689189036813,Upregulated
sk_hmr_3110,167.689189036813,Upregulated
sk_hmr_3111,167.630708017017,Upregulated
sk_hmr_3112,167.630708017017,Upregulated
sk_hmr_3113,167.630708017017,Upregulated
sk_hmr_3114,167.630708017017,Upregulated
sk_hmr_3115,47.9272071315422,Upregulated
sk_hmr_3116,24.1969169647992,Upregulated
sk_hmr_3117,24.1969169647992,Upregulated
sk_hmr_3118,24.1969169647992,Upregulated
sk_hmr_3121,46.8481999908765,Upregulated
sk_hmr_3128,46.8482043302204,Upregulated
sk_hmr_3135,46.8481951701097,Upregulated
sk_hmr_3142,46.8481211787584,Upregulated
sk_hmr_3149,46.8482013812133,Upregulated
sk_hmr_3156,46.84817462037,Upregulated
sk_hmr_3170,30.4250783399699,Upregulated
sk_hmr_3171,30.4250783399699,Upregulated
sk_hmr_3172,30.4250783399699,Upregulated
sk_hmr_3173,30.4250783399699,Upregulated
sk_hmr_3174,30.4250875307706,Upregulated
sk_hmr_3175,30.4250875307706,Upregulated
sk_hmr_3176,30.4250875307706,Upregulated
sk_hmr_3177,30.4250875307706,Upregulated
sk_hmr_3218,0.298861326801328,Downregulated
sk_hmr_3219,0.298861326801328,Downregulated
sk_hmr_3220,0.298861326801328,Downregulated
sk_hmr_3221,0.298861326801328,Downregulated
sk_hmr_3229,21.2980601600346,Upregulated
sk_hmr_3230,14.8574172500029,Upregulated
sk_hmr_3231,14.8574172500029,Upregulated
sk_hmr_3232,14.8574172500029,Upregulated
sk_hmr_3233,14.8574172500029,Upregulated
sk_hmr_3234,14.857413891442,Upregulated
sk_hmr_3235,14.857413891442,Upregulated
sk_hmr_3236,14.857413891442,Upregulated
sk_hmr_3237,14.857413891442,Upregulated
sk_hmr_3240,30.4250767622386,Upregulated
sk_hmr_3241,30.4250767622386,Upregulated
sk_hmr_3242,30.4250767622386,Upregulated
sk_hmr_3243,30.4250767622386,Upregulated
sk_hmr_3244,98.5263085091574,Upregulated
sk_hmr_3245,98.5263085091574,Upregulated
sk_hmr_3246,98.5263085091574,Upregulated
sk_hmr_3247,98.5263085091574,Upregulated
sk_hmr_3296,28.9231882702561,Upregulated
sk_hmr_3321,12.1560696618486,Upregulated
sk_hmr_3322,24.2512710764387,Upregulated
sk_hmr_3398,83.2827242160193,Upregulated
sk_hmr_3406,36.1322121140955,Upregulated
sk_hmr_3407,43.1590161596854,Upregulated
sk_hmr_3408,56.7530318776105,Upregulated
sk_hmr_3409,58.058202169607,Upregulated
sk_hmr_3411,38.4817240881064,Upregulated
sk_hmr_3413,38.0940538976109,Upregulated
sk_hmr_3414,42.2504163358584,Upregulated
sk_hmr_3416,35.181083516621,Upregulated
sk_hmr_3421,32.4525864709385,Upregulated
sk_hmr_3422,36.8367574672687,Upregulated
sk_hmr_3423,49.9472048034418,Upregulated
sk_hmr_3424,29.7186027414573,Upregulated
sk_hmr_3425,30.7689206224207,Upregulated
sk_hmr_3426,44.1208687280007,Upregulated
sk_hmr_3427,30.8052907629238,Upregulated
sk_hmr_3428,45.9223150623087,Upregulated
sk_hmr_3429,30.8053117849512,Upregulated
sk_hmr_3431,33.2308824077901,Upregulated
sk_hmr_3432,31.9880939948547,Upregulated
sk_hmr_3433,30.6397561924259,Upregulated
sk_hmr_3446,55.7169728975187,Upregulated
sk_hmr_3447,55.7169728975187,Upregulated
sk_hmr_3448,27.926879040665,Upregulated
sk_hmr_3449,55.5562064260617,Upregulated
sk_hmr_3450,55.5562064260617,Upregulated
sk_hmr_3451,55.5562064260617,Upregulated
sk_hmr_3452,42.0460078906397,Upregulated
sk_hmr_3453,42.0460078906397,Upregulated
sk_hmr_3454,42.0460078906397,Upregulated
sk_hmr_3456,42.0460078906397,Upregulated
sk_hmr_3457,42.0460078906397,Upregulated
sk_hmr_3475,502.669568701857,Upregulated
sk_hmr_3491,53.6505260580946,Upregulated
sk_hmr_3625,54.2198070766727,Upregulated
sk_hmr_3626,54.2198070766727,Upregulated
sk_hmr_3627,54.2198070766727,Upregulated
sk_hmr_3628,54.2198070766727,Upregulated
sk_hmr_3629,54.2198070766727,Upregulated
sk_hmr_3630,54.2198070766727,Upregulated
sk_hmr_3631,54.2198070766727,Upregulated
sk_hmr_3633,54.2198070766727,Upregulated
sk_hmr_3635,54.2198070766727,Upregulated
sk_hmr_3636,54.2198070766727,Upregulated
sk_hmr_3637,54.2198070766727,Upregulated
sk_hmr_3639,54.2198070766727,Upregulated
sk_hmr_3640,54.2198070766727,Upregulated
sk_hmr_3642,54.2198070766727,Upregulated
sk_hmr_3644,54.2198070766727,Upregulated
sk_hmr_3645,54.2198070766727,Upregulated
sk_hmr_3646,54.2198070766727,Upregulated
sk_hmr_3647,54.2198070766727,Upregulated
sk_hmr_3648,54.2198070766727,Upregulated
sk_hmr_3649,54.2198070766727,Upregulated
sk_hmr_3650,54.2198070766727,Upregulated
sk_hmr_3651,54.2198070766727,Upregulated
sk_hmr_3652,54.2198070766727,Upregulated
sk_hmr_3654,54.2197912298438,Upregulated
sk_hmr_3655,54.2197912298438,Upregulated
sk_hmr_3656,54.2197912298438,Upregulated
sk_hmr_3657,54.2197912298438,Upregulated
sk_hmr_3658,54.2197912298438,Upregulated
sk_hmr_3659,54.2197912298438,Upregulated
sk_hmr_3660,54.2197912298438,Upregulated
sk_hmr_3663,54.2198239596461,Upregulated
sk_hmr_3664,70.2538766131405,Upregulated
sk_hmr_3665,54.2198239596461,Upregulated
sk_hmr_3666,54.2198239596461,Upregulated
sk_hmr_3667,54.2197947361598,Upregulated
sk_hmr_3668,54.2198239596461,Upregulated
sk_hmr_3669,54.2198239596461,Upregulated
sk_hmr_3670,54.2198239596461,Upregulated
sk_hmr_3675,54.2197955353493,Upregulated
sk_hmr_3677,54.2198239596461,Upregulated
sk_hmr_3678,54.2198239596461,Upregulated
sk_hmr_3679,54.2198111769401,Upregulated
sk_hmr_3680,54.2198239596461,Upregulated
sk_hmr_3681,54.2198239596461,Upregulated
sk_hmr_3682,54.2198239596461,Upregulated
sk_hmr_3684,54.2198070766727,Upregulated
sk_hmr_3685,54.2198070766727,Upregulated
sk_hmr_3686,54.2198070766727,Upregulated
sk_hmr_3687,54.2198070766727,Upregulated
sk_hmr_3688,54.2198070766727,Upregulated
sk_hmr_3689,54.2198070766727,Upregulated
sk_hmr_3690,54.2198070766727,Upregulated
sk_hmr_3692,54.2198070766727,Upregulated
sk_hmr_3694,54.2198070766727,Upregulated
sk_hmr_3695,54.2198070766727,Upregulated
sk_hmr_3696,54.2198070766727,Upregulated
sk_hmr_3698,54.2198070766727,Upregulated
sk_hmr_3699,54.2198070766727,Upregulated
sk_hmr_3701,54.2198070766727,Upregulated
sk_hmr_3703,54.2198070766727,Upregulated
sk_hmr_3704,54.2198070766727,Upregulated
sk_hmr_3705,54.2198070766727,Upregulated
sk_hmr_3706,54.2198070766727,Upregulated
sk_hmr_3707,54.2198070766727,Upregulated
sk_hmr_3708,54.2198070766727,Upregulated
sk_hmr_3709,54.2198070766727,Upregulated
sk_hmr_3710,54.2198070766727,Upregulated
sk_hmr_3711,54.2198070766727,Upregulated
sk_hmr_3713,54.2197912298438,Upregulated
sk_hmr_3714,54.2197912298438,Upregulated
sk_hmr_3715,54.2197912298438,Upregulated
sk_hmr_3716,54.2197912298438,Upregulated
sk_hmr_3717,54.2197912298438,Upregulated
sk_hmr_3718,54.2197912298438,Upregulated
sk_hmr_3719,54.2197912298438,Upregulated
sk_hmr_3722,54.2198239596461,Upregulated
sk_hmr_3723,70.2538766131405,Upregulated
sk_hmr_3724,54.2198239596461,Upregulated
sk_hmr_3725,54.2198239596461,Upregulated
sk_hmr_3726,54.2197947361598,Upregulated
sk_hmr_3727,54.2198239596461,Upregulated
sk_hmr_3728,54.2198239596461,Upregulated
sk_hmr_3729,54.2198239596461,Upregulated
sk_hmr_3734,54.2197955353493,Upregulated
sk_hmr_3736,54.2198239596461,Upregulated
sk_hmr_3737,54.2198239596461,Upregulated
sk_hmr_3738,54.2198111769401,Upregulated
sk_hmr_3739,54.2198239596461,Upregulated
sk_hmr_3740,54.2198239596461,Upregulated
sk_hmr_3741,54.2198239596461,Upregulated
sk_hmr_3831,55.3869789890194,Upregulated
sk_hmr_3864,214.640219388403,Upregulated
sk_hmr_4078,24.7341740138384,Upregulated
sk_hmr_4079,24.7341303073253,Upregulated
sk_hmr_4124,28.8572461778075,Upregulated
sk_hmr_4270,22.3874174800964,Upregulated
sk_hmr_4422,525.937063880745,Upregulated
sk_hmr_4592,29.5863502171476,Upregulated
sk_hmr_4757,104.232357003972,Upregulated
sk_hmr_4764,104.232338092216,Upregulated
sk_hmr_4776,98.1170176778107,Upregulated
sk_hmr_4777,117.39485044429,Upregulated
sk_hmr_5101,147.357185556457,Upregulated
sk_hmr_5387,87.7422872445768,Upregulated
sk_hmr_5389,87.7422872445768,Upregulated
sk_hmr_6545,26.3949264972151,Upregulated
sk_hmr_6549,26.3949385203562,Upregulated
sk_hmr_6550,26.3949242818402,Upregulated
sk_hmr_6584,26.3949042945694,Upregulated
sk_hmr_6595,13.1974600687359,Upregulated
sk_hmr_6629,4.93839510656199,Upregulated
sk_hmr_6647,4.92615501443798,Upregulated
sk_hmr_6729,93.2664664568122,Upregulated
sk_hmr_6782,41.3168356170422,Upregulated
sk_hmr_6907,41.2904857154998,Upregulated
sk_hmr_6908,41.2904857154998,Upregulated
sk_hmr_6909,41.2904857154998,Upregulated
sk_hmr_6910,41.2904857154998,Upregulated
sk_hmr_7198,28.8572536816547,Upregulated
sk_hmr_7255,41.2081735645838,Upregulated
sk_hmr_7256,41.2082663751801,Upregulated
sk_hmr_7628,199.827972217977,Upregulated
sk_hmr_7652,26.3949165460163,Upregulated
sk_hmr_7756,199.827972217977,Upregulated
sk_hmr_7757,40.4112087123255,Upregulated
sk_hmr_7758,48.5914618818135,Upregulated
sk_hmr_8562,125.244137918406,Upregulated
sk_hmr_8776,106.057970085727,Upregulated
sk_hmr_9639,218.732772444041,Upregulated
sk_hmr_9676,125.244137918406,Upregulated
sk_hmr_9679,502.669568701857,Upregulated
sk_hmr_9719,45.9223264365182,Upregulated
sk_hmr_9720,41.2081775317561,Upregulated
sk_hmr_9803,84.6961581980607,Upregulated
sk_hmr_9805,326.861855457275,Upregulated
sk_hmr_2957,54.2198004871166,Upregulated
sk_hmr_6580,26.3949042945694,Upregulated
sk_hmr_1635,35.891140727842,Upregulated
sk_hmr_1467,3.01656855827236,Upregulated
sk_hmr_1644,35.8911100541031,Upregulated
sk_hmr_4772,97.4090353044767,Upregulated
sk_12dhcholabc,26.3948858894025,Upregulated
sk_12dhcholt,26.3948858894025,Upregulated
sk_7dhcdcholabc,26.3948858894025,Upregulated
sk_7dhcdcholt,26.3948858894025,Upregulated
sk_7dhcholabc,26.3949277500183,Upregulated
sk_coprostabc,26.3949277500183,Upregulated
sk_icdcholabc,26.3949259484296,Upregulated
sk_isocholabc,26.3949204801773,Upregulated
sk_isocholt,26.3949204801773,Upregulated
sk_sink_leu_l[c],11.51259182777,Upregulated
sk_sink_arg_l[c],5.95594194238956,Upregulated
sk_sink_4abut[l],48.4312591793479,Upregulated
sk_dm_5cysdopa[c],144.569529633364,Upregulated
sk_dm_btn[m],297.525310627197,Upregulated
sk_nadh2_u10mi,10.3462405065303,Upregulated
sk_cyoom3i,400.584758388036,Upregulated
tr3mlda[e]_sk2bl,24.584793113394,Upregulated
trade[e]_sk2bl,55.3983102125455,Upregulated
trala_b[e]_sk2bl,24.7341240321496,Upregulated
trbilirub[e]_sk2bl,104.232301712479,Upregulated
troxa[e]_sk2bl,157.361187104856,Upregulated
trco[e]_sk2bl,104.232356093934,Upregulated
trelaid[e]_sk2bl,6.91576665452727,Upregulated
tr35cgmp[e]_sk2bl,29.2053643472586,Upregulated
trcamp[e]_sk2bl,29.4894951758455,Upregulated
trfucgalgbside_hs[e]_sk2bl,26.7594470447923,Upregulated
trglyc_s[e]_sk2bl,5587.70979373712,Upregulated
trgthox[e]_sk2bl,26.9750946153858,Upregulated
trretnglc[e]_sk2bl,4.92615501443798,Upregulated
trso4[e]_sk2bl,14.6841777042322,Upregulated
trurea[e]_sk2bl,218.766680831039,Upregulated
trco2[e]_sk2bl,80.0129384430914,Upregulated
tracac[e]_sk2bl,9.9207664033489,Upregulated
trhc02213[e]_sk2bl,105.720940107729,Upregulated
trglcur[e]_sk2bl,0.309750373459457,Downregulated
trce0074[e]_sk2bl,218.732772444041,Upregulated
trslfcys[e]_sk2bl,193.528415768576,Upregulated
trq10h2[e]_sk2bl,41.2732635393982,Upregulated
tr5mta[e]_sk2bl,96.7406374064453,Upregulated
tridour[e]_sk2bl,31.0651626325555,Upregulated
trcala[e]_sk2bl,8.50042150038043,Upregulated
tr4aabutn[e]_sk2bl,188.642344096038,Upregulated
trc14768[e]_sk2bl,76.2529851698338,Upregulated
trc14769[e]_sk2bl,76.2530184072902,Upregulated
trc14770[e]_sk2bl,30.4223778812193,Upregulated
trc14771[e]_sk2bl,30.5194408022865,Upregulated
trc14826[e]_sk2bl,112.900414871302,Upregulated
trsubeac[e]_sk2bl,51.1321228371516,Upregulated
trgalt[e]_sk2bl,118.259351744503,Upregulated
trglyclt[e]_sk2bl,106.057983224653,Upregulated
trind3ac[e]_sk2bl,99.3663491742705,Upregulated
trdhbpt[e]_sk2bl,31.7587558746614,Upregulated
trhomoval[e]_sk2bl,4.04849242644364,Upregulated
trhxan[e]_sk2bl,119.325540976506,Upregulated
tr2hyoxplac[e]_sk2bl,99.3619291721176,Upregulated
trvanillac[e]_sk2bl,12.6527067800966,Upregulated
tr2m3hvac[e]_sk2bl,142.783731442287,Upregulated
tr3mglutac[e]_sk2bl,206.880886726936,Upregulated
trtiggly[e]_sk2bl,134.671554119223,Upregulated
trhexgly[e]_sk2bl,71.0850529021419,Upregulated
trsubgly[e]_sk2bl,51.3302302090658,Upregulated
trc05769[e]_sk2bl,97.4090353044767,Upregulated
trce2006[e]_sk2bl,31.8878233280345,Upregulated
trce2705[e]_sk2bl,31.7587400039807,Upregulated
trim4ac[e]_sk2bl,99.3663134980789,Upregulated
trdopa4glcur[e]_sk2bl,35.0527755121873,Upregulated
trdopa3glcur[e]_sk2bl,35.0527660084565,Upregulated
trm02745[e]_sk2bl,28.0566425982897,Upregulated
trc01601[e]_sk2bl,31.8877546274153,Upregulated
trdolichol_l[e]_sk2bl,41.2081775317561,Upregulated
gn_3aibtm,13.9277837520303,Upregulated
gn_3aibtmi,13.9277837520303,Upregulated
gn_3hbcoahlm,22.9318640406413,Upregulated
gn_3hlytcl,8.68555830915093,Upregulated
gn_aasad3m,27.0525342000004,Upregulated
gn_abutt2rl,3.68388699821122,Upregulated
gn_acact1rm,1856.52606624865,Upregulated
gn_acact6p,27.9145598371441,Upregulated
gn_acact7p,27.9145598371441,Upregulated
gn_acact8p,26.8724173669062,Upregulated
gn_acact9p,18.9116197363244,Upregulated
gn_accoacm,40.8440539701965,Upregulated
gn_accoalm,33.6924771334314,Upregulated
gn_acgalk,287.249407416088,Upregulated
gn_acgaltly,142.761555076155,Upregulated
gn_acgam6psi,28.2946599201129,Upregulated
gn_acgamk,30.3263040641392,Upregulated
gn_acgampm,30.3263064130756,Upregulated
gn_acgamtly,30.3263040641392,Upregulated
gn_acgpid,26.8513133081343,Upregulated
gn_acitl,40.7663435059053,Upregulated
gn_acnam9pl,24.3831322422456,Upregulated
gn_acnamph,24.3831322422456,Upregulated
gn_acnamtn,270.38387087379,Upregulated
gn_acp1_fmn_,25.4564459571574,Upregulated
gn_actnmo,7.53689579629752,Upregulated
gn_adcim,45.2235733119787,Upregulated
gn_admdc,49.4970479068537,Upregulated
gn_adncyc,37.8667842159284,Upregulated
gn_adrncoatx,20.5269621781278,Upregulated
gn_adrncpt1,11.5603398767013,Upregulated
gn_adrncpt2,11.5603393552829,Upregulated
gn_adsk,54.9063915071284,Upregulated
gn_adsl2,20.3057138283844,Upregulated
gn_ag13t16g,29.2147105495092,Upregulated
gn_ag13t17g,29.2147105495092,Upregulated
gn_ag13t18g,29.2147105495092,Upregulated
gn_ag13t1g,29.1561231064058,Upregulated
gn_ag13t2g,29.1561231064058,Upregulated
gn_ag13t3g,29.1561231064058,Upregulated
gn_agpat1,52.9129063299368,Upregulated
gn_aircr,20.3057138283844,Upregulated
gn_alasm,15.16525314347,Upregulated
gn_alat4,2.35227448775861,Upregulated
gn_alcd21_l,7.53689579629752,Upregulated
gn_aldd20x,28.7842238926729,Upregulated
gn_aldd2y,19.7266682372517,Upregulated
gn_alr3,7.53689579629752,Upregulated
gn_apocf,37.866627936412,Upregulated
gn_apocfm,35.6916349244913,Upregulated
gn_apoc_lys_btnp,37.866627936412,Upregulated
gn_apoc_lys_btnpm,35.6916349244913,Upregulated
gn_aprto2,18.6615808363114,Upregulated
gn_arachdtr,20.8626421507085,Upregulated
gn_r_group_phosphotase_1,0.2541932127907,Downregulated
gn_r_group_phosphotase_3,669.977943370415,Upregulated
gn_asah1,33.488346316916,Upregulated
gn_atp1ter,23.0615942684104,Upregulated
gn_atp2ter,2.01406928358542,Upregulated
gn_atph1e,31.4992583185165,Upregulated
gn_atph2e,26.6594148814054,Upregulated
gn_baccl,37.866627936412,Upregulated
gn_bacclm,35.6916349244913,Upregulated
gn_bamppaldox,49.4971783585283,Upregulated
gn_bildglcurte,25.4564470059771,Upregulated
gn_bildglcurtr,23.0616282026893,Upregulated
gn_bilglcurte,25.4564492940489,Upregulated
gn_bilglcurtr,36.1406713499563,Upregulated
gn_bilirubtr,36.1406795417461,Upregulated
gn_btnd1,37.866627936412,Upregulated
gn_btndm,35.6916349244913,Upregulated
gn_btnpl,37.866627936412,Upregulated
gn_btnplm,35.6916349244913,Upregulated
gn_c226cpt1,0.225536720040343,Downregulated
gn_c226cpt2,0.22553671673486,Downregulated
gn_c3stkr2r,25.9772409627438,Upregulated
gn_c4stmo2pr,25.9772078526349,Upregulated
gn_caatps,25.456463227155,Upregulated
gn_catm,15.5003387976926,Upregulated
gn_cerk,25.4564430875373,Upregulated
gn_cholatet3,25.4564509101266,Upregulated
gn_chsterolt1,1678.79902951216,Upregulated
gn_chsteroltg,25.4564714063964,Upregulated
gn_ckc,29.6430418888997,Upregulated
gn_clpndcoatx,14.5371855369867,Upregulated
gn_clpndcpt1,31.1869093895198,Upregulated
gn_clpndcpt2,31.1869124702603,Upregulated
gn_clpndt,25.4565902400408,Upregulated
gn_cmpacnatg,88.5867916016877,Upregulated
gn_cmpacnatn,270.38387087379,Upregulated
gn_cmpsas,270.384120883817,Upregulated
gn_cmpsasn,270.38387087379,Upregulated
gn_co2ter,6928.82473971668,Upregulated
gn_coatl,24.6844715504326,Upregulated
gn_coatr,22.8708052088207,Upregulated
gn_core2gtg,29.1561231064058,Upregulated
gn_core3gtg,29.2147105495092,Upregulated
gn_core4gtg,29.2147105495092,Upregulated
gn_cot,19.1957828943936,Upregulated
gn_csdpasely,26.1033715538464,Upregulated
gn_csepasely,27.6466357360199,Upregulated
gn_cspg_at,30.3329937356717,Upregulated
gn_cspg_ct,30.3329944484494,Upregulated
gn_cspg_dt,26.1033715538464,Upregulated
gn_cspg_dtly,26.1033715538464,Upregulated
gn_cspg_et,27.6466340884535,Upregulated
gn_cspg_etly,27.6466357360199,Upregulated
gn_ctptn,270.38387087379,Upregulated
gn_cytdtl,25.4564737087584,Upregulated
gn_cytk2n,168.943122464092,Upregulated
gn_dag_hster,30.6239925521836,Upregulated
gn_dascbr,29.6687545508254,Upregulated
gn_datptn,25.9556971934757,Upregulated
gn_dck1n,168.943122464092,Upregulated
gn_dcsptn1cpt1,20.5269621781278,Upregulated
gn_dcsptn1cpt2,20.5269621781278,Upregulated
gn_dcsptn1t,25.4565045954245,Upregulated
gn_desat16_2,18.9273274025244,Upregulated
gn_desat18_3,5.45963861940361,Upregulated
gn_desat18_4,6.79660776909682,Upregulated
gn_desat18_5,2.16031878516245,Upregulated
gn_desat18_7,6.79660849923347,Upregulated
gn_desat18_8,4.99314164720193,Upregulated
gn_desat22_1p,20.5269621781278,Upregulated
gn_desat22_2p,14.5371855369867,Upregulated
gn_dgtptn,25.9556792579781,Upregulated
gn_dhaat1r,29.6687545508254,Upregulated
gn_dhord9,14.2299791003511,Upregulated
gn_dhpm1,6.0714800874872,Upregulated
gn_d_lact2,491.653827940334,Upregulated
gn_dlnlcgcpt1,16.9828974364274,Upregulated
gn_dlnlcgcpt2,16.9828975345797,Upregulated
gn_dlnlcgt,25.4564342670546,Upregulated
gn_dm_dem2emgacpail_prot_hs_r_,26.8513685124964,Upregulated
gn_dm_dgpi_prot_hs_r_,30.6240366816294,Upregulated
gn_dm_gpi_sig_er_,26.8513645035672,Upregulated
gn_dolmanp_uter,27.0938551223203,Upregulated
gn_dolpmt3_uer,27.0938551223203,Upregulated
gn_dolpmt4_uer,27.0938551223203,Upregulated
gn_dpcoatl,24.6844715504326,Upregulated
gn_dpgase,25.4564404956453,Upregulated
gn_dpgm,25.4564404956453,Upregulated
gn_dsat,465.675794511685,Upregulated
gn_dttptn,25.9557210879936,Upregulated
gn_ecoah12m,22.9318640406413,Upregulated
gn_eicostetcpt1,14.9129720489601,Upregulated
gn_eicostetcpt2,14.9129717265799,Upregulated
gn_eicostett,25.4564545146872,Upregulated
gn_elaidt,25.4564472738264,Upregulated
gn_estradiolglct2,12.7281199624139,Upregulated
gn_ethak,43.5394246946348,Upregulated
gn_facoal150,37.8667238250999,Upregulated
gn_facoal160i,36.3631389186476,Upregulated
gn_facoal181i,40.4569111643401,Upregulated
gn_facoal1821,36.3631100232239,Upregulated
gn_facoal1831,3.98731718990817,Upregulated
gn_facoal204,80.6035935122293,Upregulated
gn_fael183,12.4712285702714,Upregulated
gn_fael184,11.7490445867182,Upregulated
gn_fael204,13.3214209897299,Upregulated
gn_fael205,17.8916853439534,Upregulated
gn_fah3,22.8708517561366,Upregulated
gn_faoxc18480x,47.6318694734492,Upregulated
gn_fas140coa,14.883390712224,Upregulated
gn_fatp4t,6.90662323213091,Upregulated
gn_fatp8t,16.6097720688846,Upregulated
gn_fba4,73.0113639501362,Upregulated
gn_fcltm,19.1957828943936,Upregulated
gn_fortr,6928.59097569126,Upregulated
gn_g14t18g,29.2147105495092,Upregulated
gn_g14t19g,29.2147105495092,Upregulated
gn_g14t20g,29.2147105495092,Upregulated
gn_g14t21g,29.2147105495092,Upregulated
gn_g14t2g,29.1561231064058,Upregulated
gn_g14t3g,29.1561231064058,Upregulated
gn_g14t4g,29.1561231064058,Upregulated
gn_g14t5g,29.1561231064058,Upregulated
gn_gacpailter,26.8513133081343,Upregulated
gn_galase16ly,29.1561231064058,Upregulated
gn_galase17ly,29.15611196001,Upregulated
gn_galase18ly,29.15611196001,Upregulated
gn_galase19ly,140.271929184524,Upregulated
gn_galase20ly,29.2147105495092,Upregulated
gn_galc,33.4883277222136,Upregulated
gn_galnact1g,26.8945978107452,Upregulated
gn_galnact2g,30.3329896262572,Upregulated
gn_galnact3g,30.3329944484494,Upregulated
gn_galnact4g,26.1033715538464,Upregulated
gn_galnact5g,27.6466320536789,Upregulated
gn_galntg,140.271929184524,Upregulated
gn_galsidetl,57.7829762671463,Upregulated
gn_galt2g,32.0166675788277,Upregulated
gn_galtg,32.0166675788277,Upregulated
gn_galtly,27.1040619538373,Upregulated
gn_garft,20.3057138283844,Upregulated
gn_gd1cte,31.0659033167395,Upregulated
gn_glaco,88.563569526471,Upregulated
gn_glcaase1ly,27.7409938733868,Upregulated
gn_glcaase6ly,26.1033715538464,Upregulated
gn_glcaase7ly,27.6466357360199,Upregulated
gn_glcae2g,27.7409938733868,Upregulated
gn_glcat2g,30.3329896262572,Upregulated
gn_glcat3g,30.3329944484494,Upregulated
gn_glcat4g,26.1033715538464,Upregulated
gn_glcat5g,27.6466320536789,Upregulated
gn_glcat6g,27.7409938733868,Upregulated
gn_glcat7g,27.7409938733868,Upregulated
gn_glcat8g,27.7409938733868,Upregulated
gn_glcat9g,27.7409938733868,Upregulated
gn_glcatg,32.0166675788277,Upregulated
gn_glcnacase1ly,27.7409938733868,Upregulated
gn_glcnacase2ly,27.7409938733868,Upregulated
gn_glcnacase3ly,27.7409938733868,Upregulated
gn_glcnacase4ly,27.7409938733868,Upregulated
gn_glcnacase5ly,27.7409938733868,Upregulated
gn_glcnacdasg,27.7409938733868,Upregulated
gn_glcnact1g,27.7409938733868,Upregulated
gn_glcnact2g,27.7409938733868,Upregulated
gn_glcnact3g,27.7409938733868,Upregulated
gn_glcnact4g,27.7409938733868,Upregulated
gn_glcnact5g,27.7409938733868,Upregulated
gn_glctly,23.8725636912151,Upregulated
gn_glcurter,88.563569526471,Upregulated
gn_glucys,12.2753757269567,Upregulated
gn_glyctm,11.4691931765163,Upregulated
gn_gnder,26.7938504648778,Upregulated
gn_gpam_hs,52.9129063299368,Upregulated
gn_gpiat,26.8513133081343,Upregulated
gn_gpida2er,26.8513685124964,Upregulated
gn_gpidaer,30.6240366816294,Upregulated
gn_gpimter_u,26.8513133081343,Upregulated
gn_gthp,6.00328319164494,Upregulated
gn_gthpe,23.040643101377,Upregulated
gn_gthpm,14.9661118529266,Upregulated
gn_gths,25.4333806917587,Upregulated
gn_gtmlte,0.0415753488429795,Downregulated
gn_guacyc,37.8667414723265,Upregulated
gn_h2mter_u,26.8513133081343,Upregulated
gn_h2otg,319.342991942273,Upregulated
gn_h3mter_u,26.8513133081343,Upregulated
gn_h4eter,26.8513669106651,Upregulated
gn_h6et3er,26.8513669106651,Upregulated
gn_h7_taer,26.8513685124964,Upregulated
gn_h8taer,30.6240366816294,Upregulated
gn_hdd2coatx,27.9145598371441,Upregulated
gn_hexccoatx,18.9116197363244,Upregulated
gn_hexct,25.4563422611793,Upregulated
gn_hibdm,22.9318640410126,Upregulated
gn_hisdc,28.7842691269684,Upregulated
gn_histase,28.7842684803359,Upregulated
gn_hmgcoasim,4782.6685718575,Upregulated
gn_hmgcoatm,8951.57870161377,Upregulated
gn_hmglm,34.4381501324448,Upregulated
gn_hoxg,19.1957828943936,Upregulated
gn_hpdcacrncpt1,24.921806548251,Upregulated
gn_hpdcacrncpt2,24.921806548251,Upregulated
gn_hpdcat,25.4564572843048,Upregulated
gn_hs1ly,27.7409938733868,Upregulated
gn_hs2ly,27.7409938733868,Upregulated
gn_hs3ly,27.7409938733868,Upregulated
gn_hs4ly,27.7409938733868,Upregulated
gn_hsat1ly,27.7409938733868,Upregulated
gn_hsat2ly,27.7409938733868,Upregulated
gn_hsat3ly,27.7409938733868,Upregulated
gn_hsat4ly,27.7409938733868,Upregulated
gn_hsd17b4x,20.9222227882911,Upregulated
gn_hsd17b9r,19.0766094884154,Upregulated
gn_hsd3a1r,19.0766094418901,Upregulated
gn_hsd3b2r,26.1202017291708,Upregulated
gn_hsd3b3r,19.0766258432052,Upregulated
gn_hspasely,27.7409938733868,Upregulated
gn_hspgt,27.7409938733868,Upregulated
gn_hspgtly,27.7409938733868,Upregulated
gn_htg,302.766502401039,Upregulated
gn_idoaase1ly,27.7409938733868,Upregulated
gn_idoaase2ly,27.7409938733868,Upregulated
gn_idoaase3ly,27.7409938733868,Upregulated
gn_khk,39.0002600579389,Upregulated
gn_khk2,73.0113639501362,Upregulated
gn_ksii_core2t,29.1561231064058,Upregulated
gn_ksii_core2tly,29.1561231064058,Upregulated
gn_ksii_core4t,29.2147105495092,Upregulated
gn_ksii_core4tly,29.2147105495092,Upregulated
gn_lapcoal,24.6844715504326,Upregulated
gn_lcadi_d,24.3243656109482,Upregulated
gn_ldh_lm,5.80741480579301,Upregulated
gn_leut4,5.75629523835253,Upregulated
gn_linkdeg1ly,27.7409938733868,Upregulated
gn_linkdeg3ly,31.9643434168921,Upregulated
gn_linkdeg4ly,27.6466357360199,Upregulated
gn_l_lactm,5.80741480579301,Upregulated
gn_lneldccpt1,7.28697530469814,Upregulated
gn_lneldccpt2,7.28697275462804,Upregulated
gn_lneldct,25.4564499968598,Upregulated
gn_lnlccpt2,92.7085580568934,Upregulated
gn_lnlncat,19.1745775035949,Upregulated
gn_lpase,37.9420768089642,Upregulated
gn_lps,669.977943370415,Upregulated
gn_ltdcl,28.7842238926729,Upregulated
gn_me1m,54.7906357321662,Upregulated
gn_me2m,54.7906538221406,Upregulated
gn_mgsa,71.8803493106621,Upregulated
gn_mi1345pp,25.4563890724927,Upregulated
gn_mi134pp,25.4563890724927,Upregulated
gn_mi145pk,25.4563890724927,Upregulated
gn_mi14p4p,25.4564498348233,Upregulated
gn_mi34pp,25.4563890724927,Upregulated
gn_minohptn,168.943202168495,Upregulated
gn_n3tg,29.1561231064058,Upregulated
gn_nabtno,18.6615808363114,Upregulated
gn_nachex23ly,29.1561231064058,Upregulated
gn_nachex24ly,29.1561338987416,Upregulated
gn_nachex25ly,29.15611196001,Upregulated
gn_nachex26ly,29.2147105495092,Upregulated
gn_nachexa5ly,26.1033715538464,Upregulated
gn_nachexa6ly,26.1033715538464,Upregulated
gn_nachexa7ly,27.6466357360199,Upregulated
gn_nachexa8ly,27.6466357360199,Upregulated
gn_naga2ly,140.271929184524,Upregulated
gn_naglcaly,140.271929184524,Upregulated
gn_ndp7er,23.061531595411,Upregulated
gn_ndp7ex,24.8665411459657,Upregulated
gn_ndp7g,41.3540244193434,Upregulated
gn_ndp8ex,24.8665411459657,Upregulated
gn_ndpk7n,168.943122464092,Upregulated
gn_nicrns,72.3163213421917,Upregulated
gn_nmns,42.5148197882088,Upregulated
gn_np1,72.3163213421917,Upregulated
gn_ntd2e,24.8665411459657,Upregulated
gn_ntd2l,25.3740264967934,Upregulated
gn_ntd4l,25.4564737087584,Upregulated
gn_ntd5l,25.4564541771105,Upregulated
gn_o2st,36.2173361052739,Upregulated
gn_o2stm,2628.40000181909,Upregulated
gn_o2tp,2.90190396773577,Upregulated
gn_opahir,26.3621389622872,Upregulated
gn_p450ltb4r,26.1201831265821,Upregulated
gn_p450scc1m,1678.79902951216,Upregulated
gn_pan4pp,25.4564326068798,Upregulated
gn_papstg,54.9063915071284,Upregulated
gn_paptg,54.9063520166924,Upregulated
gn_pcholp_hs,270.454997335964,Upregulated
gn_pct,9.1495127284996,Upregulated
gn_pde1,37.8664332596019,Upregulated
gn_pde4,37.8667394440829,Upregulated
gn_pethct,43.5394246946348,Upregulated
gn_pgs,11.2209562171091,Upregulated
gn_pgsr,12.2665261861342,Upregulated
gn_phemetm,19.1957828943936,Upregulated
gn_pi345p3p,25.4564553887333,Upregulated
gn_pi345p5p,25.4564274357508,Upregulated
gn_pi34p5k,25.4564251637479,Upregulated
gn_pi3p4k,25.4564584609292,Upregulated
gn_pi3p5k,25.4564522707213,Upregulated
gn_pi45p3k,25.4564393241912,Upregulated
gn_pi45p5p,25.4564161555936,Upregulated
gn_pi45plc,25.4563890724927,Upregulated
gn_pi4p3k,25.4564507443083,Upregulated
gn_pi4p5k,25.4564630381412,Upregulated
gn_pi4plc,25.4564498348233,Upregulated
gn_pi5p3k,25.4564797876953,Upregulated
gn_pi5p4k,50.9128376095883,Upregulated
gn_piacgt,26.8513133081343,Upregulated
gn_pik3,25.4564694047651,Upregulated
gn_pik4,25.4564440816674,Upregulated
gn_pik5,25.4564552875512,Upregulated
gn_piplc,25.4564494878064,Upregulated
gn_piter,23.0615950826322,Upregulated
gn_pitg,25.4564576466779,Upregulated
gn_pla2_2,49.1331856265258,Upregulated
gn_pmi12346ph,25.4564733491765,Upregulated
gn_pnteh,36.205022376482,Upregulated
gn_pragsr,20.3057138283844,Upregulated
gn_prascs,20.3057138283844,Upregulated
gn_prdx,6.00327690019703,Upregulated
gn_pristcoatx,25.4564450461382,Upregulated
gn_prostge1t3,25.4564594971534,Upregulated
gn_prostge2t,18.2322251125847,Upregulated
gn_prostge2t3,25.4563479271654,Upregulated
gn_ptdcat,25.4564888919666,Upregulated
gn_pte3x,37.8667241054463,Upregulated
gn_ptrcat1,18.6615808363114,Upregulated
gn_retfa,43.8312810653397,Upregulated
gn_retnglct,64.6241186837988,Upregulated
gn_retnglctr,64.6241186837988,Upregulated
gn_s23t2g,29.1561231064058,Upregulated
gn_s23t4g,29.2147105495092,Upregulated
gn_s2t1g,26.1033715538464,Upregulated
gn_s2t2g,26.1033715538464,Upregulated
gn_s2t4g,27.7409938733868,Upregulated
gn_s2tase1ly,27.7409938733868,Upregulated
gn_s2tase2ly,27.7409938733868,Upregulated
gn_s2tase4ly,26.1033715538464,Upregulated
gn_s2tase5ly,26.1033715538464,Upregulated
gn_s3t1g,27.7409938733868,Upregulated
gn_s3t2g,27.7409938733868,Upregulated
gn_s3t3g,27.7409938733868,Upregulated
gn_s3tase1ly,27.7409938733868,Upregulated
gn_s3tase2ly,27.7409938733868,Upregulated
gn_s3tase3ly,27.7409938733868,Upregulated
gn_s4t1g,30.3401261980738,Upregulated
gn_s4t2g,30.3329937356717,Upregulated
gn_s4t3g,27.6466320536789,Upregulated
gn_s4t5g,27.6466320536789,Upregulated
gn_s6t16g,29.2147105495092,Upregulated
gn_s6t17g,29.2147105495092,Upregulated
gn_s6t18g,29.2147105495092,Upregulated
gn_s6t19g,36.4307126459829,Upregulated
gn_s6t1g,29.1561231064058,Upregulated
gn_s6t20g,30.3329944484494,Upregulated
gn_s6t21g,26.1033715538464,Upregulated
gn_s6t22g,27.6466320536789,Upregulated
gn_s6t23g,27.6466320536789,Upregulated
gn_s6t24g,27.6466320536789,Upregulated
gn_s6t25g,27.7409938733868,Upregulated
gn_s6t2g,29.1561231064058,Upregulated
gn_s6t3g,29.1561231064058,Upregulated
gn_s6tase1ly,27.7409938733868,Upregulated
gn_s6tase22ly,29.1561231064058,Upregulated
gn_s6tase23ly,29.1561231064058,Upregulated
gn_s6tase24ly,29.1561338987416,Upregulated
gn_s6tase25ly,29.2147105495092,Upregulated
gn_s6tase26ly,29.2147105495092,Upregulated
gn_s6tase2ly,27.7409938733868,Upregulated
gn_s6tase3ly,27.7409938733868,Upregulated
gn_saccd3m,29.1549361252422,Upregulated
gn_sadt,54.9063915071284,Upregulated
gn_scpx,18.821861268166,Upregulated
gn_siaase3ly,29.1561231064058,Upregulated
gn_siaase4ly,29.2147105495092,Upregulated
gn_so4tl,54.9064177381275,Upregulated
gn_sphk21c,25.4564461229083,Upregulated
gn_sprms,49.4970479068537,Upregulated
gn_stcoatx,26.7866032712898,Upregulated
gn_strdnct,2429.570917844,Upregulated
gn_tethex3t,25.4564941936422,Upregulated
gn_tetpent3t,25.4564941936422,Upregulated
gn_tetpent6t,25.4564546732475,Upregulated
gn_tettet6t,25.4564546732475,Upregulated
gn_thymdtl,25.4567514933933,Upregulated
gn_tmndnct,25.4564527727259,Upregulated
gn_trdr,26.6156270677517,Upregulated
gn_trdr2,0.0119530194000676,Downregulated
gn_trdr3,0.0119530994688388,Downregulated
gn_tryptaox,28.7842238926729,Upregulated
gn_ttdcatr,25.4564341924484,Upregulated
gn_ttdcpt2,0.0773486320389952,Downregulated
gn_uag2emai,24.3831322422456,Upregulated
gn_uagaldp,287.249407416088,Upregulated
gn_udpgaltg,73.9869691643897,Upregulated
gn_udpgd,64.6241261954483,Upregulated
gn_udptl,140.271929184524,Upregulated
gn_ugalnactg,102.377199537695,Upregulated
gn_uglcnactg,30.3263062150709,Upregulated
gn_ugt1a10r,36.1406795417461,Upregulated
gn_ugt1a5r,64.6241186837988,Upregulated
gn_uritl,25.3740264359605,Upregulated
gn_urolacer,88.563569526471,Upregulated
gn_xsertg,32.0166675788277,Upregulated
gn_xyltd_dr,73.0113639501362,Upregulated
gn_xylter,32.0166675788277,Upregulated
gn_xyltly,33.9760614086982,Upregulated
gn_r0023,5.45963720493343,Upregulated
gn_r0033,24.6387379410784,Upregulated
gn_r0122,5.01775396963657,Upregulated
gn_r0221,33.6924645204411,Upregulated
gn_r0246,11.4691931765163,Upregulated
gn_r0280,12.8327997340704,Upregulated
gn_r0308,42.3459752187895,Upregulated
gn_r0309,3.52908291642667,Upregulated
gn_r0310,16.2677338472948,Upregulated
gn_r0311,33.6593100569544,Upregulated
gn_r0319,33.6924645204411,Upregulated
gn_r0340,11.4691931765163,Upregulated
gn_r0354,12.8327997346463,Upregulated
gn_r0355,12.8327997802414,Upregulated
gn_r0357,39.9457164727513,Upregulated
gn_r0358,39.9456993096793,Upregulated
gn_r0365,40.844057848176,Upregulated
gn_r0391,0.0983784551988552,Downregulated
gn_r0393,11.4691931765163,Upregulated
gn_r0410,27.2815129113022,Upregulated
gn_r0431,53.7482424315935,Upregulated
gn_r0432,53.7482424315935,Upregulated
gn_r0444,0.443976150767557,Downregulated
gn_r0450,27.0525342000004,Upregulated
gn_r0474,27.6014861996516,Upregulated
gn_r0510,18.9272972033399,Upregulated
gn_r0511,5.45963837771967,Upregulated
gn_r0539,36.205022376482,Upregulated
gn_r0541,27.0525327015835,Upregulated
gn_r0560,22.9318640406413,Upregulated
gn_r0578,25.4564302103732,Upregulated
gn_r0579,24.6387379410784,Upregulated
gn_r0590,24.6387379410784,Upregulated
gn_r0591,24.6844715504326,Upregulated
gn_r0596,40.844057848176,Upregulated
gn_r0611,17.846055083747,Upregulated
gn_r0638,2837.39499535368,Upregulated
gn_r0666,20.3057138283844,Upregulated
gn_r0715,27.9145598371441,Upregulated
gn_r0717,27.9145598371441,Upregulated
gn_r0719,27.9145598371441,Upregulated
gn_r0721,27.9145598371441,Upregulated
gn_r0722,816.877164353503,Upregulated
gn_r0726,836.450750118903,Upregulated
gn_r0735,662.570890530306,Upregulated
gn_r0801,2.57004092842851,Upregulated
gn_r0812,37.8666931806612,Upregulated
gn_r0813,23.0616282026893,Upregulated
gn_r0853,24.6387136782147,Upregulated
gn_r0926,11.4691931765163,Upregulated
gn_r0954,2.37262263620237,Upregulated
gn_r1000,0.443976150767557,Downregulated
gn_r1005,53.7482424315935,Upregulated
gn_r1020,39.0303363097891,Upregulated
gn_r1116,0.148672027573572,Downregulated
gn_r1155,28.656107327308,Upregulated
gn_r1164,33.6593100569544,Upregulated
gn_r1165,33.6594467566212,Upregulated
gn_r1166,33.6593083733535,Upregulated
gn_r1167,33.6593130216511,Upregulated
gn_r1168,33.6593127221868,Upregulated
gn_r1169,2.89451443265725,Upregulated
gn_r1170,33.6593146786105,Upregulated
gn_r1171,33.6593056516907,Upregulated
gn_r1172,33.6593100569544,Upregulated
gn_r1174,33.6594467566212,Upregulated
gn_r1175,33.6593083733535,Upregulated
gn_r1177,33.6593130216511,Upregulated
gn_r1179,33.6593127221868,Upregulated
gn_r1181,2.89451443265725,Upregulated
gn_r1182,33.6593146786105,Upregulated
gn_r1183,33.6593056516907,Upregulated
gn_r1251,33.6594467566212,Upregulated
gn_r1252,27.9145598371441,Upregulated
gn_r1254,2456.96025964234,Upregulated
gn_r1255,33.6593130216511,Upregulated
gn_r1257,33.6593127221868,Upregulated
gn_r1259,33.6592988220966,Upregulated
gn_r1260,2.89449040087794,Upregulated
gn_r1262,33.6593056516907,Upregulated
gn_r1364,19.1745915636088,Upregulated
gn_r1365,19.1745915636088,Upregulated
gn_r1443,27.9145598371441,Upregulated
gn_r1444,27.9145598371441,Upregulated
gn_r1445,27.9145464828861,Upregulated
gn_r1447,16.2676490061938,Upregulated
gn_r1449,16.2676597343525,Upregulated
gn_r1450,5.26110060206004,Upregulated
gn_r1451,16.2688485420001,Upregulated
gn_r1454,28.6560571319467,Upregulated
gn_r1487,0.443976150767557,Downregulated
gn_r1503,25.4564538301858,Upregulated
gn_r1514,25.4564188128453,Upregulated
gn_r1515,25.4564170673183,Upregulated
gn_r1516,26.0735060229679,Upregulated
gn_r1517,25.4564256450568,Upregulated
gn_r1518,25.4564801837469,Upregulated
gn_r1519,25.4564413657279,Upregulated
gn_r1520,30.9514203193632,Upregulated
gn_r1521,25.4563351057009,Upregulated
gn_r1522,25.4564742938531,Upregulated
gn_r1523,29.7743600564012,Upregulated
gn_r1525,25.4564325191392,Upregulated
gn_r1527,25.4564359877683,Upregulated
gn_r1529,25.4564341924484,Upregulated
gn_r1536,38.4898093195239,Upregulated
gn_r2145,0.5,Downregulated
gn_r2381,28.6560900318823,Upregulated
gn_r2382,28.6561047371002,Upregulated
gn_r2384,28.6561293001915,Upregulated
gn_r2385,28.6560605034455,Upregulated
gn_r2386,28.6560978258972,Upregulated
gn_r2387,28.6560988808009,Upregulated
gn_r2388,28.6560954313253,Upregulated
gn_r2389,28.6561525968051,Upregulated
gn_r2390,28.6560798543752,Upregulated
gn_r2391,28.6560995151698,Upregulated
gn_r2392,28.6561005765521,Upregulated
gn_r2497,42.3459746608773,Upregulated
gn_r2498,25.4564375829234,Upregulated
gn_r2499,25.4564320656352,Upregulated
gn_r2501,25.4565024947084,Upregulated
gn_r2503,49.3307505215321,Upregulated
gn_r2505,25.4565203270539,Upregulated
gn_r2514,0.443976150767557,Downregulated
gn_r2516,2.02280897246955,Upregulated
gn_r2517,61.8199801787282,Upregulated
gn_r2518,39.0303363097891,Upregulated
gn_re0512m,92.7079806929143,Upregulated
gn_re0565c,16.3696951460324,Upregulated
gn_re0566c,16.3696951460324,Upregulated
gn_re0567c,16.3696951460324,Upregulated
gn_re0568c,16.3696951460324,Upregulated
gn_re0569c,16.3696769111139,Upregulated
gn_re0570c,16.3696769111139,Upregulated
gn_re0571c,16.3696769111139,Upregulated
gn_re0574c,28.7408769020587,Upregulated
gn_re0575c,28.7408769020587,Upregulated
gn_re0576c,28.7408769020587,Upregulated
gn_re0578c,58.3301872466648,Upregulated
gn_re0581c,9.83331516879324,Upregulated
gn_re1100c,146.453405744847,Upregulated
gn_re1447m,54.7906348092381,Upregulated
gn_re1448n,168.943202168495,Upregulated
gn_re1516m,92.7079806929143,Upregulated
gn_re1517m,92.7079806929143,Upregulated
gn_re1518m,24.9327412354733,Upregulated
gn_re1520m,24.9327671442812,Upregulated
gn_re1521m,18.3103158425926,Upregulated
gn_re1522m,24.9327412354733,Upregulated
gn_re1523m,92.7079806929143,Upregulated
gn_re1525m,24.9327412354733,Upregulated
gn_re1526m,18.3103158425926,Upregulated
gn_re1527m,24.9327671442812,Upregulated
gn_re1531m,92.7079806929143,Upregulated
gn_re1532m,24.9327412354733,Upregulated
gn_re1533m,18.3103158425926,Upregulated
gn_re1534m,24.9327671442812,Upregulated
gn_re1573m,18.3103158425926,Upregulated
gn_re1796m,1678.79902951216,Upregulated
gn_re1834m,24.9437072926781,Upregulated
gn_re1916c,24.8762768931393,Upregulated
gn_re2069c,12.3058897688944,Upregulated
gn_re2346c,14.4669736076221,Upregulated
gn_re2407c,3.14849590305735,Upregulated
gn_re2410c,0.0165427241688017,Downregulated
gn_re2640c,24.8230139269091,Upregulated
gn_re2677c,33.4883638028239,Upregulated
gn_re2717l,27.1040175847612,Upregulated
gn_re2759x,37.8667241054463,Upregulated
gn_re2912m,37.8667358846435,Upregulated
gn_re2954c,25.9557210879936,Upregulated
gn_re2972m,54.7906348092381,Upregulated
gn_re2985x,110.596600914171,Upregulated
gn_re2986x,110.596600914171,Upregulated
gn_re2987x,110.596600914171,Upregulated
gn_re2988x,110.596600914171,Upregulated
gn_re2989x,110.596600914171,Upregulated
gn_re2990x,110.596600914171,Upregulated
gn_re2991x,110.596600914171,Upregulated
gn_re2992m,7.6805585723141,Upregulated
gn_re2992x,110.596600914171,Upregulated
gn_re2993x,110.596600914171,Upregulated
gn_re2994x,110.596600914171,Upregulated
gn_re2996x,110.596600914171,Upregulated
gn_re2997x,110.596600914171,Upregulated
gn_re2999m,15.5003416194512,Upregulated
gn_re3000m,15.5003416194512,Upregulated
gn_re3001m,15.5003416194512,Upregulated
gn_re3004m,15.5003416194512,Upregulated
gn_re3005m,15.5003416194512,Upregulated
gn_re3006m,15.5003416194512,Upregulated
gn_re3010m,90.8674190172786,Upregulated
gn_re3074x,37.8667241054463,Upregulated
gn_re3095c,15.3153655527998,Upregulated
gn_re3103c,16.982897922578,Upregulated
gn_re3104c,16.982897922578,Upregulated
gn_re3106c,14.5286740371279,Upregulated
gn_re3110c,14.5286740371279,Upregulated
gn_re3112c,14.5286740371279,Upregulated
gn_re3113c,14.5286740371279,Upregulated
gn_re3119c,29.9190726794345,Upregulated
gn_re3120c,29.9190726794345,Upregulated
gn_re3121c,29.9190726794345,Upregulated
gn_re3122c,29.9190726794345,Upregulated
gn_re3132r,33.6592918448688,Upregulated
gn_re3136c,3.14849590305735,Upregulated
gn_re3146r,33.659256712035,Upregulated
gn_re3151c,19.0463292633944,Upregulated
gn_re3152c,19.0463292633944,Upregulated
gn_re3153c,19.0463292633944,Upregulated
gn_re3154c,68.3500513024517,Upregulated
gn_re3160r,33.6592851523628,Upregulated
gn_re3161c,29.5672958187904,Upregulated
gn_re3162c,29.5672958187904,Upregulated
gn_re3163c,29.5672958187904,Upregulated
gn_re3164c,29.5672958187904,Upregulated
gn_re3165c,23.158430423537,Upregulated
gn_re3166c,23.158430423537,Upregulated
gn_re3167c,23.158430423537,Upregulated
gn_re3168c,23.158430423537,Upregulated
gn_re3169c,24.7662069467968,Upregulated
gn_re3170c,24.7662069467968,Upregulated
gn_re3171c,24.7662069467968,Upregulated
gn_re3172c,24.7662069467968,Upregulated
gn_re3173c,68.350032081873,Upregulated
gn_re3174c,40.9775593737941,Upregulated
gn_re3175c,40.9775593737941,Upregulated
gn_re3176c,68.350032081873,Upregulated
gn_re3224c,16.4119131363431,Upregulated
gn_re3225c,24.6314734514138,Upregulated
gn_re3226c,20.6689983326976,Upregulated
gn_re3227c,16.4119131363431,Upregulated
gn_re3228c,16.4119131363431,Upregulated
gn_re3229c,16.4119131363431,Upregulated
gn_re3230c,24.6314734514138,Upregulated
gn_re3231c,24.6314734514138,Upregulated
gn_re3232c,24.6314734514138,Upregulated
gn_re3234c,20.6689983326976,Upregulated
gn_re3235c,20.6689983326976,Upregulated
gn_re3236c,20.6689983326976,Upregulated
gn_re3241c,16.7154926529694,Upregulated
gn_re3242c,16.7154926529694,Upregulated
gn_re3243c,16.7154926529694,Upregulated
gn_re3244c,16.7154926529694,Upregulated
gn_re3247x,18.8218361629934,Upregulated
gn_re3269c,25.456454943251,Upregulated
gn_re3270c,25.4564461505044,Upregulated
gn_re3301c,270.384089527485,Upregulated
gn_re3411c,14.4669736076221,Upregulated
gn_re3417c,14.4669736076221,Upregulated
gn_re3430m,90.8674190172786,Upregulated
gn_re3432m,90.8674190172786,Upregulated
gn_re3488r,12.4584284669673,Upregulated
gn_re3496c,7.84962338228941,Upregulated
gn_re3525m,90.8673819447373,Upregulated
gn_re3587c,14.3553011756345,Upregulated
gn_re3624m,15.5003416194512,Upregulated
gn_biomass_reaction,25.9558080851601,Upregulated
gn_c12dcacot,22.8708517561366,Upregulated
gn_c12dctd,22.8708517561366,Upregulated
gn_c16txc,25.4564412832492,Upregulated
gn_dcatdc,25.7116599857301,Upregulated
gn_faoxc101c102m,24.9327384414403,Upregulated
gn_faoxc102c101m,24.9327384414403,Upregulated
gn_faoxc102c103m,6.34300096089749,Upregulated
gn_faoxc102c81m,6.34300096089749,Upregulated
gn_faoxc102m,6.34300096089749,Upregulated
gn_faoxc103c102m,6.34300096089749,Upregulated
gn_faoxc121c10x,27.9145469534305,Upregulated
gn_faoxc121x,20.6689983326976,Upregulated
gn_faoxc122c101m,21.9605651805394,Upregulated
gn_faoxc122m,21.9605651805394,Upregulated
gn_faoxc123c102m,6.34300096089749,Upregulated
gn_faoxc123m,6.34300096089749,Upregulated
gn_faoxc142c122m,21.9605651805394,Upregulated
gn_faoxc143c123m,6.34300096089749,Upregulated
gn_faoxc14dcc12dcx,22.8708517561366,Upregulated
gn_faoxc163c164gm,21.9605651805394,Upregulated
gn_faoxc163gc142m,21.9605651805394,Upregulated
gn_faoxc163gm,21.9605651805394,Upregulated
gn_faoxc164c143m,6.34300096089749,Upregulated
gn_faoxc164c165m,6.34300096089749,Upregulated
gn_faoxc164gc163m,21.9605651805394,Upregulated
gn_faoxc164m,6.34300096089749,Upregulated
gn_faoxc165c164m,6.34300096089749,Upregulated
gn_faoxc16dcc14dcx,22.8708517561366,Upregulated
gn_faoxc16dcr,22.8708517561366,Upregulated
gn_faoxc184c163m,21.9605651805394,Upregulated
gn_faoxc184m,21.9605651805394,Upregulated
gn_faoxc185c164m,6.34300096089749,Upregulated
gn_faoxc185m,6.34300096089749,Upregulated
gn_faoxc204c184m,21.9605651805394,Upregulated
gn_faoxc205c185m,6.34300096089749,Upregulated
gn_faoxc225c204m,21.9605651805394,Upregulated
gn_faoxc225c226m,21.9605651805394,Upregulated
gn_faoxc225m,21.9605651805394,Upregulated
gn_faoxc226c205m,6.34300096089749,Upregulated
gn_faoxc226c225m,21.9605651805394,Upregulated
gn_faoxc226c227m,6.34300096089749,Upregulated
gn_faoxc226m,6.34300096089749,Upregulated
gn_faoxc227c226m,6.34300096089749,Upregulated
gn_faoxc61m,6.34300096089749,Upregulated
gn_faoxc81c61m,6.34300096089749,Upregulated
gn_faoxohc16c16dcc,22.8708517561366,Upregulated
gn_hexcoaacbp,24.8113485673871,Upregulated
gn_hexdiactr,22.8708517561366,Upregulated
gn_hexdicoaacbpx,22.8708517561366,Upregulated
gn_oct11efatp,16.7278227522851,Upregulated
gn_pristcoatcx,25.4564450461382,Upregulated
gn_scp21cx,25.4564450461382,Upregulated
gn_stcoatxc,25.4564434971717,Upregulated
gn_strdnccoatxc,47.6318694734492,Upregulated
gn_linofatptc,36.363007707407,Upregulated
gn_oleicfatptc,39.2986882692383,Upregulated
gn_palfatptc,36.3630176396365,Upregulated
gn_pehsfabpe,30.6239921563496,Upregulated
gn_vitetl,25.4564589062565,Upregulated
gn_rtotal2fatpc,49.1331812332765,Upregulated
gn_rtotalfatpc,0.254193212753316,Downregulated
gn_3mopte,6.64023693165064,Upregulated
gn_aicarte,186.759537053535,Upregulated
gn_glcurtr,80.6390941017366,Upregulated
gn_arachdfatptc,80.6036906071438,Upregulated
gn_folabccte,25.3854684274175,Upregulated
gn_pshsabctc,46.2415033826621,Upregulated
gn_campt,41.765679172124,Upregulated
gn_cgmpt,43.5023555183352,Upregulated
gn_gcholat3,25.4564402531349,Upregulated
gn_tcholat3,25.4564385441505,Upregulated
gn_chsterolt,0.386548117900565,Downregulated
gn_avite1t,25.4564589062565,Upregulated
gn_biomass_maintenance,708.177790728585,Upregulated
gn_biomass_maintenance_notrtr,26.0316800909768,Upregulated
gn_pcholmyr_hspla2,31.8247245446063,Upregulated
gn_pcholole_hspla2,31.8247084651978,Upregulated
gn_pcholste_hspla2,31.8247167006389,Upregulated
gn_pcholn204_hspla2,31.8247294959209,Upregulated
gn_pcholn24_hspla2,31.8247047472388,Upregulated
gn_pcholhep_hspla2,31.824711574193,Upregulated
gn_gpddachol,0.170025139532493,Downregulated
gn_glyc2p3pc,0.170025139532493,Downregulated
gn_c02712te,39.9296268843686,Upregulated
gn_c03990atp,25.4564481312469,Upregulated
gn_c04483t1,25.4564753022143,Upregulated
gn_c05463t1,25.456442450402,Upregulated
gn_c14768td,15.9790744866596,Upregulated
gn_c14769td1,15.9790732454613,Upregulated
gn_c14770atp,16.8798637809502,Upregulated
gn_c14771atp,17.3205642843082,Upregulated
gn_c14826td,7.2197282483779,Upregulated
gn_ce1273t1,25.456442450402,Upregulated
gn_ce2510t,25.4563655657186,Upregulated
gn_ce2513td,25.4566006533253,Upregulated
gn_ce2537atp,25.4564371124228,Upregulated
gn_dodecanactd,22.8708517561366,Upregulated
gn_ind3act,28.7842238926729,Upregulated
gn_pac,31.8378921328465,Upregulated
gn_hc02195te,25.4564408709907,Upregulated
gn_hc02196te,25.4564734288739,Upregulated
gn_hc02194te,25.4564515427321,Upregulated
gn_hc02220te,25.4564538301858,Upregulated
gn_pgpp_hsc,1523.97944871538,Upregulated
gn_ce2512te,3.95987370752052,Upregulated
gn_r2514m,37.8667358846435,Upregulated
gn_ugt1a10c,36.1406736281397,Upregulated
gn_dm_c02712[c],56.7565793578912,Upregulated
gn_pglyctm,1839.73236644764,Upregulated
gn_sink_cholate[c],7.21972892597191,Upregulated
gn_sink_glygn2[c],2170.04927964543,Upregulated
gn_sink_lnlccoa[c],7318.35665858378,Upregulated
gn_sink_lnlncacoa[c],2.67049639963631,Upregulated
gn_sink_lnlncgcoa[c],5.73166497932268,Upregulated
gn_sink_nad[c],9.26065311519693,Upregulated
gn_sink_nadp[c],24.1789753736613,Upregulated
gn_sink_odecoa[c],3.29583356332008,Upregulated
gn_sink_pmtcoa[c],14.3723136809912,Upregulated
gn_sink_retfa[c],43.8312810653397,Upregulated
gn_sink_tmndnccoa[c],446.004819597461,Upregulated
gn_dhcholestanateatp,25.456456104048,Upregulated
gn_thcholstoicatp,25.4564559174524,Upregulated
gn_xol7ah3atp,25.4564569832555,Upregulated
gn_xol7aoneatp,39.6323348552346,Upregulated
gn_7kiltcholatp,25.4564573331941,Upregulated
gn_adpt,4.61798432052981,Upregulated
gn_bpnt,54.9063520166924,Upregulated
gn_cbps,21.5438299950099,Upregulated
gn_cpppgo,19.1957828943936,Upregulated
gn_cystgl,206.03453382293,Upregulated
gn_cysts,206.03453382293,Upregulated
gn_dgk1,94.4818253012414,Upregulated
gn_dm_atp_c_,25.4564399108535,Upregulated
gn_dtmpk,25.9557210879936,Upregulated
gn_duripp,6.0714800874872,Upregulated
gn_fba2,39.0002600579389,Upregulated
gn_gf6pta,28.2946599201129,Upregulated
gn_hex1,12.8327997346924,Upregulated
gn_hmbs,19.1957828943936,Upregulated
gn_man1pt2,27.0938551223203,Upregulated
gn_pgk,25.4564761381726,Upregulated
gn_pgm,26.2580825616076,Upregulated
gn_pnp,0.0373814576244529,Downregulated
gn_pntk,36.2050603002827,Upregulated
gn_ppbngs,15.1652405484352,Upregulated
gn_ppcdc,36.2050603002827,Upregulated
gn_punp2,0.137745830243082,Downregulated
gn_rbfk,25.4564459571574,Upregulated
gn_tmdk1,25.4564718752747,Upregulated
gn_uagdp,30.3263064130756,Upregulated
gn_upp3s,19.1957828943936,Upregulated
gn_uppdc1,19.1957828943936,Upregulated
gn_ureat,38.4898093195239,Upregulated
gn_r0220,35.1970919521627,Upregulated
gn_r0318,35.1970919521627,Upregulated
gn_gcaldd,73.0113639501362,Upregulated
gn_aldd2x,19.7266586955651,Upregulated
gn_amank,24.3831322422456,Upregulated
gn_galk,10.76269733289,Upregulated
gn_gluprt,20.3057138283844,Upregulated
gn_hex7,39.9457151314166,Upregulated
gn_imactd,28.7842684803359,Upregulated
gn_lcadi,7.53689579629752,Upregulated
gn_lgthl,71.8803493106621,Upregulated
gn_mi3pp,25.4563890724927,Upregulated
gn_ntd5_a,0.0373814576244529,Downregulated
gn_orndc,18.6615808363114,Upregulated
gn_prfgs,20.3057138283844,Upregulated
gn_glnt4,2.25364490716648,Upregulated
gn_ahc,206.034533815115,Upregulated
gn_caproicc,37.8667078804166,Upregulated
gn_ak2lgcholabct,25.4565943517668,Upregulated
gn_ce2510abct,12.7282076594741,Upregulated
gn_ce2537abct,25.4564371124228,Upregulated
gn_nrvncabct,25.4566006533253,Upregulated
gn_pafabct,25.4566006533253,Upregulated
gn_pchln225_hsabct,25.4566006533253,Upregulated
gn_pchol2linl_hsabct,25.4566006533253,Upregulated
gn_pchol2ole_hsabct,25.4566006533253,Upregulated
gn_pchol2ste_hsabct,25.4566006533253,Upregulated
gn_pcholar_hsabct,25.4566006533253,Upregulated
gn_pcholdoc_hsabct,25.4566006533253,Upregulated
gn_pcholeic_hsabct,25.4566006533253,Upregulated
gn_pcholet_hsabct,25.4566006533253,Upregulated
gn_pcholhep_hsabct,31.824711574193,Upregulated
gn_pchollinl_hsabct,25.4564525348084,Upregulated
gn_pcholmyr_hsabct,31.8247245446063,Upregulated
gn_pcholn15_hsabct,25.4564049902245,Upregulated
gn_pcholn183_hsabct,25.4564049902245,Upregulated
gn_pcholn1836_hsabct,25.4564049902245,Upregulated
gn_pcholn19_hsabct,25.4564049902245,Upregulated
gn_pcholn201_hsabct,25.4564049902245,Upregulated
gn_pcholn203_hsabct,25.4564049902245,Upregulated
gn_pcholn204_hsabct,31.8247294959209,Upregulated
gn_pcholn205_hsabct,25.4564618133393,Upregulated
gn_pcholn224_hsabct,25.4564618133393,Upregulated
gn_pcholn225_hsabct,25.4565433892163,Upregulated
gn_pcholn2254_hsabct,25.4564432734402,Upregulated
gn_pcholn264_hsabct,31.8247047472388,Upregulated
gn_pcholole_hsabct,31.8247084651978,Upregulated
gn_pcholpalme-hsabct,25.4564499732357,Upregulated
gn_pcholste_hsabct,31.8247167006389,Upregulated
gn_pe12_hsabct,25.4564468391251,Upregulated
gn_pe13_hsabct,25.4564468391251,Upregulated
gn_pe14_hsabct,25.4564468391251,Upregulated
gn_pe15_hsabct,25.4564468391251,Upregulated
gn_pe161_hsabct,25.4564468391251,Upregulated
gn_pe17_hsabct,25.4564476589048,Upregulated
gn_pe203_hsabct,25.4564420927512,Upregulated
gn_pe226_hsabct,25.4564420927512,Upregulated
gn_pe2linl_hsabct,25.4564420927512,Upregulated
gn_pear_hsabct,25.4564420927512,Upregulated
gn_pedh203_hsabct,25.4564420927512,Upregulated
gn_pelinl_hsabct,25.4564420927512,Upregulated
gn_pelpalm_hsabct,25.4564420927512,Upregulated
gn_peole_hsabct,25.4564420927512,Upregulated
gn_pepalm_hsasbct,25.4564420927512,Upregulated
gn_peste_hsabct,25.4564420927512,Upregulated
gn_ak2lgcholt1,25.4565943517668,Upregulated
gn_paft1,25.4566006533253,Upregulated
gn_pchol2linl_hst1e,25.4566006533253,Upregulated
gn_pchol2ole_hst1e,25.4566006533253,Upregulated
gn_pchol2ste_hst1e,25.4566006533253,Upregulated
gn_pcholar_hst1e,25.4566006533253,Upregulated
gn_pcholdoc_hst1e,25.4566006533253,Upregulated
gn_pcholeic_hst1e,25.4566006533253,Upregulated
gn_pcholet_hst1e,25.4566006533253,Upregulated
gn_pchollinl_hst1e,25.4564525348084,Upregulated
gn_pcholn15_hst1e,25.4564049902245,Upregulated
gn_pcholn183_hst1e,25.4564049902245,Upregulated
gn_pcholn1836_hst1e,25.4564049902245,Upregulated
gn_pcholn19_hst1e,25.4564049902245,Upregulated
gn_pcholn201_hst1e,25.4564049902245,Upregulated
gn_pcholn203_hst1e,25.4564049902245,Upregulated
gn_pcholn205_hst1e,25.4564618133393,Upregulated
gn_pcholn224_hst1e,25.4564618133393,Upregulated
gn_pcholn225_hst1e,25.4565433892163,Upregulated
gn_pcholn2254_hst1e,25.4564432734402,Upregulated
gn_pchln225_hst1e,25.4566006533253,Upregulated
gn_pepalm_hst1e,25.4564420927512,Upregulated
gn_pcholpalme-hst1e,25.4564499732357,Upregulated
gn_pe12_hst1e,25.4564468391251,Upregulated
gn_pe13_hst1e,25.4564468391251,Upregulated
gn_pe14_hst1e,25.4564468391251,Upregulated
gn_pe15_hst1e,25.4564468391251,Upregulated
gn_pe161_hst1e,25.4564468391251,Upregulated
gn_pe17_hst1e,25.4564476589048,Upregulated
gn_pe203_hst1e,25.4564420927512,Upregulated
gn_pe226_hst1e,25.4564420927512,Upregulated
gn_pe2linl_hst1e,25.4564420927512,Upregulated
gn_pear_hst1e,25.4564420927512,Upregulated
gn_pedh203_hst1e,25.4564420927512,Upregulated
gn_pelinl_hst1e,25.4564420927512,Upregulated
gn_peole_hst1e,25.4564420927512,Upregulated
gn_pelpalm_hst1e,25.4564420927512,Upregulated
gn_peste_hst1e,25.4564420927512,Upregulated
gn_sphmyln_hsatpte,55.5657415522558,Upregulated
gn_ce2006te,14.4669736076221,Upregulated
gn_c05770te4,25.4564508257105,Upregulated
gn_c05770te,25.4564508257105,Upregulated
gn_sphs1pt2e,25.4564542741101,Upregulated
gn_mlthfte1,25.4564863655494,Upregulated
gn_ce7081tr,12.4584284669673,Upregulated
gn_chsterolste,5963.22459462689,Upregulated
gn_ppbngte,17.4459501090617,Upregulated
gn_udpg4dopa,34.5697175768459,Upregulated
gn_udpg3dopa,34.5696695225814,Upregulated
gn_dopa4glcurt,34.5697175768459,Upregulated
gn_dopa3glcurt,34.5696695225814,Upregulated
gn_ce5026t,24.8762768931393,Upregulated
gn_ggte_1,24.8762768931393,Upregulated
gn_cysglyptasee_1,24.8762768931393,Upregulated
gn_dopaoqcys,15.3153655527998,Upregulated
gn_bgal1l,142.761637351639,Upregulated
gn_gba2e,19.9666480919731,Upregulated
gn_neu11l,142.761637351639,Upregulated
gn_neu21,270.383621879607,Upregulated
gn_neu23,270.384140433445,Upregulated
gn_sms21e,19.9666480919731,Upregulated
gn_atptg,25.456458839609,Upregulated
gn_dm_pcreat[c],29.6430418888997,Upregulated
gn_hmr_0168,37.8667503913884,Upregulated
gn_hmr_0176,9.72200220676464,Upregulated
gn_hmr_0177,25.6929114703774,Upregulated
gn_hmr_0178,25.6929114703774,Upregulated
gn_hmr_0188,36.1034995946989,Upregulated
gn_hmr_0191,25.4564513007605,Upregulated
gn_hmr_0192,37.8667823136548,Upregulated
gn_hmr_0193,37.8667823136548,Upregulated
gn_hmr_0194,25.4564513007605,Upregulated
gn_hmr_0200,14.8140866458986,Upregulated
gn_hmr_0203,25.4564500958461,Upregulated
gn_hmr_0204,37.8667254370014,Upregulated
gn_hmr_0206,37.8667254370014,Upregulated
gn_hmr_0207,25.4564500958461,Upregulated
gn_hmr_0208,25.4564485989622,Upregulated
gn_hmr_0209,37.8667181606089,Upregulated
gn_hmr_0210,37.8667417931817,Upregulated
gn_hmr_0211,25.4564613307939,Upregulated
gn_hmr_0214,37.8667238250999,Upregulated
gn_hmr_0215,25.4564888919666,Upregulated
gn_hmr_0230,4.20741461332206,Upregulated
gn_hmr_0232,25.4564518667534,Upregulated
gn_hmr_0233,37.8667426020848,Upregulated
gn_hmr_0234,37.8667426020848,Upregulated
gn_hmr_0235,25.4564518667534,Upregulated
gn_hmr_0239,25.4564576040458,Upregulated
gn_hmr_0240,25.4564575294395,Upregulated
gn_hmr_0241,37.8666982384445,Upregulated
gn_hmr_0242,37.8666982384445,Upregulated
gn_hmr_0243,25.4564575294395,Upregulated
gn_hmr_0244,25.4564575294395,Upregulated
gn_hmr_0245,37.8666982384445,Upregulated
gn_hmr_0246,37.8666982384445,Upregulated
gn_hmr_0247,25.4564575294395,Upregulated
gn_hmr_0253,25.4564527307127,Upregulated
gn_hmr_0254,25.4564641115373,Upregulated
gn_hmr_0255,37.8667524626367,Upregulated
gn_hmr_0256,37.8667524626367,Upregulated
gn_hmr_0257,25.4564641115373,Upregulated
gn_hmr_0259,37.8667376196654,Upregulated
gn_hmr_0260,37.8667509319548,Upregulated
gn_hmr_0261,16.7278227522851,Upregulated
gn_hmr_0267,16.2492177567559,Upregulated
gn_hmr_0270,25.4564506073198,Upregulated
gn_hmr_0271,19.3328290018471,Upregulated
gn_hmr_0272,19.3328290018471,Upregulated
gn_hmr_0273,25.4564506073198,Upregulated
gn_hmr_0277,25.4564664566797,Upregulated
gn_hmr_0278,25.4564552422946,Upregulated
gn_hmr_0279,37.86673559387,Upregulated
gn_hmr_0280,37.86673559387,Upregulated
gn_hmr_0281,25.4564552422946,Upregulated
gn_hmr_0287,25.4564201716438,Upregulated
gn_hmr_0288,25.4564541350972,Upregulated
gn_hmr_0289,37.8667395199293,Upregulated
gn_hmr_0290,37.8667395199293,Upregulated
gn_hmr_0291,25.4564541350972,Upregulated
gn_hmr_0292,8.4850877056206,Upregulated
gn_hmr_0296,25.4564445487636,Upregulated
gn_hmr_0297,37.8667196384189,Upregulated
gn_hmr_0298,37.8667196384189,Upregulated
gn_hmr_0299,25.4564445487636,Upregulated
gn_hmr_0300,25.4564635408591,Upregulated
gn_hmr_0301,37.866719951064,Upregulated
gn_hmr_0302,37.866719951064,Upregulated
gn_hmr_0303,25.4564635408591,Upregulated
gn_hmr_0304,25.4564505177049,Upregulated
gn_hmr_0305,37.866686955314,Upregulated
gn_hmr_0306,37.866686955314,Upregulated
gn_hmr_0307,25.4564505177049,Upregulated
gn_hmr_0308,25.4564505674423,Upregulated
gn_hmr_0309,37.8667366324283,Upregulated
gn_hmr_0310,37.8667366324283,Upregulated
gn_hmr_0311,25.4564505674423,Upregulated
gn_hmr_0317,40.2897753318922,Upregulated
gn_hmr_0321,25.4564453183078,Upregulated
gn_hmr_0322,25.4564502682498,Upregulated
gn_hmr_0323,37.8667169008479,Upregulated
gn_hmr_0324,37.8667169008479,Upregulated
gn_hmr_0325,25.4564502682498,Upregulated
gn_hmr_0326,25.4564505382531,Upregulated
gn_hmr_0327,37.8667165819988,Upregulated
gn_hmr_0328,37.8667187808547,Upregulated
gn_hmr_0329,25.4564509006261,Upregulated
gn_hmr_0343,25.4563422611793,Upregulated
gn_hmr_0344,25.4564511564188,Upregulated
gn_hmr_0345,37.8667077484651,Upregulated
gn_hmr_0346,37.8667077484651,Upregulated
gn_hmr_0347,25.4564511564188,Upregulated
gn_hmr_0354,4.11422415199686,Upregulated
gn_hmr_0359,25.4564627209686,Upregulated
gn_hmr_0363,25.4564527727259,Upregulated
gn_hmr_0367,25.4564448141374,Upregulated
gn_hmr_0371,25.4564941936422,Upregulated
gn_hmr_0375,25.4564941936422,Upregulated
gn_hmr_0380,25.4564946732543,Upregulated
gn_hmr_0381,37.8667275929411,Upregulated
gn_hmr_0382,37.8667275929411,Upregulated
gn_hmr_0383,25.4564946732543,Upregulated
gn_hmr_0384,25.4564946732543,Upregulated
gn_hmr_0385,37.8667275929411,Upregulated
gn_hmr_0386,37.8667275929411,Upregulated
gn_hmr_0387,25.4564946732543,Upregulated
gn_hmr_0388,25.4564947123338,Upregulated
gn_hmr_0389,37.8667277387356,Upregulated
gn_hmr_0390,37.8667277387356,Upregulated
gn_hmr_0391,25.4564947123338,Upregulated
gn_hmr_0392,25.4564655910636,Upregulated
gn_hmr_0393,37.8667388461442,Upregulated
gn_hmr_0394,37.8667449102984,Upregulated
gn_hmr_0395,25.4564648236851,Upregulated
gn_hmr_0402,37.8667364019439,Upregulated
gn_hmr_0415,25.456659970079,Upregulated
gn_hmr_0419,25.4564546732475,Upregulated
gn_hmr_0423,25.4564546732475,Upregulated
gn_hmr_0427,25.4565045954245,Upregulated
gn_hmr_0428,25.4564546732475,Upregulated
gn_hmr_0429,37.8667784934693,Upregulated
gn_hmr_0430,37.8667784934693,Upregulated
gn_hmr_0431,25.4564546732475,Upregulated
gn_hmr_0432,25.4564552914133,Upregulated
gn_hmr_0433,37.8666051289622,Upregulated
gn_hmr_0434,37.8666051289622,Upregulated
gn_hmr_0435,25.4564552914133,Upregulated
gn_hmr_0436,25.4564552914133,Upregulated
gn_hmr_0437,37.8667270053752,Upregulated
gn_hmr_0438,37.8667270053752,Upregulated
gn_hmr_0439,25.4564552914133,Upregulated
gn_hmr_0593,26.5982059540876,Upregulated
gn_hmr_0597,43.5394341363738,Upregulated
gn_hmr_0598,43.5394246946348,Upregulated
gn_hmr_0601,26.5982059540876,Upregulated
gn_hmr_0614,43.5394246946348,Upregulated
gn_hmr_0625,43.5394341363738,Upregulated
gn_hmr_0629,43.5394341363738,Upregulated
gn_hmr_0642,43.5394246946348,Upregulated
gn_hmr_0672,26.5982059540876,Upregulated
gn_hmr_0678,26.5982059540876,Upregulated
gn_hmr_0767,25.4564430875373,Upregulated
gn_hmr_0775,25.4564462365939,Upregulated
gn_hmr_0793,23.8725636912151,Upregulated
gn_hmr_0795,270.384208081724,Upregulated
gn_hmr_0815,240.125022306013,Upregulated
gn_hmr_0816,513.879046343932,Upregulated
gn_hmr_0817,31.0659033167395,Upregulated
gn_hmr_0822,31.0659033167395,Upregulated
gn_hmr_0835,142.761637351639,Upregulated
gn_hmr_0836,142.761637351639,Upregulated
gn_hmr_0837,270.383621879607,Upregulated
gn_hmr_0844,270.38414400701,Upregulated
gn_hmr_0912,27.1040175847612,Upregulated
gn_hmr_0913,27.1040175847612,Upregulated
gn_hmr_0942,15.9790744866596,Upregulated
gn_hmr_0946,15.9790732454613,Upregulated
gn_hmr_0950,16.8798637809502,Upregulated
gn_hmr_0954,17.3205642843082,Upregulated
gn_hmr_0962,90.8674190172786,Upregulated
gn_hmr_0963,90.8674190172786,Upregulated
gn_hmr_1095,23.1436645362556,Upregulated
gn_hmr_1283,90.8674190172786,Upregulated
gn_hmr_1305,12.3159478895758,Upregulated
gn_hmr_1307,12.3159478895758,Upregulated
gn_hmr_1390,14.3553011756345,Upregulated
gn_hmr_1392,14.3553011756345,Upregulated
gn_hmr_1470,0.128246289812041,Downregulated
gn_hmr_1473,0.128246289812041,Downregulated
gn_hmr_1477,0.0165328038869922,Downregulated
gn_hmr_1478,0.0165328038869922,Downregulated
gn_hmr_1479,0.0165328038869922,Downregulated
gn_hmr_1490,0.0164892010223217,Downregulated
gn_hmr_1493,0.0165328038869922,Downregulated
gn_hmr_1494,0.0165328038869922,Downregulated
gn_hmr_1502,0.0165427241708335,Downregulated
gn_hmr_1503,0.0165427241708335,Downregulated
gn_hmr_1504,0.0165427241708335,Downregulated
gn_hmr_1505,0.0165427241708335,Downregulated
gn_hmr_1509,0.0165427241708335,Downregulated
gn_hmr_1512,0.0165427241708335,Downregulated
gn_hmr_1516,0.0165427241708335,Downregulated
gn_hmr_1526,0.0165427241708335,Downregulated
gn_hmr_1536,3.14849590305735,Upregulated
gn_hmr_1538,3.14849590305735,Upregulated
gn_hmr_1539,3.14849590305735,Upregulated
gn_hmr_1540,3.14849590305735,Upregulated
gn_hmr_1543,3.14849590305735,Upregulated
gn_hmr_1544,3.14849590305735,Upregulated
gn_hmr_1545,3.14849590305735,Upregulated
gn_hmr_1546,3.14849590305735,Upregulated
gn_hmr_1547,3.14849590305735,Upregulated
gn_hmr_1548,3.14849590305735,Upregulated
gn_hmr_1549,3.14849590305735,Upregulated
gn_hmr_1550,3.14849590305735,Upregulated
gn_hmr_1551,3.14849590305735,Upregulated
gn_hmr_1552,3.14849590305735,Upregulated
gn_hmr_1557,0.456094263333137,Downregulated
gn_hmr_1565,0.456094263333137,Downregulated
gn_hmr_1627,24.9437293135943,Upregulated
gn_hmr_1630,24.9437134955608,Upregulated
gn_hmr_1637,24.9437134955608,Upregulated
gn_hmr_1651,24.9437134955608,Upregulated
gn_hmr_1653,24.9437134955608,Upregulated
gn_hmr_1666,24.9437072926781,Upregulated
gn_hmr_1781,18.4803721032341,Upregulated
gn_hmr_1783,18.4803721032341,Upregulated
gn_hmr_1897,23.0615992219728,Upregulated
gn_hmr_1916,25.4564714063964,Upregulated
gn_hmr_2190,9.83331516879324,Upregulated
gn_hmr_2193,9.83331516879324,Upregulated
gn_hmr_2210,16.3696769111139,Upregulated
gn_hmr_2211,28.7408769020587,Upregulated
gn_hmr_2215,18.9116197363244,Upregulated
gn_hmr_2217,18.9116197363244,Upregulated
gn_hmr_2218,18.9116197363244,Upregulated
gn_hmr_2219,18.9116197363244,Upregulated
gn_hmr_2259,24.6314820335783,Upregulated
gn_hmr_2260,24.6314820335783,Upregulated
gn_hmr_2261,24.6314820335783,Upregulated
gn_hmr_2262,24.6314820335783,Upregulated
gn_hmr_2263,24.6315023115893,Upregulated
gn_hmr_2264,24.6315023115893,Upregulated
gn_hmr_2265,24.6315023115893,Upregulated
gn_hmr_2266,24.6315023115893,Upregulated
gn_hmr_2281,0.0552251089419702,Downregulated
gn_hmr_2284,18.3026242320055,Upregulated
gn_hmr_2286,18.9272987581731,Upregulated
gn_hmr_2287,6.01476138947331,Upregulated
gn_hmr_2292,5.45963410616183,Upregulated
gn_hmr_2293,17.0060266381516,Upregulated
gn_hmr_2294,5.45963379337164,Upregulated
gn_hmr_2295,16.8087787160054,Upregulated
gn_hmr_2296,7.28930038381544,Upregulated
gn_hmr_2332,20.6689983326976,Upregulated
gn_hmr_2334,20.6689983326976,Upregulated
gn_hmr_2336,20.6689983326976,Upregulated
gn_hmr_2338,20.6689983326976,Upregulated
gn_hmr_2342,24.6314804748863,Upregulated
gn_hmr_2343,24.6314804748863,Upregulated
gn_hmr_2344,24.6314804748863,Upregulated
gn_hmr_2345,24.6314804748863,Upregulated
gn_hmr_2347,12.4272945648991,Upregulated
gn_hmr_2348,12.4272945648991,Upregulated
gn_hmr_2349,12.4272945648991,Upregulated
gn_hmr_2350,12.4272945648991,Upregulated
gn_hmr_2353,15.4972719225547,Upregulated
gn_hmr_2354,15.4972719225547,Upregulated
gn_hmr_2355,15.4972719225547,Upregulated
gn_hmr_2356,15.4972719225547,Upregulated
gn_hmr_2361,13.725212662383,Upregulated
gn_hmr_2362,13.725212662383,Upregulated
gn_hmr_2363,13.725212662383,Upregulated
gn_hmr_2364,13.725212662383,Upregulated
gn_hmr_2365,12.6370553175083,Upregulated
gn_hmr_2374,16.982897922578,Upregulated
gn_hmr_2376,16.982897922578,Upregulated
gn_hmr_2391,19.0463292633944,Upregulated
gn_hmr_2395,68.3500513024517,Upregulated
gn_hmr_2433,17.3601895605832,Upregulated
gn_hmr_2434,17.3601895605832,Upregulated
gn_hmr_2435,17.3601895605832,Upregulated
gn_hmr_2436,17.3601895605832,Upregulated
gn_hmr_2440,10.7592623416198,Upregulated
gn_hmr_2457,7.2197282483779,Upregulated
gn_hmr_2530,22.1093448422594,Upregulated
gn_hmr_2533,22.1093448422594,Upregulated
gn_hmr_2535,22.1093448422594,Upregulated
gn_hmr_2537,22.1093448422594,Upregulated
gn_hmr_2540,23.1584293497604,Upregulated
gn_hmr_2541,23.1584293497604,Upregulated
gn_hmr_2542,23.1584293497604,Upregulated
gn_hmr_2543,23.1584293497604,Upregulated
gn_hmr_2569,12.4584364061487,Upregulated
gn_hmr_2581,7.84962338228941,Upregulated
gn_hmr_2608,0.0770833943699314,Downregulated
gn_hmr_2609,0.0770833943699314,Downregulated
gn_hmr_2611,0.0536769235746193,Downregulated
gn_hmr_2620,16.3060790431576,Upregulated
gn_hmr_2621,16.3060790431576,Upregulated
gn_hmr_2622,16.3060790431576,Upregulated
gn_hmr_2633,6.01476539501645,Upregulated
gn_hmr_2657,5.45963056794886,Upregulated
gn_hmr_2660,21.188296380351,Upregulated
gn_hmr_2661,21.188296380351,Upregulated
gn_hmr_2662,21.188296380351,Upregulated
gn_hmr_2669,6.2490826729154,Upregulated
gn_hmr_2675,24.6314827901081,Upregulated
gn_hmr_2676,24.6314827901081,Upregulated
gn_hmr_2677,24.6314827901081,Upregulated
gn_hmr_2681,24.6314804748863,Upregulated
gn_hmr_2684,11.7160212365374,Upregulated
gn_hmr_2685,11.7160212365374,Upregulated
gn_hmr_2686,11.7160212365374,Upregulated
gn_hmr_2687,12.4273030251707,Upregulated
gn_hmr_2690,13.7252414267759,Upregulated
gn_hmr_2691,13.7252414267759,Upregulated
gn_hmr_2693,12.6370553175083,Upregulated
gn_hmr_2695,12.6370553175083,Upregulated
gn_hmr_2701,24.6315005652311,Upregulated
gn_hmr_2705,5.96028714211561,Upregulated
gn_hmr_2708,15.4972719225547,Upregulated
gn_hmr_2733,22.1093388331556,Upregulated
gn_hmr_2734,22.1093388331556,Upregulated
gn_hmr_2736,23.1584293497604,Upregulated
gn_hmr_2737,23.1584293497604,Upregulated
gn_hmr_2739,18.0568391987523,Upregulated
gn_hmr_2740,18.0568391987523,Upregulated
gn_hmr_2764,20.5269621781278,Upregulated
gn_hmr_2768,12.5954632882821,Upregulated
gn_hmr_2771,17.3601895605832,Upregulated
gn_hmr_2772,17.3601895605832,Upregulated
gn_hmr_2774,23.158430423537,Upregulated
gn_hmr_2775,23.158430423537,Upregulated
gn_hmr_2942,33.6593043496522,Upregulated
gn_hmr_2943,33.6593043496522,Upregulated
gn_hmr_2944,33.6593043496522,Upregulated
gn_hmr_2945,33.6593043496522,Upregulated
gn_hmr_2946,33.6593043496522,Upregulated
gn_hmr_2947,33.6593043496522,Upregulated
gn_hmr_2948,33.6593043496522,Upregulated
gn_hmr_2951,33.6593043496522,Upregulated
gn_hmr_2954,33.6593043496522,Upregulated
gn_hmr_2955,33.6593043496522,Upregulated
gn_hmr_2956,33.6593043496522,Upregulated
gn_hmr_2961,33.6593043496522,Upregulated
gn_hmr_2962,33.6593043496522,Upregulated
gn_hmr_2963,33.6593043496522,Upregulated
gn_hmr_2964,33.6593043496522,Upregulated
gn_hmr_2965,33.6593043496522,Upregulated
gn_hmr_2966,33.6593043496522,Upregulated
gn_hmr_2967,33.6593043496522,Upregulated
gn_hmr_2968,33.6593043496522,Upregulated
gn_hmr_2969,33.6593043496522,Upregulated
gn_hmr_2970,33.6593043496522,Upregulated
gn_hmr_2971,33.6593043496522,Upregulated
gn_hmr_2972,33.6593043496522,Upregulated
gn_hmr_2973,33.6593043496522,Upregulated
gn_hmr_2974,33.6593043496522,Upregulated
gn_hmr_2975,33.6593043496522,Upregulated
gn_hmr_2976,33.6593043496522,Upregulated
gn_hmr_2977,33.6593043496522,Upregulated
gn_hmr_2978,33.6593043496522,Upregulated
gn_hmr_2979,33.6593043496522,Upregulated
gn_hmr_2980,33.6593043496522,Upregulated
gn_hmr_2982,33.6593043496522,Upregulated
gn_hmr_2983,33.6593043496522,Upregulated
gn_hmr_2985,33.6593043496522,Upregulated
gn_hmr_2986,33.6593043496522,Upregulated
gn_hmr_2988,33.6593043496522,Upregulated
gn_hmr_2989,33.6593043496522,Upregulated
gn_hmr_2990,33.6593043496522,Upregulated
gn_hmr_2994,33.6593043496522,Upregulated
gn_hmr_2998,33.6593043496522,Upregulated
gn_hmr_2999,33.6593043496522,Upregulated
gn_hmr_3001,33.6593043496522,Upregulated
gn_hmr_3002,33.6593043496522,Upregulated
gn_hmr_3003,33.6593043496522,Upregulated
gn_hmr_3021,68.3500354441718,Upregulated
gn_hmr_3023,20.6689983326976,Upregulated
gn_hmr_3053,68.3500354441718,Upregulated
gn_hmr_3057,18.9116197363244,Upregulated
gn_hmr_3058,18.9116197363244,Upregulated
gn_hmr_3059,18.9116197363244,Upregulated
gn_hmr_3062,18.9116197363244,Upregulated
gn_hmr_3063,18.9116197363244,Upregulated
gn_hmr_3064,18.9116197363244,Upregulated
gn_hmr_3065,18.9116197363244,Upregulated
gn_hmr_3066,18.9116197363244,Upregulated
gn_hmr_3067,18.9116197363244,Upregulated
gn_hmr_3068,18.9116197363244,Upregulated
gn_hmr_3069,18.9116197363244,Upregulated
gn_hmr_3070,18.9116197363244,Upregulated
gn_hmr_3071,18.9116197363244,Upregulated
gn_hmr_3072,18.9116197363244,Upregulated
gn_hmr_3073,18.9116197363244,Upregulated
gn_hmr_3074,26.8724173669062,Upregulated
gn_hmr_3075,26.8724173669062,Upregulated
gn_hmr_3076,26.8724173669062,Upregulated
gn_hmr_3094,1150.64032510631,Upregulated
gn_hmr_3095,1150.64032510631,Upregulated
gn_hmr_3096,1150.64032510631,Upregulated
gn_hmr_3097,1150.64032510631,Upregulated
gn_hmr_3098,1150.64032510631,Upregulated
gn_hmr_3099,1150.64032510631,Upregulated
gn_hmr_3100,1150.64032510631,Upregulated
gn_hmr_3101,1150.64032510631,Upregulated
gn_hmr_3102,1150.64032510631,Upregulated
gn_hmr_3121,16.2685369622188,Upregulated
gn_hmr_3128,16.2676467344592,Upregulated
gn_hmr_3135,16.2676540053551,Upregulated
gn_hmr_3170,24.6315005652311,Upregulated
gn_hmr_3171,24.6315005652311,Upregulated
gn_hmr_3172,24.6315005652311,Upregulated
gn_hmr_3173,24.6315005652311,Upregulated
gn_hmr_3174,24.6314902972942,Upregulated
gn_hmr_3175,24.6314902972942,Upregulated
gn_hmr_3176,24.6314902972942,Upregulated
gn_hmr_3177,24.6314902972942,Upregulated
gn_hmr_3194,25.8310293230041,Upregulated
gn_hmr_3195,25.8310293230041,Upregulated
gn_hmr_3196,25.8310293230041,Upregulated
gn_hmr_3197,25.8310293230041,Upregulated
gn_hmr_3198,25.8310293230041,Upregulated
gn_hmr_3199,25.8310293230041,Upregulated
gn_hmr_3200,25.8310293230041,Upregulated
gn_hmr_3201,25.8310293230041,Upregulated
gn_hmr_3202,25.8310293230041,Upregulated
gn_hmr_3203,25.8310293230041,Upregulated
gn_hmr_3204,25.8310293230041,Upregulated
gn_hmr_3205,25.8310293230041,Upregulated
gn_hmr_3218,5.96028714211561,Upregulated
gn_hmr_3219,5.96028714211561,Upregulated
gn_hmr_3220,5.96028714211561,Upregulated
gn_hmr_3221,5.96028714211561,Upregulated
gn_hmr_3222,3.31794333289722,Upregulated
gn_hmr_3223,3.31794333289722,Upregulated
gn_hmr_3224,3.31794333289722,Upregulated
gn_hmr_3225,3.31794333289722,Upregulated
gn_hmr_3230,0.423486004345659,Downregulated
gn_hmr_3231,0.4317330760543,Downregulated
gn_hmr_3232,0.423486004345659,Downregulated
gn_hmr_3233,0.4317330760543,Downregulated
gn_hmr_3234,0.43173249688275,Downregulated
gn_hmr_3235,0.43173249688275,Downregulated
gn_hmr_3236,0.43173249688275,Downregulated
gn_hmr_3237,0.43173249688275,Downregulated
gn_hmr_3240,24.6314804748863,Upregulated
gn_hmr_3241,24.6314804748863,Upregulated
gn_hmr_3242,24.6314804748863,Upregulated
gn_hmr_3243,24.6314804748863,Upregulated
gn_hmr_3244,17.006016237779,Upregulated
gn_hmr_3245,17.006016237779,Upregulated
gn_hmr_3246,17.006016237779,Upregulated
gn_hmr_3247,17.006016237779,Upregulated
gn_hmr_3326,20.6689983326976,Upregulated
gn_hmr_3327,20.6689983326976,Upregulated
gn_hmr_3328,20.6689983326976,Upregulated
gn_hmr_3329,20.6689983326976,Upregulated
gn_hmr_3330,20.6689983326976,Upregulated
gn_hmr_3331,20.6689983326976,Upregulated
gn_hmr_3332,20.6689983326976,Upregulated
gn_hmr_3333,20.6689983326976,Upregulated
gn_hmr_3334,20.6689983326976,Upregulated
gn_hmr_3335,20.6689983326976,Upregulated
gn_hmr_3336,20.6689983326976,Upregulated
gn_hmr_3337,20.6689983326976,Upregulated
gn_hmr_3338,20.6689983326976,Upregulated
gn_hmr_3339,20.6689983326976,Upregulated
gn_hmr_3340,20.6689983326976,Upregulated
gn_hmr_3341,20.6689983326976,Upregulated
gn_hmr_3342,20.6689983326976,Upregulated
gn_hmr_3343,20.6689983326976,Upregulated
gn_hmr_3344,20.6689983326976,Upregulated
gn_hmr_3345,20.6689983326976,Upregulated
gn_hmr_3346,20.6689983326976,Upregulated
gn_hmr_3347,20.6689983326976,Upregulated
gn_hmr_3348,20.6689983326976,Upregulated
gn_hmr_3349,20.6689983326976,Upregulated
gn_hmr_3350,20.6689983326976,Upregulated
gn_hmr_3351,20.6689983326976,Upregulated
gn_hmr_3352,20.6689983326976,Upregulated
gn_hmr_3353,20.6689983326976,Upregulated
gn_hmr_3398,26.0789242524374,Upregulated
gn_hmr_3406,3.52367137514181,Upregulated
gn_hmr_3407,5.98792055884319,Upregulated
gn_hmr_3408,6.2490826729154,Upregulated
gn_hmr_3409,7.28696887884577,Upregulated
gn_hmr_3411,12.4273030251707,Upregulated
gn_hmr_3413,13.7252414267759,Upregulated
gn_hmr_3414,12.6370553175083,Upregulated
gn_hmr_3416,15.4972719225547,Upregulated
gn_hmr_3421,24.3375485794273,Upregulated
gn_hmr_3422,20.4440196998746,Upregulated
gn_hmr_3423,12.5954632882821,Upregulated
gn_hmr_3424,17.3601895605832,Upregulated
gn_hmr_3425,23.158430423537,Upregulated
gn_hmr_3426,5.26588794680884,Upregulated
gn_hmr_3427,14.9129717265799,Upregulated
gn_hmr_3429,31.1869124702603,Upregulated
gn_hmr_3431,22.1093388331556,Upregulated
gn_hmr_3432,23.1584293497604,Upregulated
gn_hmr_3433,18.0568391987523,Upregulated
gn_hmr_3448,16.9828975345797,Upregulated
gn_hmr_3449,16.9828975345797,Upregulated
gn_hmr_3450,16.9828975345797,Upregulated
gn_hmr_3451,16.9828975345797,Upregulated
gn_hmr_3452,7.6805585723141,Upregulated
gn_hmr_3453,7.6805585723141,Upregulated
gn_hmr_3454,7.6805585723141,Upregulated
gn_hmr_3456,7.6805585723141,Upregulated
gn_hmr_3457,7.6805585723141,Upregulated
gn_hmr_3491,37.8667241054463,Upregulated
gn_hmr_3625,33.6593043496522,Upregulated
gn_hmr_3626,33.6593043496522,Upregulated
gn_hmr_3627,33.6593043496522,Upregulated
gn_hmr_3628,33.6593043496522,Upregulated
gn_hmr_3629,33.6593043496522,Upregulated
gn_hmr_3630,33.6593043496522,Upregulated
gn_hmr_3631,33.6593043496522,Upregulated
gn_hmr_3633,33.6593043496522,Upregulated
gn_hmr_3635,33.6593043496522,Upregulated
gn_hmr_3636,33.6593043496522,Upregulated
gn_hmr_3637,33.6593043496522,Upregulated
gn_hmr_3639,33.6593043496522,Upregulated
gn_hmr_3640,33.6593043496522,Upregulated
gn_hmr_3642,33.6593043496522,Upregulated
gn_hmr_3644,33.6593043496522,Upregulated
gn_hmr_3645,33.6593043496522,Upregulated
gn_hmr_3646,33.6593043496522,Upregulated
gn_hmr_3647,33.6593043496522,Upregulated
gn_hmr_3648,33.6593043496522,Upregulated
gn_hmr_3649,33.6593043496522,Upregulated
gn_hmr_3650,33.6593043496522,Upregulated
gn_hmr_3651,33.6593043496522,Upregulated
gn_hmr_3652,33.6593043496522,Upregulated
gn_hmr_3653,33.6593043496522,Upregulated
gn_hmr_3654,33.6593043496522,Upregulated
gn_hmr_3655,33.6593043496522,Upregulated
gn_hmr_3656,33.6593043496522,Upregulated
gn_hmr_3657,33.6593043496522,Upregulated
gn_hmr_3658,33.6593043496522,Upregulated
gn_hmr_3659,33.6593043496522,Upregulated
gn_hmr_3660,33.6593043496522,Upregulated
gn_hmr_3662,33.6593043496522,Upregulated
gn_hmr_3663,33.6593043496522,Upregulated
gn_hmr_3664,33.6592918448688,Upregulated
gn_hmr_3665,33.6593043496522,Upregulated
gn_hmr_3666,33.6593043496522,Upregulated
gn_hmr_3667,33.659256712035,Upregulated
gn_hmr_3668,33.6593043496522,Upregulated
gn_hmr_3669,33.6593043496522,Upregulated
gn_hmr_3670,33.6593043496522,Upregulated
gn_hmr_3675,33.6593043496522,Upregulated
gn_hmr_3677,33.6593043496522,Upregulated
gn_hmr_3678,33.6593043496522,Upregulated
gn_hmr_3679,33.6592851523628,Upregulated
gn_hmr_3680,33.6593043496522,Upregulated
gn_hmr_3681,33.6593043496522,Upregulated
gn_hmr_3682,33.6593043496522,Upregulated
gn_hmr_3684,33.6593043496522,Upregulated
gn_hmr_3685,33.6593043496522,Upregulated
gn_hmr_3686,33.6593043496522,Upregulated
gn_hmr_3687,33.6593043496522,Upregulated
gn_hmr_3688,33.6593043496522,Upregulated
gn_hmr_3689,33.6593043496522,Upregulated
gn_hmr_3690,33.6593043496522,Upregulated
gn_hmr_3692,33.6593043496522,Upregulated
gn_hmr_3694,33.6593043496522,Upregulated
gn_hmr_3695,33.6593043496522,Upregulated
gn_hmr_3696,33.6593043496522,Upregulated
gn_hmr_3698,33.6593043496522,Upregulated
gn_hmr_3699,33.6593043496522,Upregulated
gn_hmr_3701,33.6593043496522,Upregulated
gn_hmr_3703,33.6593043496522,Upregulated
gn_hmr_3704,33.6593043496522,Upregulated
gn_hmr_3705,33.6593043496522,Upregulated
gn_hmr_3706,33.6593043496522,Upregulated
gn_hmr_3707,33.6593043496522,Upregulated
gn_hmr_3708,33.6593043496522,Upregulated
gn_hmr_3709,33.6593043496522,Upregulated
gn_hmr_3710,33.6593043496522,Upregulated
gn_hmr_3711,33.6593043496522,Upregulated
gn_hmr_3712,33.6593043496522,Upregulated
gn_hmr_3713,33.6593043496522,Upregulated
gn_hmr_3714,33.6593043496522,Upregulated
gn_hmr_3715,33.6593043496522,Upregulated
gn_hmr_3716,33.6593043496522,Upregulated
gn_hmr_3717,33.6593043496522,Upregulated
gn_hmr_3718,33.6593043496522,Upregulated
gn_hmr_3719,33.6593043496522,Upregulated
gn_hmr_3721,33.6593043496522,Upregulated
gn_hmr_3722,33.6593043496522,Upregulated
gn_hmr_3723,33.6592918448688,Upregulated
gn_hmr_3724,33.6593043496522,Upregulated
gn_hmr_3725,33.6593043496522,Upregulated
gn_hmr_3726,33.659256712035,Upregulated
gn_hmr_3727,33.6593043496522,Upregulated
gn_hmr_3728,33.6593043496522,Upregulated
gn_hmr_3729,33.6593043496522,Upregulated
gn_hmr_3734,33.6593043496522,Upregulated
gn_hmr_3736,33.6593043496522,Upregulated
gn_hmr_3737,33.6593043496522,Upregulated
gn_hmr_3738,33.6592851523628,Upregulated
gn_hmr_3739,33.6593043496522,Upregulated
gn_hmr_3740,33.6593043496522,Upregulated
gn_hmr_3741,33.6593043496522,Upregulated
gn_hmr_3953,26.7938504648778,Upregulated
gn_hmr_4078,49.4970491690061,Upregulated
gn_hmr_4079,49.4971838208221,Upregulated
gn_hmr_4124,32.0166631406526,Upregulated
gn_hmr_4270,24.1789294084222,Upregulated
gn_hmr_4422,238.450770153655,Upregulated
gn_hmr_4592,114.13612050548,Upregulated
gn_hmr_4756,19.1957828943936,Upregulated
gn_hmr_4757,19.1957828943936,Upregulated
gn_hmr_4964,28.6561137167263,Upregulated
gn_hmr_5420,19.1957814135516,Upregulated
gn_hmr_6385,10.9542408662725,Upregulated
gn_hmr_6545,25.4564556232099,Upregulated
gn_hmr_6549,25.4564755223296,Upregulated
gn_hmr_6550,25.4564499936166,Upregulated
gn_hmr_6584,25.456458839609,Upregulated
gn_hmr_6595,25.456472143153,Upregulated
gn_hmr_6629,64.6241186837988,Upregulated
gn_hmr_6632,64.6241186837988,Upregulated
gn_hmr_6647,64.6241186837988,Upregulated
gn_hmr_6729,8.99950011116657,Upregulated
gn_hmr_7198,31.9643644318033,Upregulated
gn_hmr_7628,18.5937107895182,Upregulated
gn_hmr_7715,25.3740264967934,Upregulated
gn_hmr_7720,25.4564737087584,Upregulated
gn_hmr_7724,25.4567514933933,Upregulated
gn_hmr_7756,18.5937107895182,Upregulated
gn_hmr_9678,25.4564375829234,Upregulated
gn_hmr_9719,6.00721211010454,Upregulated
gn_hmr_9803,40.844057848176,Upregulated
gn_hmr_9805,0.071550936284966,Downregulated
gn_hmr_2957,33.6593083733535,Upregulated
gn_hmr_6580,25.456458839609,Upregulated
gn_hmr_1635,24.9437134955608,Upregulated
gn_hmr_1484,0.0165328038869922,Downregulated
gn_hmr_1467,0.128246289812041,Downregulated
gn_hmr_1644,24.9437134955608,Upregulated
gn_hmr_1500,0.0165427241688017,Downregulated
gn_12dhcholabc,25.4564513485326,Upregulated
gn_12dhcholt2,25.4564513485326,Upregulated
gn_3dhcdcholabc,25.4564512401759,Upregulated
gn_3dhcdcholt2,25.4564512401759,Upregulated
gn_3dhcholabc,25.4564512401759,Upregulated
gn_3dhcholt2,25.4564512401759,Upregulated
gn_3dhdcaabc,30.2251262847249,Upregulated
gn_3dhdcas,38.9437619707938,Upregulated
gn_3dhlcaabc,25.45645594298,Upregulated
gn_3dhlcat2,25.45645594298,Upregulated
gn_7dhcdcholabc,25.4564560513366,Upregulated
gn_7dhcdcholt2,25.4564560513366,Upregulated
gn_7dhcholabc,25.4564560513366,Upregulated
gn_7dhcholt2,25.4564560513366,Upregulated
gn_ca3sabc,25.4564437070891,Upregulated
gn_ca3st,25.4564437070891,Upregulated
gn_cdca3gsc,32.4613468888832,Upregulated
gn_cdca3gte,32.4613468888832,Upregulated
gn_coprostabc,25.4564441106335,Upregulated
gn_coprostt2,25.4564441106335,Upregulated
gn_dca3gsc,32.4612938647401,Upregulated
gn_dca3gte,32.4612938647401,Upregulated
gn_dca3sabc,25.4564146254857,Upregulated
gn_dca3st,25.4564209634517,Upregulated
gn_gca3sabc,25.4564173326214,Upregulated
gn_gca3st,25.4564173326214,Upregulated
gn_gcdca3sabc,25.456433543695,Upregulated
gn_gcdca3st,25.456433543695,Upregulated
gn_gdca3sabc,25.4564481947248,Upregulated
gn_gdca3st,25.4564481947248,Upregulated
gn_gudca3sabc,25.4564481947248,Upregulated
gn_gudca3st,25.4564481947248,Upregulated
gn_hyocholabc,25.456439512483,Upregulated
gn_icdcholabc,25.4564394272188,Upregulated
gn_icdcholt2,25.4564394272188,Upregulated
gn_isocholabc,25.4564394272188,Upregulated
gn_isocholt2,25.4564394272188,Upregulated
gn_lca3sabc,25.4564518042435,Upregulated
gn_lca3st,25.4564518042435,Upregulated
gn_tca3sabc,25.4564495909264,Upregulated
gn_tca3st,25.4564495909264,Upregulated
gn_tcdca3sabc,25.4564501913286,Upregulated
gn_tcdca3st,25.4564501913286,Upregulated
gn_tdca3sabc,25.4564501913286,Upregulated
gn_tdca3st,25.4564501913286,Upregulated
gn_thyocholabc,25.456442610415,Upregulated
gn_tudca3sabc,25.4564499639574,Upregulated
gn_tudca3st,25.4564499639574,Upregulated
gn_ucholabc,25.4563852350145,Upregulated
gn_ucholt2,25.4563852350145,Upregulated
gn_udca3sabc,25.4564463464173,Upregulated
gn_udca3st,25.4564463464173,Upregulated
gn_acmpgluttep,25.4564533192193,Upregulated
gn_acmpglutthc,25.4564533192193,Upregulated
gn_acmpglutep,25.4564533192193,Upregulated
gn_acmpgluthc,25.4564533192193,Upregulated
gn_meracmptep,25.4564534657672,Upregulated
gn_meracmpthc,25.4564534657672,Upregulated
gn_sink_leu_l[c],11.5124863027565,Upregulated
gn_sink_lys_l[c],2.14615954147902,Upregulated
gn_dm_5cysdopa[c],15.3153655527998,Upregulated
gn_cyor_u10mi,73.739836464376,Upregulated
gn_nadh2_u10mi,930.160663748718,Upregulated
tr2425dhvitd3[e]_gn2bl,36.3510943585416,Upregulated
tr2hb[e]_gn2bl,231.650109188071,Upregulated
tracnacngalgbside_hs[e]_gn2bl,25.358844868767,Upregulated
trade[e]_gn2bl,10.2039905483203,Upregulated
tramp[e]_gn2bl,26.6593988702464,Upregulated
trala_b[e]_gn2bl,210.306237272327,Upregulated
trbilirub[e]_gn2bl,42.9896304203967,Upregulated
troxa[e]_gn2bl,61.2286481316785,Upregulated
trco[e]_gn2bl,42.9895683746172,Upregulated
tr35cgmp[e]_gn2bl,43.5023904500733,Upregulated
tr3aib[e]_gn2bl,56.214978431677,Upregulated
trcamp[e]_gn2bl,41.7656683073239,Upregulated
trfucgalgbside_hs[e]_gn2bl,13.8429591625696,Upregulated
trgthox[e]_gn2bl,24.4174648551501,Upregulated
trno[e]_gn2bl,45.1550308701208,Upregulated
trprostge2[e]_gn2bl,12.7055383328834,Upregulated
trretnglc[e]_gn2bl,45.8614110612364,Upregulated
trribflv[e]_gn2bl,21.6758284307752,Upregulated
trppi[e]_gn2bl,27.2815129113022,Upregulated
trptrc[e]_gn2bl,131.353801783733,Upregulated
trco2[e]_gn2bl,0.0442780779636209,Downregulated
trlac_l[e]_gn2bl,40.3511198550094,Upregulated
trhc02205[e]_gn2bl,12.3058659629276,Upregulated
trhc02213[e]_gn2bl,28.898903000162,Upregulated
trglcur[e]_gn2bl,85.4380565385804,Upregulated
trq10h2[e]_gn2bl,29.8520310261076,Upregulated
tr5mta[e]_gn2bl,49.4972056976438,Upregulated
tr5oxpro[e]_gn2bl,0.161601833841449,Downregulated
tridour[e]_gn2bl,28.0983303614422,Upregulated
trpcholmyr_hs[e]_gn2bl,28.7074454234215,Upregulated
trpcholole_hs[e]_gn2bl,28.7074188629412,Upregulated
trpcholste_hs[e]_gn2bl,28.7076280127225,Upregulated
trpcholn204_hs[e]_gn2bl,28.7074445831789,Upregulated
trpcholn24_hs[e]_gn2bl,28.7074491509281,Upregulated
trpcholhep_hs[e]_gn2bl,28.7074875454203,Upregulated
tr4aabutn[e]_gn2bl,68.8557816077584,Upregulated
trc06314[e]_gn2bl,137.758613395335,Upregulated
trc14768[e]_gn2bl,51.540446170792,Upregulated
trc14769[e]_gn2bl,51.5404697277682,Upregulated
trc14770[e]_gn2bl,25.5632840261043,Upregulated
trc14771[e]_gn2bl,25.5630084728971,Upregulated
trc14826[e]_gn2bl,38.1126115305876,Upregulated
trdodecanac[e]_gn2bl,38.3086322460259,Upregulated
trind3ac[e]_gn2bl,84.2590032462387,Upregulated
trpac[e]_gn2bl,96.366534157422,Upregulated
trglcr[e]_gn2bl,32.7497329694186,Upregulated
trxyl_d[e]_gn2bl,78.5817582785982,Upregulated
tracald[e]_gn2bl,26.9308492743837,Upregulated
trce4970[e]_gn2bl,36.6115687654186,Upregulated
trce2026[e]_gn2bl,42.7969353737837,Upregulated
trce4968[e]_gn2bl,36.6115614715025,Upregulated
tr2m3hvac[e]_gn2bl,71.9580411379659,Upregulated
tr3mglutac[e]_gn2bl,124.897516377162,Upregulated
trhexgly[e]_gn2bl,118.764867217273,Upregulated
trc05769[e]_gn2bl,51.8949747590498,Upregulated
trce2006[e]_gn2bl,14.4669837943048,Upregulated
trppp9[e]_gn2bl,44.371535097903,Upregulated
trxol24oh[e]_gn2bl,2845.49497317893,Upregulated
trchsterols[e]_gn2bl,5963.22459462689,Upregulated
trsphings[e]_gn2bl,24.412908562593,Upregulated
trim4ac[e]_gn2bl,84.2581508306648,Upregulated
trdopa4glcur[e]_gn2bl,31.5031719452062,Upregulated
trdopa3glcur[e]_gn2bl,31.5031939070287,Upregulated
trm02745[e]_gn2bl,14.0036160689664,Upregulated
trcdca3g[e]_gn2bl,32.4613513520051,Upregulated
trdca3g[e]_gn2bl,32.4612939002735,Upregulated
oo_10fthf7glutl,52.0427952573004,Upregulated
oo_10fthf7glutm,46.5370896591119,Upregulated
oo_1a_24_25vitd2hm,33.5245027632701,Upregulated
oo_1a_25vitd2hm,34.7206844948416,Upregulated
oo_24_25dhvitd3t,36.351119912486,Upregulated
oo_24_25dhvitd3tm,36.351119912486,Upregulated
oo_24_25vitd2hm,33.5245027632701,Upregulated
oo_24_25vitd3hm,36.351119912486,Upregulated
oo_25hvitd2tin_m,34.7211715963756,Upregulated
oo_25hvitd3tin_m,36.3510588896883,Upregulated
oo_25vitd2hm,34.7206844948416,Upregulated
oo_25vitd3hm,36.3510875233291,Upregulated
oo_2oxoadoxm,32.5366358133724,Upregulated
oo_34dhoxpegox,22.1170473231738,Upregulated
oo_34dhoxpegt,22.1170473231738,Upregulated
oo_34hplfm,29.8375095108426,Upregulated
oo_35cgmptn,29.6871472195807,Upregulated
oo_3aibtm,56.2151241714381,Upregulated
oo_3aibtmi,56.2151241714381,Upregulated
oo_3hbcoahlm,61.6281396708875,Upregulated
oo_3hlytcl,72.6738358663304,Upregulated
oo_3salacboxl,12.0931238243465,Upregulated
oo_3salaox,13.0528899339284,Upregulated
oo_3salatai,188.479220627231,Upregulated
oo_3salataim,188.479708314973,Upregulated
oo_3spyrsp,188.479220627231,Upregulated
oo_3spyrspm,188.479708314973,Upregulated
oo_4hbzcoafm,29.8520860200637,Upregulated
oo_4hbzfm,29.8520860200637,Upregulated
oo_5hltdl,59.2812147877587,Upregulated
oo_7dhftl,13.3492999435166,Upregulated
oo_7dhftm,13.3492973205318,Upregulated
oo_7thftl,13.227801217348,Upregulated
oo_7thftm,13.2277862791769,Upregulated
oo_a4galtc,11.9728566353028,Upregulated
oo_a4galtg,43.9035678008137,Upregulated
oo_abutt2rl,31.6888330098942,Upregulated
oo_acact1x,4.05637716705966,Upregulated
oo_acact4p,30.0125076168185,Upregulated
oo_acact5p,44.9821192858323,Upregulated
oo_acact6p,40.1441144425264,Upregulated
oo_acact7p,40.1441144425264,Upregulated
oo_acact8p,246.71730764299,Upregulated
oo_acact9p,246.71730764299,Upregulated
oo_accoacm,47.4192579286321,Upregulated
oo_accoalm,18.6208427128536,Upregulated
oo_acgalk2,29.6871125133177,Upregulated
oo_acgaltly,34.4054863911145,Upregulated
oo_acgam6psi,38.6776095881743,Upregulated
oo_acgamk,28.7886222518158,Upregulated
oo_acgamtly,28.7885924280657,Upregulated
oo_acgpid,26.5463373067762,Upregulated
oo_acitl,18.8076875945563,Upregulated
oo_acnacngalgbsidete,25.3588345163035,Upregulated
oo_acnam9pl,78.7387283194124,Upregulated
oo_acnamph,78.7387283194124,Upregulated
oo_acnamtn,29.687123535494,Upregulated
oo_acoad1fm,146.412012288067,Upregulated
oo_acox2x,25.5081471805506,Upregulated
oo_acp1_fmn_,25.4144390550346,Upregulated
oo_acs2,29.6869485201872,Upregulated
oo_actlmo,26.8737754223378,Upregulated
oo_actnmo,63.5134472276868,Upregulated
oo_admdc,57.6539849738948,Upregulated
oo_adncyc,29.687117458508,Upregulated
oo_adrncoatx,23.9096523700043,Upregulated
oo_adrncpt1,5.80424622415479,Upregulated
oo_adrncpt2,5.80424685519658,Upregulated
oo_adsk,25.4144658031924,Upregulated
oo_adsl1,29.1636206961828,Upregulated
oo_adsl2,22.7099925575598,Upregulated
oo_ag13t16g,24.4577963604383,Upregulated
oo_ag13t17g,24.4577963604383,Upregulated
oo_ag13t18g,24.4577963604383,Upregulated
oo_ag13t1g,24.2309580431573,Upregulated
oo_ag13t2g,24.2309580431573,Upregulated
oo_ag13t3g,24.2309580431573,Upregulated
oo_agmtm,208.38440632077,Upregulated
oo_aircr,22.7099925575598,Upregulated
oo_aldd20x,90.553353832925,Upregulated
oo_aldd2y,22.1124360719398,Upregulated
oo_alox15,56.918433229043,Upregulated
oo_amacr2p,75.9478578615133,Upregulated
oo_amacrp,25.5081471805506,Upregulated
oo_amett2m,493.586700453562,Upregulated
oo_aprto2,81.895328389262,Upregulated
oo_r_group_phosphotase_1,23.0990033556171,Upregulated
oo_r_group_phosphotase_2,2.61148337488893,Upregulated
oo_r_group_phosphotase_3,6.00987547649263,Upregulated
oo_artplm3,6.00987434666193,Upregulated
oo_artplm3m,6.0098723158554,Upregulated
oo_asah1,42.8684374932376,Upregulated
oo_atp1ter,24.8527968073733,Upregulated
oo_atp2ter,63.5898333509778,Upregulated
oo_atph1e,24.6866524065328,Upregulated
oo_atph2e,23.4453338430628,Upregulated
oo_b3galt3g,43.9035678008137,Upregulated
oo_b3galt41g,25.1517829553987,Upregulated
oo_b3galt5g,13.8429576343195,Upregulated
oo_baat3x,75.9478578615133,Upregulated
oo_bamppaldox,57.6540246544408,Upregulated
oo_bdhm,82.4423355436679,Upregulated
oo_bhbtm,82.4423355436679,Upregulated
oo_bilglcurtr,24.8465710714831,Upregulated
oo_bmter_u,26.5463905907746,Upregulated
oo_bpnt2,25.4144766244476,Upregulated
oo_btnt3i,25.4144785166213,Upregulated
oo_bup2,21.6110237068205,Upregulated
oo_c160cpt1,42.2049868835404,Upregulated
oo_c160cpt2,42.2065475283556,Upregulated
oo_c161cpt2,48.2793867924368,Upregulated
oo_c180cpt1,19.6852851116473,Upregulated
oo_c180cpt2,19.2501170683172,Upregulated
oo_caatps,25.4147775928682,Upregulated
oo_catm,22.6155795096895,Upregulated
oo_catp,3257.99679570741,Upregulated
oo_cbpsam,13.5528641026746,Upregulated
oo_cdpdagtm,457.30590466132,Upregulated
oo_cds,319.887198872904,Upregulated
oo_cerk,25.4144401823281,Upregulated
oo_cert1gt,23.9547545444183,Upregulated
oo_cert1rt,17.8616009940249,Upregulated
oo_cert2rt,25.1737925304664,Upregulated
oo_chsterolsult,27.4048475065232,Upregulated
oo_chsteroltg,25.4144498362281,Upregulated
oo_ck,10.4084825780594,Upregulated
oo_clpndcpt1,12.870486893739,Upregulated
oo_clpndcpt2,12.8704992384567,Upregulated
oo_cmpacnatg,17.2625501058208,Upregulated
oo_cmpacnatn,29.687123535494,Upregulated
oo_cmpsas,29.687138272941,Upregulated
oo_cmpsasn,29.687123535494,Upregulated
oo_coatl,25.4144491381122,Upregulated
oo_coq3m,29.8520421068365,Upregulated
oo_coq5m,29.8520421068365,Upregulated
oo_coq6m,29.8520421068365,Upregulated
oo_coq7m,29.8520421068365,Upregulated
oo_core2gtg,24.2309580431573,Upregulated
oo_core3gtg,24.4577963604383,Upregulated
oo_core4gtg,24.4577963604383,Upregulated
oo_core6gtg,23.5518843379425,Upregulated
oo_cot,42.9896000101191,Upregulated
oo_coucoafm,29.8520860200637,Upregulated
oo_creattmdiffir,10.4084825780594,Upregulated
oo_csapasely,15.8362587897383,Upregulated
oo_csbpasely,16.0679703963406,Upregulated
oo_cscpasely,15.9000898867815,Upregulated
oo_csdpasely,19.5521011525539,Upregulated
oo_csepasely,20.2944911518576,Upregulated
oo_csm,220.823035295782,Upregulated
oo_cspg_at,17.8674378075593,Upregulated
oo_cspg_atly,15.8362587897383,Upregulated
oo_cspg_bt,16.0679703963406,Upregulated
oo_cspg_btly,16.0679703963406,Upregulated
oo_cspg_ct,21.5087667079277,Upregulated
oo_cspg_ctly,15.9000898867815,Upregulated
oo_cspg_dt,19.5521011525539,Upregulated
oo_cspg_dtly,19.5521011525539,Upregulated
oo_cspg_et,23.0390975418273,Upregulated
oo_cspg_etly,20.2944911518576,Upregulated
oo_ctptn,29.687123535494,Upregulated
oo_cyso,12.093180122665,Upregulated
oo_cysta,188.479548254937,Upregulated
oo_cytdtl,25.4144846477654,Upregulated
oo_dag_hster,26.5464046140743,Upregulated
oo_dagt,2.16091994525272,Upregulated
oo_dascbr,26.8737660167843,Upregulated
oo_datptn,25.9308417907046,Upregulated
oo_dck1m,0.413294811266699,Downregulated
oo_dcsptn1cpt1,20.2523276642536,Upregulated
oo_dcsptn1cpt2,20.2523293234942,Upregulated
oo_dct,32.8844954801476,Upregulated
oo_decdptm,29.8520860200637,Upregulated
oo_desat18_10,29.6947716875296,Upregulated
oo_desat18_8,3.20455282968393,Upregulated
oo_desat22_1p,23.9096523700043,Upregulated
oo_dgcholtx,73.7198964124689,Upregulated
oo_dgk2m,8.74488841754038,Upregulated
oo_dgnskm,8.74488841754038,Upregulated
oo_dgsntm,8.74488841754038,Upregulated
oo_dgtptn,25.9309151755828,Upregulated
oo_dhaat1r,26.4211477043296,Upregulated
oo_dhcr243r,33.8207356384454,Upregulated
oo_dhcr71r,33.8207356384454,Upregulated
oo_dhcrd2,0.045611636437928,Downregulated
oo_dhdpbmtm,29.8520860200637,Upregulated
oo_dhpm2,21.6110237068205,Upregulated
oo_digalsidetl,41.1161639426407,Upregulated
oo_dlnlcgcpt2,66.5923047171088,Upregulated
oo_dlnlcgt,12.7499206151607,Upregulated
oo_dm_dctp_m_,17.5812880261566,Upregulated
oo_dm_dem2emgacpail_prot_hs_r_,26.5463905907746,Upregulated
oo_dm_dgpi_prot_hs_r_,23.6200566396102,Upregulated
oo_dm_gpi_sig_er_,26.5464047776297,Upregulated
oo_dm_melanin_c_,32.884497264423,Upregulated
oo_dndpt10m,12.1498658897657,Upregulated
oo_dndpt11m,12.1498655179554,Upregulated
oo_dndpt12m,188.098932924753,Upregulated
oo_dndpt13m,12.1498655083089,Upregulated
oo_dndpt18m,376.197564922143,Upregulated
oo_dndpt1m,18.1174012454759,Upregulated
oo_dndpt21m,376.197676472834,Upregulated
oo_dndpt28m,12.1498655085446,Upregulated
oo_dndpt2m,9.51703615074669,Upregulated
oo_dndpt30m,188.098975122808,Upregulated
oo_dndpt31m,12.1498655082625,Upregulated
oo_dndpt32m,12.1498655081499,Upregulated
oo_dndpt37m,376.197970222597,Upregulated
oo_dndpt38m,188.098914783149,Upregulated
oo_dndpt39m,376.197541157203,Upregulated
oo_dndpt3m,9.51702371077975,Upregulated
oo_dndpt40m,376.197639759627,Upregulated
oo_dndpt41m,376.19898409301,Upregulated
oo_dndpt42m,282.148565805808,Upregulated
oo_dndpt43m,376.197729449943,Upregulated
oo_dndpt44m,19.034072607506,Upregulated
oo_dndpt45m,27.1760797224058,Upregulated
oo_dndpt46m,9.51703177696337,Upregulated
oo_dndpt47m,9.51702779726015,Upregulated
oo_dndpt48m,19.0340732387665,Upregulated
oo_dndpt49m,19.0340685672729,Upregulated
oo_dndpt4m,9.51702812265524,Upregulated
oo_dndpt50m,19.0340678885694,Upregulated
oo_dndpt51m,17.5812944039735,Upregulated
oo_dndpt52m,17.581312539295,Upregulated
oo_dndpt53m,17.581283440585,Upregulated
oo_dndpt54m,17.5813210335073,Upregulated
oo_dndpt55m,18.8717589093729,Upregulated
oo_dndpt56m,17.5812907429321,Upregulated
oo_dndpt57m,23.0986597465387,Upregulated
oo_dndpt58m,30.6797514872591,Upregulated
oo_dndpt59m,23.0987119254348,Upregulated
oo_dndpt5m,9.51703266006944,Upregulated
oo_dndpt60m,23.0986680535166,Upregulated
oo_dndpt61m,23.0986864034051,Upregulated
oo_dndpt62m,23.0986594556844,Upregulated
oo_dndpt63m,23.0986635453574,Upregulated
oo_dndpt6m,9.51703545763325,Upregulated
oo_dndpt7m,9.5170354286794,Upregulated
oo_dolglcp_lter,23.943108852485,Upregulated
oo_dolgpp_ler,23.9431126841782,Upregulated
oo_dolichol_lter,23.9431126841782,Upregulated
oo_dolichol_uter,25.8780579758399,Upregulated
oo_dolk_l,23.9431126841782,Upregulated
oo_dolk_u,25.8780579758399,Upregulated
oo_dolmanp_uter,26.7319005024822,Upregulated
oo_dolpgt3_ler,23.9431126841782,Upregulated
oo_dolpgt3_uer,25.8780747529222,Upregulated
oo_dolpmt3_uer,26.7319005024822,Upregulated
oo_dolpmt4_uer,26.5463724749969,Upregulated
oo_dopabmo,22.1170348472019,Upregulated
oo_dopaqniso1,32.8844953348084,Upregulated
oo_dpcoatl,25.4144491381122,Upregulated
oo_dpgase,25.414568068887,Upregulated
oo_dpgm,25.414568068887,Upregulated
oo_dphmbdcm,29.8520860200637,Upregulated
oo_dpps,29.8520860200637,Upregulated
oo_dutpdpm,18.6208753713998,Upregulated
oo_dutpdpn,68.4031855562003,Upregulated
oo_ebp1r,33.8207429570138,Upregulated
oo_ecoah12m,61.6281396708875,Upregulated
oo_eicostetcpt1,12.8704951934235,Upregulated
oo_eicostetcpt2,12.8704785515111,Upregulated
oo_estradiolglct,50.8290182970773,Upregulated
oo_estradiolglct2,25.4145061601385,Upregulated
oo_f1atg,23.5518843379425,Upregulated
oo_facoal140i,32.865018913905,Upregulated
oo_facoal150,29.6871413437387,Upregulated
oo_facoal160i,31.5346362206785,Upregulated
oo_facoal170,29.6870410187792,Upregulated
oo_facoal180i,29.6871800138785,Upregulated
oo_facoal181i,32.3548678297386,Upregulated
oo_facoal1821,31.5347524516549,Upregulated
oo_facoal1831,32.2080288592078,Upregulated
oo_facoal204,29.6871114236154,Upregulated
oo_facoal2251,29.687135942707,Upregulated
oo_facoal244_1,29.6871263059132,Upregulated
oo_facoal245_1,29.6871263059132,Upregulated
oo_facoal245_2,29.687126295769,Upregulated
oo_facoal246_1,29.6871263059132,Upregulated
oo_facoal260,29.6871693357481,Upregulated
oo_faddp,29.6871245438845,Upregulated
oo_fael183,24.7269674678565,Upregulated
oo_fael184,15.5246503798069,Upregulated
oo_fael204,10.2442238525767,Upregulated
oo_fael205,15.5246493608636,Upregulated
oo_fah3,38.3085895843951,Upregulated
oo_faoxc2051843x,1257.35137880438,Upregulated
oo_fba4,10.1139246049372,Upregulated
oo_fbp26,25.4144069342061,Upregulated
oo_fe3r2e,26.8737241422039,Upregulated
oo_fpgs2,25.414444289208,Upregulated
oo_fpgs2m,13.2277862791769,Upregulated
oo_fpgs3,25.414444289208,Upregulated
oo_fpgs3m,13.2277862791769,Upregulated
oo_fpgs4,25.4144508923899,Upregulated
oo_fpgs4m,13.3492973205318,Upregulated
oo_fpgs5,25.4144508923899,Upregulated
oo_fpgs5m,13.3492973205318,Upregulated
oo_fpgs6,25.4144508923899,Upregulated
oo_fpgs6m,13.3492973205318,Upregulated
oo_fpgs7m,46.5370896591119,Upregulated
oo_fpgs8,52.0429514969358,Upregulated
oo_fpgs8m,46.5370896591119,Upregulated
oo_fpgs9,52.0429514969358,Upregulated
oo_fpgs9m,46.5370896591119,Upregulated
oo_fpgsm,13.2277862791769,Upregulated
oo_fucgalgbsidete,13.8429591625696,Upregulated
oo_fumso3tm,188.479708314973,Upregulated
oo_fut11g,13.8429591625696,Upregulated
oo_g14t18g,24.4577963604383,Upregulated
oo_g14t19g,24.4577963604383,Upregulated
oo_g14t20g,24.4577963604383,Upregulated
oo_g14t21g,24.4577963604383,Upregulated
oo_g14t2g,24.2309580431573,Upregulated
oo_g14t3g,24.2309580431573,Upregulated
oo_g14t4g,24.2309580431573,Upregulated
oo_g14t5g,24.2309580431573,Upregulated
oo_g3pd2m,3.66203375431099,Upregulated
oo_gacmtrc,10.4103395479353,Upregulated
oo_gacpailter,26.5463373067762,Upregulated
oo_galase16ly,24.2309580431573,Upregulated
oo_galase17ly,24.2310236053249,Upregulated
oo_galase18ly,24.2310236053249,Upregulated
oo_galase19ly,23.5518446126632,Upregulated
oo_galase20ly,24.4577963604383,Upregulated
oo_galc,22.1781000728402,Upregulated
oo_galglusidetg,74.7450230668413,Upregulated
oo_galgt1,25.1517829553987,Upregulated
oo_galnact1g,21.2770944654311,Upregulated
oo_galnact2g,18.0625604504708,Upregulated
oo_galnact3g,21.5087667079277,Upregulated
oo_galnact4g,19.5521011525539,Upregulated
oo_galnact5g,23.0390975418273,Upregulated
oo_galntg,23.5518446126632,Upregulated
oo_galsidetl,33.2808722122538,Upregulated
oo_galt2g,21.2771464519955,Upregulated
oo_galtg,21.2771464519955,Upregulated
oo_galtly,11.9728577090789,Upregulated
oo_garft,22.7099925575598,Upregulated
oo_gcalddm,79.3783596410215,Upregulated
oo_gdpfuctg,13.8429591625696,Upregulated
oo_gfucs,13.8429599202856,Upregulated
oo_ggh_10fthf5glul,52.0427952573004,Upregulated
oo_ggh_10fthf6glul,52.0427952573004,Upregulated
oo_ggh_10fthf7glul,52.0427952573004,Upregulated
oo_ggh_5dhfl,13.3492999435166,Upregulated
oo_ggh_5thfl,13.227801217348,Upregulated
oo_ggh_6dhfl,13.3492999435166,Upregulated
oo_ggh_6thfl,13.227801217348,Upregulated
oo_ggh_7dhfl,13.3492999435166,Upregulated
oo_ggh_7thfl,13.227801217348,Upregulated
oo_ggt5r,25.1807865964404,Upregulated
oo_glaco,32.7497676385096,Upregulated
oo_glal,41.1161639426407,Upregulated
oo_glcaase1ly,25.1481472456828,Upregulated
oo_glcaase4ly,15.8362587897383,Upregulated
oo_glcaase5ly,15.9000898867815,Upregulated
oo_glcaase6ly,19.5521011525539,Upregulated
oo_glcaase7ly,20.2944911518576,Upregulated
oo_glcaase8ly,28.7886412384574,Upregulated
oo_glcaase9ly,28.7886412384574,Upregulated
oo_glcae1g,16.0679703963406,Upregulated
oo_glcae2g,25.1481472456828,Upregulated
oo_glcat2g,18.0625604504708,Upregulated
oo_glcat3g,21.5087667079277,Upregulated
oo_glcat4g,19.5521011525539,Upregulated
oo_glcat5g,23.0390975418273,Upregulated
oo_glcat6g,25.1481472456828,Upregulated
oo_glcat7g,25.1481472456828,Upregulated
oo_glcat8g,25.1481472456828,Upregulated
oo_glcat9g,25.1481472456828,Upregulated
oo_glcatg,21.2771464519955,Upregulated
oo_glcnacase1ly,25.1481472456828,Upregulated
oo_glcnacase2ly,25.1481472456828,Upregulated
oo_glcnacase3ly,25.1481472456828,Upregulated
oo_glcnacase4ly,25.1481472456828,Upregulated
oo_glcnacase5ly,25.1481472456828,Upregulated
oo_glcnacdasg,25.1481472456828,Upregulated
oo_glcnact1g,25.1481472456828,Upregulated
oo_glcnact2g,25.1481472456828,Upregulated
oo_glcnact3g,25.1481472456828,Upregulated
oo_glcnact4g,25.1481472456828,Upregulated
oo_glcnact5g,25.1481472456828,Upregulated
oo_glctg,18.7779976262951,Upregulated
oo_glctly,28.1434751262787,Upregulated
oo_glcurtly,25.0450388338316,Upregulated
oo_glucys,24.0346683549522,Upregulated
oo_gludc,220.43143156299,Upregulated
oo_glut7l,16.0020345065418,Upregulated
oo_glutcoadhm,32.5366567916653,Upregulated
oo_glyamdtrc,10.4103395479353,Upregulated
oo_glycltdy,40.5963251983225,Upregulated
oo_glyctm,20.3531649875497,Upregulated
oo_glyoxm,21.1628993384192,Upregulated
oo_glytp,73.7198964124689,Upregulated
oo_gmptg,13.8429591625696,Upregulated
oo_gpiat,26.5463373067762,Upregulated
oo_gpida2er,26.5463905907746,Upregulated
oo_gpidaer,23.6200566396102,Upregulated
oo_gpimter_u,26.5463373067762,Upregulated
oo_gq1bte,9.87648753745668,Upregulated
oo_gthp,14.3554952901533,Upregulated
oo_gthpe,24.9229303257367,Upregulated
oo_gthpm,23.1011855781428,Upregulated
oo_guacyc,29.6871356617867,Upregulated
oo_h2co3dm,40.7947763576963,Upregulated
oo_h2eter,26.5463905907746,Upregulated
oo_h2mter_u,23.6200566396102,Upregulated
oo_h3mter_u,23.6200566396102,Upregulated
oo_h4et3er,23.6200566396102,Upregulated
oo_h5mter_u,26.5463905907746,Upregulated
oo_h6et3er,26.5463905907746,Upregulated
oo_h7_taer,26.5463905907746,Upregulated
oo_h8taer,23.6200566396102,Upregulated
oo_has1,28.7886412384574,Upregulated
oo_has2,28.7886412384574,Upregulated
oo_hatly,28.7886412384574,Upregulated
oo_hbzopt10m,29.8520860200637,Upregulated
oo_hdd2coatx,40.1441144425264,Upregulated
oo_hexccoatx,246.717307645573,Upregulated
oo_hibdm,61.6281402396387,Upregulated
oo_hisdc,90.5533546024172,Upregulated
oo_histase,90.5534343819345,Upregulated
oo_hmgcoasi,21.3689640447378,Upregulated
oo_hmgcoasim,1891.43372212425,Upregulated
oo_hmglx,33.438222637171,Upregulated
oo_hoxg,42.9896000101191,Upregulated
oo_hpdcacrncpt1,15.7642097465212,Upregulated
oo_hpdcacrncpt2,15.764219601431,Upregulated
oo_hpyrdcm,79.3783596410215,Upregulated
oo_hpyrry,20.0207898322487,Upregulated
oo_hs1ly,25.1481472456828,Upregulated
oo_hs2ly,25.1481472456828,Upregulated
oo_hs3ly,25.1481472456828,Upregulated
oo_hs4ly,25.1481472456828,Upregulated
oo_hsat1ly,25.1481472456828,Upregulated
oo_hsat2ly,25.1481472456828,Upregulated
oo_hsat3ly,25.1481472456828,Upregulated
oo_hsat4ly,25.1481472456828,Upregulated
oo_hsd17b9r,89.4489245411442,Upregulated
oo_hsd3b2r,89.4489245411442,Upregulated
oo_hspasely,25.1481472456828,Upregulated
oo_hspgt,25.1481472456828,Upregulated
oo_hspgtly,25.1481472456828,Upregulated
oo_hypoe,25.4144844659366,Upregulated
oo_icdhy,0.114441798072295,Downregulated
oo_icdhyp,0.0302997758850732,Downregulated
oo_idoaase1ly,25.1481472456828,Upregulated
oo_idoaase2ly,25.1481472456828,Upregulated
oo_idoaase3ly,25.1481472456828,Upregulated
oo_idoaase4ly,16.0679703963406,Upregulated
oo_khk,38.7819925510524,Upregulated
oo_khk2,10.1139246049372,Upregulated
oo_ksii_core2t,24.2309580431573,Upregulated
oo_ksii_core2tly,24.2309580431573,Upregulated
oo_ksii_core4t,24.4577963604383,Upregulated
oo_ksii_core4tly,24.4577963604383,Upregulated
oo_lacze,22.8719265975373,Upregulated
oo_lapcoal,25.4144491381122,Upregulated
oo_lcadi_d,24.277350813393,Upregulated
oo_lcadim,29.0144214419552,Upregulated
oo_lctstg,18.7779976262951,Upregulated
oo_lcystcboxl,13.0528579671947,Upregulated
oo_leuktra4tr,25.1807865964404,Upregulated
oo_linkdeg1ly,25.1481472456828,Upregulated
oo_linkdeg2ly,18.0858702022766,Upregulated
oo_linkdeg3ly,17.8673365234628,Upregulated
oo_linkdeg4ly,20.2944915203128,Upregulated
oo_lneldccpt2,2.39931982770824,Upregulated
oo_lnlncgcpt1,11.5637964996219,Upregulated
oo_lnlncgcpt2,11.5638114264659,Upregulated
oo_lnlncgt,86.161579202398,Upregulated
oo_lns14dm,0.02963231025325,Downregulated
oo_lpase,22.6033238496801,Upregulated
oo_lpcholt,24.6721311800284,Upregulated
oo_lps,6.00987547649263,Upregulated
oo_lrat,1347.72313482779,Upregulated
oo_lsto1r,33.8207356384454,Upregulated
oo_ltc4cp,0.5,Downregulated
oo_ltc4sr,25.1807865964404,Upregulated
oo_ltdcl,90.553353832925,Upregulated
oo_mcd,17.1874675655365,Upregulated
oo_mcdm,14.7503243975405,Upregulated
oo_mcdp,11.2225687674509,Upregulated
oo_mdrpd,69.6312454457637,Upregulated
oo_me2m,82.4579913459364,Upregulated
oo_metat,22.6029779443987,Upregulated
oo_mets,125.603828604628,Upregulated
oo_mi1345pp,17.7354160982131,Upregulated
oo_mi134pp,17.7354160982131,Upregulated
oo_mi145pk,17.7354160982131,Upregulated
oo_mi14pp,10.0564904133424,Upregulated
oo_mi34pp,17.7354160982131,Upregulated
oo_mmcdm,69.5205206552932,Upregulated
oo_mmmm,41.0590032528491,Upregulated
oo_mtap,69.6312454457637,Upregulated
oo_n3tg,24.2309580431573,Upregulated
oo_n4tg,23.5518843379425,Upregulated
oo_nabtno,81.895328389262,Upregulated
oo_nachex1ly,15.8362587897383,Upregulated
oo_nachex23ly,24.2309580431573,Upregulated
oo_nachex24ly,24.2310236053249,Upregulated
oo_nachex25ly,24.2310236053249,Upregulated
oo_nachex26ly,24.4577963604383,Upregulated
oo_nachex27ly,28.7886412384574,Upregulated
oo_nachex2ly,18.0858702022766,Upregulated
oo_nachex6ly,19.5521011525539,Upregulated
oo_nachex7ly,19.5521011525539,Upregulated
oo_nachex8ly,20.2944911518576,Upregulated
oo_nachex9ly,20.2944913534652,Upregulated
oo_nachexa2ly,16.0679703963406,Upregulated
oo_nachexa3ly,15.9000898867815,Upregulated
oo_nachexa4ly,15.9000898867815,Upregulated
oo_naga2ly,23.5518446126632,Upregulated
oo_naglcaly,23.5518446126632,Upregulated
oo_nakt,25.414454698814,Upregulated
oo_ndp6,25.4143119950438,Upregulated
oo_ndp7er,24.8527753320786,Upregulated
oo_ndp7g,24.1791135615705,Upregulated
oo_ndpk6m,146.760493999689,Upregulated
oo_nicrns,25.4145381106911,Upregulated
oo_nos1,45.1549910682858,Upregulated
oo_nos2,36.5741514363888,Upregulated
oo_ntd1m,23.0988833976799,Upregulated
oo_ntd2e,27.2815129113022,Upregulated
oo_ntd2l,25.7793203703406,Upregulated
oo_ntd4l,25.4144846477654,Upregulated
oo_ntd5l,25.4144510580357,Upregulated
oo_ntd5m,24.2673606708155,Upregulated
oo_ntd7e,21.6758228522136,Upregulated
oo_o2stm,5821.27320601434,Upregulated
oo_o2stn,13.4383536775098,Upregulated
oo_o2stx,5.40955772486828,Upregulated
oo_o2tp,3664.69274820705,Upregulated
oo_ocbtm,13.5528574681907,Upregulated
oo_oivd1m,36.61156810274,Upregulated
oo_oivd2m,61.6281983307214,Upregulated
oo_p45046a1r,2939.59529153491,Upregulated
oo_p4507b12r,203.27754492289,Upregulated
oo_pafh,51.8442486343481,Upregulated
oo_pafs,51.8442486343481,Upregulated
oo_pan4pp,25.4144799453164,Upregulated
oo_papstg,26.7282888510617,Upregulated
oo_paptg,26.7283264759253,Upregulated
oo_pchol_hstg,12.8279745925045,Upregulated
oo_pcm,9.1139338212324,Upregulated
oo_pcreattmdiffir,10.4084825780594,Upregulated
oo_pct,25.4145621790375,Upregulated
oo_pde1,29.6871197001578,Upregulated
oo_pde4,29.6870571377792,Upregulated
oo_pde4n,29.6871472195807,Upregulated
oo_pdxpp,25.4144836194805,Upregulated
oo_pe_hstm,45.7166498871645,Upregulated
oo_peflip,25.4144623478074,Upregulated
oo_peflipm,25.414469262653,Upregulated
oo_pfk26,25.4144069342061,Upregulated
oo_pgcd,20.3531683019328,Upregulated
oo_pi345p3p,25.4144479950529,Upregulated
oo_pi345p5p,25.4144524288035,Upregulated
oo_pi34p5k,25.4144567988211,Upregulated
oo_pi3p4k,25.4151231792488,Upregulated
oo_pi3p5k,25.4144341874479,Upregulated
oo_pi45p3k,25.414173964622,Upregulated
oo_pi4p3k,25.4144290370282,Upregulated
oo_pi4p5k,25.4144060467871,Upregulated
oo_pi5p3k,25.4144421902607,Upregulated
oo_pi5p4k,50.8289140267891,Upregulated
oo_piacgt,26.5463373067762,Upregulated
oo_pik3,25.4144364830921,Upregulated
oo_pik4,35.4709365882613,Upregulated
oo_pik5,25.4144910565067,Upregulated
oo_piplc,10.0564962034193,Upregulated
oo_piplcn,10.0564883307227,Upregulated
oo_pitg,25.414455368956,Upregulated
oo_pitn,0.444376470183092,Downregulated
oo_pla2_2,98.5706073332042,Upregulated
oo_pla2_2e,97.8434034895739,Upregulated
oo_pmi12346ph,25.4145493026326,Upregulated
oo_pmi12346phn,25.4144610281198,Upregulated
oo_pnteh,21.9190028401737,Upregulated
oo_pntot5,25.4144577563447,Upregulated
oo_ppa2,22.1194597258242,Upregulated
oo_ppap,10.0564999470741,Upregulated
oo_ppmi12346ptn,25.4144610281198,Upregulated
oo_pppg9tm,42.9896038165768,Upregulated
oo_pppgom,41.5079711540614,Upregulated
oo_pragsr,22.7099925575598,Upregulated
oo_prascs,22.7099925575598,Upregulated
oo_prdx,13.436944613728,Upregulated
oo_prgnlonesult,27.4048044980649,Upregulated
oo_prostge1t3,25.4144612683323,Upregulated
oo_prostge2t3,25.4140897075698,Upregulated
oo_psdm_hs,27.1330134391303,Upregulated
oo_psflip,45.2916496387694,Upregulated
oo_psflipm,27.1330134391303,Upregulated
oo_pte2x,246.71730764299,Upregulated
oo_pte3x,24.5988631034244,Upregulated
oo_pthps,22.1194597258242,Upregulated
oo_ptrcat1,81.895328389262,Upregulated
oo_ptrcox1,124.965874342656,Upregulated
oo_pydxpp,49.902726091672,Upregulated
oo_retfa,29.6872036653377,Upregulated
oo_reth,2.61148106319761,Upregulated
oo_retnglct,30.4566287116833,Upregulated
oo_retnglctr,30.4566287116833,Upregulated
oo_rtotal3crncpt1,6.0098723158554,Upregulated
oo_rtotal3crncpt2,6.0098723158554,Upregulated
oo_rtotal3crnt,6.0098723158554,Upregulated
oo_s23t2g,24.2309580431573,Upregulated
oo_s23t4g,24.4577963604383,Upregulated
oo_s2t1g,19.5521011525539,Upregulated
oo_s2t2g,19.5521011525539,Upregulated
oo_s2t3g,16.0679703963406,Upregulated
oo_s2t4g,25.1481472456828,Upregulated
oo_s2tase1ly,25.1481472456828,Upregulated
oo_s2tase2ly,25.1481472456828,Upregulated
oo_s2tase3ly,16.0679703963406,Upregulated
oo_s2tase4ly,19.5521011525539,Upregulated
oo_s2tase5ly,19.5521011525539,Upregulated
oo_s3t1g,25.1481472456828,Upregulated
oo_s3t2g,25.1481472456828,Upregulated
oo_s3t3g,25.1481472456828,Upregulated
oo_s3tase1ly,25.1481472456828,Upregulated
oo_s3tase2ly,25.1481472456828,Upregulated
oo_s3tase3ly,25.1481472456828,Upregulated
oo_s4t1g,18.3887887566516,Upregulated
oo_s4t2g,17.8674378075593,Upregulated
oo_s4t3g,23.0390975418273,Upregulated
oo_s4t6g,16.0679703963406,Upregulated
oo_s4tase1ly,15.8362587897383,Upregulated
oo_s4tase2ly,18.0858702022766,Upregulated
oo_s4tase4ly,20.2944911518576,Upregulated
oo_s4tase5ly,20.2944913534652,Upregulated
oo_s6t16g,24.4577963604383,Upregulated
oo_s6t17g,24.4577963604383,Upregulated
oo_s6t18g,24.4577963604383,Upregulated
oo_s6t19g,20.8585253315997,Upregulated
oo_s6t1g,24.2309580431573,Upregulated
oo_s6t20g,21.5087667079277,Upregulated
oo_s6t21g,19.5521011525539,Upregulated
oo_s6t22g,23.0390975418273,Upregulated
oo_s6t23g,23.0390975418273,Upregulated
oo_s6t25g,25.1481472456828,Upregulated
oo_s6t2g,24.2309580431573,Upregulated
oo_s6t3g,24.2309580431573,Upregulated
oo_s6tase1ly,25.1481472456828,Upregulated
oo_s6tase22ly,24.2309580431573,Upregulated
oo_s6tase23ly,24.2309580431573,Upregulated
oo_s6tase24ly,24.2310236053249,Upregulated
oo_s6tase25ly,24.4577963604383,Upregulated
oo_s6tase26ly,24.4577963604383,Upregulated
oo_s6tase2ly,25.1481472456828,Upregulated
oo_s6tase3ly,25.1481472456828,Upregulated
oo_s6tase6ly,19.5521011525539,Upregulated
oo_s6tase7ly,19.5521011525539,Upregulated
oo_s6tase8ly,20.2944911518576,Upregulated
oo_s6tase9ly,20.2944913534652,Upregulated
oo_saccd4m,32.5366377018821,Upregulated
oo_sadt,27.4047596865539,Upregulated
oo_sbtr,57.9198763388663,Upregulated
oo_scp2x,75.9507901182568,Upregulated
oo_scpx,26.724956655981,Upregulated
oo_siaase3ly,24.2309580431573,Upregulated
oo_siaase4ly,24.4577963604383,Upregulated
oo_siat4bg,25.3588736626638,Upregulated
oo_siat9g,34.0460995237075,Upregulated
oo_sink_citr[c],45.1549926253961,Upregulated
oo_smpd3l,63.6727641846831,Upregulated
oo_sms,12.8279745924371,Upregulated
oo_so4cltex2,3.64375912182548,Upregulated
oo_so4oxatex2,3.64375912129701,Upregulated
oo_so4t4_2,3.64375820461313,Upregulated
oo_so4tl,26.8255427242433,Upregulated
oo_sphmylntg,23.9547545437399,Upregulated
oo_sphmylntl,40.8067423589606,Upregulated
oo_spodmn,13.4383550113692,Upregulated
oo_spodmx,5.40955777310734,Upregulated
oo_spr,22.1193904107292,Upregulated
oo_sprms,57.6539849738948,Upregulated
oo_st3gal21g,25.1517829553987,Upregulated
oo_st6galnac31,25.1517829553987,Upregulated
oo_st8sia11,25.3588736626638,Upregulated
oo_st8sia12,34.0460995237075,Upregulated
oo_t4hcinnmfm,29.8520860200637,Upregulated
oo_tdpm,24.8346092968685,Upregulated
oo_thmpptm,24.8346092968685,Upregulated
oo_thymdtl,25.4144510580357,Upregulated
oo_tmndnccoatx,1257.35137696352,Upregulated
oo_trphydro2,4.75565152014159,Upregulated
oo_tryptaox,90.553353832925,Upregulated
oo_tyrase,32.884497264423,Upregulated
oo_tyrtam,29.8375095108426,Upregulated
oo_uagaldp,29.6871125133177,Upregulated
oo_udpacgaltl,35.31240006193,Upregulated
oo_udpdolpt_l,23.943108852485,Upregulated
oo_udpgaltg,18.7779909653367,Upregulated
oo_udpgd,24.8440819563686,Upregulated
oo_udpglcater,25.1412543409205,Upregulated
oo_udpglcter,19.9666406406716,Upregulated
oo_udpgldcg,21.5070262147589,Upregulated
oo_udpgp,29.6871220947656,Upregulated
oo_udptl,35.3123861767158,Upregulated
oo_udpxylter,21.5070262147589,Upregulated
oo_ugalgtg,18.7779976262951,Upregulated
oo_ugalnactg,38.7149012865338,Upregulated
oo_ugcg,19.9666406406716,Upregulated
oo_uglcnactg,23.5518656768229,Upregulated
oo_ugt1a10r,24.8465710714831,Upregulated
oo_ugt1a5r,30.4566287116833,Upregulated
oo_uppn,6.0714800874872,Upregulated
oo_uridk2m,1135.11701806257,Upregulated
oo_uritl,25.7793203703406,Upregulated
oo_urolacer,32.7497676385096,Upregulated
oo_vlcs2p,27.5851957275039,Upregulated
oo_vlcs2r,27.3004178103683,Upregulated
oo_xol7aonetr,203.27754492289,Upregulated
oo_xoltri27tc,203.27754492289,Upregulated
oo_xsertg,21.2771464519955,Upregulated
oo_xylk,9.44746052656712,Upregulated
oo_xyltd_dr,9.53179101021494,Upregulated
oo_xylter,21.2771464519955,Upregulated
oo_xyltly,17.867333568408,Upregulated
oo_r0009,18.5653578807013,Upregulated
oo_r0016,36.3014007580808,Upregulated
oo_r0033,23.1247119460368,Upregulated
oo_r0034,13.5528562756718,Upregulated
oo_r0047,14.7503360491463,Upregulated
oo_r0084,0.0302997758670065,Downregulated
oo_r0085,181.865351562485,Upregulated
oo_r0119,29.6871342948131,Upregulated
oo_r0156,181.865351562485,Upregulated
oo_r0166,27.2815129113022,Upregulated
oo_r0186,23.020827706719,Upregulated
oo_r0205,36.1132494173013,Upregulated
oo_r0221,18.6208649114082,Upregulated
oo_r0246,20.3531649875497,Upregulated
oo_r0287,0.0539223090455179,Downregulated
oo_r0301,29.6871144083432,Upregulated
oo_r0308,34.4070537397702,Upregulated
oo_r0311,31.3284019098719,Upregulated
oo_r0319,18.6208649114082,Upregulated
oo_r0321,16.2899204591108,Upregulated
oo_r0340,20.3531649875497,Upregulated
oo_r0365,9.6402362047014,Upregulated
oo_r0381,12.0931975725432,Upregulated
oo_r0393,20.3531649875497,Upregulated
oo_r0402,22.119422932531,Upregulated
oo_r0403,59.2817814281979,Upregulated
oo_r0424,0.0302997758670067,Downregulated
oo_r0431,57.218478810106,Upregulated
oo_r0432,45.7417182908397,Upregulated
oo_r0433,11.2225687674509,Upregulated
oo_r0444,48.2793867924368,Upregulated
oo_r0450,369.060198383593,Upregulated
oo_r0451,32.5366486572507,Upregulated
oo_r0456,25.0025828751517,Upregulated
oo_r0537,27.2762127536011,Upregulated
oo_r0539,21.9190028401737,Upregulated
oo_r0541,34.8614479782459,Upregulated
oo_r0557,32.5366486572507,Upregulated
oo_r0560,72.2876679308029,Upregulated
oo_r0568,24.0345692878509,Upregulated
oo_r0573,26.6420781437823,Upregulated
oo_r0578,25.4144528645595,Upregulated
oo_r0579,23.1247119460368,Upregulated
oo_r0590,23.1247119460368,Upregulated
oo_r0591,35.7678887291865,Upregulated
oo_r0594,32.5366377756802,Upregulated
oo_r0595,188.479548254937,Upregulated
oo_r0596,9.6402362047014,Upregulated
oo_r0650,28.54034922803,Upregulated
oo_r0651,28.540367770312,Upregulated
oo_r0655,42.7969050666667,Upregulated
oo_r0661,44.9821192858323,Upregulated
oo_r0666,22.7099925575598,Upregulated
oo_r0669,61.6280713750479,Upregulated
oo_r0673,22.119422932531,Upregulated
oo_r0698,2260.63765883383,Upregulated
oo_r0715,40.1441144425264,Upregulated
oo_r0717,40.1441144425264,Upregulated
oo_r0719,40.1441144425264,Upregulated
oo_r0721,40.1441144425264,Upregulated
oo_r0723,44.9821192858323,Upregulated
oo_r0727,30.0125076168185,Upregulated
oo_r0729,30.0125076168185,Upregulated
oo_r0730,31.2926989918124,Upregulated
oo_r0731,31.2926989918124,Upregulated
oo_r0732,31.2926989918124,Upregulated
oo_r0733,0.0539223090455179,Downregulated
oo_r0734,0.0539223090455179,Downregulated
oo_r0743,26.7249566289868,Upregulated
oo_r0744,26.7249614243808,Upregulated
oo_r0774,4783.65643335714,Upregulated
oo_r0779,61.6280713750479,Upregulated
oo_r0786,27.2762127536011,Upregulated
oo_r0787,27.2762127536011,Upregulated
oo_r0795,188.479548254937,Upregulated
oo_r0853,48.5616220921966,Upregulated
oo_r0859,29.5291243179869,Upregulated
oo_r0892,6789.80515672691,Upregulated
oo_r0899,210.305906406122,Upregulated
oo_r0907,208.38440632077,Upregulated
oo_r0926,20.3531649875497,Upregulated
oo_r0970,24.8440695988058,Upregulated
oo_r0983,71.3539576889564,Upregulated
oo_r0989,26.6420781437823,Upregulated
oo_r0990,26.6332417557928,Upregulated
oo_r0994,26.2565656127706,Upregulated
oo_r1000,48.2793867924368,Upregulated
oo_r1005,45.7417182908397,Upregulated
oo_r1006,11.2225687674509,Upregulated
oo_r1011,27.3004178103683,Upregulated
oo_r1012,27.3004178103683,Upregulated
oo_r1018,28.54034922803,Upregulated
oo_r1078,29.8375095108426,Upregulated
oo_r1165,29.0430475954956,Upregulated
oo_r1166,29.043032713303,Upregulated
oo_r1167,29.0430510657786,Upregulated
oo_r1169,29.0430211971292,Upregulated
oo_r1174,29.0430475954956,Upregulated
oo_r1175,29.043032713303,Upregulated
oo_r1177,29.0430510657786,Upregulated
oo_r1181,29.0430211971292,Upregulated
oo_r1251,29.0430475954956,Upregulated
oo_r1252,40.1441144425264,Upregulated
oo_r1253,124.067457682786,Upregulated
oo_r1254,24.6654952666179,Upregulated
oo_r1255,29.0430510657786,Upregulated
oo_r1257,31.3284266679229,Upregulated
oo_r1259,29.0439055586387,Upregulated
oo_r1260,58.7301591362844,Upregulated
oo_r1262,29.6871165723407,Upregulated
oo_r1382,25.4145002154472,Upregulated
oo_r1383,13.2277965817307,Upregulated
oo_r1444,40.1441144425264,Upregulated
oo_r1457,27.2762127536011,Upregulated
oo_r1472,0.246752247641402,Downregulated
oo_r1474,0.246752247641402,Downregulated
oo_r1477,0.246752247641402,Downregulated
oo_r1481,15.6738162809454,Upregulated
oo_r1487,48.2793867924368,Upregulated
oo_r1530,25.4144622046711,Upregulated
oo_r1531,25.4144133502079,Upregulated
oo_r1532,25.4144507893512,Upregulated
oo_r1533,25.4144602017422,Upregulated
oo_r1536,29.3179892868987,Upregulated
oo_r2147,24.9335365584182,Upregulated
oo_r2363,25.4144612683323,Upregulated
oo_r2411,13.5528574681907,Upregulated
oo_r2425,188.098762974927,Upregulated
oo_r2447,0.0119780220939501,Downregulated
oo_r2472,231.02958641624,Upregulated
oo_r2497,34.4069378607119,Upregulated
oo_r2502,27.8672428907434,Upregulated
oo_r2508,750.349975417498,Upregulated
oo_r2514,48.2793867924368,Upregulated
oo_r2517,25.4144472364843,Upregulated
oo_r2518,27.5851957275039,Upregulated
oo_re0453m,11.1543340746323,Upregulated
oo_re0512x,27.8672428907434,Upregulated
oo_re0565c,15.6423976838127,Upregulated
oo_re0566c,15.6423976838127,Upregulated
oo_re0567c,15.6423976838127,Upregulated
oo_re0568c,15.6423976838127,Upregulated
oo_re0569c,26.6531107783317,Upregulated
oo_re0570c,26.6531107817086,Upregulated
oo_re0571c,26.6531107817086,Upregulated
oo_re0574c,37.5234348435331,Upregulated
oo_re0575c,37.5234348435331,Upregulated
oo_re0576c,37.5234348435331,Upregulated
oo_re0581c,6.23616694562782,Upregulated
oo_re0908c,27.4047492692207,Upregulated
oo_re0912c,27.4047492692207,Upregulated
oo_re1099c,27.4047350457626,Upregulated
oo_re1100c,27.4048475065232,Upregulated
oo_re1135c,27.4048044980649,Upregulated
oo_re1303c,37.7950337582269,Upregulated
oo_re1441r,24.8527799081964,Upregulated
oo_re1447m,14.750322808227,Upregulated
oo_re1448r,24.8527799081964,Upregulated
oo_re1516x,27.8672428907434,Upregulated
oo_re1517x,27.8672428907434,Upregulated
oo_re1518x,27.8672305230566,Upregulated
oo_re1519x,2.75403678015576,Upregulated
oo_re1520x,27.8672305230566,Upregulated
oo_re1521m,2.28069526288014,Upregulated
oo_re1521x,27.8672305230566,Upregulated
oo_re1522x,27.8672305230566,Upregulated
oo_re1523x,27.8672428907434,Upregulated
oo_re1525x,27.8672305230566,Upregulated
oo_re1526m,2.28069526288014,Upregulated
oo_re1526x,27.8672305230566,Upregulated
oo_re1527x,27.8672305230566,Upregulated
oo_re1530m,23.0988833976799,Upregulated
oo_re1531x,27.8672428907434,Upregulated
oo_re1532x,27.8672305230566,Upregulated
oo_re1533m,2.28069526288014,Upregulated
oo_re1533x,27.8672305230566,Upregulated
oo_re1534x,27.8672305230566,Upregulated
oo_re1573m,2.28069526288014,Upregulated
oo_re1573x,27.8672305230566,Upregulated
oo_re1834c,29.6871344699799,Upregulated
oo_re1834m,27.9567110147127,Upregulated
oo_re1834x,24.5989440687161,Upregulated
oo_re1846c,35.4158390649691,Upregulated
oo_re1916c,25.2146763313467,Upregulated
oo_re1957r,24.8527759145411,Upregulated
oo_re2111m,42.7969250731838,Upregulated
oo_re2112r,24.8441086932398,Upregulated
oo_re2410c,0.0296320152349799,Downregulated
oo_re2427m,36.6115269392395,Upregulated
oo_re2428m,36.6115665090459,Upregulated
oo_re2635r,35.4158390649691,Upregulated
oo_re2640c,55.6021631578302,Upregulated
oo_re2649c,33.4840353925533,Upregulated
oo_re2649m,18.6208467810438,Upregulated
oo_re2677c,24.5673376537686,Upregulated
oo_re2677r,24.4973447829168,Upregulated
oo_re2717l,11.9728535233356,Upregulated
oo_re2759x,24.5988631547357,Upregulated
oo_re2888c,38.4898093195239,Upregulated
oo_re2912m,19.2351511417538,Upregulated
oo_re2972m,14.750322808227,Upregulated
oo_re2973n,255.622996884466,Upregulated
oo_re2985m,14.1077589275124,Upregulated
oo_re2985x,34.4070537397702,Upregulated
oo_re2986x,34.4070537397702,Upregulated
oo_re2987x,34.4070537397702,Upregulated
oo_re2988x,34.4070537397702,Upregulated
oo_re2989x,34.4070537397702,Upregulated
oo_re2990x,34.4070537397702,Upregulated
oo_re2991x,34.4070537397702,Upregulated
oo_re2992m,9.42396665229287,Upregulated
oo_re2992x,34.4070537397702,Upregulated
oo_re2993x,34.4070537397702,Upregulated
oo_re2994x,34.4070537397702,Upregulated
oo_re2996x,34.4070537397702,Upregulated
oo_re2997x,34.4070537397702,Upregulated
oo_re2999m,22.615552462573,Upregulated
oo_re3000m,22.615552462573,Upregulated
oo_re3001m,22.615552462573,Upregulated
oo_re3004m,22.615552462573,Upregulated
oo_re3005m,22.615552462573,Upregulated
oo_re3006m,22.615552462573,Upregulated
oo_re3011m,28.4083284576606,Upregulated
oo_re3012m,28.4083284576606,Upregulated
oo_re3040c,137.758639557761,Upregulated
oo_re3051c,51.8949771892013,Upregulated
oo_re3074x,24.5988631547357,Upregulated
oo_re3095c,49.4112459266002,Upregulated
oo_re3103c,24.1136980476212,Upregulated
oo_re3104c,24.113698131818,Upregulated
oo_re3106c,12.8704870594952,Upregulated
oo_re3110c,12.8704870594952,Upregulated
oo_re3112c,12.8704870594952,Upregulated
oo_re3113c,12.8704870594952,Upregulated
oo_re3114r,58.7301732619931,Upregulated
oo_re3119c,12.8704937049806,Upregulated
oo_re3120c,12.8704937035667,Upregulated
oo_re3121c,12.8704937049806,Upregulated
oo_re3122c,12.8704937049806,Upregulated
oo_re3132r,26.7646285416772,Upregulated
oo_re3146r,29.0430414008591,Upregulated
oo_re3151c,7.857836773455,Upregulated
oo_re3152c,7.857836773455,Upregulated
oo_re3153c,7.857836773455,Upregulated
oo_re3154c,22.5047342737411,Upregulated
oo_re3160r,29.043013931153,Upregulated
oo_re3161c,15.5157911233853,Upregulated
oo_re3162c,15.5157911233853,Upregulated
oo_re3163c,15.5157911233853,Upregulated
oo_re3164c,15.5157911233853,Upregulated
oo_re3165c,14.0318882685887,Upregulated
oo_re3166c,14.0318882685887,Upregulated
oo_re3167c,14.0318882685887,Upregulated
oo_re3168c,14.0318882685887,Upregulated
oo_re3169c,16.6969485766214,Upregulated
oo_re3170c,16.6969485734754,Upregulated
oo_re3171c,16.6969485766214,Upregulated
oo_re3172c,16.6969485766214,Upregulated
oo_re3173c,24.216607936013,Upregulated
oo_re3174c,24.2250295012262,Upregulated
oo_re3175c,24.2250294998331,Upregulated
oo_re3176c,24.216607936013,Upregulated
oo_re3224c,15.642282673738,Upregulated
oo_re3225c,15.642392203833,Upregulated
oo_re3226c,18.3054510712809,Upregulated
oo_re3227c,15.642282673738,Upregulated
oo_re3228c,15.642282673738,Upregulated
oo_re3229c,15.642282673738,Upregulated
oo_re3230c,15.6423922035499,Upregulated
oo_re3231c,15.6423922035499,Upregulated
oo_re3232c,15.6423922035499,Upregulated
oo_re3234c,18.3054510712809,Upregulated
oo_re3235c,18.3054510712809,Upregulated
oo_re3236c,18.3054510712809,Upregulated
oo_re3241c,15.6423902746561,Upregulated
oo_re3242c,15.6423902746561,Upregulated
oo_re3243c,15.6423902746561,Upregulated
oo_re3244c,15.6423902746561,Upregulated
oo_re3247m,29.885550985412,Upregulated
oo_re3247x,26.7249561365843,Upregulated
oo_re3268r,24.8527759145411,Upregulated
oo_re3273c,811.94166049856,Upregulated
oo_re3496c,28.8991035954278,Upregulated
oo_re3525m,28.4083056758886,Upregulated
oo_re3597m,28.4083284576606,Upregulated
oo_re3624m,22.615552462573,Upregulated
oo_biomass_reaction,25.9309570490341,Upregulated
oo_adpacdac,24.598891067114,Upregulated
oo_adpactx,24.598891067114,Upregulated
oo_adpcoapte,24.598891067114,Upregulated
oo_c10dcc,24.5988902049819,Upregulated
oo_c12dcacot,26.5365802503156,Upregulated
oo_c12dctd,26.5365802503156,Upregulated
oo_c4tcx,8760.54247939664,Upregulated
oo_c4x,8760.54247939664,Upregulated
oo_c6dcc,24.598891067114,Upregulated
oo_c8dcc,24.5988998132926,Upregulated
oo_docosact,29.6871074302354,Upregulated
oo_faoxc101c8x,30.0123334780216,Upregulated
oo_faoxc101x,27.8678534639021,Upregulated
oo_faoxc102c101x,27.867258773637,Upregulated
oo_faoxc102c103m,0.189132539691828,Downregulated
oo_faoxc102c103x,1257.35137880438,Upregulated
oo_faoxc102c81m,0.189132539691828,Downregulated
oo_faoxc102c81x,1257.35137880438,Upregulated
oo_faoxc102m,0.189132539691828,Downregulated
oo_faoxc102x,1257.35137880438,Upregulated
oo_faoxc103c102m,0.189132539691828,Downregulated
oo_faoxc103c102x,1257.35137880438,Upregulated
oo_faoxc121x,18.3054510712809,Upregulated
oo_faoxc122c101m,19.2395992433127,Upregulated
oo_faoxc122m,19.2395992433127,Upregulated
oo_faoxc122x,23.9096386356672,Upregulated
oo_faoxc123c102m,0.189132539691828,Downregulated
oo_faoxc123c102x,1257.35137880438,Upregulated
oo_faoxc123m,0.189132539691828,Downregulated
oo_faoxc123x,1257.35137880438,Upregulated
oo_faoxc142c122m,19.2395992433127,Upregulated
oo_faoxc142c122x,23.9096386356672,Upregulated
oo_faoxc143c123m,0.189132539691828,Downregulated
oo_faoxc143c123x,1257.35137880438,Upregulated
oo_faoxc14dcc12dcx,38.3085895843951,Upregulated
oo_faoxc163c142x,23.9096386356672,Upregulated
oo_faoxc163c164gm,19.2395992433127,Upregulated
oo_faoxc163c164x,23.9096386356672,Upregulated
oo_faoxc163gc142m,19.2395992433127,Upregulated
oo_faoxc163gm,19.2395992433127,Upregulated
oo_faoxc163x,23.9096386356672,Upregulated
oo_faoxc164c143m,0.189132539691828,Downregulated
oo_faoxc164c143x,1257.35137880438,Upregulated
oo_faoxc164c163x,23.9096386356672,Upregulated
oo_faoxc164c165m,0.189132539691828,Downregulated
oo_faoxc164c165x,1257.35137880438,Upregulated
oo_faoxc164gc163m,19.2395992433127,Upregulated
oo_faoxc164m,0.189132539691828,Downregulated
oo_faoxc164x,1257.35137880438,Upregulated
oo_faoxc165c164m,0.189132539691828,Downregulated
oo_faoxc165c164x,1257.35137880438,Upregulated
oo_faoxc16dcc14dcx,38.3085895843951,Upregulated
oo_faoxc16dcr,38.3085895843951,Upregulated
oo_faoxc181c161m,24.9194807923973,Upregulated
oo_faoxc184c163m,19.2395992433127,Upregulated
oo_faoxc184c163x,23.9096386356672,Upregulated
oo_faoxc184c164m,0.189132539691828,Downregulated
oo_faoxc184c164x,1257.35137880438,Upregulated
oo_faoxc184m,19.2395992433127,Upregulated
oo_faoxc184x,23.9096386356672,Upregulated
oo_faoxc204c184m,19.2395992433127,Upregulated
oo_faoxc204c205x,23.9096386356672,Upregulated
oo_faoxc205c184x,23.9096386356672,Upregulated
oo_faoxc225c204m,19.2395992433127,Upregulated
oo_faoxc225c204x,23.9096386356672,Upregulated
oo_faoxc225c226m,19.2395992433127,Upregulated
oo_faoxc225c226x,23.9096386356672,Upregulated
oo_faoxc225m,19.2395992433127,Upregulated
oo_faoxc225x,23.9096386356672,Upregulated
oo_faoxc226c225m,19.2395992433127,Upregulated
oo_faoxc226c225x,23.9096386356672,Upregulated
oo_faoxc4c4dcc,37.4133098252579,Upregulated
oo_faoxc61c4m,0.0539223303588211,Downregulated
oo_faoxc61m,0.189132539691828,Downregulated
oo_faoxc61x,1257.35137880438,Upregulated
oo_faoxc81c61m,0.189132539691828,Downregulated
oo_faoxc81c61x,1257.35137880438,Upregulated
oo_faoxohc16c16dcc,38.3085895843951,Upregulated
oo_foaxc122c101x,23.9096386356672,Upregulated
oo_hexcoaacbp,118.76483263355,Upregulated
oo_hexdiactr,38.3085895843951,Upregulated
oo_hexdicoaacbpx,38.3085895843951,Upregulated
oo_ocd11coacpt1,24.9194807923973,Upregulated
oo_ocd11crncact,24.9194807923973,Upregulated
oo_ocd11crncpt2,24.9194807923973,Upregulated
oo_oct11efatp,24.9194807923973,Upregulated
oo_pristcoatcx,13.0710472031264,Upregulated
oo_sbcoaacotx,24.5988998132926,Upregulated
oo_scp21cx,25.4144532530051,Upregulated
oo_sebacact,24.5988902049819,Upregulated
oo_sebacidtx,24.5988902049819,Upregulated
oo_sebcoapet,24.5988902049819,Upregulated
oo_subeactx,24.5988998132926,Upregulated
oo_subericact,24.5988998132926,Upregulated
oo_succoapet,37.4133098252579,Upregulated
oo_pcholhstde,24.6677879192078,Upregulated
oo_pehsfabpe,23.6200357666619,Upregulated
oo_1a25dhvitd3trn,37.795074251423,Upregulated
oo_25hvitd3c,38.1105221410747,Upregulated
oo_3aib_dtm,21.6110237068205,Upregulated
oo_btnt3ile,25.4144533599406,Upregulated
oo_dm_1a25dhvitd3[n],37.795074251423,Upregulated
oo_dpmvdc,0.0303865139737082,Downregulated
oo_faddple,21.6758284307752,Upregulated
oo_fe2dmt1,26.8737694097773,Upregulated
oo_fe3mtp1,26.8737694097773,Upregulated
oo_fmnalkple,21.6758284307752,Upregulated
oo_mevk1c,0.0303865139737082,Downregulated
oo_pmevkc,0.0303865139737082,Downregulated
oo_pntot5le,25.4144533609046,Upregulated
oo_ppitm,5.11519960988332,Upregulated
oo_rtotal2fatpc,97.8434034895739,Upregulated
oo_glcurtr,72.379131096257,Upregulated
oo_betbgttc,1101.44262948784,Upregulated
oo_folabccte,25.4144545458009,Upregulated
oo_nacsmctte,2.80729833532688,Upregulated
oo_campt,22.5343887997368,Upregulated
oo_cgmpt,23.3309441101607,Upregulated
oo_biomass_maintenance_notrtr,26.0254972573145,Upregulated
oo_pcholmyr_hspla2,28.707449790907,Upregulated
oo_pcholole_hspla2,28.7074713467596,Upregulated
oo_pcholste_hspla2,28.707452053698,Upregulated
oo_pcholn204_hspla2,28.7074608375172,Upregulated
oo_pcholn24_hspla2,28.7066568642396,Upregulated
oo_pcholhep_hspla2,28.7074400650746,Upregulated
oo_gpddachol,0.391049451160701,Downregulated
oo_glyc2p3pc,0.391049451160701,Downregulated
oo_c02712te,39.9296268843686,Upregulated
oo_c06314t,137.758639557761,Upregulated
oo_c14768td,51.5404618971118,Upregulated
oo_c14769td1,51.5404261679734,Upregulated
oo_c14770atp,25.5630011419844,Upregulated
oo_c14771atp,25.6114955507627,Upregulated
oo_c14826td,38.1105070178501,Upregulated
oo_ce2537atp,25.4144468519213,Upregulated
oo_dodecanactd,38.3087207580171,Upregulated
oo_ind3act,90.553353832925,Upregulated
oo_pac,96.3671173765416,Upregulated
oo_hc02195te,25.4144549426039,Upregulated
oo_hc02196te,25.414457688493,Upregulated
oo_hc02194te,25.414457419643,Upregulated
oo_hc02220te,25.414447020166,Upregulated
oo_glyclttm,79.3783596410215,Upregulated
oo_pgpp_hsc,227.360767970629,Upregulated
oo_r2514m,19.2351511417538,Upregulated
oo_ugt1a10c,24.8465721089598,Upregulated
oo_unk3r,67.8420796979732,Upregulated
oo_ddcate,61.9969601115752,Upregulated
oo_dm_c02712[c],56.7565483180546,Upregulated
oo_sink_c02528[c],190.282909126852,Upregulated
oo_sink_chol[c],451.798724392834,Upregulated
oo_sink_cholate[c],36.7970449010661,Upregulated
oo_sink_dgchol[c],390.999320054068,Upregulated
oo_sink_lnlncgcoa[c],11.0447903565732,Upregulated
oo_sink_nadp[c],24.05023328034,Upregulated
oo_sink_stcoa[c],5.46591282755108,Upregulated
oo_sink_tdechola[c],35.4158390649691,Upregulated
oo_sink_vitd3[c],36.9227277603196,Upregulated
oo_acact1r,22.5236449056673,Upregulated
oo_acont,454.250363935116,Upregulated
oo_acs,29.3483252255606,Upregulated
oo_adss,29.1636206961828,Upregulated
oo_argn,247.379997880321,Upregulated
oo_asp1dc,210.306054694157,Upregulated
oo_aspta,4.07221171893858,Upregulated
oo_bpnt,27.4047677483835,Upregulated
oo_cpppgo,42.9896131209021,Upregulated
oo_ctps1,50.1848028726442,Upregulated
oo_ctps2,57.0748119735693,Upregulated
oo_cystgl,186.867063229312,Upregulated
oo_cysts,186.867063229312,Upregulated
oo_dhpr,59.2817644987627,Upregulated
oo_dm_atp_c_,25.4144549719047,Upregulated
oo_dpcoak,25.358535056502,Upregulated
oo_fba2,38.7819925510524,Upregulated
oo_fcltc,42.9896000101191,Upregulated
oo_fero,26.8737473868602,Upregulated
oo_fmnat,29.6871245438845,Upregulated
oo_fpgs7,44.2482621408454,Upregulated
oo_fum,4.78568203782956,Upregulated
oo_gf6pta,181.865513943808,Upregulated
oo_gmand,13.8429598629612,Upregulated
oo_gmps2,34.4148397711148,Upregulated
oo_gtpci,22.1194597258242,Upregulated
oo_guaprt,17.8162076997043,Upregulated
oo_hmbs,51.8949058234427,Upregulated
oo_impd,53.9990087974995,Upregulated
oo_man1pt2,24.4297754636771,Upregulated
oo_ndpk6,0.491128733703426,Downregulated
oo_ntd1,25.4147163105845,Upregulated
oo_pgi,69.95582943115,Upregulated
oo_pgk,20.696379167002,Upregulated
oo_pgm,27.2727966213839,Upregulated
oo_pgmt,11.924050352894,Upregulated
oo_pntk,49.6914157692919,Upregulated
oo_ppa,22.1111387471445,Upregulated
oo_ppbngs,58.3678004904727,Upregulated
oo_ppcdc,49.6914236639241,Upregulated
oo_ppncl3,49.6914253956771,Upregulated
oo_prpps,72.7044213321003,Upregulated
oo_psert,20.3531683019328,Upregulated
oo_psp_l,20.3531683019328,Upregulated
oo_ptpat,29.6871240007707,Upregulated
oo_rbfk,25.4144390550346,Upregulated
oo_spodm,2.13112383702442,Upregulated
oo_tmdk1,24.26725408694,Upregulated
oo_tmdpk,27.9196902493813,Upregulated
oo_uagdp,28.7886246661352,Upregulated
oo_upp3s,42.9896131209021,Upregulated
oo_uppdc1,42.9896131209021,Upregulated
oo_r0082,0.114441797971405,Downregulated
oo_r0220,29.6871244309012,Upregulated
oo_r0318,29.6871244309012,Upregulated
oo_r0398,59.2817986941043,Upregulated
oo_r0422,0.114441797971405,Downregulated
oo_r0671,49.6914141547471,Upregulated
oo_accoac,36.1162161989611,Upregulated
oo_fpgs,25.414444289208,Upregulated
oo_ntd2,25.779364298277,Upregulated
oo_ntd4,25.4144633535941,Upregulated
oo_ntd5,25.4144864410421,Upregulated
oo_ntd8,5.07643840378832,Upregulated
oo_ntd10,59.9149210784556,Upregulated
oo_adprdp,48.668949428598,Upregulated
oo_adnk1,48.8203570057704,Upregulated
oo_gcaldd,10.1139246049372,Upregulated
oo_abutd,124.965858981656,Upregulated
oo_acyp,25.4144487768736,Upregulated
oo_aicart,167.467559672689,Upregulated
oo_aldd2x,22.1124384005441,Upregulated
oo_amank,78.7387283194124,Upregulated
oo_drbk,20.433881895875,Upregulated
oo_g6pda,181.865383038117,Upregulated
oo_galk,29.6871086272522,Upregulated
oo_gluprt,22.7099925575598,Upregulated
oo_glxo1,63.9187236199873,Upregulated
oo_glyox,24.2773519104924,Upregulated
oo_hxprt,17.2781386870262,Upregulated
oo_imactd,90.5534343819345,Upregulated
oo_impc,167.467559672689,Upregulated
oo_lcadi,24.2773409722295,Upregulated
oo_mi1pp,2.27574665117368,Upregulated
oo_mi3pp,17.7354160982131,Upregulated
oo_mi4pp,10.0564904133424,Upregulated
oo_nt5c,25.4145381106911,Upregulated
oo_ntd3,20.3380261069485,Upregulated
oo_orndc,110.49960651073,Upregulated
oo_prfgs,22.7099925575598,Upregulated
oo_pydamk,25.4144844659366,Upregulated
oo_pydxnk,25.4144836194805,Upregulated
oo_thrd_l,90.2512592993258,Upregulated
oo_tmds,22.2975439304475,Upregulated
oo_acaldt,241.246138256868,Upregulated
oo_aacoat,33.438222637171,Upregulated
oo_mtri,69.6312454457637,Upregulated
oo_nadn,48.668949428598,Upregulated
oo_ce4970tm,36.6115665090459,Upregulated
oo_ce4970te,36.6115665090459,Upregulated
oo_ce2026tm,42.7969250731838,Upregulated
oo_ce2026te,42.7969250731838,Upregulated
oo_ce4968tm,36.6115269392395,Upregulated
oo_ce4968te,36.6115269392395,Upregulated
oo_2m3ovcoam,71.9580411396025,Upregulated
oo_2m3ovacm,71.9580411379659,Upregulated
oo_2m3ovactm,71.9580411379659,Upregulated
oo_2m3hvacc,71.9580411396025,Upregulated
oo_2m3hvacte,71.9580411379659,Upregulated
oo_3mglutacc,124.897646130248,Upregulated
oo_3mglutactm,124.897646130248,Upregulated
oo_3mglutacte,124.897646130248,Upregulated
oo_hexglyc,118.764867217273,Upregulated
oo_hexglyte,118.764867217273,Upregulated
oo_ak2lgcholabct,25.4143978179112,Upregulated
oo_ce2537abct,25.4144468519213,Upregulated
oo_nrvncabct,25.4144542907615,Upregulated
oo_pafabct,25.4144256895573,Upregulated
oo_pchln225_hsabct,25.4144256895573,Upregulated
oo_pchol2linl_hsabct,25.4144256895573,Upregulated
oo_pchol2ole_hsabct,25.4144256895573,Upregulated
oo_pchol2ste_hsabct,25.4144256895573,Upregulated
oo_pcholar_hsabct,25.4144256895573,Upregulated
oo_pcholdoc_hsabct,25.4144256895573,Upregulated
oo_pcholeic_hsabct,25.4144256895573,Upregulated
oo_pcholet_hsabct,25.4144256895573,Upregulated
oo_pcholhep_hsabct,28.7074400650746,Upregulated
oo_pchollinl_hsabct,25.414412524445,Upregulated
oo_pcholmyr_hsabct,28.707449790907,Upregulated
oo_pcholn15_hsabct,25.4143517939632,Upregulated
oo_pcholn183_hsabct,25.4143517939632,Upregulated
oo_pcholn1836_hsabct,25.4143517939632,Upregulated
oo_pcholn19_hsabct,25.4143517939632,Upregulated
oo_pcholn201_hsabct,25.4143517939632,Upregulated
oo_pcholn203_hsabct,25.4143517939632,Upregulated
oo_pcholn204_hsabct,28.7074608375172,Upregulated
oo_pcholn205_hsabct,25.4144576902556,Upregulated
oo_pcholn224_hsabct,25.4144576902556,Upregulated
oo_pcholn225_hsabct,25.4144576902556,Upregulated
oo_pcholn2254_hsabct,25.4144576902556,Upregulated
oo_pcholn264_hsabct,28.7066568642396,Upregulated
oo_pcholole_hsabct,28.7074713467596,Upregulated
oo_pcholpalme-hsabct,25.4144591503842,Upregulated
oo_pcholste_hsabct,28.707452053698,Upregulated
oo_pepalm_hsasbct,25.4145036511638,Upregulated
oo_ak2lgcholt1,25.4143978179112,Upregulated
oo_paft1,25.4144256895573,Upregulated
oo_pchol2linl_hst1e,25.4144256895573,Upregulated
oo_pchol2ole_hst1e,25.4144256895573,Upregulated
oo_pchol2ste_hst1e,25.4144256895573,Upregulated
oo_pcholar_hst1e,25.4144256895573,Upregulated
oo_pcholdoc_hst1e,25.4144256895573,Upregulated
oo_pcholeic_hst1e,25.4144256895573,Upregulated
oo_pcholet_hst1e,25.4144256895573,Upregulated
oo_pchollinl_hst1e,25.414412524445,Upregulated
oo_pcholn15_hst1e,25.4143517939632,Upregulated
oo_pcholn183_hst1e,25.4143517939632,Upregulated
oo_pcholn1836_hst1e,25.4143517939632,Upregulated
oo_pcholn19_hst1e,25.4143517939632,Upregulated
oo_pcholn201_hst1e,25.4143517939632,Upregulated
oo_pcholn203_hst1e,25.4143517939632,Upregulated
oo_pcholn205_hst1e,25.4144576902556,Upregulated
oo_pcholn224_hst1e,25.4144576902556,Upregulated
oo_pcholn225_hst1e,25.4144576902556,Upregulated
oo_pcholn2254_hst1e,25.4144576902556,Upregulated
oo_pchln225_hst1e,25.4144256895573,Upregulated
oo_pepalm_hst1e,25.4145036511638,Upregulated
oo_pcholpalme-hst1e,25.4144591503842,Upregulated
oo_ppp9abcte,44.371535097903,Upregulated
oo_ce2705t,6.23823959896219,Upregulated
oo_mlthfte1,25.4142337118414,Upregulated
oo_xol24ohtr,2939.59529153491,Upregulated
oo_xol24ohte,2845.5344112192,Upregulated
oo_ppbngte,17.4459501090617,Upregulated
oo_udpg4dopa,28.9658646569205,Upregulated
oo_udpg3dopa,28.9658386137389,Upregulated
oo_dopa4glcurt,28.9658646569205,Upregulated
oo_dopa3glcurt,28.9658386137389,Upregulated
oo_ce5026t,25.2146763313467,Upregulated
oo_ggte_1,25.2146763313467,Upregulated
oo_cysglyptasee_1,25.2146763313467,Upregulated
oo_dopaoqcys,49.4112459266002,Upregulated
oo_acer23g,41.9024958567839,Upregulated
oo_bgal1e,3.89078029787332,Upregulated
oo_bgal1l,25.0027238852017,Upregulated
oo_bgal2l,31.0659033167395,Upregulated
oo_bgal3l,20.8299845667577,Upregulated
oo_des21,41.9024968669539,Upregulated
oo_ga1tl,31.0659033167395,Upregulated
oo_gla2l,3.59071087269223,Upregulated
oo_glusidete,19.9666412426816,Upregulated
oo_hexa2l,20.8299845667577,Upregulated
oo_hexahbl,31.0659033167395,Upregulated
oo_neu11l,25.0027238852017,Upregulated
oo_neu21,29.6870995372322,Upregulated
oo_neu22,29.6871543828913,Upregulated
oo_neu23,29.6870753313356,Upregulated
oo_sms1s2,12.8279745930438,Upregulated
oo_sms21e,29.5290966552301,Upregulated
oo_sphk11,41.9025093655243,Upregulated
oo_sphmylntl2,29.5291243179869,Upregulated
oo_dag_hstg,12.8279745930438,Upregulated
oo_phcrmtg,41.9024958567839,Upregulated
oo_phsphingstg,41.9024958567839,Upregulated
oo_phsgpl11c,41.9025093655243,Upregulated
oo_gd1atg,25.1517829553987,Upregulated
oo_atptg,25.4144461812737,Upregulated
oo_gd1btl,20.8299845667577,Upregulated
oo_gd3tlc,20.8299845667577,Upregulated
oo_dm_pail35p_hs[n],255.622996884466,Upregulated
oo_catr,13.7216607265137,Upregulated
oo_dm_pcreat[c],10.4084840096065,Upregulated
oo_dm_hhxdcal[c],41.9025093655243,Upregulated
oo_dm_15hpet[n],13.4383550113692,Upregulated
oo_dm_15hpet[x],26.5679564035028,Upregulated
oo_hmr_0167,24.8113320840003,Upregulated
oo_hmr_0168,24.8113320840003,Upregulated
oo_hmr_0177,28.0521809079885,Upregulated
oo_hmr_0178,28.0521809079885,Upregulated
oo_hmr_0188,32.520877672805,Upregulated
oo_hmr_0189,38.82389707081,Upregulated
oo_hmr_0191,25.4145360111931,Upregulated
oo_hmr_0192,29.6870981503712,Upregulated
oo_hmr_0193,29.6870981503712,Upregulated
oo_hmr_0194,25.4145360111931,Upregulated
oo_hmr_0197,111.948131356912,Upregulated
oo_hmr_0200,29.6870983063369,Upregulated
oo_hmr_0201,29.6870983063369,Upregulated
oo_hmr_0203,25.414536387799,Upregulated
oo_hmr_0204,29.6870983063369,Upregulated
oo_hmr_0206,29.6870983063369,Upregulated
oo_hmr_0207,25.414536387799,Upregulated
oo_hmr_0208,18.1207147217209,Upregulated
oo_hmr_0209,29.6871167875467,Upregulated
oo_hmr_0210,29.6871123302741,Upregulated
oo_hmr_0214,29.6871378430945,Upregulated
oo_hmr_0230,25.7121197036949,Upregulated
oo_hmr_0232,25.4144576510419,Upregulated
oo_hmr_0233,29.6871172007645,Upregulated
oo_hmr_0234,29.6871172007645,Upregulated
oo_hmr_0235,25.4144576510419,Upregulated
oo_hmr_0238,29.6871177010897,Upregulated
oo_hmr_0240,25.4144608253788,Upregulated
oo_hmr_0241,29.6870913609529,Upregulated
oo_hmr_0242,29.6870913609529,Upregulated
oo_hmr_0243,25.4144608253788,Upregulated
oo_hmr_0244,25.4144608253788,Upregulated
oo_hmr_0245,29.6870913609529,Upregulated
oo_hmr_0246,29.6870913609529,Upregulated
oo_hmr_0247,25.4144608253788,Upregulated
oo_hmr_0254,25.4144607004475,Upregulated
oo_hmr_0255,29.687018189701,Upregulated
oo_hmr_0256,29.687018189701,Upregulated
oo_hmr_0257,25.4144607004475,Upregulated
oo_hmr_0259,29.6872471402511,Upregulated
oo_hmr_0260,29.6871188996556,Upregulated
oo_hmr_0267,33.5700028586805,Upregulated
oo_hmr_0268,190.367301907831,Upregulated
oo_hmr_0270,25.4144571959685,Upregulated
oo_hmr_0271,28.8824745680756,Upregulated
oo_hmr_0272,28.8824745680756,Upregulated
oo_hmr_0273,25.4144571959685,Upregulated
oo_hmr_0276,33.9276623311003,Upregulated
oo_hmr_0278,25.4144536783517,Upregulated
oo_hmr_0279,29.6871089155452,Upregulated
oo_hmr_0280,29.6871089155452,Upregulated
oo_hmr_0281,25.4144536783517,Upregulated
oo_hmr_0288,25.4144534393526,Upregulated
oo_hmr_0289,29.6871353545731,Upregulated
oo_hmr_0290,29.6871353545731,Upregulated
oo_hmr_0291,25.4144534393526,Upregulated
oo_hmr_0293,29.6871173181127,Upregulated
oo_hmr_0296,25.4144718744915,Upregulated
oo_hmr_0297,29.6871255402932,Upregulated
oo_hmr_0298,29.6871255402932,Upregulated
oo_hmr_0299,25.4144718744915,Upregulated
oo_hmr_0300,25.4144719034611,Upregulated
oo_hmr_0301,29.6871106837173,Upregulated
oo_hmr_0302,29.6871106837173,Upregulated
oo_hmr_0303,25.4144719034611,Upregulated
oo_hmr_0304,25.4144719034611,Upregulated
oo_hmr_0305,29.6871240438054,Upregulated
oo_hmr_0306,29.6871240438054,Upregulated
oo_hmr_0307,25.4144719034611,Upregulated
oo_hmr_0308,25.4144723814596,Upregulated
oo_hmr_0309,29.6871109336486,Upregulated
oo_hmr_0310,29.6871109336486,Upregulated
oo_hmr_0311,25.4144723814596,Upregulated
oo_hmr_0322,25.4143700187268,Upregulated
oo_hmr_0323,29.6870924756337,Upregulated
oo_hmr_0324,29.6870924756337,Upregulated
oo_hmr_0325,25.4143700187268,Upregulated
oo_hmr_0326,25.4143735819748,Upregulated
oo_hmr_0327,29.6872559055173,Upregulated
oo_hmr_0328,29.6872565034465,Upregulated
oo_hmr_0329,25.4143729881002,Upregulated
oo_hmr_0342,29.6871693357481,Upregulated
oo_hmr_0344,25.4143703953303,Upregulated
oo_hmr_0345,29.6871097018364,Upregulated
oo_hmr_0346,29.6871097018364,Upregulated
oo_hmr_0347,25.4143703953303,Upregulated
oo_hmr_0350,2.92249199353525,Upregulated
oo_hmr_0354,24.6654963146669,Upregulated
oo_hmr_0358,37.8936635660695,Upregulated
oo_hmr_0362,6.91271192953153,Upregulated
oo_hmr_0366,51.7730127908613,Upregulated
oo_hmr_0370,29.687126295769,Upregulated
oo_hmr_0374,29.6871263059132,Upregulated
oo_hmr_0378,155.460185451873,Upregulated
oo_hmr_0380,25.4144293302579,Upregulated
oo_hmr_0381,29.6871293664893,Upregulated
oo_hmr_0382,29.6871293664893,Upregulated
oo_hmr_0383,25.4144293302579,Upregulated
oo_hmr_0384,25.4144293302579,Upregulated
oo_hmr_0385,29.6871429456135,Upregulated
oo_hmr_0386,29.6871429456135,Upregulated
oo_hmr_0387,25.4144293302579,Upregulated
oo_hmr_0388,25.4145124094921,Upregulated
oo_hmr_0389,29.6871143566133,Upregulated
oo_hmr_0390,29.6871143566133,Upregulated
oo_hmr_0391,25.4145124094921,Upregulated
oo_hmr_0392,8.20873732848927,Upregulated
oo_hmr_0393,29.6871010985297,Upregulated
oo_hmr_0394,29.6871066674159,Upregulated
oo_hmr_0398,19.332417342514,Upregulated
oo_hmr_0402,41.3714755706234,Upregulated
oo_hmr_0406,16.9752818641618,Upregulated
oo_hmr_0410,14.0502951413247,Upregulated
oo_hmr_0414,43.1409578303388,Upregulated
oo_hmr_0418,29.6871263059132,Upregulated
oo_hmr_0422,29.6871263059132,Upregulated
oo_hmr_0426,29.687135942707,Upregulated
oo_hmr_0428,25.4144498235994,Upregulated
oo_hmr_0429,29.6871266936924,Upregulated
oo_hmr_0430,29.6871266936924,Upregulated
oo_hmr_0431,25.4144498235994,Upregulated
oo_hmr_0432,25.4144487372401,Upregulated
oo_hmr_0433,29.6871230722895,Upregulated
oo_hmr_0434,29.6871230722895,Upregulated
oo_hmr_0435,25.4144487372401,Upregulated
oo_hmr_0436,25.4144487372401,Upregulated
oo_hmr_0437,29.6871185367701,Upregulated
oo_hmr_0438,29.6871185367701,Upregulated
oo_hmr_0439,25.4144487372401,Upregulated
oo_hmr_0482,0.0456134047863912,Downregulated
oo_hmr_0586,291.531900041311,Upregulated
oo_hmr_0593,27.5161995644566,Upregulated
oo_hmr_0597,19.861094867122,Upregulated
oo_hmr_0598,27.4047826367961,Upregulated
oo_hmr_0601,27.5161995644566,Upregulated
oo_hmr_0614,27.4047834184171,Upregulated
oo_hmr_0625,19.861094867122,Upregulated
oo_hmr_0629,19.861094867122,Upregulated
oo_hmr_0642,27.4047826367961,Upregulated
oo_hmr_0672,27.5161995644566,Upregulated
oo_hmr_0678,27.5161995644566,Upregulated
oo_hmr_0750,58.3087007298475,Upregulated
oo_hmr_0758,58.3086040858573,Upregulated
oo_hmr_0761,19.9666511974621,Upregulated
oo_hmr_0765,40.6655429289635,Upregulated
oo_hmr_0767,25.4144401823281,Upregulated
oo_hmr_0775,25.4144443102834,Upregulated
oo_hmr_0793,28.1434751262787,Upregulated
oo_hmr_0803,11.9728343349097,Upregulated
oo_hmr_0805,29.6871039732206,Upregulated
oo_hmr_0806,34.405496555356,Upregulated
oo_hmr_0807,29.6871039732206,Upregulated
oo_hmr_0808,34.4054939017521,Upregulated
oo_hmr_0815,29.6871537025533,Upregulated
oo_hmr_0816,11.9728662117747,Upregulated
oo_hmr_0817,14.6932060010344,Upregulated
oo_hmr_0819,11.972865589361,Upregulated
oo_hmr_0821,29.6871098879289,Upregulated
oo_hmr_0823,14.6932060010344,Upregulated
oo_hmr_0828,23.7817520648484,Upregulated
oo_hmr_0830,20.8300123151634,Upregulated
oo_hmr_0831,25.0027238852017,Upregulated
oo_hmr_0835,25.0027238852017,Upregulated
oo_hmr_0836,25.0027238852017,Upregulated
oo_hmr_0837,29.6871260846338,Upregulated
oo_hmr_0839,4.50348549416893,Upregulated
oo_hmr_0841,23.7817520648484,Upregulated
oo_hmr_0842,20.8300143435593,Upregulated
oo_hmr_0843,20.8300019775366,Upregulated
oo_hmr_0844,29.6871252843889,Upregulated
oo_hmr_0851,20.8299819168487,Upregulated
oo_hmr_0852,29.6871283558659,Upregulated
oo_hmr_0853,28.6639240724879,Upregulated
oo_hmr_0854,4.50348549416893,Upregulated
oo_hmr_0912,11.9728535233356,Upregulated
oo_hmr_0913,11.9728535233356,Upregulated
oo_hmr_0942,51.5404618971118,Upregulated
oo_hmr_0946,51.5404261679734,Upregulated
oo_hmr_0950,25.5630011419844,Upregulated
oo_hmr_0954,25.6114955507627,Upregulated
oo_hmr_0962,28.4083284576606,Upregulated
oo_hmr_0963,28.4083284576606,Upregulated
oo_hmr_0984,13.4383550113692,Upregulated
oo_hmr_0985,13.4383550113692,Upregulated
oo_hmr_0987,26.5679564035028,Upregulated
oo_hmr_1127,28.4083284576606,Upregulated
oo_hmr_1242,28.4083284576606,Upregulated
oo_hmr_1470,0.0296323179600876,Downregulated
oo_hmr_1473,0.0296323179600876,Downregulated
oo_hmr_1490,0.02963231025325,Downregulated
oo_hmr_1493,0.02963231025325,Downregulated
oo_hmr_1494,0.02963231025325,Downregulated
oo_hmr_1502,0.0296320152349799,Downregulated
oo_hmr_1503,0.0296320152349799,Downregulated
oo_hmr_1504,0.0296320152349799,Downregulated
oo_hmr_1505,0.0296320152349799,Downregulated
oo_hmr_1509,0.0296320152349799,Downregulated
oo_hmr_1512,0.0296320152349799,Downregulated
oo_hmr_1516,0.0296320152349799,Downregulated
oo_hmr_1526,0.0296320152349799,Downregulated
oo_hmr_1627,29.8855431533253,Upregulated
oo_hmr_1629,53.1368794296874,Upregulated
oo_hmr_1630,29.8855682898325,Upregulated
oo_hmr_1637,29.8855592188528,Upregulated
oo_hmr_1651,29.8855663415112,Upregulated
oo_hmr_1653,29.8855663415112,Upregulated
oo_hmr_1665,24.5989440687161,Upregulated
oo_hmr_1666,27.9567110147127,Upregulated
oo_hmr_1735,2845.53613391892,Upregulated
oo_hmr_1737,308.157603452645,Upregulated
oo_hmr_1738,308.157603452645,Upregulated
oo_hmr_1739,308.157603452645,Upregulated
oo_hmr_1740,308.157603452645,Upregulated
oo_hmr_1742,308.157603452645,Upregulated
oo_hmr_1744,308.157603452645,Upregulated
oo_hmr_1746,308.157603452645,Upregulated
oo_hmr_1748,308.157603452645,Upregulated
oo_hmr_1750,308.157603452645,Upregulated
oo_hmr_1752,308.157603452645,Upregulated
oo_hmr_1754,308.157603452645,Upregulated
oo_hmr_1758,308.157603452645,Upregulated
oo_hmr_1760,308.157603452645,Upregulated
oo_hmr_1762,1270.70299789809,Upregulated
oo_hmr_1765,1270.70299789809,Upregulated
oo_hmr_1838,29.1312725102992,Upregulated
oo_hmr_1916,25.4144498362281,Upregulated
oo_hmr_1962,27.4047350457626,Upregulated
oo_hmr_2190,6.23616694562782,Upregulated
oo_hmr_2193,6.23616694562782,Upregulated
oo_hmr_2210,26.6531107783317,Upregulated
oo_hmr_2211,37.5234348435331,Upregulated
oo_hmr_2215,246.71730764299,Upregulated
oo_hmr_2217,246.71730764299,Upregulated
oo_hmr_2218,246.71730764299,Upregulated
oo_hmr_2219,246.71730764299,Upregulated
oo_hmr_2259,15.6424005269534,Upregulated
oo_hmr_2260,15.6424005269534,Upregulated
oo_hmr_2261,15.6424005269534,Upregulated
oo_hmr_2262,15.6424005269534,Upregulated
oo_hmr_2263,15.6423878232569,Upregulated
oo_hmr_2264,15.6423878232569,Upregulated
oo_hmr_2265,15.6423878232569,Upregulated
oo_hmr_2266,15.6423878232569,Upregulated
oo_hmr_2293,18.4468363865,Upregulated
oo_hmr_2296,16.1096027037688,Upregulated
oo_hmr_2332,18.3054510712809,Upregulated
oo_hmr_2334,18.3054510712809,Upregulated
oo_hmr_2336,18.3054510712809,Upregulated
oo_hmr_2338,18.3054510712809,Upregulated
oo_hmr_2342,15.6423878956414,Upregulated
oo_hmr_2343,15.6423878956414,Upregulated
oo_hmr_2344,15.6423878956414,Upregulated
oo_hmr_2345,15.6423878956414,Upregulated
oo_hmr_2347,15.7973316262238,Upregulated
oo_hmr_2348,15.7973316262238,Upregulated
oo_hmr_2349,15.7973316262238,Upregulated
oo_hmr_2350,15.7973316262238,Upregulated
oo_hmr_2353,15.7352547016896,Upregulated
oo_hmr_2354,15.7352547016896,Upregulated
oo_hmr_2355,15.7352547016896,Upregulated
oo_hmr_2356,15.7352547016896,Upregulated
oo_hmr_2361,10.0015159885245,Upregulated
oo_hmr_2362,10.0015159885245,Upregulated
oo_hmr_2363,10.0015159885245,Upregulated
oo_hmr_2364,10.0015159885245,Upregulated
oo_hmr_2365,12.0131154583188,Upregulated
oo_hmr_2374,24.1136980476212,Upregulated
oo_hmr_2376,24.1136980476212,Upregulated
oo_hmr_2391,7.857836773455,Upregulated
oo_hmr_2395,22.5047342737411,Upregulated
oo_hmr_2433,18.340014670332,Upregulated
oo_hmr_2434,18.340014670332,Upregulated
oo_hmr_2435,18.340014670332,Upregulated
oo_hmr_2436,18.340014670332,Upregulated
oo_hmr_2440,14.6757233418508,Upregulated
oo_hmr_2457,38.1105070178501,Upregulated
oo_hmr_2530,12.7220674152394,Upregulated
oo_hmr_2533,12.7220674152394,Upregulated
oo_hmr_2535,12.7220674152394,Upregulated
oo_hmr_2537,12.7220674152394,Upregulated
oo_hmr_2540,14.0318883885376,Upregulated
oo_hmr_2541,14.0318883885376,Upregulated
oo_hmr_2542,14.0318883885376,Upregulated
oo_hmr_2543,14.0318883885376,Upregulated
oo_hmr_2581,28.8991035954278,Upregulated
oo_hmr_2602,42.5534093285872,Upregulated
oo_hmr_2603,42.5534093285872,Upregulated
oo_hmr_2604,42.5534093285872,Upregulated
oo_hmr_2620,18.1207167026948,Upregulated
oo_hmr_2657,28.8824745680756,Upregulated
oo_hmr_2660,16.7683244575167,Upregulated
oo_hmr_2661,16.7683244575167,Upregulated
oo_hmr_2662,16.7683244575167,Upregulated
oo_hmr_2669,16.109607350401,Upregulated
oo_hmr_2675,15.6423876682434,Upregulated
oo_hmr_2676,15.6423876682434,Upregulated
oo_hmr_2677,15.6423876682434,Upregulated
oo_hmr_2681,15.6423878956414,Upregulated
oo_hmr_2684,12.13520411269,Upregulated
oo_hmr_2685,12.13520411269,Upregulated
oo_hmr_2686,12.13520411269,Upregulated
oo_hmr_2687,15.7973486858564,Upregulated
oo_hmr_2690,10.0015329302456,Upregulated
oo_hmr_2691,10.0015329302456,Upregulated
oo_hmr_2693,12.0131154583188,Upregulated
oo_hmr_2695,12.0131154583188,Upregulated
oo_hmr_2701,15.6423880132443,Upregulated
oo_hmr_2703,509.829084621178,Upregulated
oo_hmr_2705,15.6425279093572,Upregulated
oo_hmr_2708,15.7352547016896,Upregulated
oo_hmr_2733,12.722063424781,Upregulated
oo_hmr_2734,12.722063424781,Upregulated
oo_hmr_2736,14.0318883885376,Upregulated
oo_hmr_2737,14.0318883885376,Upregulated
oo_hmr_2739,14.118237466457,Upregulated
oo_hmr_2740,14.118237466457,Upregulated
oo_hmr_2768,26.3327536846313,Upregulated
oo_hmr_2771,18.340014670332,Upregulated
oo_hmr_2772,18.340014670332,Upregulated
oo_hmr_2774,14.0318882685887,Upregulated
oo_hmr_2775,14.0318882685887,Upregulated
oo_hmr_2817,124.067457682786,Upregulated
oo_hmr_2857,58.7301732619931,Upregulated
oo_hmr_2942,29.0430470462512,Upregulated
oo_hmr_2943,29.0430470462512,Upregulated
oo_hmr_2944,29.0430470462512,Upregulated
oo_hmr_2945,29.0430470462512,Upregulated
oo_hmr_2946,29.0430470462512,Upregulated
oo_hmr_2947,29.0430470462512,Upregulated
oo_hmr_2948,29.0430470462512,Upregulated
oo_hmr_2951,29.0430470462512,Upregulated
oo_hmr_2954,29.0430470462512,Upregulated
oo_hmr_2955,29.0430470462512,Upregulated
oo_hmr_2956,29.0430470462512,Upregulated
oo_hmr_2961,29.0430470462512,Upregulated
oo_hmr_2962,29.0430470462512,Upregulated
oo_hmr_2963,29.0430470462512,Upregulated
oo_hmr_2964,29.0430470462512,Upregulated
oo_hmr_2965,29.0430470462512,Upregulated
oo_hmr_2966,29.0430470462512,Upregulated
oo_hmr_2967,29.0430422948929,Upregulated
oo_hmr_2968,29.0430470462512,Upregulated
oo_hmr_2969,29.0430470462512,Upregulated
oo_hmr_2970,29.0430470462512,Upregulated
oo_hmr_2971,29.0430471326355,Upregulated
oo_hmr_2972,29.0430470462512,Upregulated
oo_hmr_2973,33.6492042512285,Upregulated
oo_hmr_2974,29.0431043979286,Upregulated
oo_hmr_2975,29.0430356635091,Upregulated
oo_hmr_2976,29.0430356635091,Upregulated
oo_hmr_2977,29.0430356635091,Upregulated
oo_hmr_2978,29.0431043979286,Upregulated
oo_hmr_2979,29.0430356635091,Upregulated
oo_hmr_2980,29.0430356635091,Upregulated
oo_hmr_2982,29.6871121596657,Upregulated
oo_hmr_2983,29.0430438919269,Upregulated
oo_hmr_2985,29.0430438919269,Upregulated
oo_hmr_2986,29.0430415665499,Upregulated
oo_hmr_2988,29.0430415665499,Upregulated
oo_hmr_2989,29.0430415665499,Upregulated
oo_hmr_2990,29.0430415665499,Upregulated
oo_hmr_2994,38.8015009203416,Upregulated
oo_hmr_2998,29.0430438919269,Upregulated
oo_hmr_2999,29.0430415665499,Upregulated
oo_hmr_3001,29.0430415665499,Upregulated
oo_hmr_3002,29.0430438919269,Upregulated
oo_hmr_3003,29.0430415665499,Upregulated
oo_hmr_3021,24.2250398861671,Upregulated
oo_hmr_3023,18.3054510712809,Upregulated
oo_hmr_3053,24.2250398810212,Upregulated
oo_hmr_3057,246.71730764299,Upregulated
oo_hmr_3058,246.71730764299,Upregulated
oo_hmr_3059,246.71730764299,Upregulated
oo_hmr_3062,246.71730764299,Upregulated
oo_hmr_3063,246.71730764299,Upregulated
oo_hmr_3064,246.71730764299,Upregulated
oo_hmr_3065,246.71730764299,Upregulated
oo_hmr_3066,246.71730764299,Upregulated
oo_hmr_3067,246.71730764299,Upregulated
oo_hmr_3068,246.71730764299,Upregulated
oo_hmr_3069,246.71730764299,Upregulated
oo_hmr_3070,246.71730764299,Upregulated
oo_hmr_3071,246.71730764299,Upregulated
oo_hmr_3072,246.71730764299,Upregulated
oo_hmr_3073,246.71730764299,Upregulated
oo_hmr_3074,246.71730764299,Upregulated
oo_hmr_3075,246.71730764299,Upregulated
oo_hmr_3076,246.71730764299,Upregulated
oo_hmr_3094,6.07542640070099,Upregulated
oo_hmr_3095,6.07542640070099,Upregulated
oo_hmr_3096,6.07542640070099,Upregulated
oo_hmr_3097,6.07542640070099,Upregulated
oo_hmr_3115,19.6611807536823,Upregulated
oo_hmr_3116,29.3823139082927,Upregulated
oo_hmr_3117,29.3823139082927,Upregulated
oo_hmr_3118,29.3823139082927,Upregulated
oo_hmr_3170,15.6423880132443,Upregulated
oo_hmr_3171,15.6423880132443,Upregulated
oo_hmr_3172,15.6423880132443,Upregulated
oo_hmr_3173,15.6423880132443,Upregulated
oo_hmr_3174,15.6424000374054,Upregulated
oo_hmr_3175,15.6424000374054,Upregulated
oo_hmr_3176,15.6424000374054,Upregulated
oo_hmr_3177,15.6424000374054,Upregulated
oo_hmr_3194,28.4586038314356,Upregulated
oo_hmr_3195,28.4586038314356,Upregulated
oo_hmr_3196,28.4586038314356,Upregulated
oo_hmr_3197,28.4586038314356,Upregulated
oo_hmr_3198,28.4586038314356,Upregulated
oo_hmr_3199,28.4586038314356,Upregulated
oo_hmr_3200,28.4586038314356,Upregulated
oo_hmr_3201,28.4586038314356,Upregulated
oo_hmr_3202,28.4586038314356,Upregulated
oo_hmr_3203,28.4586038314356,Upregulated
oo_hmr_3204,28.4586038314356,Upregulated
oo_hmr_3205,28.4586038314356,Upregulated
oo_hmr_3218,15.6425279093572,Upregulated
oo_hmr_3219,15.6425279093572,Upregulated
oo_hmr_3220,15.6425279093572,Upregulated
oo_hmr_3221,15.6425279093572,Upregulated
oo_hmr_3222,10.040146889923,Upregulated
oo_hmr_3223,10.040146889923,Upregulated
oo_hmr_3224,10.040146889923,Upregulated
oo_hmr_3225,10.040146889923,Upregulated
oo_hmr_3229,0.190148296441649,Downregulated
oo_hmr_3240,15.6423878956414,Upregulated
oo_hmr_3241,15.6423878956414,Upregulated
oo_hmr_3242,15.6423878956414,Upregulated
oo_hmr_3243,15.6423878956414,Upregulated
oo_hmr_3244,18.4468349505493,Upregulated
oo_hmr_3245,18.4468349505493,Upregulated
oo_hmr_3246,18.4468349505493,Upregulated
oo_hmr_3247,18.4468349505493,Upregulated
oo_hmr_3321,3.29984302508639,Upregulated
oo_hmr_3322,27.8672132817007,Upregulated
oo_hmr_3326,18.3054510712809,Upregulated
oo_hmr_3327,18.3054510712809,Upregulated
oo_hmr_3328,18.3054510712809,Upregulated
oo_hmr_3329,18.3054510712809,Upregulated
oo_hmr_3330,18.3054510712809,Upregulated
oo_hmr_3331,18.3054510712809,Upregulated
oo_hmr_3332,18.3054510712809,Upregulated
oo_hmr_3333,18.3054510712809,Upregulated
oo_hmr_3334,18.3054510712809,Upregulated
oo_hmr_3335,18.3054510712809,Upregulated
oo_hmr_3336,18.3054510712809,Upregulated
oo_hmr_3337,18.3054510712809,Upregulated
oo_hmr_3338,18.3054510712809,Upregulated
oo_hmr_3339,18.3054510712809,Upregulated
oo_hmr_3340,18.3054510712809,Upregulated
oo_hmr_3341,18.3054510712809,Upregulated
oo_hmr_3342,18.3054510712809,Upregulated
oo_hmr_3343,18.3054510712809,Upregulated
oo_hmr_3344,18.3054510712809,Upregulated
oo_hmr_3345,18.3054510712809,Upregulated
oo_hmr_3346,18.3054510712809,Upregulated
oo_hmr_3347,18.3054510712809,Upregulated
oo_hmr_3348,18.3054510712809,Upregulated
oo_hmr_3349,18.3054510712809,Upregulated
oo_hmr_3350,18.3054510712809,Upregulated
oo_hmr_3351,18.3054510712809,Upregulated
oo_hmr_3352,18.3054510712809,Upregulated
oo_hmr_3353,18.3054510712809,Upregulated
oo_hmr_3398,15.6498156432666,Upregulated
oo_hmr_3406,0.222584070269726,Downregulated
oo_hmr_3408,16.109607350401,Upregulated
oo_hmr_3409,2.39931260648447,Upregulated
oo_hmr_3411,15.7973486858564,Upregulated
oo_hmr_3413,10.0015329302456,Upregulated
oo_hmr_3414,12.0131154583188,Upregulated
oo_hmr_3416,15.7352547016896,Upregulated
oo_hmr_3421,14.398479180441,Upregulated
oo_hmr_3422,20.2523339617549,Upregulated
oo_hmr_3423,26.3327536846313,Upregulated
oo_hmr_3424,18.340014670332,Upregulated
oo_hmr_3425,14.0318882685887,Upregulated
oo_hmr_3426,0.28345578518295,Downregulated
oo_hmr_3427,12.8704785515111,Upregulated
oo_hmr_3428,0.34855957968925,Downregulated
oo_hmr_3429,12.870499239606,Upregulated
oo_hmr_3431,12.722063423738,Upregulated
oo_hmr_3432,14.0318883885376,Upregulated
oo_hmr_3433,14.118237466457,Upregulated
oo_hmr_3446,14.1077589275124,Upregulated
oo_hmr_3447,14.1077589275124,Upregulated
oo_hmr_3448,66.5923047171088,Upregulated
oo_hmr_3449,26.8418038852728,Upregulated
oo_hmr_3450,26.8418038852728,Upregulated
oo_hmr_3451,26.8418038852728,Upregulated
oo_hmr_3452,9.42396665229287,Upregulated
oo_hmr_3453,9.42396665229287,Upregulated
oo_hmr_3454,9.42396665229287,Upregulated
oo_hmr_3456,9.42396665229287,Upregulated
oo_hmr_3457,9.42396665229287,Upregulated
oo_hmr_3475,8.12568243938673,Upregulated
oo_hmr_3491,24.5988631547357,Upregulated
oo_hmr_3625,29.0430470462512,Upregulated
oo_hmr_3626,29.0430470462512,Upregulated
oo_hmr_3627,29.0430470462512,Upregulated
oo_hmr_3628,29.0430470462512,Upregulated
oo_hmr_3629,29.0430470462512,Upregulated
oo_hmr_3630,29.0430470462512,Upregulated
oo_hmr_3631,29.0430470462512,Upregulated
oo_hmr_3633,29.0430470462512,Upregulated
oo_hmr_3635,29.0430470462512,Upregulated
oo_hmr_3636,29.0430470462512,Upregulated
oo_hmr_3637,29.0430470462512,Upregulated
oo_hmr_3639,29.0430470462512,Upregulated
oo_hmr_3640,29.0430470462512,Upregulated
oo_hmr_3642,29.0430470462512,Upregulated
oo_hmr_3644,29.0430470462512,Upregulated
oo_hmr_3645,29.0430470462512,Upregulated
oo_hmr_3646,29.0430470462512,Upregulated
oo_hmr_3647,29.0430470462512,Upregulated
oo_hmr_3648,29.0430422948929,Upregulated
oo_hmr_3649,29.0430470462512,Upregulated
oo_hmr_3650,29.0430470462512,Upregulated
oo_hmr_3651,29.0430471326355,Upregulated
oo_hmr_3652,29.0430470462512,Upregulated
oo_hmr_3654,29.0431043979286,Upregulated
oo_hmr_3655,29.0430356635091,Upregulated
oo_hmr_3656,29.0430356635091,Upregulated
oo_hmr_3657,29.0430356635091,Upregulated
oo_hmr_3658,29.0431043979286,Upregulated
oo_hmr_3659,29.0430356635091,Upregulated
oo_hmr_3660,29.0430356635091,Upregulated
oo_hmr_3663,29.0430438919269,Upregulated
oo_hmr_3665,29.0430438919269,Upregulated
oo_hmr_3666,29.0430415665499,Upregulated
oo_hmr_3667,29.0430414008591,Upregulated
oo_hmr_3668,29.0430415665499,Upregulated
oo_hmr_3669,29.0430415665499,Upregulated
oo_hmr_3670,29.0430415665499,Upregulated
oo_hmr_3677,29.0430438919269,Upregulated
oo_hmr_3678,29.0430415665499,Upregulated
oo_hmr_3679,29.043013931153,Upregulated
oo_hmr_3680,29.0430415665499,Upregulated
oo_hmr_3681,29.0430438919269,Upregulated
oo_hmr_3682,29.0430415665499,Upregulated
oo_hmr_3684,29.0430470462512,Upregulated
oo_hmr_3685,29.0430470462512,Upregulated
oo_hmr_3686,29.0430470462512,Upregulated
oo_hmr_3687,29.0430470462512,Upregulated
oo_hmr_3688,29.0430470462512,Upregulated
oo_hmr_3689,29.0430470462512,Upregulated
oo_hmr_3690,29.0430470462512,Upregulated
oo_hmr_3692,29.0430470462512,Upregulated
oo_hmr_3694,29.0430470462512,Upregulated
oo_hmr_3695,29.0430470462512,Upregulated
oo_hmr_3696,29.0430470462512,Upregulated
oo_hmr_3698,29.0430470462512,Upregulated
oo_hmr_3699,29.0430470462512,Upregulated
oo_hmr_3701,29.0430470462512,Upregulated
oo_hmr_3703,29.0430470462512,Upregulated
oo_hmr_3704,29.0430470462512,Upregulated
oo_hmr_3705,29.0430470462512,Upregulated
oo_hmr_3706,29.0430470462512,Upregulated
oo_hmr_3707,29.0430422948929,Upregulated
oo_hmr_3708,29.0430470462512,Upregulated
oo_hmr_3709,29.0430470462512,Upregulated
oo_hmr_3710,29.0430471326355,Upregulated
oo_hmr_3711,29.0430470462512,Upregulated
oo_hmr_3713,29.0431043979286,Upregulated
oo_hmr_3714,29.0430356635091,Upregulated
oo_hmr_3715,29.0430356635091,Upregulated
oo_hmr_3716,29.0430356635091,Upregulated
oo_hmr_3717,29.0431043979286,Upregulated
oo_hmr_3718,29.0430356635091,Upregulated
oo_hmr_3719,29.0430356635091,Upregulated
oo_hmr_3722,29.0430438919269,Upregulated
oo_hmr_3724,29.0430438919269,Upregulated
oo_hmr_3725,29.0430415665499,Upregulated
oo_hmr_3726,29.0430414008591,Upregulated
oo_hmr_3727,29.0430415665499,Upregulated
oo_hmr_3728,29.0430415665499,Upregulated
oo_hmr_3729,29.0430415665499,Upregulated
oo_hmr_3736,29.0430438919269,Upregulated
oo_hmr_3737,29.0430415665499,Upregulated
oo_hmr_3738,29.043013931153,Upregulated
oo_hmr_3739,29.0430415665499,Upregulated
oo_hmr_3740,29.0430438919269,Upregulated
oo_hmr_3741,29.0430415665499,Upregulated
oo_hmr_3831,111.010365459675,Upregulated
oo_hmr_3859,33.66085673092,Upregulated
oo_hmr_3915,0.166973048523345,Downregulated
oo_hmr_3966,18.6208972925211,Upregulated
oo_hmr_4078,57.6539849738948,Upregulated
oo_hmr_4079,57.6539362119577,Upregulated
oo_hmr_4124,21.5073358167714,Upregulated
oo_hmr_4270,24.0502276924491,Upregulated
oo_hmr_4422,162.028589274443,Upregulated
oo_hmr_4592,17.867333568408,Upregulated
oo_hmr_4757,44.3168100098559,Upregulated
oo_hmr_4764,42.9895996096978,Upregulated
oo_hmr_5387,69.6312454457637,Upregulated
oo_hmr_5389,69.6312454457637,Upregulated
oo_hmr_5390,67.8421417046943,Upregulated
oo_hmr_6362,0.0119804063852066,Downregulated
oo_hmr_6385,24.497349111846,Upregulated
oo_hmr_6549,25.4144449117479,Upregulated
oo_hmr_6550,25.4150214360416,Upregulated
oo_hmr_6584,25.4144461812737,Upregulated
oo_hmr_6595,25.4144587646258,Upregulated
oo_hmr_6629,30.4566287116833,Upregulated
oo_hmr_6633,30.4566287116833,Upregulated
oo_hmr_6647,30.4566287116833,Upregulated
oo_hmr_6729,0.414864537510617,Downregulated
oo_hmr_6770,67.8420849316199,Upregulated
oo_hmr_6907,29.8402247666298,Upregulated
oo_hmr_6908,29.8402247666298,Upregulated
oo_hmr_6909,29.8402247666298,Upregulated
oo_hmr_6910,29.8402247666298,Upregulated
oo_hmr_7198,17.8680432340968,Upregulated
oo_hmr_7628,66.827135053662,Upregulated
oo_hmr_7652,25.4144522834052,Upregulated
oo_hmr_7703,40.596314942825,Upregulated
oo_hmr_7715,25.7793203703406,Upregulated
oo_hmr_7720,25.4144846477654,Upregulated
oo_hmr_7724,25.4144510580357,Upregulated
oo_hmr_7756,66.827135053662,Upregulated
oo_hmr_7757,43.1555539249174,Upregulated
oo_hmr_7758,28.8889498585959,Upregulated
oo_hmr_8395,23.6200566396102,Upregulated
oo_hmr_8399,23.6200566396102,Upregulated
oo_hmr_8475,0.413294811266699,Downregulated
oo_hmr_8505,29.0144214419552,Upregulated
oo_hmr_8510,21.1628993384192,Upregulated
oo_hmr_8776,79.3783596410215,Upregulated
oo_hmr_9625,23.6200359641379,Upregulated
oo_hmr_9639,38.4898093195239,Upregulated
oo_hmr_9678,246.71730764299,Upregulated
oo_hmr_9679,8.12568243938673,Upregulated
oo_hmr_9716,35.4158390649691,Upregulated
oo_hmr_9719,0.356773221946815,Downregulated
oo_hmr_9803,9.6402362047014,Upregulated
oo_hmr_9805,2.62559869130279,Upregulated
oo_hmr_2957,29.043032713303,Upregulated
oo_hmr_6580,25.4144461812737,Upregulated
oo_hmr_1635,29.8855592188528,Upregulated
oo_hmr_1484,0.02963231025325,Downregulated
oo_hmr_1467,0.0296323179600876,Downregulated
oo_hmr_1644,29.8855663415112,Upregulated
oo_hmr_4772,51.8949771892013,Upregulated
oo_hmr_1500,0.0296320152349799,Downregulated
oo_12dhcholabc,25.4143295004656,Upregulated
oo_12dhcholt,25.4143295004656,Upregulated
oo_3dhcdcholabc,25.4143295004656,Upregulated
oo_3dhcholabc,25.4144404889873,Upregulated
oo_7dhcdcholabc,25.4144565023366,Upregulated
oo_7dhcholabc,25.4144567340933,Upregulated
oo_ca24gsc,29.1312307471445,Upregulated
oo_ca24gsr,29.1312644011852,Upregulated
oo_ca3sabc,25.4144636647658,Upregulated
oo_ca3st,25.4144636647658,Upregulated
oo_cdca24gsc,26.2565636778416,Upregulated
oo_cdca24gsr,26.2565706100618,Upregulated
oo_cdca3gsc,26.2565282320023,Upregulated
oo_cdca3gsr,26.2565432605959,Upregulated
oo_cdca6ah,29.1312578482726,Upregulated
oo_coprostabc,25.4144501308437,Upregulated
oo_dca24gsc,26.2565588722268,Upregulated
oo_dca24gsr,24.8440467572064,Upregulated
oo_dca3gsc,26.2565661185838,Upregulated
oo_dca3gsr,24.8440945314864,Upregulated
oo_dca3sabc,25.4144491169083,Upregulated
oo_dca3st,38.2402299612266,Upregulated
oo_dm_ca24g[c],29.1312523891019,Upregulated
oo_dm_cdca24g[c],26.2565546212462,Upregulated
oo_dm_cdca3g[c],26.2565634335643,Upregulated
oo_dm_dca24g[c],24.8440758863863,Upregulated
oo_dm_dca3g[c],24.8440545668149,Upregulated
oo_dm_hca24g[c],29.1312582679868,Upregulated
oo_dm_hdca24g[c],29.1312440075438,Upregulated
oo_dm_hdca6g[c],29.1312556205215,Upregulated
oo_dm_lca24g[c],26.2565860154083,Upregulated
oo_dm_lca3g[c],26.2565626260869,Upregulated
oo_gca3sabc,25.4144510333706,Upregulated
oo_gca3st,25.4144510333706,Upregulated
oo_gcdca3sabc,25.4144510333706,Upregulated
oo_gcdca3st,25.4144510333706,Upregulated
oo_gdca3sabc,25.4144510333706,Upregulated
oo_gdca3st,25.4144510333706,Upregulated
oo_gudca3sabc,25.4144510333706,Upregulated
oo_gudca3st,25.4144510333706,Upregulated
oo_hca24gsc,29.1312632810917,Upregulated
oo_hca24gsr,29.1312588775969,Upregulated
oo_hdca24gsc,29.1312759006772,Upregulated
oo_hdca24gsr,29.1312745867554,Upregulated
oo_hdca6gsc,29.1312574754701,Upregulated
oo_hdca6gsr,29.1317156261511,Upregulated
oo_hyocholtr,29.1312588775969,Upregulated
oo_icdcholabc,25.4144561679736,Upregulated
oo_isocholabc,25.4144561679736,Upregulated
oo_lca24gsc,26.256565719884,Upregulated
oo_lca24gsr,26.2565536071575,Upregulated
oo_lca3gsc,26.2565659998815,Upregulated
oo_lca3gsr,26.2565704756226,Upregulated
oo_lca3sabc,25.4146737306181,Upregulated
oo_lca3st,25.4146737306181,Upregulated
oo_m02155tr,29.1312652805495,Upregulated
oo_tca3sabc,25.4146709784838,Upregulated
oo_tca3st,33.8383516233603,Upregulated
oo_tcdca3sabc,25.4146703429581,Upregulated
oo_tcdca3st,25.4146703429581,Upregulated
oo_tdca3sabc,25.4146703429581,Upregulated
oo_tdca3st,25.4146703429581,Upregulated
oo_thyocholt,8.26124953105532,Upregulated
oo_tudca3sabc,25.4146689361104,Upregulated
oo_tudca3st,25.4146689361104,Upregulated
oo_ucholabc,25.4146689361104,Upregulated
oo_udca3sabc,25.4146689361104,Upregulated
oo_udca3st,25.4146689361104,Upregulated
oo_2hatvlachc,29.6871229049404,Upregulated
oo_2hatvacidhc,29.6871229049404,Upregulated
oo_4hatvacidhc,29.6871229049404,Upregulated
oo_4hatvlachc,29.6871229049404,Upregulated
oo_atvacidhc,29.6871279616879,Upregulated
oo_atvlachc,29.6871279616879,Upregulated
oo_lvaclachep,29.6871279616879,Upregulated
oo_lvstacidhep,29.6871279616879,Upregulated
oo_ptvstgluchc,36.0017711213765,Upregulated
oo_ptvstlachc,36.0017711213765,Upregulated
oo_ptvsthc,36.0017711213765,Upregulated
oo_rsvgluchc,45.846763345885,Upregulated
oo_rsvlachv,45.846763345885,Upregulated
oo_rsvsponhc,45.846763345885,Upregulated
oo_smvhydrohep,29.6871400881452,Upregulated
oo_smvlachep,29.6871400881452,Upregulated
oo_rsvitr,45.846763345885,Upregulated
oo_sink_leu_l[c],11.512591856826,Upregulated
oo_sink_asp_l[c],4.12110950623103,Upregulated
oo_sink_4abut[l],31.6888330098942,Upregulated
oo_dm_5cysdopa[c],49.4112459266002,Upregulated
oo_dm_4abut[c],115.278321543964,Upregulated
oo_dm_srtn[c],59.2817551687588,Upregulated
oo_dm_1a2425thvitd2[m],34.7211350746536,Upregulated
oo_dcmptm,0.413294811266699,Downregulated
oo_cyor_u10mi,1878.11251918039,Upregulated
oo_nadh2_u10mi,2203.07742893309,Upregulated
tr2425dhvitd3[e]_oo2gn,36.351119912486,Upregulated
tr34dhoxpeg[e]_oo2gn,22.1170473231738,Upregulated
tracnacngalgbside_hs[e]_oo2gn,25.3588428115256,Upregulated
trakg[e]_oo2gn,175.459364939126,Upregulated
trala_b[e]_oo2gn,210.305906406122,Upregulated
trbilirub[e]_oo2gn,227.38830623552,Upregulated
troxa[e]_oo2gn,63.918717379889,Upregulated
trclpnd[e]_oo2gn,51.7730127908613,Upregulated
trco[e]_oo2gn,42.9896000101191,Upregulated
trcspg_c[e]_oo2gn,30.1910674982853,Upregulated
trdhdascb[e]_oo2gn,29.6687545508254,Upregulated
tr35cgmp[e]_oo2gn,23.3309441101607,Upregulated
tr3aib[e]_oo2gn,56.2151241714381,Upregulated
trcamp[e]_oo2gn,22.5343887997368,Upregulated
trfucgalgbside_hs[e]_oo2gn,13.8429591625696,Upregulated
trgthox[e]_oo2gn,24.9229303257367,Upregulated
trlnlncg[e]_oo2gn,86.1615726755603,Upregulated
trno[e]_oo2gn,45.1549653296396,Upregulated
trps_hs[e]_oo2gn,5734.19977037762,Upregulated
trretnglc[e]_oo2gn,30.4566287116833,Upregulated
trppa[e]_oo2gn,35.1970918308056,Upregulated
trribflv[e]_oo2gn,21.6758284307752,Upregulated
trdgtp[e]_oo2gn,27.2815129113022,Upregulated
trcpppg1[e]_oo2gn,4783.65643335714,Upregulated
trptrc[e]_oo2gn,162.028589274443,Upregulated
trhc02213[e]_oo2gn,28.8991035954278,Upregulated
trce0074[e]_oo2gn,38.4898093195239,Upregulated
tridour[e]_oo2gn,25.0729575908408,Upregulated
trpcholmyr_hs[e]_oo2gn,28.707449790907,Upregulated
trpcholole_hs[e]_oo2gn,28.7074713467596,Upregulated
trpcholste_hs[e]_oo2gn,28.707452053698,Upregulated
trpcholn204_hs[e]_oo2gn,28.7074608375172,Upregulated
trpcholn24_hs[e]_oo2gn,28.7066568642396,Upregulated
trpcholhep_hs[e]_oo2gn,28.7074400650746,Upregulated
tr4aabutn[e]_oo2gn,81.895328389262,Upregulated
trc02712[e]_oo2gn,39.9296268843686,Upregulated
trc06314[e]_oo2gn,137.758639557761,Upregulated
trc14768[e]_oo2gn,51.5404618971118,Upregulated
trc14769[e]_oo2gn,51.5404261679734,Upregulated
trc14770[e]_oo2gn,25.5630011419844,Upregulated
trc14771[e]_oo2gn,25.6114955507627,Upregulated
trc14826[e]_oo2gn,38.1105070178501,Upregulated
trdodecanac[e]_oo2gn,38.3087207580171,Upregulated
trind3ac[e]_oo2gn,90.553353832925,Upregulated
trpac[e]_oo2gn,96.3671173765416,Upregulated
trddca[e]_oo2gn,61.9969601115752,Upregulated
trsphmyln_hs[e]_oo2gn,62.280809647409,Upregulated
trglcr[e]_oo2gn,32.7497676385096,Upregulated
trce4970[e]_oo2gn,36.6115517203822,Upregulated
trce2026[e]_oo2gn,42.7969029540177,Upregulated
trce4968[e]_oo2gn,36.6115543820922,Upregulated
tr2m3hvac[e]_oo2gn,71.9580411396025,Upregulated
tr3mglutac[e]_oo2gn,124.897646130248,Upregulated
trhexgly[e]_oo2gn,118.764867217273,Upregulated
trc05769[e]_oo2gn,51.8949747590498,Upregulated
trppp9[e]_oo2gn,44.371535097903,Upregulated
trxol24oh[e]_oo2gn,2845.5344112192,Upregulated
trppbng[e]_oo2gn,17.4459501090617,Upregulated
trim4ac[e]_oo2gn,90.5534343819345,Upregulated
trdopa4glcur[e]_oo2gn,28.9658646569205,Upregulated
trdopa3glcur[e]_oo2gn,28.9658386137389,Upregulated
trgluside_hs[e]_oo2gn,5.38732791338227,Upregulated
trc01601[e]_oo2gn,9.63507519700695,Upregulated
en_10fthf7glutl,69.242542373778,Upregulated
en_10fthftl,4822.00848860107,Upregulated
en_2amacsult,79.9901034458795,Upregulated
en_34dhoxpegox,189.052098585443,Upregulated
en_34dhoxpegt,189.052098585443,Upregulated
en_34dhphamt,15.4016908703636,Upregulated
en_34hplfm,88.896542015623,Upregulated
en_3dphbh2,88.8965426316835,Upregulated
en_3hao,82.1871077317032,Upregulated
en_3hbcoahlm,217.851788149842,Upregulated
en_3hlytcl,150.195724734125,Upregulated
en_3m4hdxpac,81.3079059736863,Upregulated
en_3mldat,76.3762326035895,Upregulated
en_3moxtyrox,81.3079059736863,Upregulated
en_3salataim,4.31516168189353,Upregulated
en_3spyrspm,4.31516168189353,Upregulated
en_4hbzcoafm,88.8965426316835,Upregulated
en_4hbzfm,88.8965426316835,Upregulated
en_5adtststeronesult,77.6081335079745,Upregulated
en_5hltdl,128.586045369196,Upregulated
en_5hoxindacto2ox,139.451144279121,Upregulated
en_7dhftl,69.247087236165,Upregulated
en_7thftl,69.2471500390133,Upregulated
en_a4galtg,91.8339398702694,Upregulated
en_aatai,4194.58991377288,Upregulated
en_abutt2rl,196.747218091861,Upregulated
en_acact10m,41.5358662628166,Upregulated
en_acact1x,31.6042435772934,Upregulated
en_acact2m,42.3472392238064,Upregulated
en_acact7p,3.91583443921879,Upregulated
en_acact8p,73.8569093063221,Upregulated
en_acact9p,73.8569093063221,Upregulated
en_accoalm,64.0029975075663,Upregulated
en_acetonet2,7954.34484300748,Upregulated
en_acetonet2m,7954.34484300748,Upregulated
en_acgagbsidetl,91.8339423273347,Upregulated
en_acgalk2,69.7662977861198,Upregulated
en_acgaltly,216.415368729516,Upregulated
en_acgam6psi,216.432298015297,Upregulated
en_acgamk,69.7663723237276,Upregulated
en_acgampm,216.415343034894,Upregulated
en_acgamtly,40.4817953707926,Upregulated
en_acgpid,94.9048453762393,Upregulated
en_acitl,49.8002876316186,Upregulated
en_acnam9pl,91.9714294761375,Upregulated
en_acnam9pl2,255.286175965596,Upregulated
en_acnamph,91.9714294761375,Upregulated
en_acnmlr,81.038838475288,Upregulated
en_acoao7p,25.9347046866073,Upregulated
en_acox2x,46.2556161791309,Upregulated
en_acp1_fmn_,91.9715850870682,Upregulated
en_acs2,69.766344968554,Upregulated
en_acsrtnmt,68.4559924300859,Upregulated
en_admdc,126.675817845853,Upregulated
en_adncyc,69.7664600276525,Upregulated
en_adrncoatx,58.8175866269384,Upregulated
en_adrncpt1,24.2471745218461,Upregulated
en_adrncpt2,24.2472234643969,Upregulated
en_adsk,219.758484006904,Upregulated
en_adsl1,133.64816006028,Upregulated
en_adsl2,72.1157692872777,Upregulated
en_ag13t16g,70.8837131382944,Upregulated
en_ag13t17g,70.8837131382944,Upregulated
en_ag13t18g,70.8837131382944,Upregulated
en_ag13t1g,70.3664882660489,Upregulated
en_ag13t2g,70.3664882660489,Upregulated
en_ag13t3g,70.3664882660489,Upregulated
en_agpat1,67.7496574631026,Upregulated
en_agtim,95.2910461053126,Upregulated
en_aircr,72.1157692872777,Upregulated
en_akgdm,46.1515262797752,Upregulated
en_akr1c41,80.3138055335525,Upregulated
en_akr1c42,80.314015915638,Upregulated
en_akr1d,80.3138055335525,Upregulated
en_akr1d2,80.314015915638,Upregulated
en_alasm,179.973099288692,Upregulated
en_aldd20x,233.730590046487,Upregulated
en_aldd20xm,175.357915862827,Upregulated
en_alox52,91.2296659977788,Upregulated
en_amacr2p,4.94760508444667,Upregulated
en_amacrp,46.2556161791309,Upregulated
en_amett2m,13.2281444633165,Upregulated
en_aprto2,56.802392491265,Upregulated
en_arachcpt1,133.572320690803,Upregulated
en_arachcpt2,133.572487931105,Upregulated
en_arachdcoatx,181.469562373518,Upregulated
en_artplm3,2.54722839645541,Upregulated
en_artplm3m,2.54722839645066,Upregulated
en_asah1,69.7664154691205,Upregulated
en_asnnm,698.513171800169,Upregulated
en_asns1,72.90871264768,Upregulated
en_asntm,698.513171800169,Upregulated
en_aspctr,36.2973319277958,Upregulated
en_atp1ter,91.976509307511,Upregulated
en_atp2ter,9.12644258614909,Upregulated
en_b3galt3g,91.8339398702694,Upregulated
en_b3galt41g,75.6145090461712,Upregulated
en_b3galt43g,84.8372325798178,Upregulated
en_b3galt5g,46.9294952380034,Upregulated
en_baat3x,4.94760508444667,Upregulated
en_bamppaldox,126.142208468417,Upregulated
en_betaldhxm,25.9240009340583,Upregulated
en_bilglcurtr,56.3571243991112,Upregulated
en_bilired,169.514459332973,Upregulated
en_bilirubtr,56.3571282871159,Upregulated
en_bmter_u,94.9048978139199,Upregulated
en_c160cpt1,19.3020564819139,Upregulated
en_c160cpt2,2.60817389835064,Upregulated
en_c161cpt22,57.4112170866271,Upregulated
en_c180cpt1,9.12686215419189,Upregulated
en_c180cpt2,78.9654891659756,Upregulated
en_c204cpt1,112.317649285021,Upregulated
en_c226cpt1,44.9042934118544,Upregulated
en_c226cpt2,44.9047789990617,Upregulated
en_c3stkr2r,0.264376987462544,Downregulated
en_c4stmo2pr,0.264377029679025,Downregulated
en_c4stmo2r,0.264377527561438,Downregulated
en_catm,72.4980274669162,Upregulated
en_catp,39.3857050784427,Upregulated
en_cbpper,204.107886537014,Upregulated
en_cbpter,204.107886537014,Upregulated
en_cdiptr,54.1146562393163,Upregulated
en_cds,69.7663383216523,Upregulated
en_cdsm,14.3410850291786,Upregulated
en_cerk,88.8016060740007,Upregulated
en_cert1rt,69.7663549313093,Upregulated
en_cert2rt,52.5154202389857,Upregulated
en_chold2m,25.9240009340583,Upregulated
en_chsterolsult,77.608136757951,Upregulated
en_chsteroltg,91.9714301444114,Upregulated
en_clpndcpt1,51.7023853948387,Upregulated
en_clpndcpt2,51.7024130392493,Upregulated
en_cmpacnatg,67.8698210154826,Upregulated
en_cmpacnatn,38.3952846102074,Upregulated
en_cmpsas,69.7663470353721,Upregulated
en_cmpsasn,38.3952846102074,Upregulated
en_co2tp,5.60994822231298,Upregulated
en_coatl,101.45752089387,Upregulated
en_coq3m,88.8964737479256,Upregulated
en_coq5m,88.8964737479256,Upregulated
en_coq6m,88.8964737479256,Upregulated
en_coq7m,88.8964737479256,Upregulated
en_core2gtg,70.3664882660489,Upregulated
en_core3gtg,70.8837131382944,Upregulated
en_core4gtg,70.8837131382944,Upregulated
en_cot,169.51449336131,Upregulated
en_coucoafm,88.8965426316835,Upregulated
en_csapasely,54.4123682490264,Upregulated
en_csbpasely,56.2177634089172,Upregulated
en_cscpasely,54.4123815581309,Upregulated
en_csdpasely,57.7622814545431,Upregulated
en_csepasely,55.2432403633212,Upregulated
en_csm,2885.12765070727,Upregulated
en_cspg_at,54.4123682490264,Upregulated
en_cspg_atly,54.4123682490264,Upregulated
en_cspg_bt,56.2177634089172,Upregulated
en_cspg_btly,56.2177634089172,Upregulated
en_cspg_ct,54.4123815581309,Upregulated
en_cspg_ctly,54.4123815581309,Upregulated
en_cspg_dt,57.7622814545431,Upregulated
en_cspg_dtly,57.7622814545431,Upregulated
en_cspg_et,55.2432403633212,Upregulated
en_cspg_etly,55.2432403633212,Upregulated
en_ctptn,38.395313747548,Upregulated
en_cyso,26.8936569616785,Upregulated
en_cysta,21.7993085028712,Upregulated
en_cytdtl,91.9714661066419,Upregulated
en_cytk1m,14.3410850291786,Upregulated
en_dag_hster,94.9048018548056,Upregulated
en_dalat2r,2,Upregulated
en_dascbr,104.819589732613,Upregulated
en_datptn,24.1852050304157,Upregulated
en_dcsptn1cpt1,64.6616034144337,Upregulated
en_dcsptn1cpt2,64.6615272723978,Upregulated
en_dcsptn1t,91.9714144591539,Upregulated
en_ddpgam,95.2910461053126,Upregulated
en_decdptm,88.8965426316835,Upregulated
en_desat16_2,184.398945685384,Upregulated
en_desat18_10,61.9536025207519,Upregulated
en_desat18_3,37.3881858178261,Upregulated
en_desat18_4,122.213292732832,Upregulated
en_desat18_5,78.8050588731238,Upregulated
en_desat18_6,33.835655632086,Upregulated
en_desat18_7,71.2238642922009,Upregulated
en_desat18_8,65.869726167126,Upregulated
en_desat18_9,80.3430790563391,Upregulated
en_desat22_1p,58.8175866269384,Upregulated
en_dgcholtx,4.94760508444667,Upregulated
en_dgk2m,78.9497783799944,Upregulated
en_dgnskm,78.9497783799944,Upregulated
en_dgsntm,78.9497783799944,Upregulated
en_dgtptn,24.1890332152303,Upregulated
en_dhaat1r,104.819277040073,Upregulated
en_dhcr72r,103.591515722005,Upregulated
en_dhcrd2,54.1262643952964,Upregulated
en_dhdpbmtm,88.8965426316835,Upregulated
en_dheasult,77.6081363244627,Upregulated
en_dhord9,36.2973319277958,Upregulated
en_dhpm1,0.187229984539915,Downregulated
en_dhpr2,128.586711931379,Upregulated
en_dlnlcgcpt2,63.3937058398797,Upregulated
en_dlnlcgt,161.803865652705,Upregulated
en_dm_datp_m_,64.4433698668716,Upregulated
en_dm_dctp_m_,0.475409253854234,Downregulated
en_dm_dem2emgacpail_prot_hs_r_,85.5334355783226,Upregulated
en_dm_dgpi_prot_hs_r_,71.2444814301026,Upregulated
en_dm_gpi_sig_er_,94.9048379844324,Upregulated
en_dm_kdn_c_,255.286175965596,Upregulated
en_dndpt11m,668.295524207507,Upregulated
en_dndpt28m,1715.40941812087,Upregulated
en_dndpt39m,551.898623041841,Upregulated
en_dndpt42m,168.488333523647,Upregulated
en_dolgpp_ler,17.1716175179161,Upregulated
en_dolmanp_uter,126.53979045883,Upregulated
en_dolpmt3_uer,126.53979045883,Upregulated
en_dolpmt4_uer,126.53979045883,Upregulated
en_dopabmo,150.195862389077,Upregulated
en_dopamt,81.3079059736863,Upregulated
en_dopasft,86.7537699759531,Upregulated
en_dopasult,86.7537699759531,Upregulated
en_dpcoatl,101.45752089387,Upregulated
en_dpgase,91.971459982373,Upregulated
en_dpgm,91.971459982373,Upregulated
en_dphmbdcm,88.8965426316835,Upregulated
en_dpps,88.8965426316835,Upregulated
en_durik1m,64.0030107465937,Upregulated
en_dutpdpm,64.0029858630406,Upregulated
en_dutpdpn,69.7662560513329,Upregulated
en_ecoah12m,217.851788149842,Upregulated
en_ecoah1x,111.334890383674,Upregulated
en_ecoah9m,41.5358662628166,Upregulated
en_ehglat2m,95.2910810382065,Upregulated
en_ehglatm,95.2911421592939,Upregulated
en_eicostetcpt1,51.7052487793092,Upregulated
en_eicostetcpt2,51.7052417093965,Upregulated
en_eicostett,91.9715126731158,Upregulated
en_elaidt,110.630850131196,Upregulated
en_estsult,77.6081367822046,Upregulated
en_facoal140i,69.9390186444975,Upregulated
en_facoal150,69.7663263063282,Upregulated
en_facoal160i,66.5239742603152,Upregulated
en_facoal170,69.7664445726401,Upregulated
en_facoal180i,62.8261422672146,Upregulated
en_facoal181i,69.7663610508629,Upregulated
en_facoal1821,69.422114081069,Upregulated
en_facoal1831,69.7663039257245,Upregulated
en_facoal204,118.942336231259,Upregulated
en_facoal2042,69.7663491648242,Upregulated
en_facoal224,69.7663789939057,Upregulated
en_facoal2251,69.7663529095562,Upregulated
en_facoal244_1,69.7663225098404,Upregulated
en_facoal245_1,69.7663225098404,Upregulated
en_facoal245_2,69.7663225098404,Upregulated
en_facoal246_1,69.7663225098404,Upregulated
en_facoal260,69.7663689846352,Upregulated
en_faddp,133.397966318493,Upregulated
en_fadh2tru,54.1262643953508,Upregulated
en_fadtru,54.1262643950626,Upregulated
en_fael183,227.98651758927,Upregulated
en_fael184,58.4021798060142,Upregulated
en_fael204,227.987320360579,Upregulated
en_fael205,58.402197623726,Upregulated
en_fah3,66.9193766717136,Upregulated
en_faoxc180,87.6610185009234,Upregulated
en_faoxc200180m,48.5303631993509,Upregulated
en_faoxc2051843m,18.5349323466936,Upregulated
en_fas140coa,63.3936791323707,Upregulated
en_fatp7t,72.6528513543269,Upregulated
en_fatp9t,91.9713803847917,Upregulated
en_fba4,58.2262232283279,Upregulated
en_fbp26,91.9714441404807,Upregulated
en_fcltm,169.51449336131,Upregulated
en_fe3r2e,104.819277040073,Upregulated
en_fkynh,113.948273865055,Upregulated
en_g14t18g,70.8837131382944,Upregulated
en_g14t19g,70.8837131382944,Upregulated
en_g14t20g,70.8837131382944,Upregulated
en_g14t21g,70.8837131382944,Upregulated
en_g14t2g,70.3664882660489,Upregulated
en_g14t3g,70.3664882660489,Upregulated
en_g14t4g,70.3664882660489,Upregulated
en_g14t5g,70.3664882660489,Upregulated
en_g5sadrm,93.7740589352202,Upregulated
en_g6pper,206.911209032598,Upregulated
en_gacpailter,94.9048453762393,Upregulated
en_galase16ly,70.3664882660489,Upregulated
en_galase17ly,70.3665377919947,Upregulated
en_galase18ly,70.3664570515681,Upregulated
en_galase19ly,70.3664570515681,Upregulated
en_galase20ly,70.8837131382944,Upregulated
en_galglusidetg,272.824414030568,Upregulated
en_galglusidetl,20.2318928485066,Upregulated
en_galgt1,75.6145090461712,Upregulated
en_galgt3,84.8372325798178,Upregulated
en_galnact1g,54.4124018029527,Upregulated
en_galnact2g,54.4123608750588,Upregulated
en_galnact3g,54.4123815581309,Upregulated
en_galnact4g,57.7622814545431,Upregulated
en_galnact5g,55.2432403633212,Upregulated
en_galntg,70.3664570515681,Upregulated
en_galt2g,54.4123729710637,Upregulated
en_galtg,54.4123729710637,Upregulated
en_galtly,40.6587449481785,Upregulated
en_garft,72.1157692872777,Upregulated
en_gbgt1,91.8339423273347,Upregulated
en_gcalddm,158.103544973828,Upregulated
en_gcc2cm,363.354601031829,Upregulated
en_gd1cte,70.0409467603437,Upregulated
en_ggh_10fthf6glul,69.242542373778,Upregulated
en_ggh_10fthf7glul,69.242542373778,Upregulated
en_ggh_5dhfl,69.247087236165,Upregulated
en_ggh_5thfl,69.2471500390133,Upregulated
en_ggh_6dhfl,69.247087236165,Upregulated
en_ggh_6thfl,69.2471500390133,Upregulated
en_ggh_7dhfl,69.247087236165,Upregulated
en_ggh_7thfl,69.2471500390133,Upregulated
en_ggng,15.2428857440987,Upregulated
en_ggt5r,91.2296659977788,Upregulated
en_ghmt2rm,368.866688867072,Upregulated
en_glaco,16.6912461096623,Upregulated
en_glb1,7.48890030882284,Upregulated
en_glbran,15.2428857440987,Upregulated
en_glcaase1ly,57.6136801715783,Upregulated
en_glcaase4ly,54.4123682490264,Upregulated
en_glcaase5ly,54.4123815581309,Upregulated
en_glcaase6ly,57.7625288518939,Upregulated
en_glcaase7ly,55.2432403633212,Upregulated
en_glcaase8ly,40.48181293286,Upregulated
en_glcaase9ly,40.48181293286,Upregulated
en_glcae1g,56.2177634089172,Upregulated
en_glcae2g,57.6136801715783,Upregulated
en_glcat2g,54.4123608750588,Upregulated
en_glcat3g,54.4123815581309,Upregulated
en_glcat4g,57.7622814545431,Upregulated
en_glcat5g,55.2432403633212,Upregulated
en_glcat6g,57.6136801715783,Upregulated
en_glcat7g,57.6136801715783,Upregulated
en_glcat8g,57.6136801715783,Upregulated
en_glcat9g,57.6136801715783,Upregulated
en_glcatg,54.4123729710637,Upregulated
en_glcnacase1ly,57.6136801715783,Upregulated
en_glcnacase2ly,57.6136801715783,Upregulated
en_glcnacase3ly,57.6136801715783,Upregulated
en_glcnacase4ly,57.6136801715783,Upregulated
en_glcnacase5ly,57.6136801715783,Upregulated
en_glcnacdasg,57.6136801715783,Upregulated
en_glcnact1g,57.6136801715783,Upregulated
en_glcnact2g,57.6136801715783,Upregulated
en_glcnact3g,57.6136801715783,Upregulated
en_glcnact4g,57.6136801715783,Upregulated
en_glcnact5g,57.6136801715783,Upregulated
en_glcter,214.618322769656,Upregulated
en_glctg,58.7799433473356,Upregulated
en_gldbran,12.0539055462525,Upregulated
en_glgns1,15.2428857440987,Upregulated
en_glpase1,12.0539055462525,Upregulated
en_glpase2,12.0539055462525,Upregulated
en_glucys,165.979229406915,Upregulated
en_glybtm,25.9240009340583,Upregulated
en_glyck2,650.549498683769,Upregulated
en_glycltdy,139.403281130987,Upregulated
en_glyc_st,46.8154847649429,Upregulated
en_glyctm,151.88595358472,Upregulated
en_glykm,14.3410850291786,Upregulated
en_glytp,4.94760557307322,Upregulated
en_gnder,6185.28574915184,Upregulated
en_gpam_hs,67.7496574631026,Upregulated
en_gpiat,94.9048453762393,Upregulated
en_gpida2er,85.5334355783226,Upregulated
en_gpidaer,71.2444814301026,Upregulated
en_gpimter_u,94.9048453762393,Upregulated
en_gthp,54.9279708258701,Upregulated
en_gthpe,85.3786845019742,Upregulated
en_gthpm,76.479619837371,Upregulated
en_gthrdtr,91.2296659977788,Upregulated
en_gths,91.2299491283978,Upregulated
en_gulnder,15.5523321751943,Upregulated
en_gulnter,15.5523321751943,Upregulated
en_h2eter,94.9046447028718,Upregulated
en_h2mter_u,94.9048452558678,Upregulated
en_h2o2tp,205.313194496284,Upregulated
en_h2otm,2.78619154424997,Upregulated
en_h3eter,94.904898113932,Upregulated
en_h3mter_u,94.9048561221654,Upregulated
en_h4et3er,94.9048448494488,Upregulated
en_h4eter,94.9048562816715,Upregulated
en_h5mter_u,94.9046447028718,Upregulated
en_h6et3er,94.9049655337678,Upregulated
en_h6_eter,94.9048613093369,Upregulated
en_h7_eter,71.2445985318189,Upregulated
en_h7_taer,85.5334355783226,Upregulated
en_h8taer,71.2444814301026,Upregulated
en_hacd1x,111.334890383674,Upregulated
en_hacd9m,41.5358662628166,Upregulated
en_has1,40.48181293286,Upregulated
en_has2,40.48181293286,Upregulated
en_hatly,40.48181293286,Upregulated
en_hbzopt10m,88.8965426316835,Upregulated
en_hexccoatx,73.8569093117222,Upregulated
en_hexct,91.971832448429,Upregulated
en_hibdm,217.851788149842,Upregulated
en_hisdc,171.91649994982,Upregulated
en_histase,233.730586871119,Upregulated
en_hkynh,82.1871077317032,Upregulated
en_hmgcoasi,9.70219194830098,Upregulated
en_hmgcoatm,81.4536705470166,Upregulated
en_hmgcoatx,81.4121400317727,Upregulated
en_hmglx,42.9848585914922,Upregulated
en_hoxg,169.51449336131,Upregulated
en_hpdcacrncpt1,63.5941579006994,Upregulated
en_hpdcacrncpt2,63.5941127258297,Upregulated
en_hpdcat,91.9714424296827,Upregulated
en_hpyrdcm,158.103544973828,Upregulated
en_hpyrr2x,46.8140774181589,Upregulated
en_hpyrry,29.5799539590936,Upregulated
en_hs1ly,57.6136801715783,Upregulated
en_hs2ly,57.6136801715783,Upregulated
en_hs3ly,57.6136801715783,Upregulated
en_hs4ly,57.6136801715783,Upregulated
en_hsat1ly,57.6136801715783,Upregulated
en_hsat2ly,57.6136801715783,Upregulated
en_hsat3ly,57.6136801715783,Upregulated
en_hsat4ly,57.6136801715783,Upregulated
en_hsd17b4x,42.3892107796909,Upregulated
en_hsd17b8r,54.1259400407162,Upregulated
en_hsd17b9r,78.8050111042232,Upregulated
en_hsd3a1r,78.8055058336554,Upregulated
en_hsd3b2r,78.8050111042232,Upregulated
en_hsd3b7p,54.1259400405411,Upregulated
en_hspasely,57.6136801715783,Upregulated
en_hspgt,57.6136801715783,Upregulated
en_hspgtly,57.6136801715783,Upregulated
en_idoaase1ly,57.6136801715783,Upregulated
en_idoaase2ly,57.6136801715783,Upregulated
en_idoaase3ly,57.6136801715783,Upregulated
en_idoaase4ly,56.2179376020437,Upregulated
en_kdnh,255.286175965596,Upregulated
en_khk2,58.2262232283279,Upregulated
en_ksii_core2t,70.3664882660489,Upregulated
en_ksii_core2tly,70.3664882660489,Upregulated
en_ksii_core4t,70.8837131382944,Upregulated
en_ksii_core4tly,70.8837131382944,Upregulated
en_kyn,81.3914955887348,Upregulated
en_kyn3ox,82.1871077317032,Upregulated
en_lacze,12.2436233517342,Upregulated
en_lapcoal,101.45752089387,Upregulated
en_lcat1e,2.5473176588968,Upregulated
en_lctstg,58.7799433473356,Upregulated
en_lcystcboxl,79.9901034458795,Upregulated
en_leuktra4tr,91.2296659977788,Upregulated
en_lforkynhyd,81.3915632291533,Upregulated
en_linkdeg1ly,57.6136801715783,Upregulated
en_linkdeg2ly,54.4123827012837,Upregulated
en_linkdeg3ly,54.4124610214754,Upregulated
en_linkdeg4ly,55.2432421223916,Upregulated
en_lneldccpt1,57.7319336421257,Upregulated
en_lneldccpt2,57.7317195068531,Upregulated
en_lnlccpt2,41.039710189031,Upregulated
en_lnlncgcpt2,55.9770121037186,Upregulated
en_lnlncgt,75.2333661412104,Upregulated
en_lpcholt,2.54773832245945,Upregulated
en_lsto2r,103.591515722005,Upregulated
en_ltc4sr,91.2296659977788,Upregulated
en_ltdcl,233.730611729429,Upregulated
en_macoxo,76.3762326035895,Upregulated
en_mcdp,59.2357245260053,Upregulated
en_mdrpd,115.465012870686,Upregulated
en_me1m,64.0029888240837,Upregulated
en_me2m,64.0030624092641,Upregulated
en_mhisor,76.3762326035895,Upregulated
en_mi1345pp,45.9857513809069,Upregulated
en_mi145pk,91.971463114885,Upregulated
en_mi145pp,538.81086991692,Upregulated
en_mi1ps,286.279339338258,Upregulated
en_mmsad1m,217.885593342399,Upregulated
en_mmsad3m,64.0031433267385,Upregulated
en_mtap,115.465012870686,Upregulated
en_n3tg,70.3664882660489,Upregulated
en_nabtno,56.802392491265,Upregulated
en_nachex1ly,54.4123636579356,Upregulated
en_nachex23ly,70.3665213431663,Upregulated
en_nachex24ly,70.3660762080692,Upregulated
en_nachex25ly,70.3664570515681,Upregulated
en_nachex26ly,70.8837378222627,Upregulated
en_nachex27ly,40.48181293286,Upregulated
en_nachex2ly,54.4123827012837,Upregulated
en_nachex3ly,56.2177634089172,Upregulated
en_nachex4ly,54.4123815581309,Upregulated
en_nachex5ly,54.4123997130596,Upregulated
en_nachex6ly,57.7622755761642,Upregulated
en_nachex7ly,57.7625048197078,Upregulated
en_nachex8ly,55.2433733490001,Upregulated
en_nachex9ly,55.2432383404937,Upregulated
en_nachexa1ly,54.4124598545985,Upregulated
en_nachexa20ly,70.3665420228917,Upregulated
en_nachexa21ly,70.3665366364468,Upregulated
en_nachexa22ly,70.8837384812209,Upregulated
en_nachexa2ly,56.2180954072386,Upregulated
en_nachexa3ly,54.4123808063407,Upregulated
en_nachexa4ly,54.412371762179,Upregulated
en_nachexa5ly,57.76248474734,Upregulated
en_nachexa6ly,57.7625288518939,Upregulated
en_nachexa7ly,55.2432403633212,Upregulated
en_nachexa8ly,55.2432282805551,Upregulated
en_nadphtxu,83.6958028882257,Upregulated
en_nadptxu,83.7024486734727,Upregulated
en_naga2ly,70.3664570515681,Upregulated
en_nagaly,91.8339423273347,Upregulated
en_naglcaly,70.3664570515681,Upregulated
en_ndp6,91.971438509238,Upregulated
en_ndp7er,91.971343199319,Upregulated
en_ndp7ex,91.9713942913147,Upregulated
en_ndp7g,89.4742762598571,Upregulated
en_ndp8,91.9715474150409,Upregulated
en_ndp8ex,91.9713942913147,Upregulated
en_ndpk3m,14.3410850291786,Upregulated
en_ndpk4m,47.8002579657484,Upregulated
en_ndpk5m,64.0030040641271,Upregulated
en_ndpk7m,0.475409316971085,Downregulated
en_ndpk8m,47.800271481987,Upregulated
en_nmnatm,32.5659874388282,Upregulated
en_nnmt,7.57765738763825,Upregulated
en_nrpphrsft,86.4831048951391,Upregulated
en_nrpphrsult,86.4831048951391,Upregulated
en_ntd1m,64.0029826886784,Upregulated
en_ntd2e,76.6582325899473,Upregulated
en_ntd2l,91.9710946164783,Upregulated
en_ntd4l,91.9714661066419,Upregulated
en_ntd5l,91.9715038223827,Upregulated
en_ntd7e,179.188591039721,Upregulated
en_o2stx,83.6958484463208,Upregulated
en_o2tm,318.732443431146,Upregulated
en_o2tp,99.9841121948125,Upregulated
en_ocoat1m,59.2684064945003,Upregulated
en_oivd3m,41.5358967626659,Upregulated
en_p45027a11m,62.6620546873197,Upregulated
en_p45027a12m,78.8051521772981,Upregulated
en_p45027a13m,78.8051521772981,Upregulated
en_p45027a14m,834.677144757212,Upregulated
en_p45027a15m,78.8051006058227,Upregulated
en_p45027a16m,78.8050454659086,Upregulated
en_p45027a1m,834.677144757212,Upregulated
en_p5crm,87.6610611001066,Upregulated
en_p5crxm,87.6609881741498,Upregulated
en_pafh,66.038060254317,Upregulated
en_pafs,66.0380712368481,Upregulated
en_pan4pp,91.9714228732555,Upregulated
en_papstg,55.2432280215866,Upregulated
en_paptg,55.2432471809305,Upregulated
en_pct,92.0143874724329,Upregulated
en_pde1,69.7664579554371,Upregulated
en_pdx5po,37.9735799530333,Upregulated
en_pe_hstm,13.22815018546,Upregulated
en_peamno,63.2831299593115,Upregulated
en_petohmm_hs,13.22815018546,Upregulated
en_pfk26,91.9714441404807,Upregulated
en_pgcd,650.720440866949,Upregulated
en_phcdm,95.2911416648758,Upregulated
en_phemetm,169.51449336131,Upregulated
en_phycboxl,63.2831299593115,Upregulated
en_pi345p3p,183.942711045414,Upregulated
en_pi345p3pn,91.9714185120517,Upregulated
en_pi345p5p,91.9713940580955,Upregulated
en_pi34p5k,91.9714428322648,Upregulated
en_pi3p4k,183.942840659581,Upregulated
en_pi3p5k,91.9715177522597,Upregulated
en_pi45p3kn,91.9714185120517,Upregulated
en_pi45plc,538.810869285386,Upregulated
en_pi4p5k,91.9715009886466,Upregulated
en_pi4plc,359.207164725954,Upregulated
en_pi5p3k,183.943049680134,Upregulated
en_pi5p4k,91.9713970805348,Upregulated
en_piacgt,94.9048453762393,Upregulated
en_pik3,91.9714072509692,Upregulated
en_pik4,91.9714761744751,Upregulated
en_pik5,91.9714585916801,Upregulated
en_piplc,91.9714431097704,Upregulated
en_piter,3061.80366654547,Upregulated
en_pitg,91.9713805916706,Upregulated
en_pla2_2,47.8553617268538,Upregulated
en_pla2_2e,47.8553552617914,Upregulated
en_pmi12346phn,91.9723184183118,Upregulated
en_pnteh,97.5058953593982,Upregulated
en_ppa2,104.96925027213,Upregulated
en_ppaer,333.554922456474,Upregulated
en_ppam,96.2623241646636,Upregulated
en_ppap,91.9714366992499,Upregulated
en_ppitr,9.12662284349766,Upregulated
en_ppmi12346ptn,91.9723184183118,Upregulated
en_ppor,150.657321483752,Upregulated
en_pppg9tm,169.51449336131,Upregulated
en_pppgom,169.514472486739,Upregulated
en_pragsr,72.1157692872777,Upregulated
en_prascs,72.1157692872777,Upregulated
en_prdx,54.9615920111567,Upregulated
en_prgnlonesult,77.6080851919496,Upregulated
en_prod2m,87.6610814058439,Upregulated
en_pst3,91.9717491356881,Upregulated
en_ptdcat,92.2247638223236,Upregulated
en_pte2x,21.9813907596402,Upregulated
en_pte3x,63.6037824648074,Upregulated
en_pthps,104.96925027213,Upregulated
en_ptrcat1,56.802392491265,Upregulated
en_pyam5por,55.8110165498482,Upregulated
en_pydxk,27.3695165488775,Upregulated
en_quilsyn,82.1871077317032,Upregulated
en_rdh1,2,Upregulated
en_rdh3,2,Upregulated
en_retnglct,13.1295323503903,Upregulated
en_retnglctr,13.1295323503903,Upregulated
en_rtotal3crncpt1,2.54722839645066,Upregulated
en_rtotal3crncpt2,2.54722839645066,Upregulated
en_rtotal3crnt,2.54722839645066,Upregulated
en_s23t2g,70.3664882660489,Upregulated
en_s23t4g,70.8837131382944,Upregulated
en_s2t1g,57.7622814545431,Upregulated
en_s2t2g,57.7622814545431,Upregulated
en_s2t3g,56.2177634089172,Upregulated
en_s2t4g,57.6136801715783,Upregulated
en_s2tase1ly,57.6136801715783,Upregulated
en_s2tase2ly,57.6136801715783,Upregulated
en_s2tase3ly,56.2179376020437,Upregulated
en_s2tase4ly,57.7625288518939,Upregulated
en_s2tase5ly,57.7625288518939,Upregulated
en_s3t1g,57.6136801715783,Upregulated
en_s3t2g,57.6136801715783,Upregulated
en_s3t3g,57.6136801715783,Upregulated
en_s3tase1ly,57.6136801715783,Upregulated
en_s3tase2ly,57.6136801715783,Upregulated
en_s3tase3ly,57.6136801715783,Upregulated
en_s4t1g,54.4123522171526,Upregulated
en_s4t2g,54.4123682490264,Upregulated
en_s4t3g,55.2432403633212,Upregulated
en_s4t6g,56.2177634089172,Upregulated
en_s4tase1ly,54.4123636579356,Upregulated
en_s4tase2ly,54.4123827012837,Upregulated
en_s4tase3ly,56.2177634089172,Upregulated
en_s4tase4ly,55.2433733490001,Upregulated
en_s4tase5ly,55.2432383404937,Upregulated
en_s6t16g,70.8837131382944,Upregulated
en_s6t17g,70.8837131382944,Upregulated
en_s6t18g,70.8837131382944,Upregulated
en_s6t19g,54.4122459662198,Upregulated
en_s6t1g,70.3664882660489,Upregulated
en_s6t20g,54.4123815581309,Upregulated
en_s6t21g,57.7622814545431,Upregulated
en_s6t22g,55.2432403633212,Upregulated
en_s6t23g,55.2432403633212,Upregulated
en_s6t25g,57.6136801715783,Upregulated
en_s6t2g,70.3664882660489,Upregulated
en_s6t3g,70.3664882660489,Upregulated
en_s6tase1ly,57.6136801715783,Upregulated
en_s6tase22ly,70.3664882660489,Upregulated
en_s6tase23ly,70.3665213431663,Upregulated
en_s6tase24ly,70.3660762080692,Upregulated
en_s6tase25ly,70.8837131382944,Upregulated
en_s6tase26ly,70.8837378222627,Upregulated
en_s6tase2ly,57.6136801715783,Upregulated
en_s6tase3ly,57.6136801715783,Upregulated
en_s6tase4ly,54.4123815581309,Upregulated
en_s6tase5ly,54.4123997130596,Upregulated
en_s6tase6ly,57.7622755761642,Upregulated
en_s6tase7ly,57.7625048197078,Upregulated
en_s6tase8ly,55.2433733490001,Upregulated
en_s6tase9ly,55.2432383404937,Upregulated
en_saccd3m,26.8317843866588,Upregulated
en_sadt,81.249944082368,Upregulated
en_salmcom,150.195900268606,Upregulated
en_samhista,76.3762326035895,Upregulated
en_sbtd_d2,7511.18433926019,Upregulated
en_scp2x,5.0376954052494,Upregulated
en_scpx,42.3892340518806,Upregulated
en_serhl,79.9901034458795,Upregulated
en_siaase3ly,70.3664882660489,Upregulated
en_siaase4ly,70.8837131382944,Upregulated
en_siat4bg,39.6934524038833,Upregulated
en_siat9g,124.329486027206,Upregulated
en_slcbk1,91.9715642282626,Upregulated
en_smpd3l,69.7664197134351,Upregulated
en_so4cltex2,0.5,Downregulated
en_so4oxatex2,0.5,Downregulated
en_so4t4_2,0.5,Downregulated
en_so4tl,55.2432937212399,Upregulated
en_sphgntr,127.787213151661,Upregulated
en_sphmylntl,69.7664197134351,Upregulated
en_spmdox,123.999811592291,Upregulated
en_spodmx,83.6958339820929,Upregulated
en_spr,104.96925027213,Upregulated
en_sprms,126.142104613966,Upregulated
en_srtnact,68.4559924300859,Upregulated
en_st3gal21g,75.6145090461712,Upregulated
en_st3gal22g,124.329485800128,Upregulated
en_st3gal23g,84.8372325798178,Upregulated
en_st6galnac31,75.6145090461712,Upregulated
en_st8sia12,84.8372325798178,Upregulated
en_st8sia52g,84.8372325798178,Upregulated
en_strdnccpt1,59.0478134457048,Upregulated
en_strdnccpt2,56.3256573804281,Upregulated
en_sts1,77.6081354446227,Upregulated
en_sts2,77.6081367822046,Upregulated
en_sucoasm,35.35548677283,Upregulated
en_t4hcinnmfm,88.8965426316835,Upregulated
en_tethex3t,91.9714870652754,Upregulated
en_tetpent3t,91.9714870652754,Upregulated
en_tetpent6t,91.9714144591539,Upregulated
en_tettet6t,91.9714144591539,Upregulated
en_thbpt4acamdase,128.586052668378,Upregulated
en_thftm,349.240068043751,Upregulated
en_thymdtl,91.9715038223827,Upregulated
en_thymdtm,78.949784367651,Upregulated
en_tmdk1m,78.949784367651,Upregulated
en_tmndnccpt1,22.4239943671618,Upregulated
en_tmndnccpt2,18.5349100511265,Upregulated
en_trdr,18.1627495855433,Upregulated
en_triodthysult,77.608158016388,Upregulated
en_triok,846.797929735067,Upregulated
en_trphydro2,128.586052668378,Upregulated
en_trpo2,113.9482674196,Upregulated
en_tryptaox,233.730611729429,Upregulated
en_ttdcatr,203.002452547466,Upregulated
en_tymsft,84.2096951644551,Upregulated
en_tymsult,84.2096951644551,Upregulated
en_tyrcbox,84.2096951644551,Upregulated
en_tyrtam,88.896542015623,Upregulated
en_uag2emai,69.7662760621801,Upregulated
en_uagaldp,69.7662982035122,Upregulated
en_udpacgaltl,200.425818084045,Upregulated
en_udpgaltg,58.7799305226608,Upregulated
en_udpgd,13.1294848662034,Upregulated
en_udpglcater,63.6177457256547,Upregulated
en_udpglcter,17.1716280960931,Upregulated
en_udpgp,69.7663736711438,Upregulated
en_udptl,200.425635832022,Upregulated
en_ugalgtg,58.7799433473356,Upregulated
en_ugalnactg,91.8339296614312,Upregulated
en_ugcg,140.464973013571,Upregulated
en_uglcnactg,59.5308076654137,Upregulated
en_ugt1a10r,56.3571243991112,Upregulated
en_ugt1a5r,13.1295323503903,Upregulated
en_uridk2m,149.714440779371,Upregulated
en_uritl,91.9710946164783,Upregulated
en_urolacer,16.6912461096623,Upregulated
en_vlcs2p,37.3537481828397,Upregulated
en_vlcs2r,41.8353089553824,Upregulated
en_xol7aonetr,18.1632014322302,Upregulated
en_xoltrioltm,62.6620546873197,Upregulated
en_xsertg,54.4123729710637,Upregulated
en_xyltd_dr,58.2262162382042,Upregulated
en_xylter,54.4123729710637,Upregulated
en_xyltly,54.4123770900034,Upregulated
en_r0009,770.546896672279,Upregulated
en_r0023,75.2732986429737,Upregulated
en_r0033,81.6213338693847,Upregulated
en_r0051,71.9758424937839,Upregulated
en_r0074,3316.58810995142,Upregulated
en_r0084,43.084227201762,Upregulated
en_r0119,69.7660641858312,Upregulated
en_r0129,0.468588175530062,Downregulated
en_r0160,46.2514627908007,Upregulated
en_r0166,71.9758424937839,Upregulated
en_r0173,2.14440049368238,Upregulated
en_r0202,2.54836013099875,Upregulated
en_r0208,97.4975925532086,Upregulated
en_r0210,907.434710902769,Upregulated
en_r0224,0.348400670021499,Downregulated
en_r0239,81.3915632291533,Upregulated
en_r0242,40.6768351303992,Upregulated
en_r0245,2.54801041106779,Upregulated
en_r0246,151.885774824707,Upregulated
en_r0301,69.7663739272717,Upregulated
en_r0308,687.595238950458,Upregulated
en_r0310,55.4054258343293,Upregulated
en_r0311,78.0867895972915,Upregulated
en_r0321,61.6356922913255,Upregulated
en_r0340,151.885774824707,Upregulated
en_r0354,11716.1199047878,Upregulated
en_r0355,11716.1341045611,Upregulated
en_r0365,64.0031433267385,Upregulated
en_r0381,503.493284438561,Upregulated
en_r0388,259.516721428152,Upregulated
en_r0389,300.926980713686,Upregulated
en_r0393,151.885774824707,Upregulated
en_r0403,128.58601510494,Upregulated
en_r0409,2.01522160872227,Upregulated
en_r0424,43.0842272013077,Upregulated
en_r0431,589.203528222952,Upregulated
en_r0433,59.2357245260053,Upregulated
en_r0440,94.0695764592075,Upregulated
en_r0441,12.8222699161974,Upregulated
en_r0443,118.04705288244,Upregulated
en_r0444,70.044318786144,Upregulated
en_r0450,4147.01724866278,Upregulated
en_r0456,91.9713545928409,Upregulated
en_r0463,110.202883406662,Upregulated
en_r0488,53.0868677672136,Upregulated
en_r0502,102.836677964763,Upregulated
en_r0510,184.39909214094,Upregulated
en_r0511,37.3882325045754,Upregulated
en_r0522,64.0030608681612,Upregulated
en_r0523,64.0030608681612,Upregulated
en_r0537,91.9714399891996,Upregulated
en_r0539,97.5058953593982,Upregulated
en_r0546,63.2831543330698,Upregulated
en_r0548,63.2831569984853,Upregulated
en_r0573,59.1192394742742,Upregulated
en_r0578,91.9714599131526,Upregulated
en_r0579,81.6213338693847,Upregulated
en_r0590,81.6213338693847,Upregulated
en_r0591,101.45752089387,Upregulated
en_r0594,47.5719158553651,Upregulated
en_r0595,81.7220684597851,Upregulated
en_r0596,64.0031433267385,Upregulated
en_r0637,118.046958927144,Upregulated
en_r0650,70.3287639552354,Upregulated
en_r0651,70.3288451959766,Upregulated
en_r0666,72.1157692872777,Upregulated
en_r0698,4.6198716443009,Upregulated
en_r0715,3.91583443921879,Upregulated
en_r0717,3.91583443921879,Upregulated
en_r0741,80.3137544263371,Upregulated
en_r0743,774.197602840427,Upregulated
en_r0758,161.142491690727,Upregulated
en_r0786,91.9714399891996,Upregulated
en_r0787,91.9714028329984,Upregulated
en_r0795,81.7220684597851,Upregulated
en_r0801,0.0442390985297558,Downregulated
en_r0818,168.488526530449,Upregulated
en_r0892,76.6583048310638,Upregulated
en_r0926,151.885774824707,Upregulated
en_r0954,121.140327710788,Upregulated
en_r0970,59.119222138973,Upregulated
en_r0983,9.12643995328218,Upregulated
en_r0989,59.1192394742742,Upregulated
en_r0994,70.3287639552354,Upregulated
en_r0997,118.046958927144,Upregulated
en_r1000,70.044318786144,Upregulated
en_r1003,94.0695764592075,Upregulated
en_r1006,59.2357245260053,Upregulated
en_r1007,12.8222699161974,Upregulated
en_r1008,118.04705288244,Upregulated
en_r1011,41.8353089553824,Upregulated
en_r1012,41.8353089553824,Upregulated
en_r1018,70.3287639552354,Upregulated
en_r1078,88.896542015623,Upregulated
en_r1117,79.1028800279326,Upregulated
en_r1134,0.471873287824023,Downregulated
en_r1135,0.188236621071256,Downregulated
en_r1146,0.188236621071256,Downregulated
en_r1164,96.9660195985942,Upregulated
en_r1165,69.7664310977929,Upregulated
en_r1166,69.7663565671729,Upregulated
en_r1167,6.1487796395075,Upregulated
en_r1168,69.7664517261889,Upregulated
en_r1169,69.7664360393447,Upregulated
en_r1170,69.7663894470391,Upregulated
en_r1171,54.903509046336,Upregulated
en_r1172,96.9660195985942,Upregulated
en_r1174,69.7664310977929,Upregulated
en_r1175,69.7663565671729,Upregulated
en_r1177,6.1487796395075,Upregulated
en_r1179,69.7664517261889,Upregulated
en_r1181,69.7664360393447,Upregulated
en_r1182,69.7663894470391,Upregulated
en_r1183,54.903509046336,Upregulated
en_r1251,69.7664310977929,Upregulated
en_r1252,55.6404254506707,Upregulated
en_r1253,9.12643061829164,Upregulated
en_r1255,69.7663721844586,Upregulated
en_r1257,69.7664517261889,Upregulated
en_r1259,62.0249683264029,Upregulated
en_r1260,69.7663440184533,Upregulated
en_r1262,60.0710773645458,Upregulated
en_r1298,652.690187602744,Upregulated
en_r1364,62.024983261791,Upregulated
en_r1365,62.024983261791,Upregulated
en_r1383,69.2471571832633,Upregulated
en_r1429,2.54836013099875,Upregulated
en_r1435,368.866688867072,Upregulated
en_r1447,87.6915730962495,Upregulated
en_r1451,87.6841266683988,Upregulated
en_r1457,91.9714399891996,Upregulated
en_r1472,0.481521817319783,Downregulated
en_r1474,0.481521817319783,Downregulated
en_r1477,0.481521817319783,Downregulated
en_r1481,40.377634405462,Upregulated
en_r1487,70.044318786144,Upregulated
en_r1514,91.9715157522247,Upregulated
en_r1515,91.97141489536,Upregulated
en_r1516,91.9714855347954,Upregulated
en_r1517,91.9715699394883,Upregulated
en_r1518,91.9718509582028,Upregulated
en_r1519,91.9714153605686,Upregulated
en_r1520,91.9714410216607,Upregulated
en_r1521,91.9714258070188,Upregulated
en_r1522,91.9714731094168,Upregulated
en_r1523,107.077034659557,Upregulated
en_r1525,91.9715005512181,Upregulated
en_r1527,91.9714613102718,Upregulated
en_r1529,91.9714535658154,Upregulated
en_r1664,191.308415761685,Upregulated
en_r2497,687.595238950458,Upregulated
en_r2512,70.044318786144,Upregulated
en_r2514,70.044318786144,Upregulated
en_re0383c,15.5523321751943,Upregulated
en_re0452m,47.8929637515192,Upregulated
en_re0453m,47.8929596452248,Upregulated
en_re0512m,41.0396887017751,Upregulated
en_re0565c,70.0866589354406,Upregulated
en_re0566c,70.0866589354406,Upregulated
en_re0567c,70.0866589354406,Upregulated
en_re0568c,70.0866589354406,Upregulated
en_re0569c,63.3970772366676,Upregulated
en_re0570c,63.3970772366676,Upregulated
en_re0571c,63.3970772366676,Upregulated
en_re0574c,74.9917288622288,Upregulated
en_re0575c,74.9917288622288,Upregulated
en_re0576c,74.9917288622288,Upregulated
en_re0579c,71.974104270075,Upregulated
en_re0581c,61.0410801992738,Upregulated
en_re0583c,904.094449053373,Upregulated
en_re0908c,77.6082125674627,Upregulated
en_re0912c,77.6082125674627,Upregulated
en_re0916c,77.608118143544,Upregulated
en_re0918c,77.608118143544,Upregulated
en_re1100c,77.608136757951,Upregulated
en_re1135c,77.6080851919496,Upregulated
en_re1441r,91.9714101684869,Upregulated
en_re1447m,64.0034370185169,Upregulated
en_re1448r,91.9714101684869,Upregulated
en_re1516m,41.0396887017751,Upregulated
en_re1517m,41.0396887017751,Upregulated
en_re1518m,60.7928420249081,Upregulated
en_re1520m,41.0397001999938,Upregulated
en_re1521m,58.9919824740089,Upregulated
en_re1522m,41.0397305346111,Upregulated
en_re1523m,41.0396887017751,Upregulated
en_re1525m,41.0397305346111,Upregulated
en_re1526m,58.9919824740089,Upregulated
en_re1527m,41.0397001999938,Upregulated
en_re1530m,64.0029922582139,Upregulated
en_re1531m,41.0396887017751,Upregulated
en_re1532m,41.0397305346111,Upregulated
en_re1533m,58.9919824740089,Upregulated
en_re1534m,41.0397001999938,Upregulated
en_re1573m,58.9919824740089,Upregulated
en_re1807m,92.5263887661069,Upregulated
en_re1834m,5.87353048180038,Upregulated
en_re1834x,42.3892363874739,Upregulated
en_re1836x,240.691107937272,Upregulated
en_re1846c,70.9726080766095,Upregulated
en_re1916c,91.97145750649,Upregulated
en_re1957r,91.9714643097458,Upregulated
en_re2112r,70.9726080766095,Upregulated
en_re2346c,103.963773631685,Upregulated
en_re2407c,5.04608757065011,Upregulated
en_re2410c,2.44328275303414,Upregulated
en_re2625c,80.3137417259018,Upregulated
en_re2625m,71.5430817377462,Upregulated
en_re2635r,70.9726080766095,Upregulated
en_re2649c,69.7663820610477,Upregulated
en_re2649m,64.0029990391443,Upregulated
en_re2759x,63.6037824648074,Upregulated
en_re2814m,834.677144757212,Upregulated
en_re2888c,84.5134518290947,Upregulated
en_re2912m,69.766311705394,Upregulated
en_re2972m,64.0034370185169,Upregulated
en_re2985m,66.2292701914353,Upregulated
en_re2985x,38.5388184231452,Upregulated
en_re2986x,38.5388184234348,Upregulated
en_re2987x,38.5388184234348,Upregulated
en_re2988x,38.5388184234348,Upregulated
en_re2989x,38.5388184234348,Upregulated
en_re2990x,38.5388184234348,Upregulated
en_re2991x,38.5388184234348,Upregulated
en_re2992m,52.4271772224821,Upregulated
en_re2992x,38.5388184234348,Upregulated
en_re2993x,38.5388184234348,Upregulated
en_re2994x,38.5388184231452,Upregulated
en_re2996x,38.5388184234348,Upregulated
en_re2997x,38.5388184231452,Upregulated
en_re2998m,72.4979737705832,Upregulated
en_re2999m,78.8050524492872,Upregulated
en_re3000m,78.8050524492872,Upregulated
en_re3001m,78.8050524492872,Upregulated
en_re3004m,78.8050524492872,Upregulated
en_re3005m,78.8050524492872,Upregulated
en_re3006m,78.8050524492872,Upregulated
en_re3009c,85.5053167096731,Upregulated
en_re3011m,80.0571492955904,Upregulated
en_re3012m,80.0571492955904,Upregulated
en_re3051c,179.973331046854,Upregulated
en_re3074x,63.6037824648074,Upregulated
en_re3095c,112.551533711632,Upregulated
en_re3106c,51.7024171093626,Upregulated
en_re3110c,51.7024171093626,Upregulated
en_re3112c,51.7024171093626,Upregulated
en_re3113c,51.7024171093626,Upregulated
en_re3114r,62.0249097527684,Upregulated
en_re3119c,51.7023909183093,Upregulated
en_re3120c,51.7023909183093,Upregulated
en_re3121c,51.7023909183093,Upregulated
en_re3122c,51.7023909183093,Upregulated
en_re3132r,78.0867556753517,Upregulated
en_re3136c,5.04608757065011,Upregulated
en_re3146r,69.7668964424349,Upregulated
en_re3154c,52.3548466316232,Upregulated
en_re3160r,69.7661024714845,Upregulated
en_re3161c,61.370211808306,Upregulated
en_re3162c,61.370211808306,Upregulated
en_re3163c,61.370211808306,Upregulated
en_re3164c,61.370211808306,Upregulated
en_re3165c,58.228316499623,Upregulated
en_re3166c,58.228316499623,Upregulated
en_re3167c,58.228316499623,Upregulated
en_re3168c,58.228316499623,Upregulated
en_re3169c,56.7986772663379,Upregulated
en_re3170c,56.7986772663379,Upregulated
en_re3171c,56.7986772663379,Upregulated
en_re3172c,56.7986772663379,Upregulated
en_re3173c,50.5726256164685,Upregulated
en_re3174c,50.5771421054951,Upregulated
en_re3175c,50.577142106268,Upregulated
en_re3176c,50.5726256164685,Upregulated
en_re3224c,41.8904668945509,Upregulated
en_re3225c,63.3936561140672,Upregulated
en_re3226c,42.0846178954853,Upregulated
en_re3227c,41.8904668945509,Upregulated
en_re3228c,41.8904668945509,Upregulated
en_re3229c,41.8904668945509,Upregulated
en_re3230c,63.3936561140672,Upregulated
en_re3231c,63.3936561140672,Upregulated
en_re3232c,63.3936561140672,Upregulated
en_re3234c,42.0846179018034,Upregulated
en_re3235c,42.0846179018034,Upregulated
en_re3236c,42.0846179018034,Upregulated
en_re3241c,32.7065097087964,Upregulated
en_re3242c,32.7065097087964,Upregulated
en_re3243c,32.7065097087964,Upregulated
en_re3244c,32.7065097087964,Upregulated
en_re3245c,6.14878336839671,Upregulated
en_re3247m,27.9782459751717,Upregulated
en_re3247x,42.3892605737087,Upregulated
en_re3251m,78.8050557209477,Upregulated
en_re3268r,91.9714643097458,Upregulated
en_re3411c,103.963773631685,Upregulated
en_re3417c,103.963773631685,Upregulated
en_re3476c,78.8050129716946,Upregulated
en_re3525m,590.43102520303,Upregulated
en_re3526c,78.8051144225861,Upregulated
en_re3597m,80.0571492955904,Upregulated
en_re3624m,78.8050524492872,Upregulated
en_re3626m,48.9458853372743,Upregulated
en_biomass_reaction,24.1847591627593,Upregulated
en_c10dcc,0.447884007044104,Downregulated
en_c121cpt1,2,Upregulated
en_c12dcacot,66.2518421875229,Upregulated
en_c12dcact,66.2518421875229,Upregulated
en_c12dctd,66.2518421905278,Upregulated
en_c4tcx,0.0323170064727832,Downregulated
en_c4x,0.0323170064727832,Downregulated
en_dcatdc,91.9714724446945,Upregulated
en_faoxc101c102m,41.0397275441372,Upregulated
en_faoxc101c102x,68.9194706653437,Upregulated
en_faoxc102c103m,44.9047789990617,Upregulated
en_faoxc102c103x,216.077816463579,Upregulated
en_faoxc102c81m,44.9047789990617,Upregulated
en_faoxc102c81x,216.077816463579,Upregulated
en_faoxc102m,44.9047789990617,Upregulated
en_faoxc102x,216.077816463579,Upregulated
en_faoxc103c102m,44.9047789990617,Upregulated
en_faoxc103c102x,216.077816463579,Upregulated
en_faoxc10dcc8dcx,66.9389417321137,Upregulated
en_faoxc121x,42.0846178954853,Upregulated
en_faoxc122c101m,66.6731131101685,Upregulated
en_faoxc122m,66.6731131101685,Upregulated
en_faoxc122x,56.5153629583072,Upregulated
en_faoxc123c102m,44.9047789990617,Upregulated
en_faoxc123c102x,216.077816463579,Upregulated
en_faoxc123m,44.9047789990617,Upregulated
en_faoxc123x,216.077816463579,Upregulated
en_faoxc12dcc10dcx,66.9193766717136,Upregulated
en_faoxc12dcc,66.2518421905278,Upregulated
en_faoxc142c122m,66.6731131101685,Upregulated
en_faoxc142c122x,56.5153629583072,Upregulated
en_faoxc143c123m,44.9047789990617,Upregulated
en_faoxc143c123x,216.077816463579,Upregulated
en_faoxc14dcc12dcx,66.9193766717136,Upregulated
en_faoxc163c142x,56.5153629583072,Upregulated
en_faoxc163c164gm,66.6731131101685,Upregulated
en_faoxc163c164x,56.5153629583072,Upregulated
en_faoxc163gc142m,66.6731131101685,Upregulated
en_faoxc163gm,66.6731131101685,Upregulated
en_faoxc163x,56.5153629583072,Upregulated
en_faoxc164c143m,44.9047789990617,Upregulated
en_faoxc164c143x,216.077816463579,Upregulated
en_faoxc164c163x,56.5153629583072,Upregulated
en_faoxc164c165m,44.9047789990617,Upregulated
en_faoxc164c165x,216.077816463579,Upregulated
en_faoxc164gc163m,66.6731131101685,Upregulated
en_faoxc164m,44.9047789990617,Upregulated
en_faoxc164x,216.077816463579,Upregulated
en_faoxc165c164m,44.9047789990617,Upregulated
en_faoxc165c164x,216.077816463579,Upregulated
en_faoxc16dcc14dcx,66.9193766717136,Upregulated
en_faoxc16dcr,66.9193766717136,Upregulated
en_faoxc181c161m,170.109754665712,Upregulated
en_faoxc184c163m,66.6731131101685,Upregulated
en_faoxc184c163x,56.5153629583072,Upregulated
en_faoxc184c164x,216.077816463579,Upregulated
en_faoxc184m,66.6731131101685,Upregulated
en_faoxc184x,56.5153629583072,Upregulated
en_faoxc185c164m,44.9047789990617,Upregulated
en_faoxc185m,44.9047789990617,Upregulated
en_faoxc204c184m,66.6731131101685,Upregulated
en_faoxc204c205x,56.5153629583072,Upregulated
en_faoxc205c184x,56.5153629583072,Upregulated
en_faoxc205c185m,44.9047789990617,Upregulated
en_faoxc225c204m,66.6731131101685,Upregulated
en_faoxc225c204x,56.5153629583072,Upregulated
en_faoxc225c226m,66.6731131101685,Upregulated
en_faoxc225c226x,56.5153629583072,Upregulated
en_faoxc225m,66.6731131101685,Upregulated
en_faoxc225x,56.5153629583072,Upregulated
en_faoxc226c205m,44.9047789990617,Upregulated
en_faoxc226c225m,66.6731131101685,Upregulated
en_faoxc226c225x,56.5153629583072,Upregulated
en_faoxc226c227m,44.9047789990617,Upregulated
en_faoxc226m,44.9047789990617,Upregulated
en_faoxc227c226m,44.9047789990617,Upregulated
en_faoxc4c4dcc,68.9081113048107,Upregulated
en_faoxc61c4x,0.0324935822382262,Downregulated
en_faoxc61m,44.9047789990617,Upregulated
en_faoxc61x,216.077816463579,Upregulated
en_faoxc81c61m,44.9047789990617,Upregulated
en_faoxc81c61x,216.077816463579,Upregulated
en_faoxohc16c16dcc,66.9193766717136,Upregulated
en_faoxtc101tc102m,61.5647663363172,Upregulated
en_faoxtc102c101m,61.5647663363172,Upregulated
en_faoxtc122tc101m,61.5647663363172,Upregulated
en_faoxtc122m,61.5647663363172,Upregulated
en_faoxtc142tc122m,61.5647663363172,Upregulated
en_faoxtc162tc142m,61.56474538414,Upregulated
en_faoxtc182tc162m,61.5647398459932,Upregulated
en_foaxc122c101x,56.5153629583072,Upregulated
en_hexcoaacbp,0.0319675140079486,Downregulated
en_hexdiactr,66.9193766717136,Upregulated
en_hexdicoaacbpx,66.9193766717136,Upregulated
en_ocd11coacpt1,170.109754665712,Upregulated
en_ocd11crncact,170.109754665712,Upregulated
en_ocd11crncpt2,170.109754665712,Upregulated
en_oct11efatp,86.31675903592,Upregulated
en_scp21cx,91.9714539000068,Upregulated
en_subercact,70.6319962962294,Upregulated
en_subercrot,70.6319962962294,Upregulated
en_succoapet,68.9081113048107,Upregulated
en_linofatptc,69.4221314517624,Upregulated
en_ocdeafabp1tc,6.14878249083833,Upregulated
en_oleicfatptc,69.7662890070862,Upregulated
en_palfatptc,66.523992763089,Upregulated
en_pcholhstde,2.54772865124547,Upregulated
en_vitetl,91.9714540203244,Upregulated
en_4hproltasct1,95.2912141119422,Upregulated
en_dm_taur[c],459.210405477626,Upregulated
en_dtmpkm,47.8002823442951,Upregulated
en_faddple,145.190494358286,Upregulated
en_fe2dmt1,45.426416246461,Upregulated
en_fe3mtp1,45.426416246461,Upregulated
en_fmnalkple,145.190494358286,Upregulated
en_gndc,6181.27047613533,Upregulated
en_mdhx,2.14440047045987,Upregulated
en_nadtm,32.5661901397465,Upregulated
en_pglc,6182.3529662492,Upregulated
en_ppitm,96.2166131061702,Upregulated
en_rtotal2fatpc,34.883142929893,Upregulated
en_4hpro_ltte,95.2912141119422,Upregulated
en_5mtate,171.696355468452,Upregulated
en_ahcyste,229.68751554472,Upregulated
en_aicarte,47.3157801701734,Upregulated
en_dm_anth,81.3920549972083,Upregulated
en_glcurtr,12940.6700706044,Upregulated
en_arachdfatptc,118.942513735759,Upregulated
en_lgncfatptc,69.7663611957272,Upregulated
en_pshsabctc,91.9717491356881,Upregulated
en_ribflvte,133.39791857017,Upregulated
en_chsterolt,91.9716449633337,Upregulated
en_avite1t,91.9714540203244,Upregulated
en_biomass_maintenance_notrtr,89.475766037671,Upregulated
en_desat14_9,50.4713678740689,Upregulated
en_lcat10e,21.2282045789341,Upregulated
en_lcat11e,21.2282141504474,Upregulated
en_lcat15e,21.2281979020096,Upregulated
en_lcat23e,652.690187602744,Upregulated
en_lcat34e,21.2282008515626,Upregulated
en_lcat50e,21.2282147140756,Upregulated
en_lcat7e,21.2282140754276,Upregulated
en_xolest183ceh,652.690187602744,Upregulated
en_pcholmyr_hspla2,38.5036478184723,Upregulated
en_pcholole_hspla2,38.5036027871985,Upregulated
en_pcholste_hspla2,38.5035025923784,Upregulated
en_pcholn204_hspla2,38.5036316008544,Upregulated
en_pcholn24_hspla2,38.5036371297018,Upregulated
en_pcholhep_hspla2,38.5036955491984,Upregulated
en_amett,58.9359783959121,Upregulated
en_c14768td,68.9040794985833,Upregulated
en_c14769td1,68.904052543005,Upregulated
en_c14770atp,68.2620748556366,Upregulated
en_c14771atp,68.2620758192221,Upregulated
en_c14826td,84.1443524664927,Upregulated
en_ce2445t,89.3892593399955,Upregulated
en_ce2537atp,91.9714093262254,Upregulated
en_ind3act,233.730597885337,Upregulated
en_leuktrb4woht,88.136667896339,Upregulated
en_glynatm,63.2831404247516,Upregulated
en_pheacglysec,63.2831404247516,Upregulated
en_dhbptt,104.96923249525,Upregulated
en_homovalte,15.4016902254705,Upregulated
en_glyclttm,158.103544973828,Upregulated
en_xolest183te,652.690187602744,Upregulated
en_xolest183tl,652.690187602744,Upregulated
en_pheacglytm,63.2831404247516,Upregulated
en_ttdceac,50.4713678740689,Upregulated
en_paccoalm,63.2831404247516,Upregulated
en_pacaldtm,63.2831472594088,Upregulated
en_pgpp_hsc,14.3410850291786,Upregulated
en_r2514m,69.766311705394,Upregulated
en_acnamt2,70.0409373770437,Upregulated
en_dm_for[c],27.3728575857819,Upregulated
en_ugt1a10c,56.3571243991112,Upregulated
en_unk3r,115.465012870686,Upregulated
en_acgaltr,216.415475579178,Upregulated
en_dm_c02712[c],6.33427040917676,Upregulated
en_pglyctm,14.3410850291786,Upregulated
en_sink_cholate[c],32.525171516839,Upregulated
en_sink_dgchol[c],96.550056287886,Upregulated
en_sink_glygn2[c],9.98755994769971,Upregulated
en_sink_lnlccoa[c],4.02961896131402,Upregulated
en_sink_lnlncacoa[c],23.3430854675226,Upregulated
en_sink_lnlncgcoa[c],127.576885183461,Upregulated
en_sink_pydx[c],216.893133792624,Upregulated
en_sink_tag_hs[c],6.11535641432064,Upregulated
en_sink_thcholstoic[c],58.0579002831626,Upregulated
en_sink_xol7aone[c],30.2720087354854,Upregulated
en_acact1r,9.52503782246342,Upregulated
en_acs,66.2523508979494,Upregulated
en_adss,133.64816006028,Upregulated
en_bpnt,81.2499640288227,Upregulated
en_cbps,59.0482233587891,Upregulated
en_cpppgo,195.551342074353,Upregulated
en_cysts,114.333132958257,Upregulated
en_dm_atp_c_,91.971486981987,Upregulated
en_dtmpk,179.666121926422,Upregulated
en_fero,45.4263690519326,Upregulated
en_gf6pta,216.432298015297,Upregulated
en_gmps2,82.1130013864174,Upregulated
en_gtpci,148.802017200158,Upregulated
en_hex1,11716.1252870354,Upregulated
en_hmbs,179.97333210032,Upregulated
en_man1pt2,126.539821353336,Upregulated
en_nnatr,69.7664133787049,Upregulated
en_nndpr,82.1871077317032,Upregulated
en_ntd1,91.9713738307978,Upregulated
en_pgk,91.9714270919876,Upregulated
en_pgl,6184.13407723679,Upregulated
en_pgm,650.549610689815,Upregulated
en_pntk,93.8357414149832,Upregulated
en_ppa,333.581102263261,Upregulated
en_ppbngs,179.973387592792,Upregulated
en_ppcdc,93.8350758000982,Upregulated
en_ppncl3,93.835776997582,Upregulated
en_prpps,153.656014217146,Upregulated
en_psert,650.720440866949,Upregulated
en_psp_l,650.720440866949,Upregulated
en_punp7,140.522640587194,Upregulated
en_rbfk,91.9696932548812,Upregulated
en_rpi,302.732706602928,Upregulated
en_spms,124.414412863776,Upregulated
en_tkt1,502.96277934271,Upregulated
en_tkt2,502.832385470963,Upregulated
en_tmdk1,91.9714304131884,Upregulated
en_uag4e,209.793402097433,Upregulated
en_uagdp,216.415343034894,Upregulated
en_upp3s,195.551342074353,Upregulated
en_uppdc1,195.551342074353,Upregulated
en_r0671,93.8359457934051,Upregulated
en_ntd2,91.9714324260748,Upregulated
en_ntd4,91.9706517168063,Upregulated
en_ntd5,91.97126113621,Upregulated
en_nads2,26.281583177373,Upregulated
en_adprdp,81.8512638987412,Upregulated
en_adnk1,91.9713929872842,Upregulated
en_gcaldd,58.2262232283279,Upregulated
en_abutd,123.999811592291,Upregulated
en_acyp,91.9714950147071,Upregulated
en_aicart,47.3560549942966,Upregulated
en_amank,91.9714294761375,Upregulated
en_galk,29.1076063094221,Upregulated
en_galt,29.1076030244152,Upregulated
en_gluprt,72.1157692872777,Upregulated
en_glxo1,164.422188340582,Upregulated
en_glyk,2.54801041111669,Upregulated
en_gnd,6183.42018497058,Upregulated
en_imactd,233.730586871119,Upregulated
en_mi1pp,286.276395513452,Upregulated
en_mi3pp,286.279363513375,Upregulated
en_nt5c,91.9714454953899,Upregulated
en_ntd3,91.9713815110415,Upregulated
en_orndc,56.8023001228181,Upregulated
en_prfgs,72.1157692872777,Upregulated
en_pydamk,55.8110165498482,Upregulated
en_pydxnk,37.9735799530333,Upregulated
en_thrd_l,299.156910031537,Upregulated
en_tmds,0.348400670021499,Downregulated
en_r0392,209.295585206338,Upregulated
en_acgam2e,64.4229809098099,Upregulated
en_acaldt,3.54580344702765,Upregulated
en_aacoat,71.476805456831,Upregulated
en_mtri,115.465012870686,Upregulated
en_nadn,81.8512638987412,Upregulated
en_ahc,114.333134806499,Upregulated
en_2m3ovcoam,6141.55695560269,Upregulated
en_2m3ovacm,6141.55695559781,Upregulated
en_2m3ovactm,6141.55695559781,Upregulated
en_2m3hvacc,6141.55695560269,Upregulated
en_2m3hvacte,6141.55695559781,Upregulated
en_3ohsebcoax,69.7711172145899,Upregulated
en_3ohsebacx,69.7711172145899,Upregulated
en_3ohsebactxc,69.7711172145899,Upregulated
en_3ohsebacte,69.7711172145899,Upregulated
en_3ohsubcoax,69.3978877464245,Upregulated
en_3ohsubacx,69.3978877464245,Upregulated
en_3ohsubactxc,69.3978877464245,Upregulated
en_3ohsubacte,69.3978877464245,Upregulated
en_hexglyc,338.552442351507,Upregulated
en_hexglyte,338.552442351507,Upregulated
en_subglyc,70.6319962962294,Upregulated
en_subglyte,70.6319962962294,Upregulated
en_ak2lgcholabct,91.9714237580591,Upregulated
en_ce2537abct,91.9714093262254,Upregulated
en_nrvncabct,91.9713803847917,Upregulated
en_pafabct,81.4323017340701,Upregulated
en_pchln225_hsabct,91.9713710647759,Upregulated
en_pchol2linl_hsabct,91.9713710647759,Upregulated
en_pchol2ole_hsabct,91.9713710647759,Upregulated
en_pchol2ste_hsabct,91.9713710647759,Upregulated
en_pcholar_hsabct,91.9713710647759,Upregulated
en_pcholdoc_hsabct,91.9713710647759,Upregulated
en_pcholeic_hsabct,91.9713710647759,Upregulated
en_pcholet_hsabct,91.9713710647759,Upregulated
en_pcholhep_hsabct,38.5036955491984,Upregulated
en_pchollinl_hsabct,91.9715253722172,Upregulated
en_pcholmyr_hsabct,38.5036478184723,Upregulated
en_pcholn15_hsabct,91.9718186874517,Upregulated
en_pcholn183_hsabct,91.9718186874517,Upregulated
en_pcholn1836_hsabct,91.9718186874517,Upregulated
en_pcholn19_hsabct,91.9718186874517,Upregulated
en_pcholn201_hsabct,91.9718186874517,Upregulated
en_pcholn203_hsabct,91.9718186874517,Upregulated
en_pcholn204_hsabct,38.5036316008544,Upregulated
en_pcholn205_hsabct,91.9714381955341,Upregulated
en_pcholn224_hsabct,91.9714381955341,Upregulated
en_pcholn225_hsabct,91.9714381955341,Upregulated
en_pcholn2254_hsabct,91.9714381955341,Upregulated
en_pcholn264_hsabct,38.5036371297018,Upregulated
en_pcholole_hsabct,38.5036027871985,Upregulated
en_pcholpalme-hsabct,91.9714690209732,Upregulated
en_pcholste_hsabct,38.5035025923784,Upregulated
en_pe12_hsabct,91.9713925440776,Upregulated
en_pe13_hsabct,91.9713925440776,Upregulated
en_pe14_hsabct,91.9713925440776,Upregulated
en_pe15_hsabct,91.9713925440776,Upregulated
en_pe161_hsabct,91.9713925440776,Upregulated
en_pe17_hsabct,91.9713925440776,Upregulated
en_pe203_hsabct,91.9713925440776,Upregulated
en_pe226_hsabct,91.9713925440776,Upregulated
en_pe2linl_hsabct,91.9713925440776,Upregulated
en_pear_hsabct,91.9713925440776,Upregulated
en_pedh203_hsabct,91.9713925440776,Upregulated
en_pelinl_hsabct,91.9713925440776,Upregulated
en_pelpalm_hsabct,91.9713925440776,Upregulated
en_peole_hsabct,91.9713925440776,Upregulated
en_pepalm_hsasbct,91.9713925440776,Upregulated
en_peste_hsabct,91.9713925440776,Upregulated
en_ak2lgcholt1,91.9714312964183,Upregulated
en_pchol2linl_hst1e,91.9713710647759,Upregulated
en_pchol2ole_hst1e,91.9713710647759,Upregulated
en_pchol2ste_hst1e,91.9713710647759,Upregulated
en_pcholar_hst1e,91.9713710647759,Upregulated
en_pcholdoc_hst1e,91.9713710647759,Upregulated
en_pcholeic_hst1e,91.9713710647759,Upregulated
en_pcholet_hst1e,91.9713710647759,Upregulated
en_pchollinl_hst1e,91.9715253722172,Upregulated
en_pcholn15_hst1e,91.9718186874517,Upregulated
en_pcholn183_hst1e,91.9718186874517,Upregulated
en_pcholn1836_hst1e,91.9718186874517,Upregulated
en_pcholn19_hst1e,91.9718186874517,Upregulated
en_pcholn201_hst1e,91.9718186874517,Upregulated
en_pcholn203_hst1e,91.9718186874517,Upregulated
en_pcholn205_hst1e,91.9714381955341,Upregulated
en_pcholn224_hst1e,91.9714381955341,Upregulated
en_pcholn225_hst1e,91.9714381955341,Upregulated
en_pcholn2254_hst1e,91.9714381955341,Upregulated
en_pchln225_hst1e,91.9713710647759,Upregulated
en_pepalm_hst1e,91.9713925440776,Upregulated
en_pcholpalme-hst1e,91.9714690209732,Upregulated
en_pe12_hst1e,91.9713925440776,Upregulated
en_pe13_hst1e,91.9713925440776,Upregulated
en_pe14_hst1e,91.9713925440776,Upregulated
en_pe15_hst1e,91.9713925440776,Upregulated
en_pe161_hst1e,91.9713925440776,Upregulated
en_pe17_hst1e,91.9713925440776,Upregulated
en_pe203_hst1e,91.9713925440776,Upregulated
en_pe226_hst1e,91.9713925440776,Upregulated
en_pe2linl_hst1e,91.9713925440776,Upregulated
en_pear_hst1e,91.9713925440776,Upregulated
en_pedh203_hst1e,91.9713925440776,Upregulated
en_pelinl_hst1e,91.9713925440776,Upregulated
en_peole_hst1e,91.9713925440776,Upregulated
en_pelpalm_hst1e,91.9713925440776,Upregulated
en_peste_hst1e,91.9713925440776,Upregulated
en_samhistae,58.9359783959121,Upregulated
en_ce2006te,103.963773631685,Upregulated
en_2hyoxplcte,150.657321483752,Upregulated
en_ppp9abcte,195.551206002484,Upregulated
en_sphs1pt2e,78.2866778826361,Upregulated
en_melatnte,68.4559924300859,Upregulated
en_c05769te2,179.973331046854,Upregulated
en_udpg4dopa,39.9472217296815,Upregulated
en_udpg3dopa,39.9472633332446,Upregulated
en_34dhpear,72.6528464487691,Upregulated
en_dopa4glcurt,39.9472217296815,Upregulated
en_dopa3glcurt,39.9472633332446,Upregulated
en_ce5026t,91.97145750649,Upregulated
en_ggte_1,91.97145750649,Upregulated
en_cysglyptasee_1,91.97145750649,Upregulated
en_dopaccl,112.551533711632,Upregulated
en_lacrox,139.406559510496,Upregulated
en_dacgst,112.551498714318,Upregulated
en_acer11r,69.7663970083543,Upregulated
en_acer12r,69.7663715400059,Upregulated
en_acer21g,69.7662891003883,Upregulated
en_acer22g,69.7663685705847,Upregulated
en_acer23g,83.9952659430494,Upregulated
en_acer31r,83.9952587206862,Upregulated
en_bgal1e,40.658777149712,Upregulated
en_bgal1l,82.5799055674814,Upregulated
en_bgal2l,70.0409467603437,Upregulated
en_bgal3l,70.4968683967182,Upregulated
en_des21,83.9953257726934,Upregulated
en_ga1tl,70.0409467603437,Upregulated
en_hexa2l,70.4968683967182,Upregulated
en_hexahbl,70.0409467603437,Upregulated
en_neu11l,82.5799055674814,Upregulated
en_neu21,69.7662628216414,Upregulated
en_neu23,69.7663961400828,Upregulated
en_neu24,69.7663482253912,Upregulated
en_neu310e,70.0409467603437,Upregulated
en_neu38n,38.3952846102074,Upregulated
en_neu39e,70.0409467603437,Upregulated
en_sphk11,83.9952576469651,Upregulated
en_sphk21n,7.0152639971472,Upregulated
en_sphk22n,6.45943102809984,Upregulated
en_phcrmtg,83.9952659430494,Upregulated
en_phcrmter,83.9952587206862,Upregulated
en_sphgntn,6.45943102809984,Upregulated
en_sphingstn,7.0152639971472,Upregulated
en_dhcrmtg,69.7663685705847,Upregulated
en_dhcrmter,69.7663715400059,Upregulated
en_phsphingstg,83.9952659430494,Upregulated
en_phsphingstr,83.9952587206862,Upregulated
en_phsgpl11c,83.9952576469651,Upregulated
en_dm_sph1p[n],6.45943102809984,Upregulated
en_dm_sphs1p[n],7.0152639971472,Upregulated
en_dm_gm1_hs[n],38.3952846102074,Upregulated
en_gd1atg,75.6145203503865,Upregulated
en_gd1atn,38.3952846102074,Upregulated
en_atptg,91.9714747528942,Upregulated
en_gd1btl,70.4968683967182,Upregulated
en_gd3tlc,70.4968683967182,Upregulated
en_dm_hhxdcal[c],83.9952576469651,Upregulated
en_hmr_0177,53.5694369433868,Upregulated
en_hmr_0178,53.5694369433868,Upregulated
en_hmr_0188,69.7663367010595,Upregulated
en_hmr_0189,69.7663367010595,Upregulated
en_hmr_0191,91.9714439186465,Upregulated
en_hmr_0192,69.7663538140791,Upregulated
en_hmr_0193,69.7663538140791,Upregulated
en_hmr_0194,91.9714439186465,Upregulated
en_hmr_0197,154.268902764409,Upregulated
en_hmr_0200,69.5204208609605,Upregulated
en_hmr_0201,47.2124023544911,Upregulated
en_hmr_0203,91.9714094137009,Upregulated
en_hmr_0204,69.7663795152742,Upregulated
en_hmr_0206,69.7663795152742,Upregulated
en_hmr_0207,91.9714094137009,Upregulated
en_hmr_0208,91.9714117153583,Upregulated
en_hmr_0209,69.7663395105639,Upregulated
en_hmr_0210,69.7663395105639,Upregulated
en_hmr_0211,91.9714117153583,Upregulated
en_hmr_0214,69.7663269739389,Upregulated
en_hmr_0215,91.9714098141135,Upregulated
en_hmr_0230,182.880971235646,Upregulated
en_hmr_0232,91.9714162462126,Upregulated
en_hmr_0233,69.7662487398593,Upregulated
en_hmr_0234,69.7662487398593,Upregulated
en_hmr_0235,91.9714162462126,Upregulated
en_hmr_0238,69.7663760223369,Upregulated
en_hmr_0239,91.9714948387705,Upregulated
en_hmr_0240,91.9714409971474,Upregulated
en_hmr_0241,69.7663445024397,Upregulated
en_hmr_0242,69.7663445024397,Upregulated
en_hmr_0243,91.9714409971474,Upregulated
en_hmr_0244,91.9714459186364,Upregulated
en_hmr_0245,69.7663390798983,Upregulated
en_hmr_0246,69.7663390798983,Upregulated
en_hmr_0247,91.9714459186364,Upregulated
en_hmr_0253,91.9714319454596,Upregulated
en_hmr_0254,91.9713969502055,Upregulated
en_hmr_0255,69.7663119613614,Upregulated
en_hmr_0256,69.7663119613614,Upregulated
en_hmr_0257,91.9713969502055,Upregulated
en_hmr_0259,69.766336790019,Upregulated
en_hmr_0260,69.7662851918777,Upregulated
en_hmr_0261,86.31675903592,Upregulated
en_hmr_0267,69.7663151524498,Upregulated
en_hmr_0268,114.648320706107,Upregulated
en_hmr_0270,91.9714370036515,Upregulated
en_hmr_0271,57.0881234899197,Upregulated
en_hmr_0272,57.0881234899197,Upregulated
en_hmr_0273,91.9714370036515,Upregulated
en_hmr_0276,87.9762503910861,Upregulated
en_hmr_0277,87.9762503910861,Upregulated
en_hmr_0278,91.9715825278076,Upregulated
en_hmr_0279,69.7664092867019,Upregulated
en_hmr_0280,69.7664092867019,Upregulated
en_hmr_0281,91.9715825278076,Upregulated
en_hmr_0287,91.9714193142139,Upregulated
en_hmr_0288,91.9716310143706,Upregulated
en_hmr_0289,69.7664012601835,Upregulated
en_hmr_0290,69.7664012601835,Upregulated
en_hmr_0291,91.9716310143706,Upregulated
en_hmr_0293,69.7661910735795,Upregulated
en_hmr_0296,91.9713549336094,Upregulated
en_hmr_0297,69.7663239438836,Upregulated
en_hmr_0298,69.7663239438836,Upregulated
en_hmr_0299,91.9713549336094,Upregulated
en_hmr_0300,91.9713740382541,Upregulated
en_hmr_0301,69.7663565433204,Upregulated
en_hmr_0302,69.7663565433204,Upregulated
en_hmr_0303,91.9713740382541,Upregulated
en_hmr_0304,91.9713577103665,Upregulated
en_hmr_0305,69.7663218033858,Upregulated
en_hmr_0306,69.7663218033858,Upregulated
en_hmr_0307,91.9713577103665,Upregulated
en_hmr_0308,91.9713740382541,Upregulated
en_hmr_0309,69.7663979831249,Upregulated
en_hmr_0310,69.7663979831249,Upregulated
en_hmr_0311,91.9713740382541,Upregulated
en_hmr_0317,91.9714087981559,Upregulated
en_hmr_0321,167.196819561747,Upregulated
en_hmr_0322,91.9722495486941,Upregulated
en_hmr_0323,69.7662555481622,Upregulated
en_hmr_0324,69.7662555481622,Upregulated
en_hmr_0325,91.9722495486941,Upregulated
en_hmr_0326,91.9722422670057,Upregulated
en_hmr_0327,69.7663896405159,Upregulated
en_hmr_0328,69.7663889074525,Upregulated
en_hmr_0329,91.9722441230531,Upregulated
en_hmr_0342,69.7663689846352,Upregulated
en_hmr_0343,91.971832448429,Upregulated
en_hmr_0344,91.9722386679697,Upregulated
en_hmr_0345,69.766369030769,Upregulated
en_hmr_0346,69.766369030769,Upregulated
en_hmr_0347,91.9722386679697,Upregulated
en_hmr_0350,7.74140170901332,Upregulated
en_hmr_0354,58.0362024919203,Upregulated
en_hmr_0358,69.7663491648242,Upregulated
en_hmr_0359,91.9715126731158,Upregulated
en_hmr_0362,380.506602105734,Upregulated
en_hmr_0363,106.150916891835,Upregulated
en_hmr_0366,76.8284438313083,Upregulated
en_hmr_0367,76.8284438313083,Upregulated
en_hmr_0370,69.7663225098404,Upregulated
en_hmr_0371,91.9714870652754,Upregulated
en_hmr_0374,69.7663225098404,Upregulated
en_hmr_0375,91.9714870652754,Upregulated
en_hmr_0378,72.6528513543269,Upregulated
en_hmr_0380,91.971423458993,Upregulated
en_hmr_0381,69.766325848749,Upregulated
en_hmr_0382,69.766325848749,Upregulated
en_hmr_0383,91.971423458993,Upregulated
en_hmr_0384,91.971423458993,Upregulated
en_hmr_0385,69.7663049679128,Upregulated
en_hmr_0386,69.7663049679128,Upregulated
en_hmr_0387,91.971423458993,Upregulated
en_hmr_0388,91.9714209493826,Upregulated
en_hmr_0389,69.7663633357028,Upregulated
en_hmr_0390,69.7663633357028,Upregulated
en_hmr_0391,91.9714209493826,Upregulated
en_hmr_0392,91.971423458993,Upregulated
en_hmr_0393,69.7663659148217,Upregulated
en_hmr_0394,69.7663659148217,Upregulated
en_hmr_0395,91.971423458993,Upregulated
en_hmr_0398,72.6528561136869,Upregulated
en_hmr_0402,72.6527750855944,Upregulated
en_hmr_0406,97.0266154028254,Upregulated
en_hmr_0410,110.964330806629,Upregulated
en_hmr_0415,91.9717953625893,Upregulated
en_hmr_0418,69.7663225098404,Upregulated
en_hmr_0419,91.9714144591539,Upregulated
en_hmr_0422,69.7663225098404,Upregulated
en_hmr_0423,91.9714144591539,Upregulated
en_hmr_0426,69.7663529095562,Upregulated
en_hmr_0427,91.9714144591539,Upregulated
en_hmr_0428,91.9714144591539,Upregulated
en_hmr_0429,69.7664278900824,Upregulated
en_hmr_0430,69.7664278900824,Upregulated
en_hmr_0431,91.9714144591539,Upregulated
en_hmr_0432,91.9714144591539,Upregulated
en_hmr_0433,69.7664286599932,Upregulated
en_hmr_0434,69.7664286599932,Upregulated
en_hmr_0435,91.9714144591539,Upregulated
en_hmr_0436,91.9714144591539,Upregulated
en_hmr_0437,69.7661954705957,Upregulated
en_hmr_0438,69.7661954705957,Upregulated
en_hmr_0439,91.9714144591539,Upregulated
en_hmr_0582,14.3410850291786,Upregulated
en_hmr_0593,91.9713808975633,Upregulated
en_hmr_0597,77.6082056998029,Upregulated
en_hmr_0598,77.6084492082007,Upregulated
en_hmr_0601,91.9713808975633,Upregulated
en_hmr_0614,77.6080875178965,Upregulated
en_hmr_0625,77.6082056998029,Upregulated
en_hmr_0629,77.6082056998029,Upregulated
en_hmr_0634,2.54731765887949,Upregulated
en_hmr_0642,77.6084492082007,Upregulated
en_hmr_0672,91.9713808975633,Upregulated
en_hmr_0678,91.9713808975633,Upregulated
en_hmr_0750,13.1635544716623,Upregulated
en_hmr_0758,12.5776138990607,Upregulated
en_hmr_0761,140.465010961191,Upregulated
en_hmr_0765,40.6588847043576,Upregulated
en_hmr_0767,88.8016060740007,Upregulated
en_hmr_0775,91.9714503834356,Upregulated
en_hmr_0783,78.2866778826361,Upregulated
en_hmr_0803,279.803454331722,Upregulated
en_hmr_0806,216.415365272355,Upregulated
en_hmr_0807,91.8339423273347,Upregulated
en_hmr_0808,216.415365272355,Upregulated
en_hmr_0810,216.415137029254,Upregulated
en_hmr_0811,216.415137029254,Upregulated
en_hmr_0815,216.415280353124,Upregulated
en_hmr_0816,40.6587636622203,Upregulated
en_hmr_0817,69.766277309182,Upregulated
en_hmr_0819,40.658767230865,Upregulated
en_hmr_0820,69.766302213201,Upregulated
en_hmr_0821,216.415431177698,Upregulated
en_hmr_0822,70.0409467603437,Upregulated
en_hmr_0823,69.7663850092101,Upregulated
en_hmr_0824,69.7663865196547,Upregulated
en_hmr_0825,69.7664075398512,Upregulated
en_hmr_0828,557.596618848745,Upregulated
en_hmr_0829,40.6587676483333,Upregulated
en_hmr_0830,40.6587708762486,Upregulated
en_hmr_0831,82.5799055674814,Upregulated
en_hmr_0835,82.5799055674814,Upregulated
en_hmr_0836,82.5799055674814,Upregulated
en_hmr_0837,69.7662716139719,Upregulated
en_hmr_0842,70.4968683967182,Upregulated
en_hmr_0843,70.4968683967182,Upregulated
en_hmr_0844,69.7663956046028,Upregulated
en_hmr_0847,11.0803551165122,Upregulated
en_hmr_0849,110.425276182766,Upregulated
en_hmr_0942,68.9040794985833,Upregulated
en_hmr_0946,68.904052543005,Upregulated
en_hmr_0950,68.2620748556366,Upregulated
en_hmr_0954,68.2620758192221,Upregulated
en_hmr_0960,78.8050129716946,Upregulated
en_hmr_0962,590.430422821625,Upregulated
en_hmr_0963,590.430422821625,Upregulated
en_hmr_0979,89.3893006192401,Upregulated
en_hmr_1127,80.0571492955904,Upregulated
en_hmr_1470,2.44328161983267,Upregulated
en_hmr_1473,2.44328161983267,Upregulated
en_hmr_1477,2.44328271780035,Upregulated
en_hmr_1478,2.44328271780035,Upregulated
en_hmr_1479,2.44328271780035,Upregulated
en_hmr_1490,2.44328275241771,Upregulated
en_hmr_1493,2.44328275241771,Upregulated
en_hmr_1494,2.44328275241771,Upregulated
en_hmr_1495,2.44328245291436,Upregulated
en_hmr_1496,2.44328493261385,Upregulated
en_hmr_1502,2.44328275303414,Upregulated
en_hmr_1503,2.44328275303414,Upregulated
en_hmr_1504,2.44328275303414,Upregulated
en_hmr_1505,2.44328275303414,Upregulated
en_hmr_1509,2.44328275303414,Upregulated
en_hmr_1512,2.44328275303414,Upregulated
en_hmr_1516,2.44328275303414,Upregulated
en_hmr_1536,5.04608757065011,Upregulated
en_hmr_1538,5.04608757065011,Upregulated
en_hmr_1539,5.04608757065011,Upregulated
en_hmr_1540,5.04608757065011,Upregulated
en_hmr_1543,5.04608757065011,Upregulated
en_hmr_1544,5.04608757065011,Upregulated
en_hmr_1545,5.04608757065011,Upregulated
en_hmr_1546,5.04608757065011,Upregulated
en_hmr_1547,5.04608757065011,Upregulated
en_hmr_1548,5.04608757065011,Upregulated
en_hmr_1549,5.04608757065011,Upregulated
en_hmr_1550,5.04608757065011,Upregulated
en_hmr_1551,5.04608757065011,Upregulated
en_hmr_1552,5.04608757065011,Upregulated
en_hmr_1627,28.0918107744447,Upregulated
en_hmr_1629,42.389164035938,Upregulated
en_hmr_1630,27.978266596512,Upregulated
en_hmr_1637,27.9782548047608,Upregulated
en_hmr_1651,27.9783791772647,Upregulated
en_hmr_1653,27.9783791772647,Upregulated
en_hmr_1665,42.3892363874739,Upregulated
en_hmr_1666,5.87353048180038,Upregulated
en_hmr_1681,80.3138055335525,Upregulated
en_hmr_1735,5015.18132718272,Upregulated
en_hmr_1737,774.197602840427,Upregulated
en_hmr_1738,774.197602840427,Upregulated
en_hmr_1739,774.197602840427,Upregulated
en_hmr_1740,774.197602840427,Upregulated
en_hmr_1742,774.197602840427,Upregulated
en_hmr_1744,774.197602840427,Upregulated
en_hmr_1746,774.197602840427,Upregulated
en_hmr_1748,774.197602840427,Upregulated
en_hmr_1750,774.197602840427,Upregulated
en_hmr_1752,774.197602840427,Upregulated
en_hmr_1754,774.197602840427,Upregulated
en_hmr_1758,774.197602840427,Upregulated
en_hmr_1760,774.197602840427,Upregulated
en_hmr_1762,2396.88022495293,Upregulated
en_hmr_1765,2396.88022495293,Upregulated
en_hmr_1766,2396.87992219682,Upregulated
en_hmr_1769,2396.87991562648,Upregulated
en_hmr_1771,2396.87991562648,Upregulated
en_hmr_1847,86.6801844195675,Upregulated
en_hmr_1916,91.9714301444114,Upregulated
en_hmr_2190,61.0410801992738,Upregulated
en_hmr_2193,61.0410801992738,Upregulated
en_hmr_2210,63.3970772366676,Upregulated
en_hmr_2211,74.9917288622288,Upregulated
en_hmr_2215,73.8569093063221,Upregulated
en_hmr_2217,73.8569093063221,Upregulated
en_hmr_2218,73.8569093063221,Upregulated
en_hmr_2219,73.8569093063221,Upregulated
en_hmr_2259,63.3935962888412,Upregulated
en_hmr_2260,63.3935962888412,Upregulated
en_hmr_2261,63.3935962888412,Upregulated
en_hmr_2262,63.3935962888412,Upregulated
en_hmr_2263,63.3936285778821,Upregulated
en_hmr_2264,63.3936285778821,Upregulated
en_hmr_2265,63.3936285778821,Upregulated
en_hmr_2266,63.3936285778821,Upregulated
en_hmr_2284,227.987170553571,Upregulated
en_hmr_2286,184.399107732157,Upregulated
en_hmr_2287,72.096711755306,Upregulated
en_hmr_2292,37.388166729984,Upregulated
en_hmr_2293,170.109785268543,Upregulated
en_hmr_2294,37.3881907597977,Upregulated
en_hmr_2295,78.8050176989836,Upregulated
en_hmr_2296,68.6605995427233,Upregulated
en_hmr_2332,42.0846178954853,Upregulated
en_hmr_2334,42.0846178954853,Upregulated
en_hmr_2336,42.0846178954853,Upregulated
en_hmr_2338,42.0846178954853,Upregulated
en_hmr_2342,63.3937066255159,Upregulated
en_hmr_2343,63.3937066255159,Upregulated
en_hmr_2344,63.3937066255159,Upregulated
en_hmr_2345,63.3937066255159,Upregulated
en_hmr_2347,65.5441509057846,Upregulated
en_hmr_2348,65.5441509057846,Upregulated
en_hmr_2349,65.5441509057846,Upregulated
en_hmr_2350,65.5441509057846,Upregulated
en_hmr_2353,64.7447119064889,Upregulated
en_hmr_2354,64.7447119064889,Upregulated
en_hmr_2355,64.7447119064889,Upregulated
en_hmr_2356,64.7447119064889,Upregulated
en_hmr_2359,33.8357416388704,Upregulated
en_hmr_2361,61.2666411558661,Upregulated
en_hmr_2362,61.2666411558661,Upregulated
en_hmr_2363,61.2666411558661,Upregulated
en_hmr_2364,61.2666411558661,Upregulated
en_hmr_2365,63.9083126593797,Upregulated
en_hmr_2368,80.3431032750115,Upregulated
en_hmr_2395,52.354846641328,Upregulated
en_hmr_2433,71.7143970712367,Upregulated
en_hmr_2434,71.7143970712367,Upregulated
en_hmr_2435,71.7143970712367,Upregulated
en_hmr_2436,71.7143970712367,Upregulated
en_hmr_2440,103.963773631685,Upregulated
en_hmr_2457,84.1443524664927,Upregulated
en_hmr_2472,61.9532313139306,Upregulated
en_hmr_2484,66.6888538091007,Upregulated
en_hmr_2530,54.1863387598814,Upregulated
en_hmr_2533,54.1863387598814,Upregulated
en_hmr_2535,54.1863387598814,Upregulated
en_hmr_2537,54.1863387598814,Upregulated
en_hmr_2540,58.228334695074,Upregulated
en_hmr_2541,58.228334695074,Upregulated
en_hmr_2542,58.228334695074,Upregulated
en_hmr_2543,58.228334695074,Upregulated
en_hmr_2569,269.353265793914,Upregulated
en_hmr_2602,132.932991704167,Upregulated
en_hmr_2603,132.932991704167,Upregulated
en_hmr_2604,132.932991704167,Upregulated
en_hmr_2620,227.987306364831,Upregulated
en_hmr_2633,72.096711755306,Upregulated
en_hmr_2635,8.86291837614183,Upregulated
en_hmr_2657,37.3881971863969,Upregulated
en_hmr_2660,104.351879894682,Upregulated
en_hmr_2661,104.351879894682,Upregulated
en_hmr_2662,104.351879894682,Upregulated
en_hmr_2666,102.464134140941,Upregulated
en_hmr_2669,68.6606204420951,Upregulated
en_hmr_2675,63.3936154337985,Upregulated
en_hmr_2676,63.3936154337985,Upregulated
en_hmr_2677,63.3936154337985,Upregulated
en_hmr_2681,63.3937066255159,Upregulated
en_hmr_2684,34.925671217981,Upregulated
en_hmr_2685,34.925671217981,Upregulated
en_hmr_2686,34.925671217981,Upregulated
en_hmr_2687,65.5441227526474,Upregulated
en_hmr_2690,61.2667041425644,Upregulated
en_hmr_2691,61.2667041425644,Upregulated
en_hmr_2693,63.9083126593797,Upregulated
en_hmr_2695,63.9083126593797,Upregulated
en_hmr_2701,63.3936280759704,Upregulated
en_hmr_2703,83.1257193047091,Upregulated
en_hmr_2705,63.3970917300349,Upregulated
en_hmr_2708,64.7447119064889,Upregulated
en_hmr_2733,54.1863362469488,Upregulated
en_hmr_2734,54.1863362469488,Upregulated
en_hmr_2736,58.228334695074,Upregulated
en_hmr_2737,58.228334695074,Upregulated
en_hmr_2739,56.7986900541158,Upregulated
en_hmr_2740,56.7986900541158,Upregulated
en_hmr_2768,69.8776583466474,Upregulated
en_hmr_2771,71.7143970706525,Upregulated
en_hmr_2772,71.7143970706525,Upregulated
en_hmr_2774,58.228316499623,Upregulated
en_hmr_2775,58.228316499623,Upregulated
en_hmr_2817,9.12643061829164,Upregulated
en_hmr_2821,6.14878249083874,Upregulated
en_hmr_2827,6.14878249083874,Upregulated
en_hmr_2857,62.0249097527684,Upregulated
en_hmr_2861,58.7103867890193,Upregulated
en_hmr_2862,58.7103867890193,Upregulated
en_hmr_2865,269.353271825597,Upregulated
en_hmr_2866,269.353271825597,Upregulated
en_hmr_2942,69.7663615253119,Upregulated
en_hmr_2943,69.7663615253119,Upregulated
en_hmr_2944,69.7663615253119,Upregulated
en_hmr_2945,69.7663615253119,Upregulated
en_hmr_2946,69.7663615253119,Upregulated
en_hmr_2947,69.7663615253119,Upregulated
en_hmr_2948,69.7663615253119,Upregulated
en_hmr_2951,69.7663615253119,Upregulated
en_hmr_2954,69.7663615253119,Upregulated
en_hmr_2955,69.7663615253119,Upregulated
en_hmr_2956,69.7663615253119,Upregulated
en_hmr_2961,69.7663615253119,Upregulated
en_hmr_2962,69.7663615253119,Upregulated
en_hmr_2963,69.7663615253119,Upregulated
en_hmr_2964,69.7663615253119,Upregulated
en_hmr_2965,69.7663615253119,Upregulated
en_hmr_2966,69.7663615253119,Upregulated
en_hmr_2967,69.7663662026807,Upregulated
en_hmr_2968,69.7663615253119,Upregulated
en_hmr_2969,69.7663615253119,Upregulated
en_hmr_2970,69.7663615253119,Upregulated
en_hmr_2971,69.7663686617866,Upregulated
en_hmr_2972,69.7663615253119,Upregulated
en_hmr_2973,69.7663582207613,Upregulated
en_hmr_2974,69.7663610213765,Upregulated
en_hmr_2975,69.7663603864914,Upregulated
en_hmr_2976,69.7663603864914,Upregulated
en_hmr_2977,69.7663603864914,Upregulated
en_hmr_2978,69.7663610213765,Upregulated
en_hmr_2979,69.7663603864914,Upregulated
en_hmr_2980,69.7663603864914,Upregulated
en_hmr_2982,65.0731780707172,Upregulated
en_hmr_2983,69.7663451695185,Upregulated
en_hmr_2985,69.7663451695185,Upregulated
en_hmr_2986,69.7663453446027,Upregulated
en_hmr_2988,69.7663453446027,Upregulated
en_hmr_2989,69.7663453446027,Upregulated
en_hmr_2990,69.7663453446027,Upregulated
en_hmr_2994,69.7663847388764,Upregulated
en_hmr_2998,69.7663451695185,Upregulated
en_hmr_2999,69.7663453446027,Upregulated
en_hmr_3001,69.7663453446027,Upregulated
en_hmr_3002,69.7663446982637,Upregulated
en_hmr_3003,69.7663453446027,Upregulated
en_hmr_3021,50.5726256164685,Upregulated
en_hmr_3023,42.0846178954853,Upregulated
en_hmr_3053,50.5726256226518,Upregulated
en_hmr_3057,73.8569093063221,Upregulated
en_hmr_3058,73.8569093063221,Upregulated
en_hmr_3059,73.8569093063221,Upregulated
en_hmr_3062,73.8569093063221,Upregulated
en_hmr_3063,73.8569093063221,Upregulated
en_hmr_3064,73.8569093063221,Upregulated
en_hmr_3065,73.8569093063221,Upregulated
en_hmr_3066,73.8569093063221,Upregulated
en_hmr_3067,73.8569093063221,Upregulated
en_hmr_3068,73.8569093063221,Upregulated
en_hmr_3069,73.8569093063221,Upregulated
en_hmr_3070,73.8569093063221,Upregulated
en_hmr_3071,73.8569093063221,Upregulated
en_hmr_3072,73.8569093063221,Upregulated
en_hmr_3073,73.8569093063221,Upregulated
en_hmr_3074,73.8569093063221,Upregulated
en_hmr_3075,73.8569093063221,Upregulated
en_hmr_3076,73.8569093063221,Upregulated
en_hmr_3094,0.0319675162117094,Downregulated
en_hmr_3095,0.0319675162117094,Downregulated
en_hmr_3096,0.0319675162117094,Downregulated
en_hmr_3097,0.0319675162117094,Downregulated
en_hmr_3098,0.0324935864970988,Downregulated
en_hmr_3111,48.530378467436,Upregulated
en_hmr_3112,48.530378467436,Upregulated
en_hmr_3113,48.530378467436,Upregulated
en_hmr_3114,48.530378467436,Upregulated
en_hmr_3170,63.3936280759704,Upregulated
en_hmr_3171,63.3936280759704,Upregulated
en_hmr_3172,63.3936280759704,Upregulated
en_hmr_3173,63.3936280759704,Upregulated
en_hmr_3174,63.3935974343362,Upregulated
en_hmr_3175,63.3935974343362,Upregulated
en_hmr_3176,63.3935974343362,Upregulated
en_hmr_3177,63.3935974343362,Upregulated
en_hmr_3194,53.6870575056195,Upregulated
en_hmr_3195,53.6870575056195,Upregulated
en_hmr_3196,53.6870575056195,Upregulated
en_hmr_3197,53.6870575056195,Upregulated
en_hmr_3198,53.6870575056195,Upregulated
en_hmr_3199,53.6870575056195,Upregulated
en_hmr_3200,53.6870575056195,Upregulated
en_hmr_3201,53.6870575056195,Upregulated
en_hmr_3202,53.6870575056195,Upregulated
en_hmr_3203,53.6870575056195,Upregulated
en_hmr_3204,53.6870575056195,Upregulated
en_hmr_3205,53.6870575056195,Upregulated
en_hmr_3218,63.3970917300349,Upregulated
en_hmr_3219,63.3970917300349,Upregulated
en_hmr_3220,63.3970917300349,Upregulated
en_hmr_3221,63.3970917300349,Upregulated
en_hmr_3222,20.9442655331149,Upregulated
en_hmr_3223,20.9442655331149,Upregulated
en_hmr_3224,20.9442655331149,Upregulated
en_hmr_3225,20.9442655331149,Upregulated
en_hmr_3229,0.497315739057672,Downregulated
en_hmr_3230,1139.20265079824,Upregulated
en_hmr_3231,1139.20265079824,Upregulated
en_hmr_3232,1139.20265079824,Upregulated
en_hmr_3233,1139.20265079824,Upregulated
en_hmr_3234,1096.22976896679,Upregulated
en_hmr_3235,1096.22976896679,Upregulated
en_hmr_3236,1096.22976896679,Upregulated
en_hmr_3237,1096.22976896679,Upregulated
en_hmr_3240,63.3937066255159,Upregulated
en_hmr_3241,63.3937066255159,Upregulated
en_hmr_3242,63.3937066255159,Upregulated
en_hmr_3243,63.3937066255159,Upregulated
en_hmr_3244,170.109686979581,Upregulated
en_hmr_3245,170.109686979581,Upregulated
en_hmr_3246,170.109686979581,Upregulated
en_hmr_3247,170.109686979581,Upregulated
en_hmr_3296,41.0397590864729,Upregulated
en_hmr_3326,42.0846178954853,Upregulated
en_hmr_3327,42.0846178954853,Upregulated
en_hmr_3328,42.0846178954853,Upregulated
en_hmr_3329,42.0846178954853,Upregulated
en_hmr_3330,42.0846178954853,Upregulated
en_hmr_3331,42.0846178954853,Upregulated
en_hmr_3332,42.0846178954853,Upregulated
en_hmr_3333,42.0846178954853,Upregulated
en_hmr_3334,42.0846178954853,Upregulated
en_hmr_3335,42.0846178954853,Upregulated
en_hmr_3336,42.0846178954853,Upregulated
en_hmr_3337,42.0846178954853,Upregulated
en_hmr_3338,42.0846178954853,Upregulated
en_hmr_3339,42.0846178954853,Upregulated
en_hmr_3340,42.0846178954853,Upregulated
en_hmr_3341,42.0846178954853,Upregulated
en_hmr_3342,42.0846178954853,Upregulated
en_hmr_3343,42.0846178954853,Upregulated
en_hmr_3344,42.0846178954853,Upregulated
en_hmr_3345,42.0846178954853,Upregulated
en_hmr_3346,42.0846178954853,Upregulated
en_hmr_3347,42.0846178954853,Upregulated
en_hmr_3348,42.0846178954853,Upregulated
en_hmr_3349,42.0846178954853,Upregulated
en_hmr_3350,42.0846178954853,Upregulated
en_hmr_3351,42.0846178954853,Upregulated
en_hmr_3352,42.0846178954853,Upregulated
en_hmr_3353,42.0846178954853,Upregulated
en_hmr_3398,36.8943928645533,Upregulated
en_hmr_3406,5.41909545992669,Upregulated
en_hmr_3407,52.4193614194337,Upregulated
en_hmr_3408,68.6606204420951,Upregulated
en_hmr_3409,57.7317545308634,Upregulated
en_hmr_3411,65.5441227526474,Upregulated
en_hmr_3413,61.2667041425644,Upregulated
en_hmr_3414,63.9083126593797,Upregulated
en_hmr_3416,64.7447119064889,Upregulated
en_hmr_3421,58.6976295791441,Upregulated
en_hmr_3422,64.4918252417561,Upregulated
en_hmr_3423,69.8776583475097,Upregulated
en_hmr_3424,71.7143970712367,Upregulated
en_hmr_3425,58.228316499623,Upregulated
en_hmr_3426,21.0554586386896,Upregulated
en_hmr_3427,51.7052417093965,Upregulated
en_hmr_3428,11.9458091799765,Upregulated
en_hmr_3429,51.7024130392493,Upregulated
en_hmr_3431,54.1863362469488,Upregulated
en_hmr_3432,58.228334695074,Upregulated
en_hmr_3433,56.7986900541158,Upregulated
en_hmr_3446,66.2292701914353,Upregulated
en_hmr_3447,66.2292701914353,Upregulated
en_hmr_3449,40.9245995425324,Upregulated
en_hmr_3450,40.9245995425324,Upregulated
en_hmr_3451,40.9245995425324,Upregulated
en_hmr_3452,52.4271772224821,Upregulated
en_hmr_3453,52.4271772224821,Upregulated
en_hmr_3454,52.4271772224821,Upregulated
en_hmr_3456,52.4271772224821,Upregulated
en_hmr_3457,52.4271772224821,Upregulated
en_hmr_3491,63.6037824648074,Upregulated
en_hmr_3625,69.7663615253119,Upregulated
en_hmr_3626,69.7663615253119,Upregulated
en_hmr_3627,69.7663615253119,Upregulated
en_hmr_3628,69.7663615253119,Upregulated
en_hmr_3629,69.7663615253119,Upregulated
en_hmr_3630,69.7663615253119,Upregulated
en_hmr_3631,69.7663615253119,Upregulated
en_hmr_3633,69.7663615253119,Upregulated
en_hmr_3635,69.7663615253119,Upregulated
en_hmr_3636,69.7663615253119,Upregulated
en_hmr_3637,69.7663615253119,Upregulated
en_hmr_3639,69.7663615253119,Upregulated
en_hmr_3640,69.7663615253119,Upregulated
en_hmr_3642,69.7663615253119,Upregulated
en_hmr_3644,69.7663615253119,Upregulated
en_hmr_3645,69.7663615253119,Upregulated
en_hmr_3646,69.7663615253119,Upregulated
en_hmr_3647,69.7663615253119,Upregulated
en_hmr_3648,69.7663662026807,Upregulated
en_hmr_3649,69.7663615253119,Upregulated
en_hmr_3650,69.7663615253119,Upregulated
en_hmr_3651,69.7663686617866,Upregulated
en_hmr_3652,69.7663615253119,Upregulated
en_hmr_3654,69.7663610213765,Upregulated
en_hmr_3655,69.7663603864914,Upregulated
en_hmr_3656,69.7663603864914,Upregulated
en_hmr_3657,69.7663603864914,Upregulated
en_hmr_3658,69.7663610213765,Upregulated
en_hmr_3659,69.7663603864914,Upregulated
en_hmr_3660,69.7663603864914,Upregulated
en_hmr_3662,58.0361699139454,Upregulated
en_hmr_3663,69.7663451695185,Upregulated
en_hmr_3664,380.506296056874,Upregulated
en_hmr_3665,69.7663451695185,Upregulated
en_hmr_3666,69.7663453446027,Upregulated
en_hmr_3667,69.7668964424349,Upregulated
en_hmr_3668,69.7663453446027,Upregulated
en_hmr_3669,69.7663453446027,Upregulated
en_hmr_3670,69.7663453446027,Upregulated
en_hmr_3675,69.7663847388764,Upregulated
en_hmr_3677,69.7663451695185,Upregulated
en_hmr_3678,69.7663453446027,Upregulated
en_hmr_3679,69.7661024714845,Upregulated
en_hmr_3680,69.7663453446027,Upregulated
en_hmr_3681,69.7663446982637,Upregulated
en_hmr_3682,69.7663453446027,Upregulated
en_hmr_3684,69.7663615253119,Upregulated
en_hmr_3685,69.7663615253119,Upregulated
en_hmr_3686,69.7663615253119,Upregulated
en_hmr_3687,69.7663615253119,Upregulated
en_hmr_3688,69.7663615253119,Upregulated
en_hmr_3689,69.7663615253119,Upregulated
en_hmr_3690,69.7663615253119,Upregulated
en_hmr_3692,69.7663615253119,Upregulated
en_hmr_3694,69.7663615253119,Upregulated
en_hmr_3695,69.7663615253119,Upregulated
en_hmr_3696,69.7663615253119,Upregulated
en_hmr_3698,69.7663615253119,Upregulated
en_hmr_3699,69.7663615253119,Upregulated
en_hmr_3701,69.7663615253119,Upregulated
en_hmr_3703,69.7663615253119,Upregulated
en_hmr_3704,69.7663615253119,Upregulated
en_hmr_3705,69.7663615253119,Upregulated
en_hmr_3706,69.7663615253119,Upregulated
en_hmr_3707,69.7663662026807,Upregulated
en_hmr_3708,69.7663615253119,Upregulated
en_hmr_3709,69.7663615253119,Upregulated
en_hmr_3710,69.7663686617866,Upregulated
en_hmr_3711,69.7663615253119,Upregulated
en_hmr_3713,69.7663610213765,Upregulated
en_hmr_3714,69.7663603864914,Upregulated
en_hmr_3715,69.7663603864914,Upregulated
en_hmr_3716,69.7663603864914,Upregulated
en_hmr_3717,69.7663610213765,Upregulated
en_hmr_3718,69.7663603864914,Upregulated
en_hmr_3719,69.7663603864914,Upregulated
en_hmr_3721,58.0361699139454,Upregulated
en_hmr_3722,69.7663451695185,Upregulated
en_hmr_3723,380.506296056874,Upregulated
en_hmr_3724,69.7663451695185,Upregulated
en_hmr_3725,69.7663453446027,Upregulated
en_hmr_3726,69.7668964424349,Upregulated
en_hmr_3727,69.7663453446027,Upregulated
en_hmr_3728,69.7663453446027,Upregulated
en_hmr_3729,69.7663453446027,Upregulated
en_hmr_3734,69.7663847388764,Upregulated
en_hmr_3736,69.7663451695185,Upregulated
en_hmr_3737,69.7663453446027,Upregulated
en_hmr_3738,69.7661024714845,Upregulated
en_hmr_3739,69.7663453446027,Upregulated
en_hmr_3740,69.7663446982637,Upregulated
en_hmr_3741,69.7663453446027,Upregulated
en_hmr_3831,597.898637705597,Upregulated
en_hmr_3915,92.3428294785644,Upregulated
en_hmr_3966,64.0030086292365,Upregulated
en_hmr_4078,126.142094929965,Upregulated
en_hmr_4079,126.142116355541,Upregulated
en_hmr_4124,54.4123634567443,Upregulated
en_hmr_4266,32.5659874361586,Upregulated
en_hmr_4592,54.4123770900034,Upregulated
en_hmr_4630,118.047100312455,Upregulated
en_hmr_4696,72.4709636970333,Upregulated
en_hmr_4757,195.551206002484,Upregulated
en_hmr_4764,169.514458171611,Upregulated
en_hmr_4776,95.2912141119422,Upregulated
en_hmr_4777,93.7739495359231,Upregulated
en_hmr_5387,115.465012870686,Upregulated
en_hmr_5389,115.465012870686,Upregulated
en_hmr_5420,169.51449336131,Upregulated
en_hmr_6385,40.6588847043576,Upregulated
en_hmr_6511,54.126264395233,Upregulated
en_hmr_6515,21.7993147364007,Upregulated
en_hmr_6545,91.9714064020374,Upregulated
en_hmr_6550,183.943058779466,Upregulated
en_hmr_6558,91.9713213638421,Upregulated
en_hmr_6564,91.9714625731499,Upregulated
en_hmr_6572,286.279339343439,Upregulated
en_hmr_6584,91.9714747528942,Upregulated
en_hmr_6595,91.9715244363533,Upregulated
en_hmr_6629,13.1295363165404,Upregulated
en_hmr_6632,13.1295263419981,Upregulated
en_hmr_6633,13.1295253812474,Upregulated
en_hmr_6647,13.1295323319275,Upregulated
en_hmr_6729,150.195724734125,Upregulated
en_hmr_6755,205.158534967876,Upregulated
en_hmr_6826,77.608158016388,Upregulated
en_hmr_6838,77.60822021116,Upregulated
en_hmr_6839,77.608139111756,Upregulated
en_hmr_6844,77.608118143544,Upregulated
en_hmr_6850,77.608118143544,Upregulated
en_hmr_6907,88.8931930112937,Upregulated
en_hmr_6908,88.8931930112937,Upregulated
en_hmr_6909,88.8931930112937,Upregulated
en_hmr_6910,88.8931930112937,Upregulated
en_hmr_7198,54.4123729710637,Upregulated
en_hmr_7278,17.1716167390575,Upregulated
en_hmr_7628,62.3106423507231,Upregulated
en_hmr_7652,91.9717557987412,Upregulated
en_hmr_7703,139.463050701262,Upregulated
en_hmr_7715,91.9710946164783,Upregulated
en_hmr_7720,91.9714661066419,Upregulated
en_hmr_7724,91.9715038223827,Upregulated
en_hmr_7755,40.6768351303992,Upregulated
en_hmr_7756,62.3106423507231,Upregulated
en_hmr_7757,124.399414415957,Upregulated
en_hmr_8395,71.2444893710704,Upregulated
en_hmr_8397,94.9048379260018,Upregulated
en_hmr_8399,71.2445061187732,Upregulated
en_hmr_8562,175.357915862827,Upregulated
en_hmr_8776,158.103544973828,Upregulated
en_hmr_9625,71.2444813482669,Upregulated
en_hmr_9627,40.6588847043576,Upregulated
en_hmr_9639,84.5134518290947,Upregulated
en_hmr_9640,40.658777149712,Upregulated
en_hmr_9676,175.357915862827,Upregulated
en_hmr_9678,21.9813907596402,Upregulated
en_hmr_9680,2.14440049378864,Upregulated
en_hmr_9716,70.9726080766095,Upregulated
en_hmr_9719,11.9458229594793,Upregulated
en_hmr_9803,64.0031433267385,Upregulated
en_hmr_2957,69.7663565671729,Upregulated
en_hmr_6580,91.9714747528942,Upregulated
en_hmr_1635,27.9782548047608,Upregulated
en_hmr_1484,2.44328275241771,Upregulated
en_hmr_1467,2.44328161983267,Upregulated
en_hmr_1644,27.9783791772647,Upregulated
en_hmr_4772,179.973331046854,Upregulated
en_hmr_1500,2.44328275303414,Upregulated
en_12dhcholabc,91.9713369880827,Upregulated
en_12dhcholt,91.9713369880827,Upregulated
en_7dhcdcholabc,91.9713487484293,Upregulated
en_7dhcdcholt,91.9713487484293,Upregulated
en_7dhcholabc,91.9714367757512,Upregulated
en_7dhcholt,91.9714367757512,Upregulated
en_coprostabc,91.9714270598536,Upregulated
en_coprostt,91.9714270598536,Upregulated
en_icdcholabc,91.9713409133546,Upregulated
en_icdcholt,91.9713409133546,Upregulated
en_isocholabc,91.9713409133546,Upregulated
en_isocholt,91.9713409133546,Upregulated
en_ucholabc,91.9713648909929,Upregulated
en_ucholt,91.9713648909929,Upregulated
en_crvsm1hr,15.5523318570333,Upregulated
en_crvsm23hr,15.5523318570333,Upregulated
en_cvm1gluchc,15.5523318570333,Upregulated
en_cvm23gluchc,15.5523318570333,Upregulated
en_smvacidhep,15.5523321397301,Upregulated
en_smvgluchep,15.5523321397301,Upregulated
en_sink_leu_l[c],11.5125918736647,Upregulated
en_sink_arg_l[c],5.95594194132787,Upregulated
en_sink_gln_l[c],3435.86271285834,Upregulated
en_sink_pro_l[c],2.23325947357503,Upregulated
en_sink_4abut[l],196.747218091861,Upregulated
en_dm_4glu56dihdind[c],112.551489103775,Upregulated
en_dm_4abut[c],216.415361536968,Upregulated
en_cyor_u10mi,320.021981462764,Upregulated
en_cyoom3i,320.026517643231,Upregulated
tr1mncam[e]_en2bl,7.57765738763825,Upregulated
tr2hb[e]_en2bl,23.9186299127611,Upregulated
tr34dhoxpeg[e]_en2bl,189.052098585443,Upregulated
tr3mlda[e]_en2bl,76.3762326035895,Upregulated
trade[e]_en2bl,65.3181566010687,Upregulated
trala_b[e]_en2bl,126.142106035539,Upregulated
trbilirub[e]_en2bl,169.514565479199,Upregulated
troxa[e]_en2bl,164.422186479253,Upregulated
trclpnd[e]_en2bl,76.8284438313083,Upregulated
trco[e]_en2bl,169.51449336131,Upregulated
trcrvnc[e]_en2bl,72.6528125486672,Upregulated
trdopasf[e]_en2bl,86.7537699759531,Upregulated
trelaid[e]_en2bl,122.885852339318,Upregulated
trglyc_s[e]_en2bl,46.8154847649429,Upregulated
trgthox[e]_en2bl,85.3786845019742,Upregulated
trhdcea[e]_en2bl,223.76602885812,Upregulated
trleuktrb4[e]_en2bl,78.8050508920119,Upregulated
trlneldc[e]_en2bl,87.9762503910861,Upregulated
trlnlncg[e]_en2bl,72.6528111286959,Upregulated
trnrpphrsf[e]_en2bl,86.4831048951391,Upregulated
trretnglc[e]_en2bl,13.1295323503903,Upregulated
trtmndnc[e]_en2bl,106.150916891835,Upregulated
trtsul[e]_en2bl,21.7993147364007,Upregulated
trtymsf[e]_en2bl,84.2096951644551,Upregulated
trnac[e]_en2bl,913.324452850156,Upregulated
trorn[e]_en2bl,191.308407218977,Upregulated
trribflv[e]_en2bl,145.139806157389,Upregulated
trurea[e]_en2bl,84.5134467115244,Upregulated
trprpp[e]_en2bl,71.9757946632823,Upregulated
trco2[e]_en2bl,5561.31943787002,Upregulated
trce0074[e]_en2bl,84.5134518290947,Upregulated
trq10h2[e]_en2bl,88.8963552737149,Upregulated
tr5mta[e]_en2bl,171.696355468452,Upregulated
tridour[e]_en2bl,57.6136181653509,Upregulated
trcala[e]_en2bl,0.187229984539915,Downregulated
trl2aadp[e]_en2bl,47.5884826700098,Upregulated
trpcholmyr_hs[e]_en2bl,21.2282291448104,Upregulated
trpcholole_hs[e]_en2bl,21.2282065886843,Upregulated
trpcholste_hs[e]_en2bl,21.2281972284236,Upregulated
trpcholn204_hs[e]_en2bl,21.2281971711251,Upregulated
trpcholn24_hs[e]_en2bl,21.2282557595851,Upregulated
trpcholhep_hs[e]_en2bl,21.2282153268774,Upregulated
tr4aabutn[e]_en2bl,56.802392491265,Upregulated
trc14768[e]_en2bl,68.9040794985833,Upregulated
trc14769[e]_en2bl,68.904052543005,Upregulated
trc14770[e]_en2bl,68.2620748556366,Upregulated
trc14771[e]_en2bl,68.2620758192221,Upregulated
trc14826[e]_en2bl,84.1443524664927,Upregulated
trce2445[e]_en2bl,89.3892593399955,Upregulated
trleuktrb4woh[e]_en2bl,88.136667896339,Upregulated
trind3ac[e]_en2bl,233.730597885337,Upregulated
trpheacgly[e]_en2bl,63.2831404247516,Upregulated
trdhbpt[e]_en2bl,104.96923249525,Upregulated
trhomoval[e]_en2bl,15.4016902254705,Upregulated
tracgal[e]_en2bl,216.415475579178,Upregulated
trglcr[e]_en2bl,16.6912461096623,Upregulated
tr2hyoxplac[e]_en2bl,150.657321483752,Upregulated
tr2m3hvac[e]_en2bl,6141.55695559781,Upregulated
tr3ohsebac[e]_en2bl,69.7711172145899,Upregulated
tr3ohsubac[e]_en2bl,69.3978877464245,Upregulated
trhexgly[e]_en2bl,338.552442351507,Upregulated
trsubgly[e]_en2bl,70.6319962962294,Upregulated
trc05769[e]_en2bl,179.973331046854,Upregulated
trmhista[e]_en2bl,58.9359783959121,Upregulated
trce2006[e]_en2bl,103.963773631685,Upregulated
trppp9[e]_en2bl,195.551206002484,Upregulated
trmelatn[e]_en2bl,68.4559924300859,Upregulated
trim4ac[e]_en2bl,233.730586871119,Upregulated
trdopa4glcur[e]_en2bl,39.9472217296815,Upregulated
trdopa3glcur[e]_en2bl,39.9472633332446,Upregulated
tr34dhpe[e]_en2bl,72.6528464487691,Upregulated
trc01601[e]_en2bl,103.963693459846,Upregulated
diet_ex_2425dhvitd3[e],36.3510943585416,Upregulated
diet_ex_2hb[e],0.496288321005375,Downregulated
diet_ex_3mlda[e],56.2445751432832,Upregulated
diet_ex_4pyrdx[e],29.5266116189959,Upregulated
diet_ex_acetone[e],0.0861542962287494,Downregulated
diet_ex_acn13acngalgbside_hs[e],56.3379036212645,Upregulated
diet_ex_acnacngalgbside_hs[e],56.2578416346887,Upregulated
diet_ex_lys_l[e],2.14617249582482,Upregulated
diet_ex_amp[e],11.7155982098458,Upregulated
diet_ex_ala_b[e],210.306038821464,Upregulated
diet_ex_bilirub[e],84.6635248497532,Upregulated
diet_ex_oxa[e],114.117660465624,Upregulated
diet_ex_clpnd[e],51.4501512062815,Upregulated
diet_ex_co[e],84.6635424090343,Upregulated
diet_ex_crvnc[e],62.1164823383569,Upregulated
diet_ex_dopasf[e],79.7133556091613,Upregulated
diet_ex_elaid[e],57.1555981668639,Upregulated
diet_ex_35cgmp[e],63.0878683789032,Upregulated
diet_ex_3aib[e],56.214978431677,Upregulated
diet_ex_4hphac[e],83.4249726247599,Upregulated
diet_ex_camp[e],59.9807052147937,Upregulated
diet_ex_fucgalgbside_hs[e],29.8058222366133,Upregulated
diet_ex_gthox[e],85.378627590401,Upregulated
diet_ex_hdcea[e],65.4111965362984,Upregulated
diet_ex_leuktrd4[e],17.1091856998571,Upregulated
diet_ex_leuktre4[e],137.221230839454,Upregulated
diet_ex_lneldc[e],87.9762503910861,Upregulated
diet_ex_lnlncg[e],13426.6714549213,Upregulated
diet_ex_no[e],71.1624148694769,Upregulated
diet_ex_nrpphrsf[e],86.4831048951391,Upregulated
diet_ex_prostge1[e],264.371157773777,Upregulated
diet_ex_prostge2[e],95.4446698168753,Upregulated
diet_ex_retnglc[e],2.59102342236885,Upregulated
diet_ex_thym[e],41.4697553760397,Upregulated
diet_ex_tmndnc[e],106.150916891835,Upregulated
diet_ex_tsul[e],21.7993305602843,Upregulated
diet_ex_ttdca[e],17.7534545047404,Upregulated
diet_ex_tymsf[e],84.2096950212767,Upregulated
diet_ex_xoltri27[e],221.700056047223,Upregulated
diet_ex_ribflv[e],144.931773947429,Upregulated
diet_ex_prpp[e],71.9757946632823,Upregulated
diet_ex_ppi[e],34.6051336482862,Upregulated
diet_ex_hc02205[e],12.3058659629276,Upregulated
diet_ex_hc02213[e],64.4230529070316,Upregulated
diet_ex_ce0074[e],102.836642214997,Upregulated
diet_ex_docosdiac[e],105.342484703276,Upregulated
diet_ex_slfcys[e],102.614438440886,Upregulated
diet_ex_q10h2[e],88.8966148070747,Upregulated
diet_ex_5mta[e],77.6465285797383,Upregulated
diet_ex_idour[e],54.72904637792,Upregulated
diet_ex_cala[e],3.12930679400131,Upregulated
diet_ex_l2aadp[e],47.5884826700098,Upregulated
diet_ex_pcholmyr_hs[e],21.2281730863114,Upregulated
diet_ex_pcholole_hs[e],21.2282123428427,Upregulated
diet_ex_pcholste_hs[e],21.2282181286662,Upregulated
diet_ex_pcholn204_hs[e],21.2282037257567,Upregulated
diet_ex_pcholn24_hs[e],21.2282191985999,Upregulated
diet_ex_pcholhep_hs[e],21.2282297008892,Upregulated
diet_ex_4aabutn[e],48.8903240962901,Upregulated
diet_ex_c06314[e],137.758631727126,Upregulated
diet_ex_c14768[e],65.2991936044865,Upregulated
diet_ex_c14769[e],65.2992399884668,Upregulated
diet_ex_c14770[e],68.2620706195785,Upregulated
diet_ex_c14771[e],68.2620381489608,Upregulated
diet_ex_c14826[e],69.1555468414806,Upregulated
diet_ex_ce2445[e],89.3893176247309,Upregulated
diet_ex_dodecanac[e],38.3086322460259,Upregulated
diet_ex_leuktrb4wcooh[e],32.2784602031471,Upregulated
diet_ex_leuktrb4woh[e],88.1365956060629,Upregulated
diet_ex_subeac[e],51.1321171673328,Upregulated
diet_ex_glyclt[e],64.6603604646586,Upregulated
diet_ex_ind3ac[e],155.345981025649,Upregulated
diet_ex_pac[e],96.3665186279404,Upregulated
diet_ex_pheacgly[e],63.2831352956782,Upregulated
diet_ex_dhbpt[e],75.9105343279235,Upregulated
diet_ex_argglygly[e],2.97797095559607,Upregulated
diet_ex_homoval[e],15.4111021046034,Upregulated
diet_ex_acgal[e],71.141861159755,Upregulated
diet_ex_2obut[e],4.22908818731445,Upregulated
diet_ex_gua[e],2.31371885359177,Upregulated
diet_ex_glcr[e],41.9303501902072,Upregulated
diet_ex_xyl_d[e],51.8421511569693,Upregulated
diet_ex_2hyoxplac[e],111.875093336403,Upregulated
diet_ex_3mox4hoxm[e],37.3243505488685,Upregulated
diet_ex_ce4970[e],36.6135602957307,Upregulated
diet_ex_ce2026[e],79.0107265371933,Upregulated
diet_ex_ce4968[e],36.6115603070682,Upregulated
diet_ex_3mglutac[e],124.897745369003,Upregulated
diet_ex_mvlac[e],3.09718996330076,Upregulated
diet_ex_3ohsebac[e],69.844223868524,Upregulated
diet_ex_3ohsubac[e],69.4336811179742,Upregulated
diet_ex_hexgly[e],338.55301273059,Upregulated
diet_ex_subgly[e],57.8725111086708,Upregulated
diet_ex_c05769[e],92.3641495073095,Upregulated
diet_ex_ce2006[e],103.963697460514,Upregulated
diet_ex_ppp9[e],110.019783366567,Upregulated
diet_ex_trypta[e],3.14218119199242,Upregulated
diet_ex_ce2705[e],28.4396498688269,Upregulated
diet_ex_ce1918[e],18.5123853590887,Upregulated
diet_ex_xol24oh[e],4699.8597803996,Upregulated
diet_ex_xol25oh[e],43.4099430319832,Upregulated
diet_ex_chsterols[e],5963.22379142867,Upregulated
diet_ex_melatn[e],68.4559924300859,Upregulated
diet_ex_im4ac[e],155.346072826988,Upregulated
diet_ex_dopa4glcur[e],32.610913492426,Upregulated
diet_ex_dopa3glcur[e],32.6109335680124,Upregulated
diet_ex_34dhpe[e],2.43752045850724,Upregulated
diet_ex_m02745[e],26.3497410583256,Upregulated
diet_ex_c01601[e],103.963573530945,Upregulated
diet_ex_dolichol_l[e],88.2870979716539,Upregulated
diet_ex_cdca3g[e],27.0150891050144,Upregulated
diet_ex_dca3g[e],25.2504896292082,Upregulated
exit_ex_2425dhvitd3[e],36.3510943585416,Upregulated
exit_ex_2hb[e],0.496288234213216,Downregulated
exit_ex_3mlda[e],56.2445647962932,Upregulated
exit_ex_4pyrdx[e],29.526612464094,Upregulated
exit_ex_acetone[e],0.0861542962640283,Downregulated
exit_ex_acn13acngalgbside_hs[e],56.3379076334519,Upregulated
exit_ex_acnacngalgbside_hs[e],56.2578484461008,Upregulated
exit_ex_amp[e],11.7155971831886,Upregulated
exit_ex_ala_b[e],210.306210560911,Upregulated
exit_ex_bilirub[e],84.6635389220045,Upregulated
exit_ex_oxa[e],114.117018148676,Upregulated
exit_ex_clpnd[e],51.4501084106146,Upregulated
exit_ex_co[e],84.6637367259578,Upregulated
exit_ex_crvnc[e],62.138073453025,Upregulated
exit_ex_dopasf[e],79.7132750449202,Upregulated
exit_ex_elaid[e],57.1400914212739,Upregulated
exit_ex_35cgmp[e],63.0879844317953,Upregulated
exit_ex_3aib[e],56.214978431677,Upregulated
exit_ex_4hphac[e],83.424930454099,Upregulated
exit_ex_camp[e],59.9807881168813,Upregulated
exit_ex_fucgalgbside_hs[e],29.8058127694047,Upregulated
exit_ex_gthox[e],85.3785909720544,Upregulated
exit_ex_hdcea[e],65.4112093671466,Upregulated
exit_ex_leuktrd4[e],17.1091851484733,Upregulated
exit_ex_leuktre4[e],137.221088101357,Upregulated
exit_ex_lneldc[e],87.9762503910861,Upregulated
exit_ex_lnlncg[e],13426.6619458542,Upregulated
exit_ex_no[e],71.1628488703285,Upregulated
exit_ex_nrpphrsf[e],86.4831048951391,Upregulated
exit_ex_prostge1[e],264.371157773777,Upregulated
exit_ex_prostge2[e],95.4446712467722,Upregulated
exit_ex_retnglc[e],2.59102342236305,Upregulated
exit_ex_thym[e],41.4708552728351,Upregulated
exit_ex_tmndnc[e],106.150916891835,Upregulated
exit_ex_tsul[e],21.7993303562827,Upregulated
exit_ex_tymsf[e],84.2096952785655,Upregulated
exit_ex_xoltri27[e],221.700056047223,Upregulated
exit_ex_ribflv[e],144.981500659474,Upregulated
exit_ex_prpp[e],71.9757946632823,Upregulated
exit_ex_ppi[e],34.6051412729958,Upregulated
exit_ex_hc02205[e],12.3058659629276,Upregulated
exit_ex_hc02213[e],64.4230779048267,Upregulated
exit_ex_ce0074[e],102.836670884618,Upregulated
exit_ex_docosdiac[e],105.342446246199,Upregulated
exit_ex_slfcys[e],102.61444893935,Upregulated
exit_ex_q10h2[e],88.8964029559302,Upregulated
exit_ex_5mta[e],77.6465385974007,Upregulated
exit_ex_idour[e],54.7290826216954,Upregulated
exit_ex_cala[e],3.12930525002189,Upregulated
exit_ex_l2aadp[e],47.5884826700098,Upregulated
exit_ex_pcholmyr_hs[e],21.2282192726484,Upregulated
exit_ex_pcholole_hs[e],21.2281815588756,Upregulated
exit_ex_pcholste_hs[e],21.2282127767375,Upregulated
exit_ex_pcholn204_hs[e],21.2282085222142,Upregulated
exit_ex_pcholn24_hs[e],21.228213338954,Upregulated
exit_ex_pcholhep_hs[e],21.2282255984973,Upregulated
exit_ex_4aabutn[e],48.890293360232,Upregulated
exit_ex_c06314[e],137.758631062424,Upregulated
exit_ex_c14768[e],65.2991693904766,Upregulated
exit_ex_c14769[e],65.2992438775635,Upregulated
exit_ex_c14770[e],68.2621021293635,Upregulated
exit_ex_c14771[e],68.2620711762533,Upregulated
exit_ex_c14826[e],69.1554286043482,Upregulated
exit_ex_ce2445[e],89.3893348491793,Upregulated
exit_ex_dodecanac[e],38.3086322460259,Upregulated
exit_ex_leuktrb4wcooh[e],32.2785020462313,Upregulated
exit_ex_leuktrb4woh[e],88.1365829942291,Upregulated
exit_ex_subeac[e],51.1321259664456,Upregulated
exit_ex_glyclt[e],64.6603982406939,Upregulated
exit_ex_ind3ac[e],155.345932078277,Upregulated
exit_ex_pac[e],96.3665812544271,Upregulated
exit_ex_pheacgly[e],63.2831251991625,Upregulated
exit_ex_dhbpt[e],75.9105173348534,Upregulated
exit_ex_argglygly[e],2.97797089337584,Upregulated
exit_ex_homoval[e],15.4016931860337,Upregulated
exit_ex_acgal[e],71.1417230287192,Upregulated
exit_ex_2obut[e],4.22908818409712,Upregulated
exit_ex_gua[e],2.31371885359177,Upregulated
exit_ex_glcr[e],41.9303413712061,Upregulated
exit_ex_xyl_d[e],51.842196083214,Upregulated
exit_ex_2hyoxplac[e],111.875099371788,Upregulated
exit_ex_3mox4hoxm[e],37.3243495582878,Upregulated
exit_ex_ce4970[e],36.6117959951692,Upregulated
exit_ex_ce2026[e],79.0107311603579,Upregulated
exit_ex_ce4968[e],36.6115608328074,Upregulated
exit_ex_3mglutac[e],124.897553262346,Upregulated
exit_ex_mvlac[e],3.09718996245651,Upregulated
exit_ex_3ohsebac[e],69.8478592384662,Upregulated
exit_ex_3ohsubac[e],69.433716603869,Upregulated
exit_ex_hexgly[e],338.552950388714,Upregulated
exit_ex_subgly[e],57.8724585169116,Upregulated
exit_ex_c05769[e],92.3644947034094,Upregulated
exit_ex_ce2006[e],103.963766137044,Upregulated
exit_ex_ppp9[e],110.019568326057,Upregulated
exit_ex_trypta[e],3.14218119199242,Upregulated
exit_ex_ce2705[e],28.4397520015968,Upregulated
exit_ex_ce1918[e],18.5123853590887,Upregulated
exit_ex_xol24oh[e],4699.86006114143,Upregulated
exit_ex_xol25oh[e],43.4099466618301,Upregulated
exit_ex_chsterols[e],5963.23374047071,Upregulated
exit_ex_melatn[e],68.4559924300859,Upregulated
exit_ex_im4ac[e],155.346151932953,Upregulated
exit_ex_dopa4glcur[e],32.6111701610446,Upregulated
exit_ex_dopa3glcur[e],32.6109004748907,Upregulated
exit_ex_m02745[e],26.349642240248,Upregulated
exit_ex_c01601[e],103.963703686472,Upregulated
exit_ex_dolichol_l[e],88.2870822744713,Upregulated
exit_ex_cdca3g[e],27.0150716162844,Upregulated
exit_ex_dca3g[e],25.250481130202,Upregulated
trh2o_en2bl,2.86339170211026,Upregulated
diet_ex_h2o[e],1291.487911991,Upregulated
trpnto_r_ad2bl,61.7088177818854,Upregulated
trpnto_r_sk2bl,67.8624380735434,Upregulated
trpnto_r_gn2bl,40.6596200186297,Upregulated
trpnto_r_en2bl,83.4043673989902,Upregulated
trpydx_ad2bl,21.5526544226758,Upregulated
trpydx_en2bl,38.4889303485517,Upregulated
tr10fthf_ad2bl,50.716397783869,Upregulated
tr10fthf_gn2bl,3895.47095400328,Upregulated
tr10fthf_oo2gn,59.3130099684001,Upregulated
trfe2_ad2bl,79.6493232750624,Upregulated
trfe2_sk2bl,102.26538006836,Upregulated
trfe2_en2bl,68.7443957111197,Upregulated
trfe3_ad2bl,79.6720473135794,Upregulated
trfe3_sk2bl,102.265376986665,Upregulated
trfe3_en2bl,68.7443957111197,Upregulated
trfru_ad2bl,6.81749635950691,Upregulated
diet_ex_fru[e],2.7125507615518,Upregulated
trala_l_gn2bl,5.95594038818933,Upregulated
trala_l_oo2gn,12.1291468445853,Upregulated
trala_l_en2bl,19.082981758727,Upregulated
trcys_l_sk2bl,980.187776223259,Upregulated
trcys_l_oo2gn,706.53427182376,Upregulated
trglu_l_oo2gn,0.0675818160817509,Downregulated
trgly_sk2bl,11.8977456812582,Upregulated
trhis_l_en2bl,3.88834993040393,Upregulated
trile_l_oo2gn,2.95119152022779,Upregulated
trile_l_en2bl,45.4775066832322,Upregulated
trmet_l_oo2gn,2.00001809894344,Upregulated
trmet_l_en2bl,2.97634937797827,Upregulated
trphe_l_gn2bl,0.0112340741685783,Downregulated
trphe_l_oo2gn,0.475460082633037,Downregulated
diet_ex_phe_l[e],2.87825831317871,Upregulated
trpro_l_sk2bl,337.542173990223,Upregulated
trser_l_oo2gn,2.00002296359561,Upregulated
trtrp_l_oo2gn,2.00001170602732,Upregulated
diet_ex_trp_l[e],2.44661718583601,Upregulated
trval_l_gn2bl,21.5247823295823,Upregulated
diet_ex_val_l[e],16.4680948169165,Upregulated
trstrdnc_sk2bl,1608.26683981073,Upregulated
trstrdnc_en2bl,64.5914835110637,Upregulated
trce4843_sk2bl,1176.62369587416,Upregulated
trce4843_en2bl,12.9720147357137,Upregulated
trbut_en2bl,14377.0594747357,Upregulated
diet_ex_chsterol[e],78.6144916187558,Upregulated
trglc_d_ad2bl,2.89562149185092,Upregulated
trglc_d_sk2bl,4.15261223894652,Upregulated
trglc_d_gn2bl,20.6558742896711,Upregulated
trglc_d_oo2gn,232.34190716809,Upregulated
trglc_d_en2bl,211.194446165275,Upregulated
trlgnc_en2bl,10.8755458915709,Upregulated
