Reaction,FSR,RegulationStatus
AD_10FTHF7GLUtl,1.51746509999419,Unchanged
AD_10FTHF7GLUtm,0.814301991274085,Unchanged
AD_10FTHFtl,1.51746509999419,Unchanged
AD_13DAMPPOX,3.07845268954472,Upregulated
AD_2HBO,5.7298193826144,Upregulated
AD_2HBt2,1.005024392149,Unchanged
AD_34DHOXPEGOX,21.2663748382389,Upregulated
AD_34DHOXPEGt,21.2663748382389,Upregulated
AD_34HPPOR,16.9275155455627,Upregulated
AD_3DSPHR,2.38555598985844,Upregulated
AD_3HBCDm,NaN,Unchanged
AD_3HBCOAHLm,41.7800351950292,Upregulated
AD_3HLYTCL,47.671006098314,Upregulated
AD_3M4HDXPAC,6.67842202287721,Upregulated
AD_3MLDAt,2.96695923934219,Upregulated
AD_3MOBt2im,41.7800517516152,Upregulated
AD_3MOPt2im,1.90177381322825,Unchanged
AD_3MOXTYROX,6.67842202287721,Upregulated
AD_3SALACBOXL,20.0125366020205,Upregulated
AD_3SALAOX,21.822675573236,Upregulated
AD_41R1H2MAE12BOOX,12.3223786728085,Upregulated
AD_41R2A1H12BOOX,21.2663752799688,Upregulated
AD_42A12BOOX,18.5086537413445,Upregulated
AD_4HGLSDm,1.49951232648907,Unchanged
AD_4HOXPACDOX_NADP_,6.99659886811639,Upregulated
AD_4MOPt2im,NaN,Unchanged
AD_4PYRDX,3.80455871766784,Upregulated
AD_5AOPtm,3.26109684953007,Upregulated
AD_5HLTDL,13.2268321250853,Upregulated
AD_5HOXINDACTO2OX,30.030156671995,Upregulated
AD_5HOXINOXDA,13.2268321250853,Upregulated
AD_5MTHFt2,1.70134656997334e-07,Downregulated
AD_7DHFtl,1.16047709043125,Unchanged
AD_7DHFtm,1.1604771570066,Unchanged
AD_7THFtm,1.25085258265058,Unchanged
AD_A4GALTg,2.94151806129483,Upregulated
AD_AACTOOR,233.21918628425,Upregulated
AD_AACTtm,233.21918628425,Upregulated
AD_ABUTt2rL,5.11319092566803,Upregulated
AD_ACACT10m,7.72981532396384,Upregulated
AD_ACACT1rm,0.221547683405864,Downregulated
AD_ACACT1x,7035.89108615237,Upregulated
AD_ACACT4p,79.9982051385797,Upregulated
AD_ACACT5p,58.7313115852404,Upregulated
AD_ACACT6p,52.5505398380625,Upregulated
AD_ACACT7p,52.5505398380625,Upregulated
AD_ACACT8p,89.2354908919153,Upregulated
AD_ACACT9p,89.2354721695643,Upregulated
AD_ACALDtm,49.4358227814139,Upregulated
AD_ACCOACm,1.99193224665132,Unchanged
AD_ACCOALm,4.08829145714838,Upregulated
AD_ACCOAtr,0.996915603804166,Unchanged
AD_ACETONEt2,13.5332498957349,Upregulated
AD_ACGALtly,3.22147756740991,Upregulated
AD_ACGAM6PSi,157.001402125823,Upregulated
AD_ACGAMK,10.7726786403117,Upregulated
AD_ACGAMPM,15.3850678944551,Upregulated
AD_ACGAMtly,10.7726786403117,Upregulated
AD_ACITL,1.1544295960585,Unchanged
AD_ACNAM9PL,1.26257635416761,Unchanged
AD_ACNAMlt,4.34287514267781,Upregulated
AD_ACNAMPH,1.26257635416761,Unchanged
AD_ACNMLr,1.26257635416761,Unchanged
AD_ACOAD10m,1.90177291061979,Unchanged
AD_ACOAD1fm,2.53858337325265e-05,Downregulated
AD_ACOAD9m,959066.25789599,Upregulated
AD_ACOAO7p,52.5505398107118,Upregulated
AD_ACONTm,0.988357351991721,Unchanged
AD_ACP1_FMN_,1.93892546447271,Unchanged
AD_ACRNtm,5792256.0110155,Upregulated
AD_ACS2,3.22147747691513,Upregulated
AD_ACt2m,49.4358227814139,Upregulated
AD_ACtg,2.15873453642296,Upregulated
AD_ADCim,13.5332498957653,Upregulated
AD_ADEt,4.24231156853035,Upregulated
AD_ADK1m,1,Unchanged
AD_ADK3,0.715955278197018,Unchanged
AD_ADK3m,1,Unchanged
AD_ADKd,1,Unchanged
AD_ADMDC,2.32645740168775,Upregulated
AD_ADNCYC,3.19790537161008,Upregulated
AD_ADNt,1.00502503734849,Unchanged
AD_ADNtl,0.435770347656026,Downregulated
AD_ADNtm,1.5078970147859e-06,Downregulated
AD_ADRNCOAtx,44.5898113703712,Upregulated
AD_ADRNCPT1,3.82904573478773,Upregulated
AD_ADRNCPT2,3.82904516396697,Upregulated
AD_ADRNCRNt,1,Unchanged
AD_ADSK,3.50954436071147,Upregulated
AD_AG13T16g,1.94871152345054,Unchanged
AD_AG13T17g,1.94871152345054,Unchanged
AD_AG13T18g,1.94871152345054,Unchanged
AD_AG13T1g,1.93781852034898,Unchanged
AD_AG13T2g,1.93781852034898,Unchanged
AD_AG13T3g,1.93781852034898,Unchanged
AD_AGPAT1,5.28239075197429,Upregulated
AD_AHCYStr,9.39904234741107e-07,Downregulated
AD_AKGMALtm,1,Unchanged
AD_ALAASNNaEx,1,Unchanged
AD_ALACYSNaEx,1,Unchanged
AD_ALAGLNNaEx,1,Unchanged
AD_ALASERNaEx,1,Unchanged
AD_ALASm,1,Unchanged
AD_ALAt4,1,Unchanged
AD_ALATA_L,0.162148178541527,Downregulated
AD_ALATHRNaEx,1,Unchanged
AD_ALCD21_D,1,Unchanged
AD_ALCD21_L,1,Unchanged
AD_ALCD22_D,1,Unchanged
AD_ALCD22_L,1,Unchanged
AD_ALDD20x,6.99659846008122,Upregulated
AD_ALDD20xm,5.1729828149142,Upregulated
AD_ALDD21,4.00772498099626,Upregulated
AD_ALDD2xm,49.4358227814139,Upregulated
AD_ALDD2y,91.3729379255441,Upregulated
AD_ALOX52,11202382.7460095,Upregulated
AD_ALR2,1,Unchanged
AD_ALR3,1,Unchanged
AD_AMACR2p,728.140426678075,Upregulated
AD_AMETr,9.39904234741107e-07,Downregulated
AD_AMETt2m,2.35669217804803,Upregulated
AD_AMPDA,3.24775527622529e-05,Downregulated
AD_AOBUTDsm,233.21918628425,Upregulated
AD_APRTO2,8.52468045087423,Upregulated
AD_ARACHCPT1,34.1994123429968,Upregulated
AD_ARACHCPT2,34.1994191021312,Upregulated
AD_ARACHCRNt,1,Unchanged
AD_ARGSS,2.70510136332091,Upregulated
AD_ARSA,3.80790532151231,Upregulated
AD_R_group_phosphotase_1,3.45103438504375,Upregulated
AD_R_group_phosphotase_2,7.61492290603261,Upregulated
AD_R_group_phosphotase_3,4.46310734234838,Upregulated
AD_ARTPLM3,91776.8672820003,Upregulated
AD_ASAH1,4.23571704578389,Upregulated
AD_ASCBt4,6143254.19646762,Upregulated
AD_ASNALANaEx,1,Unchanged
AD_ASNCYSNaEx,1,Unchanged
AD_ASNGLNNaEx,1,Unchanged
AD_ASNSERNaEx,1,Unchanged
AD_ASNTHRNaEx,1,Unchanged
AD_ASPDt6,1.04530618822588,Unchanged
AD_ASPt6,1.04530618823215,Unchanged
AD_ATP1ter,1.25061423455974,Unchanged
AD_ATP2ter,0.892070949987445,Unchanged
AD_ATPH1e,26.2002604029687,Upregulated
AD_ATPH2e,40.4910926749366,Upregulated
AD_ATPtm,1.53805549746266e-06,Downregulated
AD_B3GALT3g,2.94151806129483,Upregulated
AD_B3GALT41g,2.33519889857628,Upregulated
AD_B3GALT5g,2.88735484232815,Upregulated
AD_BAAT3x,727.624477827467,Upregulated
AD_BAMPPALDOX,2.3264574744751,Upregulated
AD_BHMT,8.24890519411726,Upregulated
AD_BILDGLCURte,1.26257638261211,Unchanged
AD_BILGLCURtr,0.61869700804922,Unchanged
AD_BILIRED,4.73548407188651,Upregulated
AD_BILIRUBt2,4.73548402754975,Upregulated
AD_BILIRUBtr,0.618697041438354,Unchanged
AD_C14STRr,6.10989112179491,Upregulated
AD_C161CPT12,10.7938691255772,Upregulated
AD_C161CPT22,15.2803620733218,Upregulated
AD_C180CPT1,2.65953210467786,Upregulated
AD_C180CPT2,32.7667432776424,Upregulated
AD_C180CRNt,1,Unchanged
AD_C204CPT2,3.32829004111281,Upregulated
AD_C204CRNt,1,Unchanged
AD_C226CPT1,195.575065041547,Upregulated
AD_C226CPT2,195.575073312448,Upregulated
AD_C3STDH1Pr,6.10989197951789,Upregulated
AD_C3STKR2r,6.10989039017582,Upregulated
AD_C4STMO2Pr,6.10989026045054,Upregulated
AD_CAATPS,1.26257641049753,Unchanged
AD_CATm,49.1921398531091,Upregulated
AD_CATp,2564.15780290081,Upregulated
AD_CBPPer,1.38570750136872,Unchanged
AD_CBPter,1.38570750136872,Unchanged
AD_CBR2,1,Unchanged
AD_CDIPTr,90.4707407732229,Upregulated
AD_CDPDAGtm,8.85192850284144,Upregulated
AD_CDSm,90.4968810342524,Upregulated
AD_CEPTC,3.22147753661776,Upregulated
AD_CEPTE,9.77552735184452,Upregulated
AD_CERK,1.26257649141484,Unchanged
AD_CERT1gt,2.51793229809424,Upregulated
AD_CERT1rt,3.18408139715809,Upregulated
AD_CERT2gt,1,Unchanged
AD_CERT2rt,2.88735499668469,Upregulated
AD_CHLPCTD,3.22147741424145,Upregulated
AD_CHSTEROLt1,1.99911141214065,Unchanged
AD_CHSTEROLtg,1.26257646410821,Unchanged
AD_CITtam,1,Unchanged
AD_CITtbm,1,Unchanged
AD_CKc,1.30724949897922,Unchanged
AD_CLOXAtex2,14941008.524762,Upregulated
AD_CLPNDCOAtx,1181.36327353591,Upregulated
AD_CLPNDCPT1,21.7622377529848,Upregulated
AD_CLPNDCPT2,21.7631087636491,Upregulated
AD_CMPACNAtg,2.33519865320832,Upregulated
AD_CMPSAS,3.22147747000898,Upregulated
AD_CO2ter,0.000118955709814722,Downregulated
AD_COAtl,4.91882896739991,Upregulated
AD_COAtm,4.96049623931178,Upregulated
AD_COAtr,0.998459010135447,Unchanged
AD_CORE2GTg,1.93781852034898,Unchanged
AD_CORE3GTg,1.94871152345054,Unchanged
AD_CORE4GTg,1.94871152345054,Unchanged
AD_COt,4.7354841551984,Upregulated
AD_CRNCARtp,5969157.9966654,Upregulated
AD_CSAPASEly,1.9528230112411,Unchanged
AD_CSBPASEly,1.96652507930959,Unchanged
AD_CSCPASEly,1.95282279978146,Unchanged
AD_CSDPASEly,1.97737320278596,Unchanged
AD_CSEPASEly,1.98617479400334,Unchanged
AD_CSm,163.279848446851,Upregulated
AD_CSNAT2m,2.23755177145576e-05,Downregulated
AD_CSNAT2x,4.96049512356783,Upregulated
AD_CSNAT3x,2.23755173636484e-05,Downregulated
AD_CSNATer,0.996915603804166,Unchanged
AD_CSNATm,2824.1955006157,Upregulated
AD_CSNATp,2914.02900046362,Upregulated
AD_CSNATr,0.996915603804219,Unchanged
AD_CSPG_At,1.9528230112411,Unchanged
AD_CSPG_Atly,1.9528230112411,Unchanged
AD_CSPG_Bt,1.96652507930959,Unchanged
AD_CSPG_Btly,1.96652507930959,Unchanged
AD_CSPG_Ct,1.95282279978146,Unchanged
AD_CSPG_Ctly,1.95282279978146,Unchanged
AD_CSPG_Dt,1.97737320278596,Unchanged
AD_CSPG_Dtly,1.97737320278596,Unchanged
AD_CSPG_Et,1.98617479400334,Unchanged
AD_CSPG_Etly,1.98617479400334,Unchanged
AD_CYSALANaEx,1,Unchanged
AD_CYSASNNaEx,1,Unchanged
AD_CYSGLNNaEx,1,Unchanged
AD_CYSO,20.0125371133359,Upregulated
AD_CYSSERNaEx,1,Unchanged
AD_CYSTA,21.6109582173117,Upregulated
AD_CYSTHRNaEx,1,Unchanged
AD_CYTDK1,1.99999854901239,Unchanged
AD_CYTDK2m,8.85192853222896,Upregulated
AD_CYTDt,1,Unchanged
AD_CYTDtl,1.26257643824452,Unchanged
AD_CYTDtm,8.85192853222896,Upregulated
AD_CYTK10,1,Unchanged
AD_CYTK10n,1,Unchanged
AD_CYTK11,1,Unchanged
AD_CYTK11n,1,Unchanged
AD_CYTK12,1,Unchanged
AD_CYTK12n,1,Unchanged
AD_CYTK13,1,Unchanged
AD_CYTK13n,1,Unchanged
AD_CYTK14,1,Unchanged
AD_CYTK14n,1,Unchanged
AD_CYTK1m,90.4968810342524,Upregulated
AD_CYTK1n,1,Unchanged
AD_CYTK2n,1,Unchanged
AD_CYTK3n,1,Unchanged
AD_CYTK4n,1,Unchanged
AD_CYTK5,1,Unchanged
AD_CYTK5n,1,Unchanged
AD_CYTK6,1,Unchanged
AD_CYTK6n,1,Unchanged
AD_CYTK7,1,Unchanged
AD_CYTK7n,1,Unchanged
AD_CYTK8,1,Unchanged
AD_CYTK8n,1,Unchanged
AD_CYTK9,1,Unchanged
AD_CYTK9n,1,Unchanged
AD_DAGK_hs,3.11294444121452e-05,Downregulated
AD_DAGKn_hs,8.17156646693479e-06,Downregulated
AD_DAGt,8.88130745575662,Upregulated
AD_DASCBR,11.5603432143477,Upregulated
AD_DATPtn,1.35992541848156,Unchanged
AD_DCIm,45.191351260706,Upregulated
AD_DCK1m,0.000655395538290072,Downregulated
AD_DCK1n,71.3676153752241,Upregulated
AD_DCSPTN1COAtx,19.8086180201955,Upregulated
AD_DCSPTN1CPT1,28.842419923769,Upregulated
AD_DCSPTN1CPT2,28.842410294031,Upregulated
AD_DCTPtn,27.5403485921288,Upregulated
AD_DESAT16_2,28.7385881496808,Upregulated
AD_DESAT18_3,27.5916739892869,Upregulated
AD_DESAT18_4,35.6141522516407,Upregulated
AD_DESAT18_5,47.4008969935394,Upregulated
AD_DESAT18_7,29.6638087596956,Upregulated
AD_DESAT18_8,33.9737733958231,Upregulated
AD_DESAT18_9,32.5818791195623,Upregulated
AD_DESAT22_1p,44.5881768501151,Upregulated
AD_DESAT22_2p,1181.36327353295,Upregulated
AD_DGAT,3.22147724651893,Upregulated
AD_DGCHOLtx,728.140426676676,Upregulated
AD_DGK2m,1.26257640918826,Unchanged
AD_DGNSKm,1.26257640918826,Unchanged
AD_DGSNtm,1.26257640918826,Unchanged
AD_DGTPtn,1.36000804375152,Unchanged
AD_DHAAt1r,7.95778585776642,Upregulated
AD_DHCRD1,31.329964523868,Upregulated
AD_DHCRD2,112.06854380373,Upregulated
AD_DHFtl,1.16047709043125,Unchanged
AD_DIDPtn,1,Unchanged
AD_DITPtn,1,Unchanged
AD_D_LACt2,1.45861147028086e-05,Downregulated
AD_DLNLCGCPT1,0.998459010135464,Unchanged
AD_DLNLCGCPT2,34.1994120039053,Upregulated
AD_DLNLCGCRNt,1,Unchanged
AD_DM_dctp_m_,1.36623269474489,Unchanged
AD_DMATTx,3.76360847213438,Upregulated
AD_DMNONCOACRNCPT1,4.96049512356783,Upregulated
AD_DNDPt28m,1.36623269474489,Unchanged
AD_DNDPt39m,0.363649369409691,Downregulated
AD_DOPABMO,82.6131047443908,Upregulated
AD_DOPAMT,6.67842202287721,Upregulated
AD_DOPASFt,8.53950993266857,Upregulated
AD_DOPASULT,8.53950993266857,Upregulated
AD_DOPAt4_2_r,1,Unchanged
AD_DPCOAtl,4.91882896739991,Upregulated
AD_DPGase,1.26257645271228,Unchanged
AD_DPGM,1.26257645271228,Unchanged
AD_DPMVDx,3.76360941415606,Upregulated
AD_DSAT,3.25213008539092,Upregulated
AD_DTTPtn,1.36084766705088,Unchanged
AD_DUTPDPm,4.08829146970417,Upregulated
AD_ECOAH12m,41.7800351950292,Upregulated
AD_ECOAH1m,0.268386203354839,Downregulated
AD_ECOAH1x,7600.91145528501,Upregulated
AD_ECOAH9m,7.72981532396384,Upregulated
AD_EICOSTETCPT1,21.3232479338941,Upregulated
AD_EICOSTETCPT2,21.3232541170321,Upregulated
AD_EICOSTETCRNt,1,Unchanged
AD_ELAIDCRNt,1,Unchanged
AD_ESTRADIOLtr,1.98665820444086e-07,Downregulated
AD_ESTRONESt,5513481.97075235,Upregulated
AD_ETF,2.64017350781628,Upregulated
AD_ETFQO,2.64017350781628,Upregulated
AD_ETHAK,10.9890785946981,Upregulated
AD_FACOAL150,3.22147736315277,Upregulated
AD_FACOAL160i,3.07143311711579,Upregulated
AD_FACOAL170,3.22343986598424,Upregulated
AD_FACOAL180i,3.59841864817122,Upregulated
AD_FACOAL1812,10.760436582129,Upregulated
AD_FACOAL1813,12.8438001950167,Upregulated
AD_FACOAL181i,3.2214773450328,Upregulated
AD_FACOAL1821,3.07143302310333,Upregulated
AD_FACOAL1822,3.22147737104069,Upregulated
AD_FACOAL1831,3.62525436405984,Upregulated
AD_FACOAL1832,3.26077431835612,Upregulated
AD_FACOAL184,3.2214775868146,Upregulated
AD_FACOAL200,1.86151473246661,Unchanged
AD_FACOAL203,3.22147734511384,Upregulated
AD_FACOAL204,3.22147797777697,Upregulated
AD_FACOAL2042,3.2214772813755,Upregulated
AD_FACOAL205,3.07143309794965,Upregulated
AD_FACOAL224,3.22147769784082,Upregulated
AD_FACOAL2251,3.22147723061472,Upregulated
AD_FACOAL2252,3.22147750280618,Upregulated
AD_FACOAL226,3.22147760557899,Upregulated
AD_FACOAL240,3.22147743192802,Upregulated
AD_FACOAL241,0,Downregulated
AD_FACOAL244_1,3.22147754079105,Upregulated
AD_FACOAL245_1,3.22147755202181,Upregulated
AD_FACOAL245_2,3.22147754079105,Upregulated
AD_FACOAL246_1,3.22147754079105,Upregulated
AD_FACOAL260,3.22147747884848,Upregulated
AD_FAEL183,31.8201379495847,Upregulated
AD_FAEL184,27.4455407257925,Upregulated
AD_FAEL204,15.4512037800298,Upregulated
AD_FAEL205,41.1034527509023,Upregulated
AD_FAH3,17.5879092338083,Upregulated
AD_FALDH,1,Unchanged
AD_FAOXC140,28.7486576785735,Upregulated
AD_FAOXC160,28.9121997548912,Upregulated
AD_FAOXC16080m,28.5966438848961,Upregulated
AD_FAOXC161802m,28.2181627085158,Upregulated
AD_FAOXC16180m,40.3164673198212,Upregulated
AD_FAOXC180,31.6587649250517,Upregulated
AD_FAOXC1811601m,23.6555404643298,Upregulated
AD_FAOXC1811602m,28.1393777935624,Upregulated
AD_FAOXC1811603m,12.4863799623045,Upregulated
AD_FAOXC182806m,19.4665915416805,Upregulated
AD_FAOXC18280m,33.0653083486028,Upregulated
AD_FAOXC183803m,15.1179716482795,Upregulated
AD_FAOXC183806m,32.6771263426902,Upregulated
AD_FAOXC18480m,1.92812761614644,Unchanged
AD_FAOXC200180m,34.1994016084177,Upregulated
AD_FAOXC2031836m,34.1994071436446,Upregulated
AD_FAOXC204,21.0323486646565,Upregulated
AD_FAOXC204184m,21.3232507782617,Upregulated
AD_FAOXC2051843m,0.676644970669725,Unchanged
AD_FAOXC2051843x,2069.42474901643,Upregulated
AD_FAOXC2242046m,3.82904515782203,Upregulated
AD_FAOXC2251836m,28.8424049654815,Upregulated
AD_FAOXC2252053m,31.5611196667584,Upregulated
AD_FAOXC226,16.9581459500655,Upregulated
AD_FAOXC226205m,195.694670788707,Upregulated
AD_FAOXC80,29.5392221608579,Upregulated
AD_FAS100COA,239472.313497336,Upregulated
AD_FAS120COA,2140354.79138129,Upregulated
AD_FAS140COA,478944.602738029,Upregulated
AD_FAS160COA,24199.3829726134,Upregulated
AD_FAS180COA,74.2632258996139,Upregulated
AD_FAS80COA_L,89.6789741377969,Upregulated
AD_FATP1t,1,Unchanged
AD_FBA4,2.65869074709687,Upregulated
AD_FBP26,1.26257643946995,Unchanged
AD_FCLTm,4.57403324584119,Upregulated
AD_FDH,0.496653378019066,Downregulated
AD_FE3R2e,7.95778585776642,Upregulated
AD_FOLR2,1.04832189279145,Unchanged
AD_FOLt2,109157.871842511,Upregulated
AD_FORt2m,0.170676574327581,Downregulated
AD_FORtr,6.1098902127335,Upregulated
AD_FPGS2,1.26257645174698,Unchanged
AD_FPGS2m,1.25085258265058,Unchanged
AD_FPGS3,1.26257645174698,Unchanged
AD_FPGS3m,1.25085258265058,Unchanged
AD_FPGS4,1.26257636491452,Unchanged
AD_FPGS4m,1.1604771570066,Unchanged
AD_FPGS5,1.26257636491452,Unchanged
AD_FPGS5m,1.1604771570066,Unchanged
AD_FPGS6,1.26257636491452,Unchanged
AD_FPGS6m,1.1604771570066,Unchanged
AD_FPGS7m,0.814301991274085,Unchanged
AD_FPGS8,1.51746498464679,Unchanged
AD_FPGS8m,0.814301991274085,Unchanged
AD_FPGS9,1.51746498464679,Unchanged
AD_FPGS9m,0.814301991274085,Unchanged
AD_FPGSm,1.25085258265058,Unchanged
AD_FRDPtr,3.76360847213438,Upregulated
AD_FRUt1r,3.5635491490666e-05,Downregulated
AD_FTHFDH,2.95337606292489,Upregulated
AD_FTHFLm,0.170676574327581,Downregulated
AD_FUCGALGBSIDEte,2.88735484232815,Upregulated
AD_FUCGALGBSIDEtg,2.88735484232815,Upregulated
AD_FUMAC,16.9275155455627,Upregulated
AD_FUMm,0.807239940653363,Unchanged
AD_FUT11g,2.88735484232815,Upregulated
AD_G14T18g,1.94871152345054,Unchanged
AD_G14T19g,1.94871152345054,Unchanged
AD_G14T20g,1.94871152345054,Unchanged
AD_G14T21g,1.94871152345054,Unchanged
AD_G14T2g,1.93781852034898,Unchanged
AD_G14T3g,1.93781852034898,Unchanged
AD_G14T4g,1.93781852034898,Unchanged
AD_G14T5g,1.93781852034898,Unchanged
AD_G5SADrm,3.32335361395053e-06,Downregulated
AD_G6PDH1rer,0.748269819134012,Unchanged
AD_G6PDH2rer,0.748269819134012,Unchanged
AD_G6PPer,1.38570750136872,Unchanged
AD_GACMTRc,0.126695667000827,Downregulated
AD_GAL3ST11,3.80790532151231,Upregulated
AD_GALASE16ly,1.93781852034898,Unchanged
AD_GALASE17ly,1.93781852179007,Unchanged
AD_GALASE18ly,1.93781849922109,Unchanged
AD_GALASE19ly,1.93781849922109,Unchanged
AD_GALASE20ly,1.94871152345054,Unchanged
AD_GALGLUSIDEtg,2.58434272027915,Upregulated
AD_GALGLUSIDEtl,4.34287473287648,Upregulated
AD_GALGT1,2.33519889857628,Upregulated
AD_GALNACT1g,1.95282295549691,Unchanged
AD_GALNACT2g,1.95282284764233,Unchanged
AD_GALNACT3g,1.95282279978146,Unchanged
AD_GALNACT4g,1.97737320278596,Unchanged
AD_GALNACT5g,1.98617479400334,Unchanged
AD_GALNTg,1.93781849922109,Unchanged
AD_GALOR,4.27973802962334,Upregulated
AD_GALSIDEtg,5.95422046956557,Upregulated
AD_GALt1r,1.04816667231944e-07,Downregulated
AD_GALT2g,1.95282283456557,Unchanged
AD_GALTg,1.95282283456557,Unchanged
AD_GALtly,5.95422080153653,Upregulated
AD_GCALDDm,1.00154461962982,Unchanged
AD_GCC2cm,0.517255264314327,Unchanged
AD_GDPFUCtg,2.88735484232815,Upregulated
AD_GDPtg,2.88735484232815,Upregulated
AD_GFUCS,2.88735494396131,Upregulated
AD_GGH_10FTHF5GLUl,1.51746509999419,Unchanged
AD_GGH_10FTHF6GLUl,1.51746509999419,Unchanged
AD_GGH_10FTHF7GLUl,1.51746509999419,Unchanged
AD_GGH_5DHFl,1.16047709043125,Unchanged
AD_GGH_6DHFl,1.16047709043125,Unchanged
AD_GGH_7DHFl,1.16047709043125,Unchanged
AD_GGT5r,1.28266178129471,Unchanged
AD_GHMT2rm,119.278860706794,Upregulated
AD_GLACO,144.688234810753,Upregulated
AD_GLACter,144.688234810753,Upregulated
AD_GLCAASE1ly,2.15873462433909,Upregulated
AD_GLCAASE4ly,1.9528230112411,Unchanged
AD_GLCAASE5ly,1.95282279978146,Unchanged
AD_GLCAASE6ly,1.97737321153782,Unchanged
AD_GLCAASE7ly,1.98617479400334,Unchanged
AD_GLCAE1g,1.96652507930959,Unchanged
AD_GLCAE2g,2.15873462433909,Upregulated
AD_GLCAT2g,1.95282284764233,Unchanged
AD_GLCAT3g,1.95282279978146,Unchanged
AD_GLCAT4g,1.97737320278596,Unchanged
AD_GLCAT5g,1.98617479400334,Unchanged
AD_GLCAT6g,2.15873462433909,Upregulated
AD_GLCAT7g,2.15873462433909,Upregulated
AD_GLCAT8g,2.15873462433909,Upregulated
AD_GLCAT9g,2.15873462433909,Upregulated
AD_GLCATg,1.95282283456557,Unchanged
AD_GLCNACASE1ly,2.15873462433909,Upregulated
AD_GLCNACASE2ly,2.15873462433909,Upregulated
AD_GLCNACASE3ly,2.15873462433909,Upregulated
AD_GLCNACASE4ly,2.15873462433909,Upregulated
AD_GLCNACASE5ly,2.15873462433909,Upregulated
AD_GLCNACDASg,2.15873462433909,Upregulated
AD_GLCNACT1g,2.15873462433909,Upregulated
AD_GLCNACT2g,2.15873462433909,Upregulated
AD_GLCNACT3g,2.15873462433909,Upregulated
AD_GLCNACT4g,2.15873462433909,Upregulated
AD_GLCNACT5g,2.15873462433909,Upregulated
AD_GLCt1r,3.0532652243437e-05,Downregulated
AD_GLCURtly,16.8075481644611,Upregulated
AD_GLDBRAN,1.0157551847744,Unchanged
AD_GLNALANaEx,1,Unchanged
AD_GLNASNNaEx,1,Unchanged
AD_GLNCYSNaEx,1,Unchanged
AD_GLNSERNaEx,1,Unchanged
AD_GLNTHRNaEx,1,Unchanged
AD_GLPASE1,1.0157551847744,Unchanged
AD_GLPASE2,1.0157551847744,Unchanged
AD_GLUCYS,1.28266167930333,Unchanged
AD_GLUDxm,0.922237800007762,Unchanged
AD_GLUDym,0.494669237022632,Downregulated
AD_GLUt6,2569.03520107709,Upregulated
AD_GLUt7l,1.51746501104613,Unchanged
AD_GLUtr,1.28266178129471,Unchanged
AD_GLYAMDTRc,0.126695667012478,Downregulated
AD_GLYATm,233.219186283433,Upregulated
AD_GLYC_St,1.21221139748708,Unchanged
AD_GLYCtm,4.85579829220265,Upregulated
AD_GLYtp,728.140426676676,Upregulated
AD_GMPtg,2.88735484232815,Upregulated
AD_GNDer,0.000118955726850993,Downregulated
AD_GPAM_hs,5.28239075197429,Upregulated
AD_GRTTx,3.76360847213438,Upregulated
AD_GSNt,1,Unchanged
AD_GSNtl,3.79055995131333,Upregulated
AD_GTHP,23.8107092767303,Upregulated
AD_GTHPe,1.75312759646928,Unchanged
AD_GTHPm,43.5934894561154,Upregulated
AD_GTHRDtr,15.2027581375599,Upregulated
AD_GTHS,1.28266167930333,Unchanged
AD_GUACYC,3.01169148827174,Upregulated
AD_H2CO3Dm,17.9770284232791,Upregulated
AD_H2O2tly,0.8853556106013,Unchanged
AD_H2O2tn,3.2093453582463,Upregulated
AD_H2O2tp,0.0174435641339645,Downregulated
AD_H2Oter,9.16671555674002,Upregulated
AD_H2Otg,224825.290573879,Upregulated
AD_H2Otly,1,Unchanged
AD_H2Otm,1.22743402639849,Unchanged
AD_H2Otn,4.31471138325781e-07,Downregulated
AD_HACD1m,0.268386203354839,Downregulated
AD_HACD1x,7600.91145528501,Upregulated
AD_HACD9m,7.72981532396384,Upregulated
AD_HCO3_CLt,1.66671933817616,Unchanged
AD_HDCAtr,0.998457889224736,Unchanged
AD_HEXCCOAtx,89.235482596702,Upregulated
AD_HGNTOR,16.9275155455627,Upregulated
AD_HIBDm,41.7800463171335,Upregulated
AD_HISDC,1.1322506222119,Unchanged
AD_HISTASE,6.99659904004435,Upregulated
AD_HMGCOASi,5.66386999882323,Upregulated
AD_HMGCOASim,0.900477724433383,Unchanged
AD_HMGCOAtm,4.4257062777986,Upregulated
AD_HMGCOAtx,3297.77507134477,Upregulated
AD_HMGLm,13.5332496839821,Upregulated
AD_HOXG,4.7354841551984,Upregulated
AD_HPACtr,6.99659878862881,Upregulated
AD_HPDCACRNCPT1,34.2123283341544,Upregulated
AD_HPDCACRNCPT2,34.2123215523097,Upregulated
AD_HPDCACRNt,1,Unchanged
AD_HPYRDCm,1.00154461962982,Unchanged
AD_HPYRR2x,1.21221146069483,Unchanged
AD_HPYRRy,2.71945842193585,Upregulated
AD_HS1ly,2.15873462433909,Upregulated
AD_HS2ly,2.15873462433909,Upregulated
AD_HS3ly,2.15873462433909,Upregulated
AD_HS4ly,2.15873462433909,Upregulated
AD_HSAT1ly,2.15873462433909,Upregulated
AD_HSAT2ly,2.15873462433909,Upregulated
AD_HSAT3ly,2.15873462433909,Upregulated
AD_HSAT4ly,2.15873462433909,Upregulated
AD_HSD11B1r,1.30214495528087e-05,Downregulated
AD_HSD17B1,1.98665820444086e-07,Downregulated
AD_HSD17B42x,30.0300798660454,Upregulated
AD_HSD17B4x,14.3650280474958,Upregulated
AD_HSPASEly,2.15873462433909,Upregulated
AD_HSPGt,2.15873462433909,Upregulated
AD_HSPGtly,2.15873462433909,Upregulated
AD_Htg,224825.817993182,Upregulated
AD_HYPOE,1.26257644903323,Unchanged
AD_ICDHy,8.91103132956844,Upregulated
AD_ICDHyp,1054709.48026516,Upregulated
AD_IDOAASE1ly,2.15873462433909,Upregulated
AD_IDOAASE2ly,2.15873462433909,Upregulated
AD_IDOAASE3ly,2.15873462433909,Upregulated
AD_IDOAASE4ly,1.96652494207574,Unchanged
AD_IDOURtly,2.15873468617751,Upregulated
AD_IDPtn,1,Unchanged
AD_INSt,3.99999930080761,Upregulated
AD_IPDDIx,3.76360847213438,Upregulated
AD_ITPtn,1,Unchanged
AD_KAS8,38.9070474308649,Upregulated
AD_KCC2t,3.999669954548,Upregulated
AD_KCCt,2.0906123764645,Upregulated
AD_KHK,4710960.5337042,Upregulated
AD_KHK2,2.65869074709687,Upregulated
AD_KSII_CORE2t,1.93781852034898,Unchanged
AD_KSII_CORE2tly,1.93781852034898,Unchanged
AD_KSII_CORE4t,1.94871152345054,Unchanged
AD_KSII_CORE4tly,1.94871152345054,Unchanged
AD_LALDO,1.00001458611497,Unchanged
AD_LAPCOAl,4.91882896739991,Upregulated
AD_LCADi_D,1.22415910899996,Unchanged
AD_LCADim,1.28868833376904,Unchanged
AD_LCYSTCBOXL,21.8226761268735,Upregulated
AD_LDH_Lm,3.51380927284617,Upregulated
AD_LEUKTRA4tr,1.28266178129471,Unchanged
AD_LEUKTRD4t,1.28266178129471,Unchanged
AD_LEUKTRD4tr,1.28266178129471,Unchanged
AD_LEUt4,1,Unchanged
AD_LINKDEG1ly,2.15873462433909,Upregulated
AD_LINKDEG2ly,1.95282286367244,Unchanged
AD_LINKDEG3ly,1.95282288842378,Unchanged
AD_LINKDEG4ly,1.98617497491882,Unchanged
AD_L_LACtcm,3.51381497531756,Upregulated
AD_LNELDCCPT1,33.0653010858359,Upregulated
AD_LNELDCCPT2,33.0652977930009,Upregulated
AD_LNLCCPT1,17.0459601801756,Upregulated
AD_LNLCCPT2,19.4665957010155,Upregulated
AD_LNLCCRNt,1,Unchanged
AD_LNLNCGCPT2,34.5126610900752,Upregulated
AD_LNLNCGCRNt,1,Unchanged
AD_LNLNCGt,4.97191744779976,Upregulated
AD_LNSTLSr,6.10989112179491,Upregulated
AD_LPASE,5.35716991636871,Upregulated
AD_LPCHOLt,5.3571698601845,Upregulated
AD_LPS,4.46310734234838,Upregulated
AD_LPS2,3.22147763598779,Upregulated
AD_LPS3,3.22147763598779,Upregulated
AD_LTC4Sr,1.28266178129471,Unchanged
AD_LTDCL,2.38136269778833,Upregulated
AD_MACACI,16.9275155455627,Upregulated
AD_MACOXO,2.96695923934219,Upregulated
AD_MAOLNOR,9.46726036236952,Upregulated
AD_MAOX,9.18576593058412,Upregulated
AD_MDHm,14.4441803195329,Upregulated
AD_MDRPD,8.39793529687043,Upregulated
AD_ME2,1959591.07604368,Upregulated
AD_MEVK1x,3.76360941415606,Upregulated
AD_MGSA,1.6547771628339,Unchanged
AD_MHISOR,2.96695923934219,Upregulated
AD_MI1345PP,1.2625764558197,Unchanged
AD_MI145PP,5.91106740350184e-07,Downregulated
AD_MI14Ptn,8.17156646693479e-06,Downregulated
AD_MI1PS,152.265455048253,Upregulated
AD_MINOHPtn,1.26257649271594,Unchanged
AD_MMEm,1.00001020156506,Unchanged
AD_MMMm,22.7216963370391,Upregulated
AD_MMSAD1m,1.33565747796501,Unchanged
AD_MMSAD3m,0.0131018338513581,Downregulated
AD_MMTSADm,1,Unchanged
AD_MTAP,8.39793529687043,Upregulated
AD_MTHFDm,551898.769478234,Upregulated
AD_N3Tg,1.93781852034898,Unchanged
AD_NABTNO,8.52468045087423,Upregulated
AD_NACHEX23ly,1.93781857042389,Unchanged
AD_NACHEX24ly,1.93781852179007,Unchanged
AD_NACHEX25ly,1.93781849922109,Unchanged
AD_NACHEX26ly,1.94871161240806,Unchanged
AD_NACHEX2ly,1.95282286367244,Unchanged
AD_NACHEXA1ly,1.9528230112411,Unchanged
AD_NACHEXA2ly,1.96652493635766,Unchanged
AD_NACHEXA3ly,1.95282279978146,Unchanged
AD_NACHEXA4ly,1.95282287923507,Unchanged
AD_NACHEXA5ly,1.97737320278596,Unchanged
AD_NACHEXA6ly,1.97737319877469,Unchanged
AD_NACHEXA7ly,1.98617479400334,Unchanged
AD_NACHEXA8ly,1.98617497491882,Unchanged
AD_NADPHtru,6.41006112194007e-05,Downregulated
AD_NADPHtxu,43.016606073006,Upregulated
AD_NADPtru,6.41005992970214e-05,Downregulated
AD_NADPtxu,43.0165891078476,Upregulated
AD_NAGA2ly,1.93781849922109,Unchanged
AD_NAGLCAly,1.93781849922109,Unchanged
AD_NBAHH_ir,3.22147775442803,Upregulated
AD_NCKt,11026963.9518724,Upregulated
AD_NDP7ex,3.45476279441619,Upregulated
AD_NDP7g,3.37885804755648,Upregulated
AD_NDP8ex,3.45476279441619,Upregulated
AD_NDPK10,1,Unchanged
AD_NDPK10n,1,Unchanged
AD_NDPK1m,1,Unchanged
AD_NDPK2n,1,Unchanged
AD_NDPK3m,90.4968810342524,Upregulated
AD_NDPK4m,0.824656584409336,Unchanged
AD_NDPK4n,1,Unchanged
AD_NDPK5m,1.99193224958351,Unchanged
AD_NDPK5n,1,Unchanged
AD_NDPK6m,1.69781830652384,Unchanged
AD_NDPK7m,1.36623269474489,Unchanged
AD_NDPK8m,0.824656646164681,Unchanged
AD_NDPK9n,1,Unchanged
AD_NICRNS,1.26257643170673,Unchanged
AD_NMNATr,11.6200233228998,Upregulated
AD_NMNS,0.830442293401812,Unchanged
AD_NORANMT,73.6286044126508,Upregulated
AD_NTD1m,1.99193220388834,Unchanged
AD_NTD2e,3.72014876228632,Upregulated
AD_NTD2l,1.26257648187233,Unchanged
AD_NTD4l,1.26257643824452,Unchanged
AD_NTD5l,1.26257641950316,Unchanged
AD_NTD7e,26.200252831008,Upregulated
AD_NTD7l,0.435770347656026,Downregulated
AD_NTD9l,3.79055995131333,Upregulated
AD_O2St,1.75312751472108,Unchanged
AD_O2Stm,79.4617468388003,Upregulated
AD_O2Stn,3.20934535816848,Upregulated
AD_O2Stx,0.00183481443108435,Downregulated
AD_O2tm,79.4617490384422,Upregulated
AD_O2tn,3.2093453582463,Upregulated
AD_O2tp,0.315218841848311,Downregulated
AD_OCCOAtx,603.710034016361,Upregulated
AD_OIVD1m,NaN,Unchanged
AD_OIVD2m,41.7800525101089,Upregulated
AD_OIVD3m,1.90177371884642,Unchanged
AD_ORNt3m,0.228088757985897,Downregulated
AD_ORNTArm,0.228089117075732,Downregulated
AD_P450LTB4r,26.0441920863852,Upregulated
AD_P5CDm,3.32335361395053e-06,Downregulated
AD_PA_HStn,8.17156646693479e-06,Downregulated
AD_PAIL_HStn,3.08712650923247e-07,Downregulated
AD_PAIL45P_HStn,4.58016306962768e-07,Downregulated
AD_PAIL4P_HStn,8.17156646693479e-06,Downregulated
AD_PAN4PP,1.26257650791111,Unchanged
AD_PAPStg,3.50954430947153,Upregulated
AD_PAPtg,3.50954450266954,Upregulated
AD_PCFLOPm,2.35669203267885,Upregulated
AD_PCHOL_HSter,2.81966687649435,Upregulated
AD_PCHOL_HStg,366990.437334153,Upregulated
AD_PCm,17.9770284735022,Upregulated
AD_PCRNtc,2.23755173636484e-05,Downregulated
AD_PDE1,3.22147763647112,Upregulated
AD_PDE4,3.22147745160443,Upregulated
AD_PDXPP,1.26257644745044,Unchanged
AD_PEAMNO,3.52223679277992,Upregulated
AD_PETHCT,9.94384910203948,Upregulated
AD_PETOHMm_hs,2.35669203267885,Upregulated
AD_PETOHMr_hs,2.81966687649435,Upregulated
AD_PFK26,1.26257643946995,Unchanged
AD_PGDI,1,Unchanged
AD_PHCDm,1.49951259797083,Unchanged
AD_PHCHGSm,1.49951232648907,Unchanged
AD_PHEMEtm,4.57403324584119,Upregulated
AD_PHEt4,1,Unchanged
AD_PHETA1m,0.456047994656437,Downregulated
AD_PHYCBOXL,3.52223679277992,Upregulated
AD_PI345P3P,1.26257643220293,Unchanged
AD_PI345P3Pn,1.26257642971876,Unchanged
AD_PI345P5P,1.26257652413857,Unchanged
AD_PI34P5K,1.26257648883377,Unchanged
AD_PI3P4K,0.631288039688903,Unchanged
AD_PI3P5K,1.26257635711247,Unchanged
AD_PI45P3K,1.26257639948368,Unchanged
AD_PI45P3Kn,1.26257642971876,Unchanged
AD_PI45P4P,6.17425486995452e-07,Downregulated
AD_PI45P5P,1.77332006522513e-06,Downregulated
AD_PI45PLC,5.91106740350184e-07,Downregulated
AD_PI4P3K,1.2625764331625,Unchanged
AD_PI4P5K,1.26257645450456,Unchanged
AD_PI4PLC,8.86660022048238e-07,Downregulated
AD_PI4PLCn,8.17156646693479e-06,Downregulated
AD_PI5P3K,1.2625764409093,Unchanged
AD_PI5P4K,1.26257651220802,Unchanged
AD_PIK3,1.26257648066792,Unchanged
AD_PIK4,0.631288178859067,Unchanged
AD_PIK5,1.2625764355199,Unchanged
AD_PIPLC,1.26257647272447,Unchanged
AD_PIter,0.201136585475273,Downregulated
AD_PItg,1.2625764754031,Unchanged
AD_PItx,1.00186069742332,Unchanged
AD_PLA2_2,4.6889217678927,Upregulated
AD_PLA2_2e,4.68892178707783,Upregulated
AD_PMEVKx,3.76360824870564,Upregulated
AD_PMI12346PHn,1.26257649271594,Unchanged
AD_PMTCOAtx,123.93978379793,Upregulated
AD_PNTEH,4.548202129902,Upregulated
AD_PPA2,4.20268361553447,Upregulated
AD_PPAer,0.201136589856048,Downregulated
AD_PPAm,0.0134459744202811,Downregulated
AD_PPDOy,1,Unchanged
AD_PPItr,0.862310876138674,Unchanged
AD_PPItx,0.496220665295356,Downregulated
AD_PPMI12346Ptn,1.26257649271594,Unchanged
AD_PRDX,23.8107094528088,Upregulated
AD_PRISTANALtx,4.00772498099626,Upregulated
AD_PRISTtx,4.00772498099626,Upregulated
AD_PROSTGE2t,3.13917509766347,Upregulated
AD_PSDm_hs,1.78457248006113,Unchanged
AD_PSFLIPm,1.78457248006113,Unchanged
AD_PSSA2_hs,15.7887037835302,Upregulated
AD_PTDCACRNt,1,Unchanged
AD_PTE2x,128.115528962402,Upregulated
AD_PTE3x,3.14068338547656,Upregulated
AD_PTE4x,3.14068341607424,Upregulated
AD_PTHPS,4.20268361553447,Upregulated
AD_PTRCAT1,8.52468045087423,Upregulated
AD_PTRCOX1,6.31933992836195,Upregulated
AD_PYDXDH,3.80455871766784,Upregulated
AD_PYDXK,2.52136720146158,Upregulated
AD_PYDXPP,0.341132237161435,Downregulated
AD_PYRt2p,0.720145634171739,Unchanged
AD_RDH1,2,Upregulated
AD_RDH1a,1,Unchanged
AD_RETFA,11.9958744596562,Upregulated
AD_RETNGLCt,0.593999545035223,Unchanged
AD_RETNGLCtr,0.593999545035223,Unchanged
AD_RNMK,0.555122909524232,Unchanged
AD_Rtotaltl,4.23571704578389,Upregulated
AD_S23T2g,1.93781852034898,Unchanged
AD_S23T4g,1.94871152345054,Unchanged
AD_S2T1g,1.97737320278596,Unchanged
AD_S2T2g,1.97737320278596,Unchanged
AD_S2T3g,1.96652507930959,Unchanged
AD_S2T4g,2.15873462433909,Upregulated
AD_S2TASE1ly,2.15873462433909,Upregulated
AD_S2TASE2ly,2.15873462433909,Upregulated
AD_S2TASE3ly,1.96652494207574,Unchanged
AD_S2TASE4ly,1.97737321153782,Unchanged
AD_S2TASE5ly,1.97737321153782,Unchanged
AD_S3T1g,2.15873462433909,Upregulated
AD_S3T2g,2.15873462433909,Upregulated
AD_S3T3g,2.15873462433909,Upregulated
AD_S3TASE1ly,2.15873462433909,Upregulated
AD_S3TASE2ly,2.15873462433909,Upregulated
AD_S3TASE3ly,2.15873462433909,Upregulated
AD_S4T1g,1.95282283963745,Unchanged
AD_S4T2g,1.9528230112411,Unchanged
AD_S4T3g,1.98617479400334,Unchanged
AD_S4T6g,1.96652507930959,Unchanged
AD_S4TASE2ly,1.95282286367244,Unchanged
AD_S6T16g,1.94871152345054,Unchanged
AD_S6T17g,1.94871152345054,Unchanged
AD_S6T18g,1.94871152345054,Unchanged
AD_S6T19g,1.95282291072655,Unchanged
AD_S6T1g,1.93781852034898,Unchanged
AD_S6T20g,1.95282279978146,Unchanged
AD_S6T21g,1.97737320278596,Unchanged
AD_S6T22g,1.98617479400334,Unchanged
AD_S6T23g,1.98617479400334,Unchanged
AD_S6T25g,2.15873462433909,Upregulated
AD_S6T2g,1.93781852034898,Unchanged
AD_S6T3g,1.93781852034898,Unchanged
AD_S6TASE1ly,2.15873462433909,Upregulated
AD_S6TASE22ly,1.93781852034898,Unchanged
AD_S6TASE23ly,1.93781857042389,Unchanged
AD_S6TASE24ly,1.93781852179007,Unchanged
AD_S6TASE25ly,1.94871152345054,Unchanged
AD_S6TASE26ly,1.94871161240806,Unchanged
AD_S6TASE2ly,2.15873462433909,Upregulated
AD_S6TASE3ly,2.15873462433909,Upregulated
AD_SACCD3m,1.13546429703104,Unchanged
AD_SADT,3.50954436071147,Upregulated
AD_SALMCOM,9.46726036236952,Upregulated
AD_SALMCOM2,7.27033512610469,Upregulated
AD_SAMHISTA,2.96695923934219,Upregulated
AD_SARDHm,8.24890519411726,Upregulated
AD_SBTD_D2,60.9711256360824,Upregulated
AD_SBTR,24.4952755491325,Upregulated
AD_SCP21x,1.26257647660596,Unchanged
AD_SCP22x,4.96049512356783,Upregulated
AD_SCP2x,728.140448268939,Upregulated
AD_SCPx,8.6024039751395,Upregulated
AD_Ser_Thrtg,1.93781849922109,Unchanged
AD_SERALANaEx,1,Unchanged
AD_SERASNNaEx,1,Unchanged
AD_SERCYSNaEx,1,Unchanged
AD_SERDGLNexR,1,Unchanged
AD_SERGLNNaEx,1,Unchanged
AD_SERPT,2.38555598985844,Upregulated
AD_SERTHRNaEx,1,Unchanged
AD_SFGTH,5.08734697990768,Upregulated
AD_SGALSIDEtg,3.80790532151231,Upregulated
AD_SGALSIDEtl,3.80790532151231,Upregulated
AD_SIAASE3ly,1.93781852034898,Unchanged
AD_SIAASE4ly,1.94871152345054,Unchanged
AD_sink_citr[c],2.70510124531632,Upregulated
AD_SMS,366990.452046143,Upregulated
AD_SO4tl,3.50954407069409,Upregulated
AD_SPHGNtr,3.31700694184247,Upregulated
AD_SPHINGStl,4.23571704578389,Upregulated
AD_SPHINGStr,3.18408104184786,Upregulated
AD_SPHK21c,1.26257638386919,Unchanged
AD_SPMDOX,3.07845268954472,Upregulated
AD_SPODMe,1.75312759646928,Unchanged
AD_SPODMn,3.2093453582463,Upregulated
AD_SPODMx,0.00183481444296855,Downregulated
AD_SPR,4.20268361553447,Upregulated
AD_SPRMS,2.32645758581594,Upregulated
AD_SQLEr,6.10989112179491,Upregulated
AD_SQLSr,263268510.838002,Upregulated
AD_ST3GAL21g,2.33519889857628,Upregulated
AD_ST6GALNAC31,2.33519889857628,Upregulated
AD_STRDNCCRNt,1,Unchanged
AD_SUCCtp,3.96685154698813,Upregulated
AD_SUCD1m,22.7216946842808,Upregulated
AD_SUCOASm,3569466.94210105,Upregulated
AD_THBPT4ACAMDASE,8.6110940984774,Upregulated
AD_THFt2,1,Unchanged
AD_THMMPt4,1,Unchanged
AD_THRALANaEx,1,Unchanged
AD_THRASNNaEx,1,Unchanged
AD_THRCYSNaEx,1,Unchanged
AD_THRGLNNaEx,1,Unchanged
AD_THRSERNaEx,1,Unchanged
AD_THYMDt1,1,Unchanged
AD_THYMDtl,1.26257641950316,Unchanged
AD_THYMt,1.66684301264889,Unchanged
AD_TMDPP,1.66684298641851,Unchanged
AD_TMNDNCCPT2,1364.40065393129,Upregulated
AD_TRDR,1.71681081903055,Unchanged
AD_TRIOK,2427932.4892826,Upregulated
AD_TRYPTAOX,6.99659777024586,Upregulated
AD_TSULt4_3,21.6109822531659,Upregulated
AD_TTDCAtr,1.02926603082052,Unchanged
AD_TYRCBOX,6.99659830125808,Upregulated
AD_TYROXDAc,6.99659886811639,Upregulated
AD_UAGALDP,3.22147739948317,Upregulated
AD_UDPACGALtl,3.59787642579668,Upregulated
AD_UDPGALtg,5.12153320855747,Upregulated
AD_UDPGD,0.617909561401946,Unchanged
AD_UDPGLCAtg,1.95282286947856,Unchanged
AD_UDPGP,3.22147744424041,Upregulated
AD_UDPtl,3.59787656830935,Upregulated
AD_UGALNACtg,5.16868519214541,Upregulated
AD_UGLCNACtg,1.94871154930008,Unchanged
AD_UGT1A10r,0.618697041438354,Unchanged
AD_UGT1A5r,0.593999545035223,Unchanged
AD_UMPK2,1,Unchanged
AD_UMPK2n,1,Unchanged
AD_UMPK3,1,Unchanged
AD_UMPK3n,1,Unchanged
AD_UMPK4,1,Unchanged
AD_UMPK4n,1,Unchanged
AD_UMPK5,1,Unchanged
AD_UMPK5n,1,Unchanged
AD_UMPK6,1,Unchanged
AD_UMPK6n,1,Unchanged
AD_UMPK7,1,Unchanged
AD_UMPK7n,1,Unchanged
AD_UMPKn,1,Unchanged
AD_UREAt5,13.3948490559833,Upregulated
AD_URIDK2m,1.69781830652384,Unchanged
AD_URIK1,1,Unchanged
AD_URIt,1.20938083779887e-07,Downregulated
AD_Uritl,1.26257648187233,Unchanged
AD_UROLACer,144.688234810753,Upregulated
AD_VACCt,10.7604367158856,Upregulated
AD_XOLEST2te,0.742116343480109,Unchanged
AD_XSERtg,1.95282283456557,Unchanged
AD_XYLTD_Dr,2.65869062367705,Upregulated
AD_XYLTer,1.95282283456557,Unchanged
AD_XYLtly,1.95282286653699,Unchanged
AD_XYLUR,1,Unchanged
AD_r0009,0.176411681866212,Downregulated
AD_r0016,28.7068140104121,Upregulated
AD_r0021,20648276.4423533,Upregulated
AD_r0023,27.5916844175708,Upregulated
AD_r0028,1.2625764820196,Unchanged
AD_r0033,1.64757517570609,Unchanged
AD_r0047,1.5078970147859e-06,Downregulated
AD_r0068,2.96000087191634,Upregulated
AD_r0074,3.32330569610033e-06,Downregulated
AD_r0081,6.17634530027857,Upregulated
AD_r0083,3.85878667743345,Upregulated
AD_r0084,1054709.47830944,Upregulated
AD_r0097,2.96000087191634,Upregulated
AD_r0160,1.21220995242433,Unchanged
AD_r0173,0.720145634171739,Unchanged
AD_r0191,1.14715920620002,Unchanged
AD_r0193,9.97238046959897,Upregulated
AD_r0196,1.00000016128004,Unchanged
AD_r0202,0.720145634161461,Unchanged
AD_r0208,86.4110998683105,Upregulated
AD_r0221,4.08829117770116,Upregulated
AD_r0224,1.04832189279188,Unchanged
AD_r0226,3.24298377284823,Upregulated
AD_r0245,9.66443286367477,Upregulated
AD_r0246,4.85579829220265,Upregulated
AD_r0276,3.16459937599757,Upregulated
AD_r0283,3.22147775442803,Upregulated
AD_r0308,1.2809150901814,Unchanged
AD_r0309,12817.6760252357,Upregulated
AD_r0310,29.7403287453848,Upregulated
AD_r0311,3.1781864895731,Upregulated
AD_r0317,1,Unchanged
AD_r0319,4.08829117770116,Upregulated
AD_r0340,4.85579829220265,Upregulated
AD_r0354,470.409881392324,Upregulated
AD_r0355,470.409691990164,Upregulated
AD_r0357,4710960.54203333,Upregulated
AD_r0358,4710960.79675645,Upregulated
AD_r0365,0.0131018338513581,Downregulated
AD_r0381,20.0125393418806,Upregulated
AD_r0383,0.517254409562636,Unchanged
AD_r0390,1,Unchanged
AD_r0391,0.460068016395404,Downregulated
AD_r0393,4.85579829220265,Upregulated
AD_r0407,1.14715860136586,Unchanged
AD_r0408,1,Unchanged
AD_r0409,1,Unchanged
AD_r0423,1.49951259804446,Unchanged
AD_r0424,1054709.47830944,Upregulated
AD_r0425,1.49951358375446,Unchanged
AD_r0426,1,Unchanged
AD_r0444,2.45723981522901,Upregulated
AD_r0450,1.13546429703104,Unchanged
AD_r0451,1.13546429703104,Unchanged
AD_r0463,3357.15789641067,Upregulated
AD_r0472,1.26195498418678,Unchanged
AD_r0474,101.392865181598,Upregulated
AD_r0480,6.45338341990496,Upregulated
AD_r0488,229.02598785682,Upregulated
AD_r0502,7.91446216199168,Upregulated
AD_r0510,28.7385710698705,Upregulated
AD_r0511,27.591672537642,Upregulated
AD_r0512,1.04833556456227,Unchanged
AD_r0514,6.33088426798828,Upregulated
AD_r0517,1.00000016128004,Unchanged
AD_r0527,0.460068016395404,Downregulated
AD_r0531,1.99999828151488,Unchanged
AD_r0539,4.548202129902,Upregulated
AD_r0541,1.13546429703104,Unchanged
AD_r0555,0.517254409562636,Unchanged
AD_r0557,1.13546429703104,Unchanged
AD_r0560,959066.2429987,Upregulated
AD_r0571,1.00001020156506,Unchanged
AD_r0578,1.26257647906399,Unchanged
AD_r0579,1.64757517570609,Unchanged
AD_r0584,3.22147753582009,Upregulated
AD_r0590,1.64757517570609,Unchanged
AD_r0591,10.2874018968152,Upregulated
AD_r0595,9.97238046959897,Upregulated
AD_r0596,0.0131018338513581,Downregulated
AD_r0610,1,Unchanged
AD_r0611,1,Unchanged
AD_r0633,35.128798297776,Upregulated
AD_r0634,711779.765082567,Upregulated
AD_r0636,566909.441964574,Upregulated
AD_r0638,1594115.83734837,Upregulated
AD_r0639,478576.367586825,Upregulated
AD_r0642,0.344668712580599,Downregulated
AD_r0643,1.00000682785102,Unchanged
AD_r0652,416418.654901078,Upregulated
AD_r0653,24220.901067326,Upregulated
AD_r0655,NaN,Unchanged
AD_r0661,58.7313115852404,Upregulated
AD_r0686,1,Unchanged
AD_r0688,1,Unchanged
AD_r0698,727.624280203504,Upregulated
AD_r0706,8.6024042493319,Upregulated
AD_r0714,24220.90107977,Upregulated
AD_r0715,52.5505398380625,Upregulated
AD_r0716,24220.901067326,Upregulated
AD_r0717,52.5505398107118,Upregulated
AD_r0718,478576.367586825,Upregulated
AD_r0719,52.5505398380625,Upregulated
AD_r0720,478985.859958348,Upregulated
AD_r0721,52.5505398380625,Upregulated
AD_r0722,NaN,Unchanged
AD_r0723,58.7313115852404,Upregulated
AD_r0724,NaN,Unchanged
AD_r0726,711779.765082567,Upregulated
AD_r0727,79.9982051385797,Upregulated
AD_r0728,715748.626879109,Upregulated
AD_r0729,79.9982051385797,Upregulated
AD_r0730,35.1295269081662,Upregulated
AD_r0731,35.1295269081662,Upregulated
AD_r0732,35.1295269081662,Upregulated
AD_r0735,208230.356307952,Upregulated
AD_r0739,9.03307420562101e-05,Downregulated
AD_r0743,8.60240372402349,Upregulated
AD_r0744,8.60240388381561,Upregulated
AD_r0758,34.5330099085833,Upregulated
AD_r0781,6.10989112179491,Upregulated
AD_r0782,2.88735509036395,Upregulated
AD_r0783,6302.90633191935,Upregulated
AD_r0784,1,Unchanged
AD_r0788,6.45338341990496,Upregulated
AD_r0789,6.45338341990496,Upregulated
AD_r0791,24.6748036240123,Upregulated
AD_r0795,9.97238046959897,Upregulated
AD_r0797,462.582017712373,Upregulated
AD_r0812,3.14068375741411,Upregulated
AD_r0818,0.363649369723096,Downregulated
AD_r0822,1.22743402639858,Unchanged
AD_r0838,0.143282417999752,Downregulated
AD_r0841,5.19472852723979,Upregulated
AD_r0853,1.5078970182968e-06,Downregulated
AD_r0860,3.76360824779966,Upregulated
AD_r0892,3.72014906362538,Upregulated
AD_r0899,2.32645799948618,Upregulated
AD_r0913,1,Unchanged
AD_r0915,1,Unchanged
AD_r0917,1,Unchanged
AD_r0926,4.85579829220265,Upregulated
AD_r0942,1311857.87986695,Upregulated
AD_r0954,3.76360941328229,Upregulated
AD_r0962,6.33088426798828,Upregulated
AD_r0973,1.64757517570609,Unchanged
AD_r0983,56.6596921933003,Upregulated
AD_r0984,56.6596921933003,Upregulated
AD_r0990,16.086838338089,Upregulated
AD_r0995,0.996915603804166,Unchanged
AD_r1000,2.45723981522901,Upregulated
AD_r1019,728.140426676676,Upregulated
AD_r1090,0.01,Downregulated
AD_r1106,4.47640661146222,Upregulated
AD_r1116,2.82241865832108,Upregulated
AD_r1134,6.10989029944415,Upregulated
AD_r1147,1,Unchanged
AD_r1148,1217.97324979712,Upregulated
AD_r1150,0.4357703476559,Downregulated
AD_r1154,10.2042274017332,Upregulated
AD_r1155,5.48839801066409e-05,Downregulated
AD_r1156,2.00805541635899,Upregulated
AD_r1164,3.1781864895731,Upregulated
AD_r1165,3.17818710608653,Upregulated
AD_r1166,3.17818702578659,Upregulated
AD_r1167,11.6443647189211,Upregulated
AD_r1168,3.17818677240811,Upregulated
AD_r1169,3.17818691267245,Upregulated
AD_r1170,10.0510019751631,Upregulated
AD_r1171,3.17818679354645,Upregulated
AD_r1172,3.1781864895731,Upregulated
AD_r1174,3.17818710608653,Upregulated
AD_r1175,3.17818702578659,Upregulated
AD_r1177,11.6443647189211,Upregulated
AD_r1179,3.17818677240811,Upregulated
AD_r1181,3.17818691267245,Upregulated
AD_r1182,10.0510019751631,Upregulated
AD_r1183,3.17818679354645,Upregulated
AD_r1251,3.17818710608653,Upregulated
AD_r1252,10.7938691255772,Upregulated
AD_r1253,0.892069527455167,Unchanged
AD_r1254,0.830545001433577,Unchanged
AD_r1255,3.17818682540261,Upregulated
AD_r1257,3.17818677240811,Upregulated
AD_r1259,3.26077438775551,Upregulated
AD_r1260,3.62525290230892,Upregulated
AD_r1262,3.17818679354645,Upregulated
AD_r1298,12.1139547468061,Upregulated
AD_r1364,3.26077458341921,Upregulated
AD_r1365,3.26077458341921,Upregulated
AD_r1377,1,Unchanged
AD_r1378,1,Unchanged
AD_r1382,1.26257654261216,Unchanged
AD_r1383,1.25085255875543,Unchanged
AD_r1384,3.79055984299028,Upregulated
AD_r1418,289802.199346969,Upregulated
AD_r1428,0.720145634161461,Unchanged
AD_r1429,0.720145634161461,Unchanged
AD_r1435,119.278860705959,Upregulated
AD_r1443,52.5505398380625,Upregulated
AD_r1444,52.5505398380625,Upregulated
AD_r1445,79.9982765927936,Upregulated
AD_r1446,2.53858369315472e-05,Downregulated
AD_r1447,29.7321299689893,Upregulated
AD_r1448,29.7321338652788,Upregulated
AD_r1449,29.7321325800288,Upregulated
AD_r1450,29.7321317965117,Upregulated
AD_r1451,29.7321334381027,Upregulated
AD_r1454,0.000667420204116354,Downregulated
AD_r1455,0.456047994656437,Downregulated
AD_r1467,31.3531829841453,Upregulated
AD_r1472,31.397826819441,Upregulated
AD_r1474,31.397826819441,Upregulated
AD_r1477,31.397826819441,Upregulated
AD_r1487,2.45723981522901,Upregulated
AD_r1664,1,Unchanged
AD_r1665,1,Unchanged
AD_r1666,1,Unchanged
AD_r1668,1,Unchanged
AD_r1669,1,Unchanged
AD_r1670,1,Unchanged
AD_r1671,1,Unchanged
AD_r1672,1,Unchanged
AD_r1673,1,Unchanged
AD_r1674,1,Unchanged
AD_r1675,1,Unchanged
AD_r1676,1,Unchanged
AD_r1677,1,Unchanged
AD_r1678,1,Unchanged
AD_r1679,1,Unchanged
AD_r1680,1,Unchanged
AD_r1681,1,Unchanged
AD_r1682,1,Unchanged
AD_r1683,1,Unchanged
AD_r1684,1,Unchanged
AD_r1685,1,Unchanged
AD_r1686,1,Unchanged
AD_r1687,1,Unchanged
AD_r1690,1,Unchanged
AD_r1691,1,Unchanged
AD_r1692,1,Unchanged
AD_r1693,1,Unchanged
AD_r1695,1,Unchanged
AD_r1696,1,Unchanged
AD_r1698,1,Unchanged
AD_r1700,1,Unchanged
AD_r1701,1,Unchanged
AD_r1702,1,Unchanged
AD_r1705,1,Unchanged
AD_r1706,1,Unchanged
AD_r1707,1,Unchanged
AD_r1708,1,Unchanged
AD_r1710,1,Unchanged
AD_r1711,1,Unchanged
AD_r1713,1,Unchanged
AD_r1715,1,Unchanged
AD_r1716,1,Unchanged
AD_r1717,1,Unchanged
AD_r1720,1,Unchanged
AD_r1721,1,Unchanged
AD_r1722,1,Unchanged
AD_r1723,1,Unchanged
AD_r1725,1,Unchanged
AD_r1726,1,Unchanged
AD_r1728,1,Unchanged
AD_r1730,1,Unchanged
AD_r1731,1,Unchanged
AD_r1732,1,Unchanged
AD_r1733,1,Unchanged
AD_r1734,1,Unchanged
AD_r1735,1,Unchanged
AD_r1736,1,Unchanged
AD_r1737,1,Unchanged
AD_r1738,1,Unchanged
AD_r1739,1,Unchanged
AD_r1740,1,Unchanged
AD_r1741,1,Unchanged
AD_r1742,1,Unchanged
AD_r1743,1,Unchanged
AD_r1744,1,Unchanged
AD_r1745,1,Unchanged
AD_r1746,1,Unchanged
AD_r1747,1,Unchanged
AD_r1748,1,Unchanged
AD_r1749,1,Unchanged
AD_r1750,1,Unchanged
AD_r1751,1,Unchanged
AD_r1752,1,Unchanged
AD_r1753,1,Unchanged
AD_r1754,1,Unchanged
AD_r1755,1,Unchanged
AD_r1756,1,Unchanged
AD_r1757,1,Unchanged
AD_r1758,1,Unchanged
AD_r1759,1,Unchanged
AD_r1760,1,Unchanged
AD_r1761,1,Unchanged
AD_r1762,1,Unchanged
AD_r1763,1,Unchanged
AD_r1764,1,Unchanged
AD_r1765,1,Unchanged
AD_r1766,1,Unchanged
AD_r1767,1,Unchanged
AD_r1768,1,Unchanged
AD_r1769,1,Unchanged
AD_r1770,1,Unchanged
AD_r1771,1,Unchanged
AD_r1772,1,Unchanged
AD_r1773,1,Unchanged
AD_r1774,1,Unchanged
AD_r1775,1,Unchanged
AD_r1776,1,Unchanged
AD_r1777,1,Unchanged
AD_r1778,1,Unchanged
AD_r1779,1,Unchanged
AD_r1780,1,Unchanged
AD_r1781,1,Unchanged
AD_r1782,1,Unchanged
AD_r1783,1,Unchanged
AD_r1784,1,Unchanged
AD_r1785,1,Unchanged
AD_r1786,1,Unchanged
AD_r1787,1,Unchanged
AD_r1788,1,Unchanged
AD_r1789,1,Unchanged
AD_r1790,1,Unchanged
AD_r1791,1,Unchanged
AD_r1792,1,Unchanged
AD_r1796,1,Unchanged
AD_r1797,1,Unchanged
AD_r1798,1,Unchanged
AD_r1799,1,Unchanged
AD_r1800,1,Unchanged
AD_r1801,1,Unchanged
AD_r1803,1,Unchanged
AD_r1805,1,Unchanged
AD_r1806,1,Unchanged
AD_r1807,1,Unchanged
AD_r1808,1,Unchanged
AD_r1809,1,Unchanged
AD_r1810,1,Unchanged
AD_r1811,1,Unchanged
AD_r1812,1,Unchanged
AD_r1813,1,Unchanged
AD_r1814,1,Unchanged
AD_r1815,1,Unchanged
AD_r1816,1,Unchanged
AD_r1817,1,Unchanged
AD_r1818,1,Unchanged
AD_r1819,1,Unchanged
AD_r1820,1,Unchanged
AD_r1821,1,Unchanged
AD_r1822,1,Unchanged
AD_r1823,1,Unchanged
AD_r1824,1,Unchanged
AD_r1825,1,Unchanged
AD_r1826,1,Unchanged
AD_r1827,1,Unchanged
AD_r1828,1,Unchanged
AD_r1829,1,Unchanged
AD_r1830,1,Unchanged
AD_r1831,1,Unchanged
AD_r1832,1,Unchanged
AD_r1833,1,Unchanged
AD_r1834,1,Unchanged
AD_r1835,1,Unchanged
AD_r1836,1,Unchanged
AD_r1837,1,Unchanged
AD_r1841,1,Unchanged
AD_r1842,1,Unchanged
AD_r1843,1,Unchanged
AD_r1844,1,Unchanged
AD_r1846,1,Unchanged
AD_r1847,1,Unchanged
AD_r1848,1,Unchanged
AD_r1850,1,Unchanged
AD_r1851,1,Unchanged
AD_r1852,1,Unchanged
AD_r1853,1,Unchanged
AD_r1854,1,Unchanged
AD_r1855,1,Unchanged
AD_r1856,1,Unchanged
AD_r1857,1,Unchanged
AD_r1858,1,Unchanged
AD_r1859,1,Unchanged
AD_r1860,1,Unchanged
AD_r1861,1,Unchanged
AD_r1862,1,Unchanged
AD_r1863,1,Unchanged
AD_r1864,1,Unchanged
AD_r1865,1,Unchanged
AD_r1866,1,Unchanged
AD_r1867,1,Unchanged
AD_r1871,1,Unchanged
AD_r1872,1,Unchanged
AD_r1873,1,Unchanged
AD_r1874,1,Unchanged
AD_r1876,1,Unchanged
AD_r1877,1,Unchanged
AD_r1879,1,Unchanged
AD_r1880,1,Unchanged
AD_r1881,1,Unchanged
AD_r1882,1,Unchanged
AD_r1883,1,Unchanged
AD_r1884,1,Unchanged
AD_r1885,1,Unchanged
AD_r1886,1,Unchanged
AD_r1887,1,Unchanged
AD_r1888,1,Unchanged
AD_r1889,1,Unchanged
AD_r1890,1,Unchanged
AD_r1891,1,Unchanged
AD_r1892,1,Unchanged
AD_r1893,1,Unchanged
AD_r1894,1,Unchanged
AD_r1895,1,Unchanged
AD_r1896,1,Unchanged
AD_r1897,1,Unchanged
AD_r1898,1,Unchanged
AD_r1899,1,Unchanged
AD_r1900,1,Unchanged
AD_r1901,1,Unchanged
AD_r1902,1,Unchanged
AD_r1903,1,Unchanged
AD_r1904,1,Unchanged
AD_r1905,1,Unchanged
AD_r1906,1,Unchanged
AD_r1907,1,Unchanged
AD_r1908,1,Unchanged
AD_r1909,1,Unchanged
AD_r1910,1,Unchanged
AD_r1911,1,Unchanged
AD_r1912,1,Unchanged
AD_r1913,1,Unchanged
AD_r1914,1,Unchanged
AD_r1915,1,Unchanged
AD_r1916,1,Unchanged
AD_r1917,1,Unchanged
AD_r1918,1,Unchanged
AD_r1919,1,Unchanged
AD_r1920,1,Unchanged
AD_r1921,1,Unchanged
AD_r1922,1,Unchanged
AD_r1923,1,Unchanged
AD_r1924,1,Unchanged
AD_r1925,1,Unchanged
AD_r1926,1,Unchanged
AD_r1928,1,Unchanged
AD_r1929,1,Unchanged
AD_r1930,1,Unchanged
AD_r1931,1,Unchanged
AD_r1932,1,Unchanged
AD_r1933,1,Unchanged
AD_r1934,1,Unchanged
AD_r1935,1,Unchanged
AD_r1936,1,Unchanged
AD_r1937,1,Unchanged
AD_r1938,1,Unchanged
AD_r1939,1,Unchanged
AD_r1940,1,Unchanged
AD_r1941,1,Unchanged
AD_r1942,1,Unchanged
AD_r1943,1,Unchanged
AD_r1944,1,Unchanged
AD_r1945,1,Unchanged
AD_r1946,1,Unchanged
AD_r1947,1,Unchanged
AD_r1948,1,Unchanged
AD_r1949,1,Unchanged
AD_r1950,1,Unchanged
AD_r1951,1,Unchanged
AD_r1952,1,Unchanged
AD_r1953,1,Unchanged
AD_r1954,1,Unchanged
AD_r1955,1,Unchanged
AD_r1956,1,Unchanged
AD_r1957,1,Unchanged
AD_r1958,1,Unchanged
AD_r1959,1,Unchanged
AD_r1960,1,Unchanged
AD_r1961,1,Unchanged
AD_r1962,1,Unchanged
AD_r1963,1,Unchanged
AD_r1964,1,Unchanged
AD_r1965,1,Unchanged
AD_r1966,1,Unchanged
AD_r1967,1,Unchanged
AD_r1968,1,Unchanged
AD_r1969,1,Unchanged
AD_r1970,1,Unchanged
AD_r1971,1,Unchanged
AD_r1972,1,Unchanged
AD_r1973,1,Unchanged
AD_r1974,1,Unchanged
AD_r1975,1,Unchanged
AD_r1976,1,Unchanged
AD_r1977,1,Unchanged
AD_r1978,1,Unchanged
AD_r1979,1,Unchanged
AD_r1980,1,Unchanged
AD_r1981,1,Unchanged
AD_r1982,1,Unchanged
AD_r1983,1,Unchanged
AD_r1984,1,Unchanged
AD_r1985,1,Unchanged
AD_r1986,1,Unchanged
AD_r1987,1,Unchanged
AD_r1988,1,Unchanged
AD_r1989,1,Unchanged
AD_r1990,1,Unchanged
AD_r1991,1,Unchanged
AD_r2191,0.676082818289698,Unchanged
AD_r2364,36.9553783895346,Upregulated
AD_r2371,1,Unchanged
AD_r2372,1,Unchanged
AD_r2373,1,Unchanged
AD_r2374,1,Unchanged
AD_r2375,1,Unchanged
AD_r2376,1,Unchanged
AD_r2377,1,Unchanged
AD_r2378,1,Unchanged
AD_r2379,1,Unchanged
AD_r2380,1,Unchanged
AD_r2381,5.48839795563987e-05,Downregulated
AD_r2382,5.48839792023155e-05,Downregulated
AD_r2384,5.48839822083316e-05,Downregulated
AD_r2385,5.48839789306777e-05,Downregulated
AD_r2386,5.48839725184897e-05,Downregulated
AD_r2387,5.48839747068881e-05,Downregulated
AD_r2388,5.48839871680758e-05,Downregulated
AD_r2389,5.48839801697591e-05,Downregulated
AD_r2390,5.48839723026914e-05,Downregulated
AD_r2391,5.48839813960351e-05,Downregulated
AD_r2392,5.48839922334254e-05,Downregulated
AD_r2393,1,Unchanged
AD_r2394,1,Unchanged
AD_r2403,1.13546429703104,Unchanged
AD_r2420,36494.2925258045,Upregulated
AD_r2434,566909.441964574,Upregulated
AD_r2436,51505153.4935461,Upregulated
AD_r2437,4.94124513542325,Upregulated
AD_r2497,1.2809150901814,Unchanged
AD_r2509,18.2431594303343,Upregulated
AD_r2510,7.58609847707787,Upregulated
AD_r2512,11.4721554184124,Upregulated
AD_r2514,2.45723981522901,Upregulated
AD_r2516,0.720145634171739,Unchanged
AD_r2519,9.10649969933269,Upregulated
AD_r2537,5.35159380216643e-06,Downregulated
AD_r2538,0.998459010135528,Unchanged
AD_RE0453M,0.854267914119165,Unchanged
AD_RE0453N,1,Unchanged
AD_RE0512M,21.9316113895691,Upregulated
AD_RE0512X,12.5087280209644,Upregulated
AD_RE0565C,16.0389509840317,Upregulated
AD_RE0566C,16.0389509842385,Upregulated
AD_RE0567C,16.0389509842385,Upregulated
AD_RE0568C,16.0389509842385,Upregulated
AD_RE0569C,16.0389525797497,Upregulated
AD_RE0570C,16.0389525807571,Upregulated
AD_RE0571C,16.0389525807571,Upregulated
AD_RE0574C,38.3945133469753,Upregulated
AD_RE0575C,38.3945133469753,Upregulated
AD_RE0576C,38.3945133469753,Upregulated
AD_RE0578C,0.0918128973176582,Downregulated
AD_RE0579C,5.2487205983991,Upregulated
AD_RE0581C,936.840387620006,Upregulated
AD_RE0830C,4.20268358686185,Upregulated
AD_RE0830N,1,Unchanged
AD_RE1441R,1.25061417242929,Unchanged
AD_RE1447M,1.99193232181577,Unchanged
AD_RE1447N,4.58016306962768e-07,Downregulated
AD_RE1448N,3.08712650923247e-07,Downregulated
AD_RE1448R,1.25061417242929,Unchanged
AD_RE1516M,21.9316113890079,Upregulated
AD_RE1516X,12.5087280209644,Upregulated
AD_RE1517M,21.9316113890079,Upregulated
AD_RE1517X,12.5087280209644,Upregulated
AD_RE1518M,38.2870911686958,Upregulated
AD_RE1518X,32.3510834334965,Upregulated
AD_RE1519X,2.35016148115832,Upregulated
AD_RE1520M,21.9316123429088,Upregulated
AD_RE1520X,32.3510834334965,Upregulated
AD_RE1521M,31.2500607227915,Upregulated
AD_RE1521X,32.3510834334965,Upregulated
AD_RE1522M,21.9316149814171,Upregulated
AD_RE1522X,32.3510834334965,Upregulated
AD_RE1523M,21.9316113890079,Upregulated
AD_RE1523X,12.5087280209644,Upregulated
AD_RE1525M,21.9316149814171,Upregulated
AD_RE1525X,32.3510834334965,Upregulated
AD_RE1526M,31.2500607227915,Upregulated
AD_RE1526X,32.3510834334965,Upregulated
AD_RE1527M,21.9316123429088,Upregulated
AD_RE1527X,32.3510834334965,Upregulated
AD_RE1530M,1.99193224958351,Unchanged
AD_RE1531M,21.9316113890079,Upregulated
AD_RE1531X,12.5087280209644,Upregulated
AD_RE1532M,21.9316149814171,Upregulated
AD_RE1532X,32.3510834334965,Upregulated
AD_RE1533M,31.2500607227915,Upregulated
AD_RE1533X,32.3510834334965,Upregulated
AD_RE1534M,21.9316123429088,Upregulated
AD_RE1534X,32.3510834334965,Upregulated
AD_RE1573M,31.2500607227915,Upregulated
AD_RE1573X,32.3510834334965,Upregulated
AD_RE1709N,1,Unchanged
AD_RE1807C,1.68534351403823,Unchanged
AD_RE1834M,5.80346973651443,Upregulated
AD_RE1836X,59.7223919288204,Upregulated
AD_RE1915C,1.26257645887646,Unchanged
AD_RE1916C,1.26257645887646,Unchanged
AD_RE1957R,1.25061418394211,Unchanged
AD_RE2112C,32.7539292146689,Upregulated
AD_RE2122C,6.37156893803945,Upregulated
AD_RE2346C,5.84665895412735,Upregulated
AD_RE2407C,7.68114628631205,Upregulated
AD_RE2410C,0.159915800739932,Downregulated
AD_RE2624M,10.9628750544323,Upregulated
AD_RE2624X,8.60240374304715,Upregulated
AD_RE2626C,1,Unchanged
AD_RE2626M,1.49951259804617,Unchanged
AD_RE2649C,1.79796832815724,Unchanged
AD_RE2649M,4.08829150044533,Upregulated
AD_RE2660N,1,Unchanged
AD_RE2677R,4.23571692340941,Upregulated
AD_RE2759X,3.14068338547656,Upregulated
AD_RE2888C,13.3948485790238,Upregulated
AD_RE2912M,22.8121990719709,Upregulated
AD_RE2954C,1.00000006436266,Unchanged
AD_RE2972M,1.99193232181577,Unchanged
AD_RE2973N,1.37258250905499,Unchanged
AD_RE2985M,25.5270943453572,Upregulated
AD_RE2985X,49.6578446471942,Upregulated
AD_RE2986X,49.6578446471942,Upregulated
AD_RE2987X,49.6578446471942,Upregulated
AD_RE2988X,49.6578446471942,Upregulated
AD_RE2989X,31.820683767546,Upregulated
AD_RE2990X,31.820683767546,Upregulated
AD_RE2991X,31.820683767546,Upregulated
AD_RE2992M,27.9454891456189,Upregulated
AD_RE2992X,31.820683767546,Upregulated
AD_RE2993X,31.820683767546,Upregulated
AD_RE2994X,31.8206837667986,Upregulated
AD_RE2996X,49.6578446471942,Upregulated
AD_RE2997X,31.8206837667986,Upregulated
AD_RE2998M,49.1921156215994,Upregulated
AD_RE2999M,40.4965714301294,Upregulated
AD_RE3000M,40.4965714301294,Upregulated
AD_RE3001M,40.4965714301294,Upregulated
AD_RE3002X,49.6578446471942,Upregulated
AD_RE3003M,40.4965714301294,Upregulated
AD_RE3004M,40.4965714301294,Upregulated
AD_RE3005M,40.4965714301294,Upregulated
AD_RE3006M,40.4965714301294,Upregulated
AD_RE3010M,1.49951259796722,Unchanged
AD_RE3011M,8.67326045919526,Upregulated
AD_RE3011R,26.0441920863852,Upregulated
AD_RE3012C,7.82024640278137,Upregulated
AD_RE3012M,8.67326045919526,Upregulated
AD_RE3012R,26.0441920863852,Upregulated
AD_RE3073X,4.00475868607482,Upregulated
AD_RE3074X,3.14068338547656,Upregulated
AD_RE3095C,2.94597228006055,Upregulated
AD_RE3103C,39.1476281832435,Upregulated
AD_RE3104C,39.1476293728735,Upregulated
AD_RE3106C,29.6569774867512,Upregulated
AD_RE3110C,29.6569774865789,Upregulated
AD_RE3112C,29.6569774867512,Upregulated
AD_RE3113C,29.6569774867512,Upregulated
AD_RE3114R,3.26077485156064,Upregulated
AD_RE3119C,549.210747145368,Upregulated
AD_RE3120C,549.210747144852,Upregulated
AD_RE3121C,549.210747145368,Upregulated
AD_RE3122C,549.210742621503,Upregulated
AD_RE3132R,2.86788628846723,Upregulated
AD_RE3134C,0.159915800723841,Downregulated
AD_RE3136C,7.68114628631205,Upregulated
AD_RE3146R,3.17818691846437,Upregulated
AD_RE3151C,4.67080820936355,Upregulated
AD_RE3152C,4.6708082093266,Upregulated
AD_RE3153C,4.6708082093266,Upregulated
AD_RE3154C,86.937231335261,Upregulated
AD_RE3160R,3.17818679800139,Upregulated
AD_RE3161C,20.2683507905104,Upregulated
AD_RE3162C,20.2683507905104,Upregulated
AD_RE3163C,20.2683507905104,Upregulated
AD_RE3164C,20.2683507905104,Upregulated
AD_RE3165C,25.7128428141547,Upregulated
AD_RE3166C,25.7128428141547,Upregulated
AD_RE3167C,25.7128428141547,Upregulated
AD_RE3168C,25.7128428141547,Upregulated
AD_RE3169C,81.901498886675,Upregulated
AD_RE3170C,81.9014988859017,Upregulated
AD_RE3171C,81.901498886675,Upregulated
AD_RE3172C,81.901498886675,Upregulated
AD_RE3173C,288.455274255153,Upregulated
AD_RE3174C,288.455280828785,Upregulated
AD_RE3175C,288.455280828785,Upregulated
AD_RE3176C,288.455274255153,Upregulated
AD_RE3180C,0.159915832465493,Downregulated
AD_RE3181C,0.159915832477561,Downregulated
AD_RE3224C,34.2247537582729,Upregulated
AD_RE3225C,33.7951839491252,Upregulated
AD_RE3226C,175.711598932831,Upregulated
AD_RE3227C,34.2247537582729,Upregulated
AD_RE3228C,34.2247537582729,Upregulated
AD_RE3229C,34.2247537582729,Upregulated
AD_RE3230C,33.7951839491252,Upregulated
AD_RE3231C,33.7951777510184,Upregulated
AD_RE3232C,33.7951839491252,Upregulated
AD_RE3234C,175.711598932831,Upregulated
AD_RE3235C,175.711598932831,Upregulated
AD_RE3236C,175.711598932831,Upregulated
AD_RE3239C,1.1138677814204,Unchanged
AD_RE3241C,192.365986831285,Upregulated
AD_RE3242C,192.365986831285,Upregulated
AD_RE3243C,192.365986831285,Upregulated
AD_RE3244C,192.365986831285,Upregulated
AD_RE3247M,10.9628750544323,Upregulated
AD_RE3247X,8.60240374304715,Upregulated
AD_RE3268R,1.25061418394211,Unchanged
AD_RE3269C,1.26257643726381,Unchanged
AD_RE3273C,0.34007792031917,Downregulated
AD_RE3346C,1,Unchanged
AD_RE3346M,1.49951259804617,Unchanged
AD_RE3411C,5.84665895412735,Upregulated
AD_RE3413C,5.84665895412735,Upregulated
AD_RE3417C,5.84665895412735,Upregulated
AD_RE3420C,5.84665895412735,Upregulated
AD_RE3431C,1,Unchanged
AD_RE3432C,1,Unchanged
AD_RE3496C,36.9553783895346,Upregulated
AD_RE3525M,8.67326014114115,Upregulated
AD_RE3597M,8.67326045919526,Upregulated
AD_RE3597X,103673021.062122,Upregulated
AD_RE3624M,40.4965714301294,Upregulated
AD_RE3626M,28.1781670033002,Upregulated
AD_RE3628M,23.1618173855545,Upregulated
AD_biomass_reaction,1.36060034617891,Unchanged
AD_2MB2COAc,NaN,Unchanged
AD_3HBCOARc,NaN,Unchanged
AD_BCRNe,NaN,Unchanged
AD_C10OHc,NaN,Unchanged
AD_C12OHc,NaN,Unchanged
AD_C141ACBP,NaN,Unchanged
AD_C141OHc,NaN,Unchanged
AD_C141OHe,NaN,Unchanged
AD_C142ACBP,NaN,Unchanged
AD_C142OHc,NaN,Unchanged
AD_C142OHe,NaN,Unchanged
AD_C14OHc,NaN,Unchanged
AD_C161OHc,NaN,Unchanged
AD_C162ACBP,NaN,Unchanged
AD_C162OHc,NaN,Unchanged
AD_C162OHe,NaN,Unchanged
AD_C16OHc,NaN,Unchanged
AD_C181OHc,NaN,Unchanged
AD_C182OHc,NaN,Unchanged
AD_C18OHc,NaN,Unchanged
AD_C4DCCACT,3.96685154698813,Upregulated
AD_C4OHc,NaN,Unchanged
AD_C4tcx,4904.94575790611,Upregulated
AD_C4x,4904.94575790611,Upregulated
AD_C50CPT1,NaN,Unchanged
AD_C51CPT1,NaN,Unchanged
AD_C80CPT1,566909.441964574,Upregulated
AD_C9BRxtc,4.96049512356783,Upregulated
AD_DDCRNe,NaN,Unchanged
AD_DECCRNe,NaN,Unchanged
AD_DOCO13EFATP,0,Downregulated
AD_DOCOSDIACTD,21.3447171317843,Upregulated
AD_FAOXC101C102m,21.9376501965399,Upregulated
AD_FAOXC101C102x,14.0742928307422,Upregulated
AD_FAOXC101C8x,79.9982570326167,Upregulated
AD_FAOXC101x,32.3510970035383,Upregulated
AD_FAOXC102C101m,21.937659321771,Upregulated
AD_FAOXC102C103m,27.8966344715286,Upregulated
AD_FAOXC102C103x,41.9418941507395,Upregulated
AD_FAOXC102C81m,27.8966344715286,Upregulated
AD_FAOXC102C81x,41.9418941507395,Upregulated
AD_FAOXC102m,27.8966344715286,Upregulated
AD_FAOXC102x,41.9418941507395,Upregulated
AD_FAOXC103C102m,27.8966344715286,Upregulated
AD_FAOXC103C102x,41.9418941507395,Upregulated
AD_FAOXC10DCC8DCx,19.5223270477184,Upregulated
AD_FAOXC121C10x,58.7313566774655,Upregulated
AD_FAOXC121x,85.533651216003,Upregulated
AD_FAOXC122C101m,107.992144484031,Upregulated
AD_FAOXC122m,107.992144484031,Upregulated
AD_FAOXC122x,38.2384443119342,Upregulated
AD_FAOXC123C102m,27.8966344715286,Upregulated
AD_FAOXC123C102x,41.9418941507395,Upregulated
AD_FAOXC123m,27.8966344715286,Upregulated
AD_FAOXC123x,41.9418941507395,Upregulated
AD_FAOXC12DCC10DCx,17.5879092338083,Upregulated
AD_FAOXC141C141OHm,NaN,Unchanged
AD_FAOXC142C122m,107.992144484031,Upregulated
AD_FAOXC142C122x,38.2384443119342,Upregulated
AD_FAOXC142C142OHm,NaN,Unchanged
AD_FAOXC143C123m,27.8966344715286,Upregulated
AD_FAOXC143C123x,41.9418941507395,Upregulated
AD_FAOXC14DCC12DCx,17.5879092338083,Upregulated
AD_FAOXC161C141m,NaN,Unchanged
AD_FAOXC161C161OHm,NaN,Unchanged
AD_FAOXC162C162OHm,NaN,Unchanged
AD_FAOXC163C142x,38.2384443119342,Upregulated
AD_FAOXC163C164Gm,103.888731503634,Upregulated
AD_FAOXC163C164x,38.2384443119342,Upregulated
AD_FAOXC163GC142m,103.888731503634,Upregulated
AD_FAOXC163Gm,103.888731503634,Upregulated
AD_FAOXC163x,38.2384443119342,Upregulated
AD_FAOXC164C143m,27.06135480662,Upregulated
AD_FAOXC164C143x,41.9418941507395,Upregulated
AD_FAOXC164C163x,38.2384443119342,Upregulated
AD_FAOXC164C165m,27.06135480662,Upregulated
AD_FAOXC164C165x,41.9418941507395,Upregulated
AD_FAOXC164GC163m,103.888731503634,Upregulated
AD_FAOXC164m,27.06135480662,Upregulated
AD_FAOXC164x,41.9418941507395,Upregulated
AD_FAOXC165C164m,27.06135480662,Upregulated
AD_FAOXC165C164x,41.9418941507395,Upregulated
AD_FAOXC16BRx,3.14068341607424,Upregulated
AD_FAOXC16C16OHm,NaN,Unchanged
AD_FAOXC16DCC14DCx,17.5879092338083,Upregulated
AD_FAOXC16DCr,17.5879092338083,Upregulated
AD_FAOXC181C181OHm,NaN,Unchanged
AD_FAOXC182C182OHm,NaN,Unchanged
AD_FAOXC184C163m,27.0785680770874,Upregulated
AD_FAOXC184C163x,38.2384443119342,Upregulated
AD_FAOXC184C164x,41.9418941507395,Upregulated
AD_FAOXC184m,27.0785680770874,Upregulated
AD_FAOXC184x,38.2384443119342,Upregulated
AD_FAOXC185C164m,22.8938709999877,Upregulated
AD_FAOXC185m,22.8938709999877,Upregulated
AD_FAOXC18C18OHm,NaN,Unchanged
AD_FAOXC204C184m,27.0785680770874,Upregulated
AD_FAOXC204C205x,38.2384443119342,Upregulated
AD_FAOXC205C184x,38.2384443119342,Upregulated
AD_FAOXC205C185m,22.8938709999877,Upregulated
AD_FAOXC225C204m,27.0785680770874,Upregulated
AD_FAOXC225C204x,38.2384443119342,Upregulated
AD_FAOXC225C226m,27.0785680770874,Upregulated
AD_FAOXC225C226x,38.2384443119342,Upregulated
AD_FAOXC225m,27.0785680770874,Upregulated
AD_FAOXC225x,38.2384443119342,Upregulated
AD_FAOXC226C205m,22.8938709999877,Upregulated
AD_FAOXC226C225m,27.0785680770874,Upregulated
AD_FAOXC226C225x,38.2384443119342,Upregulated
AD_FAOXC226C227m,22.8938709999877,Upregulated
AD_FAOXC226m,22.8938709999877,Upregulated
AD_FAOXC227C226m,22.8938709999877,Upregulated
AD_FAOXC22OHC22r,21.3447171317843,Upregulated
AD_FAOXC4C4DCc,3.96685154698813,Upregulated
AD_FAOXC5C5OHm,NaN,Unchanged
AD_FAOXC5OHc,NaN,Unchanged
AD_FAOXC61C4m,21758.3321662533,Upregulated
AD_FAOXC61m,27.8966344715286,Upregulated
AD_FAOXC61x,41.9418941507395,Upregulated
AD_FAOXC81C61m,27.8966344715286,Upregulated
AD_FAOXC81C61x,41.9418941507395,Upregulated
AD_FAOXOHC16C16DCc,17.5879092338083,Upregulated
AD_FAOXOHC22C22DCc,21.3447171317843,Upregulated
AD_FAOXTC101TC102m,32.6642574589695,Upregulated
AD_FAOXTC102C101m,32.6642574589695,Upregulated
AD_FAOXTC122TC101m,32.6642574589695,Upregulated
AD_FAOXTC122m,32.6642574589695,Upregulated
AD_FAOXTC142TC122m,32.6642574589695,Upregulated
AD_FAOXTC162TC142m,32.6642586547103,Upregulated
AD_FAOXTC182TC162m,32.6642580241946,Upregulated
AD_FOAXC122C101x,38.2384443119342,Upregulated
AD_HDCACBP,NaN,Unchanged
AD_HDDACBP,NaN,Unchanged
AD_HDECAACBP,NaN,Unchanged
AD_HDECEACBP,NaN,Unchanged
AD_HEDCECRNe,NaN,Unchanged
AD_HEXCOAACBP,1.23719284629037,Unchanged
AD_HEXDCRNe,NaN,Unchanged
AD_HEXDIACtr,17.5879092338083,Upregulated
AD_HEXDICOAACBPx,17.5879092338083,Upregulated
AD_HIVCACBP,NaN,Unchanged
AD_HIVCRNe,NaN,Unchanged
AD_HOCDACBP,NaN,Unchanged
AD_HOCTDACBP,NaN,Unchanged
AD_HOCTDEC2CRNe,NaN,Unchanged
AD_HOCTDECCRNe,NaN,Unchanged
AD_HTDCACBP,NaN,Unchanged
AD_HTDCRNe,NaN,Unchanged
AD_IVCOAACBP,NaN,Unchanged
AD_IVCRNe,NaN,Unchanged
AD_OCD11COACPT1,35.6141535096449,Upregulated
AD_OCD11CRNCACT,35.6141535096449,Upregulated
AD_OCD11CRNCPT2,35.6141535096449,Upregulated
AD_OCT11EFATP,10.7604367158856,Upregulated
AD_OCTDEC2ACBP,NaN,Unchanged
AD_OCTDECCACT,NaN,Unchanged
AD_OCTDECCPT1,NaN,Unchanged
AD_OCTDECCPT2,NaN,Unchanged
AD_OCTDECE1CRNe,NaN,Unchanged
AD_sink_octdececoa[c],NaN,Unchanged
AD_OMHDOCOSACTD,21.3447171317843,Upregulated
AD_SCP21cx,1.26257647660596,Unchanged
AD_SUCCCROT,3.96685154698813,Upregulated
AD_SUCCOAPET,3.96685154698813,Upregulated
AD_TIGCRNe,NaN,Unchanged
AD_ALAALACNc,235047.950346276,Upregulated
AD_GLYGLYCNc,1.3123689517597,Unchanged
AD_PCHOLHSTDe,5.35717032651599,Upregulated
AD_PEHSFABPe,6.34462703548696,Upregulated
AD_PROGLYPRO1c,1,Unchanged
AD_ASPDTDe,1.04530618822588,Unchanged
AD_ASPte,1.04530618823215,Unchanged
AD_CHOLESACATc,0.742116272145649,Unchanged
AD_CHOLESTle,0.742116343480109,Unchanged
AD_DM_taur[c],20.0125372341784,Upregulated
AD_DPMVDc,0.140554547856494,Downregulated
AD_FADH2ETC,2.64017350780842,Upregulated
AD_FRDPtcr,4.5954805007063,Upregulated
AD_G6PDH2c,12.3203213702409,Upregulated
AD_GLYCTDle,1,Unchanged
AD_GNDc,0.000118955699560579,Downregulated
AD_IPDDI,0.999999763952985,Unchanged
AD_MEVK1c,0.140554547856494,Downregulated
AD_PGLc,12.3203213702409,Upregulated
AD_PMEVKc,0.1405543290496,Downregulated
AD_PPItm,0.315015966701052,Downregulated
AD_PTCRTD,6.31934095780442,Upregulated
AD_RPEc,1.00001073104324,Unchanged
AD_RTOTAL2FATPc,4.68892178707783,Upregulated
AD_RTOTALFATPc,1.43085910513875,Unchanged
AD_SFCYSc,21.6109591890586,Upregulated
AD_SFCYSe,21.6109591890586,Upregulated
AD_sink_5hpet[c],11202389.0581062,Upregulated
AD_5MTAte,6.210363448586,Upregulated
AD_AHCYSte,0.933107849198983,Unchanged
AD_IDOURte,2.15873468617751,Upregulated
AD_GLCURtr,255.170808847224,Upregulated
AD_DOPAENT4tc,1,Unchanged
AD_FOLABCCte,1.26257645019476,Unchanged
AD_GSNt2r,1,Unchanged
AD_H2OGLYAQPt,1,Unchanged
AD_NACSMCTte,0.460068016395404,Downregulated
AD_SRTNENT4tc,5513482.09516502,Upregulated
AD_r0295,136.249285928205,Upregulated
AD_biomass_maintenance,69.6762759430687,Upregulated
AD_biomass_maintenance_noTrTr,1.37541404532403,Unchanged
AD_LCAT23e,12.1139547468061,Upregulated
AD_XOLEST183CEH,12.1139547468061,Upregulated
AD_LPS6e,8.88130745575662,Upregulated
AD_PCHOLMYR_HSPLA2,3.12954893135949,Upregulated
AD_PCHOLOLE_HSPLA2,3.12954907779326,Upregulated
AD_PCHOLSTE_HSPLA2,3.1295490750087,Upregulated
AD_PCHOLN204_HSPLA2,3.12954895460482,Upregulated
AD_PCHOLN24_HSPLA2,3.12954895873621,Upregulated
AD_PCHOLHEP_HSPLA2,3.1295490955753,Upregulated
AD_4AABUTNt,8.52468045087423,Upregulated
AD_AMETt,0.294310707733008,Downregulated
AD_C14768td,19.8929895987443,Upregulated
AD_C14769td1,19.8929927092849,Upregulated
AD_C14770ATP,6.54472621148552,Upregulated
AD_C14771ATP,6.54472546582865,Upregulated
AD_CE2510t,1.26257642534403,Unchanged
AD_CE2537ATP,1.26257646782023,Unchanged
AD_GALTt,4.27973802962334,Upregulated
AD_GLYCLTtd,1.00300398835185,Unchanged
AD_IND3ACt,6.99659893741829,Upregulated
AD_LEUKTRB4WCOOHt,7.8202465054389,Upregulated
AD_pac,5.8084919010157,Upregulated
AD_HC02220te,0.676082818289698,Unchanged
AD_GLYPROt,1,Unchanged
AD_PROGLyt,1,Unchanged
AD_ARGALAALAt,235047.950346276,Upregulated
AD_ARGGLYGLYt,1.3123689517597,Unchanged
AD_TRPGLYLEUt,1,Unchanged
AD_ARGALAALAr,235047.950346276,Upregulated
AD_ARGGLYGLYr,1.3123689517597,Unchanged
AD_TRPGLYLEUr,1,Unchanged
AD_GLYCLTtm,1.00154461962982,Unchanged
AD_XOLEST183te,12.1139547468061,Upregulated
AD_XOLEST183tl,12.1139547468061,Upregulated
AD_PA_HStm,90.4968810342524,Upregulated
AD_MLTHFtm,0.307062147815093,Downregulated
AD_2MOPtm,0.344668712580599,Downregulated
AD_MMALtm,0.344668712580599,Downregulated
AD_PGPP_hsc,51154.8433084538,Upregulated
AD_r2514m,22.8121990719709,Upregulated
AD_FAS180,0.0119003794740032,Downregulated
AD_THMMPtrbc,1,Unchanged
AD_THMtrbc,1,Unchanged
AD_UGT1A10c,0.618696933244902,Unchanged
AD_UNK3r,8.39793529687043,Upregulated
AD_LTHSTRLtr,11.8336270794767,Upregulated
AD_sink_Tyr_ggn[c],8.81027521190812,Upregulated
AD_sink_c226coa[c],195.718705708652,Upregulated
AD_sink_chol[c],6.30326145008672,Upregulated
AD_sink_cholate[c],28.6505257694552,Upregulated
AD_sink_coa[c],84975.7723504566,Upregulated
AD_sink_doco13ecoa[c],0.0980681931034608,Downregulated
AD_sink_glygn2[c],8.81027521190812,Upregulated
AD_sink_lnlc[c],4.2127856203214,Upregulated
AD_sink_lnlccoa[c],5.87408700429781,Upregulated
AD_sink_lnlncacoa[c],1.90278900771546e-06,Downregulated
AD_sink_lnlncgcoa[c],5.7495370850768,Upregulated
AD_sink_nad[c],11.620023518299,Upregulated
AD_sink_pmtcoa[c],80.0814290604171,Upregulated
AD_sink_pydx[c],0.913251988407399,Unchanged
AD_sink_retfa[c],10.7825500367794,Upregulated
AD_sink_retinol[c],1,Unchanged
AD_sink_stcoa[c],3.84454137065603,Upregulated
AD_sink_tag_hs[c],3.50987273219787,Upregulated
AD_sink_thf[c],1.00001304157394,Unchanged
AD_sink_tmndnc[c],3.25560894933091,Upregulated
AD_sink_tmndnccoa[c],2055.6800402776,Upregulated
AD_sink_dhcholestanate[c],9.03307402740552e-05,Downregulated
AD_sink_thcholstoic[c],10.9628751522954,Upregulated
AD_sink_xol7ah3[c],9.03307426232232e-05,Downregulated
AD_sink_dchac[c],8.73580926356054,Upregulated
AD_ACACt2,2681.19529479268,Upregulated
AD_ACCOAL,1.26257669164729,Unchanged
AD_ACONT,0.988357351992097,Unchanged
AD_ACS,2.96000076992414,Upregulated
AD_ADK1,0.715955278196924,Unchanged
AD_ADNCNT3tc,1.0050250373485,Unchanged
AD_ADPT,1.88876533802537,Unchanged
AD_BPNT,3.50954457021274,Upregulated
AD_CBPS,1.38570754477087,Unchanged
AD_CO2t,289802.696050985,Upregulated
AD_CPPPGO,3.04447076347574,Upregulated
AD_CYTDt2r,1,Unchanged
AD_DGK1,2.5251529481936,Upregulated
AD_DHFR,1.04833556454309,Unchanged
AD_DHPR,28.266601502139,Upregulated
AD_DMATT,0.164324885412049,Downregulated
AD_DM_atp_c_,1.26257650967617,Unchanged
AD_DTMPK,2230.85716429017,Upregulated
AD_DURIPP,0.363649327208335,Downregulated
AD_ENO,1.56103363547485,Unchanged
AD_FBA,1.1471592062001,Unchanged
AD_FBA2,4710960.5337042,Upregulated
AD_FCLTc,4.7354841581928,Upregulated
AD_FPGS7,2.49569552752063,Upregulated
AD_FT,1,Unchanged
AD_FUM,0.95448219092629,Unchanged
AD_G3PD1,0.720526580206282,Unchanged
AD_GALU,0.817746203242312,Unchanged
AD_GAPD,1.99612060534833,Unchanged
AD_GF6PTA,13.3486337545054,Upregulated
AD_GHMT2r,0.883855326892565,Unchanged
AD_GK1,1.91670081694461,Unchanged
AD_GLNS,1.42226770675256,Unchanged
AD_GLYLEUHYDROc,1,Unchanged
AD_GLYPROPRO1c,1,Unchanged
AD_GMAND,2.88735526716218,Upregulated
AD_GRTT,0.164324885412049,Downregulated
AD_GTPCI,4.20268361553447,Upregulated
AD_H2CO3D,289802.704749454,Upregulated
AD_H2Ot,1,Unchanged
AD_HEX1,470.409880049306,Upregulated
AD_HMBS,3.26109695790849,Upregulated
AD_ILETA,1.90177381322825,Unchanged
AD_IMPD,3.79055978596719,Upregulated
AD_LEUTA,NaN,Unchanged
AD_L_LACt2r,3.74463374876655e-06,Downregulated
AD_MAN1PT2,37.4471057736504,Upregulated
AD_MAN6PI,60.9581707537566,Upregulated
AD_MTHFC,4.48056455196958,Upregulated
AD_MTHFD,4.48056455196958,Upregulated
AD_NADK,1.26257652735645,Unchanged
AD_NDPK1,1,Unchanged
AD_NDPK2,1,Unchanged
AD_NDPK3,1,Unchanged
AD_NDPK4,1.00000006436265,Unchanged
AD_NDPK5,1,Unchanged
AD_NDPK6,2.00805525951469,Upregulated
AD_NDPK7,1,Unchanged
AD_NDPK8,1,Unchanged
AD_NDPK9,1,Unchanged
AD_NNATr,3.22147753582009,Upregulated
AD_O2t,18.8037589569511,Upregulated
AD_PGI,0.712934588883403,Unchanged
AD_PGK,21.2324747478864,Upregulated
AD_PGM,1.99612047578358,Unchanged
AD_PGMT,0.630751467444215,Unchanged
AD_PMANM,60.9581707537566,Upregulated
AD_PNP,11.0306796883197,Upregulated
AD_PNTK,5.98226950176005,Upregulated
AD_PPA,0.202619038223402,Downregulated
AD_PPBNGS,3.26109677158331,Upregulated
AD_PPCDC,5.98226981040444,Upregulated
AD_PPM,7.4452787110436,Upregulated
AD_PUNP1,3.87514356582516,Upregulated
AD_PUNP2,1.26263316383764,Unchanged
AD_PUNP3,3.78702928923029,Upregulated
AD_PUNP4,1.26191696746486,Unchanged
AD_PUNP5,0.587639201309828,Unchanged
AD_RNDR1,1.26257641712897,Unchanged
AD_RPE,1,Unchanged
AD_RPI,1580680.75026083,Upregulated
AD_SPMS,3.75676303109281,Upregulated
AD_SPODM,3.2093453582643,Upregulated
AD_TALA,1.14715920620008,Unchanged
AD_THMDt2r,1,Unchanged
AD_TKT1,13.9908545327119,Upregulated
AD_TKT2,13.9903578189129,Upregulated
AD_TMDK1,2.22347097049086,Upregulated
AD_TPI,6.04940991959471,Upregulated
AD_UAG4E,2.60123132178554,Upregulated
AD_UAGDP,15.3850678960871,Upregulated
AD_UDPG4E,4.40577141694806,Upregulated
AD_UMPK,1,Unchanged
AD_UPP3S,3.04447076347574,Upregulated
AD_UPPDC1,3.04447076347574,Upregulated
AD_VALTA,41.7800517508199,Upregulated
AD_r0082,8.91103258185965,Upregulated
AD_r0220,3.22147751035115,Upregulated
AD_r0318,3.22147751035115,Upregulated
AD_r0345,1,Unchanged
AD_r0398,28.2665899269415,Upregulated
AD_r0422,8.91103258185965,Upregulated
AD_r0671,5.98227006035024,Upregulated
AD_ACCOAC,0.421632179359481,Downregulated
AD_FPGS,1.26257645174698,Unchanged
AD_NTD4,1.26257650079692,Unchanged
AD_NTD5,1.26257642169711,Unchanged
AD_NTD6,1.26257636455229,Unchanged
AD_NTD7,0.435770347655758,Downregulated
AD_NTD8,1.26257648255874,Unchanged
AD_NTD9,3.79055991702736,Upregulated
AD_NTD10,3.79055984299028,Upregulated
AD_NTD11,2.35248285332115e-06,Downregulated
AD_ALCD1,23.8107094528088,Upregulated
AD_GCALDD,2.65869074709687,Upregulated
AD_ABUTD,6.31934108434222,Upregulated
AD_ACYP,1.26257642811738,Unchanged
AD_ALDD2x,91.3729334740458,Upregulated
AD_AMANK,1.26257635416761,Unchanged
AD_ARGSL,0.755891867522548,Unchanged
AD_CYTK1,1,Unchanged
AD_CYTK2,1,Unchanged
AD_FACOAL161,3.22147733661729,Upregulated
AD_GALK,2.84994939398246,Upregulated
AD_GALT,0.817746203240562,Unchanged
AD_GLXO1,5.74351923686508,Upregulated
AD_GND,0.000118955736623279,Downregulated
AD_HEX7,4710960.60900774,Upregulated
AD_HYXNt,0.587639182135278,Unchanged
AD_IMACTD,6.99659904004435,Upregulated
AD_LCADi,1.31736796782677,Unchanged
AD_LDH_L,0.720148124446487,Unchanged
AD_LGTHL,1,Unchanged
AD_MDH,127303.477060157,Upregulated
AD_MI1PP,152.268625552025,Upregulated
AD_NT5C,1.26257643170673,Unchanged
AD_NTD5_a,25.0879496008446,Upregulated
AD_PFK,1.14715920620014,Unchanged
AD_PYDAMK,1.26257644903323,Unchanged
AD_PYDXNK,1.26257644745044,Unchanged
AD_TMDS,1.67194511477888,Unchanged
AD_TYRTA,16.9275108290513,Upregulated
AD_r0392,3.58376671675723,Upregulated
AD_r1667,1,Unchanged
AD_UGLT,0.817746203240696,Unchanged
AD_PYRt2r,9775.40102270389,Upregulated
AD_FTHFL,0.443688022341978,Downregulated
AD_THMt3,1,Unchanged
AD_MTRI,8.39793529687043,Upregulated
AD_AHC,8.24890519411726,Upregulated
AD_PHPYRte,0.456047994656437,Downregulated
AD_PHPYRtm,0.456047994656437,Downregulated
AD_VANILPYRc,6.37156893803945,Upregulated
AD_VANILLACc,6.37156893803945,Upregulated
AD_VANILLACte,6.37156893803945,Upregulated
AD_2M3OVCOAm,1.63195655205264,Unchanged
AD_2M3OVACm,1.63195655205264,Unchanged
AD_2M3OVACtm,1.63195655205264,Unchanged
AD_2M3HVACc,1.63195655205264,Unchanged
AD_2M3HVACte,1.63195655205264,Unchanged
AD_MVLACc,580.89800477245,Upregulated
AD_MVLACte,580.89800477245,Upregulated
AD_3HADICOAx,0,Downregulated
AD_3HADPACx,0,Downregulated
AD_3HADPACtxc,0,Downregulated
AD_3HADPACte,0,Downregulated
AD_3OHSEBCOAx,17.6137810136579,Upregulated
AD_3OHSEBACx,17.6137810136579,Upregulated
AD_3OHSEBACtxc,17.6137810136579,Upregulated
AD_3OHSEBACte,17.6137810136579,Upregulated
AD_3OHSUBCOAx,19.5223269178129,Upregulated
AD_3OHSUBACx,19.5223269178129,Upregulated
AD_3OHSUBACtxc,19.5223269178129,Upregulated
AD_3OHSUBACte,19.5223269178129,Upregulated
AD_CAPROICc,3.22147755691549,Upregulated
AD_HEXGLYc,0.639278282128429,Unchanged
AD_HEXGLYte,0.639278282128429,Unchanged
AD_CE2510ABCt,1.20046747784103,Unchanged
AD_CE2537ABCt,1.26257646782023,Unchanged
AD_NRVNCABCt,0,Downregulated
AD_PCHOLHEP_HSABCt,3.1295490955753,Upregulated
AD_PCHOLMYR_HsABCt,3.12954893135949,Upregulated
AD_PCHOLN204_HSABCt,3.12954895460482,Upregulated
AD_PCHOLN264_HSABCt,3.12954895873621,Upregulated
AD_PCHOLOLE_HSABCt,3.12954907779326,Upregulated
AD_PCHOLSTE_HSABCt,3.1295490750087,Upregulated
AD_APRGSTRNt1e,0.500000114499012,Unchanged
AD_SAMHISTAe,0.294310707733008,Downregulated
AD_CE2006te,5.84665895412735,Upregulated
AD_GLCRt1,144.688234810753,Upregulated
AD_CE4890te2,1,Unchanged
AD_2OBUTt,5.06783170103972,Upregulated
AD_TYMte2,1,Unchanged
AD_TRYPTAte,2.38136266622753,Upregulated
AD_CE4890te,1,Unchanged
AD_C05770te4,2.28998021441384e-07,Downregulated
AD_MLTHFte3,1,Unchanged
AD_CE2705t,4.20268358686185,Upregulated
AD_MLTHFte2,1.00000004762443,Unchanged
AD_TYMte,1,Unchanged
AD_HDD2CRNte2,1,Unchanged
AD_MLTHFte1,1.26257648365124,Unchanged
AD_SPHGNSte,2.38136293251153,Upregulated
AD_HDD2CRNte,1,Unchanged
AD_IM4ACte,6.99659904004435,Upregulated
AD_UDPG4DOPA,5.58325273491025,Upregulated
AD_UDPG3DOPA,5.58325279916062,Upregulated
AD_DOPA4GLCURt,5.58325273491025,Upregulated
AD_DOPA3GLCURt,5.58325279916062,Upregulated
AD_CE5026t,1.26257645887646,Unchanged
AD_GGTe_1,1.26257645887646,Unchanged
AD_CYSGLYPTASEe_1,1.26257645887646,Unchanged
AD_CE1261t,1.26257645887646,Unchanged
AD_NADPQNOXR,2.38120125382579e-06,Downregulated
AD_NADQNOXR,2.37943593358159e-06,Downregulated
AD_ACER11r,3.18408104184786,Upregulated
AD_ACER12r,3.31700694184247,Upregulated
AD_ACER21g,3.10212343404776,Upregulated
AD_ACER22g,3.22147804747597,Upregulated
AD_ACER23g,3.40754547331544,Upregulated
AD_ACER31r,3.43369409309347,Upregulated
AD_BGAL1l,4.34287478020783,Upregulated
AD_DES21,3.40754531079251,Upregulated
AD_GLUSIDEte,1,Unchanged
AD_NEU11l,4.34287478020783,Upregulated
AD_NEU21,3.22147764288172,Upregulated
AD_NEU23,3.22147759958674,Upregulated
AD_SMS1S2,366990.437334153,Upregulated
AD_SPHK11,3.40754523799334,Upregulated
AD_NH4tr,1.38570750136872,Unchanged
AD_UDPGALt2r,4.23571690039395,Upregulated
AD_DAG_HStg,366990.437334153,Upregulated
AD_PHCRMtg,3.40754547331544,Upregulated
AD_PHCRMter,3.43369409309347,Upregulated
AD_SPHGNtg,3.22147804747597,Upregulated
AD_SPHINGStg,3.10212343404776,Upregulated
AD_DHCRMtg,3.22147804747597,Upregulated
AD_DHCRMter,3.31700694184247,Upregulated
AD_PHSPHINGStg,3.40754547331544,Upregulated
AD_PHSPHINGStr,3.43369409309347,Upregulated
AD_sink_34dhpac[c],32912665.5262761,Upregulated
AD_GALSIDEter,4.23571692340941,Upregulated
AD_Rtotalter,3.31700723424171,Upregulated
AD_Rtotaltg,3.22147712730328,Upregulated
AD_GD1Atg,2.33519889857628,Upregulated
AD_ATPtg,1.26257641261863,Unchanged
AD_DM_pail35p_hs[n],1.37258250905499,Unchanged
AD_DM_pcreat[c],1.30724949897922,Unchanged
AD_HMR_0155,1,Unchanged
AD_HMR_0168,3.22147755691549,Upregulated
AD_HMR_0176,5.84665817054275,Upregulated
AD_HMR_0177,6.05278653770732,Upregulated
AD_HMR_0178,6.05278653770732,Upregulated
AD_HMR_0188,3.57197792350522,Upregulated
AD_HMR_0189,32.8303514428692,Upregulated
AD_HMR_0191,1.26257654083826,Unchanged
AD_HMR_0192,3.22147747144294,Upregulated
AD_HMR_0193,3.22147747144294,Upregulated
AD_HMR_0194,1.26257654083826,Unchanged
AD_HMR_0197,1.02926603082052,Unchanged
AD_HMR_0200,3.25091797620748,Upregulated
AD_HMR_0201,3.22147756632406,Upregulated
AD_HMR_0203,1.26257642957058,Unchanged
AD_HMR_0204,3.22147705987699,Upregulated
AD_HMR_0206,3.22147705987699,Upregulated
AD_HMR_0207,1.26257642957058,Unchanged
AD_HMR_0208,1.26257643032352,Unchanged
AD_HMR_0209,3.22147762006123,Upregulated
AD_HMR_0210,3.22147746817922,Upregulated
AD_HMR_0211,1.26257642280776,Unchanged
AD_HMR_0214,3.22147736315277,Upregulated
AD_HMR_0230,4.26638963394512,Upregulated
AD_HMR_0232,1.26257645688413,Unchanged
AD_HMR_0233,3.22147755883186,Upregulated
AD_HMR_0234,3.22147755883186,Upregulated
AD_HMR_0235,1.26257645688413,Unchanged
AD_HMR_0238,3.22147737157961,Upregulated
AD_HMR_0240,1.26257644563558,Unchanged
AD_HMR_0241,3.22147725612891,Upregulated
AD_HMR_0242,3.22147725612891,Upregulated
AD_HMR_0243,1.26257644563558,Unchanged
AD_HMR_0244,1.26257644563558,Unchanged
AD_HMR_0245,3.22147725612891,Upregulated
AD_HMR_0246,3.22147725612891,Upregulated
AD_HMR_0247,1.26257644563558,Unchanged
AD_HMR_0254,1.26257644242317,Unchanged
AD_HMR_0255,3.22147741133201,Upregulated
AD_HMR_0256,3.22147741133201,Upregulated
AD_HMR_0257,1.26257644242317,Unchanged
AD_HMR_0259,3.2214774223178,Upregulated
AD_HMR_0260,3.22147749747345,Upregulated
AD_HMR_0267,3.22147720773313,Upregulated
AD_HMR_0268,3.22147757157762,Upregulated
AD_HMR_0270,1.26257642133091,Unchanged
AD_HMR_0271,8.8069817139691,Upregulated
AD_HMR_0272,8.8069817139691,Upregulated
AD_HMR_0273,1.26257642133091,Unchanged
AD_HMR_0276,3.22147737104069,Upregulated
AD_HMR_0278,1.26257642133091,Unchanged
AD_HMR_0279,3.22147734943089,Upregulated
AD_HMR_0280,3.22147734943089,Upregulated
AD_HMR_0281,1.26257642133091,Unchanged
AD_HMR_0288,1.26257642133091,Unchanged
AD_HMR_0289,3.22147748587712,Upregulated
AD_HMR_0290,3.22147748587712,Upregulated
AD_HMR_0291,1.26257642133091,Unchanged
AD_HMR_0292,1.20046755213207,Unchanged
AD_HMR_0293,0,Downregulated
AD_HMR_0296,1.26257646948686,Unchanged
AD_HMR_0297,3.22147757537654,Upregulated
AD_HMR_0298,3.22147757537654,Upregulated
AD_HMR_0299,1.26257646948686,Unchanged
AD_HMR_0300,1.26257646948686,Unchanged
AD_HMR_0301,3.22147757537654,Upregulated
AD_HMR_0302,3.22147757537654,Upregulated
AD_HMR_0303,1.26257646948686,Unchanged
AD_HMR_0304,1.26257646948686,Unchanged
AD_HMR_0305,3.22147751839359,Upregulated
AD_HMR_0306,3.22147751839359,Upregulated
AD_HMR_0307,1.26257646948686,Unchanged
AD_HMR_0308,1.26257645695065,Unchanged
AD_HMR_0309,3.22147743419303,Upregulated
AD_HMR_0310,3.22147743419303,Upregulated
AD_HMR_0311,1.26257645695065,Unchanged
AD_HMR_0319,3.22147754609739,Upregulated
AD_HMR_0322,1.26257645682452,Unchanged
AD_HMR_0323,3.22147749125886,Upregulated
AD_HMR_0324,3.22147749125886,Upregulated
AD_HMR_0325,1.26257645682452,Unchanged
AD_HMR_0326,1.26257640636629,Unchanged
AD_HMR_0327,3.22147746693181,Upregulated
AD_HMR_0328,3.22147753937023,Upregulated
AD_HMR_0329,1.26257644554194,Unchanged
AD_HMR_0342,3.22147747884848,Upregulated
AD_HMR_0344,1.2625764430347,Unchanged
AD_HMR_0345,3.22147747096432,Upregulated
AD_HMR_0346,3.22147747096432,Upregulated
AD_HMR_0347,1.2625764430347,Unchanged
AD_HMR_0350,28.9235993347284,Upregulated
AD_HMR_0354,6.7097435556258,Upregulated
AD_HMR_0358,3.2214772813755,Upregulated
AD_HMR_0362,4.41858681614826,Upregulated
AD_HMR_0366,3.22147750280618,Upregulated
AD_HMR_0370,3.22147754079105,Upregulated
AD_HMR_0374,3.22147754079105,Upregulated
AD_HMR_0378,3.22147760557899,Upregulated
AD_HMR_0380,1.26257647391645,Unchanged
AD_HMR_0381,3.22147743947075,Upregulated
AD_HMR_0382,3.22147743947075,Upregulated
AD_HMR_0383,1.26257647391645,Unchanged
AD_HMR_0384,1.26257647391645,Unchanged
AD_HMR_0385,3.22147742771237,Upregulated
AD_HMR_0386,3.22147742771237,Upregulated
AD_HMR_0387,1.26257647391645,Unchanged
AD_HMR_0388,1.26257646263386,Unchanged
AD_HMR_0389,3.22147743790144,Upregulated
AD_HMR_0390,3.22147743790144,Upregulated
AD_HMR_0391,1.26257646263386,Unchanged
AD_HMR_0392,1.26257648671876,Unchanged
AD_HMR_0393,3.22147743291167,Upregulated
AD_HMR_0394,3.22147743291167,Upregulated
AD_HMR_0395,1.26257648671876,Unchanged
AD_HMR_0398,4.41858737407723,Upregulated
AD_HMR_0402,4.4185866291119,Upregulated
AD_HMR_0406,14.0440016346023,Upregulated
AD_HMR_0410,11.7721098489426,Upregulated
AD_HMR_0414,3.22147769784082,Upregulated
AD_HMR_0418,3.22147754079105,Upregulated
AD_HMR_0422,3.22147755202181,Upregulated
AD_HMR_0426,3.22147723061472,Upregulated
AD_HMR_0428,1.26257635825035,Unchanged
AD_HMR_0429,3.22147747350065,Upregulated
AD_HMR_0430,3.22147747350065,Upregulated
AD_HMR_0431,1.26257635825035,Unchanged
AD_HMR_0432,1.26257635825035,Unchanged
AD_HMR_0433,3.22147745269736,Upregulated
AD_HMR_0434,3.22147745269736,Upregulated
AD_HMR_0435,1.26257635825035,Unchanged
AD_HMR_0436,1.26257635825035,Unchanged
AD_HMR_0437,3.22147763670475,Upregulated
AD_HMR_0438,3.22147763670475,Upregulated
AD_HMR_0439,1.26257635825035,Unchanged
AD_HMR_0478,1,Unchanged
AD_HMR_0586,63896.5332677739,Upregulated
AD_HMR_0587,63896.5332677739,Upregulated
AD_HMR_0593,1.37912157395556,Unchanged
AD_HMR_0597,1.46593953678854,Unchanged
AD_HMR_0598,1.88766101799376,Unchanged
AD_HMR_0601,1.37912157395556,Unchanged
AD_HMR_0614,9.91356796738345,Upregulated
AD_HMR_0625,1.46593953678854,Unchanged
AD_HMR_0629,1.46593953678854,Unchanged
AD_HMR_0634,5.49493497610363,Upregulated
AD_HMR_0642,1.88766101799376,Unchanged
AD_HMR_0653,3.22147730631073,Upregulated
AD_HMR_0654,3.22147730631073,Upregulated
AD_HMR_0657,3.22147730631073,Upregulated
AD_HMR_0672,1.37912157395556,Unchanged
AD_HMR_0678,1.37912157395556,Unchanged
AD_HMR_0750,2.381362614752,Upregulated
AD_HMR_0753,1.37912157395556,Unchanged
AD_HMR_0758,2.38136299633168,Upregulated
AD_HMR_0761,2.88735499668469,Upregulated
AD_HMR_0765,2.88735499668469,Upregulated
AD_HMR_0767,1.26257649141484,Unchanged
AD_HMR_0770,1,Unchanged
AD_HMR_0775,1.26257638386919,Unchanged
AD_HMR_0795,366990.419328882,Upregulated
AD_HMR_0806,3.22147736606601,Upregulated
AD_HMR_0807,0.596752696293478,Unchanged
AD_HMR_0808,3.22147736606601,Upregulated
AD_HMR_0815,3.22147759389316,Upregulated
AD_HMR_0816,5.47369922034789,Upregulated
AD_HMR_0817,3.03026093556991,Upregulated
AD_HMR_0819,5.47369573535105,Upregulated
AD_HMR_0821,3.22147773894618,Upregulated
AD_HMR_0823,3.03026088020585,Upregulated
AD_HMR_0827,3.22147750201101,Upregulated
AD_HMR_0828,3.22147750201101,Upregulated
AD_HMR_0830,0.324901239697824,Downregulated
AD_HMR_0831,4.34287478020783,Upregulated
AD_HMR_0835,4.34287478020783,Upregulated
AD_HMR_0836,4.34287478020783,Upregulated
AD_HMR_0837,3.22147744585339,Upregulated
AD_HMR_0844,3.22147759958674,Upregulated
AD_HMR_0942,19.8929895987443,Upregulated
AD_HMR_0946,19.8929927106283,Upregulated
AD_HMR_0950,6.54472621148552,Upregulated
AD_HMR_0954,6.54472546582865,Upregulated
AD_HMR_0960,92.5017447292542,Upregulated
AD_HMR_0962,8.67326045919526,Upregulated
AD_HMR_0963,8.67326045919526,Upregulated
AD_HMR_1102,1.49951259796722,Unchanged
AD_HMR_1126,7.82024640278137,Upregulated
AD_HMR_1127,8.67326045919526,Upregulated
AD_HMR_1129,7.82024640278137,Upregulated
AD_HMR_1135,103673021.062122,Upregulated
AD_HMR_1242,103673021.062122,Upregulated
AD_HMR_1243,8.67326045919526,Upregulated
AD_HMR_1280,1,Unchanged
AD_HMR_1312,1,Unchanged
AD_HMR_1325,1,Unchanged
AD_HMR_1329,1,Unchanged
AD_HMR_1465,0.159915793719565,Downregulated
AD_HMR_1470,0.159915793719565,Downregulated
AD_HMR_1473,0.159915793719565,Downregulated
AD_HMR_1490,0.159915800723841,Downregulated
AD_HMR_1493,0.159915800723841,Downregulated
AD_HMR_1494,0.159915800723841,Downregulated
AD_HMR_1496,0.159915800723841,Downregulated
AD_HMR_1502,0.159915800723841,Downregulated
AD_HMR_1503,0.159915800723841,Downregulated
AD_HMR_1504,0.159915800723841,Downregulated
AD_HMR_1505,0.159915800723841,Downregulated
AD_HMR_1509,0.159915800723841,Downregulated
AD_HMR_1512,0.159915800723841,Downregulated
AD_HMR_1516,0.159915800723841,Downregulated
AD_HMR_1526,0.159915803845476,Downregulated
AD_HMR_1532,1,Unchanged
AD_HMR_1536,0.159915793719565,Downregulated
AD_HMR_1538,0.159915793719565,Downregulated
AD_HMR_1539,0.159915793719565,Downregulated
AD_HMR_1540,0.159915793719565,Downregulated
AD_HMR_1543,7.68114628631205,Upregulated
AD_HMR_1544,7.68114628631205,Upregulated
AD_HMR_1545,7.68114628631205,Upregulated
AD_HMR_1546,7.68114628631205,Upregulated
AD_HMR_1547,7.68114628631205,Upregulated
AD_HMR_1548,7.68114628631205,Upregulated
AD_HMR_1549,7.68114628631205,Upregulated
AD_HMR_1550,7.68114628631205,Upregulated
AD_HMR_1551,7.68114628631205,Upregulated
AD_HMR_1552,7.68114628631205,Upregulated
AD_HMR_1627,10.9628751522954,Upregulated
AD_HMR_1629,8.60240384447962,Upregulated
AD_HMR_1630,10.9628742352437,Upregulated
AD_HMR_1637,10.9628753692971,Upregulated
AD_HMR_1651,10.9628750105043,Upregulated
AD_HMR_1653,10.9628750105043,Upregulated
AD_HMR_1666,5.80346973651443,Upregulated
AD_HMR_1706,30.0300798660454,Upregulated
AD_HMR_1916,1.26257646410821,Unchanged
AD_HMR_2016,0,Downregulated
AD_HMR_2018,0,Downregulated
AD_HMR_2041,1.98665820444086e-07,Downregulated
AD_HMR_2087,0.8853556106013,Unchanged
AD_HMR_2088,0.8853556106013,Unchanged
AD_HMR_2089,0.8853556106013,Unchanged
AD_HMR_2090,0.8853556106013,Unchanged
AD_HMR_2190,936.840387620006,Upregulated
AD_HMR_2193,936.840387620006,Upregulated
AD_HMR_2210,16.0389525797497,Upregulated
AD_HMR_2211,38.3945133469753,Upregulated
AD_HMR_2215,89.2354823819769,Upregulated
AD_HMR_2217,89.2354823819769,Upregulated
AD_HMR_2218,89.2354823819769,Upregulated
AD_HMR_2219,89.2354823819769,Upregulated
AD_HMR_2259,34.1993993422901,Upregulated
AD_HMR_2260,34.1993993422901,Upregulated
AD_HMR_2261,34.1993993422901,Upregulated
AD_HMR_2262,34.1993993422901,Upregulated
AD_HMR_2263,34.1994166600851,Upregulated
AD_HMR_2264,34.1994166600851,Upregulated
AD_HMR_2265,34.1994166600851,Upregulated
AD_HMR_2266,34.1994166600851,Upregulated
AD_HMR_2281,5193666.95123427,Upregulated
AD_HMR_2284,32.5217981329467,Upregulated
AD_HMR_2286,28.738583515269,Upregulated
AD_HMR_2287,33.0117686881962,Upregulated
AD_HMR_2292,28.9955502797174,Upregulated
AD_HMR_2293,35.6141520321418,Upregulated
AD_HMR_2294,27.5916820314079,Upregulated
AD_HMR_2295,12.8438000926589,Upregulated
AD_HMR_2296,24.1791862371771,Upregulated
AD_HMR_2332,527.13475201922,Upregulated
AD_HMR_2334,527.13475201922,Upregulated
AD_HMR_2336,527.13475201922,Upregulated
AD_HMR_2338,527.13475201922,Upregulated
AD_HMR_2342,34.1994099971833,Upregulated
AD_HMR_2343,34.1994099971833,Upregulated
AD_HMR_2344,34.1994099971833,Upregulated
AD_HMR_2345,34.1994099971833,Upregulated
AD_HMR_2347,28.8472265334138,Upregulated
AD_HMR_2348,28.8472265334138,Upregulated
AD_HMR_2349,28.8472265334138,Upregulated
AD_HMR_2350,28.8472265334138,Upregulated
AD_HMR_2353,29.2424521004678,Upregulated
AD_HMR_2354,29.2424521004678,Upregulated
AD_HMR_2355,29.2424521004678,Upregulated
AD_HMR_2356,29.2424521004678,Upregulated
AD_HMR_2359,22.9838227092428,Upregulated
AD_HMR_2361,32.4876291710949,Upregulated
AD_HMR_2362,32.4876291710949,Upregulated
AD_HMR_2363,32.4876291710949,Upregulated
AD_HMR_2364,32.4876291710949,Upregulated
AD_HMR_2365,32.5723036264513,Upregulated
AD_HMR_2368,32.5818881507895,Upregulated
AD_HMR_2374,39.1476293729936,Upregulated
AD_HMR_2376,39.1476281832435,Upregulated
AD_HMR_2380,176981.918723162,Upregulated
AD_HMR_2391,4.67080820936355,Upregulated
AD_HMR_2395,86.937231335261,Upregulated
AD_HMR_2433,98.7473884558385,Upregulated
AD_HMR_2434,98.7473884558385,Upregulated
AD_HMR_2435,98.7473884558385,Upregulated
AD_HMR_2436,98.7473884558385,Upregulated
AD_HMR_2440,5.84665895412735,Upregulated
AD_HMR_2457,4.43051311968813,Upregulated
AD_HMR_2472,30.745727330599,Upregulated
AD_HMR_2484,35.5691678863376,Upregulated
AD_HMR_2530,24.142205069785,Upregulated
AD_HMR_2533,24.142205069785,Upregulated
AD_HMR_2535,24.142205069785,Upregulated
AD_HMR_2537,24.142205069785,Upregulated
AD_HMR_2540,25.7129373674866,Upregulated
AD_HMR_2541,25.7129520331454,Upregulated
AD_HMR_2542,25.7129520331454,Upregulated
AD_HMR_2543,25.7129520331454,Upregulated
AD_HMR_2581,36.9553783895346,Upregulated
AD_HMR_2602,718417.67823641,Upregulated
AD_HMR_2603,718417.67823641,Upregulated
AD_HMR_2604,718417.67823641,Upregulated
AD_HMR_2608,500253.191337547,Upregulated
AD_HMR_2609,500253.191337547,Upregulated
AD_HMR_2610,500253.191337547,Upregulated
AD_HMR_2611,4539076.9920184,Upregulated
AD_HMR_2612,49246995.0987469,Upregulated
AD_HMR_2613,9.85122226904749,Upregulated
AD_HMR_2620,11.7941904889188,Upregulated
AD_HMR_2621,11.7941904889188,Upregulated
AD_HMR_2622,11.7941904889188,Upregulated
AD_HMR_2624,1,Unchanged
AD_HMR_2633,33.0117705182983,Upregulated
AD_HMR_2634,46441583.747741,Upregulated
AD_HMR_2635,14.7767886363375,Upregulated
AD_HMR_2644,1,Unchanged
AD_HMR_2655,1,Unchanged
AD_HMR_2657,28.9955590082212,Upregulated
AD_HMR_2659,18.0597692398618,Upregulated
AD_HMR_2660,34.3594284299195,Upregulated
AD_HMR_2661,34.3594284299195,Upregulated
AD_HMR_2662,34.3594284299195,Upregulated
AD_HMR_2667,1,Unchanged
AD_HMR_2668,22.5011440384549,Upregulated
AD_HMR_2669,28.3835279851697,Upregulated
AD_HMR_2670,28.3835279851697,Upregulated
AD_HMR_2671,28.3835279851697,Upregulated
AD_HMR_2673,59733510.6686013,Upregulated
AD_HMR_2675,34.1994001231641,Upregulated
AD_HMR_2676,34.1994001231641,Upregulated
AD_HMR_2677,34.1994001231641,Upregulated
AD_HMR_2679,1,Unchanged
AD_HMR_2681,34.1994099971833,Upregulated
AD_HMR_2682,34.1994099971833,Upregulated
AD_HMR_2683,34.1994099971833,Upregulated
AD_HMR_2684,33.6754362536098,Upregulated
AD_HMR_2685,33.6754362536098,Upregulated
AD_HMR_2686,33.6754362536098,Upregulated
AD_HMR_2687,28.8472389989871,Upregulated
AD_HMR_2688,28.8472389989871,Upregulated
AD_HMR_2689,28.8472389989871,Upregulated
AD_HMR_2690,32.487637422372,Upregulated
AD_HMR_2691,32.487637422372,Upregulated
AD_HMR_2692,32.487637422372,Upregulated
AD_HMR_2693,32.5723036291959,Upregulated
AD_HMR_2695,32.5723036291959,Upregulated
AD_HMR_2697,32.5723036291959,Upregulated
AD_HMR_2699,34.1994048899039,Upregulated
AD_HMR_2700,34.1994048899039,Upregulated
AD_HMR_2701,34.1994048899039,Upregulated
AD_HMR_2702,0.240559234571651,Downregulated
AD_HMR_2703,34.1994049963848,Upregulated
AD_HMR_2704,34.1994049963848,Upregulated
AD_HMR_2705,34.1156526504083,Upregulated
AD_HMR_2706,34.1156526504083,Upregulated
AD_HMR_2707,34.1156526504083,Upregulated
AD_HMR_2708,29.2424521017038,Upregulated
AD_HMR_2709,29.2424521017038,Upregulated
AD_HMR_2710,29.2424521017038,Upregulated
AD_HMR_2711,6040109.13872735,Upregulated
AD_HMR_2712,8699745.67205305,Upregulated
AD_HMR_2713,8699745.67205305,Upregulated
AD_HMR_2715,1.09012909007518,Unchanged
AD_HMR_2718,1,Unchanged
AD_HMR_2722,1740663.57796401,Upregulated
AD_HMR_2727,24232226.1511682,Upregulated
AD_HMR_2731,199819.495399395,Upregulated
AD_HMR_2733,24.1243283067619,Upregulated
AD_HMR_2734,24.1243283067619,Upregulated
AD_HMR_2735,24.1243283067619,Upregulated
AD_HMR_2736,25.7129373674866,Upregulated
AD_HMR_2737,25.7129373674866,Upregulated
AD_HMR_2738,25.7129373674866,Upregulated
AD_HMR_2739,26.6651709036121,Upregulated
AD_HMR_2740,26.6651709036121,Upregulated
AD_HMR_2741,26.6651709036121,Upregulated
AD_HMR_2744,1,Unchanged
AD_HMR_2748,1,Unchanged
AD_HMR_2753,1,Unchanged
AD_HMR_2757,1,Unchanged
AD_HMR_2760,1,Unchanged
AD_HMR_2764,80383460.468223,Upregulated
AD_HMR_2768,25.083326186334,Upregulated
AD_HMR_2769,25.083326186334,Upregulated
AD_HMR_2770,25.083326186334,Upregulated
AD_HMR_2771,98.7473884558385,Upregulated
AD_HMR_2772,98.7473884558385,Upregulated
AD_HMR_2773,98.7473884558385,Upregulated
AD_HMR_2774,25.7128428141547,Upregulated
AD_HMR_2775,25.7128428141547,Upregulated
AD_HMR_2776,25.7128428141547,Upregulated
AD_HMR_2817,0.892069527455167,Unchanged
AD_HMR_2819,0.892069527455167,Unchanged
AD_HMR_2821,18.2431591201964,Upregulated
AD_HMR_2827,18.2431591201964,Upregulated
AD_HMR_2851,0.0270003772877997,Downregulated
AD_HMR_2852,0.0270003731631871,Downregulated
AD_HMR_2857,3.26077485156064,Upregulated
AD_HMR_2859,3.26077485156064,Upregulated
AD_HMR_2861,3.62679626206511,Upregulated
AD_HMR_2862,3.62679626206511,Upregulated
AD_HMR_2865,0.181554390707954,Downregulated
AD_HMR_2866,0.181554390707954,Downregulated
AD_HMR_2884,4.98208504106401e-06,Downregulated
AD_HMR_2886,4.98208504106401e-06,Downregulated
AD_HMR_2888,0.998459010135528,Unchanged
AD_HMR_2890,0.998459010135528,Unchanged
AD_HMR_2942,3.17818683351081,Upregulated
AD_HMR_2943,3.17818683351081,Upregulated
AD_HMR_2944,3.17818683351081,Upregulated
AD_HMR_2945,3.17818683351081,Upregulated
AD_HMR_2946,3.17818683351081,Upregulated
AD_HMR_2947,3.17818683351081,Upregulated
AD_HMR_2948,3.17818683351081,Upregulated
AD_HMR_2951,3.17818683351081,Upregulated
AD_HMR_2954,3.17818683351081,Upregulated
AD_HMR_2955,3.17818683351081,Upregulated
AD_HMR_2956,3.17818683351081,Upregulated
AD_HMR_2961,3.17818683351081,Upregulated
AD_HMR_2962,3.17818683351081,Upregulated
AD_HMR_2963,3.17818683351081,Upregulated
AD_HMR_2964,3.17818683351081,Upregulated
AD_HMR_2965,3.17818683351081,Upregulated
AD_HMR_2966,3.17818683351081,Upregulated
AD_HMR_2967,3.17818683351081,Upregulated
AD_HMR_2968,3.17818683351081,Upregulated
AD_HMR_2969,3.17818683351081,Upregulated
AD_HMR_2970,3.17818683351081,Upregulated
AD_HMR_2971,3.17818681923343,Upregulated
AD_HMR_2972,3.17818683351081,Upregulated
AD_HMR_2973,3.17818694863906,Upregulated
AD_HMR_2974,3.17818689726969,Upregulated
AD_HMR_2975,3.17818689726969,Upregulated
AD_HMR_2976,3.17818689726969,Upregulated
AD_HMR_2977,3.17818689726969,Upregulated
AD_HMR_2978,3.17818689726969,Upregulated
AD_HMR_2979,3.17818689726969,Upregulated
AD_HMR_2980,3.17818689726969,Upregulated
AD_HMR_2982,3.22147744628964,Upregulated
AD_HMR_2983,3.17818692638515,Upregulated
AD_HMR_2985,3.17818692638515,Upregulated
AD_HMR_2986,3.17818692638515,Upregulated
AD_HMR_2988,3.17818692638515,Upregulated
AD_HMR_2989,3.17818692638515,Upregulated
AD_HMR_2990,3.17818692638515,Upregulated
AD_HMR_2994,3.17818677538461,Upregulated
AD_HMR_2998,3.17818692638515,Upregulated
AD_HMR_2999,3.17818692638515,Upregulated
AD_HMR_3001,3.17818692638515,Upregulated
AD_HMR_3002,3.17818692638515,Upregulated
AD_HMR_3003,3.17818657658928,Upregulated
AD_HMR_3021,288.455244513466,Upregulated
AD_HMR_3023,527.13475201922,Upregulated
AD_HMR_3053,288.455274064685,Upregulated
AD_HMR_3057,89.2354721695643,Upregulated
AD_HMR_3058,89.2354721695643,Upregulated
AD_HMR_3059,89.2354721695643,Upregulated
AD_HMR_3062,89.2354759943908,Upregulated
AD_HMR_3063,89.2354759943908,Upregulated
AD_HMR_3064,89.2354759943908,Upregulated
AD_HMR_3065,89.2354759943908,Upregulated
AD_HMR_3066,89.2354759943908,Upregulated
AD_HMR_3067,89.2354759943908,Upregulated
AD_HMR_3068,89.2354759943908,Upregulated
AD_HMR_3069,89.2354759943908,Upregulated
AD_HMR_3070,89.2354988825659,Upregulated
AD_HMR_3071,89.2354988825659,Upregulated
AD_HMR_3072,89.2354988825659,Upregulated
AD_HMR_3073,89.2354988825659,Upregulated
AD_HMR_3074,89.2354908919153,Upregulated
AD_HMR_3075,89.2354908919153,Upregulated
AD_HMR_3076,89.2354908919153,Upregulated
AD_HMR_3094,85.9664777564677,Upregulated
AD_HMR_3095,85.9664777564677,Upregulated
AD_HMR_3096,85.9664777564677,Upregulated
AD_HMR_3097,85.9664777564677,Upregulated
AD_HMR_3098,171.932975242615,Upregulated
AD_HMR_3099,171.932975570758,Upregulated
AD_HMR_3100,171.932975570758,Upregulated
AD_HMR_3101,171.932975570758,Upregulated
AD_HMR_3102,7600.91145528501,Upregulated
AD_HMR_3107,34.1994049963848,Upregulated
AD_HMR_3108,34.1994049963848,Upregulated
AD_HMR_3109,34.1994049963848,Upregulated
AD_HMR_3110,34.1994049963848,Upregulated
AD_HMR_3111,34.1994078877246,Upregulated
AD_HMR_3112,34.1994078877246,Upregulated
AD_HMR_3113,34.1994078877246,Upregulated
AD_HMR_3114,34.1994078877246,Upregulated
AD_HMR_3115,31.6586748929484,Upregulated
AD_HMR_3116,31.6586768940078,Upregulated
AD_HMR_3117,31.6586768940078,Upregulated
AD_HMR_3118,31.6586768940078,Upregulated
AD_HMR_3121,29.7321291534212,Upregulated
AD_HMR_3128,29.7321371956236,Upregulated
AD_HMR_3135,29.7321291682531,Upregulated
AD_HMR_3142,29.7321306717835,Upregulated
AD_HMR_3149,29.7321261469684,Upregulated
AD_HMR_3170,34.1994048899039,Upregulated
AD_HMR_3171,34.1994048899039,Upregulated
AD_HMR_3172,34.1994048899039,Upregulated
AD_HMR_3173,34.1994048899039,Upregulated
AD_HMR_3174,34.199392326966,Upregulated
AD_HMR_3175,34.199392326966,Upregulated
AD_HMR_3176,34.199392326966,Upregulated
AD_HMR_3177,34.199392326966,Upregulated
AD_HMR_3194,6.12279357789589,Upregulated
AD_HMR_3195,6.12279357789589,Upregulated
AD_HMR_3196,6.12279357789589,Upregulated
AD_HMR_3197,6.12279357789589,Upregulated
AD_HMR_3198,6.12279357789589,Upregulated
AD_HMR_3199,6.12279357789589,Upregulated
AD_HMR_3200,6.12279357789589,Upregulated
AD_HMR_3201,6.12279357789589,Upregulated
AD_HMR_3202,6.12279357789589,Upregulated
AD_HMR_3203,6.12279357789589,Upregulated
AD_HMR_3204,6.12279357789589,Upregulated
AD_HMR_3205,6.12279357789589,Upregulated
AD_HMR_3218,34.1156479051453,Upregulated
AD_HMR_3219,34.1156526504083,Upregulated
AD_HMR_3220,34.1156526504083,Upregulated
AD_HMR_3221,34.1156526504083,Upregulated
AD_HMR_3222,33.0884125170749,Upregulated
AD_HMR_3223,33.0884125170749,Upregulated
AD_HMR_3224,33.0884125170749,Upregulated
AD_HMR_3225,33.0884125170749,Upregulated
AD_HMR_3229,6.16969006275857,Upregulated
AD_HMR_3230,45.1913474261834,Upregulated
AD_HMR_3231,45.1913474261834,Upregulated
AD_HMR_3232,45.1913474261834,Upregulated
AD_HMR_3233,45.1913474261834,Upregulated
AD_HMR_3234,45.191351260706,Upregulated
AD_HMR_3235,45.191351260706,Upregulated
AD_HMR_3236,45.191351260706,Upregulated
AD_HMR_3237,45.191351260706,Upregulated
AD_HMR_3240,34.1994099971833,Upregulated
AD_HMR_3241,34.1994099971833,Upregulated
AD_HMR_3242,34.1994099971833,Upregulated
AD_HMR_3243,34.1994099971833,Upregulated
AD_HMR_3244,35.6141524938112,Upregulated
AD_HMR_3245,35.6141524938112,Upregulated
AD_HMR_3246,35.6141524938112,Upregulated
AD_HMR_3247,35.6141524938112,Upregulated
AD_HMR_3296,21.9316073604674,Upregulated
AD_HMR_3321,4.67279210469145,Upregulated
AD_HMR_3322,32.3510958490163,Upregulated
AD_HMR_3326,527.13475201922,Upregulated
AD_HMR_3327,527.13475201922,Upregulated
AD_HMR_3328,527.13475201922,Upregulated
AD_HMR_3329,527.13475201922,Upregulated
AD_HMR_3330,175.711581859024,Upregulated
AD_HMR_3331,175.711581859024,Upregulated
AD_HMR_3332,175.711581859024,Upregulated
AD_HMR_3333,175.711581859024,Upregulated
AD_HMR_3334,175.711581859024,Upregulated
AD_HMR_3335,175.711581859024,Upregulated
AD_HMR_3336,175.711581859024,Upregulated
AD_HMR_3337,175.711581859024,Upregulated
AD_HMR_3338,175.711581859024,Upregulated
AD_HMR_3339,175.711581859024,Upregulated
AD_HMR_3340,175.711581859024,Upregulated
AD_HMR_3341,175.71158217696,Upregulated
AD_HMR_3342,85.533651216003,Upregulated
AD_HMR_3343,85.533651216003,Upregulated
AD_HMR_3344,85.533651216003,Upregulated
AD_HMR_3345,85.533651216003,Upregulated
AD_HMR_3346,85.533651216003,Upregulated
AD_HMR_3347,85.5335149820882,Upregulated
AD_HMR_3348,85.533651216003,Upregulated
AD_HMR_3349,85.533651216003,Upregulated
AD_HMR_3350,85.533651216003,Upregulated
AD_HMR_3351,85.533651216003,Upregulated
AD_HMR_3352,85.533651216003,Upregulated
AD_HMR_3353,85.533651216003,Upregulated
AD_HMR_3398,9.85122226904749,Upregulated
AD_HMR_3406,18.0597692398618,Upregulated
AD_HMR_3407,22.5011440384549,Upregulated
AD_HMR_3408,28.383527985827,Upregulated
AD_HMR_3409,32.3040513569634,Upregulated
AD_HMR_3411,28.8472389989871,Upregulated
AD_HMR_3413,32.4876374210831,Upregulated
AD_HMR_3414,32.5723036264513,Upregulated
AD_HMR_3416,29.2424521004678,Upregulated
AD_HMR_3421,24.1255416629444,Upregulated
AD_HMR_3422,26.8859888855999,Upregulated
AD_HMR_3423,25.0833261854014,Upregulated
AD_HMR_3424,98.7473884558385,Upregulated
AD_HMR_3425,25.7128428141547,Upregulated
AD_HMR_3426,21.8039604402395,Upregulated
AD_HMR_3427,24.9933140026345,Upregulated
AD_HMR_3428,16.9581722419998,Upregulated
AD_HMR_3429,21.7631087636491,Upregulated
AD_HMR_3431,24.1243283067619,Upregulated
AD_HMR_3432,25.7129373674866,Upregulated
AD_HMR_3433,26.6651709036121,Upregulated
AD_HMR_3446,25.5270943453572,Upregulated
AD_HMR_3447,25.5270943453572,Upregulated
AD_HMR_3448,34.1994100774773,Upregulated
AD_HMR_3449,34.199409502942,Upregulated
AD_HMR_3450,34.199409502942,Upregulated
AD_HMR_3451,34.199409502942,Upregulated
AD_HMR_3452,27.9454891448905,Upregulated
AD_HMR_3453,27.9454891448905,Upregulated
AD_HMR_3454,27.9454891456189,Upregulated
AD_HMR_3455,27.9454891456189,Upregulated
AD_HMR_3456,27.9454891448905,Upregulated
AD_HMR_3457,27.9454891456189,Upregulated
AD_HMR_3491,3.14068338547656,Upregulated
AD_HMR_3625,3.17818683351081,Upregulated
AD_HMR_3626,3.17818683351081,Upregulated
AD_HMR_3627,3.17818683351081,Upregulated
AD_HMR_3628,3.17818683351081,Upregulated
AD_HMR_3629,3.17818683351081,Upregulated
AD_HMR_3630,3.17818683351081,Upregulated
AD_HMR_3631,3.17818683351081,Upregulated
AD_HMR_3633,3.17818683351081,Upregulated
AD_HMR_3635,3.17818683351081,Upregulated
AD_HMR_3636,3.17818683351081,Upregulated
AD_HMR_3637,3.17818683351081,Upregulated
AD_HMR_3639,3.17818683351081,Upregulated
AD_HMR_3640,3.17818683351081,Upregulated
AD_HMR_3642,3.17818683351081,Upregulated
AD_HMR_3644,3.17818683351081,Upregulated
AD_HMR_3645,3.17818683351081,Upregulated
AD_HMR_3646,3.17818683351081,Upregulated
AD_HMR_3647,3.17818683351081,Upregulated
AD_HMR_3648,3.17818683351081,Upregulated
AD_HMR_3649,3.17818683351081,Upregulated
AD_HMR_3650,3.17818683351081,Upregulated
AD_HMR_3651,3.17818681923343,Upregulated
AD_HMR_3652,3.17818683351081,Upregulated
AD_HMR_3653,0.0269794908663106,Downregulated
AD_HMR_3654,3.17818689726969,Upregulated
AD_HMR_3655,3.17818689726969,Upregulated
AD_HMR_3656,3.17818689726969,Upregulated
AD_HMR_3657,3.17818689726969,Upregulated
AD_HMR_3658,3.17818689726969,Upregulated
AD_HMR_3659,3.17818689726969,Upregulated
AD_HMR_3660,3.17818689726969,Upregulated
AD_HMR_3662,3.578059125469,Upregulated
AD_HMR_3663,3.17818692638515,Upregulated
AD_HMR_3664,0.310300714909956,Downregulated
AD_HMR_3665,3.17818692638515,Upregulated
AD_HMR_3666,3.17818692638515,Upregulated
AD_HMR_3667,3.17818691846437,Upregulated
AD_HMR_3668,3.17818692638515,Upregulated
AD_HMR_3669,3.17818692638515,Upregulated
AD_HMR_3670,3.17818692638515,Upregulated
AD_HMR_3675,3.17818677538461,Upregulated
AD_HMR_3677,3.17818692638515,Upregulated
AD_HMR_3678,3.17818692638515,Upregulated
AD_HMR_3679,3.17818679800139,Upregulated
AD_HMR_3680,3.17818692638515,Upregulated
AD_HMR_3681,3.17818692638515,Upregulated
AD_HMR_3682,3.17818657658928,Upregulated
AD_HMR_3684,3.17818683351081,Upregulated
AD_HMR_3685,3.17818683351081,Upregulated
AD_HMR_3686,3.17818683351081,Upregulated
AD_HMR_3687,3.17818683351081,Upregulated
AD_HMR_3688,3.17818683351081,Upregulated
AD_HMR_3689,3.17818683351081,Upregulated
AD_HMR_3690,3.17818683351081,Upregulated
AD_HMR_3692,3.17818683351081,Upregulated
AD_HMR_3694,3.17818683351081,Upregulated
AD_HMR_3695,3.17818683351081,Upregulated
AD_HMR_3696,3.17818683351081,Upregulated
AD_HMR_3698,3.17818683351081,Upregulated
AD_HMR_3699,3.17818683351081,Upregulated
AD_HMR_3701,3.17818683351081,Upregulated
AD_HMR_3703,3.17818683351081,Upregulated
AD_HMR_3704,3.17818683351081,Upregulated
AD_HMR_3705,3.17818683351081,Upregulated
AD_HMR_3706,3.17818683351081,Upregulated
AD_HMR_3707,3.17818683351081,Upregulated
AD_HMR_3708,3.17818683351081,Upregulated
AD_HMR_3709,3.17818683351081,Upregulated
AD_HMR_3710,3.17818681923343,Upregulated
AD_HMR_3711,3.17818683351081,Upregulated
AD_HMR_3712,0.0269794908663106,Downregulated
AD_HMR_3713,3.17818689726969,Upregulated
AD_HMR_3714,3.17818689726969,Upregulated
AD_HMR_3715,3.17818689726969,Upregulated
AD_HMR_3716,3.17818689726969,Upregulated
AD_HMR_3717,3.17818689726969,Upregulated
AD_HMR_3718,3.17818689726969,Upregulated
AD_HMR_3719,3.17818689726969,Upregulated
AD_HMR_3721,3.578059125469,Upregulated
AD_HMR_3722,3.17818692638515,Upregulated
AD_HMR_3723,0.310300714909956,Downregulated
AD_HMR_3724,3.17818692638515,Upregulated
AD_HMR_3725,3.17818692638515,Upregulated
AD_HMR_3726,3.17818691846437,Upregulated
AD_HMR_3727,3.17818692638515,Upregulated
AD_HMR_3728,3.17818692638515,Upregulated
AD_HMR_3729,3.17818692638515,Upregulated
AD_HMR_3734,3.17818677538461,Upregulated
AD_HMR_3736,3.17818692638515,Upregulated
AD_HMR_3737,3.17818692638515,Upregulated
AD_HMR_3738,3.17818679800139,Upregulated
AD_HMR_3739,3.17818692638515,Upregulated
AD_HMR_3740,3.17818692638515,Upregulated
AD_HMR_3741,3.17818657658928,Upregulated
AD_HMR_3831,0.190417738885224,Downregulated
AD_HMR_3915,0.250902553220487,Downregulated
AD_HMR_3953,0.000118955726850993,Downregulated
AD_HMR_4078,2.32645758581594,Upregulated
AD_HMR_4079,2.32645757333844,Upregulated
AD_HMR_4124,1.95282283456557,Unchanged
AD_HMR_4182,1.99999854901238,Unchanged
AD_HMR_4270,1.26257654056754,Unchanged
AD_HMR_4422,6.31934095780442,Upregulated
AD_HMR_4592,2.03855376172795,Upregulated
AD_HMR_4701,8.2489054040552,Upregulated
AD_HMR_4756,4.57403324584119,Upregulated
AD_HMR_4764,4.73548403677011,Upregulated
AD_HMR_4964,5.48839826990212e-05,Downregulated
AD_HMR_5301,1.99999870522739,Unchanged
AD_HMR_5387,8.39793529687043,Upregulated
AD_HMR_5389,8.39793529687043,Upregulated
AD_HMR_5420,4.57403324584119,Upregulated
AD_HMR_5996,0.01,Downregulated
AD_HMR_6511,83.1179706693345,Upregulated
AD_HMR_6515,21.6109822545629,Upregulated
AD_HMR_6545,1.26257654556202,Unchanged
AD_HMR_6550,1.26257635126467,Unchanged
AD_HMR_6558,1.26257629746779,Unchanged
AD_HMR_6566,1.2625764558197,Unchanged
AD_HMR_6583,6.17425516422226e-07,Downregulated
AD_HMR_6584,1.26257641261863,Unchanged
AD_HMR_6595,1.26257647653943,Unchanged
AD_HMR_6629,0.594058240400047,Unchanged
AD_HMR_6632,3.07547224466097,Upregulated
AD_HMR_6633,3.07547224547287,Upregulated
AD_HMR_6647,0.593999545035223,Unchanged
AD_HMR_6729,35.856188148312,Upregulated
AD_HMR_6747,7.27033512610469,Upregulated
AD_HMR_6755,9.46726038593384,Upregulated
AD_HMR_7198,1.95282283456557,Unchanged
AD_HMR_7628,9.85183613538049,Upregulated
AD_HMR_7652,1.26257647495126,Unchanged
AD_HMR_7703,35.5609552926085,Upregulated
AD_HMR_7711,0.435770347656026,Downregulated
AD_HMR_7715,1.26257648187233,Unchanged
AD_HMR_7720,1.26257643824452,Unchanged
AD_HMR_7724,1.26257641950316,Unchanged
AD_HMR_7727,3.79055995131333,Upregulated
AD_HMR_7748,0.712934588887853,Unchanged
AD_HMR_7749,0.712934588887853,Unchanged
AD_HMR_7756,9.85183613538049,Upregulated
AD_HMR_7757,253.426317969421,Upregulated
AD_HMR_7758,8.0260080317518,Upregulated
AD_HMR_7977,0.500000114499012,Unchanged
AD_HMR_8475,0.000655395538290072,Downregulated
AD_HMR_8476,27.5401703288747,Upregulated
AD_HMR_8505,1.28868833376904,Unchanged
AD_HMR_8562,5.1729828149142,Upregulated
AD_HMR_8776,1.00154461962982,Unchanged
AD_HMR_9191,1,Unchanged
AD_HMR_9627,2.88735499668469,Upregulated
AD_HMR_9639,13.3948485790238,Upregulated
AD_HMR_9652,10.1195129314625,Upregulated
AD_HMR_9676,5.1729828149142,Upregulated
AD_HMR_9678,128.115528962402,Upregulated
AD_HMR_9719,16.9581446236459,Upregulated
AD_HMR_9803,0.0131018338513581,Downregulated
AD_HMR_9804,0.0131018338513581,Downregulated
AD_HMR_9805,14.0667607283991,Upregulated
AD_HMR_2957,3.17818702578659,Upregulated
AD_HMR_6580,1.26257641261863,Unchanged
AD_HMR_1635,10.9628753692971,Upregulated
AD_HMR_1484,0.159915800723841,Downregulated
AD_HMR_1467,0.159915793719565,Downregulated
AD_HMR_1644,10.9628750105043,Upregulated
AD_HMR_1500,0.159915800723841,Downregulated
AD_CA3Sabc,1.26257648705486,Unchanged
AD_CA3St,1.26257648705486,Unchanged
AD_DCA3Sabc,1.26257644870406,Unchanged
AD_DCA3St,1.26257644870406,Unchanged
AD_GCA3Sabc,1.26257644870406,Unchanged
AD_GCA3St,1.26257644870406,Unchanged
AD_GCDCA3Sabc,1.26257642337939,Unchanged
AD_GCDCA3St,1.26257642337939,Unchanged
AD_GDCA3Sabc,1.26257642337939,Unchanged
AD_GDCA3St,1.26257642337939,Unchanged
AD_GUDCA3Sabc,1.26257642337939,Unchanged
AD_GUDCA3St,1.26257642337939,Unchanged
AD_LCA3Sabc,1.26257642337939,Unchanged
AD_LCA3St,1.26257642337939,Unchanged
AD_TCA3Sabc,1.26257642337939,Unchanged
AD_TCA3St,1.26257642337939,Unchanged
AD_TCDCA3Sabc,1.26257642337939,Unchanged
AD_TCDCA3St,1.26257642337939,Unchanged
AD_TDCA3Sabc,1.26257642337939,Unchanged
AD_TDCA3St,1.26257642337939,Unchanged
AD_TUDCA3Sabc,1.26257642337939,Unchanged
AD_TUDCA3St,1.26257642337939,Unchanged
AD_UDCA3Sabc,1.26257642337939,Unchanged
AD_UDCA3St,1.26257642337939,Unchanged
AD_sink_his_L[c],1,Unchanged
AD_sink_ile_L[c],1,Unchanged
AD_sink_leu_L[c],2.07559737682014,Upregulated
AD_sink_lys_L[c],12964109.8566948,Upregulated
AD_sink_met_L[c],1,Unchanged
AD_sink_phe_L[c],1,Unchanged
AD_sink_thr_L[c],1,Unchanged
AD_sink_trp_L[c],1,Unchanged
AD_sink_val_L[c],1,Unchanged
AD_sink_ala_L[c],1,Unchanged
AD_sink_asn_L[c],69.7138556584988,Upregulated
AD_sink_cys_L[c],1,Unchanged
AD_sink_gln_L[c],21.5615421666847,Upregulated
AD_sink_ser_L[c],0.199354289194391,Downregulated
AD_sink_tyr_L[c],1,Unchanged
AD_sink_gly[c],177953.150520166,Upregulated
AD_sink_4abut[l],5.11319092566803,Upregulated
AD_DM_4abut[c],7.67151744669333,Upregulated
AD_DCMPtm,0.000655395538290072,Downregulated
AD_ATPS4mi,0.0896998529221495,Downregulated
AD_CYOR_u10mi,79.4617472848579,Upregulated
AD_Htmi,39.9808071400144,Upregulated
AD_CYOOm3i,79.4617476940748,Upregulated
Tr2hb[e]_AD2Bl,5.72982003477017,Upregulated
Tr34dhoxpeg[e]_AD2Bl,21.2663748382389,Upregulated
Tr3mlda[e]_AD2Bl,2.96695923934219,Upregulated
Tr4pyrdx[e]_AD2Bl,3.80455871766784,Upregulated
Trade[e]_AD2Bl,4.24231156853035,Upregulated
Trpi[e]_AD2Bl,0.132377622514363,Downregulated
Trala_B[e]_AD2Bl,2.32645799948618,Upregulated
Trbilirub[e]_AD2Bl,4.73548402754975,Upregulated
Trcit[e]_AD2Bl,33.2832964304488,Upregulated
Troxa[e]_AD2Bl,5.74351967496224,Upregulated
Trco[e]_AD2Bl,4.7354841551984,Upregulated
Trlac_D[e]_AD2Bl,1.45861147028086e-05,Downregulated
Trdopasf[e]_AD2Bl,8.53950993266857,Upregulated
Tr4hphac[e]_AD2Bl,6.99659889491716,Upregulated
Trfucgalgbside_hs[e]_AD2Bl,2.88735484232815,Upregulated
Trglyc_S[e]_AD2Bl,1.21221139747915,Unchanged
Trgthox[e]_AD2Bl,1.75312759646928,Unchanged
Trlnlncg[e]_AD2Bl,4.97191744779976,Upregulated
Trretnglc[e]_AD2Bl,0.593999545035223,Unchanged
Trthf[e]_AD2Bl,1,Unchanged
Trthym[e]_AD2Bl,1.67194501071571,Unchanged
Trtsul[e]_AD2Bl,21.6109822545629,Upregulated
Trttdca[e]_AD2Bl,65356.9681852956,Upregulated
Trnac[e]_AD2Bl,0.460068016395404,Downregulated
Trorn[e]_AD2Bl,0.228089168937226,Downregulated
Trurea[e]_AD2Bl,13.3948490559833,Upregulated
Trisomal[e]_AD2Bl,1,Unchanged
Trco2[e]_AD2Bl,375.273665222812,Upregulated
Tracac[e]_AD2Bl,2681.19529479407,Upregulated
TrHC02213[e]_AD2Bl,36.9553783895346,Upregulated
Trglcur[e]_AD2Bl,255.170808847224,Upregulated
TrCE0074[e]_AD2Bl,13.3948485790238,Upregulated
Tr3bcrn[e]_AD2Bl,NaN,Unchanged
Tr3tetd7ecoacrn[e]_AD2Bl,NaN,Unchanged
Tr3ttetddcoacrn[e]_AD2Bl,NaN,Unchanged
Tr3thexddcoacrn[e]_AD2Bl,NaN,Unchanged
Tr3ddcrn[e]_AD2Bl,NaN,Unchanged
Tr3deccrn[e]_AD2Bl,NaN,Unchanged
Trdocosdiac[e]_AD2Bl,21.3447167235402,Upregulated
Tr3hdececrn[e]_AD2Bl,NaN,Unchanged
Tr3hexdcrn[e]_AD2Bl,NaN,Unchanged
Tr3ivcrn[e]_AD2Bl,NaN,Unchanged
Tr3octdec2crn[e]_AD2Bl,NaN,Unchanged
Tr3octdeccrn[e]_AD2Bl,NaN,Unchanged
Tr3octdece1crn[e]_AD2Bl,NaN,Unchanged
Tr3tdcrn[e]_AD2Bl,NaN,Unchanged
Trc51crn[e]_AD2Bl,NaN,Unchanged
Trivcrn[e]_AD2Bl,NaN,Unchanged
Trglypro[e]_AD2Bl,1,Unchanged
Trprogly[e]_AD2Bl,1,Unchanged
Trslfcys[e]_AD2Bl,21.6109591890586,Upregulated
Tr5mta[e]_AD2Bl,6.210363448586,Upregulated
Tridour[e]_AD2Bl,2.15873468617751,Upregulated
Trpcholmyr_hs[e]_AD2Bl,3.12954893135949,Upregulated
Trpcholole_hs[e]_AD2Bl,3.12954907779326,Upregulated
Trpcholste_hs[e]_AD2Bl,3.1295490750087,Upregulated
Trpcholn204_hs[e]_AD2Bl,3.12954895460482,Upregulated
Trpcholn24_hs[e]_AD2Bl,3.12954895873621,Upregulated
Trpcholhep_hs[e]_AD2Bl,3.1295490955753,Upregulated
Trmagste_hs[e]_AD2Bl,8.88130745575662,Upregulated
Tr4aabutn[e]_AD2Bl,8.52468045087423,Upregulated
TrC14768[e]_AD2Bl,19.8929895987443,Upregulated
TrC14769[e]_AD2Bl,19.8929927106283,Upregulated
TrC14770[e]_AD2Bl,6.54472621148552,Upregulated
TrC14771[e]_AD2Bl,6.54472546582865,Upregulated
TrleuktrB4wcooh[e]_AD2Bl,7.8202465054389,Upregulated
Trgalt[e]_AD2Bl,4.27973802962334,Upregulated
Trglyclt[e]_AD2Bl,1.00300398835185,Unchanged
Trind3ac[e]_AD2Bl,6.99659893741829,Upregulated
Trpac[e]_AD2Bl,5.8084919010157,Upregulated
Trargalaala[e]_AD2Bl,235047.950346276,Upregulated
Trargglygly[e]_AD2Bl,1.3123689517597,Unchanged
Trtrpglyleu[e]_AD2Bl,1,Unchanged
Trhomoval[e]_AD2Bl,10.1195129314625,Upregulated
Tr2obut[e]_AD2Bl,5.06783170103972,Upregulated
Trglcr[e]_AD2Bl,144.688234810753,Upregulated
Trhxan[e]_AD2Bl,0.587639182135278,Unchanged
Trphpyr[e]_AD2Bl,0.456047994656437,Downregulated
Trvanillac[e]_AD2Bl,6.37156893803945,Upregulated
Tr2m3hvac[e]_AD2Bl,1.63195655205264,Unchanged
Trmvlac[e]_AD2Bl,580.89800477245,Upregulated
Tr3hadpac[e]_AD2Bl,0,Downregulated
Tr3ohsebac[e]_AD2Bl,17.6137810136579,Upregulated
Tr3ohsubac[e]_AD2Bl,19.5223269178129,Upregulated
Trhexgly[e]_AD2Bl,0.639278282128429,Unchanged
Trmhista[e]_AD2Bl,0.294310707733008,Downregulated
TrCE2006[e]_AD2Bl,5.84665895412735,Upregulated
Trtrypta[e]_AD2Bl,2.38136304391827,Upregulated
TrCE2705[e]_AD2Bl,4.20268358686185,Upregulated
Trsphings[e]_AD2Bl,2.38136293251153,Upregulated
Trim4ac[e]_AD2Bl,6.99659904004435,Upregulated
Trdopa4glcur[e]_AD2Bl,5.58325273491025,Upregulated
Trdopa3glcur[e]_AD2Bl,5.58325279916062,Upregulated
TrM02745[e]_AD2Bl,2.51329201766605,Upregulated
TrC01601[e]_AD2Bl,5.84665817054275,Upregulated
SK_10FTHF7GLUtl,1.20521162246772,Unchanged
SK_10FTHF7GLUtm,1.63096461311887,Unchanged
SK_10FTHFtl,1.20521162246772,Unchanged
SK_10FTHFtm,41.7987531924009,Upregulated
SK_13DAMPPOX,5.90101225935537,Upregulated
SK_2HBO,42.5602174878708,Upregulated
SK_2HBt2,1,Unchanged
SK_2OXOADOXm,26.8745138479744,Upregulated
SK_34DHOXPEGOX,24.4854046292872,Upregulated
SK_34DHOXPEGt,24.4854046292872,Upregulated
SK_34DHPHEt,1,Unchanged
SK_34DHXMANDACOX_NADP_,0.0449972090377942,Downregulated
SK_34HPLFM,3.1547921780006,Upregulated
SK_34HPPOR,22.1177068026715,Upregulated
SK_3DPHBH2,3.16997393371403,Upregulated
SK_3DSPHR,50.2642181007141,Upregulated
SK_3HBCDm,NaN,Unchanged
SK_3HBCOAHLm,3536.42640727906,Upregulated
SK_3HLYTCL,41.9993330535902,Upregulated
SK_3M4HDXPAC,7.1059492617882,Upregulated
SK_3MLDAt,3.68196428538555,Upregulated
SK_3MOBt2im,9.41981260687503e-05,Downregulated
SK_3MOPt2im,1.46127393441203e-06,Downregulated
SK_3MOX4HOXPGALDOX,0.0449972090377942,Downregulated
SK_3MOXTYROX,7.1059492617882,Upregulated
SK_3SALAASPm,1.73671561402266,Unchanged
SK_3SALATAi,57.2652890142587,Upregulated
SK_3SALATAim,36.309385607978,Upregulated
SK_3SPYRSP,57.2652890142587,Upregulated
SK_3SPYRSPm,36.309385607978,Upregulated
SK_4ABUTtm,0.699245036097662,Unchanged
SK_4HBZCOAFm,3.16997393371403,Upregulated
SK_4HBZFm,3.16997393371403,Upregulated
SK_4HGLSDm,1,Unchanged
SK_4HOXPACDOX_NADP_,4.78592876589801e-07,Downregulated
SK_4MOPt2im,1.46127392020614e-06,Downregulated
SK_5AOPtm,2.9255857751822,Upregulated
SK_5HOXINDACTO2OX,31.08488399197,Upregulated
SK_7DHFtl,1.20521356141859,Unchanged
SK_7DHFtm,1.63096453377904,Unchanged
SK_7THFtm,1.98911588577688,Unchanged
SK_A4GALTc,83992.6178657697,Upregulated
SK_A4GALTg,0.546402685639744,Unchanged
SK_AASAD3m,26.8745081956067,Upregulated
SK_ABTArm,0.699245036097662,Unchanged
SK_ABUTt2rL,1.12815529466276,Unchanged
SK_ACACT10m,13.0673113563277,Upregulated
SK_ACACT1rm,264.977765328849,Upregulated
SK_ACACT1x,7.57719843036569e-05,Downregulated
SK_ACACt2m,14.7000198266679,Upregulated
SK_ACACT6p,26.8567058385003,Upregulated
SK_ACACT8p,34.2968298558182,Upregulated
SK_ACACT9p,13.0036438227719,Upregulated
SK_ACACtx,2.64297398260283e-05,Downregulated
SK_ACALDtm,0.0683791305141724,Downregulated
SK_ACCOACm,0.51006800033023,Unchanged
SK_ACCOAtr,1,Unchanged
SK_ACETONEt2,3.40933909862031,Upregulated
SK_ACETONEt2m,37.7828494728146,Upregulated
SK_ACGALtly,0.797399840698453,Unchanged
SK_ACGAM6PSi,0.0679477411644279,Downregulated
SK_ACGAMK,1.28775303183751,Unchanged
SK_ACGAMPM,0.442352974619018,Downregulated
SK_ACGAMtly,0.228366939118493,Downregulated
SK_ACNAM9PL,4.40866454279083,Upregulated
SK_ACNAMlt,0.918904063840589,Unchanged
SK_ACNAMPH,4.40866454279083,Upregulated
SK_ACOAD10m,54.762194483472,Upregulated
SK_ACOAD1fm,94.6666604027169,Upregulated
SK_ACOAD8m,57.0728950216078,Upregulated
SK_ACOAD9m,46694610.5101958,Upregulated
SK_ACONTm,0.500000312895673,Unchanged
SK_ACP1_FMN_,0.663144945171217,Unchanged
SK_ACRNtm,1.39477261461334,Unchanged
SK_ACS2,0.90092494431673,Unchanged
SK_ACtg,0.888842295946502,Unchanged
SK_ADEt,2.95832410107245,Upregulated
SK_ADK1m,1,Unchanged
SK_ADK3m,1,Unchanged
SK_ADMDC,3.61185274560161,Upregulated
SK_ADNCYC,0.900924965510737,Unchanged
SK_ADNt,0.0565298446357878,Downregulated
SK_ADNtm,18.9738542162572,Upregulated
SK_ADRNCOAtx,0.0580076134430471,Downregulated
SK_ADRNCPT1,13.2933112725453,Upregulated
SK_ADRNCPT2,13.2933108754753,Upregulated
SK_ADRNCRNt,1,Unchanged
SK_ADSK,0.888842248962391,Unchanged
SK_ADSL1,0.544916295506053,Unchanged
SK_ADSL2,0.039800295515312,Downregulated
SK_AG13T16g,0.826974669578315,Unchanged
SK_AG13T17g,0.826974669578315,Unchanged
SK_AG13T18g,0.826974669578315,Unchanged
SK_AG13T1g,0.832727256817794,Unchanged
SK_AG13T2g,0.832727256817794,Unchanged
SK_AG13T3g,0.832727256817794,Unchanged
SK_AGPAT1,1.27107394490408,Unchanged
SK_AIRCr,0.039800295515312,Downregulated
SK_AKGDm,13.8167012052604,Upregulated
SK_AKGMALtm,6.64648920895843e-05,Downregulated
SK_AKR1C42,7.84051587894209,Upregulated
SK_AKR1D,25.1352701132517,Upregulated
SK_AKR1D2,7.84051587894209,Upregulated
SK_ALACYSNaEx,1,Unchanged
SK_ALASERNaEx,1,Unchanged
SK_ALASm,1,Unchanged
SK_ALAt4,1,Unchanged
SK_ALATA_L,182823.736182309,Upregulated
SK_ALATHRNaEx,1,Unchanged
SK_ALAtN1,1,Unchanged
SK_ALCD21_D,1,Unchanged
SK_ALCD21_L,0.826410778510868,Unchanged
SK_ALCD22_D,1,Unchanged
SK_ALCD22_L,1,Unchanged
SK_ALDD20x,13.5083399821503,Upregulated
SK_ALDD20xm,12.0981757784605,Upregulated
SK_ALDD21,1.45251669810028e-05,Downregulated
SK_ALDD2xm,0.0683791305141724,Downregulated
SK_ALDD2y,2.23182511923181,Upregulated
SK_ALOX52,1,Unchanged
SK_ALR2,0.82641077851456,Unchanged
SK_ALR3,0.826410778515923,Unchanged
SK_AMACR2p,282.337958156637,Upregulated
SK_AMETt2m,3.16997429580894,Upregulated
SK_AMPDA,17.8543482912038,Upregulated
SK_ANDRSTRNtr,0,Downregulated
SK_APOCF,0.900924951045544,Unchanged
SK_APOCFm,1.39563365298048,Unchanged
SK_APOC_LYS_BTNP,0.900924951045544,Unchanged
SK_APOC_LYS_BTNPm,1.39563365298048,Unchanged
SK_APRTO2,22.215506056287,Upregulated
SK_ARACHCPT1,16.4548752798358,Upregulated
SK_ARACHCPT2,16.4548749038752,Upregulated
SK_ARACHCRNt,1,Unchanged
SK_R_group_phosphotase_1,1.78781770387041,Unchanged
SK_R_group_phosphotase_3,3.44957375325369,Upregulated
SK_ARTPLM3m,43.1771738907753,Upregulated
SK_ASAH1,0.618704533817389,Unchanged
SK_ASCBt4,2.86760744399307,Upregulated
SK_ASNt4,1,Unchanged
SK_ASNtN1,1,Unchanged
SK_ASPCTr,9.97992017765247,Upregulated
SK_ASPDt6,1,Unchanged
SK_ASPGLUm,1.73671536737756,Unchanged
SK_ASPt6,166530.173508707,Upregulated
SK_ASPTAm,0.29525265723894,Downregulated
SK_ATP1ter,0.663144965431836,Unchanged
SK_ATP2ter,1.88125866491494,Unchanged
SK_ATPH1e,0.608679194533304,Unchanged
SK_ATPH2e,1.71854125625865,Unchanged
SK_ATPtm,0.423479280818251,Downregulated
SK_ATPtn,41256.5790688395,Upregulated
SK_B3GALT3g,0.546402685639744,Unchanged
SK_B3GALT5g,1.7157618186124,Unchanged
SK_BAAT3x,282.337958157082,Upregulated
SK_BACCL,0.900924951045544,Unchanged
SK_BACCLm,1.39563365298048,Unchanged
SK_BAMPPALDOX,3.61185298380334,Upregulated
SK_BILDGLCURte,0.663144968865247,Unchanged
SK_BILGLCURte,0.663144920798712,Unchanged
SK_BILGLCURtr,0.379045866854596,Downregulated
SK_BILIRED,10.8747938388575,Upregulated
SK_BILIRUBt2,489983423.587366,Upregulated
SK_BILIRUBtr,0.379045818483887,Downregulated
SK_BIOCYTtn,0.900925001289537,Unchanged
SK_BTND1,0.900924968053121,Unchanged
SK_BTND1n,0.900925001289537,Unchanged
SK_BTNDm,1.39563365298048,Unchanged
SK_BTNPL,0.900924951045544,Unchanged
SK_BTNPLm,1.39563365298048,Unchanged
SK_BTNt2,1,Unchanged
SK_BTNt2m,2.24895042155855,Upregulated
SK_BTNtn,0.900925001289537,Unchanged
SK_C14STRr,1.32306006864911,Unchanged
SK_C160CPT2,138.263865151594,Upregulated
SK_C160CRNt,0.835530264736822,Unchanged
SK_C161CPT12,107.410716692917,Upregulated
SK_C161CPT2,1.87361956562881e-07,Downregulated
SK_C161CPT22,83.8867551415489,Upregulated
SK_C161CRN2t,1,Unchanged
SK_C161CRNt,1.87361956562881e-07,Downregulated
SK_C180CPT1,1.88127111979113,Unchanged
SK_C180CPT2,83.9151034545866,Upregulated
SK_C180CRNt,1,Unchanged
SK_C181CPT1,1,Unchanged
SK_C181CPT2,1,Unchanged
SK_C181CRNt,1,Unchanged
SK_C204CPT2,3.73229941696449,Upregulated
SK_C204CRNt,1.19400010187503,Unchanged
SK_C226CPT1,1031957.67800715,Upregulated
SK_C226CPT2,1031957.67800715,Upregulated
SK_C3STDH1Pr,1.32306004437423,Unchanged
SK_C3STKR2r,1.32306006055748,Unchanged
SK_C4STMO2Pr,2.56317215953803e-07,Downregulated
SK_CAATPS,0.66314495939294,Unchanged
SK_CAt7r,1,Unchanged
SK_CATm,2485116.2932133,Upregulated
SK_CATp,0.0281600747755054,Downregulated
SK_CDIPTr,1.39036468633508,Unchanged
SK_CDPDAGtm,1.39183717436991,Unchanged
SK_CDSm,1.39183719687017,Unchanged
SK_CEPTC,2.17297476734514,Upregulated
SK_CEPTE,1.62785948060759,Unchanged
SK_CERK,0.663144943401658,Unchanged
SK_CERT1gt,12226.2011609834,Upregulated
SK_CERT2rt,0.0735956759373287,Downregulated
SK_CHLPCTD,1.81890930895364,Unchanged
SK_CHOLPtl,0.937360366396274,Unchanged
SK_CHSTEROLt1,23.8213390226586,Upregulated
SK_CHSTEROLt2,23.821339621837,Upregulated
SK_CHSTEROLtg,0.663144966378187,Unchanged
SK_CKc,0.472411296714037,Downregulated
SK_CLOXAtex2,7.13550385995632e-07,Downregulated
SK_CLPNDCPT1,46.130453693862,Upregulated
SK_CLPNDCPT2,46.1304603687156,Upregulated
SK_CLPNDCRNt,1,Unchanged
SK_CLS_hs,2.72646117858006,Upregulated
SK_CMPACNAtg,12.3403912579856,Upregulated
SK_CMPACNAtn,2.83398909564763,Upregulated
SK_CMPSAS,0.900924977960802,Unchanged
SK_CMPSASn,2.83398909564763,Upregulated
SK_CO2ter,7.30549448463397,Upregulated
SK_CO2tg,0.964057373106128,Unchanged
SK_COAtl,0.663144951774771,Unchanged
SK_COAtr,1,Unchanged
SK_COQ3m,3.16997426915397,Upregulated
SK_COQ5m,3.16997426915397,Upregulated
SK_COQ6m,3.16997426915397,Upregulated
SK_COQ7m,3.16997426915397,Upregulated
SK_CORE2GTg,0.832727256817794,Unchanged
SK_CORE3GTg,0.826974669578315,Unchanged
SK_CORE4GTg,0.826974669578315,Unchanged
SK_COt,10.8747946343777,Upregulated
SK_COUCOAFm,3.16997393371403,Upregulated
SK_CREATt4_2_r,1,Unchanged
SK_CRNCARtp,2.90503351645208e-05,Downregulated
SK_CRNtim,1,Unchanged
SK_CSCPASEly,1.03797460117899,Unchanged
SK_CSm,0.0729581957589214,Downregulated
SK_CSNAT2m,79.7627432714679,Upregulated
SK_CSNAT2x,1,Unchanged
SK_CSNAT3x,5.15743240057986e-06,Downregulated
SK_CSNATer,1,Unchanged
SK_CSNATm,429841.009033321,Upregulated
SK_CSNATp,4.94070940739045e-05,Downregulated
SK_CSNATr,1,Unchanged
SK_CSPG_Ct,1.03797460117899,Unchanged
SK_CSPG_Ctly,1.03797460117899,Unchanged
SK_CTPtn,2.8339892578056,Upregulated
SK_CYSALANaEx,1,Unchanged
SK_CYSGLTH,1,Unchanged
SK_CYSO,57.2652896442279,Upregulated
SK_CYSSERNaEx,1,Unchanged
SK_CYSt4,1,Unchanged
SK_CYSTA,54.8524356363569,Upregulated
SK_CYSTHRNaEx,1,Unchanged
SK_CYTDK1,0.828965163160113,Unchanged
SK_CYTDK2m,1.39183721937577,Unchanged
SK_CYTDt,1,Unchanged
SK_CYTDtm,1.39183721937577,Unchanged
SK_CYTK10,1,Unchanged
SK_CYTK10n,1,Unchanged
SK_CYTK11,1,Unchanged
SK_CYTK11n,1,Unchanged
SK_CYTK12,1,Unchanged
SK_CYTK12n,1,Unchanged
SK_CYTK13,1,Unchanged
SK_CYTK13n,1,Unchanged
SK_CYTK14,1,Unchanged
SK_CYTK14n,1,Unchanged
SK_CYTK1m,1.39183719687017,Unchanged
SK_CYTK1n,1,Unchanged
SK_CYTK2n,1,Unchanged
SK_CYTK3n,1,Unchanged
SK_CYTK4n,1,Unchanged
SK_CYTK5,1,Unchanged
SK_CYTK5n,1,Unchanged
SK_CYTK6,1,Unchanged
SK_CYTK6n,1,Unchanged
SK_CYTK7,1,Unchanged
SK_CYTK7n,1,Unchanged
SK_CYTK8,1,Unchanged
SK_CYTK8n,1,Unchanged
SK_CYTK9,1,Unchanged
SK_CYTK9n,1,Unchanged
SK_DAGK_hs,1.11201824121943,Unchanged
SK_DAGKn_hs,0.663144972968147,Unchanged
SK_DAGt,10.6908258330332,Upregulated
SK_DALAt2r,1,Unchanged
SK_DATPtn,0.704432641495253,Unchanged
SK_DCIm,67.8506481530805,Upregulated
SK_DCK1m,93.7961072949154,Upregulated
SK_DCSPTN1COAtx,0.0580076240562567,Downregulated
SK_DCSPTN1CPT1,0.0580076240562567,Downregulated
SK_DCSPTN1CPT2,0.0580076243550272,Downregulated
SK_DCSPTN1CRNt,1,Unchanged
SK_DCTPtn,1.97833139672704e-10,Downregulated
SK_DCYTDn,1.24091985493075,Unchanged
SK_DDPGAm,12.5328289001535,Upregulated
SK_DECDPtm,3.16997393371403,Upregulated
SK_DESAT18_10,32.1223072803572,Upregulated
SK_DESAT18_6,61.4705162968962,Upregulated
SK_DESAT18_8,82.8833642137129,Upregulated
SK_DESAT22_1p,0.0580076134430471,Downregulated
SK_DGCHOLtx,282.337958157082,Upregulated
SK_DGK2m,1.34635899119824,Unchanged
SK_DGNSKm,1.34635899119824,Unchanged
SK_DGSNtm,1.34635899119824,Unchanged
SK_DGTPtn,0.704875675205776,Unchanged
SK_DHAAt1r,2.86760747358841,Upregulated
SK_DHCHOLESTANATEtm,0.443061135421108,Downregulated
SK_DHCR242r,3.44092625973047e-06,Downregulated
SK_DHCRD1,8.85011943285636,Upregulated
SK_DHDPBMTm,3.16997393371403,Upregulated
SK_DHFtl,1.20521356141859,Unchanged
SK_DHFtm,1.6309645692881,Unchanged
SK_DHORD9,9.97992017765247,Upregulated
SK_DHPM1,0.52478063748609,Unchanged
SK_DIDPtn,1.03055012778549,Unchanged
SK_DITPtn,1.03055012778549,Unchanged
SK_D_LACt2,NaN,Unchanged
SK_D_LACtm,NaN,Unchanged
SK_DLNLCGCPT1,1,Unchanged
SK_DLNLCGCPT2,13.293312994009,Upregulated
SK_DLNLCGCRNt,1,Unchanged
SK_DMATTx,3.1221220686599e-07,Downregulated
SK_DMNONCOACRNCPT1,1,Unchanged
SK_DNDPt37m,0.704432555395578,Unchanged
SK_DNDPt38m,3.7960877777663e-05,Downregulated
SK_DOLGLCP_Lter,2.62778160962063,Upregulated
SK_DOLGPP_Ler,0.0159282204621914,Downregulated
SK_DOLICHOL_Lter,2.62778160131863,Upregulated
SK_DOLPGT3_Ler,2.62778160131863,Upregulated
SK_DOPABMO,24.9012496256159,Upregulated
SK_DOPAMT,7.1059492617882,Upregulated
SK_DPCOAtl,0.663144951774771,Unchanged
SK_DPHMBDCm,3.16997393371403,Upregulated
SK_DPMVDx,4.71830671349394e-07,Downregulated
SK_DPPS,3.16997393371403,Upregulated
SK_DRPA,0.0406201706765519,Downregulated
SK_DSAT,0.216304148544093,Downregulated
SK_DTTPtn,0.703366289609795,Unchanged
SK_DUDPtn,0.905268681524497,Unchanged
SK_DURAD,0.52478063748609,Unchanged
SK_DURItn,1.24091985493075,Unchanged
SK_ECOAH12m,3536.42640727906,Upregulated
SK_ECOAH1m,86.5584025149322,Upregulated
SK_ECOAH1x,40.2280238148921,Upregulated
SK_ECOAH9m,13.0673113563277,Upregulated
SK_EHGLAT2m,12.5328289873863,Upregulated
SK_EHGLATm,12.532828601686,Upregulated
SK_EICOSTETCPT1,13.2933130181352,Upregulated
SK_EICOSTETCPT2,13.2933131374492,Upregulated
SK_EICOSTETCRNt,1,Unchanged
SK_ELAIDCPT1,172.66062202606,Upregulated
SK_ELAIDCPT2,175.459529333752,Upregulated
SK_ELAIDCRNt,0.835532538811003,Unchanged
SK_ELAIDt,0.444806240435382,Downregulated
SK_ETF,37570566.808933,Upregulated
SK_ETFQO,37570566.808933,Upregulated
SK_ETHAK,4.39967558690384,Upregulated
SK_FACOAL140i,0.900925004783877,Unchanged
SK_FACOAL150,0.900924939115066,Unchanged
SK_FACOAL160i,0.383329691005665,Downregulated
SK_FACOAL170,0.900924977194242,Unchanged
SK_FACOAL180i,0.842573737702314,Unchanged
SK_FACOAL1812,23.0357731944053,Upregulated
SK_FACOAL1813,0.875336563130824,Unchanged
SK_FACOAL181i,0.480493342647619,Downregulated
SK_FACOAL1821,0.38332971138138,Downregulated
SK_FACOAL1822,0.900925005708844,Unchanged
SK_FACOAL1831,0.900924968189539,Unchanged
SK_FACOAL1832,0.909546193333334,Unchanged
SK_FACOAL184,0.900924949219584,Unchanged
SK_FACOAL200,0.438506461610969,Downregulated
SK_FACOAL203,0.900924978169676,Unchanged
SK_FACOAL204,1.37832403679321e-06,Downregulated
SK_FACOAL2042,0.900924985696717,Unchanged
SK_FACOAL205,0.900924979277561,Unchanged
SK_FACOAL224,0.900924937106464,Unchanged
SK_FACOAL2251,0.90092498344296,Unchanged
SK_FACOAL2252,0.900924987841765,Unchanged
SK_FACOAL226,0.9009249690142,Unchanged
SK_FACOAL240,0.900925059892556,Unchanged
SK_FACOAL241,0,Downregulated
SK_FACOAL244_1,0.900924985390716,Unchanged
SK_FACOAL245_1,0.900924985390716,Unchanged
SK_FACOAL245_2,0.900924963474477,Unchanged
SK_FACOAL246_1,0.900924985390716,Unchanged
SK_FACOAL260,0.900924970419438,Unchanged
SK_FADH2tru,4.02307359724654e-06,Downregulated
SK_FADtru,4.02307359715442e-06,Downregulated
SK_FAEL183,9.85101384947639,Upregulated
SK_FAEL184,12.5440797710788,Upregulated
SK_FAEL204,15.2371469852957,Upregulated
SK_FAEL205,8.59441489111308,Upregulated
SK_FAH3,19.0733788679579,Upregulated
SK_FALDH,1,Unchanged
SK_FAOXC140,121.97541930332,Upregulated
SK_FAOXC160,123.365744748756,Upregulated
SK_FAOXC16080m,109.060041929112,Upregulated
SK_FAOXC161802m,103.29997266925,Upregulated
SK_FAOXC16180m,67.7034369669877,Upregulated
SK_FAOXC180,107.065384628663,Upregulated
SK_FAOXC1811601m,109.448626695585,Upregulated
SK_FAOXC1811602m,49.2749114849403,Upregulated
SK_FAOXC1811603m,78.1138593985671,Upregulated
SK_FAOXC182806m,102.250034187821,Upregulated
SK_FAOXC18280m,82.8833628744673,Upregulated
SK_FAOXC183803m,95.4781061274298,Upregulated
SK_FAOXC183806m,26.7651473538417,Upregulated
SK_FAOXC18480m,82.0651106638764,Upregulated
SK_FAOXC200180m,61.1187409606999,Upregulated
SK_FAOXC2031836m,13.2933137043038,Upregulated
SK_FAOXC204,0.318573318711487,Downregulated
SK_FAOXC204184m,13.2933136891571,Upregulated
SK_FAOXC2051843m,35013.0148491033,Upregulated
SK_FAOXC2242046m,13.2933105282956,Upregulated
SK_FAOXC2251836m,0.0580076147706446,Downregulated
SK_FAOXC2252053m,0.0745906595725142,Downregulated
SK_FAOXC226,122.732253175069,Upregulated
SK_FAOXC226205m,1031957.66873404,Upregulated
SK_FAOXC80,115.09440416051,Upregulated
SK_FAS140COA,2.55255927139603,Upregulated
SK_FATP1t,1,Unchanged
SK_FATP2t,89131.3365219734,Upregulated
SK_FATP3t,1,Unchanged
SK_FBA4,1.15119043824683,Unchanged
SK_FBP26,0.663144942126118,Unchanged
SK_FE3R2e,2.86760747358841,Upregulated
SK_FORt2m,0.115709502654528,Downregulated
SK_FORtr,1.32305985753537,Unchanged
SK_FPGS2,0.663144941355587,Unchanged
SK_FPGS2m,1.98911588577688,Unchanged
SK_FPGS3,0.663144941355587,Unchanged
SK_FPGS3m,1.98911588577688,Unchanged
SK_FPGS4,0.663144963915929,Unchanged
SK_FPGS4m,1.63096453377904,Unchanged
SK_FPGS5,0.663144963915929,Unchanged
SK_FPGS5m,1.63096453377904,Unchanged
SK_FPGS6,0.663144963915929,Unchanged
SK_FPGS6m,1.63096453377904,Unchanged
SK_FPGS7m,1.63096461311887,Unchanged
SK_FPGS8,0.66314380812492,Unchanged
SK_FPGS8m,1.63096461311887,Unchanged
SK_FPGS9,0.66314380812492,Unchanged
SK_FPGS9m,1.63096461311887,Unchanged
SK_FPGSm,1.98911588577688,Unchanged
SK_FRDPtr,3.1221220686599e-07,Downregulated
SK_FRUt1r,3.79553365879701e-05,Downregulated
SK_FTHFDH,18.2783828927764,Upregulated
SK_FTHFLm,0.115709502654528,Downregulated
SK_FUCGALGBSIDEte,1.71576207519978,Unchanged
SK_FUCGALGBSIDEtg,1.71576207519978,Unchanged
SK_FUMm,8.51896372395573e-05,Downregulated
SK_FUMSO4tm,36.309385607978,Upregulated
SK_FUMtm,1.4834702856894e-05,Downregulated
SK_FUT11g,1.71576207519978,Unchanged
SK_G14T18g,0.826974669578315,Unchanged
SK_G14T19g,0.826974669578315,Unchanged
SK_G14T20g,0.826974669578315,Unchanged
SK_G14T21g,0.826974669578315,Unchanged
SK_G14T2g,0.832727256817794,Unchanged
SK_G14T3g,0.832727256817794,Unchanged
SK_G14T4g,0.832727256817794,Unchanged
SK_G14T5g,0.832727256817794,Unchanged
SK_G3PD2m,105.524606918942,Upregulated
SK_G5SADrm,0.655141150325461,Unchanged
SK_G6PDH1rer,1.84508192977221,Unchanged
SK_G6PDH2rer,1.84508192977225,Unchanged
SK_GACMTRc,0.0846947525751776,Downregulated
SK_GALASE16ly,0.832727256817794,Unchanged
SK_GALASE17ly,0.832727188612456,Unchanged
SK_GALASE18ly,0.832727175133641,Unchanged
SK_GALASE19ly,0.832727175133641,Unchanged
SK_GALASE20ly,0.826974669578315,Unchanged
SK_GALGLUSIDEtg,0.636623503085101,Unchanged
SK_GALGLUSIDEtl,0.579300673642587,Unchanged
SK_GALNACT1g,1.03797458918756,Unchanged
SK_GALNACT3g,1.03797460117899,Unchanged
SK_GALNTg,0.832727175133641,Unchanged
SK_GALOR,15.8090715540124,Upregulated
SK_GALt1r,1461582.39148839,Upregulated
SK_GALT2g,1.03797464345725,Unchanged
SK_GALTg,1.03797464345725,Unchanged
SK_GALtly,0.247265191054931,Downregulated
SK_GARFT,0.039800295515312,Downregulated
SK_GCALDDm,1.92114143350358,Unchanged
SK_GCC2cm,1607791.91264427,Upregulated
SK_GD1Cte,0.479040011935437,Downregulated
SK_GDPFUCtg,1.71576207519978,Unchanged
SK_GDPtg,1.71576207519978,Unchanged
SK_GFUCS,1.71576199891704,Unchanged
SK_GGH_10FTHF5GLUl,1.20521162246772,Unchanged
SK_GGH_10FTHF6GLUl,1.20521162246772,Unchanged
SK_GGH_10FTHF7GLUl,1.20521162246772,Unchanged
SK_GGH_5DHFl,1.20521356141859,Unchanged
SK_GGH_6DHFl,1.20521356141859,Unchanged
SK_GGH_7DHFl,1.20521356141859,Unchanged
SK_GGNG,58220.3583760481,Upregulated
SK_GGT_L,2.62778160131863,Upregulated
SK_GGT5r,0.646936969923458,Unchanged
SK_GHMT2rm,41.4671152326947,Upregulated
SK_GLACO,0.0552279292111147,Downregulated
SK_GLACter,0.0552279292111147,Downregulated
SK_GLBRAN,58220.3583760481,Upregulated
SK_GLCAASE1ly,0.888842254542998,Unchanged
SK_GLCAASE5ly,1.03797460117899,Unchanged
SK_GLCAE2g,0.888842254542998,Unchanged
SK_GLCAT3g,1.03797460117899,Unchanged
SK_GLCAT6g,0.888842254542998,Unchanged
SK_GLCAT7g,0.888842254542998,Unchanged
SK_GLCAT8g,0.888842254542998,Unchanged
SK_GLCAT9g,0.888842254542998,Unchanged
SK_GLCATg,1.03797464345725,Unchanged
SK_GLCNACASE1ly,0.888842254542998,Unchanged
SK_GLCNACASE2ly,0.888842254542998,Unchanged
SK_GLCNACASE3ly,0.888842254542998,Unchanged
SK_GLCNACASE4ly,0.888842254542998,Unchanged
SK_GLCNACASE5ly,0.888842254542998,Unchanged
SK_GLCNACDASg,0.888842254542998,Unchanged
SK_GLCNACT1g,0.888842254542998,Unchanged
SK_GLCNACT2g,0.888842254542998,Unchanged
SK_GLCNACT3g,0.888842254542998,Unchanged
SK_GLCNACT4g,0.888842254542998,Unchanged
SK_GLCNACT5g,0.888842254542998,Unchanged
SK_GLCt1r,9.36317781889571e-06,Downregulated
SK_GLCter,1.11448250095018,Unchanged
SK_GLCtg,4.22199553986479,Upregulated
SK_GLCURtly,0.145353416008892,Downregulated
SK_GLDBRAN,1,Unchanged
SK_GLGNS1,58220.3583760481,Upregulated
SK_GLNtN1,1,Unchanged
SK_GLPASE1,0.393362981069125,Downregulated
SK_GLPASE2,0.39336298402199,Downregulated
SK_GLUCYS,0.646936972110888,Unchanged
SK_GLUDxm,0.870161699316345,Unchanged
SK_GLUDym,0.870161699318012,Unchanged
SK_GLUt2m,15.0675681476856,Upregulated
SK_GLUt6,1.08466845891208,Unchanged
SK_GLUt7l,1.2052114600456,Unchanged
SK_GLUTCOADHm,26.8745106015254,Upregulated
SK_GLUtr,0.646936969923458,Unchanged
SK_GLYAMDTRc,0.0846947525751776,Downregulated
SK_GLYCK2,0.6537819378919,Unchanged
SK_GLYCLTDy,68.0393101325205,Upregulated
SK_GLYC_St,73.7494591917978,Upregulated
SK_GLYCtm,1.96456768171819,Unchanged
SK_GLYOXm,NaN,Unchanged
SK_GLYt4,1,Unchanged
SK_GLYtp,282.337958157082,Upregulated
SK_GMPtg,1.71576207519978,Unchanged
SK_GNDer,9.86098836952844,Upregulated
SK_GPAM_hs,1.27107394490408,Unchanged
SK_GQ1Bte,0.366784244582541,Downregulated
SK_GRTTx,3.1221220686599e-07,Downregulated
SK_GSNt,1,Unchanged
SK_GTHO,1,Unchanged
SK_GTHOm,1,Unchanged
SK_GTHP,31.0848814544377,Upregulated
SK_GTHPe,1.63078723633305,Unchanged
SK_GTHPm,60.5528513966826,Upregulated
SK_GTHRDtr,0.646936969923458,Unchanged
SK_GTHS,0.646936972110888,Unchanged
SK_GUACYC,0.900924943124563,Unchanged
SK_H2CO3Dm,39.9672264167814,Upregulated
SK_H2O2t,1.63078723633305,Unchanged
SK_H2O2tly,1.00000008535423,Unchanged
SK_H2O2tn,0.0001093534974449,Downregulated
SK_H2O2tp,0.0145624178482836,Downregulated
SK_H2Oter,4.40621454749172,Upregulated
SK_H2Otg,2.72577740747301,Upregulated
SK_H2Otly,1,Unchanged
SK_H2Otm,0.000108075695866869,Downregulated
SK_H2Otn,0.518199588964478,Unchanged
SK_HACD1m,86.5584025149322,Upregulated
SK_HACD1x,40.2280238148921,Upregulated
SK_HACD9m,13.0673113563277,Upregulated
SK_HBZOPT10m,3.16997393371403,Upregulated
SK_HEXCCOAtx,13.0036438723453,Upregulated
SK_HGNTOR,22.1177068026715,Upregulated
SK_HIBDm,3536.42651353609,Upregulated
SK_HISDC,13.5083402352834,Upregulated
SK_HISt4,1,Unchanged
SK_HISTASE,13.5083417945975,Upregulated
SK_HIStN1,1,Unchanged
SK_HMGCOASi,2.90503433959386e-05,Downregulated
SK_HMGCOASim,264.995676801375,Upregulated
SK_HMGCOAtx,1.07591974387651e-05,Downregulated
SK_HMGLm,59.5006322311083,Upregulated
SK_HMGLx,2.64297398260851e-05,Downregulated
SK_HOMt4,1,Unchanged
SK_HOXG,10.8747946343777,Upregulated
SK_HPDCACRNCPT1,16.6380162846256,Upregulated
SK_HPDCACRNCPT2,16.6380162880666,Upregulated
SK_HPDCACRNt,1,Unchanged
SK_HPYRDCm,1.92114143350358,Unchanged
SK_HPYRR2x,73.7494591615819,Upregulated
SK_HPYRRy,0.547787948699149,Unchanged
SK_HS1ly,0.888842254542998,Unchanged
SK_HS2ly,0.888842254542998,Unchanged
SK_HS3ly,0.888842254542998,Unchanged
SK_HS4ly,0.888842254542998,Unchanged
SK_HSAT1ly,0.888842254542998,Unchanged
SK_HSAT2ly,0.888842254542998,Unchanged
SK_HSAT3ly,0.888842254542998,Unchanged
SK_HSAT4ly,0.888842254542998,Unchanged
SK_HSD17B42x,32.4452331848669,Upregulated
SK_HSD17B4x,9.08861743531979,Upregulated
SK_HSD3A2r,4808473.17846358,Upregulated
SK_HSPASEly,0.888842254542998,Unchanged
SK_HSPGt,0.888842254542998,Unchanged
SK_HSPGtly,0.888842254542998,Unchanged
SK_Htg,3.67063457714869,Upregulated
SK_ICDHyrm,0.710127258788747,Unchanged
SK_IDOAASE1ly,0.888842254542998,Unchanged
SK_IDOAASE2ly,0.888842254542998,Unchanged
SK_IDOAASE3ly,0.888842254542998,Unchanged
SK_IDOURtly,0.888842225380577,Unchanged
SK_ILEtec,0.979203649712134,Unchanged
SK_INSt,1,Unchanged
SK_IPDDIx,3.1221220686599e-07,Downregulated
SK_IPDPtx,3.57045307965056e-07,Downregulated
SK_ITCOAL1m,1,Unchanged
SK_ITCOALm,1,Unchanged
SK_KCC2t,1,Unchanged
SK_KCCt,1,Unchanged
SK_KHK,440445.130649948,Upregulated
SK_KHK2,1.15119043824683,Unchanged
SK_KSII_CORE2t,0.832727256817794,Unchanged
SK_KSII_CORE2tly,0.832727256817794,Unchanged
SK_KSII_CORE4t,0.826974669578315,Unchanged
SK_KSII_CORE4tly,0.826974669578315,Unchanged
SK_LALDO,1.00005354663518,Unchanged
SK_LAPCOAl,0.663144951774771,Unchanged
SK_LCADi_D,NaN,Unchanged
SK_LCADim,NaN,Unchanged
SK_LCAT1e,45.3596149393172,Upregulated
SK_LCTStg,4.22199553986479,Upregulated
SK_LDH_Lm,4.64461039384689,Upregulated
SK_LEUKTRA4tr,0.646936969923458,Unchanged
SK_LEUKTRD4tr,0.646936969923458,Unchanged
SK_LEUt4,1,Unchanged
SK_LEUtec,1,Unchanged
SK_LGNCt,1.31977654707907,Unchanged
SK_LINKDEG1ly,0.888842254542998,Unchanged
SK_LINKDEG3ly,1.03797459918421,Unchanged
SK_L_LACtm,4.64460881958751,Upregulated
SK_LNELDCCPT1,82.8833585219526,Upregulated
SK_LNELDCCPT2,82.8833584317891,Upregulated
SK_LNELDCCRNt,1,Unchanged
SK_LNLCCPT1,6.94583079148174e-07,Downregulated
SK_LNLCCPT2,102.250031440764,Upregulated
SK_LNLCCRNt,1,Unchanged
SK_LNLNCACPT1,1,Unchanged
SK_LNLNCACPT2,1,Unchanged
SK_LNLNCACRNt,1,Unchanged
SK_LNLNCGCPT2,14.684685224292,Upregulated
SK_LNLNCGCRNt,1,Unchanged
SK_LNSTLSr,1.32306006864911,Unchanged
SK_LPASE,26.5348683476774,Upregulated
SK_LPCHOLt,26.5348683476774,Upregulated
SK_LPS,3.44957375325369,Upregulated
SK_LTA4H,1,Unchanged
SK_LTC4Sr,0.646936969923458,Unchanged
SK_LTDCL,13.5083378722359,Upregulated
SK_LYStiDF,1,Unchanged
SK_LYStn,0.900925001289537,Unchanged
SK_MACACI,22.1177068026715,Upregulated
SK_MACOXO,3.68196428538555,Upregulated
SK_MAOX,21.3593523243178,Upregulated
SK_MCD,0.663144879640305,Unchanged
SK_MCDm,1.39563361676955,Unchanged
SK_MCDp,4.0787181730144,Upregulated
SK_MDHm,19.1032101354497,Upregulated
SK_MDRPD,11.143232265283,Upregulated
SK_ME1m,1.52462083901617,Unchanged
SK_ME2m,1.52462077311344,Unchanged
SK_METS,1.10115361380919,Unchanged
SK_METt4,1,Unchanged
SK_METtec,0.523587044447301,Unchanged
SK_MEVK1x,4.71830671349394e-07,Downregulated
SK_MGCHrm,1.2336259236129,Unchanged
SK_MHISOR,3.68196428538555,Upregulated
SK_MI1345PP,0.663144948770988,Unchanged
SK_MI134PP,0.663144948770988,Unchanged
SK_MI145PK,0.663144948770988,Unchanged
SK_MI145PP,0.663144939639249,Unchanged
SK_MI14PP,1.32629004027626,Unchanged
SK_MI1P_Dtn,0.663144972968147,Unchanged
SK_MI1PS,0.875958942547707,Unchanged
SK_MI34PP,0.663144948770988,Unchanged
SK_MINOHPtn,0.994717360683238,Unchanged
SK_MMCDm,0.236224031418836,Downregulated
SK_MMEm,1.07992109824777,Unchanged
SK_MMMm,23.4121821057382,Upregulated
SK_MMTSADm,1.07986330054994,Unchanged
SK_MTAP,11.143232265283,Upregulated
SK_MTHFCm,44.5152242934293,Upregulated
SK_MTHFD2m,0.963083466807345,Unchanged
SK_MTHFDm,1.66347672091871,Unchanged
SK_N3Tg,0.832727256817794,Unchanged
SK_NABTNO,22.215506056287,Upregulated
SK_NACHEX25ly,0.832727175133641,Unchanged
SK_NACHEXA20ly,0.832727274333425,Unchanged
SK_NACHEXA21ly,0.832727188612456,Unchanged
SK_NACHEXA22ly,0.826974668358888,Unchanged
SK_NACHEXA3ly,1.03797460872247,Unchanged
SK_NACHEXA4ly,1.03797461080856,Unchanged
SK_NADPHtru,1.9964764053384e-06,Downregulated
SK_NADPHtxu,3.64653470444409e-06,Downregulated
SK_NADPtru,1.99647647821166e-06,Downregulated
SK_NADPtxu,3.64653573825535e-06,Downregulated
SK_NADtn,41256.5904055109,Upregulated
SK_NAGA2ly,0.832727175133641,Unchanged
SK_NAGLCAly,0.832727175133641,Unchanged
SK_NaKt,0.663144942568667,Unchanged
SK_NAt5,1,Unchanged
SK_NCKt,1,Unchanged
SK_NDP7er,0.0472245104350977,Downregulated
SK_NDP7ex,0.663144953584254,Unchanged
SK_NDP7g,3.67063412080204,Upregulated
SK_NDP8ex,0.663144953584254,Unchanged
SK_NDPK10,1.03055012778549,Unchanged
SK_NDPK10n,1.03055012778549,Unchanged
SK_NDPK1m,1,Unchanged
SK_NDPK3m,1.39183719687017,Unchanged
SK_NDPK5m,1.39563356536858,Unchanged
SK_NDPK6m,3.79623984986318e-05,Downregulated
SK_NDPK6n,0.905268681524497,Unchanged
SK_NDPK8m,2.69271803534939,Upregulated
SK_NH4tn,1.2409189100648,Unchanged
SK_NICRNS,4.54064226839937e-07,Downregulated
SK_NICRNTtn,0.98427000930212,Unchanged
SK_NMNATn,41256.5793028873,Upregulated
SK_NMNATr,41256.5081699251,Upregulated
SK_NMNtn,41256.5793028873,Upregulated
SK_NNATn,0.98427000930212,Unchanged
SK_NORANMT,24.0543904372539,Upregulated
SK_NTD1m,1.39563356536858,Unchanged
SK_NTD2e,0.357990958037584,Downregulated
SK_NTD5m,0.762310427780264,Unchanged
SK_NTD7e,0.700048234576893,Unchanged
SK_O2Stm,2474.43380179937,Upregulated
SK_O2Stn,0.000109353491157796,Downregulated
SK_O2Stx,9.29208837356669e-05,Downregulated
SK_O2ter,0.000566917262430212,Downregulated
SK_O2tm,1488.32121845428,Upregulated
SK_O2tn,0.0001093534974449,Downregulated
SK_O2tp,0.0065715989294166,Downregulated
SK_OCDCAtr,1.46515262640059,Unchanged
SK_OCOAT1m,3.35021198404098,Upregulated
SK_OIVD1m,57.0728993485007,Upregulated
SK_OIVD2m,50500441.434906,Upregulated
SK_OIVD3m,54.7621926760132,Upregulated
SK_ORNTArm,0.514524054532767,Unchanged
SK_ORNtiDF,1,Unchanged
SK_P45027A11m,7.25727959776699,Upregulated
SK_P45027A12m,30.7979630600513,Upregulated
SK_P45027A13m,30.7979630600513,Upregulated
SK_P45027A14m,213.603793735543,Upregulated
SK_P45027A15m,30.7979652051545,Upregulated
SK_P45027A16m,30.7979731345385,Upregulated
SK_P45027A1m,213.603793735543,Upregulated
SK_P450LTB4r,31.0848829784189,Upregulated
SK_P5CDm,0.655141150650436,Unchanged
SK_P5CRm,12.5328293209849,Upregulated
SK_PA_HStn,0.663144972968147,Unchanged
SK_PAIL_HStn,1.32628990745582,Unchanged
SK_PAN4PP,0.663144963429314,Unchanged
SK_PAPStg,0.888842248962391,Unchanged
SK_PAPtg,0.888842254780157,Unchanged
SK_PCHOL_HStg,6113.1006897264,Upregulated
SK_PCm,59.070428491721,Upregulated
SK_PCRNtc,5.15743240057986e-06,Downregulated
SK_PCRNtm,0.973684319009739,Unchanged
SK_PDE1,0.900925002909291,Unchanged
SK_PDE4,0.900924955376406,Unchanged
SK_PDHm,3.49977755155787,Upregulated
SK_PDX5PO,8.42877587038893,Upregulated
SK_PE_HStm,3.73835965016029,Upregulated
SK_PEAMNO,14.4089416355808,Upregulated
SK_PEFLIP,0.663144938606978,Unchanged
SK_PEFLIPm,0.66314497769502,Unchanged
SK_PEt,0.663144938606978,Unchanged
SK_PETHCT,1.08523966118217,Unchanged
SK_PFK26,0.663144942126118,Unchanged
SK_PGESr,0.5,Downregulated
SK_PGLer,9.86098844610214,Upregulated
SK_PGPPT,871.375687962498,Upregulated
SK_PHCDm,1,Unchanged
SK_PHCHGSm,1,Unchanged
SK_PHEt4,1,Unchanged
SK_PHETA1m,0.819613749974692,Unchanged
SK_PHEtec,1,Unchanged
SK_PHYCBOXL,14.4089416355808,Upregulated
SK_PI345P3P,0.663144895997506,Unchanged
SK_PI345P5P,0.663144977645253,Unchanged
SK_PI34P5K,0.663144936810384,Unchanged
SK_PI3P4K,0.663144947293163,Unchanged
SK_PI3P5K,0.663144988093816,Unchanged
SK_PI45PLC,0.663144943098581,Unchanged
SK_PI4P3K,0.663144906214613,Unchanged
SK_PI4P5K,0.331572464654404,Downregulated
SK_PI4PLC,1.32628996564182,Unchanged
SK_PI5P3K,0.331572406343604,Downregulated
SK_PI5P4K,1.98943490127501,Unchanged
SK_PIK3,0.663145038643882,Unchanged
SK_PIK4,1.32628990139335,Unchanged
SK_PIK5,0.331572448964496,Downregulated
SK_PIPLC,0.663144963619375,Unchanged
SK_PIPLCn,0.663144972968147,Unchanged
SK_PIter,3910088.35289865,Upregulated
SK_PItg,2.72577759783683,Upregulated
SK_PItx,2.9999925132351,Upregulated
SK_PMEVKx,4.71830671349394e-07,Downregulated
SK_PMI12346PH,0.663144979594222,Unchanged
SK_PMI12346PHn,0.994717360683238,Unchanged
SK_PNTEH,6.06670134343119,Upregulated
SK_PPA2,6.38251597928622,Upregulated
SK_PPAm,5.01139632650372,Upregulated
SK_PPAP,0.66314498650057,Unchanged
SK_PPDOy,1,Unchanged
SK_PPItx,1.920598016448e-06,Downregulated
SK_PPMI12346Ptn,0.994717360683238,Unchanged
SK_PPOR,26.1132585725165,Upregulated
SK_PRAGSr,0.039800295515312,Downregulated
SK_PRASCS,0.039800295515312,Downregulated
SK_PRDX,31.0848811567622,Upregulated
SK_PRISTANALtx,1.45251669810028e-05,Downregulated
SK_PRISTCOAtx,0.663145065875634,Unchanged
SK_PRISTtx,1.45251669810028e-05,Downregulated
SK_PROt4,1,Unchanged
SK_PSDm_hs,12.7041989800242,Upregulated
SK_PSFLIP,0.663145007485449,Unchanged
SK_PSFLIPm,12.7041989750569,Upregulated
SK_PSSA1_hs,1.90328113166892,Unchanged
SK_PSSA2_hs,4.14997134421942,Upregulated
SK_PSt3,0.663145007485449,Unchanged
SK_PTDCACRNt,1,Unchanged
SK_PTE2x,702.760823279506,Upregulated
SK_PTE3x,0.995378558587624,Unchanged
SK_PTE4x,0.995378642732532,Unchanged
SK_PTHPS,6.38251597928622,Upregulated
SK_PTRCAT1,22.215506056287,Upregulated
SK_PYAM5POr,5.95426321315847,Upregulated
SK_PYRt2m,59.0704262335749,Upregulated
SK_PYRt2p,0.505051994266594,Unchanged
SK_RDH1,1,Unchanged
SK_RDH1a,1,Unchanged
SK_RDH2,1,Unchanged
SK_RDH2a,1,Unchanged
SK_RDH3,1,Unchanged
SK_RDH3a,1,Unchanged
SK_RETNGLCt,0.451168729661647,Downregulated
SK_RETNGLCtr,0.451168729661647,Downregulated
SK_RNMK,0.66314510466483,Unchanged
SK_RTOTAL3CRNCPT1,43.1771738907753,Upregulated
SK_RTOTAL3CRNCPT2,43.1771738907753,Upregulated
SK_RTOTAL3CRNt,43.1771738907753,Upregulated
SK_Rtotaltl,0.618704533817389,Unchanged
SK_S23T2g,0.832727256817794,Unchanged
SK_S23T4g,0.826974669578315,Unchanged
SK_S2T4g,0.888842254542998,Unchanged
SK_S2TASE1ly,0.888842254542998,Unchanged
SK_S2TASE2ly,0.888842254542998,Unchanged
SK_S3T1g,0.888842254542998,Unchanged
SK_S3T2g,0.888842254542998,Unchanged
SK_S3T3g,0.888842254542998,Unchanged
SK_S3TASE1ly,0.888842254542998,Unchanged
SK_S3TASE2ly,0.888842254542998,Unchanged
SK_S3TASE3ly,0.888842254542998,Unchanged
SK_S6T16g,0.826974669578315,Unchanged
SK_S6T17g,0.826974669578315,Unchanged
SK_S6T18g,0.826974669578315,Unchanged
SK_S6T19g,1.0379745958776,Unchanged
SK_S6T1g,0.832727256817794,Unchanged
SK_S6T20g,1.03797460117899,Unchanged
SK_S6T25g,0.888842254542998,Unchanged
SK_S6T2g,0.832727256817794,Unchanged
SK_S6T3g,0.832727256817794,Unchanged
SK_S6TASE1ly,0.888842254542998,Unchanged
SK_S6TASE22ly,0.832727256817794,Unchanged
SK_S6TASE25ly,0.826974669578315,Unchanged
SK_S6TASE2ly,0.888842254542998,Unchanged
SK_S6TASE3ly,0.888842254542998,Unchanged
SK_SACCD3m,26.8745081956067,Upregulated
SK_SADT,0.888842248962391,Unchanged
SK_SALMCOM,24.9012503786375,Upregulated
SK_SALMCOM2,2971245.13684442,Upregulated
SK_SAMHISTA,3.68196428538555,Upregulated
SK_SBTD_D2,12.9981739096418,Upregulated
SK_SBTR,3.7558834096828,Upregulated
SK_SCP21x,0.663144997767479,Unchanged
SK_SCP22x,1,Unchanged
SK_SCP2x,282.337963910335,Upregulated
SK_SCPx,3.73884488891623,Upregulated
SK_Ser_Thrtg,0.832727175133641,Unchanged
SK_SERALANaEx,1,Unchanged
SK_SERCYSNaEx,1,Unchanged
SK_SERPT,50.2642181007141,Upregulated
SK_SERt4,1,Unchanged
SK_SERTHRNaEx,1,Unchanged
SK_SFGTH,10.2910987918216,Upregulated
SK_SGPL12r,30.5871661351453,Upregulated
SK_SIAASE3ly,0.832727256817794,Unchanged
SK_SIAASE4ly,0.826974669578315,Unchanged
SK_sink_citr[c],0.990907890660463,Unchanged
SK_SMPD3l,0.937360366396274,Unchanged
SK_SMS,6113.10082368502,Upregulated
SK_SO4t4_2,2.03954905646477e-06,Downregulated
SK_SO4tl,0.8888423847616,Unchanged
SK_SPHINGStl,0.618704533817389,Unchanged
SK_SPHK21c,4.43531589356608,Upregulated
SK_SPHS1Pte,0.663144984946738,Unchanged
SK_SPHS1Ptr,3.90794791574335,Upregulated
SK_SPMDOX,5.90101225935537,Upregulated
SK_SPODMn,0.0001093534974449,Downregulated
SK_SPODMx,9.2920860473464e-05,Downregulated
SK_SPR,6.38251621050891,Upregulated
SK_SPRMS,3.6118533875135,Upregulated
SK_SQLEr,1.32306006864911,Unchanged
SK_SQLSr,1,Unchanged
SK_STCOAtx,4.87093181414681,Upregulated
SK_STRDNCCPT1,13.5181370623389,Upregulated
SK_STRDNCCPT2,35013.004432793,Upregulated
SK_STRDNCCRNt,1.70214123528983,Unchanged
SK_SUCCtp,1.06298832032742,Unchanged
SK_SUCD1m,46442011.1900961,Upregulated
SK_SUCOASm,325232.094126363,Upregulated
SK_SULFOX,43.8258977267814,Upregulated
SK_T4HCINNMFM,3.16997393371403,Upregulated
SK_TETPENT3CPT1,1,Unchanged
SK_TETPENT3CPT2,1,Unchanged
SK_TETPENT3CRNt,1,Unchanged
SK_TETPENT6CPT1,1,Unchanged
SK_TETPENT6CPT2,1,Unchanged
SK_TETPENT6CRNt,1,Unchanged
SK_TETTET6CPT1,1,Unchanged
SK_TETTET6CPT2,1,Unchanged
SK_TETTET6CRNt,1,Unchanged
SK_THBPT4ACAMDASE,6.38251580354446,Upregulated
SK_THD1m,2.24894950370361,Upregulated
SK_THRALANaEx,1,Unchanged
SK_THRCYSNaEx,1,Unchanged
SK_THRSERNaEx,1,Unchanged
SK_THRt4,1,Unchanged
SK_THYMDt1,1,Unchanged
SK_THYMDtm,0.762310427780264,Unchanged
SK_TMNDNCCPT1,70096.6050932941,Upregulated
SK_TMNDNCCPT2,70092.6938921985,Upregulated
SK_TMNDNCCRNt,1.70214123528889,Unchanged
SK_TRDR,0.0460653644265305,Downregulated
SK_TRDR2,3.16997422541457,Upregulated
SK_TRDR3,3.16997411094336,Upregulated
SK_TRIOK,355958.515471422,Upregulated
SK_TRYPTAOX,13.5083378722359,Upregulated
SK_TTDCPT2,1,Unchanged
SK_TTDCRNt,1,Unchanged
SK_TYR3MO2,6.38251636464687,Upregulated
SK_TYRTAm,3.1547921780006,Upregulated
SK_UAG2EMAi,11.9789072995341,Upregulated
SK_UAGALDP,0.900924956581274,Unchanged
SK_UDPACGALtl,3.23865876024597,Upregulated
SK_UDPDOLPT_L,2.62778158204697,Upregulated
SK_UDPGALtg,4.22199513523125,Upregulated
SK_UDPGD,0.451168713538926,Downregulated
SK_UDPGLCAtg,0.964057437439391,Unchanged
SK_UDPGLDCg,0.964057373106128,Unchanged
SK_UDPtl,3.23865865765308,Upregulated
SK_UDPXYLter,0.964057373106128,Unchanged
SK_UDPXYLtg,0.964057373106128,Unchanged
SK_UGALGTg,4.22199553986479,Upregulated
SK_UGALNACtg,0.318311757395666,Downregulated
SK_UGLCNACtg,0.826974686254956,Unchanged
SK_UGT1A10r,0.379045818483887,Downregulated
SK_UGT1A5r,0.451168729661647,Downregulated
SK_UMPK2,1,Unchanged
SK_UMPK2n,1,Unchanged
SK_UMPK3,1,Unchanged
SK_UMPK3n,1,Unchanged
SK_UMPK4,0.917108078544552,Unchanged
SK_UMPK4n,1,Unchanged
SK_UMPK5,1,Unchanged
SK_UMPK5n,1,Unchanged
SK_UMPK6,1,Unchanged
SK_UMPK6n,1,Unchanged
SK_UMPK7,1,Unchanged
SK_UMPK7n,1,Unchanged
SK_UMPKn,1,Unchanged
SK_URIK1,0.828965163163539,Unchanged
SK_URIt,9.99455124935165e-08,Downregulated
SK_UROLACer,0.0552279292111147,Downregulated
SK_UTPtn,0.905268681526503,Unchanged
SK_VACCt,23.0357717096703,Upregulated
SK_VALtec,1,Unchanged
SK_XOLTRIOLtm,7.25727959776699,Upregulated
SK_XSERtg,1.03797464345725,Unchanged
SK_XYLK,1.13893700471758,Unchanged
SK_XYLTD_Dr,1.15119056142521,Unchanged
SK_XYLTer,1.03797464345725,Unchanged
SK_XYLtly,1.03797469511263,Unchanged
SK_r0009,0.555359899588379,Unchanged
SK_r0021,1,Unchanged
SK_r0022,1.00000196350543,Unchanged
SK_r0023,20.531979203289,Upregulated
SK_r0027,1,Unchanged
SK_r0033,0.919729551157412,Unchanged
SK_r0047,2.67522911796469,Upregulated
SK_r0068,0.836719925614893,Unchanged
SK_r0074,0.655141150323162,Unchanged
SK_r0081,888746.171350376,Upregulated
SK_r0083,0.710127258775432,Unchanged
SK_r0084,185.278135018019,Upregulated
SK_r0097,0.836719925614893,Unchanged
SK_r0142,36.309385607978,Upregulated
SK_r0160,59.4290145064788,Upregulated
SK_r0170,1.00000000525467,Unchanged
SK_r0173,0.505051994266594,Unchanged
SK_r0178,0.699245036097662,Unchanged
SK_r0193,54.8524356363569,Upregulated
SK_r0196,1.00000028257948,Unchanged
SK_r0202,1.00000412236822,Unchanged
SK_r0205,105.524587637876,Upregulated
SK_r0221,1.39563350819548,Unchanged
SK_r0245,5.36345208021011,Upregulated
SK_r0246,1.96456768171819,Unchanged
SK_r0276,15.3513542717432,Upregulated
SK_r0283,0.214084916829284,Downregulated
SK_r0301,0.900924952590835,Unchanged
SK_r0308,1.43538442069793e-06,Downregulated
SK_r0309,17.7894109356601,Upregulated
SK_r0310,131.912835181956,Upregulated
SK_r0311,1.79057502733253,Unchanged
SK_r0317,1,Unchanged
SK_r0319,1.39563350819548,Unchanged
SK_r0340,1.96456768171819,Unchanged
SK_r0354,9.62151888667428,Upregulated
SK_r0355,9.62151934843989,Upregulated
SK_r0357,440445.187325075,Upregulated
SK_r0358,440445.181518457,Upregulated
SK_r0377,0.620414897219251,Unchanged
SK_r0381,6.06670134343119,Upregulated
SK_r0383,3.49977826766365,Upregulated
SK_r0385,50500439.9835637,Upregulated
SK_r0386,57.0728964554047,Upregulated
SK_r0388,12.517697049048,Upregulated
SK_r0389,38.5153513488873,Upregulated
SK_r0391,0.000218703828292524,Downregulated
SK_r0393,1.96456768171819,Unchanged
SK_r0402,6.38251551510548,Upregulated
SK_r0407,1.11151348037911,Unchanged
SK_r0409,0.34509591382354,Downregulated
SK_r0423,1,Unchanged
SK_r0424,185.278135018019,Upregulated
SK_r0425,0.860628800714291,Unchanged
SK_r0426,1,Unchanged
SK_r0433,4.0787181730144,Upregulated
SK_r0438,1.99852763484266e-07,Downregulated
SK_r0444,0.900924948337695,Unchanged
SK_r0450,26.8745081956067,Upregulated
SK_r0451,26.8745118777761,Upregulated
SK_r0463,7.65232729639642e-05,Downregulated
SK_r0465,0.900924949386785,Unchanged
SK_r0466,0.900924949386785,Unchanged
SK_r0480,0.153957439604399,Downregulated
SK_r0488,1.52428194261889e-05,Downregulated
SK_r0502,11.1892513809165,Upregulated
SK_r0511,20.5319794913529,Upregulated
SK_r0517,1.00000028257948,Unchanged
SK_r0527,7.49048314108118,Upregulated
SK_r0531,0.82896509419467,Unchanged
SK_r0537,0.663144952151784,Unchanged
SK_r0539,6.06670134343119,Upregulated
SK_r0541,26.8745113070925,Upregulated
SK_r0545,4.785929289568e-07,Downregulated
SK_r0555,3.49977826766365,Upregulated
SK_r0557,26.8745118777761,Upregulated
SK_r0561,50500439.9172456,Upregulated
SK_r0571,1.07992108059675,Unchanged
SK_r0575,1.00000000525467,Unchanged
SK_r0578,0.66314500521824,Unchanged
SK_r0579,0.919729551157412,Unchanged
SK_r0584,0.0762875000688854,Downregulated
SK_r0590,0.919729551157412,Unchanged
SK_r0591,1.22881701598378,Unchanged
SK_r0595,54.8524356363569,Upregulated
SK_r0596,0.26986373871101,Downregulated
SK_r0603,54.7621956297061,Upregulated
SK_r0604,54.7621942065142,Upregulated
SK_r0615,1,Unchanged
SK_r0616,1.00000033840768,Unchanged
SK_r0617,1,Unchanged
SK_r0618,1,Unchanged
SK_r0633,32.4068609016841,Upregulated
SK_r0634,18.5997604330863,Upregulated
SK_r0636,5.93190531919564e-07,Downregulated
SK_r0637,5.38523807439021,Upregulated
SK_r0638,34.3797723428909,Upregulated
SK_r0642,1,Unchanged
SK_r0643,0.641594466163869,Unchanged
SK_r0652,268.264016356742,Upregulated
SK_r0653,7.80159691324727,Upregulated
SK_r0655,57.0728953590766,Upregulated
SK_r0656,57.0728964554047,Upregulated
SK_r0660,34.3725463109006,Upregulated
SK_r0666,0.039800295515312,Downregulated
SK_r0670,54.7621942065142,Upregulated
SK_r0673,6.38251551510548,Upregulated
SK_r0686,1.00000033840767,Unchanged
SK_r0688,5.61795564136772e-06,Downregulated
SK_r0698,282.337931723967,Upregulated
SK_r0706,3.73884491068492,Upregulated
SK_r0714,7.80159691324727,Upregulated
SK_r0716,7.80159691324727,Upregulated
SK_r0719,26.8567058385003,Upregulated
SK_r0721,26.8567058385003,Upregulated
SK_r0722,18.5997629364766,Upregulated
SK_r0724,18.5997632373085,Upregulated
SK_r0726,18.5997604330863,Upregulated
SK_r0728,34.3797919946335,Upregulated
SK_r0730,18.7347024562701,Upregulated
SK_r0731,18.7347024562701,Upregulated
SK_r0732,18.7347024562701,Upregulated
SK_r0735,34.3797980256879,Upregulated
SK_r0739,0.000195490735790169,Downregulated
SK_r0741,7.84051852227315,Upregulated
SK_r0743,3.7388452880714,Upregulated
SK_r0744,3.73884499921186,Upregulated
SK_r0758,31.08488399197,Upregulated
SK_r0781,1.32306006864911,Unchanged
SK_r0783,3.4780155471066e-06,Downregulated
SK_r0786,0.663144952151784,Unchanged
SK_r0787,0.663144954447711,Unchanged
SK_r0788,0.153957439604399,Downregulated
SK_r0789,0.153957439604399,Downregulated
SK_r0791,65.4761999249827,Upregulated
SK_r0795,54.8524356363569,Upregulated
SK_r0797,282.337958157082,Upregulated
SK_r0801,3.79608854227266e-05,Downregulated
SK_r0812,0.995378610829191,Unchanged
SK_r0818,0.000858686016024984,Downregulated
SK_r0838,8.04694074196359,Upregulated
SK_r0839,2.15867731441121,Upregulated
SK_r0841,9.86098836952844,Upregulated
SK_r0859,0.937360366396274,Unchanged
SK_r0860,4.71830671898488e-07,Downregulated
SK_r0870,0.754331344149124,Unchanged
SK_r0871,6.26627996104534e-07,Downregulated
SK_r0892,0.357990956631172,Downregulated
SK_r0899,1.16799726868066e-07,Downregulated
SK_r0915,3.12895672485121e-07,Downregulated
SK_r0926,1.96456768171819,Unchanged
SK_r0942,1,Unchanged
SK_r0954,9.4497105473517e-06,Downregulated
SK_r0973,0.919729551157412,Unchanged
SK_r0983,2.06153001632209,Upregulated
SK_r0984,2.06153001632209,Upregulated
SK_r0990,1.08559792428451,Unchanged
SK_r0995,1,Unchanged
SK_r0997,5.38523807439021,Upregulated
SK_r1000,0.900924948337695,Unchanged
SK_r1002,1.99852763484266e-07,Downregulated
SK_r1006,4.0787181730144,Upregulated
SK_r1019,282.337958157082,Upregulated
SK_r1020,0.688463833308821,Unchanged
SK_r1078,3.1547921780006,Upregulated
SK_r1106,0.377165670158986,Downregulated
SK_r1117,0.762310427569035,Unchanged
SK_r1134,0.57716888021469,Unchanged
SK_r1147,5.90542153545925e-05,Downregulated
SK_r1148,185.278125652296,Upregulated
SK_r1150,0.663144968173815,Unchanged
SK_r1154,34.488586768896,Upregulated
SK_r1155,1.04644758456141,Unchanged
SK_r1156,0.828965009205227,Unchanged
SK_r1165,0.900924983836698,Unchanged
SK_r1166,0.900925019776976,Unchanged
SK_r1167,5.28568287033561e-06,Downregulated
SK_r1170,0.565511491221238,Unchanged
SK_r1174,0.900924983836698,Unchanged
SK_r1175,0.900925019776976,Unchanged
SK_r1177,5.28568287033561e-06,Downregulated
SK_r1182,0.565511491221238,Unchanged
SK_r1251,0.900924983836698,Unchanged
SK_r1252,9.76776019889171,Upregulated
SK_r1253,1.88124589001997,Unchanged
SK_r1254,1.88088643099087,Unchanged
SK_r1255,0.900924946794687,Unchanged
SK_r1257,0.480493351020115,Downregulated
SK_r1259,0.909546203410589,Unchanged
SK_r1260,0.900924939945458,Unchanged
SK_r1262,0.457534289618841,Downregulated
SK_r1292,2.75823374380914e-07,Downregulated
SK_r1377,1,Unchanged
SK_r1378,1,Unchanged
SK_r1382,0.663144923632341,Unchanged
SK_r1383,1.34888167611804,Unchanged
SK_r1391,1,Unchanged
SK_r1392,1,Unchanged
SK_r1401,1,Unchanged
SK_r1418,0.040532567878452,Downregulated
SK_r1428,1.00000412236822,Unchanged
SK_r1429,1.00000412237001,Unchanged
SK_r1435,41.4671152325373,Upregulated
SK_r1443,26.8567058385003,Upregulated
SK_r1444,26.8567058385003,Upregulated
SK_r1445,25.1611080400892,Upregulated
SK_r1446,94.6666728665937,Upregulated
SK_r1447,131.912846609734,Upregulated
SK_r1448,131.912827202352,Upregulated
SK_r1449,131.912830545364,Upregulated
SK_r1450,131.912825660199,Upregulated
SK_r1451,131.912833719811,Upregulated
SK_r1454,39.6317958558659,Upregulated
SK_r1455,0.819613749974692,Unchanged
SK_r1457,0.663144952151784,Unchanged
SK_r1459,39432.5487124387,Upregulated
SK_r1467,1,Unchanged
SK_r1468,3.70636914208289e-07,Downregulated
SK_r1472,44.8056493522962,Upregulated
SK_r1474,44.8056493522962,Upregulated
SK_r1477,44.8056493522962,Upregulated
SK_r1487,0.900924948337695,Unchanged
SK_r1530,0.663144942713763,Unchanged
SK_r1531,0.663145078412801,Unchanged
SK_r1532,0.619850018755869,Unchanged
SK_r1533,0.663145042286259,Unchanged
SK_r1570,1,Unchanged
SK_r1616,1,Unchanged
SK_r1621,1,Unchanged
SK_r1627,1,Unchanged
SK_r1645,1,Unchanged
SK_r1657,1,Unchanged
SK_r2079,1,Unchanged
SK_r2080,1,Unchanged
SK_r2081,1,Unchanged
SK_r2082,1,Unchanged
SK_r2083,1,Unchanged
SK_r2084,1,Unchanged
SK_r2085,1,Unchanged
SK_r2086,1,Unchanged
SK_r2087,1,Unchanged
SK_r2088,1,Unchanged
SK_r2089,1,Unchanged
SK_r2090,1,Unchanged
SK_r2091,1,Unchanged
SK_r2092,1,Unchanged
SK_r2093,1,Unchanged
SK_r2094,1,Unchanged
SK_r2095,1,Unchanged
SK_r2096,1,Unchanged
SK_r2097,1,Unchanged
SK_r2098,1,Unchanged
SK_r2099,1,Unchanged
SK_r2100,1,Unchanged
SK_r2101,1,Unchanged
SK_r2102,1,Unchanged
SK_r2103,1,Unchanged
SK_r2104,1,Unchanged
SK_r2105,1,Unchanged
SK_r2106,1,Unchanged
SK_r2107,1,Unchanged
SK_r2108,1,Unchanged
SK_r2109,1,Unchanged
SK_r2110,1,Unchanged
SK_r2111,1,Unchanged
SK_r2112,1,Unchanged
SK_r2113,1,Unchanged
SK_r2114,1,Unchanged
SK_r2115,1,Unchanged
SK_r2116,1,Unchanged
SK_r2117,1,Unchanged
SK_r2118,1,Unchanged
SK_r2119,1,Unchanged
SK_r2120,1,Unchanged
SK_r2121,1,Unchanged
SK_r2122,1,Unchanged
SK_r2123,1,Unchanged
SK_r2124,1,Unchanged
SK_r2125,1,Unchanged
SK_r2126,1,Unchanged
SK_r2127,1,Unchanged
SK_r2128,1,Unchanged
SK_r2129,1,Unchanged
SK_r2130,1,Unchanged
SK_r2131,1,Unchanged
SK_r2132,1,Unchanged
SK_r2133,1,Unchanged
SK_r2146,2404236.68131495,Upregulated
SK_r2150,0.663144953829982,Unchanged
SK_r2314,0.646936969923458,Unchanged
SK_r2317,1,Unchanged
SK_r2364,30.1893533741919,Upregulated
SK_r2403,26.8745081956067,Upregulated
SK_r2433,1.39477261461935,Unchanged
SK_r2434,5.93190531919564e-07,Downregulated
SK_r2435,0.835530264736501,Unchanged
SK_r2436,1,Unchanged
SK_r2437,0.973684319009718,Unchanged
SK_r2438,1,Unchanged
SK_r2473,11577271.2513063,Upregulated
SK_r2497,1.43538442069793e-06,Downregulated
SK_r2498,0.663144991569981,Unchanged
SK_r2499,0.663144904171181,Unchanged
SK_r2501,0.663144969601297,Unchanged
SK_r2502,2.01420426918011,Upregulated
SK_r2503,0.663144960317181,Unchanged
SK_r2505,0.663144953829982,Unchanged
SK_r2509,2.81901449175213e-06,Downregulated
SK_r2516,0.500002061184727,Unchanged
SK_r2517,0.316952079686896,Downregulated
SK_r2518,0.443061135421108,Downregulated
SK_r2519,0.198392518019652,Downregulated
SK_r2520,NaN,Unchanged
SK_r2525,1,Unchanged
SK_r2526,1,Unchanged
SK_r2532,1,Unchanged
SK_r2534,1,Unchanged
SK_r2535,1,Unchanged
SK_r2537,5.28333054252244e-07,Downregulated
SK_r2538,1,Unchanged
SK_RE0452M,0.704432555395578,Unchanged
SK_RE0456N,0.905268714454456,Unchanged
SK_RE0512M,108.140783408845,Upregulated
SK_RE0512X,2.01420426918011,Upregulated
SK_RE0565C,0.986974322296125,Unchanged
SK_RE0566C,0.986974322237251,Unchanged
SK_RE0567C,0.986974322237251,Unchanged
SK_RE0568C,0.986974322237251,Unchanged
SK_RE0569C,0.986974169095217,Unchanged
SK_RE0570C,0.986974169328161,Unchanged
SK_RE0571C,0.986974169328161,Unchanged
SK_RE0574C,6.17967511343198,Upregulated
SK_RE0575C,6.17967511343198,Upregulated
SK_RE0576C,6.17967511343198,Upregulated
SK_RE0579C,1.31977653618605,Unchanged
SK_RE0581C,0.720464604172623,Unchanged
SK_RE0583C,130.694324796007,Upregulated
SK_RE0830C,6.3825160124435,Upregulated
SK_RE0830N,1,Unchanged
SK_RE1441R,0.66314492131173,Unchanged
SK_RE1447M,1.39563364756438,Unchanged
SK_RE1448N,0.869875760728907,Unchanged
SK_RE1448R,0.66314492131173,Unchanged
SK_RE1516M,108.140783408845,Upregulated
SK_RE1516X,2.01420426918011,Upregulated
SK_RE1517M,108.140783408845,Upregulated
SK_RE1517X,2.01420426918011,Upregulated
SK_RE1518M,37058766.3450748,Upregulated
SK_RE1518X,2.01420439966134,Upregulated
SK_RE1519X,2.01420422597604,Upregulated
SK_RE1520M,89.7640075183368,Upregulated
SK_RE1520X,2.01420439966134,Upregulated
SK_RE1521M,34.6251383941387,Upregulated
SK_RE1521X,2.01420439966134,Upregulated
SK_RE1522M,89.7639999479843,Upregulated
SK_RE1522X,2.01420439966134,Upregulated
SK_RE1523M,108.140783408845,Upregulated
SK_RE1523X,2.01420426918011,Upregulated
SK_RE1525M,89.7639999479843,Upregulated
SK_RE1525X,2.01420439966134,Upregulated
SK_RE1526M,34.6251383941387,Upregulated
SK_RE1526X,2.01420439966134,Upregulated
SK_RE1527M,89.7640075183368,Upregulated
SK_RE1527X,2.01420439966134,Upregulated
SK_RE1530M,1.39563356536858,Unchanged
SK_RE1531M,108.140783408845,Upregulated
SK_RE1531X,2.01420426918011,Upregulated
SK_RE1532M,89.7639999479843,Upregulated
SK_RE1532X,2.01420439966134,Upregulated
SK_RE1533M,34.6251383941387,Upregulated
SK_RE1533X,2.01420439966134,Upregulated
SK_RE1534M,89.7640075183368,Upregulated
SK_RE1534X,2.01420439966134,Upregulated
SK_RE1573M,34.6251383941387,Upregulated
SK_RE1573X,2.01420439966134,Upregulated
SK_RE1709N,1,Unchanged
SK_RE1804M,1,Unchanged
SK_RE1807M,1.40872362966709,Unchanged
SK_RE1810M,213.603793735543,Upregulated
SK_RE1834C,3.53736922069551,Upregulated
SK_RE1834M,3.46087650090991,Upregulated
SK_RE1834X,3.70435456285559,Upregulated
SK_RE1836X,57.6584002571847,Upregulated
SK_RE1915C,0.663144950164404,Unchanged
SK_RE1916C,0.663144950164404,Unchanged
SK_RE1957R,0.663144972062952,Unchanged
SK_RE2069C,1,Unchanged
SK_RE2112C,33.6110736178196,Upregulated
SK_RE2122C,5.00353063628319,Upregulated
SK_RE2346C,8.49855074736631,Upregulated
SK_RE2624X,3.73884488757437,Upregulated
SK_RE2625C,7.84051851875843,Upregulated
SK_RE2625M,19.3145349344982,Upregulated
SK_RE2626C,1,Unchanged
SK_RE2626M,1.00000096582569,Unchanged
SK_RE2649C,0.900924976282027,Unchanged
SK_RE2649M,1.39563351685742,Unchanged
SK_RE2660N,1,Unchanged
SK_RE2759X,0.995378558587624,Unchanged
SK_RE2814M,213.603793735543,Upregulated
SK_RE2888C,16.4644729750041,Upregulated
SK_RE2912M,1.17789332982499,Unchanged
SK_RE2954C,0.999999760887027,Unchanged
SK_RE2972M,1.39563364756438,Unchanged
SK_RE2973N,0.869875751808932,Unchanged
SK_RE2985M,0.0352817787173738,Downregulated
SK_RE2985X,0.0764458928290643,Downregulated
SK_RE2986X,0.0764458928290643,Downregulated
SK_RE2987X,0.0764458928290643,Downregulated
SK_RE2988X,0.0764458928290643,Downregulated
SK_RE2989X,0.0764458928290643,Downregulated
SK_RE2990X,0.0764458928290643,Downregulated
SK_RE2991X,0.0764458928290643,Downregulated
SK_RE2992M,89.7640051981419,Upregulated
SK_RE2992X,0.0764458928290643,Downregulated
SK_RE2993X,0.0764458928290643,Downregulated
SK_RE2994X,0.0764458928290643,Downregulated
SK_RE2996X,0.0764458928290643,Downregulated
SK_RE2997X,0.0764458928290643,Downregulated
SK_RE2999M,30.7979694020637,Upregulated
SK_RE3000M,30.7979694020637,Upregulated
SK_RE3001M,30.7979694020637,Upregulated
SK_RE3002X,0.0764458928290643,Downregulated
SK_RE3003M,30.7979694020637,Upregulated
SK_RE3004M,30.7979694020637,Upregulated
SK_RE3005M,30.7979694020637,Upregulated
SK_RE3006M,30.7979694020637,Upregulated
SK_RE3010M,1,Unchanged
SK_RE3011M,9.17929115214535,Upregulated
SK_RE3011R,31.0848829784189,Upregulated
SK_RE3012C,6.18816615891197,Upregulated
SK_RE3012M,9.17929115214535,Upregulated
SK_RE3012R,31.0848829784189,Upregulated
SK_RE3051C,2.92558565445856,Upregulated
SK_RE3073X,1.45251669810028e-05,Downregulated
SK_RE3074X,0.995378558587624,Unchanged
SK_RE3095C,53.1917099606568,Upregulated
SK_RE3114R,0.909546251074975,Unchanged
SK_RE3132R,0.900925003071239,Unchanged
SK_RE3146R,0.900925000839894,Unchanged
SK_RE3154C,0.149188855016983,Downregulated
SK_RE3160R,0.900925005641767,Unchanged
SK_RE3161C,1.51845915218794,Unchanged
SK_RE3162C,1.51845915218794,Unchanged
SK_RE3163C,1.51845915218794,Unchanged
SK_RE3164C,1.51845915218794,Unchanged
SK_RE3165C,39.078678514934,Upregulated
SK_RE3166C,39.078678514934,Upregulated
SK_RE3167C,39.078678514934,Upregulated
SK_RE3168C,39.078678514934,Upregulated
SK_RE3169C,9.98630908726597,Upregulated
SK_RE3170C,9.98630908726597,Upregulated
SK_RE3171C,9.98630908726597,Upregulated
SK_RE3172C,9.98630908726597,Upregulated
SK_RE3173C,0.1386130873944,Downregulated
SK_RE3176C,0.1386130873944,Downregulated
SK_RE3238C,0.755941023510799,Unchanged
SK_RE3247X,3.73884488757437,Upregulated
SK_RE3251M,30.7979689023994,Upregulated
SK_RE3268R,0.663144972062952,Unchanged
SK_RE3270C,0.884193264215411,Unchanged
SK_RE3273C,1.0266964552972,Unchanged
SK_RE3346C,1,Unchanged
SK_RE3346M,1,Unchanged
SK_RE3411C,8.49855074736631,Upregulated
SK_RE3413C,8.49855074736631,Upregulated
SK_RE3417C,8.49855074736631,Upregulated
SK_RE3420C,8.49855074736631,Upregulated
SK_RE3431C,1,Unchanged
SK_RE3432C,1,Unchanged
SK_RE3496C,30.1893533741919,Upregulated
SK_RE3525M,9.17929066531422,Upregulated
SK_RE3566C,1,Unchanged
SK_RE3567C,1,Unchanged
SK_RE3597M,9.17929115214535,Upregulated
SK_RE3624M,30.7979694020637,Upregulated
SK_RE3628M,89.764015495844,Upregulated
SK_PIt8,0.647260033865955,Unchanged
SK_biomass_reaction,0.703176437392536,Unchanged
SK_2MB2COAc,NaN,Unchanged
SK_3HBCOARc,NaN,Unchanged
SK_ADPACDAc,0.969955910577933,Unchanged
SK_ADPACtx,0.969955899508065,Unchanged
SK_ADPCOACROT,0.969955910577933,Unchanged
SK_ADPCOAPTE,0.969955899508065,Unchanged
SK_BCRNe,NaN,Unchanged
SK_C10DCCACT,0.969955908584857,Unchanged
SK_C10DCc,0.969955908584857,Unchanged
SK_C10OHc,NaN,Unchanged
SK_C12DCACOT,0.969955846193504,Unchanged
SK_C12DCACT,0.969955846193504,Unchanged
SK_C12DCTD,0.969955846193504,Unchanged
SK_C12OHc,NaN,Unchanged
SK_C140CPT1,1,Unchanged
SK_C141ACBP,NaN,Unchanged
SK_C141OHc,NaN,Unchanged
SK_C141OHe,NaN,Unchanged
SK_C142ACBP,NaN,Unchanged
SK_C142OHc,NaN,Unchanged
SK_C142OHe,NaN,Unchanged
SK_C14OHc,NaN,Unchanged
SK_C161OHc,NaN,Unchanged
SK_C162ACBP,NaN,Unchanged
SK_C162OHc,NaN,Unchanged
SK_C162OHe,NaN,Unchanged
SK_C16OHc,NaN,Unchanged
SK_C16txc,1.03826222598598,Unchanged
SK_C181OHc,NaN,Unchanged
SK_C182OHc,NaN,Unchanged
SK_C18OHc,NaN,Unchanged
SK_C2tcx,4.93734367567748e-05,Downregulated
SK_C40CPT1,1,Unchanged
SK_C4CRNCPT2,1,Unchanged
SK_C4DCCACT,1.04857086001678,Unchanged
SK_C4OHc,NaN,Unchanged
SK_C4tcx,49.1667524749711,Upregulated
SK_C4tmc,1,Unchanged
SK_C4x,49.1667524749711,Upregulated
SK_C50CPT1,NaN,Unchanged
SK_C51CPT1,NaN,Unchanged
SK_C60CPT1,0.776317397471174,Unchanged
SK_C6COAt,0.776317397471174,Unchanged
SK_C6CRNtcx,0.776317397471174,Unchanged
SK_C6DCCACT,0.969955910577933,Unchanged
SK_C6DCc,0.969955910577933,Unchanged
SK_C8DCc,18.4495247576076,Upregulated
SK_C9BRxtc,1,Unchanged
SK_DDCRNe,NaN,Unchanged
SK_DECCRNe,NaN,Unchanged
SK_DOCO13EFATP,0,Downregulated
SK_FAOXC101C102m,89.7640121842737,Upregulated
SK_FAOXC101C8x,5.3852380947501,Upregulated
SK_FAOXC101x,2.01420448799788,Upregulated
SK_FAOXC102C101m,89.7640166771792,Upregulated
SK_FAOXC102C103m,115.667721786789,Upregulated
SK_FAOXC102C103x,16.9540923666865,Upregulated
SK_FAOXC102C81m,115.667721786789,Upregulated
SK_FAOXC102C81x,16.9540923666865,Upregulated
SK_FAOXC102m,115.667721786789,Upregulated
SK_FAOXC102x,16.9540923666865,Upregulated
SK_FAOXC103C102m,115.667721786789,Upregulated
SK_FAOXC103C102x,16.9540923666865,Upregulated
SK_FAOXC10C10OHm,131.912853287555,Upregulated
SK_FAOXC10DCC8DCx,19.1560774493946,Upregulated
SK_FAOXC121C101m,67.7034364892975,Upregulated
SK_FAOXC121C10x,26.8567041504894,Upregulated
SK_FAOXC121x,0,Downregulated
SK_FAOXC122C101m,110.161687337879,Upregulated
SK_FAOXC122m,110.161687337879,Upregulated
SK_FAOXC122x,0.132590806278711,Downregulated
SK_FAOXC123C102m,115.667721786789,Upregulated
SK_FAOXC123C102x,16.9540923666865,Upregulated
SK_FAOXC123m,115.667721786789,Upregulated
SK_FAOXC123x,16.9540923666865,Upregulated
SK_FAOXC12C12OHm,131.912802584535,Upregulated
SK_FAOXC12DCC10DCx,19.0733788679579,Upregulated
SK_FAOXC12DCTc,0.969955846193504,Unchanged
SK_FAOXC12DCc,0.969955846193504,Unchanged
SK_FAOXC12DCx,0.969955846193504,Unchanged
SK_FAOXC141C121m,67.7034364892975,Upregulated
SK_FAOXC141C141OHm,NaN,Unchanged
SK_FAOXC142C122m,110.161687337879,Upregulated
SK_FAOXC142C122x,0.132590806278711,Downregulated
SK_FAOXC142C142OHm,NaN,Unchanged
SK_FAOXC143C123m,115.667721786789,Upregulated
SK_FAOXC143C123x,16.9540923666865,Upregulated
SK_FAOXC14C12m,70.8839081719532,Upregulated
SK_FAOXC14C14OHm,NaN,Unchanged
SK_FAOXC14DCC12DCx,19.0733788679579,Upregulated
SK_FAOXC161C141m,67.7034357640774,Upregulated
SK_FAOXC161C161OHm,NaN,Unchanged
SK_FAOXC162C142m,108.140796303201,Upregulated
SK_FAOXC162C162OHm,NaN,Unchanged
SK_FAOXC163C142x,0.132590806278711,Downregulated
SK_FAOXC163C143m,113.86983498693,Upregulated
SK_FAOXC163C164Gm,110.219730988589,Upregulated
SK_FAOXC163C164x,0.132590806278711,Downregulated
SK_FAOXC163GC142m,110.219730988589,Upregulated
SK_FAOXC163Gm,110.219730988589,Upregulated
SK_FAOXC163x,0.132590806278711,Downregulated
SK_FAOXC164C143m,116.144755048758,Upregulated
SK_FAOXC164C143x,16.9540923666865,Upregulated
SK_FAOXC164C163x,0.132590806278711,Downregulated
SK_FAOXC164C165m,116.144755048758,Upregulated
SK_FAOXC164C165x,16.9540923666865,Upregulated
SK_FAOXC164GC163m,110.219730988589,Upregulated
SK_FAOXC164m,116.144755048758,Upregulated
SK_FAOXC164x,16.9540923666865,Upregulated
SK_FAOXC165C164m,116.144755048758,Upregulated
SK_FAOXC165C164x,16.9540923666865,Upregulated
SK_FAOXC16BRx,0.995378642732532,Unchanged
SK_FAOXC16C14m,70.8838914136187,Upregulated
SK_FAOXC16C14x,26.8567058385003,Upregulated
SK_FAOXC16C16OHm,NaN,Unchanged
SK_FAOXC16DCC14DCx,19.0733788679579,Upregulated
SK_FAOXC16DCr,19.0733788679579,Upregulated
SK_FAOXC181C161m,22.4980057450229,Upregulated
SK_FAOXC181C181OHm,NaN,Unchanged
SK_FAOXC182C162m,108.140796303201,Upregulated
SK_FAOXC182C182OHm,NaN,Unchanged
SK_FAOXC183C163Gm,110.219729664874,Upregulated
SK_FAOXC183C163m,113.86983498693,Upregulated
SK_FAOXC184C163m,0.458260861117524,Downregulated
SK_FAOXC184C163x,0.132590806278711,Downregulated
SK_FAOXC184C164m,116.144764251675,Upregulated
SK_FAOXC184C164x,16.9540923666865,Upregulated
SK_FAOXC184m,0.458260861117524,Downregulated
SK_FAOXC184x,0.132590806278711,Downregulated
SK_FAOXC185C164m,118.811930365254,Upregulated
SK_FAOXC185m,118.811930365254,Upregulated
SK_FAOXC18C18OHm,NaN,Unchanged
SK_FAOXC204C184m,0.458260861117524,Downregulated
SK_FAOXC204C205x,0.132590806278711,Downregulated
SK_FAOXC205C184x,0.132590806278711,Downregulated
SK_FAOXC205C185m,118.811930365254,Upregulated
SK_FAOXC225C204m,0.458260861117524,Downregulated
SK_FAOXC225C204x,0.132590806278711,Downregulated
SK_FAOXC225C226m,0.458260861117524,Downregulated
SK_FAOXC225C226x,0.132590806278711,Downregulated
SK_FAOXC225m,0.458260861117524,Downregulated
SK_FAOXC225x,0.132590806278711,Downregulated
SK_FAOXC226C205m,118.811930365254,Upregulated
SK_FAOXC226C225m,0.458260861117524,Downregulated
SK_FAOXC226C225x,0.132590806278711,Downregulated
SK_FAOXC226C227m,118.811930365254,Upregulated
SK_FAOXC226m,118.811930365254,Upregulated
SK_FAOXC227C226m,118.811930365254,Upregulated
SK_FAOXC4C4DCc,1.04857086001678,Unchanged
SK_FAOXC5C5OHm,NaN,Unchanged
SK_FAOXC5OHc,NaN,Unchanged
SK_FAOXC61C4x,42.5135293916092,Upregulated
SK_FAOXC61m,115.667721786789,Upregulated
SK_FAOXC61x,16.9540923666865,Upregulated
SK_FAOXC6DCC4DCx,0,Downregulated
SK_FAOXC81C61m,115.667721786789,Upregulated
SK_FAOXC81C61x,16.9540923666865,Upregulated
SK_FAOXOHC16C16DCc,19.0733788679579,Upregulated
SK_FAOXTC101TC102m,90.1852033814539,Upregulated
SK_FAOXTC102C101m,90.1852033814539,Upregulated
SK_FAOXTC122TC101m,90.1852033814539,Upregulated
SK_FAOXTC122m,90.1852033814539,Upregulated
SK_FAOXTC142TC122m,90.1852033814539,Upregulated
SK_FAOXTC162TC142m,90.1852106234527,Upregulated
SK_FAOXTC182TC162m,90.1852154697568,Upregulated
SK_FOAXC122C101x,0.132590806278711,Downregulated
SK_HDCACBP,NaN,Unchanged
SK_HDDACBP,NaN,Unchanged
SK_HDECAACBP,NaN,Unchanged
SK_HDECEACBP,NaN,Unchanged
SK_HEDCECRNe,NaN,Unchanged
SK_HEXCOAACBP,18.7347042128106,Upregulated
SK_HEXDCRNe,NaN,Unchanged
SK_HEXDIACtr,19.0733788679579,Upregulated
SK_HEXDICOAACBPx,19.0733788679579,Upregulated
SK_HIVCACBP,NaN,Unchanged
SK_HIVCRNe,NaN,Unchanged
SK_HOCDACBP,NaN,Unchanged
SK_HOCTDACBP,NaN,Unchanged
SK_HOCTDEC2CRNe,NaN,Unchanged
SK_HOCTDECCRNe,NaN,Unchanged
SK_HTDCACBP,NaN,Unchanged
SK_HTDCRNe,NaN,Unchanged
SK_IVCOAACBP,NaN,Unchanged
SK_IVCRNe,NaN,Unchanged
SK_OCD11COACPT1,22.4980089162484,Upregulated
SK_OCD11CRNCACT,22.4980089162484,Upregulated
SK_OCD11CRNCPT2,22.4980089162484,Upregulated
SK_OCT11EFATP,23.0357717096703,Upregulated
SK_OCTDEC2ACBP,NaN,Unchanged
SK_OCTDECCACT,NaN,Unchanged
SK_OCTDECCPT1,NaN,Unchanged
SK_OCTDECCPT2,NaN,Unchanged
SK_OCTDECE1CRNe,NaN,Unchanged
SK_sink_octdececoa[c],NaN,Unchanged
SK_PRISTCOAtcx,0.663145065875634,Unchanged
SK_SBCOAACOTx,19.1560785581813,Upregulated
SK_SCP21cx,0.663144997767479,Unchanged
SK_SEBACACT,0.969955908584857,Unchanged
SK_SEBACIDtx,0.969955856242149,Unchanged
SK_SEBCOACROT,0.969955908584857,Unchanged
SK_SEBCOAPET,0.969955856242149,Unchanged
SK_STCOATxc,0.663144921787445,Unchanged
SK_STRDNCCOAtxc,16.9540923666865,Upregulated
SK_SUBEACtx,19.1560785581813,Upregulated
SK_SUBERCACT,18.4495247576076,Upregulated
SK_SUBERCROT,18.4495247576076,Upregulated
SK_SUCCCROT,1.04857086001678,Unchanged
SK_SUCCOAPET,1.06298832032742,Unchanged
SK_TIGCRNe,NaN,Unchanged
SK_34DHPHELAT1tc,1,Unchanged
SK_LEULEULAPc,7479.73052409647,Upregulated
SK_PCHOLHSTDe,26.5348684716153,Upregulated
SK_4HPROLTASCT1,16.5717605088887,Upregulated
SK_ASPDTDe,1,Unchanged
SK_ASPPROASCT1,166530.17349457,Upregulated
SK_CHOLESTle,20.6468714388622,Upregulated
SK_DM_taur[c],6.06670175355038,Upregulated
SK_DPMVDc,4.24799254698958e-07,Downregulated
SK_FADDPle,0.754331344149124,Unchanged
SK_FE2DMT1,31.0848796784042,Upregulated
SK_FE3MTP1,31.0848840914583,Upregulated
SK_FMNALKPle,0.754331344149124,Unchanged
SK_FRDPtcr,5.68529306600064e-07,Downregulated
SK_GLU5SAtmc,3.32962117418811,Upregulated
SK_GLUPROASCT1,1.08466843277629,Unchanged
SK_IPDDI,0.856225513624503,Unchanged
SK_LACLt,4.12236952729472e-06,Downregulated
SK_MEVK1c,4.24799254698958e-07,Downregulated
SK_MTHFR3,1,Unchanged
SK_P5CR,3.32962135149398,Upregulated
SK_PMEVKc,4.24799254698958e-07,Downregulated
SK_PPItm,5.01139572244043,Upregulated
SK_Q10H2e,3.16997482062326,Upregulated
SK_RPEc,3.03638365695238e-05,Downregulated
SK_RTOTALFATPc,5.35575527811751,Upregulated
SK_SFCYSc,61.8267198821722,Upregulated
SK_SFCYSe,61.8267198821722,Upregulated
SK_sink_5hpet[c],1,Unchanged
SK_q10tm,3.16997431402563,Upregulated
SK_4HPRO_LTte,16.5717605088887,Upregulated
SK_5MTAte,8.99189045881333,Upregulated
SK_DM_ncam,1.26130094635419,Unchanged
SK_OROTGLUt,2.16933691782396,Upregulated
SK_IDOURte,0.888842225380577,Unchanged
SK_LKYNRtr,1,Unchanged
SK_LKYNRtr3,1,Unchanged
SK_GLCURtr,0.0436627007009463,Downregulated
SK_ARACHDFATPtc,1.37832400137607e-06,Downregulated
SK_FOLABCCte,0.663145031098981,Unchanged
SK_FOLOAT2tc,0.663145031098981,Unchanged
SK_GSNt2r,1,Unchanged
SK_LGNCFATPtc,0.900924929429363,Unchanged
SK_NACSMCTte,8.1409639382683,Upregulated
SK_CAMPt,0.75239382301443,Unchanged
SK_CGMPt,0.730877511889196,Unchanged
SK_TRPt,1,Unchanged
SK_r0295,7.75576775480822,Upregulated
SK_biomass_maintenance,2.72646104793978,Upregulated
SK_biomass_maintenance_noTrTr,0.724756508745611,Unchanged
SK_4AABUTNt,22.215506056287,Upregulated
SK_C14768td,0.0513765995050785,Downregulated
SK_C14769td1,0.0513667629904707,Downregulated
SK_C14770ATP,0.054016926990992,Downregulated
SK_C14771ATP,0.0540169286659148,Downregulated
SK_C14826td,33.6110730137953,Upregulated
SK_CE2537ATP,0.663144975531815,Unchanged
SK_GALTt,15.8090715540124,Upregulated
SK_GLYCLTtd,1.92114108822308,Unchanged
SK_HXCOAtx,0.776317397405921,Unchanged
SK_IND3ACt,13.5083391130817,Upregulated
SK_SUBEACtd,19.15607831888,Upregulated
SK_LEULEUt,7479.73074745374,Upregulated
SK_DHBPTt,6.38251580354446,Upregulated
SK_HOMOVALte,0.322564904923488,Downregulated
SK_GLYCLTtm,1.92114143350358,Unchanged
SK_PA_HStm,1.39183719687017,Unchanged
SK_MLTHFtm,41.8907406311118,Upregulated
SK_2MOPtm,1,Unchanged
SK_MMALtm,1,Unchanged
SK_CE2512te,0.0541677106465571,Downregulated
SK_r2514m,1.17789332982499,Unchanged
SK_ACNAMt2,0.372833475788618,Downregulated
SK_ARGtD,1,Unchanged
SK_THMtrbc,1,Unchanged
SK_UGT1A10c,0.379045927753837,Downregulated
SK_UNK3r,11.143232265283,Upregulated
SK_34HPLtm,3.1716188088686,Upregulated
SK_PROSTGE2t2r,0.5,Downregulated
SK_LTHSTRLtr,2.56317183274135e-07,Downregulated
SK_sink_Tyr_ggn[c],25496.8401816065,Upregulated
SK_sink_btn[c],1,Unchanged
SK_sink_c226coa[c],994738.873828862,Upregulated
SK_sink_cholate[c],16.1747381499111,Upregulated
SK_sink_coa[c],167.781763069535,Upregulated
SK_sink_doco13ecoa[c],0.0412326990807191,Downregulated
SK_sink_glygn2[c],25496.8391992664,Upregulated
SK_sink_hdca[c],1,Unchanged
SK_sink_lnlc[c],2.29408371507718,Upregulated
SK_sink_lnlccoa[c],1.92493141395905,Unchanged
SK_sink_lnlncacoa[c],1.68753045415215e-06,Downregulated
SK_sink_lnlncgcoa[c],1.51724443481421,Unchanged
SK_sink_nad[c],10.1302829025731,Upregulated
SK_sink_nadp[c],0.70119176788312,Unchanged
SK_sink_pmtcoa[c],7.86486083094065,Upregulated
SK_sink_pydam[c],1,Unchanged
SK_sink_pydxn[c],1,Unchanged
SK_sink_retinol[c],1,Unchanged
SK_sink_tag_hs[c],3.44957375325369,Upregulated
SK_sink_tmndnccoa[c],70096.6000510143,Upregulated
SK_sink_dhcholestanate[c],0.0557760057526642,Downregulated
SK_sink_xol7ah3[c],0.0557798984623297,Downregulated
SK_sink_xol7aone[c],0.229018892024657,Downregulated
SK_sink_xoldiolone[c],7.84051587894209,Upregulated
SK_sink_dchac[c],33.6110736178196,Upregulated
SK_ACACT1r,2.90503093579346e-05,Downregulated
SK_ACACt2,1,Unchanged
SK_ACCOAL,0.663145022001121,Unchanged
SK_ACONT,6.6464919465318e-05,Downregulated
SK_ACS,0.836719965607141,Unchanged
SK_ADK1,5.60056961348892e-05,Downregulated
SK_ADSS,0.544916295506053,Unchanged
SK_ALAR,1,Unchanged
SK_ASPTA,2.77431714708504,Upregulated
SK_BPNT,0.888842254780157,Unchanged
SK_BUTt2r,1,Unchanged
SK_CBPS,15.8564799675495,Upregulated
SK_CO2t,0.0405325678539758,Downregulated
SK_CPPPGO,10.8747950078521,Upregulated
SK_CYTDt2r,1,Unchanged
SK_DGK1,209125.390298863,Upregulated
SK_DHORTS,9.97992017765247,Upregulated
SK_DMATT,3.12212211605292e-07,Downregulated
SK_DM_atp_c_,0.663144957252645,Unchanged
SK_DPCOAK,0.663145024699132,Unchanged
SK_DURIPP,0.785360566922681,Unchanged
SK_ENO,0.465739380143826,Downregulated
SK_FBA,1.1115307439717,Unchanged
SK_FBA2,440445.130649948,Upregulated
SK_FCLTc,10.8747943133021,Upregulated
SK_FERO,31.0848754472896,Upregulated
SK_FMNAT,0.754331228840526,Unchanged
SK_FPGS7,0.663144874321425,Unchanged
SK_FT,1,Unchanged
SK_FUM,1.48344443601947e-05,Downregulated
SK_G5SADs,3.32962117418811,Upregulated
SK_GALU,0.869621222729106,Unchanged
SK_GAPD,0.805490224083941,Unchanged
SK_GF6PTA,0.12975062711587,Downregulated
SK_GHMT2r,0.913305897622567,Unchanged
SK_GK1,209125.383335055,Upregulated
SK_GLNS,0.585355608144205,Unchanged
SK_GMAND,1.71576177006885,Unchanged
SK_GMPS2,0.912433312879026,Unchanged
SK_GRTT,3.12212211605292e-07,Downregulated
SK_GTPCI,6.38251597928622,Upregulated
SK_H2CO3D,0.0405325678821323,Downregulated
SK_H2Ot,0.0318222690305457,Downregulated
SK_HEX1,9.62151691538777,Upregulated
SK_HMBS,2.92558571715824,Upregulated
SK_ILETA,1.46127393441203e-06,Downregulated
SK_IMPD,0.266084361415359,Downregulated
SK_INSt2,1,Unchanged
SK_LEUTA,1.46127392020614e-06,Downregulated
SK_L_LACt2r,1,Unchanged
SK_MAN1PT2,0.154656724069952,Downregulated
SK_MAN6PI,0.154656727208701,Downregulated
SK_MTHFC,154370.200816772,Upregulated
SK_MTHFD,1.99998608308196,Unchanged
SK_NAt3_1,1,Unchanged
SK_NDPK1,0.917108078549245,Unchanged
SK_NDPK2,1,Unchanged
SK_NDPK3,1,Unchanged
SK_NDPK4,0.999999760887008,Unchanged
SK_NDPK5,1,Unchanged
SK_NDPK6,0.764755060874555,Unchanged
SK_NDPK7,1,Unchanged
SK_NDPK8,1,Unchanged
SK_NDPK9,1,Unchanged
SK_NNATr,0.90092500886064,Unchanged
SK_NTD1,0.663145015085098,Unchanged
SK_PGI,0.709406554867131,Unchanged
SK_PGK,2.34505138666613,Upregulated
SK_PGM,0.616284278869583,Unchanged
SK_PGMT,0.284053716971696,Downregulated
SK_PMANM,0.154656724191852,Downregulated
SK_PNP,10.1081853463248,Upregulated
SK_PNTK,7.69077480032876,Upregulated
SK_PPBNGS,2.92558566315999,Upregulated
SK_PPCDC,7.69077480032876,Upregulated
SK_PPM,0.00122655391456686,Downregulated
SK_PROt2r,1,Unchanged
SK_PRPPS,0.000727636853986578,Downregulated
SK_PTPAT,0.900925036797894,Unchanged
SK_PUNP1,1.68362845271842e-05,Downregulated
SK_PUNP2,1.57540022719416e-05,Downregulated
SK_PUNP3,209110.036346397,Upregulated
SK_PUNP4,209125.395070545,Upregulated
SK_PUNP5,0.56975950305841,Unchanged
SK_PUNP7,0.22878212997958,Downregulated
SK_RBFK,0.663144917686554,Unchanged
SK_RNDR1,1.57562431445946e-05,Downregulated
SK_RNDR2,0.620460443610873,Unchanged
SK_RNDR3,2390591.72194278,Upregulated
SK_RNDR4,1,Unchanged
SK_RPI,2.11067348461477,Upregulated
SK_SPMS,5.90101225935537,Upregulated
SK_SPODM,0.000109353498988895,Downregulated
SK_TALA,1.11153030141961,Unchanged
SK_THMDt2r,1,Unchanged
SK_TKT1,2.11067351550805,Upregulated
SK_TKT2,2.110674037567,Upregulated
SK_TMDK1,0.762310403521973,Unchanged
SK_TPI,1.13760754024287,Unchanged
SK_UAG4E,0.126714649622162,Downregulated
SK_UAGDP,0.442352974619018,Downregulated
SK_UDPG4E,57846.2147977747,Upregulated
SK_UMPK,1,Unchanged
SK_UPP3S,10.8747950078521,Upregulated
SK_UPPDC1,10.8747950078521,Upregulated
SK_URIDK3,0.73053655066516,Unchanged
SK_VALTA,9.41981260687503e-05,Downregulated
SK_r0082,60.9244355663269,Upregulated
SK_r0220,0.900924978669213,Unchanged
SK_r0318,0.900924978669213,Unchanged
SK_r0345,6.22302147252185e-06,Downregulated
SK_r0422,60.9244355663269,Upregulated
SK_r0570,0.0406201706765519,Downregulated
SK_ACCOAC,0.578899271536525,Unchanged
SK_FPGS,0.663144941355587,Unchanged
SK_GLYt2r,0.793377314498248,Unchanged
SK_ALAt2r,1,Unchanged
SK_NTD4,0.663144979331261,Unchanged
SK_NTD5,0.663144946022478,Unchanged
SK_NTD6,1.57540531419684e-05,Downregulated
SK_NTD7,1.57583961683917e-05,Downregulated
SK_NTD8,243222.641340335,Upregulated
SK_NTD9,243204.795111671,Upregulated
SK_NTD10,0.266084359529144,Downregulated
SK_NTD11,0.569759512923083,Unchanged
SK_ALCD1,31.0848811567622,Upregulated
SK_GCALDD,1.15119043824683,Unchanged
SK_ABUTD,5.90101225935537,Upregulated
SK_ACYP,0.663144990376314,Unchanged
SK_ALDD2x,2.23182511912504,Upregulated
SK_AMANK,4.40866454279083,Upregulated
SK_CITL,5.49877773077438,Upregulated
SK_CYTK1,1,Unchanged
SK_CYTK2,1,Unchanged
SK_FACOAL161,0.90092499621144,Unchanged
SK_GALK,0.867125501379439,Unchanged
SK_GALT,0.869621222728907,Unchanged
SK_GLUPRT,0.039800295515312,Downregulated
SK_GLXO1,24.3175765051037,Upregulated
SK_GLYOX,NaN,Unchanged
SK_HEX7,440445.187314961,Upregulated
SK_HYXNt,0.56975950312189,Unchanged
SK_IMACTD,13.5083417945975,Upregulated
SK_LCADi,NaN,Unchanged
SK_LDH_L,0.500003948945916,Unchanged
SK_LGTHL,1,Unchanged
SK_MDH,0.907759675182721,Unchanged
SK_MI1PP,0.666612963106534,Unchanged
SK_MI3PP,0.663144948770988,Unchanged
SK_MI4PP,1.32629004027626,Unchanged
SK_NT5C,0.663144917013629,Unchanged
SK_NTD3,0.663144947059035,Unchanged
SK_NTD5_a,10.1081801494633,Upregulated
SK_ORNDC,12.089057768681,Upregulated
SK_PFK,1.61046575057405,Unchanged
SK_PHETA1,4996.62122366281,Upregulated
SK_PRFGS,0.039800295515312,Downregulated
SK_PYDAMK,5.95426321315847,Upregulated
SK_PYDXNK,8.42877587038893,Upregulated
SK_PYK,1,Unchanged
SK_TMDS,37.1011758843098,Upregulated
SK_TYRTA,22.1177061025885,Upregulated
SK_r0392,0.578628470870463,Unchanged
SK_r0792,1.00000013717858,Unchanged
SK_UGLT,0.869621222730994,Unchanged
SK_PYRt2r,1,Unchanged
SK_DCMPDA,0.620460185538048,Unchanged
SK_FTHFL,0.0744972092966546,Downregulated
SK_THMt3,1,Unchanged
SK_GLNt4,1,Unchanged
SK_MTRI,11.143232265283,Upregulated
SK_MTHFD2,1.92615353045371,Unchanged
SK_AHC,1.10115361380919,Unchanged
SK_PHPYRte,4996.4984816503,Upregulated
SK_PHPYRtm,0.819613749974692,Unchanged
SK_VANILPYRc,5.00353063628319,Upregulated
SK_VANILLACc,5.00353063628319,Upregulated
SK_VANILLACte,5.00353063628319,Upregulated
SK_2M3OVCOAm,17.2875532021684,Upregulated
SK_2M3OVACm,17.2875532021684,Upregulated
SK_2M3OVACtm,17.2875532021684,Upregulated
SK_2M3HVACc,17.2875532021684,Upregulated
SK_2M3HVACte,17.2875532021684,Upregulated
SK_3MGLUTACc,1.25449646028923,Unchanged
SK_3MGLUTACtm,1.25449646028923,Unchanged
SK_3MGLUTACte,1.25449646028923,Unchanged
SK_TIGGLYc,13.0673041069273,Upregulated
SK_TIGGLYtm,13.0673040294217,Upregulated
SK_TIGGLYte,13.0673040294217,Upregulated
SK_HEXGLYc,18.7347113925935,Upregulated
SK_HEXGLYte,18.7347113925935,Upregulated
SK_SUBGLYc,18.4495247576076,Upregulated
SK_SUBGLYte,18.4495247576076,Upregulated
SK_CE2510ABCt,0,Downregulated
SK_CE2537ABCt,0.663144975531815,Unchanged
SK_NRVNCABCt,0,Downregulated
SK_PE12_HSABCt,0.663144988589266,Unchanged
SK_Pe13_HSABCt,0.663144988589266,Unchanged
SK_PE14_HSABCt,0.663144988589266,Unchanged
SK_PE15_HSABCt,0.663144988589266,Unchanged
SK_PE161_HSABCt,0.663144988589266,Unchanged
SK_PE17_HSABCt,0.663144988589266,Unchanged
SK_PE203_HSABCt,0.663144988589266,Unchanged
SK_PE226_HSABCt,0.663144988589266,Unchanged
SK_PE2LINL_HSABCt,0.663144988589266,Unchanged
SK_PEAR_HSABCt,0.663144988589266,Unchanged
SK_PEDH203_HSABCt,0.663144988589266,Unchanged
SK_PELINL_HSABCt,0.663144988589266,Unchanged
SK_PELPALM_HSABCt,0.663144988589266,Unchanged
SK_PEOLE_HSABCt,0.663144988589266,Unchanged
SK_PESTE_HSABCt,0.663144988589266,Unchanged
SK_PE12_HSt1e,0.663144988589266,Unchanged
SK_Pe13_HSt1e,0.663144988589266,Unchanged
SK_PE14_HSt1e,0.663144988589266,Unchanged
SK_PE15_HSt1e,0.663144988589266,Unchanged
SK_PE161_HSt1e,0.663144988589266,Unchanged
SK_PE17_HSt1e,0.663144988589266,Unchanged
SK_PE203_HSt1e,0.663144988589266,Unchanged
SK_PE226_HSt1e,0.663144988589266,Unchanged
SK_PE2LINL_HSt1e,0.663144988589266,Unchanged
SK_PEAR_HSt1e,0.663144988589266,Unchanged
SK_PEDH203_HSt1e,0.663144988589266,Unchanged
SK_PELINL_HSt1e,0.663144988589266,Unchanged
SK_PEOLE_HSt1e,0.663144988589266,Unchanged
SK_PELPALM_HSt1e,0.663144988589266,Unchanged
SK_PESTE_HSt1e,0.663144988589266,Unchanged
SK_SPHMYLN_HsATPte,0.937360366396274,Unchanged
SK_CE2006te,8.49855074736631,Upregulated
SK_GLCRt1,0.0552279292111147,Downregulated
SK_2HYOXPLCte,26.1132585725165,Upregulated
SK_SELMETHte,1,Unchanged
SK_CE2705t,6.3825160124435,Upregulated
SK_SPHS1Pt2e,0.663144984946738,Unchanged
SK_MLTHFte1,0.663144979373071,Unchanged
SK_C05769te2,2.92558565445856,Upregulated
SK_IM4ACte,13.5083417945975,Upregulated
SK_SELMETHt2e,1,Unchanged
SK_UDPG4DOPA,10.0956361755178,Upregulated
SK_UDPG3DOPA,10.0956349601766,Upregulated
SK_DOPA4GLCURt,10.0956361755178,Upregulated
SK_DOPA3GLCURt,10.0956349601766,Upregulated
SK_CE5026t,0.663144950164404,Unchanged
SK_GGTe_1,0.663144950164404,Unchanged
SK_CYSGLYPTASEe_1,0.663144950164404,Unchanged
SK_CE1261t,0.663144950164404,Unchanged
SK_DOPAOQCYS,53.1917099606568,Upregulated
SK_BGAL1l,0.918904166824669,Unchanged
SK_BGAL2l,0.479040011935437,Downregulated
SK_CRMte,0.785139389285059,Unchanged
SK_GA1tl,0.479040011935437,Downregulated
SK_GBA2e,0.785139389285059,Unchanged
SK_HEXAHBl,0.479040011935437,Downregulated
SK_NEU11l,0.918904166824669,Unchanged
SK_NEU310e,0.479040011935437,Downregulated
SK_NEU33e,0.366784244582541,Downregulated
SK_NEU34e,0.366784244582541,Downregulated
SK_NEU36e,0.366784244582541,Downregulated
SK_NEU38n,2.83398909564763,Upregulated
SK_NEU39e,0.479040011935437,Downregulated
SK_SMS1S2,6113.1006897264,Upregulated
SK_SPHMYLNtl2,0.937360366396274,Unchanged
SK_TETTET6COAtm,1,Unchanged
SK_TETPENT6COAtm,1,Unchanged
SK_TETPENT3COAtm,1,Unchanged
SK_DAG_HStg,6113.1006897264,Upregulated
SK_sink_34dhpac[c],0.142984074984148,Downregulated
SK_DM_gm1_hs[n],2.83398909564763,Upregulated
SK_GD1Atn,2.83398909564763,Upregulated
SK_ATPtg,0.663144861957696,Unchanged
SK_DM_pail35p_hs[n],0.869875751808932,Unchanged
SK_CATr,0.0291248124821498,Downregulated
SK_DM_pcreat[c],0.472411330665147,Downregulated
SK_HMR_0155,1,Unchanged
SK_HMR_0176,8.49855068497167,Upregulated
SK_HMR_0182,NaN,Unchanged
SK_HMR_0188,0.900925037934729,Unchanged
SK_HMR_0189,0.900925037934729,Unchanged
SK_HMR_0191,0.663144862522358,Unchanged
SK_HMR_0192,0.900925010547129,Unchanged
SK_HMR_0193,0.900925010547129,Unchanged
SK_HMR_0194,0.663144862522358,Unchanged
SK_HMR_0197,0.900925014657926,Unchanged
SK_HMR_0200,0.900752456107184,Unchanged
SK_HMR_0201,0.900924885071171,Unchanged
SK_HMR_0203,0.663144916788611,Unchanged
SK_HMR_0204,0.900924954482851,Unchanged
SK_HMR_0206,0.900924954482851,Unchanged
SK_HMR_0207,0.663144916788611,Unchanged
SK_HMR_0208,0.663144931616273,Unchanged
SK_HMR_0209,0.900925007320944,Unchanged
SK_HMR_0210,0.9009249750762,Unchanged
SK_HMR_0211,0.663144941197321,Unchanged
SK_HMR_0214,0.900925000648496,Unchanged
SK_HMR_0230,1.33409454140175,Unchanged
SK_HMR_0232,0.66314493034793,Unchanged
SK_HMR_0233,0.900925027516682,Unchanged
SK_HMR_0234,0.900925027516682,Unchanged
SK_HMR_0235,0.66314493034793,Unchanged
SK_HMR_0238,0.900925016951589,Unchanged
SK_HMR_0240,0.663144944907191,Unchanged
SK_HMR_0241,0.900924962108908,Unchanged
SK_HMR_0242,0.900924962108908,Unchanged
SK_HMR_0243,0.663144944907191,Unchanged
SK_HMR_0244,0.663144944907191,Unchanged
SK_HMR_0245,0.900924962108908,Unchanged
SK_HMR_0246,0.900924962108908,Unchanged
SK_HMR_0247,0.663144944907191,Unchanged
SK_HMR_0254,0.663144944907191,Unchanged
SK_HMR_0255,0.900924978038197,Unchanged
SK_HMR_0256,0.900924978038197,Unchanged
SK_HMR_0257,0.663144944907191,Unchanged
SK_HMR_0259,0.900924982036791,Unchanged
SK_HMR_0260,0.900924954055426,Unchanged
SK_HMR_0267,0.900924998422999,Unchanged
SK_HMR_0268,0.457809118450888,Downregulated
SK_HMR_0270,0.663144944448089,Unchanged
SK_HMR_0271,7.97274984400345,Upregulated
SK_HMR_0272,7.97274984400345,Upregulated
SK_HMR_0273,0.663144944448089,Unchanged
SK_HMR_0276,0.900925005708844,Unchanged
SK_HMR_0278,0.66314493166389,Unchanged
SK_HMR_0279,0.900925007638407,Unchanged
SK_HMR_0280,0.900925007638407,Unchanged
SK_HMR_0281,0.66314493166389,Unchanged
SK_HMR_0288,0.663144934627137,Unchanged
SK_HMR_0289,0.90092497002555,Unchanged
SK_HMR_0290,0.90092497002555,Unchanged
SK_HMR_0291,0.663144934627137,Unchanged
SK_HMR_0292,0.0384708507063586,Downregulated
SK_HMR_0293,0.900925014608157,Unchanged
SK_HMR_0296,0.663145018701096,Unchanged
SK_HMR_0297,0.900925002186077,Unchanged
SK_HMR_0298,0.900925002186077,Unchanged
SK_HMR_0299,0.663145018701096,Unchanged
SK_HMR_0300,0.663145021941073,Unchanged
SK_HMR_0301,0.900925017160745,Unchanged
SK_HMR_0302,0.900925017160745,Unchanged
SK_HMR_0303,0.663145021941073,Unchanged
SK_HMR_0304,0.663145021941073,Unchanged
SK_HMR_0305,0.900925003986376,Unchanged
SK_HMR_0306,0.900925003986376,Unchanged
SK_HMR_0307,0.663145021941073,Unchanged
SK_HMR_0308,0.663145018361238,Unchanged
SK_HMR_0309,0.900924993767005,Unchanged
SK_HMR_0310,0.900924993767005,Unchanged
SK_HMR_0311,0.663145018361238,Unchanged
SK_HMR_0319,0.0195228066191375,Downregulated
SK_HMR_0322,0.663144929309883,Unchanged
SK_HMR_0323,0.900925022505519,Unchanged
SK_HMR_0324,0.900925022505519,Unchanged
SK_HMR_0325,0.663144929309883,Unchanged
SK_HMR_0326,0.663144927316051,Unchanged
SK_HMR_0327,0.900924986997661,Unchanged
SK_HMR_0328,0.900924986997661,Unchanged
SK_HMR_0329,0.663144927316051,Unchanged
SK_HMR_0342,0.900924970419438,Unchanged
SK_HMR_0344,0.663144927316051,Unchanged
SK_HMR_0345,0.900925029893016,Unchanged
SK_HMR_0346,0.900925029893016,Unchanged
SK_HMR_0347,0.663144927316051,Unchanged
SK_HMR_0350,7.20739985270858,Upregulated
SK_HMR_0354,1.92151536975103,Unchanged
SK_HMR_0358,0.900924985696717,Unchanged
SK_HMR_0362,1.14702211129096,Unchanged
SK_HMR_0366,0.900924987841765,Unchanged
SK_HMR_0370,0.900924963474477,Unchanged
SK_HMR_0374,0.900924985390716,Unchanged
SK_HMR_0378,0.9009249690142,Unchanged
SK_HMR_0380,0.663144956830501,Unchanged
SK_HMR_0381,0.90092499954413,Unchanged
SK_HMR_0382,0.90092499954413,Unchanged
SK_HMR_0383,0.663144956830501,Unchanged
SK_HMR_0384,0.663144974323626,Unchanged
SK_HMR_0385,0.900924990094382,Unchanged
SK_HMR_0386,0.900924990094382,Unchanged
SK_HMR_0387,0.663144974323626,Unchanged
SK_HMR_0388,0.663144974323626,Unchanged
SK_HMR_0389,0.900924950265536,Unchanged
SK_HMR_0390,0.900924950265536,Unchanged
SK_HMR_0391,0.663144974323626,Unchanged
SK_HMR_0392,0.663144974323626,Unchanged
SK_HMR_0393,0.900924937959272,Unchanged
SK_HMR_0394,0.900924937959272,Unchanged
SK_HMR_0395,0.663144974323626,Unchanged
SK_HMR_0398,4.52409188996938,Upregulated
SK_HMR_0402,0.565511481568971,Unchanged
SK_HMR_0406,0.900924978169676,Unchanged
SK_HMR_0410,0.900925018407282,Unchanged
SK_HMR_0414,0.900924937106464,Unchanged
SK_HMR_0418,0.900924985390716,Unchanged
SK_HMR_0422,0.900924985390716,Unchanged
SK_HMR_0426,0.90092498344296,Unchanged
SK_HMR_0428,0.66314497071245,Unchanged
SK_HMR_0429,0.900925005268031,Unchanged
SK_HMR_0430,0.900925005268031,Unchanged
SK_HMR_0431,0.66314497071245,Unchanged
SK_HMR_0432,0.66314497071245,Unchanged
SK_HMR_0433,0.900924961979014,Unchanged
SK_HMR_0434,0.900924961979014,Unchanged
SK_HMR_0435,0.66314497071245,Unchanged
SK_HMR_0436,0.663144968044567,Unchanged
SK_HMR_0437,0.900924872224364,Unchanged
SK_HMR_0438,0.900924872224364,Unchanged
SK_HMR_0439,0.663144968044567,Unchanged
SK_HMR_0482,1.9964764083365e-06,Downregulated
SK_HMR_0593,1.32628991873178,Unchanged
SK_HMR_0597,1.14594080442013,Unchanged
SK_HMR_0598,0.763960488627291,Unchanged
SK_HMR_0601,1.32628991873178,Unchanged
SK_HMR_0614,0.65517924188797,Unchanged
SK_HMR_0625,1.14594080442013,Unchanged
SK_HMR_0629,1.14594080442013,Unchanged
SK_HMR_0642,0.763960488627291,Unchanged
SK_HMR_0672,1.32628991873178,Unchanged
SK_HMR_0678,1.32628991873178,Unchanged
SK_HMR_0750,8.84695738174387,Upregulated
SK_HMR_0753,1.32628991873178,Unchanged
SK_HMR_0758,8.84695674223142,Upregulated
SK_HMR_0761,0.785139412739582,Unchanged
SK_HMR_0765,0.116996799923063,Downregulated
SK_HMR_0767,0.663144943401658,Unchanged
SK_HMR_0770,3.50843675162207e-07,Downregulated
SK_HMR_0775,0.663144917804187,Unchanged
SK_HMR_0795,0.900925014061422,Unchanged
SK_HMR_0803,83992.6178657697,Upregulated
SK_HMR_0805,0.442352936929247,Downregulated
SK_HMR_0807,0.442352936929247,Downregulated
SK_HMR_0808,3.09778454517892,Upregulated
SK_HMR_0815,0.442352986312038,Downregulated
SK_HMR_0816,0.247265214245483,Downregulated
SK_HMR_0817,1.36936666135552,Unchanged
SK_HMR_0821,0.44235297474817,Downregulated
SK_HMR_0825,1.34327804894745,Unchanged
SK_HMR_0828,0.671639006542196,Unchanged
SK_HMR_0831,0.583505631444507,Unchanged
SK_HMR_0835,0.918904166824669,Unchanged
SK_HMR_0836,0.918904166824669,Unchanged
SK_HMR_0837,11.978907480395,Upregulated
SK_HMR_0844,3.19730558303972,Upregulated
SK_HMR_0846,0.900925038647663,Unchanged
SK_HMR_0847,0.900925007743301,Unchanged
SK_HMR_0849,0.671638978513654,Unchanged
SK_HMR_0942,0.0513765995050785,Downregulated
SK_HMR_0946,0.0513667629904707,Downregulated
SK_HMR_0950,0.054016926990992,Downregulated
SK_HMR_0954,0.0540169286659148,Downregulated
SK_HMR_0960,193.836635734248,Upregulated
SK_HMR_0962,9.17929115214535,Upregulated
SK_HMR_0963,9.17929115214535,Upregulated
SK_HMR_1102,1,Unchanged
SK_HMR_1127,9.17929115214535,Upregulated
SK_HMR_1129,6.18816615891197,Upregulated
SK_HMR_1243,9.17929115214535,Upregulated
SK_HMR_1280,1,Unchanged
SK_HMR_1311,0.5,Downregulated
SK_HMR_1312,1,Unchanged
SK_HMR_1321,1,Unchanged
SK_HMR_1465,2.38576316798038,Upregulated
SK_HMR_1470,2.38576316798038,Upregulated
SK_HMR_1473,2.38576316798038,Upregulated
SK_HMR_1532,1.00000000440901,Unchanged
SK_HMR_1557,2.56317215953803e-07,Downregulated
SK_HMR_1565,6.21148195310192e-06,Downregulated
SK_HMR_1620,7.25727938038902,Upregulated
SK_HMR_1627,3.70435442391682,Upregulated
SK_HMR_1629,5.77768387239599,Upregulated
SK_HMR_1630,3.70435446868318,Upregulated
SK_HMR_1637,3.70435461695369,Upregulated
SK_HMR_1651,3.70435438339023,Upregulated
SK_HMR_1653,3.70435438339023,Upregulated
SK_HMR_1665,3.70435456285559,Upregulated
SK_HMR_1666,3.46087650090991,Upregulated
SK_HMR_1681,25.1352701150448,Upregulated
SK_HMR_1685,1,Unchanged
SK_HMR_1706,32.4452331848669,Upregulated
SK_HMR_1735,88.1953517579644,Upregulated
SK_HMR_1737,88.1953517579644,Upregulated
SK_HMR_1738,88.1953517579644,Upregulated
SK_HMR_1739,88.1953517579644,Upregulated
SK_HMR_1740,88.1953517579644,Upregulated
SK_HMR_1742,88.1953517579644,Upregulated
SK_HMR_1744,88.1953517579644,Upregulated
SK_HMR_1746,88.1953517579644,Upregulated
SK_HMR_1748,88.1953517579644,Upregulated
SK_HMR_1750,88.1953517579644,Upregulated
SK_HMR_1752,88.1953517579644,Upregulated
SK_HMR_1754,88.1953517579644,Upregulated
SK_HMR_1758,88.1953517579644,Upregulated
SK_HMR_1760,88.1953517579644,Upregulated
SK_HMR_1762,227.81618600936,Upregulated
SK_HMR_1764,227.81618600936,Upregulated
SK_HMR_1765,227.81618600936,Upregulated
SK_HMR_1807,30.7979689023994,Upregulated
SK_HMR_1897,0.6631449021958,Unchanged
SK_HMR_1916,0.663144966378187,Unchanged
SK_HMR_2016,0,Downregulated
SK_HMR_2087,1.00000008535423,Unchanged
SK_HMR_2088,1.00000008535423,Unchanged
SK_HMR_2089,1.00000008535423,Unchanged
SK_HMR_2090,1.00000008535423,Unchanged
SK_HMR_2190,0.720464604172623,Unchanged
SK_HMR_2193,0.720464604172623,Unchanged
SK_HMR_2210,0.986974169095217,Unchanged
SK_HMR_2211,6.17967511343198,Upregulated
SK_HMR_2215,13.0036438227719,Upregulated
SK_HMR_2217,13.0036438227719,Upregulated
SK_HMR_2218,13.0036438227719,Upregulated
SK_HMR_2219,13.0036438227719,Upregulated
SK_HMR_2259,16.4244581486018,Upregulated
SK_HMR_2260,16.4244581486018,Upregulated
SK_HMR_2261,16.4244581486018,Upregulated
SK_HMR_2262,16.4244581486018,Upregulated
SK_HMR_2263,16.4244588684408,Upregulated
SK_HMR_2264,16.4244588684408,Upregulated
SK_HMR_2265,16.4244588684408,Upregulated
SK_HMR_2266,16.4244588684408,Upregulated
SK_HMR_2293,55.8131675210695,Upregulated
SK_HMR_2296,7.97274975316043,Upregulated
SK_HMR_2332,0,Downregulated
SK_HMR_2334,0,Downregulated
SK_HMR_2336,0,Downregulated
SK_HMR_2338,0,Downregulated
SK_HMR_2342,16.4244611483042,Upregulated
SK_HMR_2343,16.4244611483042,Upregulated
SK_HMR_2344,16.4244611483042,Upregulated
SK_HMR_2345,16.4244611483042,Upregulated
SK_HMR_2347,63.2326800776551,Upregulated
SK_HMR_2348,63.2326800776551,Upregulated
SK_HMR_2349,63.2326800776551,Upregulated
SK_HMR_2350,63.2326800776551,Upregulated
SK_HMR_2353,48.3070442397925,Upregulated
SK_HMR_2354,48.3070442397925,Upregulated
SK_HMR_2355,48.3070442397925,Upregulated
SK_HMR_2356,48.3070442397925,Upregulated
SK_HMR_2361,55.9472938136475,Upregulated
SK_HMR_2362,55.9472938136475,Upregulated
SK_HMR_2363,55.9472938136475,Upregulated
SK_HMR_2364,55.9472938136475,Upregulated
SK_HMR_2365,53.5763537677966,Upregulated
SK_HMR_2395,0.149188855016983,Downregulated
SK_HMR_2433,69.1449137495806,Upregulated
SK_HMR_2434,69.1449137495806,Upregulated
SK_HMR_2435,69.1449137495806,Upregulated
SK_HMR_2436,69.1449137495806,Upregulated
SK_HMR_2440,8.49855074736631,Upregulated
SK_HMR_2457,33.6110730137953,Upregulated
SK_HMR_2530,58.246030167205,Upregulated
SK_HMR_2533,58.246030167205,Upregulated
SK_HMR_2535,58.246030167205,Upregulated
SK_HMR_2537,58.246030167205,Upregulated
SK_HMR_2540,42.5363067171089,Upregulated
SK_HMR_2541,42.5363067171089,Upregulated
SK_HMR_2542,42.5363067171089,Upregulated
SK_HMR_2543,42.5363067171089,Upregulated
SK_HMR_2569,1.02397355226302,Unchanged
SK_HMR_2581,30.1893533741919,Upregulated
SK_HMR_2602,5.10511807074696,Upregulated
SK_HMR_2603,5.10511807074696,Upregulated
SK_HMR_2604,5.10511807074696,Upregulated
SK_HMR_2608,1,Unchanged
SK_HMR_2609,1,Unchanged
SK_HMR_2610,1,Unchanged
SK_HMR_2612,1,Unchanged
SK_HMR_2613,84.0215080990776,Upregulated
SK_HMR_2620,9.31317003798083,Upregulated
SK_HMR_2621,9.31317003798083,Upregulated
SK_HMR_2622,9.31317003798083,Upregulated
SK_HMR_2624,1,Unchanged
SK_HMR_2634,1,Unchanged
SK_HMR_2635,46.2327195462503,Upregulated
SK_HMR_2644,1,Unchanged
SK_HMR_2655,1,Unchanged
SK_HMR_2657,7.39637111080611,Upregulated
SK_HMR_2659,98.048340817528,Upregulated
SK_HMR_2660,32.5678580125842,Upregulated
SK_HMR_2661,32.5678580125842,Upregulated
SK_HMR_2662,32.5678580125842,Upregulated
SK_HMR_2667,0.835532538811043,Unchanged
SK_HMR_2668,123.618161997571,Upregulated
SK_HMR_2669,104.433576059108,Upregulated
SK_HMR_2670,104.433576059108,Upregulated
SK_HMR_2671,104.433576059108,Upregulated
SK_HMR_2673,1,Unchanged
SK_HMR_2675,16.4244565646595,Upregulated
SK_HMR_2676,16.4244565646595,Upregulated
SK_HMR_2677,16.4244565646595,Upregulated
SK_HMR_2679,1,Unchanged
SK_HMR_2681,16.4244611483042,Upregulated
SK_HMR_2682,16.4244611483042,Upregulated
SK_HMR_2683,16.4244611483042,Upregulated
SK_HMR_2684,0.542902270256346,Unchanged
SK_HMR_2685,0.542902270256346,Unchanged
SK_HMR_2686,0.542902270256346,Unchanged
SK_HMR_2687,63.2326676615137,Upregulated
SK_HMR_2688,63.2326676615137,Upregulated
SK_HMR_2689,63.2326676615137,Upregulated
SK_HMR_2690,60.0947986226742,Upregulated
SK_HMR_2691,60.0947986226742,Upregulated
SK_HMR_2692,60.0947986226742,Upregulated
SK_HMR_2693,53.5763537677966,Upregulated
SK_HMR_2695,53.5763537677966,Upregulated
SK_HMR_2697,53.5763537677966,Upregulated
SK_HMR_2699,16.424455020287,Upregulated
SK_HMR_2700,16.424455020287,Upregulated
SK_HMR_2701,16.424455020287,Upregulated
SK_HMR_2702,3624581.95241768,Upregulated
SK_HMR_2703,61.1271822062508,Upregulated
SK_HMR_2704,61.1271822062508,Upregulated
SK_HMR_2705,0.561119407550924,Unchanged
SK_HMR_2706,0.561119407550924,Unchanged
SK_HMR_2707,0.561119407550924,Unchanged
SK_HMR_2708,48.3070442397925,Upregulated
SK_HMR_2709,48.3070442397925,Upregulated
SK_HMR_2710,48.3070442397925,Upregulated
SK_HMR_2711,1,Unchanged
SK_HMR_2712,1,Unchanged
SK_HMR_2713,1,Unchanged
SK_HMR_2715,1.70214123528895,Unchanged
SK_HMR_2718,1,Unchanged
SK_HMR_2722,1.70214123528893,Unchanged
SK_HMR_2727,1,Unchanged
SK_HMR_2731,1031957.67800715,Upregulated
SK_HMR_2733,58.2460387248449,Upregulated
SK_HMR_2734,58.2460387248449,Upregulated
SK_HMR_2735,58.2460387248449,Upregulated
SK_HMR_2736,42.5363067171089,Upregulated
SK_HMR_2737,42.5363067171089,Upregulated
SK_HMR_2738,42.5363067171089,Upregulated
SK_HMR_2739,35.402538322211,Upregulated
SK_HMR_2740,35.402538322211,Upregulated
SK_HMR_2741,35.402538322211,Upregulated
SK_HMR_2744,1,Unchanged
SK_HMR_2748,1,Unchanged
SK_HMR_2753,1,Unchanged
SK_HMR_2757,1.19400010187503,Unchanged
SK_HMR_2760,1,Unchanged
SK_HMR_2764,1,Unchanged
SK_HMR_2768,120.847759611045,Upregulated
SK_HMR_2769,120.847759611045,Upregulated
SK_HMR_2770,120.847759611045,Upregulated
SK_HMR_2771,69.1449137495806,Upregulated
SK_HMR_2772,69.1449137495806,Upregulated
SK_HMR_2773,69.1449137495806,Upregulated
SK_HMR_2774,39.078678514934,Upregulated
SK_HMR_2775,39.078678514934,Upregulated
SK_HMR_2776,39.078678514934,Upregulated
SK_HMR_2817,1.88124589001997,Unchanged
SK_HMR_2819,1.88124589001997,Unchanged
SK_HMR_2821,2.81901435578177e-06,Downregulated
SK_HMR_2827,2.81901435578177e-06,Downregulated
SK_HMR_2851,3624581.91216373,Upregulated
SK_HMR_2852,3624581.91216373,Upregulated
SK_HMR_2857,0.909546251074975,Unchanged
SK_HMR_2859,0.909546251074975,Unchanged
SK_HMR_2861,1.92186841163888,Unchanged
SK_HMR_2862,1.92186841163888,Unchanged
SK_HMR_2865,1.02397355226302,Unchanged
SK_HMR_2866,1.02397355226302,Unchanged
SK_HMR_2884,4.34329846800442e-07,Downregulated
SK_HMR_2886,4.34329846800442e-07,Downregulated
SK_HMR_2888,1,Unchanged
SK_HMR_2890,1,Unchanged
SK_HMR_2942,0.900925028574963,Unchanged
SK_HMR_2943,0.900925028574963,Unchanged
SK_HMR_2944,0.900925028574963,Unchanged
SK_HMR_2945,0.900925028574963,Unchanged
SK_HMR_2946,0.900925028574963,Unchanged
SK_HMR_2947,0.900925028574963,Unchanged
SK_HMR_2948,0.900925028574963,Unchanged
SK_HMR_2951,0.900925028574963,Unchanged
SK_HMR_2954,0.900925028574963,Unchanged
SK_HMR_2955,0.900925028574963,Unchanged
SK_HMR_2956,0.900925028574963,Unchanged
SK_HMR_2961,0.900925028574963,Unchanged
SK_HMR_2962,0.900925028574963,Unchanged
SK_HMR_2963,0.900925028574963,Unchanged
SK_HMR_2964,0.900925028574963,Unchanged
SK_HMR_2965,0.900925028574963,Unchanged
SK_HMR_2966,0.900925028574963,Unchanged
SK_HMR_2967,0.900925020694966,Unchanged
SK_HMR_2968,0.900925028574963,Unchanged
SK_HMR_2969,0.900925028574963,Unchanged
SK_HMR_2970,0.900925028574963,Unchanged
SK_HMR_2971,0.900925032514962,Unchanged
SK_HMR_2972,0.900925028574963,Unchanged
SK_HMR_2973,0.900925025242114,Unchanged
SK_HMR_2974,0.900924928644959,Unchanged
SK_HMR_2975,0.90092493116218,Unchanged
SK_HMR_2976,0.90092493116218,Unchanged
SK_HMR_2977,0.90092493116218,Unchanged
SK_HMR_2978,0.900924928644959,Unchanged
SK_HMR_2979,0.90092493116218,Unchanged
SK_HMR_2980,0.90092493116218,Unchanged
SK_HMR_2982,0.900924946950115,Unchanged
SK_HMR_2983,0.900925014071121,Unchanged
SK_HMR_2985,0.900925014071121,Unchanged
SK_HMR_2986,0.900924899010875,Unchanged
SK_HMR_2988,0.900924899010875,Unchanged
SK_HMR_2989,0.900924899010875,Unchanged
SK_HMR_2990,0.900924899010875,Unchanged
SK_HMR_2994,0.900925027344969,Unchanged
SK_HMR_2998,0.900925014071121,Unchanged
SK_HMR_2999,0.900924899010875,Unchanged
SK_HMR_3001,0.900924899010875,Unchanged
SK_HMR_3002,0.900925014071121,Unchanged
SK_HMR_3003,0.900924899010875,Unchanged
SK_HMR_3021,0.1386130873944,Downregulated
SK_HMR_3023,0,Downregulated
SK_HMR_3053,0.1386130873944,Downregulated
SK_HMR_3057,13.0036438227719,Upregulated
SK_HMR_3058,13.0036438227719,Upregulated
SK_HMR_3059,13.0036438227719,Upregulated
SK_HMR_3062,13.0036438227719,Upregulated
SK_HMR_3063,13.0036438227719,Upregulated
SK_HMR_3064,13.0036438227719,Upregulated
SK_HMR_3065,13.0036438227719,Upregulated
SK_HMR_3066,13.0036438227719,Upregulated
SK_HMR_3067,13.0036438227719,Upregulated
SK_HMR_3068,13.0036438227719,Upregulated
SK_HMR_3069,13.0036438227719,Upregulated
SK_HMR_3070,13.0036438227719,Upregulated
SK_HMR_3071,13.0036438227719,Upregulated
SK_HMR_3072,13.0036438227719,Upregulated
SK_HMR_3073,13.0036438227719,Upregulated
SK_HMR_3074,34.2968298558182,Upregulated
SK_HMR_3075,34.2968298558182,Upregulated
SK_HMR_3076,34.2968298558182,Upregulated
SK_HMR_3094,12.1032336442674,Upregulated
SK_HMR_3095,12.1032336442674,Upregulated
SK_HMR_3096,12.1032336442674,Upregulated
SK_HMR_3097,12.1032336442674,Upregulated
SK_HMR_3098,42.5135289348109,Upregulated
SK_HMR_3099,42.5135311643697,Upregulated
SK_HMR_3100,42.5135311643697,Upregulated
SK_HMR_3101,42.5135311643697,Upregulated
SK_HMR_3102,40.2280238148921,Upregulated
SK_HMR_3107,61.1271822062508,Upregulated
SK_HMR_3108,61.1187601894158,Upregulated
SK_HMR_3109,61.1271822062508,Upregulated
SK_HMR_3110,61.1187601894158,Upregulated
SK_HMR_3111,61.1187281792137,Upregulated
SK_HMR_3112,61.1187281792137,Upregulated
SK_HMR_3113,61.1187427948661,Upregulated
SK_HMR_3114,61.1187281792137,Upregulated
SK_HMR_3115,105.524589059116,Upregulated
SK_HMR_3116,178.144465631305,Upregulated
SK_HMR_3117,178.144465631305,Upregulated
SK_HMR_3118,178.144465631305,Upregulated
SK_HMR_3121,131.912823942313,Upregulated
SK_HMR_3128,131.912845452844,Upregulated
SK_HMR_3135,131.912817622777,Upregulated
SK_HMR_3142,131.912817257328,Upregulated
SK_HMR_3149,131.912829994052,Upregulated
SK_HMR_3156,131.912829415658,Upregulated
SK_HMR_3170,16.424455020287,Upregulated
SK_HMR_3171,16.424455020287,Upregulated
SK_HMR_3172,16.424455020287,Upregulated
SK_HMR_3173,16.424455020287,Upregulated
SK_HMR_3174,16.4244580814422,Upregulated
SK_HMR_3175,16.4244580814422,Upregulated
SK_HMR_3176,16.4244580814422,Upregulated
SK_HMR_3177,16.4244580814422,Upregulated
SK_HMR_3194,0.714225127508449,Unchanged
SK_HMR_3195,0.714225127508449,Unchanged
SK_HMR_3196,0.714225127508449,Unchanged
SK_HMR_3197,0.714225127508449,Unchanged
SK_HMR_3198,0.714225127508449,Unchanged
SK_HMR_3199,0.714225127508449,Unchanged
SK_HMR_3200,0.714225127508449,Unchanged
SK_HMR_3201,0.714225127508449,Unchanged
SK_HMR_3202,0.714225127508449,Unchanged
SK_HMR_3203,0.714225102216043,Unchanged
SK_HMR_3204,0.714225102216043,Unchanged
SK_HMR_3205,0.714225102216043,Unchanged
SK_HMR_3218,0.561119408365368,Unchanged
SK_HMR_3219,0.561119408365368,Unchanged
SK_HMR_3220,0.561119408365368,Unchanged
SK_HMR_3221,0.561119408365368,Unchanged
SK_HMR_3222,1.60785932892452,Unchanged
SK_HMR_3223,1.60785932892452,Unchanged
SK_HMR_3224,1.60785932892452,Unchanged
SK_HMR_3225,1.60785932892452,Unchanged
SK_HMR_3229,44.8056490435766,Upregulated
SK_HMR_3230,47.7366486398698,Upregulated
SK_HMR_3231,47.7366486398698,Upregulated
SK_HMR_3232,47.7366486398698,Upregulated
SK_HMR_3233,47.7366486398698,Upregulated
SK_HMR_3234,67.8506481530805,Upregulated
SK_HMR_3235,67.8506481530805,Upregulated
SK_HMR_3236,67.8506481530805,Upregulated
SK_HMR_3237,67.8506481530805,Upregulated
SK_HMR_3240,16.4244611483042,Upregulated
SK_HMR_3241,16.4244611483042,Upregulated
SK_HMR_3242,16.4244611483042,Upregulated
SK_HMR_3243,16.4244611483042,Upregulated
SK_HMR_3244,55.8131765367339,Upregulated
SK_HMR_3245,55.8131765367339,Upregulated
SK_HMR_3246,55.8131765367339,Upregulated
SK_HMR_3247,55.8131765367339,Upregulated
SK_HMR_3296,89.7640078725217,Upregulated
SK_HMR_3321,2.01420445279675,Upregulated
SK_HMR_3322,2.01420448799788,Upregulated
SK_HMR_3326,0,Downregulated
SK_HMR_3327,0,Downregulated
SK_HMR_3328,0,Downregulated
SK_HMR_3329,0,Downregulated
SK_HMR_3330,0,Downregulated
SK_HMR_3331,0,Downregulated
SK_HMR_3332,0,Downregulated
SK_HMR_3333,0,Downregulated
SK_HMR_3334,0,Downregulated
SK_HMR_3335,0,Downregulated
SK_HMR_3336,0,Downregulated
SK_HMR_3337,0,Downregulated
SK_HMR_3338,0,Downregulated
SK_HMR_3339,0,Downregulated
SK_HMR_3340,0,Downregulated
SK_HMR_3341,0,Downregulated
SK_HMR_3342,0,Downregulated
SK_HMR_3343,0,Downregulated
SK_HMR_3344,0,Downregulated
SK_HMR_3345,0,Downregulated
SK_HMR_3346,0,Downregulated
SK_HMR_3347,0,Downregulated
SK_HMR_3348,0,Downregulated
SK_HMR_3349,0,Downregulated
SK_HMR_3350,0,Downregulated
SK_HMR_3351,0,Downregulated
SK_HMR_3352,0,Downregulated
SK_HMR_3353,0,Downregulated
SK_HMR_3398,84.0215094078321,Upregulated
SK_HMR_3406,98.048339685922,Upregulated
SK_HMR_3407,123.618161997571,Upregulated
SK_HMR_3408,104.433573063591,Upregulated
SK_HMR_3409,104.270737927985,Upregulated
SK_HMR_3411,63.2326676615137,Upregulated
SK_HMR_3413,60.0947983746527,Upregulated
SK_HMR_3414,53.576354248132,Upregulated
SK_HMR_3416,48.3070450261211,Upregulated
SK_HMR_3421,0.503489186150202,Unchanged
SK_HMR_3422,0.461806146955591,Downregulated
SK_HMR_3423,120.847757280322,Upregulated
SK_HMR_3424,69.1449137495806,Upregulated
SK_HMR_3425,39.078678514934,Upregulated
SK_HMR_3426,121.406821770123,Upregulated
SK_HMR_3427,46.1304595724645,Upregulated
SK_HMR_3428,122.179461686105,Upregulated
SK_HMR_3429,46.130460914775,Upregulated
SK_HMR_3431,58.2460387248449,Upregulated
SK_HMR_3432,42.5363058853464,Upregulated
SK_HMR_3433,35.4025377628626,Upregulated
SK_HMR_3446,0.0352817787173738,Downregulated
SK_HMR_3447,0.0352817787173738,Downregulated
SK_HMR_3448,13.2933127330681,Upregulated
SK_HMR_3449,5.62871563796566,Upregulated
SK_HMR_3450,5.62871563796566,Upregulated
SK_HMR_3451,5.62871563796566,Upregulated
SK_HMR_3452,89.7640051981419,Upregulated
SK_HMR_3453,89.7640051981419,Upregulated
SK_HMR_3454,89.7640051981419,Upregulated
SK_HMR_3455,89.7640051981419,Upregulated
SK_HMR_3456,89.7640051981419,Upregulated
SK_HMR_3457,89.7640051981419,Upregulated
SK_HMR_3475,6.05332298241367,Upregulated
SK_HMR_3491,0.995378558587624,Unchanged
SK_HMR_3625,0.900925028574963,Unchanged
SK_HMR_3626,0.900925028574963,Unchanged
SK_HMR_3627,0.900925028574963,Unchanged
SK_HMR_3628,0.900925028574963,Unchanged
SK_HMR_3629,0.900925028574963,Unchanged
SK_HMR_3630,0.900925028574963,Unchanged
SK_HMR_3631,0.900925028574963,Unchanged
SK_HMR_3633,0.900925028574963,Unchanged
SK_HMR_3635,0.900925028574963,Unchanged
SK_HMR_3636,0.900925028574963,Unchanged
SK_HMR_3637,0.900925028574963,Unchanged
SK_HMR_3639,0.900925028574963,Unchanged
SK_HMR_3640,0.900925028574963,Unchanged
SK_HMR_3642,0.900925028574963,Unchanged
SK_HMR_3644,0.900925028574963,Unchanged
SK_HMR_3645,0.900925028574963,Unchanged
SK_HMR_3646,0.900925028574963,Unchanged
SK_HMR_3647,0.900925028574963,Unchanged
SK_HMR_3648,0.900925020694966,Unchanged
SK_HMR_3649,0.900925028574963,Unchanged
SK_HMR_3650,0.900925028574963,Unchanged
SK_HMR_3651,0.900925032514962,Unchanged
SK_HMR_3652,0.900925028574963,Unchanged
SK_HMR_3653,2404236.6667755,Upregulated
SK_HMR_3654,0.900924928644959,Unchanged
SK_HMR_3655,0.90092493116218,Unchanged
SK_HMR_3656,0.90092493116218,Unchanged
SK_HMR_3657,0.90092493116218,Unchanged
SK_HMR_3658,0.900924928644959,Unchanged
SK_HMR_3659,0.90092493116218,Unchanged
SK_HMR_3660,0.90092493116218,Unchanged
SK_HMR_3662,1.92187440146501,Unchanged
SK_HMR_3663,0.900925014071121,Unchanged
SK_HMR_3664,1.14702215382272,Unchanged
SK_HMR_3665,0.900925014071121,Unchanged
SK_HMR_3666,0.900924899010875,Unchanged
SK_HMR_3667,0.900925000839894,Unchanged
SK_HMR_3668,0.900924899010875,Unchanged
SK_HMR_3669,0.900924899010875,Unchanged
SK_HMR_3670,0.900924899010875,Unchanged
SK_HMR_3675,0.900925027344969,Unchanged
SK_HMR_3677,0.900925014071121,Unchanged
SK_HMR_3678,0.900924899010875,Unchanged
SK_HMR_3679,0.900925005641767,Unchanged
SK_HMR_3680,0.900924899010875,Unchanged
SK_HMR_3681,0.900925014071121,Unchanged
SK_HMR_3682,0.900924899010875,Unchanged
SK_HMR_3684,0.900925028574963,Unchanged
SK_HMR_3685,0.900925028574963,Unchanged
SK_HMR_3686,0.900925028574963,Unchanged
SK_HMR_3687,0.900925028574963,Unchanged
SK_HMR_3688,0.900925028574963,Unchanged
SK_HMR_3689,0.900925028574963,Unchanged
SK_HMR_3690,0.900925028574963,Unchanged
SK_HMR_3692,0.900925028574963,Unchanged
SK_HMR_3694,0.900925028574963,Unchanged
SK_HMR_3695,0.900925028574963,Unchanged
SK_HMR_3696,0.900925028574963,Unchanged
SK_HMR_3698,0.900925028574963,Unchanged
SK_HMR_3699,0.900925028574963,Unchanged
SK_HMR_3701,0.900925028574963,Unchanged
SK_HMR_3703,0.900925028574963,Unchanged
SK_HMR_3704,0.900925028574963,Unchanged
SK_HMR_3705,0.900925028574963,Unchanged
SK_HMR_3706,0.900925028574963,Unchanged
SK_HMR_3707,0.900925020694966,Unchanged
SK_HMR_3708,0.900925028574963,Unchanged
SK_HMR_3709,0.900925028574963,Unchanged
SK_HMR_3710,0.900925032514962,Unchanged
SK_HMR_3711,0.900925028574963,Unchanged
SK_HMR_3712,2404236.6667755,Upregulated
SK_HMR_3713,0.900924928644959,Unchanged
SK_HMR_3714,0.90092493116218,Unchanged
SK_HMR_3715,0.90092493116218,Unchanged
SK_HMR_3716,0.90092493116218,Unchanged
SK_HMR_3717,0.900924928644959,Unchanged
SK_HMR_3718,0.90092493116218,Unchanged
SK_HMR_3719,0.90092493116218,Unchanged
SK_HMR_3721,1.92187440146501,Unchanged
SK_HMR_3722,0.900925014071121,Unchanged
SK_HMR_3723,1.14702215382272,Unchanged
SK_HMR_3724,0.900925014071121,Unchanged
SK_HMR_3725,0.900924899010875,Unchanged
SK_HMR_3726,0.900925000839894,Unchanged
SK_HMR_3727,0.900924899010875,Unchanged
SK_HMR_3728,0.900924899010875,Unchanged
SK_HMR_3729,0.900924899010875,Unchanged
SK_HMR_3734,0.900925027344969,Unchanged
SK_HMR_3736,0.900925014071121,Unchanged
SK_HMR_3737,0.900924899010875,Unchanged
SK_HMR_3738,0.900925005641767,Unchanged
SK_HMR_3739,0.900924899010875,Unchanged
SK_HMR_3740,0.900925014071121,Unchanged
SK_HMR_3741,0.900924899010875,Unchanged
SK_HMR_3831,0.309112504374518,Downregulated
SK_HMR_3855,1,Unchanged
SK_HMR_3864,1.73671568950688,Unchanged
SK_HMR_4078,3.6118533875135,Upregulated
SK_HMR_4079,3.61185311798587,Upregulated
SK_HMR_4124,1.03797457965703,Unchanged
SK_HMR_4182,0.828965163174014,Unchanged
SK_HMR_4270,0.7011918152516,Unchanged
SK_HMR_4343,1.32281624735814e-06,Downregulated
SK_HMR_4422,59.6929977611362,Upregulated
SK_HMR_4592,1.05856004028075,Unchanged
SK_HMR_4630,1.52427239948726e-05,Downregulated
SK_HMR_4757,10.8747950078521,Upregulated
SK_HMR_4764,10.8747941755279,Upregulated
SK_HMR_4771,2.92558565445856,Upregulated
SK_HMR_4776,16.5717605088887,Upregulated
SK_HMR_4777,12.5328298551157,Upregulated
SK_HMR_5101,0.916377717088416,Unchanged
SK_HMR_5301,0.82896516316283,Unchanged
SK_HMR_5387,11.143232265283,Upregulated
SK_HMR_5389,11.143232265283,Upregulated
SK_HMR_6511,1.99647646172707e-06,Downregulated
SK_HMR_6545,0.663144972594285,Unchanged
SK_HMR_6549,0.663144912390877,Unchanged
SK_HMR_6550,0.66314496536857,Unchanged
SK_HMR_6584,0.663144861957696,Unchanged
SK_HMR_6595,0.331572490646266,Downregulated
SK_HMR_6617,0.905268681524497,Unchanged
SK_HMR_6619,0.905268681524497,Unchanged
SK_HMR_6629,0.451168728788285,Downregulated
SK_HMR_6632,0.451168708343253,Downregulated
SK_HMR_6633,0.451168750154237,Downregulated
SK_HMR_6647,0.451168729661647,Downregulated
SK_HMR_6729,30.4163873534599,Upregulated
SK_HMR_6747,2971245.13684442,Upregulated
SK_HMR_6755,2971248.25732424,Upregulated
SK_HMR_6782,3.1716188088686,Upregulated
SK_HMR_6907,3.89521142222299,Upregulated
SK_HMR_6908,3.89521142222299,Upregulated
SK_HMR_6909,3.89521142222299,Upregulated
SK_HMR_6910,3.89521142222299,Upregulated
SK_HMR_7198,1.03797464345725,Unchanged
SK_HMR_7255,2.62778164601055,Upregulated
SK_HMR_7256,2.62778160131863,Upregulated
SK_HMR_7628,17.6334916621642,Upregulated
SK_HMR_7652,0.663144901688225,Unchanged
SK_HMR_7748,0.709406554862688,Unchanged
SK_HMR_7749,0.709406554862688,Unchanged
SK_HMR_7756,17.6334916621642,Upregulated
SK_HMR_7757,1.04857086001678,Unchanged
SK_HMR_7758,3.60671042996492,Upregulated
SK_HMR_8475,93.7961072949154,Upregulated
SK_HMR_8476,0.620460118368496,Unchanged
SK_HMR_8501,1,Unchanged
SK_HMR_8505,NaN,Unchanged
SK_HMR_8510,NaN,Unchanged
SK_HMR_8562,12.0981757784605,Upregulated
SK_HMR_8585,2.34998596454345,Upregulated
SK_HMR_8776,1.92114143350358,Unchanged
SK_HMR_9187,2.34998596454345,Upregulated
SK_HMR_9609,1,Unchanged
SK_HMR_9627,0.116996799923063,Downregulated
SK_HMR_9634,30.5871661351453,Upregulated
SK_HMR_9639,16.4644729750041,Upregulated
SK_HMR_9676,12.0981757784605,Upregulated
SK_HMR_9678,431.750597435978,Upregulated
SK_HMR_9679,6.05332298241367,Upregulated
SK_HMR_9719,122.179456248753,Upregulated
SK_HMR_9720,2.62778178387885,Upregulated
SK_HMR_9803,0.26986373871101,Downregulated
SK_HMR_9804,0.26986373871101,Downregulated
SK_HMR_9805,26.534869971983,Upregulated
SK_HMR_2957,0.900925019776976,Unchanged
SK_HMR_6580,0.663144861957696,Unchanged
SK_HMR_1635,3.70435461695369,Upregulated
SK_HMR_1467,2.38576316798038,Upregulated
SK_HMR_1644,3.70435438339023,Upregulated
SK_HMR_4772,2.92558565445856,Upregulated
SK_12DHCHOLabc,0.663144970684083,Unchanged
SK_12DHCHOLt,0.663144970684083,Unchanged
SK_3DHCDCHOLt2,2404236.62274644,Upregulated
SK_3DHCHOLt2,2404236.62274644,Upregulated
SK_7DHCDCHOLabc,0.663144970684083,Unchanged
SK_7DHCDCHOLt,0.663144970684083,Unchanged
SK_7DHCHOLabc,0.663144954846713,Unchanged
SK_COPROSTabc,0.663144954846713,Unchanged
SK_ICDCHOLabc,0.663144929624228,Unchanged
SK_ISOCHOLabc,0.663144922725117,Unchanged
SK_ISOCHOLt,0.663144922725117,Unchanged
SK_UCHOLt,2404236.60939808,Upregulated
SK_ATVACIDMCTtu,1,Unchanged
SK_ATVACIDtdu,1,Unchanged
SK_H2O2itr,0.0291247992998241,Downregulated
SK_sink_his_L[c],1,Unchanged
SK_sink_ile_L[c],0.979203649712134,Unchanged
SK_sink_leu_L[c],2.07559737692722,Upregulated
SK_sink_lys_L[c],86585548.5325527,Upregulated
SK_sink_phe_L[c],1,Unchanged
SK_sink_thr_L[c],1,Unchanged
SK_sink_trp_L[c],1,Unchanged
SK_sink_val_L[c],1,Unchanged
SK_sink_ala_L[c],1,Unchanged
SK_sink_arg_L[c],1.99999149114888,Unchanged
SK_sink_asn_L[c],0.00309402283676019,Downregulated
SK_sink_cys_L[c],0.993087863884144,Unchanged
SK_sink_gln_L[c],0.523221366505901,Unchanged
SK_sink_ser_L[c],0.199354289194517,Downregulated
SK_sink_tyr_L[c],1,Unchanged
SK_sink_gly[c],177953.156782004,Upregulated
SK_sink_4abut[l],1.12815529466276,Unchanged
SK_DM_5cysdopa[c],53.1917099606568,Upregulated
SK_DM_4abut[c],0.700183130613323,Unchanged
SK_DM_btn[m],2.24895042155855,Upregulated
SK_DCMPtm,93.7961072949154,Upregulated
SK_ATPS4mi,31.813279194238,Upregulated
SK_CYOR_u10mi,8862372.84835607,Upregulated
SK_NADH2_u10mi,199.571994713172,Upregulated
SK_CYOOm3i,2474.43462564409,Upregulated
Tr2hb[e]_SK2Bl,42.5603115925792,Upregulated
Tr34dhoxpeg[e]_SK2Bl,24.4854046292872,Upregulated
Tr3mlda[e]_SK2Bl,3.68196428538555,Upregulated
Trac[e]_SK2Bl,227.857601502021,Upregulated
Trade[e]_SK2Bl,2.95832399062365,Upregulated
Trala_D[e]_SK2Bl,1,Unchanged
Trala_B[e]_SK2Bl,3.61185262939388,Upregulated
Trbilirub[e]_SK2Bl,10.8747940008492,Upregulated
Troxa[e]_SK2Bl,24.3175764108874,Upregulated
Trco[e]_SK2Bl,10.8747946343777,Upregulated
Trlac_D[e]_SK2Bl,NaN,Unchanged
Trelaid[e]_SK2Bl,0.444806240435382,Downregulated
Tr35cgmp[e]_SK2Bl,0.730877511889196,Unchanged
Trcamp[e]_SK2Bl,0.75239382301443,Unchanged
Trfucgalgbside_hs[e]_SK2Bl,1.71576207519978,Unchanged
Trglyc_S[e]_SK2Bl,73.7494591917978,Upregulated
Trgthox[e]_SK2Bl,1.63078723633305,Unchanged
TrleuktrB4[e]_SK2Bl,1,Unchanged
Trretnglc[e]_SK2Bl,0.451168729661647,Downregulated
Trnac[e]_SK2Bl,8.1409639382683,Upregulated
Trpro_L[e]_SK2Bl,0.666666666666667,Unchanged
Trso4[e]_SK2Bl,54.8524406545962,Upregulated
Trurea[e]_SK2Bl,16.4644733746964,Upregulated
Trpydx5p[e]_SK2Bl,6.26627996104534e-07,Downregulated
Trco2[e]_SK2Bl,16.4188452462107,Upregulated
Tracac[e]_SK2Bl,3.87444063511989,Upregulated
TrHC02213[e]_SK2Bl,30.1893533741919,Upregulated
Trglcur[e]_SK2Bl,0.0436627007009463,Downregulated
TrCE0074[e]_SK2Bl,16.4644729750041,Upregulated
Tr3bcrn[e]_SK2Bl,NaN,Unchanged
Tr3tetd7ecoacrn[e]_SK2Bl,NaN,Unchanged
Tr3ttetddcoacrn[e]_SK2Bl,NaN,Unchanged
Tr3thexddcoacrn[e]_SK2Bl,NaN,Unchanged
Tr3ddcrn[e]_SK2Bl,NaN,Unchanged
Tr3deccrn[e]_SK2Bl,NaN,Unchanged
Tr3hdececrn[e]_SK2Bl,NaN,Unchanged
Tr3hexdcrn[e]_SK2Bl,NaN,Unchanged
Tr3ivcrn[e]_SK2Bl,NaN,Unchanged
Tr3octdec2crn[e]_SK2Bl,NaN,Unchanged
Tr3octdeccrn[e]_SK2Bl,NaN,Unchanged
Tr3octdece1crn[e]_SK2Bl,NaN,Unchanged
Tr3tdcrn[e]_SK2Bl,NaN,Unchanged
Trc51crn[e]_SK2Bl,NaN,Unchanged
Trivcrn[e]_SK2Bl,NaN,Unchanged
Trleuleu[e]_SK2Bl,7479.74420847674,Upregulated
Trslfcys[e]_SK2Bl,61.8267198821722,Upregulated
Trq10h2[e]_SK2Bl,3.16997482062326,Upregulated
Tr5mta[e]_SK2Bl,8.99189045881333,Upregulated
Tridour[e]_SK2Bl,0.888842225380577,Unchanged
Trcala[e]_SK2Bl,0.52478063748609,Unchanged
Tr4aabutn[e]_SK2Bl,22.215506056287,Upregulated
TrC14768[e]_SK2Bl,0.0513765995050785,Downregulated
TrC14769[e]_SK2Bl,0.0513667629904707,Downregulated
TrC14770[e]_SK2Bl,0.054016926990992,Downregulated
TrC14771[e]_SK2Bl,0.0540169286659148,Downregulated
TrC14826[e]_SK2Bl,33.6110730137953,Upregulated
Trsubeac[e]_SK2Bl,19.1560772115399,Upregulated
Trgalt[e]_SK2Bl,15.8090715540124,Upregulated
Trglyclt[e]_SK2Bl,1.92114108822308,Unchanged
Trind3ac[e]_SK2Bl,13.5083391130817,Upregulated
Trdhbpt[e]_SK2Bl,6.38251580354446,Upregulated
Trhomoval[e]_SK2Bl,0.322564904923488,Downregulated
Trglcr[e]_SK2Bl,0.0552279292111147,Downregulated
Trhxan[e]_SK2Bl,0.56975950312189,Unchanged
Trphpyr[e]_SK2Bl,4996.4984816503,Upregulated
Tr2hyoxplac[e]_SK2Bl,26.1132585725165,Upregulated
Trvanillac[e]_SK2Bl,5.00353063628319,Upregulated
Tr2m3hvac[e]_SK2Bl,17.2875532021684,Upregulated
Tr3mglutac[e]_SK2Bl,1.25449646028923,Unchanged
Trtiggly[e]_SK2Bl,13.0673040294217,Upregulated
Trhexgly[e]_SK2Bl,18.7347113925935,Upregulated
Trsubgly[e]_SK2Bl,18.4495247576076,Upregulated
TrC05769[e]_SK2Bl,2.92558565445856,Upregulated
TrCE2006[e]_SK2Bl,8.49855074736631,Upregulated
TrCE2705[e]_SK2Bl,6.3825160124435,Upregulated
Trim4ac[e]_SK2Bl,13.5083417945975,Upregulated
Trdopa4glcur[e]_SK2Bl,10.0956361755178,Upregulated
Trdopa3glcur[e]_SK2Bl,10.0956349601766,Upregulated
TrM02745[e]_SK2Bl,8.01527256229865,Upregulated
TrC01601[e]_SK2Bl,8.49855068497167,Upregulated
TrM01966[e]_SK2Bl,2.349283908032,Upregulated
Trdolichol_L[e]_SK2Bl,2.62778178387885,Upregulated
GN_2HBO,7.19514307587644e-06,Downregulated
GN_2HBt2,1.99999927448899,Unchanged
GN_3AIBTm,0.929698667996558,Unchanged
GN_3AIBtmi,0.929698667996558,Unchanged
GN_3DSPHR,2.32751777293963,Upregulated
GN_3HBCDm,NaN,Unchanged
GN_3HBCOAHLm,1.04407299303982,Unchanged
GN_3HLYTCL,0.256967492333336,Downregulated
GN_3SALAASPm,1.20800198712987,Unchanged
GN_4ABUTtm,2.99194090460274,Upregulated
GN_4MOPt2im,0,Downregulated
GN_5AOPtm,1.1659994652507,Unchanged
GN_AASAD3m,3.60123586494265,Upregulated
GN_ABTArm,2.99194090460274,Upregulated
GN_ABUTt2rL,1.45769083004962,Unchanged
GN_ACACT10m,0,Downregulated
GN_ACACT1rm,3.80679791228786,Upregulated
GN_ACACT1x,231116.908086085,Upregulated
GN_ACACT6p,0.317345645363357,Downregulated
GN_ACACT7p,0.317345645363357,Downregulated
GN_ACACT8p,0.175474230525769,Downregulated
GN_ACACT9p,0.245488874113812,Downregulated
GN_ACCOACm,0.335777255845623,Downregulated
GN_ACCOALm,0.51816395506428,Unchanged
GN_ACETONEt2,2.98705657125687,Upregulated
GN_ACETONEt2m,2.98705710180884,Upregulated
GN_ACGALK,3.69433848761432,Upregulated
GN_ACGALtly,1.95786703925739,Unchanged
GN_ACGAM6PSi,0.647991103603901,Unchanged
GN_ACGAMK,0.491564618549642,Downregulated
GN_ACGAMPM,0.548252566800272,Unchanged
GN_ACGAMtly,0.491564618549642,Downregulated
GN_ACGPID,0.622896123991549,Unchanged
GN_ACITL,0.318558634244419,Downregulated
GN_ACNAM9PL,1.46018485218712,Unchanged
GN_ACNAMlt,2.43255356630433,Upregulated
GN_ACNAMPH,1.46018485218712,Unchanged
GN_ACNAMtn,1.29868278826259,Unchanged
GN_ACONTm,1,Unchanged
GN_ACP1_FMN_,0.226408826971796,Downregulated
GN_ACtg,0.511674077405742,Unchanged
GN_ACTNMO,0.339739171950088,Downregulated
GN_ADCim,2.9870571023201,Upregulated
GN_ADEt,25741.36944834,Upregulated
GN_ADK1m,3.30948694511335e-08,Downregulated
GN_ADK3,6.39228364714529e-06,Downregulated
GN_ADMDC,0.5883398247232,Unchanged
GN_ADNCYC,0.81625895254924,Unchanged
GN_ADNtl,1416313.95176914,Upregulated
GN_ADRNCOAtx,0.537172464286575,Unchanged
GN_ADRNCPT1,0.305970578827953,Downregulated
GN_ADRNCPT2,0.305970561219751,Downregulated
GN_ADSK,1.04261507905089,Unchanged
GN_ADSL2,0.113331487704267,Downregulated
GN_AG13T16g,0.454797773904634,Downregulated
GN_AG13T17g,0.454797773904634,Downregulated
GN_AG13T18g,0.454797773904634,Downregulated
GN_AG13T1g,0.456042108757744,Downregulated
GN_AG13T2g,0.456042108757744,Downregulated
GN_AG13T3g,0.456042108757744,Downregulated
GN_AGPAT1,1.20399074725444,Unchanged
GN_AIRCr,0.113331487704267,Downregulated
GN_ALASm,1.1659994652507,Unchanged
GN_ALAt4,1.1084905275395,Unchanged
GN_ALCD21_L,0.339739171950088,Downregulated
GN_ALDD20x,0.372617159640185,Downregulated
GN_ALDD21,0.11184665441832,Downregulated
GN_ALDD2y,1233391.37274025,Upregulated
GN_ALOX52,1,Unchanged
GN_ALR3,0.339739171950088,Downregulated
GN_AMPDA,1.45603902695424,Unchanged
GN_APAT2rm,0.135101774293689,Downregulated
GN_APOCF,0.839737487785901,Unchanged
GN_APOCFm,0.621128440027702,Unchanged
GN_APOC_LYS_BTNP,0.839737487785901,Unchanged
GN_APOC_LYS_BTNPm,0.621128440027702,Unchanged
GN_APRTO2,0.336096896641755,Downregulated
GN_ARACHDtr,0.513896063673856,Unchanged
GN_ARGLYSex,1.00768273150221,Unchanged
GN_R_group_phosphotase_1,1.98333346668198,Unchanged
GN_R_group_phosphotase_3,1.82968278126862,Unchanged
GN_ARTPLM3,1.82968275251233,Unchanged
GN_ASAH1,0.849567665255396,Unchanged
GN_ASCBt4,1.65625868732994,Unchanged
GN_ASNt4,1,Unchanged
GN_ASPCTr,51088161.1196032,Upregulated
GN_ASPGLUm,1.2080019209726,Unchanged
GN_ASPTAm,1.20800202402804,Unchanged
GN_ATP1ter,0.191591874888471,Downregulated
GN_ATP2ter,0.0360479754411288,Downregulated
GN_ATPH1e,0.268182131445397,Downregulated
GN_ATPH2e,0.486138914142281,Downregulated
GN_ATPtm,1.96918744885632e-07,Downregulated
GN_BACCL,0.839737487785901,Unchanged
GN_BACCLm,0.621128440027702,Unchanged
GN_BALAtmr,0.135101774293689,Downregulated
GN_BAMPPALDOX,0.635012653739163,Unchanged
GN_BILDGLCURte,0.226408845941137,Downregulated
GN_BILDGLCURtr,0.191591878823342,Downregulated
GN_BILGLCURte,0.226408808924553,Downregulated
GN_BILGLCURtr,1.53722993024554,Unchanged
GN_BILIRUBtr,2.45040165897279,Upregulated
GN_BTND1,0.839737487785901,Unchanged
GN_BTNDm,0.621128440027702,Unchanged
GN_BTNPL,0.839737487785901,Unchanged
GN_BTNPLm,0.621128440027702,Unchanged
GN_C14STRr,0.34069032757663,Downregulated
GN_C161CPT1,0.0160376802349043,Downregulated
GN_C180CPT2,0,Downregulated
GN_C181CPT1,0.175865507454923,Downregulated
GN_C181CPT2,0.766450473427441,Unchanged
GN_C204CRNt,25857232.6158004,Upregulated
GN_C226COAtx,0.266225582008692,Downregulated
GN_C226CPT1,0.00277076386244316,Downregulated
GN_C226CPT2,0.00277076390805009,Downregulated
GN_C3STDH1Pr,0.341796401391608,Downregulated
GN_C3STKR2r,0.18816403298861,Downregulated
GN_C4STMO2Pr,0.188164041811723,Downregulated
GN_CAATPS,0.226408807285004,Downregulated
GN_CATm,0.205619710523746,Downregulated
GN_CATp,0.492908766202257,Downregulated
GN_CDIPTr,277.039462637302,Upregulated
GN_CEPTC,0.0104474960842595,Downregulated
GN_CERK,0.226408825254203,Downregulated
GN_CERT1gt,0.839737458107246,Unchanged
GN_CERT2rt,0.0738503911937949,Downregulated
GN_CHLPCTD,0.0104413917152548,Downregulated
GN_CHOLATEt3,0.226408825903123,Downregulated
GN_CHOLK,0.0104492181591403,Downregulated
GN_CHSTEROLt1,11.654998697872,Upregulated
GN_CHSTEROLtg,0.226408820581398,Downregulated
GN_CITtam,1,Unchanged
GN_CITtbm,1,Unchanged
GN_CKc,0.406034002055702,Downregulated
GN_CLPNDCOAtx,0.266225582008692,Downregulated
GN_CLPNDCPT1,1.24796825668723,Unchanged
GN_CLPNDCPT2,1.24796811766599,Unchanged
GN_CLPNDCRNt,45773885.0564161,Upregulated
GN_CLPNDt,0.226408803356758,Downregulated
GN_CMPACNAtg,1.94065063102004,Unchanged
GN_CMPACNAtn,1.29868278826259,Unchanged
GN_CMPSAS,1.29868269990467,Unchanged
GN_CMPSASn,1.29868278826259,Unchanged
GN_CO2ter,0.473162515928963,Downregulated
GN_CO2tm,0.91698964900417,Unchanged
GN_CO2tp,0.999999826591425,Unchanged
GN_COAtl,0.288102002970205,Downregulated
GN_COAtr,0.296679669093145,Downregulated
GN_CORE2GTg,0.456042108757744,Downregulated
GN_CORE3GTg,0.454797773904634,Downregulated
GN_CORE4GTg,0.454797773904634,Downregulated
GN_COt,0.414184580673918,Downregulated
GN_CRTSLtr,2118243.95252058,Upregulated
GN_CSDPASEly,0.523413908400985,Unchanged
GN_CSEPASEly,0.846663692261191,Unchanged
GN_CSPG_At,1.37883952498958,Unchanged
GN_CSPG_Ct,1.37883958934563,Unchanged
GN_CSPG_Dt,0.523413908400985,Unchanged
GN_CSPG_Dtly,0.523413908400985,Unchanged
GN_CSPG_Et,0.520822661889192,Unchanged
GN_CSPG_Etly,0.846663692261191,Unchanged
GN_CTPtn,1.29868278826259,Unchanged
GN_CYSGLTH,1,Unchanged
GN_CYSt4,1,Unchanged
GN_CYTDtl,0.315025574856648,Downregulated
GN_CYTK10,2.84358332636329,Upregulated
GN_CYTK2n,2.0788706248401,Upregulated
GN_D3AIBTm,87322241.699419,Upregulated
GN_DAG_HSter,0.844422361067323,Unchanged
GN_DAGK_hs,1.66814048127169,Unchanged
GN_DASCBR,1.65625870933887,Unchanged
GN_DATPtn,0.259381998770497,Downregulated
GN_DCIm,0.459256061604038,Downregulated
GN_DCK1n,2.0788706248401,Upregulated
GN_DCSPTN1COAtx,0.537172464286575,Unchanged
GN_DCSPTN1CPT1,0.537172464286575,Unchanged
GN_DCSPTN1CPT2,0.537172464286575,Unchanged
GN_DCSPTN1t,0.226408827410897,Downregulated
GN_DCTPtn,2.07887057178507,Upregulated
GN_DCYTt,133947238.183394,Upregulated
GN_DESAT16_2,0.26517898043407,Downregulated
GN_DESAT18_3,0.175865513376135,Downregulated
GN_DESAT18_4,0.166284318963613,Downregulated
GN_DESAT18_5,0.0860215548703664,Downregulated
GN_DESAT18_7,0.272340985514385,Downregulated
GN_DESAT18_8,0.312737405660423,Downregulated
GN_DESAT22_1p,0.537172464286575,Unchanged
GN_DESAT22_2p,0.266225582008692,Downregulated
GN_DGTPtn,0.258715857916373,Downregulated
GN_DHAAt1r,1.65625870933887,Unchanged
GN_DHCHOLESTANATEtm,0.555445765987883,Unchanged
GN_DHCR241r,2.51101690137275,Upregulated
GN_DHCR242r,8.55698636494094,Upregulated
GN_DHCR243r,2.51101690137264,Upregulated
GN_DHCR71r,1.01849882759742e-06,Downregulated
GN_DHCRD1,2.96010151641289,Upregulated
GN_DHORD9,1.40692284426657,Unchanged
GN_DHPM1,0.205214160366131,Downregulated
GN_D_LACt2,7.31196893669871,Upregulated
GN_DLNLCGCPT1,0.228413223440736,Downregulated
GN_DLNLCGCPT2,0.228413210674936,Downregulated
GN_DLNLCGt,0.226408820935459,Downregulated
GN_DM_dem2emgacpail_prot_hs_r_,0.62289606166065,Unchanged
GN_DM_dgpi_prot_hs_r_,0.844422589948732,Unchanged
GN_DM_gpi_sig_er_,0.622896072131608,Unchanged
GN_DMATTx,2.51101690137264,Upregulated
GN_DOLMANP_Uter,0.62289596625474,Unchanged
GN_DOLPMT3_Uer,0.62289596625474,Unchanged
GN_DOLPMT4_Uer,0.62289596625474,Unchanged
GN_DPCOAtl,0.288102002970205,Downregulated
GN_DPGase,0.2264088232989,Downregulated
GN_DPGM,0.2264088232989,Downregulated
GN_DPMVDx,1,Unchanged
GN_DRPA,0.191011317430294,Downregulated
GN_DSAT,1.98333350763358,Unchanged
GN_DTTPtn,0.260055108981655,Downregulated
GN_DURAD,0.205214160366131,Downregulated
GN_DURAD2,1,Unchanged
GN_DURIt,29299120.6925852,Upregulated
GN_EBP1r,2.51101690137287,Upregulated
GN_EBP2r,2.51101690137288,Upregulated
GN_ECOAH12m,1.04407299303982,Unchanged
GN_ECOAH1m,0.0517228050235834,Downregulated
GN_ECOAH1x,0.184455520381879,Downregulated
GN_ECOAH9m,0,Downregulated
GN_EICOSTETCPT1,0.233322052782557,Downregulated
GN_EICOSTETCPT2,0.233322055992192,Downregulated
GN_EICOSTETCRNt,45773885.7903766,Upregulated
GN_EICOSTETt,0.226408819090249,Downregulated
GN_ELAIDt,0.234021529308954,Downregulated
GN_ESTRADIOLGLCt2,0.113204415665647,Downregulated
GN_ESTRADIOLtr,1.06874594839752,Unchanged
GN_ESTRONEtr,1.06874594839752,Unchanged
GN_ETHAK,0.604085506265018,Unchanged
GN_FACOAL150,0.839737432645481,Unchanged
GN_FACOAL160i,0.751288946023196,Unchanged
GN_FACOAL170,0,Downregulated
GN_FACOAL181i,0.873728699019779,Unchanged
GN_FACOAL1821,0.751288904465344,Unchanged
GN_FACOAL1831,0.0263140747141839,Downregulated
GN_FACOAL204,0.451176073346114,Downregulated
GN_FADH2tru,71322.7177228525,Upregulated
GN_FADtru,71322.6664921002,Upregulated
GN_FAEL183,0.245416975277845,Downregulated
GN_FAEL184,0.218917859797818,Downregulated
GN_FAEL204,0.237509208795466,Downregulated
GN_FAEL205,0.397184431781679,Downregulated
GN_FAH3,0.296679669093145,Downregulated
GN_FAOXC18480x,0.165050519813843,Downregulated
GN_FAS140COA,0.0870807563812799,Downregulated
GN_FATP1t,1,Unchanged
GN_FATP3t,0.0441920300717061,Downregulated
GN_FATP4t,0.168664779329789,Downregulated
GN_FATP6t,0.226408815459816,Downregulated
GN_FATP8t,0.201830390985228,Downregulated
GN_FBA4,3.33305934186724,Upregulated
GN_FCLTm,0.414184580673918,Downregulated
GN_FORt2m,6.44111904077889,Upregulated
GN_FORtr,0.341796185322986,Downregulated
GN_FRDPtr,2.51101690137177,Upregulated
GN_FTHFLm,6.44111904077889,Upregulated
GN_G14T18g,0.454797773904634,Downregulated
GN_G14T19g,0.454797773904634,Downregulated
GN_G14T20g,0.454797773904634,Downregulated
GN_G14T21g,0.454797773904634,Downregulated
GN_G14T2g,0.456042108757744,Downregulated
GN_G14T3g,0.456042108757744,Downregulated
GN_G14T4g,0.456042108757744,Downregulated
GN_G14T5g,0.456042108757744,Downregulated
GN_GACPAILter,0.622896123991549,Unchanged
GN_GALASE16ly,0.456042108757744,Downregulated
GN_GALASE17ly,0.456042066168538,Downregulated
GN_GALASE18ly,0.456042066168538,Downregulated
GN_GALASE19ly,2.28000543314118,Upregulated
GN_GALASE20ly,0.454797773904634,Downregulated
GN_GALC,0.849567635462362,Unchanged
GN_GALGLUSIDEtl,2.42976040365447,Upregulated
GN_GALNACT1g,0.639583870603402,Unchanged
GN_GALNACT2g,1.37883955669529,Unchanged
GN_GALNACT3g,1.37883958934563,Unchanged
GN_GALNACT4g,0.523413908400985,Unchanged
GN_GALNACT5g,0.52082267680556,Unchanged
GN_GALNTg,2.28000543314118,Upregulated
GN_GALSIDEtl,1.72999369367925,Unchanged
GN_GALt1r,17337665.2009537,Upregulated
GN_GALT2g,0.639583872601047,Unchanged
GN_GALTg,0.639583872601047,Unchanged
GN_GALtly,0.599686480123936,Unchanged
GN_GARFT,0.113331487704267,Downregulated
GN_GD1Cte,1.58163772040613,Unchanged
GN_GLACO,2.56049605124773,Upregulated
GN_GLACter,2.56049605124773,Upregulated
GN_GLCAASE1ly,0.511674065727748,Unchanged
GN_GLCAASE6ly,0.523413908400985,Unchanged
GN_GLCAASE7ly,0.846663692261191,Unchanged
GN_GLCAE2g,0.511674065727748,Unchanged
GN_GLCAT2g,1.37883955669529,Unchanged
GN_GLCAT3g,1.37883958934563,Unchanged
GN_GLCAT4g,0.523413908400985,Unchanged
GN_GLCAT5g,0.52082267680556,Unchanged
GN_GLCAT6g,0.511674065727748,Unchanged
GN_GLCAT7g,0.511674065727748,Unchanged
GN_GLCAT8g,0.511674065727748,Unchanged
GN_GLCAT9g,0.511674065727748,Unchanged
GN_GLCATg,0.639583872601047,Unchanged
GN_GLCNACASE1ly,0.511674065727748,Unchanged
GN_GLCNACASE2ly,0.511674065727748,Unchanged
GN_GLCNACASE3ly,0.511674065727748,Unchanged
GN_GLCNACASE4ly,0.511674065727748,Unchanged
GN_GLCNACASE5ly,0.511674065727748,Unchanged
GN_GLCNACDASg,0.511674065727748,Unchanged
GN_GLCNACT1g,0.511674065727748,Unchanged
GN_GLCNACT2g,0.511674065727748,Unchanged
GN_GLCNACT3g,0.511674065727748,Unchanged
GN_GLCNACT4g,0.511674065727748,Unchanged
GN_GLCNACT5g,0.511674065727748,Unchanged
GN_GLCt1r,1085873.21386097,Upregulated
GN_GLCtly,0.742478900580991,Unchanged
GN_GLCURter,2.56049605124773,Upregulated
GN_GLCURtly,0.962656547989805,Unchanged
GN_GLDBRAN,78.5096491685723,Upregulated
GN_GLPASE1,99.3558044265795,Upregulated
GN_GLPASE2,78.5096491685723,Upregulated
GN_GLUCYS,0.0638795402661606,Downregulated
GN_GLUDxm,1.07408936825247,Unchanged
GN_GLUDym,0.958255218782954,Unchanged
GN_GLUNm,0.00498495813079465,Downregulated
GN_GLUt2m,0.0134578009081503,Downregulated
GN_GLYC_St,883756.610087731,Upregulated
GN_GLYCtm,0.0669326715403115,Downregulated
GN_GLYt4,117523.973767782,Upregulated
GN_GNDer,1.59588110712184,Unchanged
GN_GPAM_hs,1.20399074725444,Unchanged
GN_GPIAT,0.622896123991549,Unchanged
GN_GPIDA2er,0.62289606166065,Unchanged
GN_GPIDAer,0.844422589948732,Unchanged
GN_GPIMTer_U,0.622896123991549,Unchanged
GN_GRTTx,2.51101690137177,Upregulated
GN_GSNtl,952342.514284833,Upregulated
GN_GTHO,1,Unchanged
GN_GTHOm,1,Unchanged
GN_GTHP,0.237932796213631,Downregulated
GN_GTHPe,0.171206592336054,Downregulated
GN_GTHPm,0.205619698184467,Downregulated
GN_GTHS,0.224741390328125,Downregulated
GN_GTMLTe,0.000130816341995194,Downregulated
GN_GUACYC,0.801010488112591,Unchanged
GN_H2CO3Dm,0.335777242625413,Downregulated
GN_H2MTer_U,0.622896123991549,Unchanged
GN_H2O2tly,1.25374773939106,Unchanged
GN_H2O2tn,2.11724018287975e-06,Downregulated
GN_H2Oter,0.215496082063651,Downregulated
GN_H2Otg,0.993931289495443,Unchanged
GN_H2Otly,1,Unchanged
GN_H2Otm,2.40619413809337e-06,Downregulated
GN_H3MTer_U,0.622896123991549,Unchanged
GN_H4ETer,0.622896127870188,Unchanged
GN_H6ET3er,0.622896127870188,Unchanged
GN_H7_TAer,0.62289606166065,Unchanged
GN_H8TAer,0.844422589948732,Unchanged
GN_HACD1m,0.0517228050235834,Downregulated
GN_HACD1x,0.184455520381879,Downregulated
GN_HACD9m,0,Downregulated
GN_HCO3_CLt,1.99999910877114,Unchanged
GN_HDD2COAtx,0.317345645363357,Downregulated
GN_HEXCCOAtx,0.245488874282169,Downregulated
GN_HEXCt,0.226408831809903,Downregulated
GN_HIBDm,1.04407299303982,Unchanged
GN_HISDC,0.372617160004345,Downregulated
GN_HISt4,1,Unchanged
GN_HISTASE,0.372617143320833,Downregulated
GN_HMGCOASi,230500.0805202,Upregulated
GN_HMGCOASim,0.634965735391137,Unchanged
GN_HMGCOAtm,0.634966765906553,Unchanged
GN_HMGLm,3.52223074949501,Upregulated
GN_HOMt4,1,Unchanged
GN_HOXG,0.414184580673918,Downregulated
GN_HPDCACRNCPT1,0.744491212505418,Unchanged
GN_HPDCACRNCPT2,0.744491212505418,Unchanged
GN_HPDCAt,0.226408828840119,Downregulated
GN_HPYRR2x,883756.627579823,Upregulated
GN_HS1ly,0.511674065727748,Unchanged
GN_HS2ly,0.511674065727748,Unchanged
GN_HS3ly,0.511674065727748,Unchanged
GN_HS4ly,0.511674065727748,Unchanged
GN_HSAT1ly,0.511674065727748,Unchanged
GN_HSAT2ly,0.511674065727748,Unchanged
GN_HSAT3ly,0.511674065727748,Unchanged
GN_HSAT4ly,0.511674065727748,Unchanged
GN_HSD11B1r,4236487.90504115,Upregulated
GN_HSD17B1,1.06874594839752,Unchanged
GN_HSD17B4x,0.171570700435278,Downregulated
GN_HSD17B7r,2118243.94282853,Upregulated
GN_HSD17B9r,0.220342577450323,Downregulated
GN_HSD3A1r,0.220342588960705,Downregulated
GN_HSD3B2r,0.220342585390515,Downregulated
GN_HSD3B3r,0.220342630475963,Downregulated
GN_HSPASEly,0.511674065727748,Unchanged
GN_HSPGt,0.511674065727748,Unchanged
GN_HSPGtly,0.511674065727748,Unchanged
GN_Htg,0.993931286917142,Unchanged
GN_IDOAASE1ly,0.511674065727748,Unchanged
GN_IDOAASE2ly,0.511674065727748,Unchanged
GN_IDOAASE3ly,0.511674065727748,Unchanged
GN_IDOURtly,0.511673991607941,Unchanged
GN_IPDDIx,2.51101690137264,Upregulated
GN_IPDPtx,1.77452681779403,Unchanged
GN_KHK,1.60595193366656,Unchanged
GN_KHK2,3.33305934186724,Upregulated
GN_KSII_CORE2t,0.456042108757744,Downregulated
GN_KSII_CORE2tly,0.456042108757744,Downregulated
GN_KSII_CORE4t,0.454797773904634,Downregulated
GN_KSII_CORE4tly,0.454797773904634,Downregulated
GN_LALDO,0.0799656896647078,Downregulated
GN_LAPCOAl,0.288102002970205,Downregulated
GN_LCADi_D,0.0799656896647078,Downregulated
GN_LDH_Lm,0.840746923206086,Unchanged
GN_LEUKTRA4t,1,Unchanged
GN_LEUKTRD4t,1,Unchanged
GN_LEUKTRF4t,1,Unchanged
GN_LEUt4,1.03779868841141,Unchanged
GN_LINKDEG1ly,0.511674065727748,Unchanged
GN_LINKDEG3ly,0.937855510687803,Unchanged
GN_LINKDEG4ly,0.846663692261191,Unchanged
GN_L_LACtm,0.840746923206086,Unchanged
GN_LNELDCCPT1,0.364711931608638,Downregulated
GN_LNELDCCPT2,0.364711924549365,Downregulated
GN_LNELDCt,0.226408816797278,Downregulated
GN_LNLCCPT2,18.445371007517,Upregulated
GN_LNLCt,1,Unchanged
GN_LNLNCAt,0.226408827758586,Downregulated
GN_LNLNCGCRNt,16280926.4551709,Upregulated
GN_LNSTLSr,0.341796192995853,Downregulated
GN_LPASE,1.20399080654117,Unchanged
GN_LPS,1.82968278126862,Unchanged
GN_LSTO1r,1.01849882759742e-06,Downregulated
GN_LTA4H,1,Unchanged
GN_LTDCL,0.372617159640185,Downregulated
GN_LYStiDF,1.00768254344837,Unchanged
GN_LYStm,68632.2120531523,Upregulated
GN_MANt1r,1,Unchanged
GN_MDHm,0.461257947921715,Downregulated
GN_ME1m,0.621128594970089,Unchanged
GN_ME2m,0.621128431120141,Unchanged
GN_MEOHt2,1.53700968614633,Unchanged
GN_METt4,1,Unchanged
GN_MEVK1x,1,Unchanged
GN_MGSA,5.74472013580264,Upregulated
GN_MI1345PP,0.226408824854147,Downregulated
GN_MI134PP,0.226408824854147,Downregulated
GN_MI145PK,0.226408824854147,Downregulated
GN_MI14P4P,0.226408824631237,Downregulated
GN_MI1PS,219.66922452409,Upregulated
GN_MI34PP,0.226408824854147,Downregulated
GN_MINOHPtn,2.07887068356546,Upregulated
GN_MMEm,1.00000007317817,Unchanged
GN_MMTSADm,1,Unchanged
GN_N3Tg,0.456042108757744,Downregulated
GN_NABTNO,0.336096896641755,Downregulated
GN_NACHEX23ly,0.456042108757744,Downregulated
GN_NACHEX24ly,0.45604211166019,Downregulated
GN_NACHEX25ly,0.456042066168538,Downregulated
GN_NACHEX26ly,0.454797773904634,Downregulated
GN_NACHEXA5ly,0.523413908400985,Unchanged
GN_NACHEXA6ly,0.523413908400985,Unchanged
GN_NACHEXA7ly,0.846663692261191,Unchanged
GN_NACHEXA8ly,0.846663692261191,Unchanged
GN_NADPHtru,1.0687459483842,Unchanged
GN_NADPHtxu,829262.092756259,Upregulated
GN_NADPtru,1.06874594839813,Unchanged
GN_NADPtxu,829260.644474865,Upregulated
GN_NAGA2ly,2.28000543314118,Upregulated
GN_NAGLCAly,2.28000543314118,Upregulated
GN_NAtx,0.999982472467244,Unchanged
GN_NCKt,1,Unchanged
GN_NCNt,1.60861494234571,Unchanged
GN_NDP7er,0.191591837865918,Downregulated
GN_NDP7ex,0.804161353704651,Unchanged
GN_NDP7g,0.670315383062717,Unchanged
GN_NDP8ex,0.804161353704651,Unchanged
GN_NDPK1m,2.1371779756123e-06,Downregulated
GN_NDPK7n,2.0788706248401,Upregulated
GN_NH4t3r,1.60861494234561,Unchanged
GN_NICRNS,0.318626085063111,Downregulated
GN_NMNATr,144880.393394572,Upregulated
GN_NMNS,0.267695718210654,Downregulated
GN_NP1,0.318626085063111,Downregulated
GN_NTD2e,0.804161353704651,Unchanged
GN_NTD2l,12.1691107054789,Upregulated
GN_NTD4l,0.315025574856648,Downregulated
GN_NTD5l,0.226408808239552,Downregulated
GN_NTD7l,1416313.95176914,Upregulated
GN_NTD9l,952342.514284833,Upregulated
GN_O2St,0.0898308780618503,Downregulated
GN_O2Stm,0.374962684710982,Downregulated
GN_O2Stn,2.11724008611385e-06,Downregulated
GN_O2Stx,3.13661819842234e-05,Downregulated
GN_O2ter,0.376104669792676,Downregulated
GN_O2tm,0.336980652995849,Downregulated
GN_O2tp,4.70480039494242e-05,Downregulated
GN_OCCOAtm,0.442095336782029,Downregulated
GN_OCCOAtx,0.442094890005637,Downregulated
GN_OIVD1m,0,Downregulated
GN_OPAHir,0.325058579585472,Downregulated
GN_ORNtiDF,1.00768271819041,Unchanged
GN_P450LTB4r,0.220342603433931,Downregulated
GN_P450SCC1m,11.654998697872,Upregulated
GN_PA_HSter,0.592772874038605,Unchanged
GN_PAIL_HStn,2.07887068356546,Upregulated
GN_PAN4PP,0.226408824159463,Downregulated
GN_PAPStg,1.04261507905089,Unchanged
GN_PAPtg,1.04261514388279,Unchanged
GN_PCHOL_HStg,3.099939602414,Upregulated
GN_PCHOLP_hs,4.09387034209844,Upregulated
GN_PCm,0.621128407581392,Unchanged
GN_PCt,0.00113464647268587,Downregulated
GN_PDE1,0.839737508699695,Unchanged
GN_PDE4,0.839737483386207,Unchanged
GN_PETHCT,0.604085506265018,Unchanged
GN_PGESr,0.999999982000531,Unchanged
GN_PGS,0.266387637855156,Downregulated
GN_PGSr,0.269284235786363,Downregulated
GN_PHEMEtm,0.414184580673918,Downregulated
GN_PHEt4,1,Unchanged
GN_PI345P3P,0.226408813224339,Downregulated
GN_PI345P5P,0.226408812121401,Downregulated
GN_PI34P5K,0.226408814409362,Downregulated
GN_PI3P4K,0.226408819476867,Downregulated
GN_PI3P5K,0.226408826860341,Downregulated
GN_PI45P3K,0.226408819663803,Downregulated
GN_PI45P5P,0.226408817665922,Downregulated
GN_PI45PLC,0.226408824854147,Downregulated
GN_PI4P3K,0.226408806366947,Downregulated
GN_PI4P5K,0.226408887488502,Downregulated
GN_PI4PLC,0.226408824631237,Downregulated
GN_PI5P3K,0.226408816579263,Downregulated
GN_PI5P4K,0.452817668553204,Downregulated
GN_PIACGT,0.622896123991549,Unchanged
GN_PIK3,0.226408813866886,Downregulated
GN_PIK4,0.226408819845613,Downregulated
GN_PIK5,0.226408817493902,Downregulated
GN_PIPLC,0.226408803076353,Downregulated
GN_PIter,0.191591895224843,Downregulated
GN_PItg,0.22640883292431,Downregulated
GN_PItx,1,Unchanged
GN_PLA2_2,1.20399082640781,Unchanged
GN_PMEVKx,1,Unchanged
GN_PMI12346PH,0.226408826137302,Downregulated
GN_PMI12346PHn,2.07887068356546,Upregulated
GN_PMTCOAtx,0.207447851970112,Downregulated
GN_PNTEH,0.359417826757649,Downregulated
GN_PPAm,0.415297264115211,Downregulated
GN_PPItr,0.0744556346296292,Downregulated
GN_PPItx,2.51101690137277,Upregulated
GN_PPMI12346Ptn,2.07887068356546,Upregulated
GN_PRAGSr,0.113331487704267,Downregulated
GN_PRASCS,0.113331487704267,Downregulated
GN_PRDX,0.237932817933761,Downregulated
GN_PRISTANALtx,0.11184665441832,Downregulated
GN_PRISTCOAtx,0.226408826709609,Downregulated
GN_PRISTtx,0.11184665441832,Downregulated
GN_PROSTGD2t,1,Unchanged
GN_PROSTGE1t,1,Unchanged
GN_PROSTGE1t3,0.226408816740431,Downregulated
GN_PROSTGE2t,0.230869914466397,Downregulated
GN_PROSTGE2t3,0.226408871255213,Downregulated
GN_PROSTGF2t,1,Unchanged
GN_PROSTGI2t,1,Unchanged
GN_PROt4,1.00768272509106,Unchanged
GN_PSSA1_hs,3.48931782498661,Upregulated
GN_PTDCAt,0.226408827696197,Downregulated
GN_PTE3x,0.839737509957041,Unchanged
GN_PTRCAT1,0.336096896641755,Downregulated
GN_PYRt2m,0.903370153517066,Unchanged
GN_PYRt2p,1.93677144933999,Unchanged
GN_RDH1,1,Unchanged
GN_RDH1a,1,Unchanged
GN_RDH2,1,Unchanged
GN_RDH2a,1,Unchanged
GN_RDH3,1,Unchanged
GN_RDH3a,1,Unchanged
GN_RETFA,0.869041167728368,Unchanged
GN_RETNGLCt,20.1876126576493,Upregulated
GN_RETNGLCtr,20.1876126576493,Upregulated
GN_RTOTALt,3.03927010121792,Upregulated
GN_Rtotaltl,0.849567665255396,Unchanged
GN_S23T2g,0.456042108757744,Downregulated
GN_S23T4g,0.454797773904634,Downregulated
GN_S2T1g,0.523413908400985,Unchanged
GN_S2T2g,0.523413908400985,Unchanged
GN_S2T4g,0.511674065727748,Unchanged
GN_S2TASE1ly,0.511674065727748,Unchanged
GN_S2TASE2ly,0.511674065727748,Unchanged
GN_S2TASE4ly,0.523413908400985,Unchanged
GN_S2TASE5ly,0.523413908400985,Unchanged
GN_S3T1g,0.511674065727748,Unchanged
GN_S3T2g,0.511674065727748,Unchanged
GN_S3T3g,0.511674065727748,Unchanged
GN_S3TASE1ly,0.511674065727748,Unchanged
GN_S3TASE2ly,0.511674065727748,Unchanged
GN_S3TASE3ly,0.511674065727748,Unchanged
GN_S4T1g,0.694215015938443,Unchanged
GN_S4T2g,1.37883952498958,Unchanged
GN_S4T3g,0.52082267680556,Unchanged
GN_S4T5g,0.52082267680556,Unchanged
GN_S6T16g,0.454797773904634,Downregulated
GN_S6T17g,0.454797773904634,Downregulated
GN_S6T18g,0.454797773904634,Downregulated
GN_S6T19g,0.639583946168652,Unchanged
GN_S6T1g,0.456042108757744,Downregulated
GN_S6T20g,1.37883958934563,Unchanged
GN_S6T21g,0.523413908400985,Unchanged
GN_S6T22g,0.52082267680556,Unchanged
GN_S6T23g,0.52082267680556,Unchanged
GN_S6T24g,0.52082267680556,Unchanged
GN_S6T25g,0.511674065727748,Unchanged
GN_S6T2g,0.456042108757744,Downregulated
GN_S6T3g,0.456042108757744,Downregulated
GN_S6TASE1ly,0.511674065727748,Unchanged
GN_S6TASE22ly,0.456042108757744,Downregulated
GN_S6TASE23ly,0.456042108757744,Downregulated
GN_S6TASE24ly,0.45604211166019,Downregulated
GN_S6TASE25ly,0.454797773904634,Downregulated
GN_S6TASE26ly,0.454797773904634,Downregulated
GN_S6TASE2ly,0.511674065727748,Unchanged
GN_S6TASE3ly,0.511674065727748,Unchanged
GN_SACCD3m,4.13084884299227,Upregulated
GN_SACCD4m,1,Unchanged
GN_SADT,1.04261507905089,Unchanged
GN_SBTD_D2,21.2260032001764,Upregulated
GN_SCP21x,0.226408826709609,Downregulated
GN_SCPx,0.089622088018649,Downregulated
GN_Ser_Thrtg,2.28000543314118,Upregulated
GN_SERPT,2.32751777293963,Upregulated
GN_SERt4,1,Unchanged
GN_SIAASE3ly,0.456042108757744,Downregulated
GN_SIAASE4ly,0.454797773904634,Downregulated
GN_sink_pre_prot[r],0.622896111741721,Unchanged
GN_SMS,1.29868275965858,Unchanged
GN_SO4tl,1.04261506823455,Unchanged
GN_SPHINGStl,0.599686491062909,Unchanged
GN_SPHK21c,0.293196403339258,Downregulated
GN_SPHS1Pte,0.226408822553095,Downregulated
GN_SPODMn,2.11724018287975e-06,Downregulated
GN_SPODMx,3.13661829215951e-05,Downregulated
GN_SPRMS,0.5883398247232,Unchanged
GN_SQLEr,0.341796192995853,Downregulated
GN_SQLSr,1,Unchanged
GN_STCOAtx,0.199828524270045,Downregulated
GN_STRDNCCPT1,0.0186519021046715,Downregulated
GN_STRDNCCPT2,0.0186519021046715,Downregulated
GN_STRDNCt,0.0388302864681033,Downregulated
GN_TAURt4_2_r,1,Unchanged
GN_TAURtcx,0.999982472467244,Unchanged
GN_TETHEX3t,0.226408827586335,Downregulated
GN_TETPENT3t,0.226408827586335,Downregulated
GN_TETPENT6t,0.226408822218845,Downregulated
GN_TETTET6t,0.226408822218845,Downregulated
GN_THRt4,1.00768273093538,Unchanged
GN_THYMDtl,0.226424492691668,Downregulated
GN_TMNDNCCPT1,0.150100204887,Downregulated
GN_TMNDNCCPT2,0.150100204887,Downregulated
GN_TMNDNCt,0.226408826327655,Downregulated
GN_TRDR,0.212259847055314,Downregulated
GN_TRDR2,0.0134752631421476,Downregulated
GN_TRDR3,0.0134752617927469,Downregulated
GN_TRYPTAOX,0.372617159640185,Downregulated
GN_TTDCAtr,0.226408819024442,Downregulated
GN_TTDCPT2,0.101838621842752,Downregulated
GN_UAG2EMAi,1.46018485218712,Unchanged
GN_UAGALDP,3.69433848761432,Upregulated
GN_UDPACGALtl,2.28000543314118,Upregulated
GN_UDPGALtg,1.12767178033595,Unchanged
GN_UDPGD,4.42356368839915,Upregulated
GN_UDPGLCAter,3.3417223704646e-08,Downregulated
GN_UDPGLCAtg,0.833757080015177,Unchanged
GN_UDPtl,2.28000543314118,Upregulated
GN_UGALNACtg,2.08176531545516,Upregulated
GN_UGLCNACtg,0.491564711582478,Downregulated
GN_UGT1A10r,2.45040165897279,Upregulated
GN_UGT1A5r,20.1876126576493,Upregulated
GN_Uritl,12.1691107054789,Upregulated
GN_UROLACer,2.56049605124773,Upregulated
GN_VALt5m,0.201857209258257,Downregulated
GN_VALTAm,0.201857209258257,Downregulated
GN_XOL7AONEtr,23.8168343845781,Upregulated
GN_XOLEST2te,1,Unchanged
GN_XSERtg,0.639583872601047,Unchanged
GN_XYLTD_Dr,3.33305934186724,Upregulated
GN_XYLTer,0.639583872601047,Unchanged
GN_XYLtly,0.908755257878386,Unchanged
GN_r0021,1,Unchanged
GN_r0022,0.999999913256205,Unchanged
GN_r0023,0.175865519592378,Downregulated
GN_r0027,1,Unchanged
GN_r0033,0.288101978409107,Downregulated
GN_r0074,0.316145675465369,Downregulated
GN_r0122,0.0117360996678626,Downregulated
GN_r0153,0.0117360872350617,Downregulated
GN_r0170,0.999999884843847,Unchanged
GN_r0173,1.93677144934,Unchanged
GN_r0178,2.99194090460274,Upregulated
GN_r0191,1.30237011542015,Unchanged
GN_r0193,27053.2008163182,Upregulated
GN_r0202,76448665.3427206,Upregulated
GN_r0221,0.518163966819966,Unchanged
GN_r0246,0.0669326715403115,Downregulated
GN_r0276,1.45603855334643,Unchanged
GN_r0280,0.802975935271132,Unchanged
GN_r0308,0.81640903998027,Unchanged
GN_r0309,18686.7595500654,Upregulated
GN_r0310,0.204315719276381,Downregulated
GN_r0311,1.02375725209628,Unchanged
GN_r0319,0.518163966819966,Unchanged
GN_r0330,1,Unchanged
GN_r0340,0.0669326715403115,Downregulated
GN_r0354,1.00757701852119,Unchanged
GN_r0355,1.0075770488741,Unchanged
GN_r0357,0.802976127810866,Unchanged
GN_r0358,0.802976034958108,Unchanged
GN_r0365,0.135101774293689,Downregulated
GN_r0391,0.0335025358789254,Downregulated
GN_r0393,0.0669326715403115,Downregulated
GN_r0394,1.45603056546328,Unchanged
GN_r0407,1.44719008368999,Unchanged
GN_r0408,1.30237267683798,Unchanged
GN_r0409,1.30237057372318,Unchanged
GN_r0410,1.5885690131343,Unchanged
GN_r0431,0.526182732696816,Unchanged
GN_r0432,0.526182732696816,Unchanged
GN_r0444,0.0160376803565616,Downregulated
GN_r0450,3.60123586494265,Upregulated
GN_r0463,231116.913479843,Upregulated
GN_r0474,42.3433481302567,Upregulated
GN_r0483,87322241.699419,Upregulated
GN_r0488,114439.975411282,Upregulated
GN_r0510,0.265178959464381,Downregulated
GN_r0511,0.175865513281143,Downregulated
GN_r0525,1.00000013095547,Unchanged
GN_r0527,109110.993131503,Upregulated
GN_r0539,0.359417826757649,Downregulated
GN_r0541,3.60123585412036,Upregulated
GN_r0560,1.04407299303982,Unchanged
GN_r0571,1.00000007317817,Unchanged
GN_r0575,0.999999885408956,Unchanged
GN_r0578,0.226408852309441,Downregulated
GN_r0579,0.288101978409107,Downregulated
GN_r0590,0.288101978409107,Downregulated
GN_r0591,0.288102002970205,Downregulated
GN_r0596,0.135101774293689,Downregulated
GN_r0610,6.25316995266754,Upregulated
GN_r0611,6.25316995266754,Upregulated
GN_r0627,2418721.50915931,Upregulated
GN_r0634,4.77133721035723,Upregulated
GN_r0638,65530.6557249758,Upregulated
GN_r0642,5.85438016287298e-08,Downregulated
GN_r0643,0.999992410521873,Unchanged
GN_r0652,76016.5871948673,Upregulated
GN_r0655,0,Downregulated
GN_r0660,6.17688690837119,Upregulated
GN_r0666,0.113331487704267,Downregulated
GN_r0688,1,Unchanged
GN_r0715,0.317345645363357,Downregulated
GN_r0717,0.317345645363357,Downregulated
GN_r0719,0.317345645363357,Downregulated
GN_r0721,0.317345645363357,Downregulated
GN_r0722,6.17688637092096,Upregulated
GN_r0724,6.17688637092096,Upregulated
GN_r0726,4.77133721035723,Upregulated
GN_r0728,4.77133342116633,Upregulated
GN_r0730,0.0106370171926713,Downregulated
GN_r0731,0.0106370171926713,Downregulated
GN_r0732,0.0106370171926713,Downregulated
GN_r0735,4.73856622334832,Upregulated
GN_r0758,2232266.44985986,Upregulated
GN_r0774,1.6018781822966,Unchanged
GN_r0781,0.341796192995853,Downregulated
GN_r0783,8.55699923062864,Upregulated
GN_r0801,6.39228024798553e-06,Downregulated
GN_r0812,0.839737512687046,Unchanged
GN_r0813,0.191591878823342,Downregulated
GN_r0826,2118243.98472115,Upregulated
GN_r0853,0.288101968443005,Downregulated
GN_r0860,1,Unchanged
GN_r0892,18.8438156864215,Upregulated
GN_r0899,1,Unchanged
GN_r0913,1,Unchanged
GN_r0915,1,Unchanged
GN_r0917,1,Unchanged
GN_r0926,0.0669326715403115,Downregulated
GN_r0934,1,Unchanged
GN_r0940,27053.2008162309,Upregulated
GN_r0954,1.70385266742399,Unchanged
GN_r0973,0.288101978409107,Downregulated
GN_r0990,0.00210747619403098,Downregulated
GN_r1000,0.0160376803565616,Downregulated
GN_r1005,0.526182732696816,Unchanged
GN_r1020,0.555445766217298,Unchanged
GN_r1090,5.20152383384854e-08,Downregulated
GN_r1116,0.0024527516197034,Downregulated
GN_r1134,0.341796192995853,Downregulated
GN_r1135,0.341796413013874,Downregulated
GN_r1146,0.341796413013874,Downregulated
GN_r1147,1,Unchanged
GN_r1150,1416313.96682269,Upregulated
GN_r1154,0.103462463512408,Downregulated
GN_r1155,1.74347967755479e-07,Downregulated
GN_r1164,1.02375725209628,Unchanged
GN_r1165,1.02375715756949,Unchanged
GN_r1166,1.0237571948059,Unchanged
GN_r1167,1.02375725479842,Unchanged
GN_r1168,1.02375735045502,Unchanged
GN_r1169,0.0360905998144588,Downregulated
GN_r1170,1.02375725253214,Unchanged
GN_r1171,1.02375720058444,Unchanged
GN_r1172,1.02375725209628,Unchanged
GN_r1174,1.02375715756949,Unchanged
GN_r1175,1.0237571948059,Unchanged
GN_r1177,1.02375725479842,Unchanged
GN_r1179,1.02375735045502,Unchanged
GN_r1181,0.0360905998144588,Downregulated
GN_r1182,1.02375725253214,Unchanged
GN_r1183,1.02375720058444,Unchanged
GN_r1251,1.02375715756949,Unchanged
GN_r1252,0.317345645363357,Downregulated
GN_r1253,0,Downregulated
GN_r1254,0.031905997380733,Downregulated
GN_r1255,1.02375725479842,Unchanged
GN_r1257,1.02375735045502,Unchanged
GN_r1259,1.02375732114604,Unchanged
GN_r1260,0.035987744339707,Downregulated
GN_r1262,1.02375720058444,Unchanged
GN_r1292,0.226408826189901,Downregulated
GN_r1364,0.531628257184046,Unchanged
GN_r1365,0.531628257184046,Unchanged
GN_r1380,2.51101690137277,Upregulated
GN_r1400,14878160.5514901,Upregulated
GN_r1421,1.53700968614569,Unchanged
GN_r1428,76448665.3427206,Upregulated
GN_r1429,76448665.3427206,Upregulated
GN_r1443,0.317345645363357,Downregulated
GN_r1444,0.317345645363357,Downregulated
GN_r1445,0.317345658430091,Downregulated
GN_r1446,0.00880991531387155,Downregulated
GN_r1447,0.204315718806041,Downregulated
GN_r1448,0.0106370171926713,Downregulated
GN_r1449,0.20431570579038,Downregulated
GN_r1450,0.184046719567291,Downregulated
GN_r1451,0.204315716290557,Downregulated
GN_r1454,1.74347959669951e-07,Downregulated
GN_r1459,5955575.8039763,Upregulated
GN_r1472,0.150483779957099,Downregulated
GN_r1474,0.150483779957099,Downregulated
GN_r1477,0.150483779957099,Downregulated
GN_r1487,0.0160376803565616,Downregulated
GN_r1503,0.226408844219782,Downregulated
GN_r1514,0.226408813224339,Downregulated
GN_r1515,0.226408812034653,Downregulated
GN_r1516,0.275531239251433,Downregulated
GN_r1517,0.226408819465599,Downregulated
GN_r1518,0.226408824603575,Downregulated
GN_r1519,0.226408829149894,Downregulated
GN_r1520,0.505531871904833,Unchanged
GN_r1521,0.226408821540309,Downregulated
GN_r1522,0.226408835074545,Downregulated
GN_r1523,0.472068944605463,Downregulated
GN_r1525,0.226408817721476,Downregulated
GN_r1527,0.226408846398226,Downregulated
GN_r1529,0.226408819024442,Downregulated
GN_r1536,2.51251718099867,Upregulated
GN_r1540,1,Unchanged
GN_r2073,1,Unchanged
GN_r2082,14878160.1341927,Upregulated
GN_r2143,12225077.0634635,Upregulated
GN_r2145,0.5,Downregulated
GN_r2313,1.8520032313063e-08,Downregulated
GN_r2314,1,Unchanged
GN_r2315,1,Unchanged
GN_r2316,1,Unchanged
GN_r2317,1,Unchanged
GN_r2318,1,Unchanged
GN_r2319,2.84193786529349e-09,Downregulated
GN_r2320,1,Unchanged
GN_r2321,1,Unchanged
GN_r2322,0.258264088434625,Downregulated
GN_r2323,1,Unchanged
GN_r2324,1,Unchanged
GN_r2325,1,Unchanged
GN_r2326,1,Unchanged
GN_r2327,1,Unchanged
GN_r2328,1,Unchanged
GN_r2329,61974072.2160196,Upregulated
GN_r2330,1,Unchanged
GN_r2331,1,Unchanged
GN_r2332,1,Unchanged
GN_r2333,1,Unchanged
GN_r2334,1,Unchanged
GN_r2335,1,Unchanged
GN_r2346,1,Unchanged
GN_r2355,1,Unchanged
GN_r2356,1,Unchanged
GN_r2358,1,Unchanged
GN_r2359,1,Unchanged
GN_r2360,1,Unchanged
GN_r2362,1,Unchanged
GN_r2365,1,Unchanged
GN_r2366,1,Unchanged
GN_r2367,1,Unchanged
GN_r2371,1,Unchanged
GN_r2372,1,Unchanged
GN_r2373,1,Unchanged
GN_r2374,1,Unchanged
GN_r2375,1,Unchanged
GN_r2376,1,Unchanged
GN_r2377,1,Unchanged
GN_r2378,1,Unchanged
GN_r2379,1,Unchanged
GN_r2380,1,Unchanged
GN_r2381,1.74347978469867e-07,Downregulated
GN_r2382,1.74347955381766e-07,Downregulated
GN_r2384,1.74347964265485e-07,Downregulated
GN_r2385,1.74347970261686e-07,Downregulated
GN_r2386,1.7434798464792e-07,Downregulated
GN_r2387,1.74347976003931e-07,Downregulated
GN_r2388,1.74347981873113e-07,Downregulated
GN_r2389,1.74347980328604e-07,Downregulated
GN_r2390,1.74347981559035e-07,Downregulated
GN_r2391,1.74347976621529e-07,Downregulated
GN_r2392,1.7434796889904e-07,Downregulated
GN_r2393,1,Unchanged
GN_r2394,1,Unchanged
GN_r2465,1,Unchanged
GN_r2497,0.816409165535772,Unchanged
GN_r2498,0.226408820774938,Downregulated
GN_r2499,0.226408811847716,Downregulated
GN_r2501,0.226408813765105,Downregulated
GN_r2502,0.442095209096169,Downregulated
GN_r2503,2.01913553971998,Upregulated
GN_r2505,0.22640881570891,Downregulated
GN_r2508,0.622896038655382,Unchanged
GN_r2510,0,Downregulated
GN_r2514,0.0160376803565616,Downregulated
GN_r2516,1.93677144934022,Unchanged
GN_r2517,0.875061384676371,Unchanged
GN_r2518,0.555445765987883,Unchanged
GN_RE0344C,0.042922878279228,Downregulated
GN_RE0512M,18.4453703447247,Upregulated
GN_RE0512X,0.440847901235903,Downregulated
GN_RE0565C,0.1756448423379,Downregulated
GN_RE0566C,0.1756448423379,Downregulated
GN_RE0567C,0.1756448423379,Downregulated
GN_RE0568C,0.1756448423379,Downregulated
GN_RE0569C,0.443030346635174,Downregulated
GN_RE0570C,0.443030346635174,Downregulated
GN_RE0571C,0.443030346635174,Downregulated
GN_RE0574C,0.294183078887596,Downregulated
GN_RE0575C,0.294183078887596,Downregulated
GN_RE0576C,0.294183078887596,Downregulated
GN_RE0578C,1.04157786455518,Unchanged
GN_RE0581C,0.0970985205680029,Downregulated
GN_RE0936E,1,Unchanged
GN_RE0937E,1,Unchanged
GN_RE0938E,1,Unchanged
GN_RE1100C,10.5763693618743,Upregulated
GN_RE1342C,16.6748450003915,Upregulated
GN_RE1447M,0.621128502575499,Unchanged
GN_RE1448N,2.07887068356546,Upregulated
GN_RE1516M,18.4453703447247,Upregulated
GN_RE1516X,0.440848022268948,Downregulated
GN_RE1517M,18.4453703447247,Upregulated
GN_RE1517X,0.440848022268948,Downregulated
GN_RE1518M,17.8979313989625,Upregulated
GN_RE1518X,0.442095000132321,Downregulated
GN_RE1519X,1.32628544250161,Unchanged
GN_RE1520M,17.8979362677972,Upregulated
GN_RE1520X,0.442095000132321,Downregulated
GN_RE1521M,4.87275392831946,Upregulated
GN_RE1521X,0.442095000132321,Downregulated
GN_RE1522M,17.8979313989625,Upregulated
GN_RE1522X,0.442095000132321,Downregulated
GN_RE1523M,18.4453703447247,Upregulated
GN_RE1523X,0.440847901235903,Downregulated
GN_RE1525M,17.8979313989625,Upregulated
GN_RE1525X,0.442095000132321,Downregulated
GN_RE1526M,4.87275392831946,Upregulated
GN_RE1526X,0.442095000132321,Downregulated
GN_RE1527M,17.8979362677972,Upregulated
GN_RE1527X,0.442095000132321,Downregulated
GN_RE1531M,18.4453703447247,Upregulated
GN_RE1531X,0.440847901235903,Downregulated
GN_RE1532M,17.8979313989625,Upregulated
GN_RE1532X,0.442095000132321,Downregulated
GN_RE1533M,4.87275392831946,Upregulated
GN_RE1533X,0.442095000132321,Downregulated
GN_RE1534M,17.8979362677972,Upregulated
GN_RE1534X,0.442095000132321,Downregulated
GN_RE1573M,4.87275392831946,Upregulated
GN_RE1573X,0.442095000132321,Downregulated
GN_RE1711C,2232266.44985986,Upregulated
GN_RE1796M,11.654998697872,Upregulated
GN_RE1796R,400245491.18871,Upregulated
GN_RE1804M,0.555445765987883,Unchanged
GN_RE1807C,1,Unchanged
GN_RE1807M,0.555445765987883,Unchanged
GN_RE1834M,0.172173002617646,Downregulated
GN_RE1915C,0.187547632988479,Downregulated
GN_RE1916C,0.187547632988479,Downregulated
GN_RE2069C,0.258264088434625,Downregulated
GN_RE2112C,0.197382931850648,Downregulated
GN_RE2270E,1,Unchanged
GN_RE2273E,1,Unchanged
GN_RE2346C,0.410675716186115,Downregulated
GN_RE2407C,0.160610529044121,Downregulated
GN_RE2410C,0.02473769190941,Downregulated
GN_RE2445E,1,Unchanged
GN_RE2624X,0.0896220891046559,Downregulated
GN_RE2640C,0.201192565448039,Downregulated
GN_RE2677C,0.849567597024864,Unchanged
GN_RE2717L,0.599686506959841,Unchanged
GN_RE2759X,0.839737509957041,Unchanged
GN_RE2814M,11.654998697872,Upregulated
GN_RE2888C,2.51251718099867,Upregulated
GN_RE2912M,1.26185417881115,Unchanged
GN_RE2954C,0.260055108981655,Downregulated
GN_RE2972M,0.621128502575499,Unchanged
GN_RE2973N,2.07887068356546,Upregulated
GN_RE2985X,0.367742272853473,Downregulated
GN_RE2986X,0.367742272853473,Downregulated
GN_RE2987X,0.367742272853473,Downregulated
GN_RE2988X,0.367742272853473,Downregulated
GN_RE2989X,0.367742272853473,Downregulated
GN_RE2990X,0.367742272853473,Downregulated
GN_RE2991X,0.367742272853473,Downregulated
GN_RE2992M,0.388331211007716,Downregulated
GN_RE2992X,0.367742272853473,Downregulated
GN_RE2993X,0.367742272853473,Downregulated
GN_RE2994X,0.367742272853473,Downregulated
GN_RE2996X,0.367742272853473,Downregulated
GN_RE2997X,0.367742272853473,Downregulated
GN_RE2999M,0.205619700664963,Downregulated
GN_RE3000M,0.205619700664963,Downregulated
GN_RE3001M,0.205619700664963,Downregulated
GN_RE3002X,0.367742272853473,Downregulated
GN_RE3003M,0.205619700664963,Downregulated
GN_RE3004M,0.205619700664963,Downregulated
GN_RE3005M,0.205619700664963,Downregulated
GN_RE3006M,0.205619700664963,Downregulated
GN_RE3010M,0.238506620687441,Downregulated
GN_RE3010X,0.238506620687441,Downregulated
GN_RE3011R,0.220342603433931,Downregulated
GN_RE3012R,0.220342603433931,Downregulated
GN_RE3073X,0.11184665441832,Downregulated
GN_RE3074X,0.839737509957041,Unchanged
GN_RE3095C,0.368362794767048,Downregulated
GN_RE3103C,0.337314020333043,Downregulated
GN_RE3104C,0.337314020333043,Downregulated
GN_RE3106C,0.233322038068321,Downregulated
GN_RE3110C,0.233322038068321,Downregulated
GN_RE3112C,0.233322038068321,Downregulated
GN_RE3113C,0.233322038068321,Downregulated
GN_RE3114R,0.0195138853409652,Downregulated
GN_RE3119C,1.24796817391503,Unchanged
GN_RE3120C,1.24796817391503,Unchanged
GN_RE3121C,1.24796817391503,Unchanged
GN_RE3122C,1.24796817391503,Unchanged
GN_RE3132R,1.02375733755268,Unchanged
GN_RE3136C,0.160610529044121,Downregulated
GN_RE3146R,1.02375739214261,Unchanged
GN_RE3151C,0.305970549386129,Downregulated
GN_RE3152C,0.305970549386129,Downregulated
GN_RE3153C,0.305970549386129,Downregulated
GN_RE3154C,1.14303020551142,Unchanged
GN_RE3160R,1.02375724088036,Unchanged
GN_RE3161C,0.779883420501758,Unchanged
GN_RE3162C,0.779883420501758,Unchanged
GN_RE3163C,0.779883420501758,Unchanged
GN_RE3164C,0.779883420501758,Unchanged
GN_RE3165C,0.997993309428616,Unchanged
GN_RE3166C,0.997993309428616,Unchanged
GN_RE3167C,0.997993309428616,Unchanged
GN_RE3168C,0.997993309428616,Unchanged
GN_RE3169C,0.307611961760855,Downregulated
GN_RE3170C,0.307611961760855,Downregulated
GN_RE3171C,0.307611961760855,Downregulated
GN_RE3172C,0.307611961760855,Downregulated
GN_RE3173C,0.958901440071184,Unchanged
GN_RE3174C,0.504792913273943,Unchanged
GN_RE3175C,0.504792913273943,Unchanged
GN_RE3176C,0.958901440071184,Unchanged
GN_RE3224C,0.620487331179933,Unchanged
GN_RE3225C,0.699734138136024,Unchanged
GN_RE3226C,0.260114134155333,Downregulated
GN_RE3227C,0.620487331179933,Unchanged
GN_RE3228C,0.620487331179933,Unchanged
GN_RE3229C,0.620487331179933,Unchanged
GN_RE3230C,0.699734138136024,Unchanged
GN_RE3231C,0.699734138136024,Unchanged
GN_RE3232C,0.699734138136024,Unchanged
GN_RE3234C,0.260114134155333,Downregulated
GN_RE3235C,0.260114134155333,Downregulated
GN_RE3236C,0.260114134155333,Downregulated
GN_RE3241C,0.265179002820276,Downregulated
GN_RE3242C,0.265179002820276,Downregulated
GN_RE3243C,0.265179002820276,Downregulated
GN_RE3244C,0.265179002820276,Downregulated
GN_RE3247X,0.0896220891046559,Downregulated
GN_RE3269C,0.226408826156374,Downregulated
GN_RE3270C,0.226408822473481,Downregulated
GN_RE3273C,0.314062258373342,Downregulated
GN_RE3273R,2118243.98472115,Upregulated
GN_RE3301C,4.09387108387843,Upregulated
GN_RE3411C,0.410675716186115,Downregulated
GN_RE3413C,0.410675716186115,Downregulated
GN_RE3417C,0.410675716186115,Downregulated
GN_RE3420C,0.410675716186115,Downregulated
GN_RE3430M,0.238506620687441,Downregulated
GN_RE3430X,0.238506620687441,Downregulated
GN_RE3432M,0.238506620687441,Downregulated
GN_RE3432X,0.238506620687441,Downregulated
GN_RE3488R,0.202456708508363,Downregulated
GN_RE3496C,0.195482559837685,Downregulated
GN_RE3525M,0.238506620169479,Downregulated
GN_RE3587C,0.220435770500601,Downregulated
GN_RE3624M,0.205619700664963,Downregulated
GN_RE3628M,17.897929699088,Upregulated
GN_PIt8,1,Unchanged
GN_biomass_reaction,0.259348004825958,Downregulated
GN_2MB2COAc,NaN,Unchanged
GN_3HBCOARc,NaN,Unchanged
GN_BCRNe,NaN,Unchanged
GN_C10OHc,NaN,Unchanged
GN_C12DCACOT,0.296679669093145,Downregulated
GN_C12DCTD,0.296679669093145,Downregulated
GN_C12OHc,NaN,Unchanged
GN_C141ACBP,NaN,Unchanged
GN_C141OHc,NaN,Unchanged
GN_C141OHe,NaN,Unchanged
GN_C142ACBP,NaN,Unchanged
GN_C142OHc,NaN,Unchanged
GN_C142OHe,NaN,Unchanged
GN_C14OHc,NaN,Unchanged
GN_C161OHc,NaN,Unchanged
GN_C162ACBP,NaN,Unchanged
GN_C162OHc,NaN,Unchanged
GN_C162OHe,NaN,Unchanged
GN_C16OHc,NaN,Unchanged
GN_C16txc,0.226408814297791,Downregulated
GN_C181OHc,NaN,Unchanged
GN_C182OHc,NaN,Unchanged
GN_C18OHc,NaN,Unchanged
GN_C4OHc,NaN,Unchanged
GN_C50CPT1,NaN,Unchanged
GN_C51CPT1,NaN,Unchanged
GN_DCATDc,0.231302752672226,Downregulated
GN_DDCRNe,NaN,Unchanged
GN_DECCRNe,NaN,Unchanged
GN_DOCO13EFATP,0,Downregulated
GN_FAOXC101C102m,17.897929699088,Upregulated
GN_FAOXC101C8x,0.442095178849589,Downregulated
GN_FAOXC101x,0.442095000132321,Downregulated
GN_FAOXC102C101m,17.897929699088,Upregulated
GN_FAOXC102C103m,0.218527364181414,Downregulated
GN_FAOXC102C81m,0.218527364181414,Downregulated
GN_FAOXC102m,0.218527364181414,Downregulated
GN_FAOXC103C102m,0.218527364181414,Downregulated
GN_FAOXC121C10x,0.317345657595223,Downregulated
GN_FAOXC121x,0.260114134155333,Downregulated
GN_FAOXC122C101m,0.604431314882545,Unchanged
GN_FAOXC122m,0.604431314882545,Unchanged
GN_FAOXC123C102m,0.218527364181414,Downregulated
GN_FAOXC123m,0.218527364181414,Downregulated
GN_FAOXC141C141OHm,NaN,Unchanged
GN_FAOXC142C122m,0.604431314882545,Unchanged
GN_FAOXC142C142OHm,NaN,Unchanged
GN_FAOXC143C123m,0.218527364181414,Downregulated
GN_FAOXC14C14OHm,NaN,Unchanged
GN_FAOXC14DCC12DCx,0.296679669093145,Downregulated
GN_FAOXC161C141m,NaN,Unchanged
GN_FAOXC161C161OHm,NaN,Unchanged
GN_FAOXC162C162OHm,NaN,Unchanged
GN_FAOXC163C164Gm,0.604431314882545,Unchanged
GN_FAOXC163GC142m,0.604431314882545,Unchanged
GN_FAOXC163Gm,0.604431314882545,Unchanged
GN_FAOXC164C143m,0.218527364181414,Downregulated
GN_FAOXC164C165m,0.218527364181414,Downregulated
GN_FAOXC164GC163m,0.604431314882545,Unchanged
GN_FAOXC164m,0.218527364181414,Downregulated
GN_FAOXC165C164m,0.218527364181414,Downregulated
GN_FAOXC16C16OHm,NaN,Unchanged
GN_FAOXC16DCC14DCx,0.296679669093145,Downregulated
GN_FAOXC16DCr,0.296679669093145,Downregulated
GN_FAOXC181C181OHm,NaN,Unchanged
GN_FAOXC182C182OHm,NaN,Unchanged
GN_FAOXC184C163m,0.604431314882545,Unchanged
GN_FAOXC184m,0.604431314882545,Unchanged
GN_FAOXC185C164m,0.218527364181414,Downregulated
GN_FAOXC185m,0.218527364181414,Downregulated
GN_FAOXC18C18OHm,NaN,Unchanged
GN_FAOXC204C184m,0.604431314882545,Unchanged
GN_FAOXC205C185m,0.218527364181414,Downregulated
GN_FAOXC225C204m,0.604431314882545,Unchanged
GN_FAOXC225C226m,0.604431314882545,Unchanged
GN_FAOXC225m,0.604431314882545,Unchanged
GN_FAOXC226C205m,0.218527364181414,Downregulated
GN_FAOXC226C225m,0.604431314882545,Unchanged
GN_FAOXC226C227m,0.218527364181414,Downregulated
GN_FAOXC226m,0.218527364181414,Downregulated
GN_FAOXC227C226m,0.218527364181414,Downregulated
GN_FAOXC5C5OHm,0,Downregulated
GN_FAOXC5OHc,NaN,Unchanged
GN_FAOXC61C4m,0.0167458493638773,Downregulated
GN_FAOXC61m,0.218527364181414,Downregulated
GN_FAOXC81C61m,0.218527364181414,Downregulated
GN_FAOXOHC16C16DCc,0.296679669093145,Downregulated
GN_FAOXTC162TC142m,NaN,Unchanged
GN_FAOXTC182TC162m,NaN,Unchanged
GN_HDCACBP,NaN,Unchanged
GN_HDDACBP,NaN,Unchanged
GN_HDECAACBP,NaN,Unchanged
GN_HDECEACBP,NaN,Unchanged
GN_HEDCECRNe,NaN,Unchanged
GN_HEXCOAACBP,2.09355681630542,Upregulated
GN_HEXDCRNe,NaN,Unchanged
GN_HEXDIACtr,0.296679669093145,Downregulated
GN_HEXDICOAACBPx,0.296679669093145,Downregulated
GN_HIVCACBP,NaN,Unchanged
GN_HIVCRNe,NaN,Unchanged
GN_HOCDACBP,NaN,Unchanged
GN_HOCTDACBP,NaN,Unchanged
GN_HOCTDEC2CRNe,NaN,Unchanged
GN_HOCTDECCRNe,NaN,Unchanged
GN_HTDCACBP,NaN,Unchanged
GN_HTDCRNe,NaN,Unchanged
GN_IVCOAACBP,NaN,Unchanged
GN_IVCRNe,NaN,Unchanged
GN_OCT11EFATP,0.246521656837894,Downregulated
GN_OCTDEC2ACBP,NaN,Unchanged
GN_OCTDECCACT,NaN,Unchanged
GN_OCTDECCPT1,NaN,Unchanged
GN_OCTDECCPT2,NaN,Unchanged
GN_OCTDECE1CRNe,NaN,Unchanged
GN_sink_octdececoa[c],NaN,Unchanged
GN_PRISTCOAtcx,0.226408826709609,Downregulated
GN_SCP21cx,0.226408826709609,Downregulated
GN_STCOATxc,0.226408828512473,Downregulated
GN_STRDNCCOAtxc,0.165050519813843,Downregulated
GN_TIGCRNe,NaN,Unchanged
GN_BALABETAtc,1,Unchanged
GN_LINOFATPtc,0.751288973454604,Unchanged
GN_OLEICFATPtc,0.812948023152643,Unchanged
GN_PALFATPtc,0.751288909035058,Unchanged
GN_PEHSFABPe,0.84442242979706,Unchanged
GN_TAUBETAtc,1,Unchanged
GN_VITEtl,0.226408824288905,Downregulated
GN_CHOLESTle,13.1329795470052,Upregulated
GN_DPMVDc,0.999997937369277,Unchanged
GN_DSREDUCr,2.51101690137264,Upregulated
GN_FADH2ETC,0.0716883478512678,Downregulated
GN_FRDPtcr,2.51101572436232,Upregulated
GN_G6PDH2c,26149703.661875,Upregulated
GN_GNDc,4757472.15022433,Upregulated
GN_GSNt5le,4.26684360922955,Upregulated
GN_IPDDI,1.15808901550049,Unchanged
GN_MAL_Ltx,0.681070471345794,Unchanged
GN_MDHx,0.681070471345794,Unchanged
GN_MEVK1c,0.999997937369277,Unchanged
GN_MTHFR3,1,Unchanged
GN_PGLc,42.072865027034,Upregulated
GN_PMEVKc,0.999997937369277,Unchanged
GN_PPItm,0.415297764742568,Downregulated
GN_RPEc,3.75148016746978,Upregulated
GN_RTOTAL2FATPc,1.2039907545317,Unchanged
GN_RTOTALFATPc,1.9833333799691,Unchanged
GN_sink_5hpet[c],1.00000001247055,Unchanged
GN_3MOBte,1,Unchanged
GN_3MOPte,1081111.95097571,Upregulated
GN_5MTAte,0.5883398247232,Unchanged
GN_5OXPROt,4.10585545359549e-08,Downregulated
GN_AICARte,3.61156659429064,Upregulated
GN_CBASPte,65040648.1512079,Upregulated
GN_OROTGLUt,0.00287946986629137,Downregulated
GN_IDOURte,0.511673991607941,Unchanged
GN_5HOXINDOAtr,2232266.44985986,Upregulated
GN_CRTNtr,1,Unchanged
GN_DHAPtr,173844.951037328,Upregulated
GN_GLCURtr,2.24984094934231,Upregulated
GN_ARACHDFATPtc,0.451176105084439,Downregulated
GN_FOLABCCte,0.141339823611017,Downregulated
GN_GSNt2r,4.26684360922878,Upregulated
GN_PSHSABCtc,0.464478010237408,Downregulated
GN_CAMPt,0.600859790397336,Unchanged
GN_CGMPt,0.594020709230398,Unchanged
GN_GCHOLAt3,0.226408824710019,Downregulated
GN_MANt4,1,Unchanged
GN_TCHOLAt3,0.226408824015104,Downregulated
GN_CHSTEROLt,0.212755919539316,Downregulated
GN_AVITE1t,0.226408824288905,Downregulated
GN_r0295,4.41624907727821,Upregulated
GN_biomass_maintenance,0.226753277443613,Downregulated
GN_biomass_maintenance_noTrTr,0.2555480447012,Downregulated
GN_PCHOLMYR_HSPLA2,0.589797055888513,Unchanged
GN_PCHOLOLE_HSPLA2,0.58979701005162,Unchanged
GN_PCHOLSTE_HSPLA2,0.589797050447879,Unchanged
GN_PCHOLN204_HSPLA2,0.589797020618115,Unchanged
GN_PCHOLN24_HSPLA2,0.589796985166284,Unchanged
GN_PCHOLHEP_HSPLA2,0.589797035053798,Unchanged
GN_GPDDACHOL,1.22791445781437,Unchanged
GN_GLYC2P3Pc,1.22791445781437,Unchanged
GN_4AABUTNt,0.336096896641755,Downregulated
GN_C02712te,1.83211265036437,Unchanged
GN_C03990ATP,0.226408842745026,Downregulated
GN_C04483t1,0.226408840643657,Downregulated
GN_C04805td,0.111063827562692,Downregulated
GN_C05463t1,0.226408825854173,Downregulated
GN_C05463t2,0.226408825854173,Downregulated
GN_C14768td,0.34406706229077,Downregulated
GN_C14769td1,0.344067074043483,Downregulated
GN_C14770ATP,0.31449463868619,Downregulated
GN_C14771ATP,0.31449459843645,Downregulated
GN_C14826td,0.197382934082956,Downregulated
GN_CE1273t1,0.226408825854173,Downregulated
GN_CE1273t2,0.226408825854173,Downregulated
GN_CE2510t,0.226408843197451,Downregulated
GN_CE2513td,0.226408820829245,Downregulated
GN_CE2537ATP,0.226408818587049,Downregulated
GN_CORTSNti,2118243.95252058,Upregulated
GN_DODECANACtd,0.296679669093145,Downregulated
GN_GLYC_Rt,178259.392622491,Upregulated
GN_IND3ACt,0.372617159640185,Downregulated
GN_pac,0.823799191075255,Unchanged
GN_HC02195te,0.226408825457303,Downregulated
GN_HC02196te,0.22640881963591,Downregulated
GN_HC02194te,0.226408824355958,Downregulated
GN_HC02220te,0.226408844219782,Downregulated
GN_TRPGLYLEUt,134040.056143565,Upregulated
GN_TRPGLYLEUr,134040.056143565,Upregulated
GN_MLTHFtm,9.58140798122305,Upregulated
GN_2MOPtm,5.85438016287298e-08,Downregulated
GN_MMALtm,5.85438018561035e-08,Downregulated
GN_PSDm_hsc,0.689831506898899,Unchanged
GN_PGPP_hsc,10.1071200807412,Upregulated
GN_CE2512te,0.160094033410189,Downregulated
GN_r2514m,1.26185417881115,Unchanged
GN_ARGtD,2.01536546300518,Upregulated
GN_THMtrbc,1,Unchanged
GN_UGT1A10c,0.783268939664328,Unchanged
GN_DDCAte,50.9126432415448,Upregulated
GN_DM_C02712[c],1.8321150820322,Unchanged
GN_PROSTGE2t2r,0.999999982000531,Unchanged
GN_PGLYCtm,10.287543943669,Upregulated
GN_sink_C02528[c],0.687134923860882,Unchanged
GN_sink_Tyr_ggn[c],78.5096491685723,Upregulated
GN_sink_cholate[c],0.197382958473731,Downregulated
GN_sink_coa[c],0.423824756352644,Downregulated
GN_sink_doco13ecoa[c],0.157830228647756,Downregulated
GN_sink_glygn2[c],99.3558044265795,Upregulated
GN_sink_hdca[c],1,Unchanged
GN_sink_lnlc[c],1,Unchanged
GN_sink_lnlccoa[c],0.572328412123552,Unchanged
GN_sink_lnlncacoa[c],0.0298866304974435,Downregulated
GN_sink_lnlncgcoa[c],0.247405422852923,Downregulated
GN_sink_nad[c],1.98232588366729,Unchanged
GN_sink_nadp[c],0.0906399158500202,Downregulated
GN_sink_odecoa[c],0.187517661056,Downregulated
GN_sink_pmtcoa[c],0.410724993223248,Downregulated
GN_sink_retfa[c],0.869041167728368,Unchanged
GN_sink_retinol[c],1,Unchanged
GN_sink_tag_hs[c],1.82968278126862,Unchanged
GN_sink_tmndnc[c],0.123943904139826,Downregulated
GN_sink_tmndnccoa[c],0.150100202154124,Downregulated
GN_DHCHOLESTANATEATP,0.226408817826443,Downregulated
GN_DHCHOLESTANATEt,1.31698287725161,Unchanged
GN_sink_dhcholestanate[c],4676912.27829562,Upregulated
GN_THCHOLSTOICATP,0.226408812398504,Downregulated
GN_THCHOLSTOICt,12225076.4942723,Upregulated
GN_sink_thcholstoic[c],35024375.6274072,Upregulated
GN_XOL7AH3ATP,0.226408811008674,Downregulated
GN_XOL7AH3t,6112547.71450016,Upregulated
GN_XOL7AONEATP,0.632369230417018,Unchanged
GN_7KILTCHOLATP,0.226408803538336,Downregulated
GN_7KILTCHOLt,0.226408803538336,Downregulated
GN_sink_dchac[c],0.188067514894669,Downregulated
GN_ACACT1r,230500.0805202,Upregulated
GN_ACACt2,14878160.1341927,Upregulated
GN_ACONT,1,Unchanged
GN_ADPT,0.00226542711238293,Downregulated
GN_BPNT,1.04261514388279,Unchanged
GN_CBPS,0.363569178074602,Downregulated
GN_CO2t,431248.786455872,Upregulated
GN_CPPPGO,0.414184580673918,Downregulated
GN_CYSTGL,17.5573143839768,Upregulated
GN_CYSTS,17.5573143839768,Upregulated
GN_DGK1,7.73439573056049e-07,Downregulated
GN_DHORTS,1.40692284840921,Unchanged
GN_DMATT,2.5110169013727,Upregulated
GN_DM_atp_c_,0.2264088191277,Downregulated
GN_DTMPK,0.260055108981655,Downregulated
GN_DURIPP,0.205214160366131,Downregulated
GN_ENO,0.244340355436282,Downregulated
GN_FBA,2.22266570872454,Upregulated
GN_FBA2,1.60595193366656,Unchanged
GN_FT,1,Unchanged
GN_GALU,9.90358497006127e-08,Downregulated
GN_GAPD,0.215044683902757,Downregulated
GN_GF6PTA,0.647991103603901,Unchanged
GN_GHMT2r,25426551.7735695,Upregulated
GN_GK1,7.7343954813489e-07,Downregulated
GN_GLNS,0.107778435079013,Downregulated
GN_GLYLEUHYDROc,134040.056143565,Upregulated
GN_GRTT,2.5110169013727,Upregulated
GN_HEX1,1.00757706421414,Unchanged
GN_HMBS,0.414184580673918,Downregulated
GN_ILETA,1.39707598142394,Unchanged
GN_IMPD,952342.446979876,Upregulated
GN_LEUTA,0,Downregulated
GN_L_LACt2r,11945.8528660602,Upregulated
GN_MAN1PT2,0.62289596625474,Unchanged
GN_MAN6PI,0.62289596625474,Unchanged
GN_MTHFD,1,Unchanged
GN_PGK,0.226408824775595,Downregulated
GN_PGM,0.321485307214342,Downregulated
GN_PGMT,58.5054933216287,Upregulated
GN_PMANM,0.62289596625474,Unchanged
GN_PNP,0.025606114393686,Downregulated
GN_PNTK,0.3961593820796,Downregulated
GN_PPBNGS,1.16599961280314,Unchanged
GN_PPCDC,0.3961593820796,Downregulated
GN_PPM,1.25049351272721,Unchanged
GN_PUNP1,1.44960112118822,Unchanged
GN_PUNP2,1.50336499973301e-07,Downregulated
GN_PUNP3,1.45603828014914,Unchanged
GN_PUNP4,1.45605701935979,Unchanged
GN_PUNP5,1.63302036531664,Unchanged
GN_PUNP6,1.63302036531765,Unchanged
GN_PUNP7,1.45603056546328,Unchanged
GN_RBFK,0.226408826971796,Downregulated
GN_RNDR1,9.95052863179789e-11,Downregulated
GN_SPODM,2.97242373933208e-05,Downregulated
GN_TALA,1.44718880298099,Unchanged
GN_THMDt2r,63042689.3278734,Upregulated
GN_TKT1,3.75148045154784,Upregulated
GN_TKT2,3.75281320975971,Upregulated
GN_TMDK1,0.226408823574294,Downregulated
GN_TPI,87726.2999512239,Upregulated
GN_UAGDP,0.548252566800272,Unchanged
GN_UPP3S,0.414184580673918,Downregulated
GN_UPPDC1,0.414184580673918,Downregulated
GN_UREAt,2.51251718099867,Upregulated
GN_VALTA,1,Unchanged
GN_r0220,0.167598547755553,Downregulated
GN_r0318,0.167598547755553,Downregulated
GN_r0570,0.191011317430294,Downregulated
GN_NTD8,7.73439573056049e-07,Downregulated
GN_NTD10,952342.446979876,Upregulated
GN_GUAt,0.239762395704304,Downregulated
GN_ALCD1,1.53700968614648,Unchanged
GN_GCALDD,3.33305934186724,Upregulated
GN_ALDD2x,1233391.31186305,Upregulated
GN_AMANK,1.46018485218712,Unchanged
GN_ARGSL,0.911090763920214,Unchanged
GN_GALK,0.547224959974962,Unchanged
GN_GLUPRT,0.113331487704267,Downregulated
GN_GLXO1,0.252525795180323,Downregulated
GN_GND,4757472.0887069,Upregulated
GN_HEX7,0.802975931560232,Unchanged
GN_IMACTD,0.372617143320833,Downregulated
GN_LCADi,0.339739171950088,Downregulated
GN_LDH_L,1.4126183662448,Unchanged
GN_LGTHL,5.74472013580264,Upregulated
GN_MDH,0.681070471340769,Unchanged
GN_MI1PP,30.0731055951118,Upregulated
GN_MI3PP,0.226408824854147,Downregulated
GN_NTD5_a,0.025606114393686,Downregulated
GN_ORNDC,0.336096896641755,Downregulated
GN_PFK,1.30237011542016,Unchanged
GN_PHETA1,1.53700968614656,Unchanged
GN_PRFGS,0.113331487704267,Downregulated
GN_XYLt,7.04069025634029,Upregulated
GN_r0392,178259.392622491,Upregulated
GN_r0792,1.08554987382004,Unchanged
GN_r1667,2.01536546300419,Upregulated
GN_UGLT,1.65032572283508e-08,Downregulated
GN_PYRt2r,9775.40102270389,Upregulated
GN_THMt3,1,Unchanged
GN_GLNt4,1,Unchanged
GN_MTHFD2,1,Unchanged
GN_AHC,17.5573143851118,Upregulated
GN_PHPYRte,1.53700968614656,Unchanged
GN_2H3MVc,1.39707598139027,Unchanged
GN_2H3MVte,1.39707598139027,Unchanged
GN_2HIVc,1.39707596397621,Unchanged
GN_2HIVte,1.39707596397621,Unchanged
GN_CAPROICc,1.66149341033594,Unchanged
GN_AK2LGCHOLABCt,0.226408830665922,Downregulated
GN_CE2510ABCt,0.208282262420508,Downregulated
GN_CE2537ABCt,0.226408818587049,Downregulated
GN_NRVNCABCt,0.226408820829245,Downregulated
GN_PAFABCt,0.226408820829245,Downregulated
GN_PCHLN225_HSABCt,0.226408820829245,Downregulated
GN_PCHOL2LINL_HSABCt,0.226408820829245,Downregulated
GN_PCHOL2OLE_HSABCt,0.226408820829245,Downregulated
GN_PCHOL2STE_HSABCt,0.226408820829245,Downregulated
GN_PCHOLAR_HSABCt,0.226408820829245,Downregulated
GN_PCHOLDOC_HSABCt,0.226408820829245,Downregulated
GN_PCHOLEIC_HSABCt,0.226408820829245,Downregulated
GN_PCHOLET_HSABCt,0.226408820829245,Downregulated
GN_PCHOLHEP_HSABCt,0.589797035053798,Unchanged
GN_PCHOLLINL_HSABCt,0.226408823949529,Downregulated
GN_PCHOLMYR_HsABCt,0.589797055888513,Unchanged
GN_PCHOLN15_HSABCt,0.226408828130519,Downregulated
GN_PCHOLN183_HSABCt,0.226408826480095,Downregulated
GN_PCHOLN1836_HSABCt,0.226408826480095,Downregulated
GN_PCHOLN19_HSABCt,0.226408826480095,Downregulated
GN_PCHOLN201_HSABCt,0.226408826480095,Downregulated
GN_PCHOLN203_HSABCt,0.226408826480095,Downregulated
GN_PCHOLN204_HSABCt,0.589797020618115,Unchanged
GN_PCHOLN205_HSABCt,0.226408817992091,Downregulated
GN_PCHOLN224_HSABCt,0.226408817992091,Downregulated
GN_PCHOLN225_HSABCt,0.226408817992091,Downregulated
GN_PCHOLN2254_HSABCt,0.226408817992091,Downregulated
GN_PCHOLN264_HSABCt,0.589796985166284,Unchanged
GN_PCHOLOLE_HSABCt,0.58979701005162,Unchanged
GN_PCHOLPALME-HSABCt,0.226408830263009,Downregulated
GN_PCHOLSTE_HSABCt,0.589797050447879,Unchanged
GN_PE12_HSABCt,0.226408813799602,Downregulated
GN_Pe13_HSABCt,0.226408813799602,Downregulated
GN_PE14_HSABCt,0.226408813799602,Downregulated
GN_PE15_HSABCt,0.226408813799602,Downregulated
GN_PE161_HSABCt,0.226408813799602,Downregulated
GN_PE17_HSABCt,0.226408813799602,Downregulated
GN_PE203_HSABCt,0.226408813799602,Downregulated
GN_PE226_HSABCt,0.226408813799602,Downregulated
GN_PE2LINL_HSABCt,0.226408813799602,Downregulated
GN_PEAR_HSABCt,0.226408813799602,Downregulated
GN_PEDH203_HSABCt,0.226408813799602,Downregulated
GN_PELINL_HSABCt,0.226408813799602,Downregulated
GN_PELPALM_HSABCt,0.226408813799602,Downregulated
GN_PEOLE_HSABCt,0.226408813799602,Downregulated
GN_PEPALM_HSASBCt,0.226408813799602,Downregulated
GN_PESTE_HSABCt,0.226408813799602,Downregulated
GN_AK2LGCHOLt1,0.226408830665922,Downregulated
GN_PAFt1,0.226408820829245,Downregulated
GN_PCHOL2LINL_HSt1e,0.226408820829245,Downregulated
GN_PCHOL2OLE_HSt1e,0.226408820829245,Downregulated
GN_PCHOL2STE_HSt1e,0.226408820829245,Downregulated
GN_PCHOLAR_HSt1e,0.226408820829245,Downregulated
GN_PCHOLDOC_HSt1e,0.226408820829245,Downregulated
GN_PCHOLEIC_HSt1e,0.226408820829245,Downregulated
GN_PCHOLET_HSt1e,0.226408820829245,Downregulated
GN_PCHOLLINL_HSt1e,0.226408823949529,Downregulated
GN_PCHOLN15_HSt1e,0.226408828130519,Downregulated
GN_PCHOLN183_HSt1e,0.226408826480095,Downregulated
GN_PCHOLN1836_HSt1e,0.226408826480095,Downregulated
GN_PCHOLN19_HSt1e,0.226408826480095,Downregulated
GN_PCHOLN201_HSt1e,0.226408826480095,Downregulated
GN_PCHOLN203_HSt1e,0.226408826480095,Downregulated
GN_PCHOLN205_HSt1e,0.226408817992091,Downregulated
GN_PCHOLN224_HSt1e,0.226408817992091,Downregulated
GN_PCHOLN225_HSt1e,0.226408817992091,Downregulated
GN_PCHOLN2254_HSt1e,0.226408817992091,Downregulated
GN_PCHLN225_HSt1e,0.226408820829245,Downregulated
GN_PEPALM_HSt1e,0.226408813799602,Downregulated
GN_PCHOLPALME-HSt1e,0.226408830263009,Downregulated
GN_PE12_HSt1e,0.226408813799602,Downregulated
GN_Pe13_HSt1e,0.226408813799602,Downregulated
GN_PE14_HSt1e,0.226408813799602,Downregulated
GN_PE15_HSt1e,0.226408813799602,Downregulated
GN_PE161_HSt1e,0.226408813799602,Downregulated
GN_PE17_HSt1e,0.226408813799602,Downregulated
GN_PE203_HSt1e,0.226408813799602,Downregulated
GN_PE226_HSt1e,0.226408813799602,Downregulated
GN_PE2LINL_HSt1e,0.226408813799602,Downregulated
GN_PEAR_HSt1e,0.226408813799602,Downregulated
GN_PEDH203_HSt1e,0.226408813799602,Downregulated
GN_PELINL_HSt1e,0.226408813799602,Downregulated
GN_PEOLE_HSt1e,0.226408813799602,Downregulated
GN_PELPALM_HSt1e,0.226408813799602,Downregulated
GN_PESTE_HSt1e,0.226408813799602,Downregulated
GN_SPHMYLN_HsATPte,2.49218476464442,Upregulated
GN_CE2006te,0.410675716186115,Downregulated
GN_GLCRt1,2.56049605124773,Upregulated
GN_2OBUTt,7.19514363513738e-06,Downregulated
GN_MLTHFte,6112538.41279626,Upregulated
GN_SELMETHte,1,Unchanged
GN_C05770te4,0.226408861579685,Downregulated
GN_C05770te,0.226408861579685,Downregulated
GN_SPHS1Pt2e,0.226408822553095,Downregulated
GN_MLTHFte1,0.22640883521253,Downregulated
GN_CE1918te,2232266.44985986,Upregulated
GN_CE7081tr,0.202456708508363,Downregulated
GN_CHSTEROLSte,693.969640054219,Upregulated
GN_PPBNGte,0.871912124093221,Unchanged
GN_SPHGNSte,2.32751791385163,Upregulated
GN_IM4ACte,0.372617143320833,Downregulated
GN_SELMETHt2e,1,Unchanged
GN_UDPG4DOPA,0.664990901127245,Unchanged
GN_UDPG3DOPA,0.664990823434656,Unchanged
GN_DOPA4GLCURt,0.664990901127245,Unchanged
GN_DOPA3GLCURt,0.664990823434656,Unchanged
GN_CE5026t,0.187547632988479,Downregulated
GN_GGTe_1,0.187547632988479,Downregulated
GN_CYSGLYPTASEe_1,0.187547632988479,Downregulated
GN_CE1261t,0.187547632988479,Downregulated
GN_DOPAOQCYS,0.368362794767048,Downregulated
GN_BGAL1l,2.42976040365447,Upregulated
GN_GBA2e,0.685065977306991,Unchanged
GN_NEU11l,2.42976040365447,Upregulated
GN_NEU21,1.29868286953381,Unchanged
GN_NEU23,1.29868275422384,Unchanged
GN_SMS1S2,1.29868278093491,Unchanged
GN_SMS21e,0.685065977306991,Unchanged
GN_DAG_HStg,1.29868278093491,Unchanged
GN_ATPtg,0.226408820684887,Downregulated
GN_DM_pail35p_hs[n],2.07887068356546,Upregulated
GN_DM_pcreat[c],0.406034002055702,Downregulated
GN_HMR_0019,1,Unchanged
GN_HMR_0020,1,Unchanged
GN_HMR_0155,1,Unchanged
GN_HMR_0167,2.09355666961789,Upregulated
GN_HMR_0168,0.839737496563968,Unchanged
GN_HMR_0176,0.27206423388235,Downregulated
GN_HMR_0177,0.41181659023933,Downregulated
GN_HMR_0178,0.41181659023933,Downregulated
GN_HMR_0188,1.11787483114713,Unchanged
GN_HMR_0191,0.226408821332098,Downregulated
GN_HMR_0192,0.839737527425317,Unchanged
GN_HMR_0193,0.839737527425317,Unchanged
GN_HMR_0194,0.226408821332098,Downregulated
GN_HMR_0200,0.245348162505289,Downregulated
GN_HMR_0203,0.226408811257845,Downregulated
GN_HMR_0204,0.839737445978632,Unchanged
GN_HMR_0206,0.839737445978632,Unchanged
GN_HMR_0207,0.226408811257845,Downregulated
GN_HMR_0208,0.226408819924396,Downregulated
GN_HMR_0209,0.839737446867814,Unchanged
GN_HMR_0210,0.47059380181913,Downregulated
GN_HMR_0211,0.226408809526968,Downregulated
GN_HMR_0214,0.839737432645481,Unchanged
GN_HMR_0215,0.226408827696197,Downregulated
GN_HMR_0230,0.140206005731496,Downregulated
GN_HMR_0232,0.226408830034505,Downregulated
GN_HMR_0233,0.83973752534379,Unchanged
GN_HMR_0234,0.83973752534379,Unchanged
GN_HMR_0235,0.226408830034505,Downregulated
GN_HMR_0239,0.226408823975713,Downregulated
GN_HMR_0240,0.226408833704525,Downregulated
GN_HMR_0241,0.839737504017654,Unchanged
GN_HMR_0242,0.839737504017654,Unchanged
GN_HMR_0243,0.226408833704525,Downregulated
GN_HMR_0244,0.226408828145204,Downregulated
GN_HMR_0245,0.839737425993122,Unchanged
GN_HMR_0246,0.839737425993122,Unchanged
GN_HMR_0247,0.226408828145204,Downregulated
GN_HMR_0253,0.226408822522016,Downregulated
GN_HMR_0254,0.226408821982842,Downregulated
GN_HMR_0255,0.839737488874074,Unchanged
GN_HMR_0256,0.839737488874074,Unchanged
GN_HMR_0257,0.226408821982842,Downregulated
GN_HMR_0259,0.839737487989575,Unchanged
GN_HMR_0260,0.839737467570086,Unchanged
GN_HMR_0261,0.246521656837894,Downregulated
GN_HMR_0267,0.729882115026199,Unchanged
GN_HMR_0270,0.226408811447891,Downregulated
GN_HMR_0271,0.324366821557575,Downregulated
GN_HMR_0272,0.324366821557575,Downregulated
GN_HMR_0273,0.226408811447891,Downregulated
GN_HMR_0277,0.226408810818551,Downregulated
GN_HMR_0278,0.226408819471972,Downregulated
GN_HMR_0279,0.839737459354442,Unchanged
GN_HMR_0280,0.839737459354442,Unchanged
GN_HMR_0281,0.226408819471972,Downregulated
GN_HMR_0287,0.226408811408499,Downregulated
GN_HMR_0288,0.226408824147964,Downregulated
GN_HMR_0289,0.839737495894672,Unchanged
GN_HMR_0290,0.839737495894672,Unchanged
GN_HMR_0291,0.226408824147964,Downregulated
GN_HMR_0292,0.208282275774796,Downregulated
GN_HMR_0293,0,Downregulated
GN_HMR_0296,0.226408837978983,Downregulated
GN_HMR_0297,0.839737489499501,Unchanged
GN_HMR_0298,0.839737489499501,Unchanged
GN_HMR_0299,0.226408837978983,Downregulated
GN_HMR_0300,0.226408837978983,Downregulated
GN_HMR_0301,0.83973752420247,Unchanged
GN_HMR_0302,0.83973752420247,Unchanged
GN_HMR_0303,0.226408837978983,Downregulated
GN_HMR_0304,0.226408837978983,Downregulated
GN_HMR_0305,0.839737494287946,Unchanged
GN_HMR_0306,0.839737494287946,Unchanged
GN_HMR_0307,0.226408837978983,Downregulated
GN_HMR_0308,0.226408837978983,Downregulated
GN_HMR_0309,0.839737481612919,Unchanged
GN_HMR_0310,0.839737481612919,Unchanged
GN_HMR_0311,0.226408837978983,Downregulated
GN_HMR_0317,0.961418670855688,Unchanged
GN_HMR_0319,0,Downregulated
GN_HMR_0321,0.226408894935615,Downregulated
GN_HMR_0322,0.226408826793056,Downregulated
GN_HMR_0323,0.8397375399871,Unchanged
GN_HMR_0324,0.8397375399871,Unchanged
GN_HMR_0325,0.226408826793056,Downregulated
GN_HMR_0326,0.226408828617209,Downregulated
GN_HMR_0327,0.839737491624974,Unchanged
GN_HMR_0328,0.83973742877188,Unchanged
GN_HMR_0329,0.226408831396869,Downregulated
GN_HMR_0343,0.226408831809903,Downregulated
GN_HMR_0344,0.226408832439242,Downregulated
GN_HMR_0345,0.839737485807779,Unchanged
GN_HMR_0346,0.839737485807779,Unchanged
GN_HMR_0347,0.226408832439242,Downregulated
GN_HMR_0354,0.0196473819341759,Downregulated
GN_HMR_0359,0.226408823023622,Downregulated
GN_HMR_0363,0.226408826327655,Downregulated
GN_HMR_0367,0.226408818775579,Downregulated
GN_HMR_0371,0.226408827586335,Downregulated
GN_HMR_0375,0.226408827586335,Downregulated
GN_HMR_0380,0.226408827586335,Downregulated
GN_HMR_0381,0.839737478745806,Unchanged
GN_HMR_0382,0.839737478745806,Unchanged
GN_HMR_0383,0.226408827586335,Downregulated
GN_HMR_0384,0.226408827586335,Downregulated
GN_HMR_0385,0.839737475418612,Unchanged
GN_HMR_0386,0.839737475418612,Unchanged
GN_HMR_0387,0.226408827586335,Downregulated
GN_HMR_0388,0.226408827586335,Downregulated
GN_HMR_0389,0.839737471465792,Unchanged
GN_HMR_0390,0.839737471465792,Unchanged
GN_HMR_0391,0.226408827586335,Downregulated
GN_HMR_0392,0.226408826557169,Downregulated
GN_HMR_0393,0.839737406188398,Unchanged
GN_HMR_0394,0.839737462539448,Unchanged
GN_HMR_0395,0.226408817957594,Downregulated
GN_HMR_0402,7.23504737305087,Upregulated
GN_HMR_0415,0.226408810739768,Downregulated
GN_HMR_0419,0.226408822218845,Downregulated
GN_HMR_0423,0.226408822218845,Downregulated
GN_HMR_0427,0.226408827410897,Downregulated
GN_HMR_0428,0.226408822218845,Downregulated
GN_HMR_0429,0.839737449604413,Unchanged
GN_HMR_0430,0.839737449604413,Unchanged
GN_HMR_0431,0.226408822218845,Downregulated
GN_HMR_0432,0.226408822218845,Downregulated
GN_HMR_0433,0.839737462275383,Unchanged
GN_HMR_0434,0.839737462275383,Unchanged
GN_HMR_0435,0.226408822218845,Downregulated
GN_HMR_0436,0.226408822218845,Downregulated
GN_HMR_0437,0.839737481711944,Unchanged
GN_HMR_0438,0.839737481711944,Unchanged
GN_HMR_0439,0.226408822218845,Downregulated
GN_HMR_0467,2118243.98472115,Upregulated
GN_HMR_0593,0.515092863524618,Unchanged
GN_HMR_0597,0.604085510315724,Unchanged
GN_HMR_0598,0.604085506265018,Unchanged
GN_HMR_0601,0.515092863524618,Unchanged
GN_HMR_0614,0.604085506265018,Unchanged
GN_HMR_0625,0.604085510315724,Unchanged
GN_HMR_0629,0.604085510315724,Unchanged
GN_HMR_0642,0.604085506265018,Unchanged
GN_HMR_0672,0.515092863524618,Unchanged
GN_HMR_0678,0.515092863524618,Unchanged
GN_HMR_0750,2.32751790044512,Upregulated
GN_HMR_0753,0.515092863524618,Unchanged
GN_HMR_0758,2.3275178689732,Upregulated
GN_HMR_0765,0.0738503911937949,Downregulated
GN_HMR_0767,0.226408825254203,Downregulated
GN_HMR_0770,0.0738503911937949,Downregulated
GN_HMR_0775,0.226408816123652,Downregulated
GN_HMR_0793,0.742478900580991,Unchanged
GN_HMR_0795,1.29868274659851,Unchanged
GN_HMR_0815,3.76853970643767,Upregulated
GN_HMR_0816,9.36302589434849,Upregulated
GN_HMR_0817,1.58163772040613,Unchanged
GN_HMR_0822,1.58163772040613,Unchanged
GN_HMR_0835,2.42976040365447,Upregulated
GN_HMR_0836,2.42976040365447,Upregulated
GN_HMR_0837,1.29868286953381,Unchanged
GN_HMR_0844,1.29868272340686,Unchanged
GN_HMR_0912,0.599686506959841,Unchanged
GN_HMR_0913,0.599686506959841,Unchanged
GN_HMR_0942,0.34406706229077,Downregulated
GN_HMR_0946,0.344067074043483,Downregulated
GN_HMR_0950,0.31449463868619,Downregulated
GN_HMR_0954,0.31449459843645,Downregulated
GN_HMR_0960,0.111063827562692,Downregulated
GN_HMR_0962,0.238506620687441,Downregulated
GN_HMR_0963,0.238506620687441,Downregulated
GN_HMR_1095,28.552870920454,Upregulated
GN_HMR_1104,0.238506620687441,Downregulated
GN_HMR_1283,0.238506620687441,Downregulated
GN_HMR_1284,0.238506620687441,Downregulated
GN_HMR_1305,0.25238052098448,Downregulated
GN_HMR_1307,0.25238052098448,Downregulated
GN_HMR_1311,0.999999982740547,Unchanged
GN_HMR_1312,1,Unchanged
GN_HMR_1390,0.220435770500601,Downregulated
GN_HMR_1392,0.220435770500601,Downregulated
GN_HMR_1465,0.121814357898494,Downregulated
GN_HMR_1470,0.121814357898494,Downregulated
GN_HMR_1473,0.121814357898494,Downregulated
GN_HMR_1477,0.024737692312469,Downregulated
GN_HMR_1478,0.024737692312469,Downregulated
GN_HMR_1479,0.024737692312469,Downregulated
GN_HMR_1490,0.024737692312469,Downregulated
GN_HMR_1493,0.024737692312469,Downregulated
GN_HMR_1494,0.024737692312469,Downregulated
GN_HMR_1495,0.0247376927643837,Downregulated
GN_HMR_1502,0.02473769190941,Downregulated
GN_HMR_1503,0.02473769190941,Downregulated
GN_HMR_1504,0.02473769190941,Downregulated
GN_HMR_1505,0.02473769190941,Downregulated
GN_HMR_1509,0.02473769190941,Downregulated
GN_HMR_1512,0.02473769190941,Downregulated
GN_HMR_1516,0.02473769190941,Downregulated
GN_HMR_1526,0.02473769190941,Downregulated
GN_HMR_1532,1,Unchanged
GN_HMR_1536,0.160610529044121,Downregulated
GN_HMR_1538,0.160610529044121,Downregulated
GN_HMR_1539,0.160610529044121,Downregulated
GN_HMR_1540,0.160610529044121,Downregulated
GN_HMR_1543,0.160610529044121,Downregulated
GN_HMR_1544,0.160610529044121,Downregulated
GN_HMR_1545,0.160610529044121,Downregulated
GN_HMR_1546,0.160610529044121,Downregulated
GN_HMR_1547,0.160610529044121,Downregulated
GN_HMR_1548,0.160610529044121,Downregulated
GN_HMR_1549,0.160610529044121,Downregulated
GN_HMR_1550,0.160610529044121,Downregulated
GN_HMR_1551,0.160610529044121,Downregulated
GN_HMR_1552,0.160610529044121,Downregulated
GN_HMR_1557,0.0407508445123737,Downregulated
GN_HMR_1565,0.0407508445123737,Downregulated
GN_HMR_1627,0.172173005345441,Downregulated
GN_HMR_1629,0.0515901729403752,Downregulated
GN_HMR_1630,0.173456053933363,Downregulated
GN_HMR_1637,0.173456053933363,Downregulated
GN_HMR_1651,0.173456053933363,Downregulated
GN_HMR_1653,0.173456053933363,Downregulated
GN_HMR_1666,0.172173002617646,Downregulated
GN_HMR_1781,0.327558604247824,Downregulated
GN_HMR_1783,0.327558604247824,Downregulated
GN_HMR_1897,0.19159186210024,Downregulated
GN_HMR_1916,0.226408820581398,Downregulated
GN_HMR_1996,2118243.95252058,Upregulated
GN_HMR_2041,1.06874592752242,Unchanged
GN_HMR_2087,1.25374773939106,Unchanged
GN_HMR_2088,1.25374773939106,Unchanged
GN_HMR_2089,1.25374773939106,Unchanged
GN_HMR_2090,1.25374773939106,Unchanged
GN_HMR_2190,0.0970985205944691,Downregulated
GN_HMR_2193,0.0970985205680029,Downregulated
GN_HMR_2210,0.443030346635174,Downregulated
GN_HMR_2211,0.294183078887596,Downregulated
GN_HMR_2215,0.245488874113812,Downregulated
GN_HMR_2217,0.245488874113812,Downregulated
GN_HMR_2218,0.245488874113812,Downregulated
GN_HMR_2219,0.245488874113812,Downregulated
GN_HMR_2259,0.704965444455102,Unchanged
GN_HMR_2260,0.704965444455102,Unchanged
GN_HMR_2261,0.704965444455102,Unchanged
GN_HMR_2262,0.704965444455102,Unchanged
GN_HMR_2263,0.704965506789687,Unchanged
GN_HMR_2264,0.704965506789687,Unchanged
GN_HMR_2265,0.704965506789687,Unchanged
GN_HMR_2266,0.704965506789687,Unchanged
GN_HMR_2281,0.135806813398268,Downregulated
GN_HMR_2284,0.298737434333968,Downregulated
GN_HMR_2286,0.265178970505205,Downregulated
GN_HMR_2287,0.196125137877934,Downregulated
GN_HMR_2292,0.175865507704999,Downregulated
GN_HMR_2293,0.275768057022802,Downregulated
GN_HMR_2294,0.175865513538958,Downregulated
GN_HMR_2295,0.396747411492246,Downregulated
GN_HMR_2296,0.37506788713834,Downregulated
GN_HMR_2332,0.260114134155333,Downregulated
GN_HMR_2334,0.260114134155333,Downregulated
GN_HMR_2336,0.260114134155333,Downregulated
GN_HMR_2338,0.260114134155333,Downregulated
GN_HMR_2342,0.704965421176989,Unchanged
GN_HMR_2343,0.704965421176989,Unchanged
GN_HMR_2344,0.704965421176989,Unchanged
GN_HMR_2345,0.704965421176989,Unchanged
GN_HMR_2347,0.434783606115586,Downregulated
GN_HMR_2348,0.434783606115586,Downregulated
GN_HMR_2349,0.434783606115586,Downregulated
GN_HMR_2350,0.434783606115586,Downregulated
GN_HMR_2353,0.476194191159592,Downregulated
GN_HMR_2354,0.476194191159592,Downregulated
GN_HMR_2355,0.476194191159592,Downregulated
GN_HMR_2356,0.476194191159592,Downregulated
GN_HMR_2361,0.426722102651261,Downregulated
GN_HMR_2362,0.426722102651261,Downregulated
GN_HMR_2363,0.426722102651261,Downregulated
GN_HMR_2364,0.426722102651261,Downregulated
GN_HMR_2365,0.311569659339128,Downregulated
GN_HMR_2374,0.337314020333043,Downregulated
GN_HMR_2376,0.337314020333043,Downregulated
GN_HMR_2391,0.305970549386129,Downregulated
GN_HMR_2395,1.14303020551142,Unchanged
GN_HMR_2433,4.80749581559343,Upregulated
GN_HMR_2434,4.80749581559343,Upregulated
GN_HMR_2435,4.80749581559343,Upregulated
GN_HMR_2436,4.80749581559343,Upregulated
GN_HMR_2440,0.14662527047876,Downregulated
GN_HMR_2457,0.197382934082956,Downregulated
GN_HMR_2530,1.26684160502326,Unchanged
GN_HMR_2533,1.26684160502326,Unchanged
GN_HMR_2535,1.26684160502326,Unchanged
GN_HMR_2537,1.26684160502326,Unchanged
GN_HMR_2540,0.997993218787422,Unchanged
GN_HMR_2541,0.997993218787422,Unchanged
GN_HMR_2542,0.997993218787422,Unchanged
GN_HMR_2543,0.997993218787422,Unchanged
GN_HMR_2569,0.20245671351506,Downregulated
GN_HMR_2571,0.202456708508363,Downregulated
GN_HMR_2581,0.195482559837685,Downregulated
GN_HMR_2602,7.39358409329873,Upregulated
GN_HMR_2603,7.39358409329873,Upregulated
GN_HMR_2604,7.39358409287974,Upregulated
GN_HMR_2608,0.101808206521744,Downregulated
GN_HMR_2609,0.101808206521744,Downregulated
GN_HMR_2610,0.101808206521744,Downregulated
GN_HMR_2611,0.112762301929394,Downregulated
GN_HMR_2612,6335219.75533964,Upregulated
GN_HMR_2613,0.439099905172358,Downregulated
GN_HMR_2620,0.242456144845618,Downregulated
GN_HMR_2621,0.242456144845618,Downregulated
GN_HMR_2622,0.242456144845618,Downregulated
GN_HMR_2633,0.196125135238377,Downregulated
GN_HMR_2634,0.0103520269070403,Downregulated
GN_HMR_2635,0.0291634816719778,Downregulated
GN_HMR_2655,0,Downregulated
GN_HMR_2657,0.175865507454923,Downregulated
GN_HMR_2659,0.766450473427441,Unchanged
GN_HMR_2660,0.565241324695484,Unchanged
GN_HMR_2661,0.565241324695484,Unchanged
GN_HMR_2662,0.565241324695484,Unchanged
GN_HMR_2668,1.68880292409275,Unchanged
GN_HMR_2669,0.375067836917535,Downregulated
GN_HMR_2670,0.375067836917535,Downregulated
GN_HMR_2671,0.375067836917535,Downregulated
GN_HMR_2673,6.07608474467725e-09,Downregulated
GN_HMR_2675,0.704965461488123,Unchanged
GN_HMR_2676,0.704965461488123,Unchanged
GN_HMR_2677,0.704965461488123,Unchanged
GN_HMR_2679,12928616.6261947,Upregulated
GN_HMR_2681,0.704965421176989,Unchanged
GN_HMR_2682,0.704965421176989,Unchanged
GN_HMR_2683,0.704965421176989,Unchanged
GN_HMR_2684,0.369457784580166,Downregulated
GN_HMR_2685,0.369457784580166,Downregulated
GN_HMR_2686,0.369457784580166,Downregulated
GN_HMR_2687,0.43478359771813,Downregulated
GN_HMR_2688,0.43478359771813,Downregulated
GN_HMR_2689,0.43478359771813,Downregulated
GN_HMR_2690,0.426722088312242,Downregulated
GN_HMR_2691,0.426722088312242,Downregulated
GN_HMR_2692,0.426722088312242,Downregulated
GN_HMR_2693,0.311569659339128,Downregulated
GN_HMR_2695,0.311569659339128,Downregulated
GN_HMR_2697,0.311569659339128,Downregulated
GN_HMR_2699,0.704965437524722,Unchanged
GN_HMR_2700,0.704965437524722,Unchanged
GN_HMR_2701,0.704965437524722,Unchanged
GN_HMR_2702,0,Downregulated
GN_HMR_2703,0,Downregulated
GN_HMR_2704,0,Downregulated
GN_HMR_2705,0.335135858786349,Downregulated
GN_HMR_2706,0.335135858786349,Downregulated
GN_HMR_2707,0.335135858786349,Downregulated
GN_HMR_2708,0.476194191159592,Downregulated
GN_HMR_2709,0.476194191159592,Downregulated
GN_HMR_2710,0.476194191159592,Downregulated
GN_HMR_2712,1.91286204800284e-08,Downregulated
GN_HMR_2713,1.91286204800284e-08,Downregulated
GN_HMR_2731,534437.289369204,Upregulated
GN_HMR_2733,1.26684141337931,Unchanged
GN_HMR_2734,1.26684141337931,Unchanged
GN_HMR_2735,1.26684141337931,Unchanged
GN_HMR_2736,0.997993218787422,Unchanged
GN_HMR_2737,0.997993218787422,Unchanged
GN_HMR_2738,0.997993218787422,Unchanged
GN_HMR_2739,0.307611872188865,Downregulated
GN_HMR_2740,0.307611872188865,Downregulated
GN_HMR_2741,0.307611872188865,Downregulated
GN_HMR_2744,45305168.9103342,Upregulated
GN_HMR_2753,25857233.390408,Upregulated
GN_HMR_2760,25857232.8438323,Upregulated
GN_HMR_2764,0.537172464286575,Unchanged
GN_HMR_2768,4.89637912348589,Upregulated
GN_HMR_2769,4.89637912348589,Upregulated
GN_HMR_2770,4.89637912348589,Upregulated
GN_HMR_2771,4.80749581559343,Upregulated
GN_HMR_2772,4.80749581559343,Upregulated
GN_HMR_2773,4.80749581559343,Upregulated
GN_HMR_2774,0.997993309428616,Unchanged
GN_HMR_2775,0.997993309428616,Unchanged
GN_HMR_2776,0.997993309428616,Unchanged
GN_HMR_2817,0,Downregulated
GN_HMR_2819,0,Downregulated
GN_HMR_2857,0.0195138853409652,Downregulated
GN_HMR_2859,0.0195138853409652,Downregulated
GN_HMR_2942,1.02375725395416,Unchanged
GN_HMR_2943,1.02375725395416,Unchanged
GN_HMR_2944,1.02375725395416,Unchanged
GN_HMR_2945,1.02375725395416,Unchanged
GN_HMR_2946,1.02375725395416,Unchanged
GN_HMR_2947,1.02375725395416,Unchanged
GN_HMR_2948,1.02375725395416,Unchanged
GN_HMR_2951,1.02375725395416,Unchanged
GN_HMR_2954,1.02375725395416,Unchanged
GN_HMR_2955,1.02375725395416,Unchanged
GN_HMR_2956,1.02375725395416,Unchanged
GN_HMR_2961,1.02375725395416,Unchanged
GN_HMR_2962,1.02375725395416,Unchanged
GN_HMR_2963,1.02375725395416,Unchanged
GN_HMR_2964,1.02375725395416,Unchanged
GN_HMR_2965,1.02375725395416,Unchanged
GN_HMR_2966,1.02375725395416,Unchanged
GN_HMR_2967,1.02375725395416,Unchanged
GN_HMR_2968,1.02375725395416,Unchanged
GN_HMR_2969,1.02375725395416,Unchanged
GN_HMR_2970,1.02375725395416,Unchanged
GN_HMR_2971,1.02375725296801,Unchanged
GN_HMR_2972,1.02375725395416,Unchanged
GN_HMR_2973,1.02375718872669,Unchanged
GN_HMR_2974,1.02375725395416,Unchanged
GN_HMR_2975,1.02375725395416,Unchanged
GN_HMR_2976,1.02375725395416,Unchanged
GN_HMR_2977,1.02375725395416,Unchanged
GN_HMR_2978,1.02375725395416,Unchanged
GN_HMR_2979,1.02375725395416,Unchanged
GN_HMR_2980,1.02375725395416,Unchanged
GN_HMR_2982,1.02375724906565,Unchanged
GN_HMR_2983,1.02375725395416,Unchanged
GN_HMR_2985,1.02375725395416,Unchanged
GN_HMR_2986,1.02375725395416,Unchanged
GN_HMR_2988,1.02375725395416,Unchanged
GN_HMR_2989,1.02375725395416,Unchanged
GN_HMR_2990,1.02375725395416,Unchanged
GN_HMR_2994,1.02375729487007,Unchanged
GN_HMR_2998,1.02375725395416,Unchanged
GN_HMR_2999,1.02375725395416,Unchanged
GN_HMR_3001,1.02375725395416,Unchanged
GN_HMR_3002,1.02375725395416,Unchanged
GN_HMR_3003,1.02375725395416,Unchanged
GN_HMR_3021,0.316373579566163,Downregulated
GN_HMR_3023,0.260114134155333,Downregulated
GN_HMR_3053,0.316373579566163,Downregulated
GN_HMR_3057,0.245488874113812,Downregulated
GN_HMR_3058,0.245488874113812,Downregulated
GN_HMR_3059,0.245488874113812,Downregulated
GN_HMR_3062,0.245488874113812,Downregulated
GN_HMR_3063,0.245488874113812,Downregulated
GN_HMR_3064,0.245488874113812,Downregulated
GN_HMR_3065,0.245488874113812,Downregulated
GN_HMR_3066,0.245488874113812,Downregulated
GN_HMR_3067,0.245488874113812,Downregulated
GN_HMR_3068,0.245488874113812,Downregulated
GN_HMR_3069,0.245488874113812,Downregulated
GN_HMR_3070,0.245488874113812,Downregulated
GN_HMR_3071,0.245488874113812,Downregulated
GN_HMR_3072,0.245488874113812,Downregulated
GN_HMR_3073,0.245488874113812,Downregulated
GN_HMR_3074,0.175474230525769,Downregulated
GN_HMR_3075,0.175474230525769,Downregulated
GN_HMR_3076,0.175474230525769,Downregulated
GN_HMR_3094,0.184455520381879,Downregulated
GN_HMR_3095,0.184455520381879,Downregulated
GN_HMR_3096,0.184455520381879,Downregulated
GN_HMR_3097,0.184455520381879,Downregulated
GN_HMR_3098,0.184455520381879,Downregulated
GN_HMR_3099,0.184455520381879,Downregulated
GN_HMR_3100,0.184455520381879,Downregulated
GN_HMR_3101,0.184455520381879,Downregulated
GN_HMR_3102,0.184455520381879,Downregulated
GN_HMR_3106,19143.9731886022,Upregulated
GN_HMR_3107,0,Downregulated
GN_HMR_3108,0,Downregulated
GN_HMR_3109,0,Downregulated
GN_HMR_3110,0,Downregulated
GN_HMR_3111,0,Downregulated
GN_HMR_3112,0,Downregulated
GN_HMR_3113,0,Downregulated
GN_HMR_3114,0,Downregulated
GN_HMR_3115,0,Downregulated
GN_HMR_3116,0,Downregulated
GN_HMR_3117,0,Downregulated
GN_HMR_3118,0,Downregulated
GN_HMR_3121,76016.5851896492,Upregulated
GN_HMR_3128,76016.5815044497,Upregulated
GN_HMR_3135,76016.5897420409,Upregulated
GN_HMR_3170,0.704965437524722,Unchanged
GN_HMR_3171,0.704965437524722,Unchanged
GN_HMR_3172,0.704965437524722,Unchanged
GN_HMR_3173,0.704965437524722,Unchanged
GN_HMR_3174,0.70496537402101,Unchanged
GN_HMR_3175,0.70496537402101,Unchanged
GN_HMR_3176,0.70496537402101,Unchanged
GN_HMR_3177,0.70496537402101,Unchanged
GN_HMR_3194,0.445836894966893,Downregulated
GN_HMR_3195,0.445836894966893,Downregulated
GN_HMR_3196,0.445836894966893,Downregulated
GN_HMR_3197,0.445836894966893,Downregulated
GN_HMR_3198,0.445836894966893,Downregulated
GN_HMR_3199,0.445836894966893,Downregulated
GN_HMR_3200,0.445836894966893,Downregulated
GN_HMR_3201,0.445836894966893,Downregulated
GN_HMR_3202,0.445836894966893,Downregulated
GN_HMR_3203,0.445836894966893,Downregulated
GN_HMR_3204,0.445836894966893,Downregulated
GN_HMR_3205,0.445836894966893,Downregulated
GN_HMR_3218,0.335135858786349,Downregulated
GN_HMR_3219,0.335135858786349,Downregulated
GN_HMR_3220,0.335135858786349,Downregulated
GN_HMR_3221,0.335135858786349,Downregulated
GN_HMR_3222,0.264540180883391,Downregulated
GN_HMR_3223,0.264540180883391,Downregulated
GN_HMR_3224,0.264540180883391,Downregulated
GN_HMR_3225,0.264540180883391,Downregulated
GN_HMR_3229,0.150483779957099,Downregulated
GN_HMR_3230,0.459256050646325,Downregulated
GN_HMR_3231,0.459256050646325,Downregulated
GN_HMR_3232,0.459256050646325,Downregulated
GN_HMR_3233,0.459256050646325,Downregulated
GN_HMR_3234,0.459256061604038,Downregulated
GN_HMR_3235,0.459256061604038,Downregulated
GN_HMR_3236,0.459256061604038,Downregulated
GN_HMR_3237,0.459256061604038,Downregulated
GN_HMR_3240,0.704965421176989,Unchanged
GN_HMR_3241,0.704965421176989,Unchanged
GN_HMR_3242,0.704965421176989,Unchanged
GN_HMR_3243,0.704965421176989,Unchanged
GN_HMR_3244,0.275768076022937,Downregulated
GN_HMR_3245,0.275768076022937,Downregulated
GN_HMR_3246,0.275768076022937,Downregulated
GN_HMR_3247,0.275768076022937,Downregulated
GN_HMR_3321,47.4244105417217,Upregulated
GN_HMR_3322,0.442095000132321,Downregulated
GN_HMR_3326,0.260114134155333,Downregulated
GN_HMR_3327,0.260114134155333,Downregulated
GN_HMR_3328,0.260114134155333,Downregulated
GN_HMR_3329,0.260114134155333,Downregulated
GN_HMR_3330,0.260114134155333,Downregulated
GN_HMR_3331,0.260114134155333,Downregulated
GN_HMR_3332,0.260114134155333,Downregulated
GN_HMR_3333,0.260114134155333,Downregulated
GN_HMR_3334,0.260114134155333,Downregulated
GN_HMR_3335,0.260114134155333,Downregulated
GN_HMR_3336,0.260114134155333,Downregulated
GN_HMR_3337,0.260114134155333,Downregulated
GN_HMR_3338,0.260114134155333,Downregulated
GN_HMR_3339,0.260114134155333,Downregulated
GN_HMR_3340,0.260114134155333,Downregulated
GN_HMR_3341,0.260114134155333,Downregulated
GN_HMR_3342,0.260114134155333,Downregulated
GN_HMR_3343,0.260114134155333,Downregulated
GN_HMR_3344,0.260114134155333,Downregulated
GN_HMR_3345,0.260114134155333,Downregulated
GN_HMR_3346,0.260114134155333,Downregulated
GN_HMR_3347,0.260114134155333,Downregulated
GN_HMR_3348,0.260114134155333,Downregulated
GN_HMR_3349,0.260114134155333,Downregulated
GN_HMR_3350,0.260114134155333,Downregulated
GN_HMR_3351,0.260114134155333,Downregulated
GN_HMR_3352,0.260114134155333,Downregulated
GN_HMR_3353,0.260114134155333,Downregulated
GN_HMR_3398,0.439099905172358,Downregulated
GN_HMR_3406,0.766450473427441,Unchanged
GN_HMR_3407,1.68880292409275,Unchanged
GN_HMR_3408,0.375067836917535,Downregulated
GN_HMR_3409,0.364711949633436,Downregulated
GN_HMR_3411,0.43478359771813,Downregulated
GN_HMR_3413,0.426722088312242,Downregulated
GN_HMR_3414,0.311569659339128,Downregulated
GN_HMR_3416,0.476194191159592,Downregulated
GN_HMR_3421,1.20692612662915,Unchanged
GN_HMR_3422,0.529629325693029,Unchanged
GN_HMR_3423,4.89637912348589,Upregulated
GN_HMR_3424,4.80749581559343,Upregulated
GN_HMR_3425,0.997993309428616,Unchanged
GN_HMR_3426,0.406004851551088,Downregulated
GN_HMR_3427,0.233322055992192,Downregulated
GN_HMR_3428,5.59372170530678,Upregulated
GN_HMR_3429,1.24796811766599,Unchanged
GN_HMR_3431,1.26684141337931,Unchanged
GN_HMR_3432,0.997993218787422,Unchanged
GN_HMR_3433,0.307611872188865,Downregulated
GN_HMR_3448,0.228413210674936,Downregulated
GN_HMR_3449,0.228413210674936,Downregulated
GN_HMR_3450,0.228413210674936,Downregulated
GN_HMR_3451,0.228413210674936,Downregulated
GN_HMR_3452,0.388331211007716,Downregulated
GN_HMR_3453,0.388331211007716,Downregulated
GN_HMR_3454,0.388331211007716,Downregulated
GN_HMR_3455,0.388331211007716,Downregulated
GN_HMR_3456,0.388331211007716,Downregulated
GN_HMR_3457,0.388331211007716,Downregulated
GN_HMR_3491,0.839737509957041,Unchanged
GN_HMR_3597,1,Unchanged
GN_HMR_3625,1.02375725395416,Unchanged
GN_HMR_3626,1.02375725395416,Unchanged
GN_HMR_3627,1.02375725395416,Unchanged
GN_HMR_3628,1.02375725395416,Unchanged
GN_HMR_3629,1.02375725395416,Unchanged
GN_HMR_3630,1.02375725395416,Unchanged
GN_HMR_3631,1.02375725395416,Unchanged
GN_HMR_3633,1.02375725395416,Unchanged
GN_HMR_3635,1.02375725395416,Unchanged
GN_HMR_3636,1.02375725395416,Unchanged
GN_HMR_3637,1.02375725395416,Unchanged
GN_HMR_3639,1.02375725395416,Unchanged
GN_HMR_3640,1.02375725395416,Unchanged
GN_HMR_3642,1.02375725395416,Unchanged
GN_HMR_3644,1.02375725395416,Unchanged
GN_HMR_3645,1.02375725395416,Unchanged
GN_HMR_3646,1.02375725395416,Unchanged
GN_HMR_3647,1.02375725395416,Unchanged
GN_HMR_3648,1.02375725395416,Unchanged
GN_HMR_3649,1.02375725395416,Unchanged
GN_HMR_3650,1.02375725395416,Unchanged
GN_HMR_3651,1.02375725296801,Unchanged
GN_HMR_3652,1.02375725395416,Unchanged
GN_HMR_3653,1.02375718872669,Unchanged
GN_HMR_3654,1.02375725395416,Unchanged
GN_HMR_3655,1.02375725395416,Unchanged
GN_HMR_3656,1.02375725395416,Unchanged
GN_HMR_3657,1.02375725395416,Unchanged
GN_HMR_3658,1.02375725395416,Unchanged
GN_HMR_3659,1.02375725395416,Unchanged
GN_HMR_3660,1.02375725395416,Unchanged
GN_HMR_3662,1.02375724906565,Unchanged
GN_HMR_3663,1.02375725395416,Unchanged
GN_HMR_3664,1.02375733755268,Unchanged
GN_HMR_3665,1.02375725395416,Unchanged
GN_HMR_3666,1.02375725395416,Unchanged
GN_HMR_3667,1.02375739214261,Unchanged
GN_HMR_3668,1.02375725395416,Unchanged
GN_HMR_3669,1.02375725395416,Unchanged
GN_HMR_3670,1.02375725395416,Unchanged
GN_HMR_3675,1.02375729487007,Unchanged
GN_HMR_3677,1.02375725395416,Unchanged
GN_HMR_3678,1.02375725395416,Unchanged
GN_HMR_3679,1.02375724088036,Unchanged
GN_HMR_3680,1.02375725395416,Unchanged
GN_HMR_3681,1.02375725395416,Unchanged
GN_HMR_3682,1.02375725395416,Unchanged
GN_HMR_3684,1.02375725395416,Unchanged
GN_HMR_3685,1.02375725395416,Unchanged
GN_HMR_3686,1.02375725395416,Unchanged
GN_HMR_3687,1.02375725395416,Unchanged
GN_HMR_3688,1.02375725395416,Unchanged
GN_HMR_3689,1.02375725395416,Unchanged
GN_HMR_3690,1.02375725395416,Unchanged
GN_HMR_3692,1.02375725395416,Unchanged
GN_HMR_3694,1.02375725395416,Unchanged
GN_HMR_3695,1.02375725395416,Unchanged
GN_HMR_3696,1.02375725395416,Unchanged
GN_HMR_3698,1.02375725395416,Unchanged
GN_HMR_3699,1.02375725395416,Unchanged
GN_HMR_3701,1.02375725395416,Unchanged
GN_HMR_3703,1.02375725395416,Unchanged
GN_HMR_3704,1.02375725395416,Unchanged
GN_HMR_3705,1.02375725395416,Unchanged
GN_HMR_3706,1.02375725395416,Unchanged
GN_HMR_3707,1.02375725395416,Unchanged
GN_HMR_3708,1.02375725395416,Unchanged
GN_HMR_3709,1.02375725395416,Unchanged
GN_HMR_3710,1.02375725296801,Unchanged
GN_HMR_3711,1.02375725395416,Unchanged
GN_HMR_3712,1.02375718872669,Unchanged
GN_HMR_3713,1.02375725395416,Unchanged
GN_HMR_3714,1.02375725395416,Unchanged
GN_HMR_3715,1.02375725395416,Unchanged
GN_HMR_3716,1.02375725395416,Unchanged
GN_HMR_3717,1.02375725395416,Unchanged
GN_HMR_3718,1.02375725395416,Unchanged
GN_HMR_3719,1.02375725395416,Unchanged
GN_HMR_3721,1.02375724906565,Unchanged
GN_HMR_3722,1.02375725395416,Unchanged
GN_HMR_3723,1.02375733755268,Unchanged
GN_HMR_3724,1.02375725395416,Unchanged
GN_HMR_3725,1.02375725395416,Unchanged
GN_HMR_3726,1.02375739214261,Unchanged
GN_HMR_3727,1.02375725395416,Unchanged
GN_HMR_3728,1.02375725395416,Unchanged
GN_HMR_3729,1.02375725395416,Unchanged
GN_HMR_3734,1.02375729487007,Unchanged
GN_HMR_3736,1.02375725395416,Unchanged
GN_HMR_3737,1.02375725395416,Unchanged
GN_HMR_3738,1.02375724088036,Unchanged
GN_HMR_3739,1.02375725395416,Unchanged
GN_HMR_3740,1.02375725395416,Unchanged
GN_HMR_3741,1.02375725395416,Unchanged
GN_HMR_3864,1.20800198712987,Unchanged
GN_HMR_3953,1.59588110712184,Unchanged
GN_HMR_4078,0.635012647102738,Unchanged
GN_HMR_4079,0.635012623902458,Unchanged
GN_HMR_4124,0.639583759147211,Unchanged
GN_HMR_4182,0.357541886470764,Downregulated
GN_HMR_4270,0.0906399236166725,Downregulated
GN_HMR_4422,1.09596901682296,Unchanged
GN_HMR_4592,8.30815492831925,Upregulated
GN_HMR_4630,829262.145866486,Upregulated
GN_HMR_4700,375858.498313926,Upregulated
GN_HMR_4756,0.414184580673918,Downregulated
GN_HMR_4757,0.414184580673918,Downregulated
GN_HMR_4964,1.74347959317921e-07,Downregulated
GN_HMR_5420,0.414184542392204,Downregulated
GN_HMR_6385,0.295923610466391,Downregulated
GN_HMR_6545,0.226408807901136,Downregulated
GN_HMR_6549,0.226408811290325,Downregulated
GN_HMR_6550,0.226408853024051,Downregulated
GN_HMR_6584,0.226408820684887,Downregulated
GN_HMR_6595,0.226408808582843,Downregulated
GN_HMR_6629,20.1876126576493,Upregulated
GN_HMR_6632,20.1876126576493,Upregulated
GN_HMR_6647,20.1876126576493,Upregulated
GN_HMR_6729,0.323956578216069,Downregulated
GN_HMR_7198,0.639583904749169,Unchanged
GN_HMR_7628,0.321236883055075,Downregulated
GN_HMR_7652,0.353957758375586,Downregulated
GN_HMR_7703,0.252525801538542,Downregulated
GN_HMR_7711,1416313.95176914,Upregulated
GN_HMR_7715,12.1691107054789,Upregulated
GN_HMR_7720,0.315025574856648,Downregulated
GN_HMR_7724,0.226424492691668,Downregulated
GN_HMR_7727,952342.514284833,Upregulated
GN_HMR_7756,0.321236883055075,Downregulated
GN_HMR_7757,0.228413573908079,Downregulated
GN_HMR_7758,0.0695818132579205,Downregulated
GN_HMR_9581,1,Unchanged
GN_HMR_9582,1,Unchanged
GN_HMR_9583,1,Unchanged
GN_HMR_9584,1,Unchanged
GN_HMR_9619,1,Unchanged
GN_HMR_9627,0.0738503911937949,Downregulated
GN_HMR_9639,2.51251718099867,Upregulated
GN_HMR_9678,0.226408820774938,Downregulated
GN_HMR_9680,0.681070471345794,Unchanged
GN_HMR_9719,0.124865728824647,Downregulated
GN_HMR_9803,0.135101774293689,Downregulated
GN_HMR_9804,0.135101774293689,Downregulated
GN_HMR_9805,0.546163171459423,Unchanged
GN_HMR_2957,1.0237571948059,Unchanged
GN_HMR_6580,0.226408820684887,Downregulated
GN_HMR_1635,0.173456053933363,Downregulated
GN_HMR_1484,0.024737692312469,Downregulated
GN_HMR_1467,0.121814357898494,Downregulated
GN_HMR_1644,0.173456053933363,Downregulated
GN_HMR_1500,0.02473769190941,Downregulated
GN_12DHCHOLabc,0.226408824382142,Downregulated
GN_12DHCHOLt2,0.226408824382142,Downregulated
GN_3DHCDCHOLabc,0.226408827856718,Downregulated
GN_3DHCDCHOLt2,0.226408827856718,Downregulated
GN_3DHCHOLabc,0.226408827856718,Downregulated
GN_3DHCHOLt2,0.226408827856718,Downregulated
GN_3DHDCAabc,0.788767124840794,Unchanged
GN_3DHDCAS,0.26829441931279,Downregulated
GN_3DHLCAabc,0.226408825654029,Downregulated
GN_3DHLCAt2,0.226408825654029,Downregulated
GN_7DHCDCHOLabc,0.226408822179453,Downregulated
GN_7DHCDCHOLt2,0.226408822179453,Downregulated
GN_7DHCHOLabc,0.226408822179453,Downregulated
GN_7DHCHOLt2,0.226408822179453,Downregulated
GN_CA3Sabc,0.226408885626667,Downregulated
GN_CA3St,0.226408885626667,Downregulated
GN_CDCA3GSc,0.687134908544396,Unchanged
GN_CDCA3Gte,0.687134908544396,Unchanged
GN_COPROSTabc,0.226408811310194,Downregulated
GN_COPROSTt2,0.226408811310194,Downregulated
GN_DCA3GSc,0.68713491879589,Unchanged
GN_DCA3Gte,0.68713491879589,Unchanged
GN_DCA3Sabc,0.226408819858821,Downregulated
GN_DCA3St,0.312392708138641,Downregulated
GN_GCA3Sabc,0.226408809435093,Downregulated
GN_GCA3St,0.226408809435093,Downregulated
GN_GCDCA3Sabc,0.226408856689325,Downregulated
GN_GCDCA3St,0.226408856689325,Downregulated
GN_GDCA3Sabc,0.226408856689325,Downregulated
GN_GDCA3St,0.226408856689325,Downregulated
GN_GUDCA3Sabc,0.226408856689325,Downregulated
GN_GUDCA3St,0.226408856689325,Downregulated
GN_HYOCHOLabc,0.226408830321709,Downregulated
GN_HYOCHOLt2,6112538.59969487,Upregulated
GN_ICDCHOLabc,0.226408821895862,Downregulated
GN_ICDCHOLt2,0.226408821895862,Downregulated
GN_ISOCHOLabc,0.226408821895862,Downregulated
GN_ISOCHOLt2,0.226408821895862,Downregulated
GN_LCA3Sabc,0.226408818903312,Downregulated
GN_LCA3St,0.226408818903312,Downregulated
GN_TCA3Sabc,0.226408831238057,Downregulated
GN_TCA3St,0.226408831238057,Downregulated
GN_TCDCA3Sabc,0.226408818903312,Downregulated
GN_TCDCA3St,0.226408818903312,Downregulated
GN_TDCA3Sabc,0.226408818903312,Downregulated
GN_TDCA3St,0.226408818903312,Downregulated
GN_THYOCHOLabc,0.226408819897981,Downregulated
GN_THYOCHOLt2,6112538.59969487,Upregulated
GN_TUDCA3Sabc,0.226408850348224,Downregulated
GN_TUDCA3St,0.226408850348224,Downregulated
GN_UCHOLabc,0.226408828710677,Downregulated
GN_UCHOLt2,0.226408828710677,Downregulated
GN_UDCA3Sabc,0.226408847201525,Downregulated
GN_UDCA3St,0.226408847201525,Downregulated
GN_ACMPGLUTtep,0.226408814733821,Downregulated
GN_ACMPGLUTthc,0.226408814733821,Downregulated
GN_ACMPGLUtep,0.226408814733821,Downregulated
GN_ACMPGLUthc,0.226408814733821,Downregulated
GN_ACMPthc,0,Downregulated
GN_MERACMPtep,0.226408814994415,Downregulated
GN_MERACMPthc,0.226408814994415,Downregulated
GN_sink_his_L[c],1,Unchanged
GN_sink_leu_L[c],2.07556072029411,Upregulated
GN_sink_lys_L[c],2.01536508690515,Upregulated
GN_sink_met_L[c],1.99999837845591,Unchanged
GN_sink_phe_L[c],1,Unchanged
GN_sink_trp_L[c],1,Unchanged
GN_sink_ala_L[c],2.21698105504574,Upregulated
GN_sink_cys_L[c],0.9930878638837,Unchanged
GN_sink_ser_L[c],0.19935428919473,Downregulated
GN_sink_tyr_L[c],1,Unchanged
GN_sink_4abut[l],1.45769083004962,Unchanged
GN_DM_5cysdopa[c],0.368362794767048,Downregulated
GN_DM_4abut[c],2.92300542812811,Upregulated
GN_ATPS4mi,26.9606391697908,Upregulated
GN_CYOR_u10mi,0.692477757721324,Unchanged
GN_NADH2_u10mi,0.46165189460444,Downregulated
GN_CYOOm3i,0.374962692707446,Downregulated
Tr2425dhvitd3[e]_GN2Bl,1.14681727370414,Unchanged
Tr2hb[e]_GN2Bl,15.5662064893847,Upregulated
Tracnacngalgbside_hs[e]_GN2Bl,0.811066382897073,Unchanged
Trnh4[e]_GN2Bl,0.0377448638083208,Downregulated
Trade[e]_GN2Bl,2.4490911735665,Upregulated
Tramp[e]_GN2Bl,0.268182134871092,Downregulated
Trala_B[e]_GN2Bl,0.0118829053705408,Downregulated
Trbilirub[e]_GN2Bl,2.22750988689938,Upregulated
Troxa[e]_GN2Bl,7.30079155022077,Upregulated
Trco[e]_GN2Bl,2.22750981929732,Upregulated
Tr35cgmp[e]_GN2Bl,2.09782149335438,Upregulated
Tr3aib[e]_GN2Bl,6.88129582289717,Upregulated
Trcamp[e]_GN2Bl,1.72339145788542,Unchanged
Trfucgalgbside_hs[e]_GN2Bl,0.303286904101212,Downregulated
Trglyc_S[e]_GN2Bl,0.958879764608164,Unchanged
Trgthox[e]_GN2Bl,0.212256577483156,Downregulated
TrleuktrB4[e]_GN2Bl,1,Unchanged
Trno[e]_GN2Bl,1.33671880192156,Unchanged
Trprostge2[e]_GN2Bl,0.261298972723579,Downregulated
Trretnglc[e]_GN2Bl,1.96964964757654,Unchanged
Trglyb[e]_GN2Bl,60.4243759848275,Upregulated
Trnac[e]_GN2Bl,0.261924526920857,Downregulated
Trribflv[e]_GN2Bl,0.249184971826177,Downregulated
Trurea[e]_GN2Bl,29.4379810042096,Upregulated
Trppi[e]_GN2Bl,1.5885690131343,Unchanged
Trptrc[e]_GN2Bl,1.09596900819973,Unchanged
Trco2[e]_GN2Bl,3.07436699851684e-07,Downregulated
Trlac_L[e]_GN2Bl,368890.796745275,Upregulated
TrHC02205[e]_GN2Bl,0.258264099445098,Downregulated
TrHC02213[e]_GN2Bl,0.779305632156262,Unchanged
Trglcur[e]_GN2Bl,4.65884185691418,Upregulated
Tr3bcrn[e]_GN2Bl,NaN,Unchanged
Tr3tetd7ecoacrn[e]_GN2Bl,NaN,Unchanged
Tr3ttetddcoacrn[e]_GN2Bl,NaN,Unchanged
Tr3thexddcoacrn[e]_GN2Bl,NaN,Unchanged
Tr3ddcrn[e]_GN2Bl,NaN,Unchanged
Tr3deccrn[e]_GN2Bl,NaN,Unchanged
Tr3hdececrn[e]_GN2Bl,NaN,Unchanged
Tr3hexdcrn[e]_GN2Bl,NaN,Unchanged
Tr3ivcrn[e]_GN2Bl,NaN,Unchanged
Tr3octdec2crn[e]_GN2Bl,NaN,Unchanged
Tr3octdeccrn[e]_GN2Bl,NaN,Unchanged
Tr3octdece1crn[e]_GN2Bl,NaN,Unchanged
Tr3tdcrn[e]_GN2Bl,NaN,Unchanged
Trc51crn[e]_GN2Bl,NaN,Unchanged
Trivcrn[e]_GN2Bl,NaN,Unchanged
Trq10h2[e]_GN2Bl,2.32323398278192,Upregulated
Tr5mta[e]_GN2Bl,0.565461495646468,Unchanged
Tr5oxpro[e]_GN2Bl,0.0017343901128272,Downregulated
Tridour[e]_GN2Bl,1.90910760397881,Unchanged
Trpcholmyr_hs[e]_GN2Bl,1.22370253154512,Unchanged
Trpcholole_hs[e]_GN2Bl,1.22370259683148,Unchanged
Trpcholste_hs[e]_GN2Bl,1.22370257033591,Unchanged
Trpcholn204_hs[e]_GN2Bl,1.22370258957916,Unchanged
Trpcholn24_hs[e]_GN2Bl,1.22370265989411,Unchanged
Trpcholhep_hs[e]_GN2Bl,1.22370262022539,Unchanged
Tr4aabutn[e]_GN2Bl,4.04506049125081,Upregulated
TrC06314[e]_GN2Bl,3.81723684478791,Upregulated
TrC14768[e]_GN2Bl,2.77583544803049,Upregulated
TrC14769[e]_GN2Bl,2.77583554321003,Upregulated
TrC14770[e]_GN2Bl,2.7547376755988,Upregulated
TrC14771[e]_GN2Bl,2.7547378382601,Upregulated
TrC14826[e]_GN2Bl,1.26048786620393,Unchanged
Trdodecanac[e]_GN2Bl,2.59156894229353,Upregulated
Trind3ac[e]_GN2Bl,1.94428181772447,Unchanged
Trpac[e]_GN2Bl,2.40074200750251,Upregulated
Trddca[e]_GN2Bl,8.9311032189649,Upregulated
Trgua[e]_GN2Bl,3.37782049372596,Upregulated
Trglcr[e]_GN2Bl,0.846325741450603,Unchanged
Trhxan[e]_GN2Bl,0.776332591330669,Unchanged
Trxyl_D[e]_GN2Bl,7.0406902023529,Upregulated
Tracald[e]_GN2Bl,0.000615298056893964,Downregulated
TrCE4970[e]_GN2Bl,1.68697128890005,Unchanged
TrCE2026[e]_GN2Bl,1.87050759608522,Unchanged
TrCE4968[e]_GN2Bl,1.68697128962532,Unchanged
Tr2m3hvac[e]_GN2Bl,0.135069824810276,Downregulated
Tr3mglutac[e]_GN2Bl,4.38058376485818,Upregulated
Trhexgly[e]_GN2Bl,46.3874622908973,Upregulated
TrC05769[e]_GN2Bl,2.54196817982887,Upregulated
TrCE2006[e]_GN2Bl,0.41067572078134,Downregulated
Trppp9[e]_GN2Bl,2.49923829388479,Upregulated
Trxol24oh[e]_GN2Bl,62.3287968028784,Upregulated
Trchsterols[e]_GN2Bl,693.969640054219,Upregulated
Trsphings[e]_GN2Bl,1.06530242716622,Unchanged
Trim4ac[e]_GN2Bl,1.94428179203601,Unchanged
Trdopa4glcur[e]_GN2Bl,1.46509646731206,Unchanged
Trdopa3glcur[e]_GN2Bl,1.46509657367127,Unchanged
Tr34dhpe[e]_GN2Bl,0.0719671507547682,Downregulated
TrM02745[e]_GN2Bl,0.221585901158187,Downregulated
Trcdca3g[e]_GN2Bl,2.20131645229563,Upregulated
Trdca3g[e]_GN2Bl,2.20131628954754,Upregulated
OO_10FTHF7GLUtl,6.63543031178837,Upregulated
OO_10FTHF7GLUtm,3.57402699438368,Upregulated
OO_10FTHFtl,6.63543031071089,Upregulated
OO_1a_24_25VITD2Hm,1.04144384787116,Unchanged
OO_1a_25VITD2Hm,1.04144385874107,Unchanged
OO_24_25DHVITD3t,1.14681722108225,Unchanged
OO_24_25DHVITD3tm,1.14681722108225,Unchanged
OO_24_25VITD2Hm,1.04144384787116,Unchanged
OO_24_25VITD3Hm,1.14681722108225,Unchanged
OO_25HVITD2tin_m,1.04144373521265,Unchanged
OO_25HVITD3tin_m,1.14681735697692,Unchanged
OO_25VITD2Hm,1.04144385874107,Unchanged
OO_25VITD3Hm,1.14681725109805,Unchanged
OO_2HBO,1.54841698259363e-06,Downregulated
OO_2HCO3_NAt,1,Unchanged
OO_2OXOADOXm,4.85535970418582,Upregulated
OO_34DHOXPEGOX,0.426545842856399,Downregulated
OO_34DHOXPEGt,0.426545842856399,Downregulated
OO_34DHPHEt,21592955.2697604,Upregulated
OO_34HPLFM,2.323233283732,Upregulated
OO_35CGMPtn,2.86884875766853,Upregulated
OO_3AIBTm,6.88129598332786,Upregulated
OO_3AIBtmi,6.88129598332786,Upregulated
OO_3DSPHR,4.11641935752161,Upregulated
OO_3HBCDm,NaN,Unchanged
OO_3HBCOAHLm,1.39371423820589,Unchanged
OO_3HLYTCL,1.7426318649534,Unchanged
OO_3MOBt2im,2.43129729353577e-06,Downregulated
OO_3MOPt2im,2.4312968017587e-06,Downregulated
OO_3SALAASPm,1583068.2520565,Upregulated
OO_3SALACBOXL,0.810050503613612,Unchanged
OO_3SALAOX,0.864277508149159,Unchanged
OO_3SALATAi,19.3036959568203,Upregulated
OO_3SALATAim,19.0929335276813,Upregulated
OO_3SPYRSP,19.3036959568203,Upregulated
OO_3SPYRSPm,19.0929335276813,Upregulated
OO_4ABUTtm,1.06584880108556,Unchanged
OO_4HBZCOAFm,2.32323336094281,Upregulated
OO_4HBZFm,2.32323336094281,Upregulated
OO_4MOPt2im,2.43129710190413e-06,Downregulated
OO_5AOPtm,2.54196816703489,Upregulated
OO_5HLTDL,1.34423233163653,Unchanged
OO_7DHFtl,1.93053704334778,Unchanged
OO_7DHFtm,2.34337772514239,Upregulated
OO_7THFtl,1.93053710314314,Unchanged
OO_7THFtm,3.13627892216941,Upregulated
OO_A4GALTc,0.718466317167487,Unchanged
OO_A4GALTg,2.82783432132651,Upregulated
OO_AACTtm,6.70582966671245,Upregulated
OO_ABTArm,1.06584880108556,Unchanged
OO_ABUTt2rL,2.46782245620818,Upregulated
OO_ACACT10m,NaN,Unchanged
OO_ACACT1rm,0.0998612470370093,Downregulated
OO_ACACT1x,0.00699019583135965,Downregulated
OO_ACACT4p,322891.592445305,Upregulated
OO_ACACT5p,3.94344226479989,Upregulated
OO_ACACT6p,2.18170062312588,Upregulated
OO_ACACT7p,2.18170062312588,Upregulated
OO_ACACT8p,11.1134451200291,Upregulated
OO_ACACT9p,11.1134451200291,Upregulated
OO_ACACtx,8.91223249488689,Upregulated
OO_ACCOACm,0.00164676625692724,Downregulated
OO_ACCOALm,3.18168308449064,Upregulated
OO_ACCOAtr,0.995245843434007,Unchanged
OO_ACGALK2,2.86884874848934,Upregulated
OO_ACGALtly,3.02308285040659,Upregulated
OO_ACGAM6PSi,0.813548457669758,Unchanged
OO_ACGAMK,1.82623924013474,Unchanged
OO_ACGAMPM,1.82623933444209,Unchanged
OO_ACGAMtly,1.8262392314198,Unchanged
OO_ACGPID,0.466870455093526,Downregulated
OO_ACITL,1.17578747193655,Unchanged
OO_ACNACNGALGBSIDEte,0.811066357125496,Unchanged
OO_ACNACNGALGBSIDEtg,0.811066408668651,Unchanged
OO_ACNAM9PL,10.0364873583252,Upregulated
OO_ACNAMlt,2.24000826162426,Upregulated
OO_ACNAMPH,10.0364873583252,Upregulated
OO_ACNAMtn,2.86884895919459,Upregulated
OO_ACOAD1fm,685515.732882869,Upregulated
OO_ACOX2x,1.43023868653755,Unchanged
OO_ACP1_FMN_,2.72268544301618,Upregulated
OO_ACS2,2.86884896204287,Upregulated
OO_ACtg,2.37477629655635,Upregulated
OO_ACTLMO,1.2605537132126,Unchanged
OO_ACTNMO,5.09000590439683,Upregulated
OO_ADA,841777.042934776,Upregulated
OO_ADAe,696607.181706765,Upregulated
OO_ADEt,25741.3689022023,Upregulated
OO_ADK1m,0.911874611073305,Unchanged
OO_ADK3,0.857915609182696,Unchanged
OO_ADK3m,0.911874611073309,Unchanged
OO_ADKd,0.885549956958158,Unchanged
OO_ADMDC,1.68295137583656,Unchanged
OO_ADNCYC,2.86884890463006,Upregulated
OO_ADNK1m,7.69803640836566,Upregulated
OO_ADNt,1,Unchanged
OO_ADNt4,1,Unchanged
OO_ADNtl,1.03540027957044e-05,Downregulated
OO_ADNtm,1.8896216308673,Unchanged
OO_ADRNCOAtx,2.9625542018139,Upregulated
OO_ADRNCPT1,0.85072897027107,Unchanged
OO_ADRNCPT2,0.850728999887036,Unchanged
OO_ADSK,2.7226858315193,Upregulated
OO_ADSL1,4.06872261170426,Upregulated
OO_ADSL2,1.09016640647731,Unchanged
OO_AG13T16g,2.32263489363705,Upregulated
OO_AG13T17g,2.32263489363705,Upregulated
OO_AG13T18g,2.32263489363705,Upregulated
OO_AG13T1g,2.28449822623246,Upregulated
OO_AG13T2g,2.28449822623246,Upregulated
OO_AG13T3g,2.28449822623246,Upregulated
OO_AGMTm,14.1551445732466,Upregulated
OO_AGPAT1,1.40502277520699,Unchanged
OO_AGTim,NaN,Unchanged
OO_AIRCr,1.09016640647731,Unchanged
OO_AKGDm,0.0624241883335367,Downregulated
OO_AKGt4_3,1.99999947587234,Unchanged
OO_ALASm,1,Unchanged
OO_ALATA_L,11.9172256287171,Upregulated
OO_ALCD21_D,1,Unchanged
OO_ALCD21_L,1,Unchanged
OO_ALCD22_D,1,Unchanged
OO_ALCD22_L,1,Unchanged
OO_ALDD20x,1.94428169810207,Unchanged
OO_ALDD2y,2.48217716327892e-07,Downregulated
OO_ALOX15,2.36052437164466,Upregulated
OO_ALOX52,1,Unchanged
OO_ALR2,1,Unchanged
OO_ALR3,1,Unchanged
OO_AMACR2p,0.0404226705747388,Downregulated
OO_AMACRp,1.43023868653755,Unchanged
OO_AMETt2m,15.2566225940495,Upregulated
OO_AMPDA,0.031651610806148,Downregulated
OO_AMPtp,1,Unchanged
OO_AOBUTDsm,6.70582966671245,Upregulated
OO_APAT2rm,0.0118829079973666,Downregulated
OO_APRTO2,4.04506020373062,Upregulated
OO_ARACHCPT1,3.02674884975587,Upregulated
OO_ARACHCPT2,3.02674877915069,Upregulated
OO_ARACHDt2,0.998333585064337,Unchanged
OO_ARACHt,0.995000079498888,Unchanged
OO_ARGDCm,74.5723408903473,Upregulated
OO_ARGNm,49.0491968510521,Upregulated
OO_R_group_phosphotase_1,2.02130014423723,Upregulated
OO_R_group_phosphotase_2,1.96809171391664,Unchanged
OO_R_group_phosphotase_3,11.1047462062902,Upregulated
OO_ARTPLM3,547872.871627524,Upregulated
OO_ARTPLM3m,547872.906605308,Upregulated
OO_ASAH1,1.92988160069563,Unchanged
OO_ASNNm,0.0460312201155815,Downregulated
OO_ASNtm,0.0460312209936214,Downregulated
OO_ASPCTr,65040648.1512079,Upregulated
OO_ASPGLUm,1583068.24583923,Upregulated
OO_ASPTAm,0.539832908703654,Unchanged
OO_ATP1ter,2.44701591187567,Upregulated
OO_ATP2ter,2336980.09139341,Upregulated
OO_ATPH1e,0.292742077980583,Downregulated
OO_ATPH2e,0.407866842827485,Downregulated
OO_ATPtm,0.424759525531186,Downregulated
OO_ATPtx,1,Unchanged
OO_B3GALT3g,2.82783432132651,Upregulated
OO_B3GALT41g,2.33750222173509,Upregulated
OO_B3GALT5g,0.303286884354892,Downregulated
OO_BAAT3x,0.0404226705747388,Downregulated
OO_BALAtmr,0.0118829079973666,Downregulated
OO_BAMPPALDOX,1.68295131232245,Unchanged
OO_BDHm,46.0618314369643,Upregulated
OO_BHBtm,46.0618314369643,Upregulated
OO_BHMT,24.9937946566044,Upregulated
OO_BILGLCURtr,1.05663215329345,Unchanged
OO_BILIRUBtr,5321197.58776794,Upregulated
OO_BMTer_U,0.466870420948909,Downregulated
OO_BPNT2,2.7226856100307,Upregulated
OO_BTNt3i,2.72268564743597,Upregulated
OO_BUP2,1.45847387496299,Unchanged
OO_C14STRr,0.017484419319016,Downregulated
OO_C160CPT1,1902.6572831878,Upregulated
OO_C160CPT2,1902.65431462453,Upregulated
OO_C161CPT2,23.9706835322055,Upregulated
OO_C161CPT22,1.44956412183355e-06,Downregulated
OO_C180CPT1,96312.020597644,Upregulated
OO_C180CPT2,1.60717154641684,Unchanged
OO_C181CPT1,3.11813999829269e-08,Downregulated
OO_C181CPT2,4.27294974548359e-08,Downregulated
OO_C204CPT1,1.38953780102617,Unchanged
OO_C204CPT2,1.38953778071528,Unchanged
OO_C226CPT1,1216066.52839996,Upregulated
OO_C226CPT2,1216066.54135587,Upregulated
OO_C3STDH1Pr,8.52370053557413e-08,Downregulated
OO_C3STDH1r,8.52370141307087e-08,Downregulated
OO_C3STKR2r,0.0466062772737456,Downregulated
OO_C4STMO2Pr,0.0466062783880614,Downregulated
OO_C4STMO2r,0.0466062741841568,Downregulated
OO_CAATPS,2.72268556213659,Upregulated
OO_CAt7r,1,Unchanged
OO_CATm,0.865207298495256,Unchanged
OO_CATp,3.14729030573283,Upregulated
OO_CBPSam,2.03865237556533,Upregulated
OO_CBR2,1,Unchanged
OO_CDPDAGtm,0.0571208097939056,Downregulated
OO_CDS,0.0705120378917643,Downregulated
OO_CDSm,0.0571781268298974,Downregulated
OO_CEPTC,0.0241827162533678,Downregulated
OO_CEPTE,0.112954494430569,Downregulated
OO_CERK,2.72268559409593,Upregulated
OO_CERT1gt,2.86884878764814,Upregulated
OO_CERT1rt,1.70302455376785,Unchanged
OO_CERT2gt,0.685065975042323,Unchanged
OO_CERT2rt,0.734514930149268,Unchanged
OO_CGLYt3_2_,263023.40000562,Upregulated
OO_CHLPCTD,0.0241827194018181,Downregulated
OO_CHOLPtg,2.86884887600465,Upregulated
OO_CHOLPtl,2.89941219290205,Upregulated
OO_CHSTEROLSULT,2.81841473934949,Upregulated
OO_CHSTEROLtg,2.72268570015415,Upregulated
OO_CITtam,1,Unchanged
OO_CITtbm,1,Unchanged
OO_CK,2.38634210685928,Upregulated
OO_CLHCO3tex2,1,Unchanged
OO_CLOHtex2,425048.739982449,Upregulated
OO_CLOXAtex2,1,Unchanged
OO_CLPNDCPT1,1.73214426202226,Unchanged
OO_CLPNDCPT2,1.73214423762638,Unchanged
OO_CLPNDt,3.07427836697193,Upregulated
OO_CLS_hs,25.4786867056541,Upregulated
OO_CMPACNAtg,1.71869505583357,Unchanged
OO_CMPACNAtn,2.86884895919459,Upregulated
OO_CMPSAS,2.86884902979031,Upregulated
OO_CMPSASn,2.86884895919459,Upregulated
OO_CO2ter,0.211602871985887,Downregulated
OO_CO2tg,1.30266538305685,Unchanged
OO_COAtl,2.72268526666549,Upregulated
OO_COAtm,1,Unchanged
OO_COAtp,2.76303679844935e-06,Downregulated
OO_COAtr,1,Unchanged
OO_COQ3m,2.32323339697969,Upregulated
OO_COQ5m,2.32323339697969,Upregulated
OO_COQ6m,2.32323339697969,Upregulated
OO_COQ7m,2.32323339697969,Upregulated
OO_CORE2GTg,2.28449822623246,Upregulated
OO_CORE3GTg,2.32263489363705,Upregulated
OO_CORE4GTg,2.32263489363705,Upregulated
OO_CORE6GTg,2.10783183460669,Upregulated
OO_COt,2.2275097868602,Upregulated
OO_COUCOAFm,2.32323336094281,Upregulated
OO_CREATtmdiffir,2.38634210685928,Upregulated
OO_CSAPASEly,1.30266527107868,Unchanged
OO_CSBPASEly,1.40142234617047,Unchanged
OO_CSCPASEly,1.30266530216994,Unchanged
OO_CSDPASEly,1.48880950560621,Unchanged
OO_CSEPASEly,1.56668242426651,Unchanged
OO_CSm,29.3412907645969,Upregulated
OO_CSNATer,0.995245843434007,Unchanged
OO_CSNATp,0.459979141052422,Downregulated
OO_CSNATr,0.995245843434002,Unchanged
OO_CSPG_At,1.30266528051412,Unchanged
OO_CSPG_Atly,1.30266527107868,Unchanged
OO_CSPG_Bt,1.40142234617047,Unchanged
OO_CSPG_Btly,1.40142234617047,Unchanged
OO_CSPG_Ct,1.30266538424548,Unchanged
OO_CSPG_Ctly,1.30266530216994,Unchanged
OO_CSPG_Dt,1.48880950560621,Unchanged
OO_CSPG_Dtly,1.48880950560621,Unchanged
OO_CSPG_Et,1.56668243893756,Unchanged
OO_CSPG_Etly,1.56668242426651,Unchanged
OO_CTPtn,2.86884895919459,Upregulated
OO_CYSO,0.942981216353767,Unchanged
OO_CYSTA,19.2616300919729,Upregulated
OO_CYTD,8.2276859903463e-07,Downregulated
OO_CYTDK2m,0.0571781253770648,Downregulated
OO_CYTDt,0.993277097080109,Unchanged
OO_CYTDt4,1,Unchanged
OO_CYTDtl,2.72268561264259,Upregulated
OO_CYTDtm,0.05712063251788,Downregulated
OO_CYTK1m,0.0571781268298974,Downregulated
OO_CYTK3,9.56088020510106e-07,Downregulated
OO_CYTK4,0.636646220163351,Unchanged
OO_DADA,1742348.88231392,Upregulated
OO_DADAe,1644971.62008494,Upregulated
OO_DADNt4,1,Unchanged
OO_DAG_HSter,0.46687040532747,Downregulated
OO_DAGK_hs,8028428.71811911,Upregulated
OO_DAGt,0.00658984645429207,Downregulated
OO_DASCBR,1.26055360847919,Unchanged
OO_DATPtn,2.70849779468454,Upregulated
OO_DCIm,4.17920637242731e-07,Downregulated
OO_DCK1m,1.09689555390224,Unchanged
OO_DCK1n,1.09406541976943e-05,Downregulated
OO_DCSPTN1COAtx,2.24832546989329,Upregulated
OO_DCSPTN1CPT1,2.24832525899828,Upregulated
OO_DCSPTN1CPT2,2.24832525169011,Upregulated
OO_DCT,0.539853865542881,Unchanged
OO_DCTPtn,1.0940653917923e-05,Downregulated
OO_DCYTD,3.77432918715881,Upregulated
OO_DCYTDn,3.77432918713767,Upregulated
OO_DCYTt,0.999999992534374,Unchanged
OO_DDPGAm,NaN,Unchanged
OO_DECDPtm,2.32323336094281,Upregulated
OO_DESAT18_10,0.961264643502979,Unchanged
OO_DESAT18_8,0.64440729500948,Unchanged
OO_DESAT22_1p,2.9625542018139,Upregulated
OO_DGCHOLtx,0.0404226705703769,Downregulated
OO_DGK2m,2.11260871404352,Upregulated
OO_DGNSKm,2.11260871404352,Upregulated
OO_DGSNt,1.36469071966385,Unchanged
OO_DGSNtm,2.11260871404352,Upregulated
OO_DGTPtn,2.68222257852551,Upregulated
OO_DHAAt1r,1.16621242598118,Unchanged
OO_DHCR243r,2.1494369207567,Upregulated
OO_DHCR71r,2.1494369207567,Upregulated
OO_DHCRD1,2.72268566573805,Upregulated
OO_DHCRD2,0.067932727209049,Downregulated
OO_DHDPBMTm,2.32323336094281,Upregulated
OO_DHEASt,0.500000107727995,Unchanged
OO_DHFtl,1.93053704334778,Unchanged
OO_DHPM2,1.45847387496299,Unchanged
OO_DIDPtn,2.7627856237133,Upregulated
OO_DIGALSIDEtl,2.15289091637249,Upregulated
OO_DINt,1.21890467995574,Unchanged
OO_DITPtn,2.7627856237133,Upregulated
OO_D_LACtm,0.608607854337138,Unchanged
OO_DLNLCGCPT2,5.57825524372916,Upregulated
OO_DLNLCGt,0.0718262994556606,Downregulated
OO_DM_datp_m_,0.520060012310038,Unchanged
OO_DM_dctp_m_,1.8748435301964,Unchanged
OO_DM_dem2emgacpail_prot_hs_r_,0.466870420948909,Downregulated
OO_DM_dgpi_prot_hs_r_,0.629316117992253,Unchanged
OO_DM_gpi_sig_er_,0.466870415023451,Downregulated
OO_DM_melanin_c_,0.539853939684808,Unchanged
OO_DMATTx,8.52370071437975e-08,Downregulated
OO_DNDPt10m,1254296.491185,Upregulated
OO_DNDPt11m,1254296.49962018,Upregulated
OO_DNDPt12m,3.4956951475444,Upregulated
OO_DNDPt13m,1254296.50007612,Upregulated
OO_DNDPt14m,1937246.75716662,Upregulated
OO_DNDPt15m,1937246.8017606,Upregulated
OO_DNDPt16m,1937246.71801105,Upregulated
OO_DNDPt17m,1937246.76913084,Upregulated
OO_DNDPt18m,4.43347145116081,Upregulated
OO_DNDPt19m,1937246.74520241,Upregulated
OO_DNDPt1m,5.26908450047142,Upregulated
OO_DNDPt20m,1937246.77565685,Upregulated
OO_DNDPt21m,4.43347124919548,Upregulated
OO_DNDPt23m,1937246.68538131,Upregulated
OO_DNDPt24m,1937246.67341723,Upregulated
OO_DNDPt25m,1937246.73323821,Upregulated
OO_DNDPt28m,1254296.43122674,Upregulated
OO_DNDPt2m,43631.2670087265,Upregulated
OO_DNDPt30m,3.49569505869852,Upregulated
OO_DNDPt31m,1254296.52652165,Upregulated
OO_DNDPt32m,1254296.48525757,Upregulated
OO_DNDPt37m,4.43347163306803,Upregulated
OO_DNDPt38m,1.77338868388799,Unchanged
OO_DNDPt39m,4.43347153726307,Upregulated
OO_DNDPt3m,43631.2688114918,Upregulated
OO_DNDPt40m,4.43347148605075,Upregulated
OO_DNDPt41m,4.4334716731653,Upregulated
OO_DNDPt42m,3.10343005299903,Upregulated
OO_DNDPt43m,4.4334716359234,Upregulated
OO_DNDPt44m,76832.9005193341,Upregulated
OO_DNDPt45m,7.92916673813779,Upregulated
OO_DNDPt46m,43631.2682320619,Upregulated
OO_DNDPt47m,43631.2681355011,Upregulated
OO_DNDPt48m,76832.90196681,Upregulated
OO_DNDPt49m,76832.9031148437,Upregulated
OO_DNDPt4m,43631.2687793108,Upregulated
OO_DNDPt50m,76832.9054108079,Upregulated
OO_DNDPt51m,1.87484350112064,Unchanged
OO_DNDPt52m,1.87484371799219,Unchanged
OO_DNDPt53m,1.87484358724743,Unchanged
OO_DNDPt54m,1.87484363472385,Unchanged
OO_DNDPt55m,1.86845546652558,Unchanged
OO_DNDPt56m,1.87484360536513,Unchanged
OO_DNDPt57m,3.24448581470921,Upregulated
OO_DNDPt58m,2.9993029832539,Upregulated
OO_DNDPt59m,2.90002427629321,Upregulated
OO_DNDPt5m,43631.2686504875,Upregulated
OO_DNDPt60m,2.90002459167294,Upregulated
OO_DNDPt61m,2.90002474293532,Upregulated
OO_DNDPt62m,2.90002450613335,Upregulated
OO_DNDPt63m,2.90002451898778,Upregulated
OO_DNDPt6m,43631.268199864,Upregulated
OO_DNDPt7m,43631.2681354965,Upregulated
OO_DOLGLCP_Lter,1.34280215572357,Unchanged
OO_DOLGPP_Ler,1.34280218991757,Unchanged
OO_DOLICHOL_Lter,1.34280218991757,Unchanged
OO_DOLICHOL_Uter,0.807717689466014,Unchanged
OO_DOLK_L,1.34280218991757,Unchanged
OO_DOLK_U,0.807717689466014,Unchanged
OO_DOLMANP_Uter,0.466870371419582,Downregulated
OO_DOLPGT3_Ler,1.34280218991757,Unchanged
OO_DOLPGT3_Uer,0.807717748194419,Unchanged
OO_DOLPMT3_Uer,0.466870371419582,Downregulated
OO_DOLPMT4_Uer,0.466870422337647,Downregulated
OO_DOPABMO,0.426545839454119,Downregulated
OO_DOPAQNISO1,0.539853860107389,Unchanged
OO_DPCOAtl,2.72268526666549,Upregulated
OO_DPGase,2.72268549641943,Upregulated
OO_DPGM,2.72268549641943,Upregulated
OO_DPHMBDCm,2.32323336094281,Upregulated
OO_DPPS,2.32323336094281,Upregulated
OO_DRPA,0.712795133000111,Unchanged
OO_DSAT,2.14907936946115,Upregulated
OO_DTTPtn,35306298054.3715,Upregulated
OO_DUMPtn,3.41144555715539,Upregulated
OO_DURAD2,1.45847387496299,Unchanged
OO_DURIK1,1,Unchanged
OO_DURItn,3.77432918713767,Upregulated
OO_DUTPDPm,3.18168336966825,Upregulated
OO_DUTPDPn,3.41144555715539,Upregulated
OO_EBP1r,2.1494368555253,Upregulated
OO_EBP2r,0.0174844171761366,Downregulated
OO_ECOAH12m,1.39371423827795,Unchanged
OO_ECOAH1m,61.4883457283488,Upregulated
OO_ECOAH9m,NaN,Unchanged
OO_EHGLAT2m,NaN,Unchanged
OO_EHGLATm,NaN,Unchanged
OO_EICOSTETCPT1,1.71802540796882,Unchanged
OO_EICOSTETCPT2,1.71802537330245,Unchanged
OO_ELAIDCPT2,0.241124124929116,Downregulated
OO_ELAIDCRNt,3.3224208906546e-07,Downregulated
OO_ESTRADIOLGLCt,5.44537116734853,Upregulated
OO_ESTRADIOLGLCt2,2.72268578121279,Upregulated
OO_ESTRADIOLtr,1.31090302046732,Unchanged
OO_ESTRONESt,1.07727996720541e-07,Downregulated
OO_ESTRONEtr,1.31090302046575,Unchanged
OO_ETF,138042.797279764,Upregulated
OO_ETFQO,138042.797279764,Upregulated
OO_ETHAK,0.309930131924121,Downregulated
OO_F1Atg,2.10783183460669,Upregulated
OO_FACOAL140i,3.49248381002995,Upregulated
OO_FACOAL150,2.86884895888104,Upregulated
OO_FACOAL160i,15.4942570218145,Upregulated
OO_FACOAL170,2.86884895122101,Upregulated
OO_FACOAL180i,2.86884878490574,Upregulated
OO_FACOAL181i,8.50660078910617,Upregulated
OO_FACOAL1821,15.494256514658,Upregulated
OO_FACOAL1831,5.1796411999571,Upregulated
OO_FACOAL204,4.09715284212256,Upregulated
OO_FACOAL2251,2.86884884694062,Upregulated
OO_FACOAL244_1,2.86884863606021,Upregulated
OO_FACOAL245_1,2.86884859152425,Upregulated
OO_FACOAL245_2,2.86884859152425,Upregulated
OO_FACOAL246_1,2.86884859152425,Upregulated
OO_FACOAL260,2.86884871627665,Upregulated
OO_FADDP,2.86884882020956,Upregulated
OO_FADH2tru,0.0174844184965574,Downregulated
OO_FADtru,0.017484418334824,Downregulated
OO_FAEL183,1.24313839771042,Unchanged
OO_FAEL184,1.69195579238684,Unchanged
OO_FAEL204,1.25868944812298,Unchanged
OO_FAEL205,1.77520237113441,Unchanged
OO_FAH3,2.59156887443359,Upregulated
OO_FALDH,1,Unchanged
OO_FAOXC2051843m,184549.296901294,Upregulated
OO_FAOXC2051843x,1.43588239041926,Unchanged
OO_FAOXC226205m,1216066.54135587,Upregulated
OO_FATP3t,1.93245838195965,Unchanged
OO_FATP4t,0.995000079498893,Unchanged
OO_FATP5t,0.998333585064337,Unchanged
OO_FATP6t,84023607.9226581,Upregulated
OO_FATP7t,35475999.2055574,Upregulated
OO_FATP8t,1,Unchanged
OO_FATP9t,1.07727993281514e-07,Downregulated
OO_FBA4,1.2610984647798,Unchanged
OO_FBP26,2.72268580348677,Upregulated
OO_FE3R2e,1.260553662164,Unchanged
OO_FOLR2,0.914463115145585,Unchanged
OO_FORtr,0.0174844192754792,Downregulated
OO_FPGS2,2.72268566858722,Upregulated
OO_FPGS2m,3.13627892216941,Upregulated
OO_FPGS3,2.72268566858722,Upregulated
OO_FPGS3m,3.13627892216941,Upregulated
OO_FPGS4,1.93053724607907,Unchanged
OO_FPGS4m,2.34337772514239,Upregulated
OO_FPGS5,1.93053724607907,Unchanged
OO_FPGS5m,2.34337772514239,Upregulated
OO_FPGS6,1.93053724607907,Unchanged
OO_FPGS6m,2.34337772514239,Upregulated
OO_FPGS7m,3.57402699438368,Upregulated
OO_FPGS8,6.63543147182729,Upregulated
OO_FPGS8m,3.57402699438368,Upregulated
OO_FPGS9,6.63543147182729,Upregulated
OO_FPGS9m,3.57402699438368,Upregulated
OO_FPGSm,3.13627892216941,Upregulated
OO_FRDPtr,8.52370071437975e-08,Downregulated
OO_FUCGALGBSIDEte,0.303286904101212,Downregulated
OO_FUCGALGBSIDEtg,0.303286904101212,Downregulated
OO_FUMm,1.09755124052053,Unchanged
OO_FUMSO3tm,19.0929335276813,Upregulated
OO_FUT11g,0.303286904101212,Downregulated
OO_G14T18g,2.32263489363705,Upregulated
OO_G14T19g,2.32263489363705,Upregulated
OO_G14T20g,2.32263489363705,Upregulated
OO_G14T21g,2.32263489363705,Upregulated
OO_G14T2g,2.28449822623246,Upregulated
OO_G14T3g,2.28449822623246,Upregulated
OO_G14T4g,2.28449822623246,Upregulated
OO_G14T5g,2.28449822623246,Upregulated
OO_G3PD2m,1.10279009426562,Unchanged
OO_GACMTRc,2.38634203155956,Upregulated
OO_GACPAILter,0.466870455093526,Downregulated
OO_GALASE16ly,2.28449822623246,Upregulated
OO_GALASE17ly,2.28449856232542,Upregulated
OO_GALASE18ly,2.28449856232542,Upregulated
OO_GALASE19ly,2.10783178315511,Upregulated
OO_GALASE20ly,2.32263489363705,Upregulated
OO_GALC,1.92988160335793,Unchanged
OO_GALGLUSIDEtg,3.53515337746798,Upregulated
OO_GALGLUSIDEtl,0.32412694287002,Downregulated
OO_GALGT1,2.33750222173509,Upregulated
OO_GALNACT1g,1.30266555830964,Unchanged
OO_GALNACT2g,1.30266533612651,Unchanged
OO_GALNACT3g,1.30266538424548,Unchanged
OO_GALNACT4g,1.48880950560621,Unchanged
OO_GALNACT5g,1.56668243893756,Unchanged
OO_GALNTg,2.10783178315511,Upregulated
OO_GALOR,12658949.721526,Upregulated
OO_GALSIDEtl,2.0845897450257,Upregulated
OO_GALT2g,1.30266556269368,Unchanged
OO_GALTg,1.30266556269368,Unchanged
OO_GALtly,0.718466410493992,Unchanged
OO_GARFT,1.09016640647731,Unchanged
OO_GCALDDm,8.4356366813142,Upregulated
OO_GCC2cm,64.55479296931,Upregulated
OO_GCHOLAt,1.07727997828988e-07,Downregulated
OO_GDPFUCtg,0.303286904101212,Downregulated
OO_GDPtg,0.303286904101212,Downregulated
OO_GFUCS,0.30328690293393,Downregulated
OO_GGH_10FTHF5GLUl,6.63543031178837,Upregulated
OO_GGH_10FTHF6GLUl,6.63543031178837,Upregulated
OO_GGH_10FTHF7GLUl,6.63543031178837,Upregulated
OO_GGH_5DHFl,1.93053704334778,Unchanged
OO_GGH_5THFl,1.93053710314314,Unchanged
OO_GGH_6DHFl,1.93053704334778,Unchanged
OO_GGH_6THFl,1.93053710314314,Unchanged
OO_GGH_7DHFl,1.93053704334778,Unchanged
OO_GGH_7THFl,1.93053710314314,Unchanged
OO_GGLUCT,2.04637584028964e-08,Downregulated
OO_GGT5r,0.450136011429962,Downregulated
OO_GGT6,0.5,Downregulated
OO_GHMT2rm,27.3165000489501,Upregulated
OO_GLACO,0.846325737642371,Unchanged
OO_GLACter,0.846325737642371,Unchanged
OO_GLAl,2.15289091637249,Upregulated
OO_GLCAASE1ly,2.3747765372785,Upregulated
OO_GLCAASE4ly,1.30266527107868,Unchanged
OO_GLCAASE5ly,1.30266530216994,Unchanged
OO_GLCAASE6ly,1.48880950560621,Unchanged
OO_GLCAASE7ly,1.56668242426651,Unchanged
OO_GLCAASE8ly,1.82623920887392,Unchanged
OO_GLCAASE9ly,1.82623920887392,Unchanged
OO_GLCAE1g,1.40142234617047,Unchanged
OO_GLCAE2g,2.37477653483456,Upregulated
OO_GLCAT2g,1.30266533612651,Unchanged
OO_GLCAT3g,1.30266538424548,Unchanged
OO_GLCAT4g,1.48880950560621,Unchanged
OO_GLCAT5g,1.56668243893756,Unchanged
OO_GLCAT6g,2.37477653483456,Upregulated
OO_GLCAT7g,2.37477653483456,Upregulated
OO_GLCAT8g,2.37477653483456,Upregulated
OO_GLCAT9g,2.37477653483456,Upregulated
OO_GLCATg,1.30266556269368,Unchanged
OO_GLCNACASE1ly,2.3747765372785,Upregulated
OO_GLCNACASE2ly,2.3747765372785,Upregulated
OO_GLCNACASE3ly,2.3747765372785,Upregulated
OO_GLCNACASE4ly,2.3747765372785,Upregulated
OO_GLCNACASE5ly,2.3747765372785,Upregulated
OO_GLCNACDASg,2.37477653483456,Upregulated
OO_GLCNACT1g,2.37477653483456,Upregulated
OO_GLCNACT2g,2.37477653483456,Upregulated
OO_GLCNACT3g,2.37477653483456,Upregulated
OO_GLCNACT4g,2.37477653483456,Upregulated
OO_GLCNACT5g,2.37477653483456,Upregulated
OO_GLCter,1.34280218991757,Unchanged
OO_GLCtg,1.33803808201467,Unchanged
OO_GLCtly,1.94673656998063,Unchanged
OO_GLCURtly,1.82623921248976,Unchanged
OO_GLNtm,12.760348803466,Upregulated
OO_GLUCYS,2.53654393439579,Upregulated
OO_GLUDC,1.57749113159933,Unchanged
OO_GluForTx,84.7905822833258,Upregulated
OO_GLUt2m,0.0833069356178189,Downregulated
OO_GLUt6,48847.8824424842,Upregulated
OO_GLUt7l,6.6354299389657,Upregulated
OO_GLUTCOADHm,4.85536045835291,Upregulated
OO_GLUtr,0.450136011429962,Downregulated
OO_GLYAMDTRc,2.38634203155956,Upregulated
OO_GLYATm,6.70582966671245,Upregulated
OO_GLYCLTDy,2552413.16682348,Upregulated
OO_GLYC_St,1233391.37602623,Upregulated
OO_GLYCtm,0.327407708717274,Downregulated
OO_GLYOXm,0.608607854337138,Unchanged
OO_GLYtp,0.0404226705703769,Downregulated
OO_GMPtg,0.303286904101212,Downregulated
OO_GMPtn,2.86884875766853,Upregulated
OO_GNDer,0.940545596755281,Unchanged
OO_GPAM_hs,1.40502277520699,Unchanged
OO_GPIAT,0.466870455093526,Downregulated
OO_GPIDA2er,0.466870420948909,Downregulated
OO_GPIDAer,0.629316117992253,Unchanged
OO_GPIMTer_U,0.466870455093526,Downregulated
OO_GQ1Bte,0.509879231166839,Unchanged
OO_GRTTx,8.52370071437975e-08,Downregulated
OO_GSNt,1,Unchanged
OO_GSNt4,1,Unchanged
OO_GSNtl,9793.6966968688,Upregulated
OO_GTHP,0.977633171541543,Unchanged
OO_GTHPe,0.480664551773698,Downregulated
OO_GTHPm,0.865207336578542,Unchanged
OO_GTHRDtr,12.7796085875409,Upregulated
OO_GUACYC,2.91557556785036,Upregulated
OO_GUAD,3684531.53686997,Upregulated
OO_H2CO3Dm,0.0213339048996967,Downregulated
OO_H2ETer,0.466870420948909,Downregulated
OO_H2MTer_U,0.629316117992253,Unchanged
OO_H2O2t,0.212256597574905,Downregulated
OO_H2O2tly,0.974648746044479,Unchanged
OO_H2O2tn,0.296683144081302,Downregulated
OO_H2Oter,567732.986763073,Upregulated
OO_H2Otg,2.72268567589116,Upregulated
OO_H2Otly,1,Unchanged
OO_H2Otm,0.993589325232936,Unchanged
OO_H2Otn,1.61431069310364,Unchanged
OO_H3MTer_U,0.629316117992253,Unchanged
OO_H4ET3er,0.629316117992253,Unchanged
OO_H5MTer_U,0.466870420948909,Downregulated
OO_H6ET3er,0.466870420948909,Downregulated
OO_H7_TAer,0.466870420948909,Downregulated
OO_H8TAer,0.629316117992253,Unchanged
OO_HACD1m,61.4883457283488,Upregulated
OO_HACD9m,NaN,Unchanged
OO_HAS1,1.82623920887392,Unchanged
OO_HAS2,1.82623920887392,Unchanged
OO_HAtly,1.82623920887392,Unchanged
OO_HBZOPT10m,2.32323336094281,Upregulated
OO_HDCAtr,1,Unchanged
OO_HDCEAtr,50733564.7815446,Upregulated
OO_HDD2COAtx,2.18170062312588,Upregulated
OO_HEXCCOAtx,11.1134451200291,Upregulated
OO_HIBDm,1.3937154286997,Unchanged
OO_HISDC,1.94428205088005,Unchanged
OO_HISTASE,1.94428191878181,Unchanged
OO_HMGCOASi,0.180441925859727,Downregulated
OO_HMGCOASim,0.313638719234617,Downregulated
OO_HMGCOAtm,0.0288326504312438,Downregulated
OO_HMGCOAtx,0.0258102540361268,Downregulated
OO_HMGLm,70.5189474052973,Upregulated
OO_HMGLx,8.91223249488689,Upregulated
OO_HOXG,2.2275097868602,Upregulated
OO_HPDCACRNCPT1,1.97959345732906,Unchanged
OO_HPDCACRNCPT2,1.97959345732906,Unchanged
OO_HPYRDCm,8.4356366813142,Upregulated
OO_HPYRR2x,1233391.33486495,Upregulated
OO_HPYRRy,10.1624166706834,Upregulated
OO_HS1ly,2.3747765372785,Upregulated
OO_HS2ly,2.3747765372785,Upregulated
OO_HS3ly,2.3747765372785,Upregulated
OO_HS4ly,2.3747765372785,Upregulated
OO_HSAT1ly,2.3747765372785,Upregulated
OO_HSAT2ly,2.3747765372785,Upregulated
OO_HSAT3ly,2.3747765372785,Upregulated
OO_HSAT4ly,2.3747765372785,Upregulated
OO_HSD17B1,1.31090302046732,Unchanged
OO_HSD17B7r,1270941.19690822,Upregulated
OO_HSD17B9r,1.67104199680871,Unchanged
OO_HSD3A1r,30.9200969600652,Upregulated
OO_HSD3A2r,30.9200969600647,Upregulated
OO_HSD3B2r,1.67104199680871,Unchanged
OO_HSPASEly,2.3747765372785,Upregulated
OO_HSPGt,2.3747765372785,Upregulated
OO_HSPGtly,2.3747765372785,Upregulated
OO_Htg,1.69967970431393,Unchanged
OO_HYPOE,2.72268553682638,Upregulated
OO_ICDHy,0.116117717085763,Downregulated
OO_ICDHyp,6.49612417296635e-07,Downregulated
OO_ICDHyrm,16.8605842132153,Upregulated
OO_IDOAASE1ly,2.3747765372785,Upregulated
OO_IDOAASE2ly,2.3747765372785,Upregulated
OO_IDOAASE3ly,2.3747765372785,Upregulated
OO_IDOAASE4ly,1.40142234617047,Unchanged
OO_IDOURtly,2.37477660799311,Upregulated
OO_ILEt5m,3.25187438299327e-06,Downregulated
OO_ILETAm,3.25187438299327e-06,Downregulated
OO_INSt,1,Unchanged
OO_INSt4,1,Unchanged
OO_INSTt2r,0.668106507847425,Unchanged
OO_IPDDIx,8.52370071437975e-08,Downregulated
OO_IPDPtx,1.83318402496289e-07,Downregulated
OO_KCC2t,1,Unchanged
OO_KCCt,1,Unchanged
OO_KHK,137.686033610057,Upregulated
OO_KHK2,1.2610984647798,Unchanged
OO_KSII_CORE2t,2.28449822623246,Upregulated
OO_KSII_CORE2tly,2.28449822623246,Upregulated
OO_KSII_CORE4t,2.32263489363705,Upregulated
OO_KSII_CORE4tly,2.32263489363705,Upregulated
OO_LACZe,1.33803803068646,Unchanged
OO_LALDO,0.999999819250363,Unchanged
OO_LAPCOAl,2.72268526666549,Upregulated
OO_LCADi_D,0.741396781579833,Unchanged
OO_LCADim,1.45562650055446,Unchanged
OO_LCTStg,1.33803808201467,Unchanged
OO_LCYSTCBOXL,0.864277504136071,Unchanged
OO_LDH_Lm,26.8076068101581,Upregulated
OO_LEUKTRA4tr,0.450136011429962,Downregulated
OO_LEUKTRD4tr,0.450136011429962,Downregulated
OO_LEUt5m,3.25187405784462e-06,Downregulated
OO_LEUTAm,3.25187405784462e-06,Downregulated
OO_LGNCt,1,Unchanged
OO_LINKDEG1ly,2.3747765372785,Upregulated
OO_LINKDEG2ly,1.30266530273454,Unchanged
OO_LINKDEG3ly,1.30266526871865,Unchanged
OO_LINKDEG4ly,1.56668239466095,Unchanged
OO_L_LACDcm,4.17836657060183e-06,Downregulated
OO_LNELDCCPT2,0.199591792027299,Downregulated
OO_LNLCCPT1,0.157005515688079,Downregulated
OO_LNLCCPT2,0.162065949617513,Downregulated
OO_LNLCt,1,Unchanged
OO_LNLNCACPT1,1,Unchanged
OO_LNLNCACPT2,1,Unchanged
OO_LNLNCACRNt,1,Unchanged
OO_LNLNCAt,0.0494367780945629,Downregulated
OO_LNLNCGCPT1,0.938455677730263,Unchanged
OO_LNLNCGCPT2,0.938455700329457,Unchanged
OO_LNLNCGCRNt,1.21905739930946e-07,Downregulated
OO_LNLNCGt,5.65227045104689,Upregulated
OO_LNS14DM,0.0988624076300795,Downregulated
OO_LNSTLSr,0.017484419319016,Downregulated
OO_LPASE,2.62369478363031,Upregulated
OO_LPCHOLt,2.62369494208472,Upregulated
OO_LPS,11.1047462062902,Upregulated
OO_LRAT,3.18925241401584,Upregulated
OO_LSTO1r,2.1494369207567,Upregulated
OO_LSTO2r,0.00705413454586188,Downregulated
OO_LTA4H,1,Unchanged
OO_LTC4CP,0.5,Downregulated
OO_LTC4Sr,0.450136011429962,Downregulated
OO_LTDCL,1.94428169810207,Unchanged
OO_MCD,2.42712093743315,Upregulated
OO_MCDm,16.8615992756551,Upregulated
OO_MCDp,1.84155699760462,Unchanged
OO_MDHm,1973.74454974714,Upregulated
OO_MDRPD,2.06326102231314,Upregulated
OO_ME2m,7.50486213626975,Upregulated
OO_MEOHt2,1.53700968614633,Unchanged
OO_METAT,4.38444417871641,Upregulated
OO_METS,5.15597855263514,Upregulated
OO_MGCHrm,5.01974115705562,Upregulated
OO_MI1345PP,1.36134275348539,Unchanged
OO_MI134PP,1.36134275348539,Unchanged
OO_MI145PK,1.36134275348539,Unchanged
OO_MI145PP,0.971545587069768,Unchanged
OO_MI14PP,6.22597328993579e-07,Downregulated
OO_MI14Ptn,0.971558997827797,Unchanged
OO_MI1P_Dtn,6.22597315524346e-07,Downregulated
OO_MI34PP,1.36134275348539,Unchanged
OO_MINOHPtn,2.72268570134008,Upregulated
OO_MMCDm,9.66607163340139,Upregulated
OO_MMEm,1.00000019072437,Unchanged
OO_MMMm,2.29856423745314,Upregulated
OO_MMTSADm,1,Unchanged
OO_MTAP,2.06326102231314,Upregulated
OO_N3Tg,2.28449822623246,Upregulated
OO_N4Tg,2.10783183460669,Upregulated
OO_NABTNO,4.04506020373062,Upregulated
OO_NACHEX1ly,1.30266527107868,Unchanged
OO_NACHEX23ly,2.28449822623246,Upregulated
OO_NACHEX24ly,2.28449856232542,Upregulated
OO_NACHEX25ly,2.28449856232542,Upregulated
OO_NACHEX26ly,2.32263489363705,Upregulated
OO_NACHEX27ly,1.82623920887392,Unchanged
OO_NACHEX2ly,1.30266530273454,Unchanged
OO_NACHEX6ly,1.48880950560621,Unchanged
OO_NACHEX7ly,1.48880950560621,Unchanged
OO_NACHEX8ly,1.56668242426651,Unchanged
OO_NACHEX9ly,1.56668227022049,Unchanged
OO_NACHEXA2ly,1.40142234617047,Unchanged
OO_NACHEXA3ly,1.30266530216994,Unchanged
OO_NACHEXA4ly,1.30266530216994,Unchanged
OO_NADPHtru,1.31090327439259,Unchanged
OO_NADPHtxu,94749.1080460235,Upregulated
OO_NADPtru,1.31090327439262,Unchanged
OO_NADPtxu,94749.1061883018,Upregulated
OO_NAGA2ly,2.10783178315511,Upregulated
OO_NAGLCAly,2.10783178315511,Upregulated
OO_NaKt,2.72268550407339,Upregulated
OO_NAt5,1,Unchanged
OO_NDP6,2.72268561520195,Upregulated
OO_NDP7er,2.44701603834102,Upregulated
OO_NDP7g,1.84332169926794,Unchanged
OO_NDPK10,2.7627856237133,Upregulated
OO_NDPK10n,2.7627856237133,Upregulated
OO_NDPK1m,0.911874611073309,Unchanged
OO_NDPK3m,0.0571781268298974,Downregulated
OO_NDPK4n,1.07100450260664,Unchanged
OO_NDPK6m,1.86511630350496,Unchanged
OO_NDPK7n,1.09406543154933e-05,Downregulated
OO_NDPK8n,1.07100450260664,Unchanged
OO_NH4tn,3.77432918713767,Upregulated
OO_NICRNS,2.72268550720024,Upregulated
OO_NMNATr,0.151211780171859,Downregulated
OO_NOS1,1.33671882248569,Unchanged
OO_NOS2,1.2224581883339,Unchanged
OO_NOt,1.33671888409781,Unchanged
OO_NTD1m,2.90002463738797,Upregulated
OO_NTD2e,1.5885690131343,Unchanged
OO_NTD2l,2.72268564840172,Upregulated
OO_NTD4l,2.72268561264259,Upregulated
OO_NTD5l,2.72268570459379,Upregulated
OO_NTD5m,2.83413611475407,Upregulated
OO_NTD7e,0.249184959624274,Downregulated
OO_NTD7l,1.03540027957044e-05,Downregulated
OO_NTD9l,9793.6966968688,Upregulated
OO_O2St,0.0898308780618503,Downregulated
OO_O2Stm,0.140512401515744,Downregulated
OO_O2Stn,0.296683136317352,Downregulated
OO_O2Stx,0.152936021823317,Downregulated
OO_O2ter,0.405059336542919,Downregulated
OO_O2tm,0.121225152309382,Downregulated
OO_O2tp,0.0667390402441464,Downregulated
OO_OCBTm,2.03865240500111,Upregulated
OO_OCCOAtm,1.63573391502325e-06,Downregulated
OO_OCCOAtx,5.52239182674166,Upregulated
OO_OCDCAtr,1,Unchanged
OO_OCDCEAtr,2.46569790070622e-07,Downregulated
OO_OIVD1m,1.68697128627629,Unchanged
OO_OIVD2m,1.39371526302537,Unchanged
OO_ORNTArm,84.1108080972539,Upregulated
OO_ORPT,0.00641927902779253,Downregulated
OO_OXAHCOtex,1,Unchanged
OO_P45046A1r,62.9485624305,Upregulated
OO_P4507B12r,2.40208075551144,Upregulated
OO_PAFH,0.446697565837869,Downregulated
OO_PAFS,0.446697565837869,Downregulated
OO_PAIL_HStn,0.485779846449904,Downregulated
OO_PAIL45P_HStn,0.971545787288593,Unchanged
OO_PAN4PP,2.72268578149048,Upregulated
OO_PAPStg,2.30826264324726,Upregulated
OO_PAPtg,2.30826259985304,Upregulated
OO_PCHOL_HStg,2.86884885157291,Upregulated
OO_PCm,0.00195252656727187,Downregulated
OO_PCREATtmdiffir,2.38634210685928,Upregulated
OO_PCt,0.698464208766309,Unchanged
OO_PDE1,2.86884881511661,Upregulated
OO_PDE4,2.86884885311114,Upregulated
OO_PDE4n,2.86884875766853,Upregulated
OO_PDXPP,2.72268537592227,Upregulated
OO_PE_HStm,3.06507749705017,Upregulated
OO_PEFLIP,2.7226854394003,Upregulated
OO_PEFLIPm,2.72268566928742,Upregulated
OO_PEt,2.95479852239984,Upregulated
OO_PETHCT,0.309930193357125,Downregulated
OO_PFK26,2.72268580348677,Upregulated
OO_PGCD,1.98293274189443,Unchanged
OO_PGPP_hs,25.3187035362909,Upregulated
OO_PGPPT,25.478684459167,Upregulated
OO_PHETA1m,261180.820388693,Upregulated
OO_PHEtec,1,Unchanged
OO_PI345P3P,2.72268563121022,Upregulated
OO_PI345P5P,2.72268535944326,Upregulated
OO_PI34P5K,2.72268570076074,Upregulated
OO_PI3P4K,2.72268565876003,Upregulated
OO_PI3P5K,2.72268567595138,Upregulated
OO_PI45P3K,2.72268567217883,Upregulated
OO_PI45P5P,0.971545587069143,Unchanged
OO_PI45PLC,0.971545587069202,Unchanged
OO_PI4P3K,2.72268575408551,Upregulated
OO_PI4P5K,2.72268578489487,Upregulated
OO_PI4PLC,0.971545587068738,Unchanged
OO_PI4PLCn,0.971558997827797,Unchanged
OO_PI5P3K,2.72268552436748,Upregulated
OO_PI5P4K,5.4453713603297,Upregulated
OO_PIACGT,0.466870455093526,Downregulated
OO_PIK3,2.7226856746356,Upregulated
OO_PIK4,2.72268557564002,Upregulated
OO_PIK5,2.72268567661548,Upregulated
OO_PIPLC,6.22597320452116e-07,Downregulated
OO_PIPLCn,6.22597315524346e-07,Downregulated
OO_PIter,22714764.3432178,Upregulated
OO_PItg,2.72268582560378,Upregulated
OO_PItn,0.336212991865822,Downregulated
OO_PItx,1.25940698287586,Unchanged
OO_PLA2_2,3.18925233506793,Upregulated
OO_PLA2_2e,3.17315602237949,Upregulated
OO_PMI12346PH,2.72268554100361,Upregulated
OO_PMI12346PHn,2.72268570134008,Upregulated
OO_PNTEH,1.59251800849187,Unchanged
OO_PNTOt5,2.72268557514487,Upregulated
OO_PPA2,1.16303616237901,Unchanged
OO_PPAm,1.383453913234,Unchanged
OO_PPAP,6.22597310268066e-07,Downregulated
OO_PPDOy,1,Unchanged
OO_PPItr,196885.800612377,Upregulated
OO_PPItx,4.90419235015865e-06,Downregulated
OO_PPMI12346Ptn,2.72268570134008,Upregulated
OO_PPPG9tm,2.20980437203891,Upregulated
OO_PPPGOm,2.20980457473463,Upregulated
OO_PRAGSr,1.09016640647731,Unchanged
OO_PRASCS,1.09016640647731,Unchanged
OO_PRDX,0.977633109164491,Unchanged
OO_PRGNLONESULT,2.81841476741818,Upregulated
OO_PROSTGE1t3,2.72268560082952,Upregulated
OO_PROSTGE2t,1,Unchanged
OO_PROSTGE2t3,2.72268567959735,Upregulated
OO_PSDm_hs,0.687267638536255,Unchanged
OO_PSFLIP,2.70179249347126,Upregulated
OO_PSFLIPm,0.687267638536255,Unchanged
OO_PSSA1_hs,1.02458256980621,Unchanged
OO_PTDCACRNt,1.52861815649885e-09,Downregulated
OO_PTE2x,11.1134451200291,Upregulated
OO_PTE3x,2.62954296191971,Upregulated
OO_PTHPS,1.16303616237901,Unchanged
OO_PTRCAT1,4.04506020373062,Upregulated
OO_PTRCOX1,8.83148944509715,Upregulated
OO_PYDXPP,4.6678205873647,Upregulated
OO_PYRt2p,0.0387673182789543,Downregulated
OO_RDH1,1,Unchanged
OO_RDH1a,1,Unchanged
OO_RDH2,1,Unchanged
OO_RDH2a,1,Unchanged
OO_RDH3,1,Unchanged
OO_RDH3a,1,Unchanged
OO_RETFA,2.86884885514822,Upregulated
OO_RETH,1.96809172895175,Unchanged
OO_RETNGLCt,0.416097377726802,Downregulated
OO_RETNGLCtr,0.416097377726802,Downregulated
OO_RTOTAL3CRNCPT1,547872.906605308,Upregulated
OO_RTOTAL3CRNCPT2,547872.906605308,Upregulated
OO_RTOTAL3CRNt,547872.906605308,Upregulated
OO_Rtotaltl,1.92988160069563,Unchanged
OO_S23T2g,2.28449822623246,Upregulated
OO_S23T4g,2.32263489363705,Upregulated
OO_S2T1g,1.48880950560621,Unchanged
OO_S2T2g,1.48880950560621,Unchanged
OO_S2T3g,1.40142234617047,Unchanged
OO_S2T4g,2.37477653483456,Upregulated
OO_S2TASE1ly,2.3747765372785,Upregulated
OO_S2TASE2ly,2.3747765372785,Upregulated
OO_S2TASE3ly,1.40142234617047,Unchanged
OO_S2TASE4ly,1.48880950560621,Unchanged
OO_S2TASE5ly,1.48880950560621,Unchanged
OO_S3T1g,2.3747765372785,Upregulated
OO_S3T2g,2.3747765372785,Upregulated
OO_S3T3g,2.3747765372785,Upregulated
OO_S3TASE1ly,2.3747765372785,Upregulated
OO_S3TASE2ly,2.3747765372785,Upregulated
OO_S3TASE3ly,2.3747765372785,Upregulated
OO_S4T1g,1.30266565724935,Unchanged
OO_S4T2g,1.30266528051412,Unchanged
OO_S4T3g,1.56668243893756,Unchanged
OO_S4T6g,1.40142234617047,Unchanged
OO_S4TASE1ly,1.30266527107868,Unchanged
OO_S4TASE2ly,1.30266530273454,Unchanged
OO_S4TASE4ly,1.56668242426651,Unchanged
OO_S4TASE5ly,1.56668227022049,Unchanged
OO_S6T16g,2.32263489363705,Upregulated
OO_S6T17g,2.32263489363705,Upregulated
OO_S6T18g,2.32263489363705,Upregulated
OO_S6T19g,1.30266534301437,Unchanged
OO_S6T1g,2.28449822623246,Upregulated
OO_S6T20g,1.30266538424548,Unchanged
OO_S6T21g,1.48880950560621,Unchanged
OO_S6T22g,1.56668243893756,Unchanged
OO_S6T23g,1.56668243893756,Unchanged
OO_S6T25g,2.3747765372785,Upregulated
OO_S6T2g,2.28449822623246,Upregulated
OO_S6T3g,2.28449822623246,Upregulated
OO_S6TASE1ly,2.3747765372785,Upregulated
OO_S6TASE22ly,2.28449822623246,Upregulated
OO_S6TASE23ly,2.28449822623246,Upregulated
OO_S6TASE24ly,2.28449856232542,Upregulated
OO_S6TASE25ly,2.32263489363705,Upregulated
OO_S6TASE26ly,2.32263489363705,Upregulated
OO_S6TASE2ly,2.3747765372785,Upregulated
OO_S6TASE3ly,2.3747765372785,Upregulated
OO_S6TASE6ly,1.48880950560621,Unchanged
OO_S6TASE7ly,1.48880950560621,Unchanged
OO_S6TASE8ly,1.56668242426651,Unchanged
OO_S6TASE9ly,1.56668227022049,Unchanged
OO_SACCD4m,4.85536061867168,Upregulated
OO_SADT,2.81841481033108,Upregulated
OO_SARDHm,24.0727001580623,Upregulated
OO_SBTD_D2,21.2260035356086,Upregulated
OO_SBTR,9.5379075201431,Upregulated
OO_SCP21x,2.72268550361462,Upregulated
OO_SCP2x,0.0404226650144507,Downregulated
OO_SCPx,1.42158027738046,Unchanged
OO_Ser_Thrtg,2.10783178315511,Upregulated
OO_SERLYSNaex,1,Unchanged
OO_SERPT,4.11641935752161,Upregulated
OO_SGPL12r,6.89745121103244,Upregulated
OO_SIAASE3ly,2.28449822623246,Upregulated
OO_SIAASE4ly,2.32263489363705,Upregulated
OO_SIAT4Bg,0.811066408668651,Unchanged
OO_SIAT9g,1.75943046388094,Unchanged
OO_sink_citr[c],2.03362140277419,Upregulated
OO_sink_pre_prot[r],0.466870371856235,Downregulated
OO_SMPD3g,2.86884887600465,Upregulated
OO_SMPD3l,2.89941219290205,Upregulated
OO_SMS,2.86884880246203,Upregulated
OO_SO4CLtex2,2,Upregulated
OO_SO4OXAtex2,2,Upregulated
OO_SO4t4_2,2,Upregulated
OO_SO4tl,2.30826263581274,Upregulated
OO_SPHINGStl,0.71846631614553,Unchanged
OO_SPHK21c,4.68984375628896,Upregulated
OO_SPHMYLNtg,2.86884881752911,Upregulated
OO_SPHMYLNtl,2.91185766871864,Upregulated
OO_SPHS1Ptr,6.89745121103244,Upregulated
OO_SPODMn,0.296683144081302,Downregulated
OO_SPODMx,0.152936035830791,Downregulated
OO_SPR,1.1630361628863,Unchanged
OO_SPRMS,1.68295137583656,Unchanged
OO_SQLEr,0.017484419319016,Downregulated
OO_SQLSr,1,Unchanged
OO_ST3GAL21g,2.33750222173509,Upregulated
OO_ST6GALNAC31,2.33750222173509,Upregulated
OO_ST8SIA11,0.811066408668651,Unchanged
OO_ST8SIA12,1.75943046388094,Unchanged
OO_STRDNCCPT1,170648.465787366,Upregulated
OO_STRDNCCPT2,170202.02462946,Upregulated
OO_SUCCt4_2,1,Unchanged
OO_SUCCtp,7.47409519121553,Upregulated
OO_T4HCINNMFM,2.32323336094281,Upregulated
OO_TCHOLAt,1.07728002092244e-07,Downregulated
OO_TDPm,1.10640163048335,Unchanged
OO_TETPENT3CPT1,1,Unchanged
OO_TETPENT3CPT2,1,Unchanged
OO_TETPENT3CRNt,1,Unchanged
OO_TETPENT6CPT1,1,Unchanged
OO_TETPENT6CPT2,1,Unchanged
OO_TETPENT6CRNt,1,Unchanged
OO_TETTET6CPT1,1,Unchanged
OO_TETTET6CPT2,1,Unchanged
OO_TETTET6CRNt,1,Unchanged
OO_THCHOLSTOICtm,1,Unchanged
OO_THFtl,1.93053710314314,Unchanged
OO_THMDt4,0.648760453548534,Unchanged
OO_THMMPtm,1.10640163048335,Unchanged
OO_THMPPtm,1.10640163048335,Unchanged
OO_THYMDt1,1,Unchanged
OO_THYMDtl,2.72268570459379,Upregulated
OO_THYMDtm,2.83413611475407,Upregulated
OO_THYOXt,1,Unchanged
OO_THYOXt2,1,Unchanged
OO_TMDPP,20508750.5501286,Upregulated
OO_TMNDNCCOAtx,1.43588239041926,Unchanged
OO_TMNDNCCPT1,320465.818818421,Upregulated
OO_TMNDNCCPT2,320465.794036514,Upregulated
OO_TRDR,0.25926883306008,Downregulated
OO_TRIODTHYt,1,Unchanged
OO_TRIOK,38.912932196904,Upregulated
OO_TRPHYDRO2,0.86632072141268,Unchanged
OO_TRYPTAOX,1.94428169810207,Unchanged
OO_TTDCPT2,1,Unchanged
OO_TYRASE,0.539853939684808,Unchanged
OO_TYRt,1,Unchanged
OO_TYRTAm,2.323233283732,Upregulated
OO_UAGALDP,2.86884874848934,Upregulated
OO_UDPACGALtl,3.17173610523266,Upregulated
OO_UDPDOLPT_L,1.34280215572357,Unchanged
OO_UDPGALtg,1.35236723318319,Unchanged
OO_UDPGD,2.34386554290338,Upregulated
OO_UDPGLCAter,2.09532266758558,Upregulated
OO_UDPGLCAtg,1.60585763577275,Unchanged
OO_UDPGLCter,0.685066012941198,Unchanged
OO_UDPGLDCg,1.30266538305685,Unchanged
OO_UDPGP,2.86884889636048,Upregulated
OO_UDPtl,3.17173616602304,Upregulated
OO_UDPXYLter,1.30266538305685,Unchanged
OO_UDPXYLtg,1.30266538305685,Unchanged
OO_UGALGTg,1.33803808201467,Unchanged
OO_UGALNACtg,2.82783493222273,Upregulated
OO_UGCG,0.685066012941198,Unchanged
OO_UGLCNACtg,2.10783177445104,Upregulated
OO_UGT1A10r,1.05663215329345,Unchanged
OO_UGT1A5r,0.416097377726802,Downregulated
OO_UPPN,0.205214160366131,Downregulated
OO_UREAtm,49.0492037197486,Upregulated
OO_URIDK2m,2.18722848709582,Upregulated
OO_URIt,0.992986110085514,Unchanged
OO_URIt4,1,Unchanged
OO_Uritl,2.72268564840172,Upregulated
OO_UROLACer,0.846325737642371,Unchanged
OO_UTPtn,50547409.5377833,Upregulated
OO_VACCt,1.99145605563321,Unchanged
OO_VALt5m,3.20761041511202e-06,Downregulated
OO_VALTAm,3.20761041511202e-06,Downregulated
OO_VLCS2p,1.98462593975295,Unchanged
OO_VLCS2r,1.91738904089297,Unchanged
OO_XOL7AONEtr,2.40208075551144,Upregulated
OO_XOLEST2te,14.265002865237,Upregulated
OO_XOLTRI27tc,2.40208075551144,Upregulated
OO_XSERtg,1.30266556269368,Unchanged
OO_XYLK,1.30982718459478,Unchanged
OO_XYLTD_Dr,1.26815736997288,Unchanged
OO_XYLTer,1.30266556269368,Unchanged
OO_XYLtly,1.30266543277184,Unchanged
OO_XYLUR,92388174.4007879,Upregulated
OO_r0009,1.2594067525887,Unchanged
OO_r0016,1.39703737963281,Unchanged
OO_r0021,574835.935039164,Upregulated
OO_r0022,0.865207298710255,Unchanged
OO_r0033,2.89403093407152,Upregulated
OO_r0034,2.03865228041588,Upregulated
OO_r0047,0.88669426521725,Unchanged
OO_r0074,569.942667962332,Upregulated
OO_r0083,16.860564930366,Upregulated
OO_r0084,6.49612443648277e-07,Downregulated
OO_r0085,4.06228359893072,Upregulated
OO_r0086,541755.74873056,Upregulated
OO_r0119,2.86884896659416,Upregulated
OO_r0129,263023.40000562,Upregulated
OO_r0130,263023.40000562,Upregulated
OO_r0153,0.999887636190257,Unchanged
OO_r0156,4.06228359893072,Upregulated
OO_r0157,541755.74873056,Upregulated
OO_r0160,1233391.35319728,Upregulated
OO_r0166,1.5885690131343,Unchanged
OO_r0170,0.999999690185531,Unchanged
OO_r0173,0.0387673182789543,Downregulated
OO_r0178,1.06584878478577,Unchanged
OO_r0186,0.495522891762208,Downregulated
OO_r0193,27053.1959642299,Upregulated
OO_r0196,1.00000009048503,Unchanged
OO_r0205,2.75697534993687,Upregulated
OO_r0221,3.18168346905242,Upregulated
OO_r0224,0.914463115145447,Unchanged
OO_r0226,0.000585551761890757,Downregulated
OO_r0245,0.00337239787316782,Downregulated
OO_r0246,0.327407708717274,Downregulated
OO_r0249,12368635.8078835,Upregulated
OO_r0276,9705.04736270138,Upregulated
OO_r0280,1,Unchanged
OO_r0287,0.158433701253556,Downregulated
OO_r0301,2.86884896665879,Upregulated
OO_r0308,15.1507497993762,Upregulated
OO_r0309,1.39471523583318e-06,Downregulated
OO_r0311,5.23315613136096,Upregulated
OO_r0319,3.18168346905242,Upregulated
OO_r0321,3.18168359887291,Upregulated
OO_r0340,0.327407708717274,Downregulated
OO_r0365,0.0118829079973666,Downregulated
OO_r0381,0.810050561367233,Unchanged
OO_r0383,64.5548002877402,Upregulated
OO_r0391,0.226574118187675,Downregulated
OO_r0393,0.327407708717274,Downregulated
OO_r0402,1.16303618720837,Unchanged
OO_r0403,1.6819158389951,Unchanged
OO_r0407,0.458540063642332,Downregulated
OO_r0410,1.5885690131343,Unchanged
OO_r0423,16.8605651547799,Upregulated
OO_r0424,6.49612443648277e-07,Downregulated
OO_r0425,26.1594579560376,Upregulated
OO_r0431,2.81877017255711,Upregulated
OO_r0432,2.81877020688443,Upregulated
OO_r0433,1.84155699760462,Unchanged
OO_r0444,23.9706835303448,Upregulated
OO_r0450,3704283.04193938,Upregulated
OO_r0451,4.85536014409165,Upregulated
OO_r0456,2.72268565733551,Upregulated
OO_r0463,0.0162494207790356,Downregulated
OO_r0470,0.757654101120892,Unchanged
OO_r0472,0.999999807928662,Unchanged
OO_r0474,1.13736203638962,Unchanged
OO_r0475,1.26179861401869,Unchanged
OO_r0480,29800.1471613441,Upregulated
OO_r0483,24272998.5755487,Upregulated
OO_r0488,0.00861405277334245,Downregulated
OO_r0512,0.914341417876149,Unchanged
OO_r0514,8460.25987685007,Upregulated
OO_r0517,1.00000009048503,Unchanged
OO_r0531,0.986554324590987,Unchanged
OO_r0537,2.72268557887547,Upregulated
OO_r0539,1.59251800849187,Unchanged
OO_r0541,5.11211594744503,Upregulated
OO_r0552,0.995000233502571,Unchanged
OO_r0553,0.995000233502599,Unchanged
OO_r0555,64.5548002877402,Upregulated
OO_r0557,4.85536014409165,Upregulated
OO_r0560,2.22727060506274,Upregulated
OO_r0568,2.5365438221501,Upregulated
OO_r0571,1.00000019072403,Unchanged
OO_r0573,2.74565983736269,Upregulated
OO_r0575,0.999999690185531,Unchanged
OO_r0578,2.72268549115572,Upregulated
OO_r0579,2.89403093407152,Upregulated
OO_r0590,2.89403093407152,Upregulated
OO_r0591,3.18749438657699,Upregulated
OO_r0594,4.85536051575104,Upregulated
OO_r0595,19.2616300919729,Upregulated
OO_r0596,0.0118829079973666,Downregulated
OO_r0618,NaN,Unchanged
OO_r0627,2418721.50915931,Upregulated
OO_r0633,2.21916651415973e-06,Downregulated
OO_r0634,0,Downregulated
OO_r0638,1.11266869248759e-06,Downregulated
OO_r0639,6.29795398430768e-07,Downregulated
OO_r0641,0.5,Downregulated
OO_r0642,2.05188528573434e-08,Downregulated
OO_r0643,1.00000019072395,Unchanged
OO_r0650,3.07849136195728,Upregulated
OO_r0651,3.07849143808331,Upregulated
OO_r0652,1.39471514210236e-06,Downregulated
OO_r0653,6.29795437522114e-07,Downregulated
OO_r0655,1.87050762098718,Unchanged
OO_r0661,3.94344226479989,Upregulated
OO_r0666,1.09016640647731,Unchanged
OO_r0669,1.39371541087357,Unchanged
OO_r0673,1.16303618720837,Unchanged
OO_r0688,1,Unchanged
OO_r0698,0.0461972670107577,Downregulated
OO_r0714,6.29795437522114e-07,Downregulated
OO_r0715,2.18170062312588,Upregulated
OO_r0716,6.29795437522114e-07,Downregulated
OO_r0717,2.18170062312588,Upregulated
OO_r0718,6.29795398430768e-07,Downregulated
OO_r0719,2.18170062312588,Upregulated
OO_r0720,6.29795439698324e-07,Downregulated
OO_r0721,2.18170062312588,Upregulated
OO_r0722,0,Downregulated
OO_r0723,3.94344226479989,Upregulated
OO_r0724,0,Downregulated
OO_r0726,0,Downregulated
OO_r0727,322891.592445305,Upregulated
OO_r0729,322891.592445305,Upregulated
OO_r0730,0.0771945530024482,Downregulated
OO_r0731,0.0771944270218229,Downregulated
OO_r0732,0.0771944270218229,Downregulated
OO_r0733,0.158433701253556,Downregulated
OO_r0734,0.158433701253556,Downregulated
OO_r0735,1.39471523598231e-06,Downregulated
OO_r0739,1.05275253869726,Unchanged
OO_r0743,1.42158014255822,Unchanged
OO_r0744,1.42158022871514,Unchanged
OO_r0758,1745593.94247471,Upregulated
OO_r0774,1.60187821903619,Unchanged
OO_r0779,1.39371541087357,Unchanged
OO_r0781,0.017484419319016,Downregulated
OO_r0786,2.72268557887547,Upregulated
OO_r0787,2.72268557887547,Upregulated
OO_r0788,29800.1471613441,Upregulated
OO_r0789,29800.1471613441,Upregulated
OO_r0791,0.274088986857253,Downregulated
OO_r0795,19.2616300919729,Upregulated
OO_r0797,0.0591813297451535,Downregulated
OO_r0812,1,Unchanged
OO_r0818,2.41581070629558,Upregulated
OO_r0838,0.537872932745298,Unchanged
OO_r0840,12368635.8078835,Upregulated
OO_r0853,2.05259498179231,Upregulated
OO_r0859,2.91942990591035,Upregulated
OO_r0870,0.249184971826177,Downregulated
OO_r0879,1,Unchanged
OO_r0885,0.608607849633814,Unchanged
OO_r0892,9.6779918386283,Upregulated
OO_r0899,0.0118828862289837,Downregulated
OO_r0907,14.1551445732466,Upregulated
OO_r0913,1,Unchanged
OO_r0915,1,Unchanged
OO_r0917,1,Unchanged
OO_r0926,0.327407708717274,Downregulated
OO_r0940,27053.2008162309,Upregulated
OO_r0946,1,Unchanged
OO_r0962,8461.0557484354,Upregulated
OO_r0970,0.464920512443341,Downregulated
OO_r0973,2.89403093407152,Upregulated
OO_r0983,3138153.22785622,Upregulated
OO_r0984,3138153.22785622,Upregulated
OO_r0989,2.74565983736269,Upregulated
OO_r0990,2.02623384174761,Upregulated
OO_r0994,0.69738074650923,Unchanged
OO_r0995,0.995245843434007,Unchanged
OO_r1000,23.9706835303448,Upregulated
OO_r1005,2.81877020688443,Upregulated
OO_r1006,1.84155699760462,Unchanged
OO_r1011,1.91738904089297,Unchanged
OO_r1012,1.91738904089297,Unchanged
OO_r1018,3.07849136195728,Upregulated
OO_r1019,0.0461973395985029,Downregulated
OO_r1043,1,Unchanged
OO_r1044,1,Unchanged
OO_r1045,1,Unchanged
OO_r1050,0.700760455123915,Unchanged
OO_r1078,2.323233283732,Upregulated
OO_r1090,1,Unchanged
OO_r1117,0.725945343526812,Unchanged
OO_r1134,0.017484419319016,Downregulated
OO_r1135,0.0167880208258488,Downregulated
OO_r1146,0.0167880208258488,Downregulated
OO_r1147,1,Unchanged
OO_r1148,0.0126295528517125,Downregulated
OO_r1150,3.20375904181356,Upregulated
OO_r1165,2.72361464955002,Upregulated
OO_r1166,2.72361444763943,Upregulated
OO_r1167,2.72361488486798,Upregulated
OO_r1169,2.723614887361,Upregulated
OO_r1174,2.72361464955002,Upregulated
OO_r1175,2.72361444763943,Upregulated
OO_r1177,2.72361488486798,Upregulated
OO_r1181,2.723614887361,Upregulated
OO_r1251,2.72361464955002,Upregulated
OO_r1252,2.18170062312588,Upregulated
OO_r1253,3454510.19057527,Upregulated
OO_r1254,2183665.53545764,Upregulated
OO_r1255,2.72361488486798,Upregulated
OO_r1257,5.23315591634201,Upregulated
OO_r1259,2.72361476291595,Upregulated
OO_r1260,4.2728435650876,Upregulated
OO_r1262,2.86884917329414,Upregulated
OO_r1291,530753.827242193,Upregulated
OO_r1377,1,Unchanged
OO_r1378,1,Unchanged
OO_r1382,2.72268567333016,Upregulated
OO_r1383,2.72268549500199,Upregulated
OO_r1418,479810.52822993,Upregulated
OO_r1421,1.53700968614569,Unchanged
OO_r1435,27.3165000489501,Upregulated
OO_r1444,2.18170062312588,Upregulated
OO_r1457,2.72268557887547,Upregulated
OO_r1459,3.41144554920175,Upregulated
OO_r1467,2.40297427252915e-07,Downregulated
OO_r1468,6.77656907933449,Upregulated
OO_r1472,0.52134631021872,Unchanged
OO_r1474,0.52134631021872,Unchanged
OO_r1477,0.52134631021872,Unchanged
OO_r1481,1.93844326040794,Unchanged
OO_r1487,23.9706835303448,Upregulated
OO_r1530,2.72268580112061,Upregulated
OO_r1531,2.72268561846166,Upregulated
OO_r1532,2.72268581590957,Upregulated
OO_r1533,2.72268554530732,Upregulated
OO_r1536,3.11765611994627,Upregulated
OO_r1538,1,Unchanged
OO_r1914,1,Unchanged
OO_r1989,1,Unchanged
OO_r1992,1,Unchanged
OO_r1993,1,Unchanged
OO_r1994,1,Unchanged
OO_r1995,1,Unchanged
OO_r1996,1,Unchanged
OO_r1997,1,Unchanged
OO_r1998,1,Unchanged
OO_r1999,1,Unchanged
OO_r2000,1,Unchanged
OO_r2001,1,Unchanged
OO_r2002,1,Unchanged
OO_r2003,1,Unchanged
OO_r2004,1,Unchanged
OO_r2005,1,Unchanged
OO_r2006,1,Unchanged
OO_r2007,1,Unchanged
OO_r2008,1,Unchanged
OO_r2009,1,Unchanged
OO_r2010,1,Unchanged
OO_r2011,1,Unchanged
OO_r2012,1,Unchanged
OO_r2013,1,Unchanged
OO_r2014,1,Unchanged
OO_r2015,1,Unchanged
OO_r2016,1,Unchanged
OO_r2017,1,Unchanged
OO_r2018,1,Unchanged
OO_r2019,1,Unchanged
OO_r2020,1,Unchanged
OO_r2021,1,Unchanged
OO_r2022,1,Unchanged
OO_r2023,1,Unchanged
OO_r2024,1,Unchanged
OO_r2026,1,Unchanged
OO_r2027,1,Unchanged
OO_r2028,1,Unchanged
OO_r2029,1,Unchanged
OO_r2030,1,Unchanged
OO_r2031,1,Unchanged
OO_r2032,1,Unchanged
OO_r2034,1,Unchanged
OO_r2035,1,Unchanged
OO_r2036,1,Unchanged
OO_r2037,1,Unchanged
OO_r2038,1,Unchanged
OO_r2039,1,Unchanged
OO_r2040,1,Unchanged
OO_r2041,1,Unchanged
OO_r2042,1,Unchanged
OO_r2043,1,Unchanged
OO_r2044,1,Unchanged
OO_r2045,1,Unchanged
OO_r2046,1,Unchanged
OO_r2047,1,Unchanged
OO_r2048,1,Unchanged
OO_r2049,1,Unchanged
OO_r2050,1,Unchanged
OO_r2051,1,Unchanged
OO_r2052,1,Unchanged
OO_r2053,1,Unchanged
OO_r2054,1,Unchanged
OO_r2055,1,Unchanged
OO_r2056,1,Unchanged
OO_r2057,1,Unchanged
OO_r2058,1,Unchanged
OO_r2059,1,Unchanged
OO_r2060,1,Unchanged
OO_r2061,1,Unchanged
OO_r2062,1,Unchanged
OO_r2063,1,Unchanged
OO_r2064,1,Unchanged
OO_r2065,1,Unchanged
OO_r2066,1,Unchanged
OO_r2067,1,Unchanged
OO_r2068,1,Unchanged
OO_r2069,1,Unchanged
OO_r2070,1,Unchanged
OO_r2071,1,Unchanged
OO_r2073,1,Unchanged
OO_r2143,2.1545599588535e-07,Downregulated
OO_r2147,1.31698305101678,Unchanged
OO_r2195,1,Unchanged
OO_r2329,0.779305659094081,Unchanged
OO_r2363,2.72268560082952,Upregulated
OO_r2371,1,Unchanged
OO_r2372,1,Unchanged
OO_r2373,1,Unchanged
OO_r2374,1,Unchanged
OO_r2375,1,Unchanged
OO_r2376,1,Unchanged
OO_r2377,1,Unchanged
OO_r2378,1,Unchanged
OO_r2379,1,Unchanged
OO_r2380,1,Unchanged
OO_r2381,3.48075380785854,Upregulated
OO_r2382,3.48075482274483,Upregulated
OO_r2384,3.48075447187257,Upregulated
OO_r2385,3.48075423771974,Upregulated
OO_r2386,3.4807540993565,Upregulated
OO_r2387,3.48075446954558,Upregulated
OO_r2388,3.48075447014304,Upregulated
OO_r2389,3.48075395482851,Upregulated
OO_r2390,3.48075477576658,Upregulated
OO_r2391,3.48075411431399,Upregulated
OO_r2392,3.48075427185583,Upregulated
OO_r2393,1,Unchanged
OO_r2394,1,Unchanged
OO_r2411,2.03865240500111,Upregulated
OO_r2425,3.49569499954795,Upregulated
OO_r2435,0.0209046294916737,Downregulated
OO_r2447,0.254351722549249,Downregulated
OO_r2449,1,Unchanged
OO_r2465,1,Unchanged
OO_r2472,0.00230831458422662,Downregulated
OO_r2486,2.15456006571912e-07,Downregulated
OO_r2488,2.15455995203229e-07,Downregulated
OO_r2496,2.15455977922829e-07,Downregulated
OO_r2497,15.1507460821239,Upregulated
OO_r2502,3.16429539736954,Upregulated
OO_r2508,12.5085771174768,Upregulated
OO_r2514,23.9706835322055,Upregulated
OO_r2517,2.72268571760206,Upregulated
OO_r2518,1.98462593975295,Unchanged
OO_r2539,4.85536051575104,Upregulated
OO_RE0344C,0.0172051276253161,Downregulated
OO_RE0383C,6.99353842282374,Upregulated
OO_RE0452M,0.121904897819901,Downregulated
OO_RE0453M,43631.5148391121,Upregulated
OO_RE0453N,1.07100450260664,Unchanged
OO_RE0456N,50547409.5377833,Upregulated
OO_RE0512M,0.162065963652055,Downregulated
OO_RE0512X,3.16429539736954,Upregulated
OO_RE0565C,1.93844330080747,Unchanged
OO_RE0566C,1.93844330080747,Unchanged
OO_RE0567C,1.93844330080747,Unchanged
OO_RE0568C,1.93844330080747,Unchanged
OO_RE0569C,3.28857522208794,Upregulated
OO_RE0570C,3.28857522528939,Upregulated
OO_RE0571C,3.28857522528939,Upregulated
OO_RE0574C,3.20666294355426,Upregulated
OO_RE0575C,3.20666294355426,Upregulated
OO_RE0576C,3.20666294355426,Upregulated
OO_RE0578C,14550022.7255084,Upregulated
OO_RE0581C,0.411488590218121,Downregulated
OO_RE0830C,1.65486069371708,Unchanged
OO_RE0908C,2.81841472576567,Upregulated
OO_RE0912C,2.81841472576567,Upregulated
OO_RE0936E,1,Unchanged
OO_RE0937E,1,Unchanged
OO_RE0938E,1,Unchanged
OO_RE1099C,2.81841463526997,Upregulated
OO_RE1100C,2.81841473934949,Upregulated
OO_RE1135C,2.81841476741818,Upregulated
OO_RE1303C,1.1919680877314,Unchanged
OO_RE1441R,2.44701609418492,Upregulated
OO_RE1447M,3.18168342042715,Upregulated
OO_RE1447N,0.971545787288593,Unchanged
OO_RE1448N,0.971546740602963,Unchanged
OO_RE1448R,2.44701609418492,Upregulated
OO_RE1516M,0.162065963652055,Downregulated
OO_RE1516X,3.16429539736954,Upregulated
OO_RE1517M,0.162065963652055,Downregulated
OO_RE1517X,3.16429539736954,Upregulated
OO_RE1518M,0.162065952312364,Downregulated
OO_RE1518X,2.93732096345423,Upregulated
OO_RE1519X,0.0476857326760881,Downregulated
OO_RE1520M,0.162065943583765,Downregulated
OO_RE1520X,2.93732096382543,Upregulated
OO_RE1521M,0.389599807336618,Downregulated
OO_RE1521X,2.93732096382543,Upregulated
OO_RE1522M,0.162065952312364,Downregulated
OO_RE1522X,2.93732096382543,Upregulated
OO_RE1523M,0.162065963652055,Downregulated
OO_RE1523X,3.16429539736954,Upregulated
OO_RE1525M,0.162065952312364,Downregulated
OO_RE1525X,2.93732096382543,Upregulated
OO_RE1526M,0.389599807336618,Downregulated
OO_RE1526X,2.93732096382543,Upregulated
OO_RE1527M,0.162065943583765,Downregulated
OO_RE1527X,2.93732096382543,Upregulated
OO_RE1530M,2.90002463738797,Upregulated
OO_RE1531M,0.162065963652055,Downregulated
OO_RE1531X,3.16429539736954,Upregulated
OO_RE1532M,0.162065952312364,Downregulated
OO_RE1532X,2.93732096382543,Upregulated
OO_RE1533M,0.389599807336618,Downregulated
OO_RE1533X,2.93732096382543,Upregulated
OO_RE1534M,0.162065943583765,Downregulated
OO_RE1534X,2.93732096382543,Upregulated
OO_RE1573M,0.389599807336618,Downregulated
OO_RE1573X,2.93732096382543,Upregulated
OO_RE1711C,2232266.44985986,Upregulated
OO_RE1807C,1.81754366343519,Unchanged
OO_RE1834C,2.76045002936439,Upregulated
OO_RE1834M,2.83028866557392,Upregulated
OO_RE1834X,2.52572860351013,Upregulated
OO_RE1836X,1.49307750300488,Unchanged
OO_RE1846C,1.83961889372078,Unchanged
OO_RE1915C,0.632020624639105,Unchanged
OO_RE1916C,0.632020624639105,Unchanged
OO_RE1957R,2.44701590649075,Upregulated
OO_RE2069C,1,Unchanged
OO_RE2111M,1.87050760798203,Unchanged
OO_RE2112C,0.464920482858366,Downregulated
OO_RE2112R,0.464920512654453,Downregulated
OO_RE2270E,1,Unchanged
OO_RE2273E,1,Unchanged
OO_RE2407C,0.126580612806182,Downregulated
OO_RE2410C,0.0988624042329416,Downregulated
OO_RE2427M,1.68697133292141,Unchanged
OO_RE2428M,1.68697133476677,Unchanged
OO_RE2445E,1,Unchanged
OO_RE2624M,2.12680038373132,Upregulated
OO_RE2624X,1.42158016338368,Unchanged
OO_RE2626M,16.8605651538261,Upregulated
OO_RE2635R,1.83961889372078,Unchanged
OO_RE2640C,0.0369804140640695,Downregulated
OO_RE2649C,0.844419014460632,Unchanged
OO_RE2649M,3.18168339998106,Upregulated
OO_RE2677C,1.9873587322591,Unchanged
OO_RE2677R,1.92988240704638,Unchanged
OO_RE2717L,0.718466325310582,Unchanged
OO_RE2759X,2.62954322429069,Upregulated
OO_RE2814R,2.40208075551144,Upregulated
OO_RE2888C,2.51251718099867,Upregulated
OO_RE2912M,3.16134157548816,Upregulated
OO_RE2972M,3.18168342042715,Upregulated
OO_RE2973N,5.82499674608687,Upregulated
OO_RE2985M,3.82598914072588,Upregulated
OO_RE2985X,15.1507497993762,Upregulated
OO_RE2986X,15.1507497993762,Upregulated
OO_RE2987X,15.1507497993762,Upregulated
OO_RE2988X,15.1507497993762,Upregulated
OO_RE2989X,15.1507497993762,Upregulated
OO_RE2990X,15.1507497993762,Upregulated
OO_RE2991X,15.1507497993762,Upregulated
OO_RE2992M,0.375754670718978,Downregulated
OO_RE2992X,15.1507497993762,Upregulated
OO_RE2993X,15.1507497993762,Upregulated
OO_RE2994X,15.1507497993762,Upregulated
OO_RE2996X,15.1507497993762,Upregulated
OO_RE2997X,15.1507497993762,Upregulated
OO_RE2999M,0.86520734497637,Unchanged
OO_RE3000M,0.86520734497637,Unchanged
OO_RE3001M,0.86520734497637,Unchanged
OO_RE3002X,15.1507497993762,Upregulated
OO_RE3003M,0.86520734497637,Unchanged
OO_RE3004M,0.86520734497637,Unchanged
OO_RE3005M,0.86520734497637,Unchanged
OO_RE3006M,0.86520734497637,Unchanged
OO_RE3011M,1.87353603473431,Unchanged
OO_RE3012C,2.21013110203511,Upregulated
OO_RE3012M,1.87353603473431,Unchanged
OO_RE3040C,3.81723690946067,Upregulated
OO_RE3051C,2.54196826700978,Upregulated
OO_RE3074X,2.62954322429069,Upregulated
OO_RE3095C,1.18984613191386,Unchanged
OO_RE3103C,1.22750346683505,Unchanged
OO_RE3104C,1.22750346683505,Unchanged
OO_RE3106C,1.87679948524483,Unchanged
OO_RE3110C,1.87679948524483,Unchanged
OO_RE3112C,1.87679948524483,Unchanged
OO_RE3113C,1.87679948524483,Unchanged
OO_RE3114R,4.27284299894102,Upregulated
OO_RE3119C,2.00936630238756,Upregulated
OO_RE3120C,2.00936630238756,Upregulated
OO_RE3121C,2.00936630238756,Upregulated
OO_RE3122C,2.00936630238756,Upregulated
OO_RE3132R,2.69754456008046,Upregulated
OO_RE3136C,0.126580612806182,Downregulated
OO_RE3146R,2.7236148285242,Upregulated
OO_RE3151C,1.25760343729946,Unchanged
OO_RE3152C,1.25760343729946,Unchanged
OO_RE3153C,1.25760343729946,Unchanged
OO_RE3154C,8.43608679268073,Upregulated
OO_RE3160R,2.7236146359896,Upregulated
OO_RE3161C,2.29988945617831,Upregulated
OO_RE3162C,2.29988945617831,Upregulated
OO_RE3163C,2.29988945617831,Upregulated
OO_RE3164C,2.29988945617831,Upregulated
OO_RE3165C,1.69138977068854,Unchanged
OO_RE3166C,1.69138977068854,Unchanged
OO_RE3167C,1.69138977068854,Unchanged
OO_RE3168C,1.69138977068854,Unchanged
OO_RE3169C,2.80193585289205,Upregulated
OO_RE3170C,2.80193585289205,Upregulated
OO_RE3171C,2.80193585289205,Upregulated
OO_RE3172C,2.80193585289205,Upregulated
OO_RE3173C,7.66969005479684,Upregulated
OO_RE3174C,3.97128155019017,Upregulated
OO_RE3175C,3.97128155019017,Upregulated
OO_RE3176C,7.66969005479684,Upregulated
OO_RE3198C,0.269926942131856,Downregulated
OO_RE3224C,1.93844348452439,Unchanged
OO_RE3225C,1.93844334149893,Unchanged
OO_RE3226C,2.49421296554147,Upregulated
OO_RE3227C,1.93844348452439,Unchanged
OO_RE3228C,1.93844348452439,Unchanged
OO_RE3229C,1.93844348452439,Unchanged
OO_RE3230C,1.93844334149893,Unchanged
OO_RE3231C,1.93844334149893,Unchanged
OO_RE3232C,1.93844334149893,Unchanged
OO_RE3234C,2.49421296554147,Upregulated
OO_RE3235C,2.49421296554147,Upregulated
OO_RE3236C,2.49421296554147,Upregulated
OO_RE3238C,0.580217151340916,Unchanged
OO_RE3241C,1.93844330154026,Unchanged
OO_RE3242C,1.93844330154026,Unchanged
OO_RE3243C,1.93844330154026,Unchanged
OO_RE3244C,1.93844330154026,Unchanged
OO_RE3247M,2.12680038373132,Upregulated
OO_RE3247X,1.42158016338368,Unchanged
OO_RE3268R,2.44701590649075,Upregulated
OO_RE3269C,1062169.94497206,Upregulated
OO_RE3270C,1062169.95260167,Upregulated
OO_RE3272N,0.971558997827797,Unchanged
OO_RE3273C,1.42169123795514e-05,Downregulated
OO_RE3346C,3.81283293051649e-08,Downregulated
OO_RE3346M,16.8605651538261,Upregulated
OO_RE3496C,0.779305659094081,Unchanged
OO_RE3525M,1.87353613715395,Unchanged
OO_RE3566C,1,Unchanged
OO_RE3567C,1,Unchanged
OO_RE3597M,1.87353603473431,Unchanged
OO_RE3597X,1.87353603473431,Unchanged
OO_RE3624M,0.86520734497637,Unchanged
OO_RE3628M,0.16206595084861,Downregulated
OO_GLYt7_311_r,1,Unchanged
OO_HCO3_NAt,1,Unchanged
OO_INSTt4_2,0.668106507847489,Unchanged
OO_biomass_reaction,2.69025602423731,Upregulated
OO_2MB2COAc,NaN,Unchanged
OO_3HBCOARc,NaN,Unchanged
OO_ADPACDAc,2.62954323709736,Upregulated
OO_ADPACtx,2.62954323709736,Upregulated
OO_ADPCOACROT,2.62954323709736,Upregulated
OO_ADPCOAPTE,2.62954323709736,Upregulated
OO_BCRNe,NaN,Unchanged
OO_C10DCCACT,2.62954304165773,Upregulated
OO_C10DCc,2.62954304165773,Upregulated
OO_C10OHc,NaN,Unchanged
OO_C12DCACOT,1.67400092300086,Unchanged
OO_C12DCTD,1.67400092300086,Unchanged
OO_C12OHc,NaN,Unchanged
OO_C140CPT1,1,Unchanged
OO_C141ACBP,NaN,Unchanged
OO_C141OHc,NaN,Unchanged
OO_C141OHe,NaN,Unchanged
OO_C142ACBP,NaN,Unchanged
OO_C142OHc,NaN,Unchanged
OO_C142OHe,NaN,Unchanged
OO_C14OHc,NaN,Unchanged
OO_C161OHc,NaN,Unchanged
OO_C162ACBP,NaN,Unchanged
OO_C162OHc,NaN,Unchanged
OO_C162OHe,NaN,Unchanged
OO_C16OHc,NaN,Unchanged
OO_C181OHc,NaN,Unchanged
OO_C182OHc,NaN,Unchanged
OO_C18OHc,NaN,Unchanged
OO_C2tcx,0.459979141052422,Downregulated
OO_C40CPT1,93936.5263558455,Upregulated
OO_C4CRNCPT2,93936.5238565776,Upregulated
OO_C4DCCACT,7.47409519121553,Upregulated
OO_C4OHc,NaN,Unchanged
OO_C4tcx,9.70156363312693,Upregulated
OO_C4tmc,1.19196688166362,Unchanged
OO_C4x,9.70156363312693,Upregulated
OO_C50CPT1,NaN,Unchanged
OO_C51CPT1,NaN,Unchanged
OO_C6DCCACT,2.62954323709736,Upregulated
OO_C6DCc,2.62954323709736,Upregulated
OO_C8DCc,2.62954304165773,Upregulated
OO_DDCRNe,NaN,Unchanged
OO_DECCRNe,NaN,Unchanged
OO_DOCO13EFATP,0,Downregulated
OO_DOCOSACT,2.86884861247635,Upregulated
OO_DOCOSACTDe,2.6934667009288,Upregulated
OO_DOCOSACTDr,30626474.5369452,Upregulated
OO_FAOXC101C102m,0.16206595084861,Downregulated
OO_FAOXC101C8x,322891.643590687,Upregulated
OO_FAOXC101x,2.9373210338436,Upregulated
OO_FAOXC102C101x,322891.648977198,Upregulated
OO_FAOXC102C103m,0.233664340669493,Downregulated
OO_FAOXC102C103x,1.43588239041926,Unchanged
OO_FAOXC102C81m,0.233664340669493,Downregulated
OO_FAOXC102C81x,1.43588239041926,Unchanged
OO_FAOXC102m,0.233664340669493,Downregulated
OO_FAOXC102x,1.43588239041926,Unchanged
OO_FAOXC103C102m,0.233664340669493,Downregulated
OO_FAOXC103C102x,1.43588239041926,Unchanged
OO_FAOXC121x,2.49421296554147,Upregulated
OO_FAOXC122C101m,2.06728440248666,Upregulated
OO_FAOXC122m,2.06728440248666,Upregulated
OO_FAOXC122x,3.19608601374067,Upregulated
OO_FAOXC123C102m,0.233664340669493,Downregulated
OO_FAOXC123C102x,1.43588239041926,Unchanged
OO_FAOXC123m,0.233664340669493,Downregulated
OO_FAOXC123x,1.43588239041926,Unchanged
OO_FAOXC141C141OHm,NaN,Unchanged
OO_FAOXC142C122m,2.06728440248666,Upregulated
OO_FAOXC142C122x,3.19608601374067,Upregulated
OO_FAOXC142C142OHm,NaN,Unchanged
OO_FAOXC143C123m,0.233664340669493,Downregulated
OO_FAOXC143C123x,1.43588239041926,Unchanged
OO_FAOXC14DCC12DCx,2.59156887443359,Upregulated
OO_FAOXC161C141m,NaN,Unchanged
OO_FAOXC161C161OHm,NaN,Unchanged
OO_FAOXC162C162OHm,NaN,Unchanged
OO_FAOXC163C142x,3.19608601374067,Upregulated
OO_FAOXC163C164Gm,2.06728440248666,Upregulated
OO_FAOXC163C164x,3.19608601374067,Upregulated
OO_FAOXC163GC142m,2.06728440248666,Upregulated
OO_FAOXC163Gm,2.06728440248666,Upregulated
OO_FAOXC163x,3.19608601374067,Upregulated
OO_FAOXC164C143m,0.233664340669493,Downregulated
OO_FAOXC164C143x,1.43588239041926,Unchanged
OO_FAOXC164C163x,3.19608601374067,Upregulated
OO_FAOXC164C165m,0.233664340669493,Downregulated
OO_FAOXC164C165x,1.43588239041926,Unchanged
OO_FAOXC164GC163m,2.06728440248666,Upregulated
OO_FAOXC164m,0.233664340669493,Downregulated
OO_FAOXC164x,1.43588239041926,Unchanged
OO_FAOXC165C164m,0.233664340669493,Downregulated
OO_FAOXC165C164x,1.43588239041926,Unchanged
OO_FAOXC16C16OHm,NaN,Unchanged
OO_FAOXC16DCC14DCx,2.59156887443359,Upregulated
OO_FAOXC16DCr,2.59156887443359,Upregulated
OO_FAOXC181C161m,1.99145605563321,Unchanged
OO_FAOXC181C181OHm,NaN,Unchanged
OO_FAOXC182C182OHm,NaN,Unchanged
OO_FAOXC184C163m,2.06728440248666,Upregulated
OO_FAOXC184C163x,3.19608601374067,Upregulated
OO_FAOXC184C164m,0.233664340669493,Downregulated
OO_FAOXC184C164x,1.43588239041926,Unchanged
OO_FAOXC184m,2.06728440248666,Upregulated
OO_FAOXC184x,3.19608601374067,Upregulated
OO_FAOXC18C18OHm,NaN,Unchanged
OO_FAOXC204C184m,2.06728440248666,Upregulated
OO_FAOXC204C205x,3.19608601374067,Upregulated
OO_FAOXC205C184x,3.19608601374067,Upregulated
OO_FAOXC225C204m,2.06728440248666,Upregulated
OO_FAOXC225C204x,3.19608601374067,Upregulated
OO_FAOXC225C226m,2.06728440248666,Upregulated
OO_FAOXC225C226x,3.19608601374067,Upregulated
OO_FAOXC225m,2.06728440248666,Upregulated
OO_FAOXC225x,3.19608601374067,Upregulated
OO_FAOXC226C225m,2.06728440248666,Upregulated
OO_FAOXC226C225x,3.19608601374067,Upregulated
OO_FAOXC4C4DCc,7.47409519121553,Upregulated
OO_FAOXC5C5OHm,NaN,Unchanged
OO_FAOXC5OHc,NaN,Unchanged
OO_FAOXC61C4m,0.158433701253571,Downregulated
OO_FAOXC61m,0.233664340669493,Downregulated
OO_FAOXC61x,1.43588239041926,Unchanged
OO_FAOXC81C61m,0.233664340669493,Downregulated
OO_FAOXC81C61x,1.43588239041926,Unchanged
OO_FAOXOHC16C16DCc,2.59156887443359,Upregulated
OO_FAOXTC162TC142m,NaN,Unchanged
OO_FAOXTC182TC162m,NaN,Unchanged
OO_FOAXC122C101x,3.19608601374067,Upregulated
OO_HDCACBP,NaN,Unchanged
OO_HDDACBP,NaN,Unchanged
OO_HDECAACBP,NaN,Unchanged
OO_HDECEACBP,NaN,Unchanged
OO_HEDCECRNe,NaN,Unchanged
OO_HEXCOAACBP,46.4218401151037,Upregulated
OO_HEXDCRNe,NaN,Unchanged
OO_HEXDIACtr,2.59156887443359,Upregulated
OO_HEXDICOAACBPx,2.59156887443359,Upregulated
OO_HIVCACBP,NaN,Unchanged
OO_HIVCRNe,NaN,Unchanged
OO_HOCDACBP,NaN,Unchanged
OO_HOCTDACBP,NaN,Unchanged
OO_HOCTDEC2CRNe,NaN,Unchanged
OO_HOCTDECCRNe,NaN,Unchanged
OO_HTDCACBP,NaN,Unchanged
OO_HTDCRNe,NaN,Unchanged
OO_IVCOAACBP,NaN,Unchanged
OO_IVCRNe,NaN,Unchanged
OO_OCD11COACPT1,1.99145605563321,Unchanged
OO_OCD11CRNCACT,1.99145605563321,Unchanged
OO_OCD11CRNCPT2,1.99145605563321,Unchanged
OO_OCT11EFATP,1.99145605563321,Unchanged
OO_OCTDEC2ACBP,NaN,Unchanged
OO_OCTDECCACT,NaN,Unchanged
OO_OCTDECCPT1,NaN,Unchanged
OO_OCTDECCPT2,NaN,Unchanged
OO_OCTDECE1CRNe,NaN,Unchanged
OO_sink_octdececoa[c],NaN,Unchanged
OO_PRISTCOAtcx,0.913064531943822,Unchanged
OO_SBCOAACOTx,2.62954304165773,Upregulated
OO_SCP21cx,2.72268550361462,Upregulated
OO_SEBACACT,2.62954304165773,Upregulated
OO_SEBACIDtx,2.62954304165773,Upregulated
OO_SEBCOACROT,2.62954304165773,Upregulated
OO_SEBCOAPET,2.62954304165773,Upregulated
OO_SUBEACtx,2.62954304165773,Upregulated
OO_SUBERCACT,2.62954304165773,Upregulated
OO_SUBERCROT,2.62954304165773,Upregulated
OO_SUBERICACT,2.62954304165773,Upregulated
OO_SUCCCROT,7.47409519121553,Upregulated
OO_SUCCOAPET,7.47409519121553,Upregulated
OO_TIGCRNe,NaN,Unchanged
OO_4OHPROIMINOtc,1,Unchanged
OO_BTNTe,1,Unchanged
OO_LEUyLAThtc,1,Unchanged
OO_METyLATthc,1,Unchanged
OO_ORNALArBATtc,1,Unchanged
OO_ORNLEUrBATtc,1,Unchanged
OO_PCHOLHSTDe,0.0065898470601537,Downregulated
OO_PEHSFABPe,0.549795866115885,Unchanged
OO_PROIMINOtc,1,Unchanged
OO_1a25DHVITD3TRn,1.19196822458176,Unchanged
OO_25HVITD3c,1.26048794233715,Unchanged
OO_3AIB_Dtm,1.45847387496299,Unchanged
OO_3HCO3_NAt,1,Unchanged
OO_4HPROLTASCT1,1,Unchanged
OO_ADNt5le,1,Unchanged
OO_BTNt3ile,2.72268563403528,Upregulated
OO_CHOLESTle,14.2650021758856,Upregulated
OO_CYTDt5le,1,Unchanged
OO_DM_1a25dhvitd3[n],1.19196822458176,Unchanged
OO_DPMVDc,0.0217539371509698,Downregulated
OO_FADDPle,0.249184971826177,Downregulated
OO_FE2DMT1,1.26055360154837,Unchanged
OO_FE3MTP1,1.26055360154837,Unchanged
OO_FMNALKPle,0.249184971826177,Downregulated
OO_FRDPtcr,1.62916886123009e-07,Downregulated
OO_G6PDH2c,7041724.31578675,Upregulated
OO_GNDc,0.940545624395021,Unchanged
OO_GSNt5le,1,Unchanged
OO_INSt5le,1,Unchanged
OO_IPDDI,0.885453681326203,Unchanged
OO_MEVK1c,0.0217539371509698,Downregulated
OO_PGLc,0.940545610281313,Unchanged
OO_PMEVKc,0.0217539371509698,Downregulated
OO_PNTOt5le,2.72268567035278,Upregulated
OO_PPItm,1.38238198867411,Unchanged
OO_RPEc,1.00000290215463,Unchanged
OO_RTOTAL2FATPc,3.17315602237949,Upregulated
OO_RTOTALFATPc,6.56648910256729,Upregulated
OO_sink_5hpet[c],1,Unchanged
OO_THMDt5le,0.648760453548669,Unchanged
OO_URIt5le,1,Unchanged
OO_3MOBte,1,Unchanged
OO_4HPRO_LTte,NaN,Unchanged
OO_5OXPROt,2.30254182902601e-07,Downregulated
OO_CBASPte,65040648.1512079,Upregulated
OO_DM_ncam,1.26130094635405,Unchanged
OO_IDOURte,2.37477660799311,Upregulated
OO_5HOXINDOAtr,2232266.44985986,Upregulated
OO_LKYNRtr2,2.45464762977656e-07,Downregulated
OO_DHAPtr,173844.951037328,Upregulated
OO_GLCURtr,3.95306919618266,Upregulated
OO_BETBGTtc,60.4243759848275,Upregulated
OO_CLCFTRte,1,Unchanged
OO_FOLABCCte,2.72268569381896,Upregulated
OO_GSNt2r,1,Unchanged
OO_NACSMCTte,0.226574118187675,Downregulated
OO_CAMPt,2.42903486812164,Upregulated
OO_CGMPt,2.97990601085188,Upregulated
OO_GLCt4,971875.494489864,Upregulated
OO_TRPt,1,Unchanged
OO_r0295,3.35291459094191,Upregulated
OO_biomass_maintenance,25.2406570469605,Upregulated
OO_biomass_maintenance_noTrTr,2.68643374866786,Upregulated
OO_PCHOLMYR_HSPLA2,1.22370275051231,Unchanged
OO_PCHOLOLE_HSPLA2,1.22370267224516,Unchanged
OO_PCHOLSTE_HSPLA2,1.22370264703445,Unchanged
OO_PCHOLN204_HSPLA2,1.22370259508052,Unchanged
OO_PCHOLN24_HSPLA2,1.22370257304881,Unchanged
OO_PCHOLHEP_HSPLA2,1.2237025355146,Unchanged
OO_GPDDACHOL,0.00171770173876388,Downregulated
OO_GLYC2P3Pc,0.00171770184879986,Downregulated
OO_4AABUTNt,4.04506020373062,Upregulated
OO_C02712te,1.83211265036437,Unchanged
OO_C03990tr,0.697380730799078,Unchanged
OO_C04805td,0.0922113775553351,Downregulated
OO_C06314t,3.81723690946067,Upregulated
OO_C14768td,2.77583570286076,Upregulated
OO_C14769td1,2.7758356162301,Upregulated
OO_C14770ATP,2.75473759554158,Upregulated
OO_C14771ATP,2.75473747950941,Upregulated
OO_C14826td,1.26048804027309,Unchanged
OO_CE2537ATP,2.7226856253308,Upregulated
OO_DODECANACtd,2.59156889305154,Upregulated
OO_GALTt,12658949.721526,Upregulated
OO_GLYC_Rt,178259.392622491,Upregulated
OO_IND3ACt,1.94428169810207,Unchanged
OO_pac,2.40074210746266,Upregulated
OO_HC02195te,2.72268571088973,Upregulated
OO_HC02196te,2.72268552629299,Upregulated
OO_HC02194te,2.72268560107695,Upregulated
OO_HC02220te,2.72268582403415,Upregulated
OO_TRPGLYLEUt,134040.056143565,Upregulated
OO_TRPGLYLEUr,134040.056143565,Upregulated
OO_GLYCLTtm,8.4356366813142,Upregulated
OO_PA_HStm,0.608154034367139,Unchanged
OO_2MOPtm,2.05188528573434e-08,Downregulated
OO_PGPP_hsc,22.8714687698055,Upregulated
OO_CE2512te,0.237508374221971,Downregulated
OO_r2514m,3.16134157548816,Upregulated
OO_DM_akg[c],12.9399312221178,Upregulated
OO_UGT1A10c,2.04789719710575,Upregulated
OO_UNK3r,8.50649845449477,Upregulated
OO_DDCAte,1.49903798348937,Unchanged
OO_DM_C02712[c],1.83211508203124,Unchanged
OO_LTHSTRLtr,0.0104694110931157,Downregulated
OO_sink_25hvitd2[c],1.04144373521265,Unchanged
OO_sink_C02528[c],4.18300223575936,Upregulated
OO_sink_HC02191[c],0.697380729130824,Unchanged
OO_sink_c226coa[c],1216066.52581817,Upregulated
OO_sink_chol[c],0.165705150799591,Downregulated
OO_sink_cholate[c],1.2604879150678,Unchanged
OO_sink_dgchol[c],24.6279314461608,Upregulated
OO_sink_doco13ecoa[c],0.215131529213374,Downregulated
OO_sink_fad[c],0.249184962751405,Downregulated
OO_sink_hdca[c],1,Unchanged
OO_sink_lnlc[c],1,Unchanged
OO_sink_lnlccoa[c],1.14360252706338,Unchanged
OO_sink_lnlncacoa[c],0.241578811551878,Downregulated
OO_sink_lnlncgcoa[c],1.5865539959652,Unchanged
OO_sink_nad[c],0.151217520345742,Downregulated
OO_sink_nadp[c],0.872268165694634,Unchanged
OO_sink_pmtcoa[c],0.114725628480235,Downregulated
OO_sink_retfa[c],1.99705892841242,Unchanged
OO_sink_retinol[c],1,Unchanged
OO_sink_stcoa[c],0.841752650269736,Unchanged
OO_sink_tag_hs[c],11.1047462062902,Upregulated
OO_sink_tdechola[c],1.83961889372078,Unchanged
OO_sink_tmndnccoa[c],320465.817784797,Upregulated
OO_sink_vitd3[c],1.14842316178736,Unchanged
OO_sink_dhcholestanate[c],5959.98203487474,Upregulated
OO_sink_thcholstoic[c],46466972.1107047,Upregulated
OO_sink_xol7ah3[c],8.15049989578013e-07,Downregulated
OO_XOL7AONEt,3.67838842052903,Upregulated
OO_sink_dchac[c],0.464920525863597,Downregulated
OO_ACACT1r,0.545913766517177,Unchanged
OO_ACONT,15.6860513045889,Upregulated
OO_ACS,3.84788069436354,Upregulated
OO_ADK1,1.26173091526486,Unchanged
OO_ADNCNT3tc,1,Unchanged
OO_ADSS,4.0687226132926,Upregulated
OO_ALAR,2,Upregulated
OO_ARGN,1.3517898393888,Unchanged
OO_ASP1DC,1.41298295423206,Unchanged
OO_ASPTA,1887.44392161454,Upregulated
OO_BPNT,2.81841464303093,Upregulated
OO_CBPS,3.99308551872195,Upregulated
OO_CO2t,845443.414210297,Upregulated
OO_CPPPGO,2.49923833522345,Upregulated
OO_CTPS1,3.90011904231817,Upregulated
OO_CTPS2,4.03672638973482,Upregulated
OO_CYSTGL,13.0206186201949,Upregulated
OO_CYSTS,13.0206186201949,Upregulated
OO_CYTDt2r,0.993277097080109,Unchanged
OO_DHFR,0.914341417873885,Unchanged
OO_DHPR,1.83317530209151,Unchanged
OO_DMATT,8.52370059769322e-08,Downregulated
OO_DM_atp_c_,2.72268566759422,Upregulated
OO_DPCOAK,2.72268554519282,Upregulated
OO_ENO,2.68335536917873,Upregulated
OO_FBA,1.29337075612278,Unchanged
OO_FBA2,137.686033610057,Upregulated
OO_FCLTc,2.2275097868602,Upregulated
OO_FERO,1.26055371725435,Unchanged
OO_FMNAT,2.86884882020956,Upregulated
OO_FPGS7,1.05890283029509,Unchanged
OO_FT,1,Unchanged
OO_FUM,1.09755124134297,Unchanged
OO_G3PD1,7.76115070670491e-07,Downregulated
OO_GALU,4070632.02362289,Upregulated
OO_GAPD,3.84091703932627,Upregulated
OO_GF6PTA,4.97263252568261,Upregulated
OO_GHMT2r,54448.9884093248,Upregulated
OO_GK1,1.11457512027089,Unchanged
OO_GLYLEUHYDROc,134040.056143565,Upregulated
OO_GMAND,0.303286920801187,Downregulated
OO_GMPS2,2.97603328746123,Upregulated
OO_GRTT,8.52370059769322e-08,Downregulated
OO_GTPCI,1.16303616237901,Unchanged
OO_GUAPRT,0.867033735748963,Unchanged
OO_H2CO3D,479810.512198937,Upregulated
OO_HMBS,2.54196851356751,Upregulated
OO_ILETA,1,Unchanged
OO_IMPD,623884.283490497,Upregulated
OO_INSt2,1,Unchanged
OO_LEUTA,2.43129710190413e-06,Downregulated
OO_L_LACt2r,8065.73005922442,Upregulated
OO_MAN1PT2,0.466870410665688,Downregulated
OO_MAN6PI,1.96209787014446,Unchanged
OO_NAt3_1,1,Unchanged
OO_NDPK1,1,Unchanged
OO_NDPK2,1,Unchanged
OO_NDPK3,0.989272670007428,Unchanged
OO_NDPK4,6489854.62307431,Upregulated
OO_NDPK5,0.607728633680215,Unchanged
OO_NDPK6,0.981372055926458,Unchanged
OO_NDPK7,2.30572592786887,Upregulated
OO_NDPK8,1,Unchanged
OO_NDPK9,32327980.3333285,Upregulated
OO_NTD1,3.01884392487897,Upregulated
OO_O2t,1.39703728124195,Unchanged
OO_OMPDC,3.13649092117805,Upregulated
OO_PGI,2.27189797767373,Upregulated
OO_PGK,2.72268555868996,Upregulated
OO_PGM,1.98293298973644,Unchanged
OO_PGMT,2.27189779719938,Upregulated
OO_PMANM,0.466870436862546,Downregulated
OO_PNP,0.146718202174918,Downregulated
OO_PNTK,3.32045877178283,Upregulated
OO_PPA,1.13320260066955,Unchanged
OO_PPBNGS,2.54196842141611,Upregulated
OO_PPCDC,3.32045804072352,Upregulated
OO_PPM,936296.899679392,Upregulated
OO_PPNCL3,3.32045860215642,Upregulated
OO_PRPPS,5.45167322114999,Upregulated
OO_PSERT,1.98293274189443,Unchanged
OO_PSP_L,1.98293274189443,Unchanged
OO_PTPAT,2.86884889566871,Upregulated
OO_PUNP1,25741.3863305256,Upregulated
OO_PUNP3,73461.4387441124,Upregulated
OO_PUNP4,1289723.08454504,Upregulated
OO_PUNP5,1324360.30006275,Upregulated
OO_PUNP6,7114561.5370651,Upregulated
OO_PUNP7,5644572.10193998,Upregulated
OO_RBFK,2.72268544301618,Upregulated
OO_RNDR1,0.757654101120956,Unchanged
OO_RNDR2,1,Unchanged
OO_RNDR3,1.13736214014993,Unchanged
OO_RNDR4,0.552230612031998,Unchanged
OO_RPE,1,Unchanged
OO_RPI,3213411.76912989,Upregulated
OO_SPODM,0.135261516161972,Downregulated
OO_TALA,0.458536974566352,Downregulated
OO_THMDt2r,0.648760433026788,Unchanged
OO_TKT1,11.6187680068978,Upregulated
OO_TKT2,11.61877290566,Upregulated
OO_TMDK1,2.83413608556555,Upregulated
OO_TMDPK,1.59608695270835,Unchanged
OO_TPI,1095413.85808171,Upregulated
OO_UAGDP,1.82623933444209,Unchanged
OO_UDPG4E,0.279086734865152,Downregulated
OO_UPP3S,2.49923833522345,Upregulated
OO_UPPDC1,2.49923833522345,Upregulated
OO_UREAt,8.81203694450282,Upregulated
OO_URIt2r,0.992986110085518,Unchanged
OO_VALTA,1,Unchanged
OO_r0082,0.116117719234157,Downregulated
OO_r0220,2.86884893111968,Upregulated
OO_r0318,2.86884893111968,Upregulated
OO_r0345,0.885549956958154,Unchanged
OO_r0398,1.83317525068638,Unchanged
OO_r0422,0.116117719234157,Downregulated
OO_r0671,3.32045853094434,Upregulated
OO_ACCOAC,3.39207618908489,Upregulated
OO_FPGS,2.72268566858722,Upregulated
OO_NTD2,2.72268587712076,Upregulated
OO_NTD4,2.72268576388859,Upregulated
OO_NTD5,2.72268577395709,Upregulated
OO_NTD6,6.02674495497512,Upregulated
OO_NTD7,1.03540029910325e-05,Downregulated
OO_NTD8,1.12118629525321,Unchanged
OO_NTD9,9793.69649682512,Upregulated
OO_NTD10,623884.274055177,Upregulated
OO_NTD11,411131.786979672,Upregulated
OO_ADPRDP,2.70140408167955,Upregulated
OO_ALCD1,1,Unchanged
OO_ADNK1,4.53780944262711,Upregulated
OO_GCALDD,1.2610984647798,Unchanged
OO_ABUTD,8.83149169424616,Upregulated
OO_ACYP,2.72268554439602,Upregulated
OO_AICART,8.74786293574567,Upregulated
OO_ALDD2x,2.48217719672414e-07,Downregulated
OO_AMANK,10.0364873583252,Upregulated
OO_DRBK,1.12118628101972,Unchanged
OO_G6PDA,4.97263228663295,Upregulated
OO_GALK,2.86884893252689,Upregulated
OO_GLUPRT,1.09016640647731,Unchanged
OO_GLXO1,7.30079155353146,Upregulated
OO_GLYOX,0.741396763569836,Unchanged
OO_GND,0.940545605007212,Unchanged
OO_HISD,84.7905822833258,Upregulated
OO_HXPRT,0.348211263839033,Downregulated
OO_HYXNt,4.92493087823055,Upregulated
OO_IMACTD,1.94428191878181,Unchanged
OO_IMPC,8.74786293574567,Upregulated
OO_IZPN,84.7905822833258,Upregulated
OO_LCADi,0.992495831493865,Unchanged
OO_LDH_L,0.885744839669592,Unchanged
OO_LGTHL,1,Unchanged
OO_MDH,9.13612632563708e-06,Downregulated
OO_MI1PP,6.2259732603692e-07,Downregulated
OO_MI3PP,1.36134275348539,Unchanged
OO_MI4PP,6.22597328993579e-07,Downregulated
OO_NT5C,2.72268550720024,Upregulated
OO_NTD3,3.01884382434006,Upregulated
OO_NTD5_a,0.146718202174918,Downregulated
OO_ORNDC,2.03460502512281,Upregulated
OO_PFK,0.458537129917442,Downregulated
OO_PHETA1,1.53700968619262,Unchanged
OO_PRFGS,1.09016640647731,Unchanged
OO_PYDAMK,2.72268553682638,Upregulated
OO_PYDXNK,2.72268537592227,Upregulated
OO_THRD_L,4.26848529688614,Upregulated
OO_TMDS,2.54225476276603,Upregulated
OO_TYRTA,10054854.1329531,Upregulated
OO_r0392,178259.061689806,Upregulated
OO_UGLT,33785229.9285365,Upregulated
OO_URCN,84.7905822833258,Upregulated
OO_ACGAM2E,2.07527611534716,Upregulated
OO_DCMPDA,0.263891369662224,Downregulated
OO_ACALDt,0.000615335104827944,Downregulated
OO_AACOAT,8.91223249488689,Upregulated
OO_FORTHFC,84.7905822833258,Upregulated
OO_MTRI,2.06326102231314,Upregulated
OO_NADN,2.70140408167955,Upregulated
OO_AHC,16.187392864872,Upregulated
OO_PHPYRte,1.53700968614656,Unchanged
OO_PHPYRtm,261180.820388693,Upregulated
OO_CE4970tm,1.68697133476677,Unchanged
OO_CE4970te,1.68697133476677,Unchanged
OO_CE2026tm,1.87050760798203,Unchanged
OO_CE2026te,1.87050760798203,Unchanged
OO_CE4968tm,1.68697133292141,Unchanged
OO_CE4968te,1.68697133292141,Unchanged
OO_2H3MVc,1.39707598139027,Unchanged
OO_2H3MVte,1.39707598139027,Unchanged
OO_2HIVc,1.39707596397621,Unchanged
OO_2HIVte,1.39707596397621,Unchanged
OO_2M3OVCOAm,0.135069824810276,Downregulated
OO_2M3OVACm,0.135069824810276,Downregulated
OO_2M3OVACtm,0.135069824810276,Downregulated
OO_2M3HVACc,0.135069824810276,Downregulated
OO_2M3HVACte,0.135069824810276,Downregulated
OO_3MGLUTACc,5.01974115689437,Upregulated
OO_3MGLUTACtm,5.01974115689437,Upregulated
OO_3MGLUTACte,5.01974115689437,Upregulated
OO_HEXGLYc,46.3874622908973,Upregulated
OO_HEXGLYte,46.3874622908973,Upregulated
OO_AK2LGCHOLABCt,2.72268562964088,Upregulated
OO_CE2510ABCt,0,Downregulated
OO_CE2537ABCt,2.7226856253308,Upregulated
OO_NRVNCABCt,2.72268557968426,Upregulated
OO_PAFABCt,2.72268579443226,Upregulated
OO_PCHLN225_HSABCt,2.72268579443226,Upregulated
OO_PCHOL2LINL_HSABCt,2.72268579443226,Upregulated
OO_PCHOL2OLE_HSABCt,2.72268579443226,Upregulated
OO_PCHOL2STE_HSABCt,2.72268579443226,Upregulated
OO_PCHOLAR_HSABCt,2.72268579443226,Upregulated
OO_PCHOLDOC_HSABCt,2.72268579443226,Upregulated
OO_PCHOLEIC_HSABCt,2.72268579443226,Upregulated
OO_PCHOLET_HSABCt,2.72268579443226,Upregulated
OO_PCHOLHEP_HSABCt,1.2237025355146,Unchanged
OO_PCHOLLINL_HSABCt,2.72268565175788,Upregulated
OO_PCHOLMYR_HsABCt,1.22370275051231,Unchanged
OO_PCHOLN15_HSABCt,2.722685648284,Upregulated
OO_PCHOLN183_HSABCt,2.722685648284,Upregulated
OO_PCHOLN1836_HSABCt,2.722685648284,Upregulated
OO_PCHOLN19_HSABCt,2.722685648284,Upregulated
OO_PCHOLN201_HSABCt,2.722685648284,Upregulated
OO_PCHOLN203_HSABCt,2.722685648284,Upregulated
OO_PCHOLN204_HSABCt,1.22370259508052,Unchanged
OO_PCHOLN205_HSABCt,2.72268572961433,Upregulated
OO_PCHOLN224_HSABCt,2.72268572961433,Upregulated
OO_PCHOLN225_HSABCt,2.72268572961433,Upregulated
OO_PCHOLN2254_HSABCt,2.72268572961433,Upregulated
OO_PCHOLN264_HSABCt,1.22370257304881,Unchanged
OO_PCHOLOLE_HSABCt,1.22370267224516,Unchanged
OO_PCHOLPALME-HSABCt,2.72268559284219,Upregulated
OO_PCHOLSTE_HSABCt,1.22370264703445,Unchanged
OO_PEPALM_HSASBCt,2.72268554602587,Upregulated
OO_AK2LGCHOLt1,2.72268562964088,Upregulated
OO_PAFt1,2.72268579443226,Upregulated
OO_PCHOL2LINL_HSt1e,2.72268579443226,Upregulated
OO_PCHOL2OLE_HSt1e,2.72268579443226,Upregulated
OO_PCHOL2STE_HSt1e,2.72268579443226,Upregulated
OO_PCHOLAR_HSt1e,2.72268579443226,Upregulated
OO_PCHOLDOC_HSt1e,2.72268579443226,Upregulated
OO_PCHOLEIC_HSt1e,2.72268579443226,Upregulated
OO_PCHOLET_HSt1e,2.72268579443226,Upregulated
OO_PCHOLLINL_HSt1e,2.72268565175788,Upregulated
OO_PCHOLN15_HSt1e,2.722685648284,Upregulated
OO_PCHOLN183_HSt1e,2.722685648284,Upregulated
OO_PCHOLN1836_HSt1e,2.722685648284,Upregulated
OO_PCHOLN19_HSt1e,2.722685648284,Upregulated
OO_PCHOLN201_HSt1e,2.722685648284,Upregulated
OO_PCHOLN203_HSt1e,2.722685648284,Upregulated
OO_PCHOLN205_HSt1e,2.72268572961433,Upregulated
OO_PCHOLN224_HSt1e,2.72268572961433,Upregulated
OO_PCHOLN225_HSt1e,2.72268572961433,Upregulated
OO_PCHOLN2254_HSt1e,2.72268572961433,Upregulated
OO_PCHLN225_HSt1e,2.72268579443226,Upregulated
OO_PEPALM_HSt1e,2.72268554602587,Upregulated
OO_PCHOLPALME-HSt1e,2.72268559284219,Upregulated
OO_GLCRt1,0.846325737642371,Unchanged
OO_PPP9ABCte,2.49923829388479,Upregulated
OO_MLTHFte,1,Unchanged
OO_CE2705t,1.65486069371708,Unchanged
OO_MLTHFte2,1.00000021545598,Unchanged
OO_MLTHFte1,2.72268553962133,Upregulated
OO_CE1918te,2232266.44985986,Upregulated
OO_XOL24OHtr,62.9485624305,Upregulated
OO_XOL24OHte,62.3288024445393,Upregulated
OO_C05769te2,136329128.986556,Upregulated
OO_PPBNGte,0.871912124093221,Unchanged
OO_HDD2CRNte,838312.419841631,Upregulated
OO_IM4ACte,1.94428191878181,Unchanged
OO_UDPG4DOPA,1.46509659787917,Unchanged
OO_UDPG3DOPA,1.46509650486173,Unchanged
OO_34DHPEAR,0.0719671507547682,Downregulated
OO_DOPA4GLCURt,1.46509659787917,Unchanged
OO_DOPA3GLCURt,1.46509650486173,Unchanged
OO_CE5026t,0.632020624639105,Unchanged
OO_GGTe_1,0.632020624639105,Unchanged
OO_CYSGLYPTASEe_1,0.632020624639105,Unchanged
OO_CE1261t,0.632020624639105,Unchanged
OO_DOPAOQCYS,1.18984613191386,Unchanged
OO_ACER23g,4.99235393354545,Upregulated
OO_BGAL1e,0.213589221496961,Downregulated
OO_BGAL1l,2.24000828090028,Upregulated
OO_BGAL2l,1.58163772040613,Unchanged
OO_BGAL3l,1.79365756906655,Unchanged
OO_CRMte,2.91942967277402,Upregulated
OO_DES21,4.99235392349496,Upregulated
OO_GA1tl,1.58163772040613,Unchanged
OO_GLA2l,0.324126950956799,Downregulated
OO_GLUSIDEte,0.685066020835122,Unchanged
OO_HEXA2l,1.79365756906655,Unchanged
OO_HEXAHBl,1.58163772040613,Unchanged
OO_NEU11l,2.24000828090028,Upregulated
OO_NEU21,2.86884892825373,Upregulated
OO_NEU22,2.86884904038107,Upregulated
OO_NEU23,2.86884889979023,Upregulated
OO_SMS1S2,2.86884890257376,Upregulated
OO_SMS21e,2.91942967277402,Upregulated
OO_SMSn,2.86884886623961,Upregulated
OO_SPHK11,4.99235371902801,Upregulated
OO_SPHMYLNtl2,2.91942990591035,Upregulated
OO_SPMD3n,2.86884886623961,Upregulated
OO_TETTET6COAtm,1,Unchanged
OO_TETPENT6COAtm,1,Unchanged
OO_TETPENT3COAtm,1,Unchanged
OO_PCHOL_HStn,2.86884886623961,Upregulated
OO_CHOLPtn,2.86884886623961,Upregulated
OO_DAG_HStg,2.86884890257376,Upregulated
OO_PHCRMtg,4.99235393354545,Upregulated
OO_PHSPHINGStg,4.99235393354545,Upregulated
OO_PHSGPL11c,4.99235371902801,Upregulated
OO_34DHPEt,0.0719671507547682,Downregulated
OO_GALSIDEter,1.92988240704638,Unchanged
OO_Rtotaltg,2.14907953633926,Upregulated
OO_GD1Atg,2.33750222173509,Upregulated
OO_ATPtg,2.72268572207993,Upregulated
OO_GD1Btl,1.79365756906655,Unchanged
OO_GD3tlc,1.79365756906655,Unchanged
OO_DM_pail35p_hs[n],5.82499674608687,Upregulated
OO_CATr,0.694712537525597,Unchanged
OO_DM_pcreat[c],2.38634217705016,Upregulated
OO_DM_hhxdcal[c],4.99235371902801,Upregulated
OO_DM_15HPET[n],0.296683144081302,Downregulated
OO_DM_15HPET[x],2.7843784935993,Upregulated
OO_DM_15HPET[r],11.9425509503444,Upregulated
OO_HMR_0155,11749351.1013661,Upregulated
OO_HMR_0167,2.09355666961789,Upregulated
OO_HMR_0168,2.09355666961789,Upregulated
OO_HMR_0176,0.315093428914786,Downregulated
OO_HMR_0177,1.14941680567972,Unchanged
OO_HMR_0178,1.14941680567972,Unchanged
OO_HMR_0188,3.26316532384866,Upregulated
OO_HMR_0189,0.757816334584692,Unchanged
OO_HMR_0191,2.72268560857809,Upregulated
OO_HMR_0192,2.86884912422434,Upregulated
OO_HMR_0193,2.86884912422434,Upregulated
OO_HMR_0194,2.72268560857809,Upregulated
OO_HMR_0197,2.86884889101729,Upregulated
OO_HMR_0200,2.86884904305396,Upregulated
OO_HMR_0201,2.86884904305396,Upregulated
OO_HMR_0203,2.7226855673943,Upregulated
OO_HMR_0204,2.86884904305396,Upregulated
OO_HMR_0206,2.86884904305396,Upregulated
OO_HMR_0207,2.7226855673943,Upregulated
OO_HMR_0208,0.576856336766584,Unchanged
OO_HMR_0209,2.86884886146605,Upregulated
OO_HMR_0210,2.86884891147179,Upregulated
OO_HMR_0214,2.86884882742813,Upregulated
OO_HMR_0230,11.0667797861511,Upregulated
OO_HMR_0232,2.72268554666571,Upregulated
OO_HMR_0233,2.86884874349051,Upregulated
OO_HMR_0234,2.86884874349051,Upregulated
OO_HMR_0235,2.72268554666571,Upregulated
OO_HMR_0238,2.86884921441522,Upregulated
OO_HMR_0240,2.72268569404841,Upregulated
OO_HMR_0241,2.86884892174911,Upregulated
OO_HMR_0242,2.86884892174911,Upregulated
OO_HMR_0243,2.72268569404841,Upregulated
OO_HMR_0244,2.72268569404841,Upregulated
OO_HMR_0245,2.86884892174911,Upregulated
OO_HMR_0246,2.86884892174911,Upregulated
OO_HMR_0247,2.72268569404841,Upregulated
OO_HMR_0254,2.72268569404841,Upregulated
OO_HMR_0255,2.86884882369817,Upregulated
OO_HMR_0256,2.86884882369817,Upregulated
OO_HMR_0257,2.72268569404841,Upregulated
OO_HMR_0259,2.86884888831475,Upregulated
OO_HMR_0260,2.86884893090183,Upregulated
OO_HMR_0267,13.5515175612196,Upregulated
OO_HMR_0268,3.24246030782183,Upregulated
OO_HMR_0270,2.7226855549354,Upregulated
OO_HMR_0271,2.01441245871283,Upregulated
OO_HMR_0272,2.01441245871283,Upregulated
OO_HMR_0273,2.7226855549354,Upregulated
OO_HMR_0276,4.40027309996241,Upregulated
OO_HMR_0278,2.72268545323564,Upregulated
OO_HMR_0279,2.86884893226778,Upregulated
OO_HMR_0280,2.86884893226778,Upregulated
OO_HMR_0281,2.72268545323564,Upregulated
OO_HMR_0288,2.72268545323564,Upregulated
OO_HMR_0289,2.86884891143645,Upregulated
OO_HMR_0290,2.86884891143645,Upregulated
OO_HMR_0291,2.72268545323564,Upregulated
OO_HMR_0292,0.0962512343933336,Downregulated
OO_HMR_0293,2.86884873745539,Upregulated
OO_HMR_0296,2.72268561552786,Upregulated
OO_HMR_0297,2.86884873754385,Upregulated
OO_HMR_0298,2.86884873754385,Upregulated
OO_HMR_0299,2.72268561552786,Upregulated
OO_HMR_0300,2.72268547177916,Upregulated
OO_HMR_0301,2.86884879882481,Upregulated
OO_HMR_0302,2.86884879882481,Upregulated
OO_HMR_0303,2.72268547177916,Upregulated
OO_HMR_0304,2.72268547177916,Upregulated
OO_HMR_0305,2.86884884264245,Upregulated
OO_HMR_0306,2.86884884264245,Upregulated
OO_HMR_0307,2.72268547177916,Upregulated
OO_HMR_0308,2.72268547177916,Upregulated
OO_HMR_0309,2.86884879525307,Upregulated
OO_HMR_0310,2.86884879525307,Upregulated
OO_HMR_0311,2.72268547177916,Upregulated
OO_HMR_0319,0,Downregulated
OO_HMR_0322,2.72268575937099,Upregulated
OO_HMR_0323,2.86884894376093,Upregulated
OO_HMR_0324,2.86884894376093,Upregulated
OO_HMR_0325,2.72268575937099,Upregulated
OO_HMR_0326,2.72268570826987,Upregulated
OO_HMR_0327,2.86884881113641,Upregulated
OO_HMR_0328,2.86884892606791,Upregulated
OO_HMR_0329,2.72268563140942,Upregulated
OO_HMR_0342,2.86884871627665,Upregulated
OO_HMR_0344,2.7226856666072,Upregulated
OO_HMR_0345,2.86884898159655,Upregulated
OO_HMR_0346,2.86884898159655,Upregulated
OO_HMR_0347,2.7226856666072,Upregulated
OO_HMR_0350,0.171304512145705,Downregulated
OO_HMR_0354,97.6559673509134,Upregulated
OO_HMR_0358,4.92352513375045,Upregulated
OO_HMR_0362,0.0791758311514132,Downregulated
OO_HMR_0366,3.07427836697193,Upregulated
OO_HMR_0370,2.86884859152425,Upregulated
OO_HMR_0374,2.86884859152425,Upregulated
OO_HMR_0378,2.43789915282326,Upregulated
OO_HMR_0380,2.72268565709407,Upregulated
OO_HMR_0381,2.86884904961306,Upregulated
OO_HMR_0382,2.86884904961306,Upregulated
OO_HMR_0383,2.72268565709407,Upregulated
OO_HMR_0384,2.72268565709407,Upregulated
OO_HMR_0385,2.86884885112691,Upregulated
OO_HMR_0386,2.86884885112691,Upregulated
OO_HMR_0387,2.72268565709407,Upregulated
OO_HMR_0388,2.72268565709407,Upregulated
OO_HMR_0389,2.86884898564737,Upregulated
OO_HMR_0390,2.86884898564737,Upregulated
OO_HMR_0391,2.72268565709407,Upregulated
OO_HMR_0392,0.153256417741024,Downregulated
OO_HMR_0393,2.8688491195497,Upregulated
OO_HMR_0394,2.86884894302209,Upregulated
OO_HMR_0398,0.207415447799098,Downregulated
OO_HMR_0402,2.86884902461333,Upregulated
OO_HMR_0406,0.220157220560144,Downregulated
OO_HMR_0410,0.967501101126935,Unchanged
OO_HMR_0414,4.76881065549252,Upregulated
OO_HMR_0418,2.86884863606021,Upregulated
OO_HMR_0422,2.86884859152425,Upregulated
OO_HMR_0426,2.86884884694062,Upregulated
OO_HMR_0428,2.72268552364317,Upregulated
OO_HMR_0429,2.86884874789465,Upregulated
OO_HMR_0430,2.86884874789465,Upregulated
OO_HMR_0431,2.72268552364317,Upregulated
OO_HMR_0432,2.72268565868768,Upregulated
OO_HMR_0433,2.8688488412765,Upregulated
OO_HMR_0434,2.8688488412765,Upregulated
OO_HMR_0435,2.72268565868768,Upregulated
OO_HMR_0436,2.72268567449076,Upregulated
OO_HMR_0437,2.86884885550155,Upregulated
OO_HMR_0438,2.86884885550155,Upregulated
OO_HMR_0439,2.72268567449076,Upregulated
OO_HMR_0482,0.000157265985657459,Downregulated
OO_HMR_0586,28.3566030724338,Upregulated
OO_HMR_0587,28.3566030724338,Upregulated
OO_HMR_0593,2.72268531461748,Upregulated
OO_HMR_0597,0.867154944503614,Unchanged
OO_HMR_0598,2.81841467846019,Upregulated
OO_HMR_0601,2.72268531461748,Upregulated
OO_HMR_0614,2.33095591971475,Upregulated
OO_HMR_0625,0.867154944503614,Unchanged
OO_HMR_0629,0.867154944503614,Unchanged
OO_HMR_0642,2.81841467846019,Upregulated
OO_HMR_0672,2.72268531461748,Upregulated
OO_HMR_0678,2.72268531461748,Upregulated
OO_HMR_0750,2.72268570730412,Upregulated
OO_HMR_0753,2.72268531461748,Upregulated
OO_HMR_0758,2.72268554657517,Upregulated
OO_HMR_0761,0.704865783879986,Unchanged
OO_HMR_0765,0.779564389268434,Unchanged
OO_HMR_0767,2.72268559409593,Upregulated
OO_HMR_0775,2.72268556183992,Upregulated
OO_HMR_0793,1.94673656998063,Unchanged
OO_HMR_0795,2.86884889628261,Upregulated
OO_HMR_0803,0.718466310252712,Unchanged
OO_HMR_0805,2.86884904056853,Upregulated
OO_HMR_0806,3.02308266078994,Upregulated
OO_HMR_0807,2.86884904056853,Upregulated
OO_HMR_0808,3.02308283564309,Upregulated
OO_HMR_0815,2.86884888106683,Upregulated
OO_HMR_0816,0.718466371386081,Unchanged
OO_HMR_0817,1.37828119846122,Unchanged
OO_HMR_0819,0.718466370402559,Unchanged
OO_HMR_0821,2.86884894503267,Upregulated
OO_HMR_0823,1.37828119846122,Unchanged
OO_HMR_0828,2.15205473412992,Upregulated
OO_HMR_0830,1.79365761752201,Unchanged
OO_HMR_0831,2.24000828090028,Upregulated
OO_HMR_0835,2.24000828090028,Upregulated
OO_HMR_0836,2.24000828090028,Upregulated
OO_HMR_0837,2.86884883184553,Upregulated
OO_HMR_0839,0.211373520949339,Downregulated
OO_HMR_0841,2.15205473412992,Upregulated
OO_HMR_0842,1.79365763602812,Unchanged
OO_HMR_0843,1.79365758626256,Unchanged
OO_HMR_0844,2.86884885936994,Upregulated
OO_HMR_0851,1.79365764138172,Unchanged
OO_HMR_0852,2.86884894275856,Upregulated
OO_HMR_0853,2.86884882601658,Upregulated
OO_HMR_0854,0.211373520949339,Downregulated
OO_HMR_0912,0.718466325310582,Unchanged
OO_HMR_0913,0.718466325310582,Unchanged
OO_HMR_0942,2.77583570286076,Upregulated
OO_HMR_0946,2.7758356162301,Upregulated
OO_HMR_0950,2.75473759554158,Upregulated
OO_HMR_0954,2.75473747950941,Upregulated
OO_HMR_0960,0.0922113820890801,Downregulated
OO_HMR_0962,1.87353603473431,Unchanged
OO_HMR_0963,1.87353603473431,Unchanged
OO_HMR_0984,0.296683144081302,Downregulated
OO_HMR_0985,0.296683144081302,Downregulated
OO_HMR_0986,11.9398737394275,Upregulated
OO_HMR_0987,2.7843784935993,Upregulated
OO_HMR_1085,24305356.3979405,Upregulated
OO_HMR_1095,1.73785123290122,Unchanged
OO_HMR_1127,1.87353603473431,Unchanged
OO_HMR_1129,2.21013110203511,Upregulated
OO_HMR_1135,1.87353603473431,Unchanged
OO_HMR_1242,1.87353603473431,Unchanged
OO_HMR_1243,1.87353603473431,Unchanged
OO_HMR_1312,1,Unchanged
OO_HMR_1321,1,Unchanged
OO_HMR_1465,0.0988624024923797,Downregulated
OO_HMR_1470,0.0988624024923797,Downregulated
OO_HMR_1473,0.0988624024923797,Downregulated
OO_HMR_1490,0.0988624076300795,Downregulated
OO_HMR_1493,0.0988624076300795,Downregulated
OO_HMR_1494,0.0988624076300795,Downregulated
OO_HMR_1495,0.0988624048712283,Downregulated
OO_HMR_1496,0.0988624056526448,Downregulated
OO_HMR_1502,0.0988624042329416,Downregulated
OO_HMR_1503,0.0988624042329416,Downregulated
OO_HMR_1504,0.0988624042329416,Downregulated
OO_HMR_1505,0.0988624042329416,Downregulated
OO_HMR_1509,0.0988624042329416,Downregulated
OO_HMR_1512,0.0988624042329416,Downregulated
OO_HMR_1516,0.0988624042329416,Downregulated
OO_HMR_1526,0.0988624042329416,Downregulated
OO_HMR_1532,1,Unchanged
OO_HMR_1536,0.126580612806182,Downregulated
OO_HMR_1538,0.126580612806182,Downregulated
OO_HMR_1539,0.126580612806182,Downregulated
OO_HMR_1540,0.126580612806182,Downregulated
OO_HMR_1543,0.126580612806182,Downregulated
OO_HMR_1544,0.126580612806182,Downregulated
OO_HMR_1545,0.126580612806182,Downregulated
OO_HMR_1546,0.126580612806182,Downregulated
OO_HMR_1547,0.126580612806182,Downregulated
OO_HMR_1548,0.126580612806182,Downregulated
OO_HMR_1549,0.126580612806182,Downregulated
OO_HMR_1550,0.126580612806182,Downregulated
OO_HMR_1551,0.126580612806182,Downregulated
OO_HMR_1552,0.126580612806182,Downregulated
OO_HMR_1557,8.52370089214033e-08,Downregulated
OO_HMR_1558,8.52370052974786e-08,Downregulated
OO_HMR_1565,0.0174844185983287,Downregulated
OO_HMR_1620,1,Unchanged
OO_HMR_1623,1,Unchanged
OO_HMR_1627,2.12680044319711,Upregulated
OO_HMR_1629,3.62372648343924,Upregulated
OO_HMR_1630,2.12680030862893,Upregulated
OO_HMR_1637,2.12680046481293,Upregulated
OO_HMR_1651,2.12680047739066,Upregulated
OO_HMR_1653,2.12680047739066,Upregulated
OO_HMR_1665,2.52572860351013,Upregulated
OO_HMR_1666,2.83028866557392,Upregulated
OO_HMR_1735,62.3287949011345,Upregulated
OO_HMR_1737,10.3383770302586,Upregulated
OO_HMR_1738,10.3383770302586,Upregulated
OO_HMR_1739,10.3383770302586,Upregulated
OO_HMR_1740,10.3383770302586,Upregulated
OO_HMR_1742,10.3383770302586,Upregulated
OO_HMR_1744,10.3383770302586,Upregulated
OO_HMR_1746,10.3383770302586,Upregulated
OO_HMR_1748,10.3383770302586,Upregulated
OO_HMR_1750,10.3383770302586,Upregulated
OO_HMR_1752,10.3383770302586,Upregulated
OO_HMR_1754,10.3383770302586,Upregulated
OO_HMR_1758,10.3383770302586,Upregulated
OO_HMR_1760,10.3383770302586,Upregulated
OO_HMR_1762,28.995390301158,Upregulated
OO_HMR_1764,28.995390301158,Upregulated
OO_HMR_1765,28.995390301158,Upregulated
OO_HMR_1838,0.880058362191032,Unchanged
OO_HMR_1916,2.72268570015415,Upregulated
OO_HMR_1962,2.81841463526997,Upregulated
OO_HMR_2041,1.31090327439263,Unchanged
OO_HMR_2087,0.974648746044479,Unchanged
OO_HMR_2088,0.974648746044479,Unchanged
OO_HMR_2089,0.974648746044479,Unchanged
OO_HMR_2090,0.974648746044479,Unchanged
OO_HMR_2127,1.14681725109805,Unchanged
OO_HMR_2190,0.411488590218121,Downregulated
OO_HMR_2193,0.411488590218121,Downregulated
OO_HMR_2210,3.28857522208794,Upregulated
OO_HMR_2211,3.20666294355426,Upregulated
OO_HMR_2215,11.1134451200291,Upregulated
OO_HMR_2217,11.1134451200291,Upregulated
OO_HMR_2218,11.1134451200291,Upregulated
OO_HMR_2219,11.1134451200291,Upregulated
OO_HMR_2259,1.9384432481681,Unchanged
OO_HMR_2260,1.9384432481681,Unchanged
OO_HMR_2261,1.9384432481681,Unchanged
OO_HMR_2262,1.9384432481681,Unchanged
OO_HMR_2263,1.93844338617516,Unchanged
OO_HMR_2264,1.93844338617516,Unchanged
OO_HMR_2265,1.93844338617516,Unchanged
OO_HMR_2266,1.93844338617516,Unchanged
OO_HMR_2293,1.44593644810551,Unchanged
OO_HMR_2296,1.2221624728344,Unchanged
OO_HMR_2332,2.49421296554147,Upregulated
OO_HMR_2334,2.49421296554147,Upregulated
OO_HMR_2336,2.49421296554147,Upregulated
OO_HMR_2338,2.49421296554147,Upregulated
OO_HMR_2342,1.93844336255097,Unchanged
OO_HMR_2343,1.93844336255097,Unchanged
OO_HMR_2344,1.93844336255097,Unchanged
OO_HMR_2345,1.93844336255097,Unchanged
OO_HMR_2347,1.40934753783245,Unchanged
OO_HMR_2348,1.40934753783245,Unchanged
OO_HMR_2349,1.40934753783245,Unchanged
OO_HMR_2350,1.40934753783245,Unchanged
OO_HMR_2353,1.53020001395933,Unchanged
OO_HMR_2354,1.53020001395933,Unchanged
OO_HMR_2355,1.53020001395933,Unchanged
OO_HMR_2356,1.53020001395933,Unchanged
OO_HMR_2361,1.36768959388652,Unchanged
OO_HMR_2362,1.36768959388652,Unchanged
OO_HMR_2363,1.36768959388652,Unchanged
OO_HMR_2364,1.36768959388652,Unchanged
OO_HMR_2365,1.36319246045351,Unchanged
OO_HMR_2374,1.22750346683505,Unchanged
OO_HMR_2376,1.22750346683505,Unchanged
OO_HMR_2391,1.25760343729946,Unchanged
OO_HMR_2395,8.43608679268073,Upregulated
OO_HMR_2433,1.60711837829433,Unchanged
OO_HMR_2434,1.60711837829433,Unchanged
OO_HMR_2435,1.60711837829433,Unchanged
OO_HMR_2436,1.60711837829433,Unchanged
OO_HMR_2440,0.434092660996483,Downregulated
OO_HMR_2457,1.26048804027309,Unchanged
OO_HMR_2530,1.58686745785446,Unchanged
OO_HMR_2533,1.58686745785446,Unchanged
OO_HMR_2535,1.58686745785446,Unchanged
OO_HMR_2537,1.58686745785446,Unchanged
OO_HMR_2540,1.69138990531852,Unchanged
OO_HMR_2541,1.69138990531852,Unchanged
OO_HMR_2542,1.69138990531852,Unchanged
OO_HMR_2543,1.69138990531852,Unchanged
OO_HMR_2581,0.779305659094081,Unchanged
OO_HMR_2602,1.35251404002212,Unchanged
OO_HMR_2603,1.35251404002212,Unchanged
OO_HMR_2604,1.35251404002212,Unchanged
OO_HMR_2608,1,Unchanged
OO_HMR_2609,1,Unchanged
OO_HMR_2610,1,Unchanged
OO_HMR_2612,1,Unchanged
OO_HMR_2613,1.3952496368573,Unchanged
OO_HMR_2620,0.576856300484454,Unchanged
OO_HMR_2621,0.576856300484454,Unchanged
OO_HMR_2622,0.576856300484454,Unchanged
OO_HMR_2635,1.44956412183378e-06,Downregulated
OO_HMR_2644,7.35364980641862e-08,Downregulated
OO_HMR_2655,1.03601015649701e-06,Downregulated
OO_HMR_2657,2.01441245871283,Upregulated
OO_HMR_2659,1.07420420385213,Unchanged
OO_HMR_2660,1.74316895906489,Unchanged
OO_HMR_2661,1.74316895906489,Unchanged
OO_HMR_2662,1.74316895906489,Unchanged
OO_HMR_2668,1.06483073728646,Unchanged
OO_HMR_2669,1.18685360671675,Unchanged
OO_HMR_2670,1.18685360671675,Unchanged
OO_HMR_2671,1.18685360671675,Unchanged
OO_HMR_2673,5.31549188969702e-09,Downregulated
OO_HMR_2675,1.93844337641483,Unchanged
OO_HMR_2676,1.93844337641483,Unchanged
OO_HMR_2677,1.93844337641483,Unchanged
OO_HMR_2679,1.51506773596211e-07,Downregulated
OO_HMR_2681,1.93844336255097,Unchanged
OO_HMR_2682,1.93844336255097,Unchanged
OO_HMR_2683,1.93844336255097,Unchanged
OO_HMR_2684,1.2117321539724,Unchanged
OO_HMR_2685,1.2117321539724,Unchanged
OO_HMR_2686,1.2117321539724,Unchanged
OO_HMR_2687,1.40934778337409,Unchanged
OO_HMR_2688,1.40934778337409,Unchanged
OO_HMR_2689,1.40934778337409,Unchanged
OO_HMR_2690,1.36768962989307,Unchanged
OO_HMR_2691,1.36768962989307,Unchanged
OO_HMR_2692,1.36768962989307,Unchanged
OO_HMR_2693,1.36319246045351,Unchanged
OO_HMR_2695,1.36319246045351,Unchanged
OO_HMR_2697,1.36319246045351,Unchanged
OO_HMR_2699,1.93844338885304,Unchanged
OO_HMR_2700,1.93844338885304,Unchanged
OO_HMR_2701,1.93844338885304,Unchanged
OO_HMR_2703,9.73763560112554,Upregulated
OO_HMR_2704,9.73763560112554,Upregulated
OO_HMR_2705,1.98807725011097,Unchanged
OO_HMR_2706,1.98807725011097,Unchanged
OO_HMR_2707,1.98807725011097,Unchanged
OO_HMR_2708,1.53020001395933,Unchanged
OO_HMR_2709,1.53020001395933,Unchanged
OO_HMR_2710,1.53020001395933,Unchanged
OO_HMR_2711,1,Unchanged
OO_HMR_2712,1,Unchanged
OO_HMR_2713,1,Unchanged
OO_HMR_2715,0.411203216898364,Downregulated
OO_HMR_2718,3.1458958595465e-08,Downregulated
OO_HMR_2722,0.822408938002163,Unchanged
OO_HMR_2727,3.14589584326861e-08,Downregulated
OO_HMR_2731,0.411205776972554,Downregulated
OO_HMR_2733,1.58686741541141,Unchanged
OO_HMR_2734,1.58686741541141,Unchanged
OO_HMR_2735,1.58686741541141,Unchanged
OO_HMR_2736,1.69138990531852,Unchanged
OO_HMR_2737,1.69138990531852,Unchanged
OO_HMR_2738,1.69138990531852,Unchanged
OO_HMR_2739,1.78504321160168,Unchanged
OO_HMR_2740,1.78504321160168,Unchanged
OO_HMR_2741,1.78504321160168,Unchanged
OO_HMR_2744,5.45335907872868e-08,Downregulated
OO_HMR_2753,7.20078808971181e-08,Downregulated
OO_HMR_2757,8.10556451362743e-08,Downregulated
OO_HMR_2760,3.16022601273035e-08,Downregulated
OO_HMR_2764,2.70310456682068e-08,Downregulated
OO_HMR_2768,1.47499612805367,Unchanged
OO_HMR_2769,1.47499612805367,Unchanged
OO_HMR_2770,1.47499612805367,Unchanged
OO_HMR_2771,1.60711837829433,Unchanged
OO_HMR_2772,1.60711837829433,Unchanged
OO_HMR_2773,1.60711837829433,Unchanged
OO_HMR_2774,1.69138977068854,Unchanged
OO_HMR_2775,1.69138977068854,Unchanged
OO_HMR_2776,1.69138977068854,Unchanged
OO_HMR_2817,3454510.19057527,Upregulated
OO_HMR_2819,3454510.19057527,Upregulated
OO_HMR_2851,30626474.5369453,Upregulated
OO_HMR_2852,30626474.5369453,Upregulated
OO_HMR_2857,4.27284299894102,Upregulated
OO_HMR_2859,4.27284299894102,Upregulated
OO_HMR_2942,2.72361474243655,Upregulated
OO_HMR_2943,2.72361474243655,Upregulated
OO_HMR_2944,2.72361474243655,Upregulated
OO_HMR_2945,2.72361474243655,Upregulated
OO_HMR_2946,2.72361474243655,Upregulated
OO_HMR_2947,2.72361474243655,Upregulated
OO_HMR_2948,2.72361474243655,Upregulated
OO_HMR_2951,2.72361474243655,Upregulated
OO_HMR_2954,2.72361474243655,Upregulated
OO_HMR_2955,2.72361474243655,Upregulated
OO_HMR_2956,2.72361474243655,Upregulated
OO_HMR_2961,2.72361474243655,Upregulated
OO_HMR_2962,2.72361474243655,Upregulated
OO_HMR_2963,2.72361474243655,Upregulated
OO_HMR_2964,2.72361474243655,Upregulated
OO_HMR_2965,2.72361474243655,Upregulated
OO_HMR_2966,2.72361474243655,Upregulated
OO_HMR_2967,2.723614701574,Upregulated
OO_HMR_2968,2.72361474243655,Upregulated
OO_HMR_2969,2.72361474243655,Upregulated
OO_HMR_2970,2.72361474243655,Upregulated
OO_HMR_2971,2.72361474243655,Upregulated
OO_HMR_2972,2.72361474243655,Upregulated
OO_HMR_2973,3.51156275030398,Upregulated
OO_HMR_2974,2.72361440347963,Upregulated
OO_HMR_2975,2.72361448958915,Upregulated
OO_HMR_2976,2.72361448958915,Upregulated
OO_HMR_2977,2.72361448958915,Upregulated
OO_HMR_2978,2.72361440347963,Upregulated
OO_HMR_2979,2.72361448958915,Upregulated
OO_HMR_2980,2.72361448958915,Upregulated
OO_HMR_2982,2.86884884685225,Upregulated
OO_HMR_2983,2.72361445312746,Upregulated
OO_HMR_2985,2.72361445312746,Upregulated
OO_HMR_2986,2.72361445802712,Upregulated
OO_HMR_2988,2.72361445802712,Upregulated
OO_HMR_2989,2.72361445802712,Upregulated
OO_HMR_2990,2.72361445802712,Upregulated
OO_HMR_2994,4.39670257179586,Upregulated
OO_HMR_2998,2.72361445312746,Upregulated
OO_HMR_2999,2.72361445802712,Upregulated
OO_HMR_3001,2.72361445802712,Upregulated
OO_HMR_3002,2.72361445312746,Upregulated
OO_HMR_3003,2.72361445802712,Upregulated
OO_HMR_3021,7.66968963419576,Upregulated
OO_HMR_3023,2.49421296554147,Upregulated
OO_HMR_3053,7.66968963419576,Upregulated
OO_HMR_3057,11.1134451200291,Upregulated
OO_HMR_3058,11.1134451200291,Upregulated
OO_HMR_3059,11.1134451200291,Upregulated
OO_HMR_3062,11.1134451200291,Upregulated
OO_HMR_3063,11.1134451200291,Upregulated
OO_HMR_3064,11.1134451200291,Upregulated
OO_HMR_3065,11.1134451200291,Upregulated
OO_HMR_3066,11.1134451200291,Upregulated
OO_HMR_3067,11.1134451200291,Upregulated
OO_HMR_3068,11.1134451200291,Upregulated
OO_HMR_3069,11.1134451200291,Upregulated
OO_HMR_3070,11.1134451200291,Upregulated
OO_HMR_3071,11.1134451200291,Upregulated
OO_HMR_3072,11.1134451200291,Upregulated
OO_HMR_3073,11.1134451200291,Upregulated
OO_HMR_3074,11.1134451200291,Upregulated
OO_HMR_3075,11.1134451200291,Upregulated
OO_HMR_3076,11.1134451200291,Upregulated
OO_HMR_3094,12.477679435779,Upregulated
OO_HMR_3095,12.477679435779,Upregulated
OO_HMR_3096,12.477679435779,Upregulated
OO_HMR_3097,12.477679435779,Upregulated
OO_HMR_3099,72556.4908496294,Upregulated
OO_HMR_3100,72556.4908496294,Upregulated
OO_HMR_3101,72556.4908496294,Upregulated
OO_HMR_3107,9.73763560112554,Upregulated
OO_HMR_3108,9.73763560112554,Upregulated
OO_HMR_3109,9.73763560112554,Upregulated
OO_HMR_3110,9.73763560112554,Upregulated
OO_HMR_3111,4.23677006579179,Upregulated
OO_HMR_3112,4.23677006579179,Upregulated
OO_HMR_3113,4.23677006579179,Upregulated
OO_HMR_3114,4.23677006579179,Upregulated
OO_HMR_3115,1.58691419101485,Unchanged
OO_HMR_3116,1.24993437273499,Unchanged
OO_HMR_3117,1.24993437273499,Unchanged
OO_HMR_3118,1.24993437273499,Unchanged
OO_HMR_3121,1.11269133982535e-06,Downregulated
OO_HMR_3128,1.11269179054829e-06,Downregulated
OO_HMR_3135,1.11269138647794e-06,Downregulated
OO_HMR_3142,1.11269151097149e-06,Downregulated
OO_HMR_3149,1.11269148910547e-06,Downregulated
OO_HMR_3170,1.93844338885304,Unchanged
OO_HMR_3171,1.93844338885304,Unchanged
OO_HMR_3172,1.93844338885304,Unchanged
OO_HMR_3173,1.93844338885304,Unchanged
OO_HMR_3174,1.93844320771296,Unchanged
OO_HMR_3175,1.93844320771296,Unchanged
OO_HMR_3176,1.93844320771296,Unchanged
OO_HMR_3177,1.93844320771296,Unchanged
OO_HMR_3194,1.2495640279151,Unchanged
OO_HMR_3195,1.2495640279151,Unchanged
OO_HMR_3196,1.2495640279151,Unchanged
OO_HMR_3197,1.2495640279151,Unchanged
OO_HMR_3198,1.2495640279151,Unchanged
OO_HMR_3199,1.2495640279151,Unchanged
OO_HMR_3200,1.2495640279151,Unchanged
OO_HMR_3201,1.2495640279151,Unchanged
OO_HMR_3202,1.2495640279151,Unchanged
OO_HMR_3203,1.2495640279151,Unchanged
OO_HMR_3204,1.2495640279151,Unchanged
OO_HMR_3205,1.2495640279151,Unchanged
OO_HMR_3218,1.98807725011097,Unchanged
OO_HMR_3219,1.98807725011097,Unchanged
OO_HMR_3220,1.98807725011097,Unchanged
OO_HMR_3221,1.98807725011097,Unchanged
OO_HMR_3222,0.98471954741763,Unchanged
OO_HMR_3223,0.98471954741763,Unchanged
OO_HMR_3224,0.98471954741763,Unchanged
OO_HMR_3225,0.98471954741763,Unchanged
OO_HMR_3229,0.521346267752571,Unchanged
OO_HMR_3230,4.179206256767e-07,Downregulated
OO_HMR_3231,4.179206256767e-07,Downregulated
OO_HMR_3232,4.179206256767e-07,Downregulated
OO_HMR_3233,4.179206256767e-07,Downregulated
OO_HMR_3234,4.17920637242731e-07,Downregulated
OO_HMR_3235,4.17920637242731e-07,Downregulated
OO_HMR_3236,4.17920637242731e-07,Downregulated
OO_HMR_3237,4.17920637242731e-07,Downregulated
OO_HMR_3240,1.93844336255097,Unchanged
OO_HMR_3241,1.93844336255097,Unchanged
OO_HMR_3242,1.93844336255097,Unchanged
OO_HMR_3243,1.93844336255097,Unchanged
OO_HMR_3244,1.44593648460131,Unchanged
OO_HMR_3245,1.44593648460131,Unchanged
OO_HMR_3246,1.44593648460131,Unchanged
OO_HMR_3247,1.44593648460131,Unchanged
OO_HMR_3296,0.16206595084861,Downregulated
OO_HMR_3321,0.0635809756736978,Downregulated
OO_HMR_3322,322891.635651385,Upregulated
OO_HMR_3326,2.49421296554147,Upregulated
OO_HMR_3327,2.49421296554147,Upregulated
OO_HMR_3328,2.49421296554147,Upregulated
OO_HMR_3329,2.49421296554147,Upregulated
OO_HMR_3330,2.49421296554147,Upregulated
OO_HMR_3331,2.49421296554147,Upregulated
OO_HMR_3332,2.49421296554147,Upregulated
OO_HMR_3333,2.49421296554147,Upregulated
OO_HMR_3334,2.49421296554147,Upregulated
OO_HMR_3335,2.49421296554147,Upregulated
OO_HMR_3336,2.49421296554147,Upregulated
OO_HMR_3337,2.49421296554147,Upregulated
OO_HMR_3338,2.49421296554147,Upregulated
OO_HMR_3339,2.49421296554147,Upregulated
OO_HMR_3340,2.49421296554147,Upregulated
OO_HMR_3341,2.49421296554147,Upregulated
OO_HMR_3342,2.49421296554147,Upregulated
OO_HMR_3343,2.49421296554147,Upregulated
OO_HMR_3344,2.49421296554147,Upregulated
OO_HMR_3345,2.49421296554147,Upregulated
OO_HMR_3346,2.49421296554147,Upregulated
OO_HMR_3347,2.49421296554147,Upregulated
OO_HMR_3348,2.49421296554147,Upregulated
OO_HMR_3349,2.49421296554147,Upregulated
OO_HMR_3350,2.49421296554147,Upregulated
OO_HMR_3351,2.49421296554147,Upregulated
OO_HMR_3352,2.49421296554147,Upregulated
OO_HMR_3353,2.49421296554147,Upregulated
OO_HMR_3398,1.3952496368573,Unchanged
OO_HMR_3406,1.07420420385213,Unchanged
OO_HMR_3407,1.06483073728646,Unchanged
OO_HMR_3408,1.18685360671675,Unchanged
OO_HMR_3409,0.199591825630714,Downregulated
OO_HMR_3411,1.40934778337409,Unchanged
OO_HMR_3413,1.36768962989307,Unchanged
OO_HMR_3414,1.36319246045351,Unchanged
OO_HMR_3416,1.53020001395933,Unchanged
OO_HMR_3421,2.94149452053359,Upregulated
OO_HMR_3422,2.84793670908529,Upregulated
OO_HMR_3423,1.47499612805367,Unchanged
OO_HMR_3424,1.60711837829433,Unchanged
OO_HMR_3425,1.69138977068854,Unchanged
OO_HMR_3426,1.32904651875052,Unchanged
OO_HMR_3427,1.71802537330245,Unchanged
OO_HMR_3428,1.57209177312792,Unchanged
OO_HMR_3429,1.73214423762638,Unchanged
OO_HMR_3431,1.58686741541141,Unchanged
OO_HMR_3432,1.69138990531852,Unchanged
OO_HMR_3433,1.78504321160168,Unchanged
OO_HMR_3446,3.82598914072588,Upregulated
OO_HMR_3447,3.82598914072588,Upregulated
OO_HMR_3448,5.57825524372916,Upregulated
OO_HMR_3449,3.82598894667554,Upregulated
OO_HMR_3450,3.82598894667554,Upregulated
OO_HMR_3451,3.82598894667554,Upregulated
OO_HMR_3452,0.375754670718978,Downregulated
OO_HMR_3453,0.375754670718978,Downregulated
OO_HMR_3454,0.375754670718978,Downregulated
OO_HMR_3455,0.375754670718978,Downregulated
OO_HMR_3456,0.375754670718978,Downregulated
OO_HMR_3457,0.375754670718978,Downregulated
OO_HMR_3475,0.0052937018816148,Downregulated
OO_HMR_3491,2.62954322429069,Upregulated
OO_HMR_3625,2.72361474243655,Upregulated
OO_HMR_3626,2.72361474243655,Upregulated
OO_HMR_3627,2.72361474243655,Upregulated
OO_HMR_3628,2.72361474243655,Upregulated
OO_HMR_3629,2.72361474243655,Upregulated
OO_HMR_3630,2.72361474243655,Upregulated
OO_HMR_3631,2.72361474243655,Upregulated
OO_HMR_3633,2.72361474243655,Upregulated
OO_HMR_3635,2.72361474243655,Upregulated
OO_HMR_3636,2.72361474243655,Upregulated
OO_HMR_3637,2.72361474243655,Upregulated
OO_HMR_3639,2.72361474243655,Upregulated
OO_HMR_3640,2.72361474243655,Upregulated
OO_HMR_3642,2.72361474243655,Upregulated
OO_HMR_3644,2.72361474243655,Upregulated
OO_HMR_3645,2.72361474243655,Upregulated
OO_HMR_3646,2.72361474243655,Upregulated
OO_HMR_3647,2.72361474243655,Upregulated
OO_HMR_3648,2.723614701574,Upregulated
OO_HMR_3649,2.72361474243655,Upregulated
OO_HMR_3650,2.72361474243655,Upregulated
OO_HMR_3651,2.72361474243655,Upregulated
OO_HMR_3652,2.72361474243655,Upregulated
OO_HMR_3654,2.72361440347963,Upregulated
OO_HMR_3655,2.72361448958915,Upregulated
OO_HMR_3656,2.72361448958915,Upregulated
OO_HMR_3657,2.72361448958915,Upregulated
OO_HMR_3658,2.72361440347963,Upregulated
OO_HMR_3659,2.72361448958915,Upregulated
OO_HMR_3660,2.72361448958915,Upregulated
OO_HMR_3663,2.72361445312746,Upregulated
OO_HMR_3665,2.72361445312746,Upregulated
OO_HMR_3666,2.72361445802712,Upregulated
OO_HMR_3667,2.7236148285242,Upregulated
OO_HMR_3668,2.72361445802712,Upregulated
OO_HMR_3669,2.72361445802712,Upregulated
OO_HMR_3670,2.72361445802712,Upregulated
OO_HMR_3677,2.72361445312746,Upregulated
OO_HMR_3678,2.72361445802712,Upregulated
OO_HMR_3679,2.7236146359896,Upregulated
OO_HMR_3680,2.72361445802712,Upregulated
OO_HMR_3681,2.72361445312746,Upregulated
OO_HMR_3682,2.72361445802712,Upregulated
OO_HMR_3684,2.72361474243655,Upregulated
OO_HMR_3685,2.72361474243655,Upregulated
OO_HMR_3686,2.72361474243655,Upregulated
OO_HMR_3687,2.72361474243655,Upregulated
OO_HMR_3688,2.72361474243655,Upregulated
OO_HMR_3689,2.72361474243655,Upregulated
OO_HMR_3690,2.72361474243655,Upregulated
OO_HMR_3692,2.72361474243655,Upregulated
OO_HMR_3694,2.72361474243655,Upregulated
OO_HMR_3695,2.72361474243655,Upregulated
OO_HMR_3696,2.72361474243655,Upregulated
OO_HMR_3698,2.72361474243655,Upregulated
OO_HMR_3699,2.72361474243655,Upregulated
OO_HMR_3701,2.72361474243655,Upregulated
OO_HMR_3703,2.72361474243655,Upregulated
OO_HMR_3704,2.72361474243655,Upregulated
OO_HMR_3705,2.72361474243655,Upregulated
OO_HMR_3706,2.72361474243655,Upregulated
OO_HMR_3707,2.723614701574,Upregulated
OO_HMR_3708,2.72361474243655,Upregulated
OO_HMR_3709,2.72361474243655,Upregulated
OO_HMR_3710,2.72361474243655,Upregulated
OO_HMR_3711,2.72361474243655,Upregulated
OO_HMR_3713,2.72361440347963,Upregulated
OO_HMR_3714,2.72361448958915,Upregulated
OO_HMR_3715,2.72361448958915,Upregulated
OO_HMR_3716,2.72361448958915,Upregulated
OO_HMR_3717,2.72361440347963,Upregulated
OO_HMR_3718,2.72361448958915,Upregulated
OO_HMR_3719,2.72361448958915,Upregulated
OO_HMR_3722,2.72361445312746,Upregulated
OO_HMR_3724,2.72361445312746,Upregulated
OO_HMR_3725,2.72361445802712,Upregulated
OO_HMR_3726,2.7236148285242,Upregulated
OO_HMR_3727,2.72361445802712,Upregulated
OO_HMR_3728,2.72361445802712,Upregulated
OO_HMR_3729,2.72361445802712,Upregulated
OO_HMR_3736,2.72361445312746,Upregulated
OO_HMR_3737,2.72361445802712,Upregulated
OO_HMR_3738,2.7236146359896,Upregulated
OO_HMR_3739,2.72361445802712,Upregulated
OO_HMR_3740,2.72361445312746,Upregulated
OO_HMR_3741,2.72361445802712,Upregulated
OO_HMR_3831,1.85842525969906,Unchanged
OO_HMR_3855,1,Unchanged
OO_HMR_3859,1.98316589533592e-05,Downregulated
OO_HMR_3864,1583068.27517776,Upregulated
OO_HMR_3915,0.691717085420809,Unchanged
OO_HMR_3953,0.940545596755281,Unchanged
OO_HMR_3966,3.1816833529989,Upregulated
OO_HMR_4078,1.68295137583656,Unchanged
OO_HMR_4079,1.68295135073939,Unchanged
OO_HMR_4124,1.30885366882901,Unchanged
OO_HMR_4182,0.986554402660619,Unchanged
OO_HMR_4270,0.872268141334495,Unchanged
OO_HMR_4422,1.35178983925718,Unchanged
OO_HMR_4592,1.30266543277184,Unchanged
OO_HMR_4630,0.00675512562083896,Downregulated
OO_HMR_4700,375858.502246253,Upregulated
OO_HMR_4701,390239.98562482,Upregulated
OO_HMR_4756,2.20980437203891,Upregulated
OO_HMR_4757,2.49923838685279,Upregulated
OO_HMR_4764,2.2275097868602,Upregulated
OO_HMR_4771,2.54196826700978,Upregulated
OO_HMR_4938,1,Unchanged
OO_HMR_4964,3.48075479654748,Upregulated
OO_HMR_5301,1.15286296393442,Unchanged
OO_HMR_5387,2.06326102231314,Upregulated
OO_HMR_5389,2.06326102231314,Upregulated
OO_HMR_5390,8.50649893036134,Upregulated
OO_HMR_5996,1,Unchanged
OO_HMR_6359,1,Unchanged
OO_HMR_6362,0.254351724882649,Downregulated
OO_HMR_6363,1,Unchanged
OO_HMR_6364,1,Unchanged
OO_HMR_6365,1,Unchanged
OO_HMR_6385,1.92988156409288,Unchanged
OO_HMR_6533,1,Unchanged
OO_HMR_6545,2124337.27102349,Upregulated
OO_HMR_6549,2.72268564425475,Upregulated
OO_HMR_6550,2.722685659412,Upregulated
OO_HMR_6584,2.72268572207993,Upregulated
OO_HMR_6595,2.72268564113403,Upregulated
OO_HMR_6617,50547409.5377833,Upregulated
OO_HMR_6619,50547409.5377833,Upregulated
OO_HMR_6629,0.416097377726802,Downregulated
OO_HMR_6633,0.416097377726802,Downregulated
OO_HMR_6647,0.416097377726802,Downregulated
OO_HMR_6729,0.539853916903737,Unchanged
OO_HMR_6755,0.426545842856399,Downregulated
OO_HMR_6770,8.50649877352967,Upregulated
OO_HMR_6907,2.31667271554834,Upregulated
OO_HMR_6908,2.31667271554834,Upregulated
OO_HMR_6909,2.31667271554834,Upregulated
OO_HMR_6910,2.31667271554834,Upregulated
OO_HMR_7198,1.30266534024615,Unchanged
OO_HMR_7628,1.39236275646074,Unchanged
OO_HMR_7652,2.7226856185483,Upregulated
OO_HMR_7703,2552413.23409081,Upregulated
OO_HMR_7711,1.03540027957044e-05,Downregulated
OO_HMR_7715,2.72268564840172,Upregulated
OO_HMR_7720,2.72268561264259,Upregulated
OO_HMR_7724,2.72268570459379,Upregulated
OO_HMR_7727,9793.6966968688,Upregulated
OO_HMR_7756,1.39236275646074,Unchanged
OO_HMR_7757,8.41577306515285,Upregulated
OO_HMR_7758,2.48107833460997,Upregulated
OO_HMR_8395,0.629316117992253,Unchanged
OO_HMR_8399,0.629316117992253,Unchanged
OO_HMR_8475,1.09689555390224,Unchanged
OO_HMR_8476,3.77432825777684,Upregulated
OO_HMR_8501,1,Unchanged
OO_HMR_8505,1.45562650055446,Unchanged
OO_HMR_8510,0.608607854337138,Unchanged
OO_HMR_8670,1.86129545171276e-07,Downregulated
OO_HMR_8776,8.4356366813142,Upregulated
OO_HMR_9607,1,Unchanged
OO_HMR_9609,1,Unchanged
OO_HMR_9625,0.629316101050977,Unchanged
OO_HMR_9627,0.779564389268434,Unchanged
OO_HMR_9634,6.89745121103244,Upregulated
OO_HMR_9639,2.51251718099867,Upregulated
OO_HMR_9674,1.83586108147839,Unchanged
OO_HMR_9678,11.1134451200291,Upregulated
OO_HMR_9679,0.00529370188076667,Downregulated
OO_HMR_9716,1.83961889372078,Unchanged
OO_HMR_9719,1.54701909694738,Unchanged
OO_HMR_9803,0.0118829079973666,Downregulated
OO_HMR_9804,0.0118829079973666,Downregulated
OO_HMR_9805,0.00337240502591605,Downregulated
OO_HMR_2957,2.72361444763943,Upregulated
OO_HMR_6580,2.72268572207993,Upregulated
OO_HMR_1635,2.12680046481293,Upregulated
OO_HMR_1484,0.0988624076300795,Downregulated
OO_HMR_1467,0.0988624024923797,Downregulated
OO_HMR_1644,2.12680047739066,Upregulated
OO_HMR_4772,2.54196826700978,Upregulated
OO_HMR_1500,0.0988624042329416,Downregulated
OO_12DHCHOLabc,2.72268562662276,Upregulated
OO_12DHCHOLt,2.72268562662276,Upregulated
OO_3DHCDCHOLabc,2.72268562662276,Upregulated
OO_3DHCDCHOLt,1.00000013632236,Unchanged
OO_3DHCDCHOLt2,1,Unchanged
OO_3DHCHOLabc,2.72268562662276,Upregulated
OO_3DHCHOLt,12636855.166134,Upregulated
OO_3DHDCAt,21294971.3538192,Upregulated
OO_3DHLCAt,1,Unchanged
OO_3DHLCAt2,1,Unchanged
OO_7DHCDCHOLabc,2.72268562662276,Upregulated
OO_7DHCDCHOLt,1.00000013632236,Unchanged
OO_7DHCDCHOLt2,1,Unchanged
OO_7DHCHOLabc,2.72268562662276,Upregulated
OO_7DHCHOLt,12636855.1661341,Upregulated
OO_CA24GSc,0.991217648716403,Unchanged
OO_CA24GSr,0.991217667194343,Unchanged
OO_CA24Gtr,0.991217667194343,Unchanged
OO_CA3Sabc,2.72268559755783,Upregulated
OO_CA3St,2.72268559755783,Upregulated
OO_CDCA24GSc,0.697380731006806,Unchanged
OO_CDCA24GSr,0.697380757467037,Unchanged
OO_CDCA24Gtr,0.697380757467037,Unchanged
OO_CDCA3GSc,0.697380704363876,Unchanged
OO_CDCA3GSr,0.697380732418627,Unchanged
OO_CDCA3Gtr,0.697380732418627,Unchanged
OO_HC02220t,1.00000013632236,Unchanged
OO_CDCA6AH,0.991217709473047,Unchanged
OO_COPROSTabc,2.72268554861841,Upregulated
OO_COPROSTt,12636855.2591768,Upregulated
OO_DCA24GSc,0.697380780129764,Unchanged
OO_DCA24GSr,0.464920499501917,Downregulated
OO_DCA24Gtr,0.464920499501917,Downregulated
OO_DCA3GSc,0.697380732937998,Unchanged
OO_DCA3GSr,0.464920430600735,Downregulated
OO_DCA3Gtr,0.464920430600735,Downregulated
OO_DCA3Sabc,2.72268565750453,Upregulated
OO_DCA3St,3.36851556124914,Upregulated
OO_DM_ca24g[c],0.991217707050392,Unchanged
OO_DM_cdca24g[c],0.697380772493961,Unchanged
OO_DM_cdca3g[c],0.697380700859353,Unchanged
OO_DM_dca24g[c],0.464920439330528,Downregulated
OO_DM_dca3g[c],0.464920478159355,Downregulated
OO_DM_hca24g[c],0.991217746195256,Unchanged
OO_DM_hdca24g[c],0.880058339530282,Unchanged
OO_DM_hdca6g[c],0.880058348879488,Unchanged
OO_DM_lca24g[c],0.697380730114445,Unchanged
OO_DM_lca3g[c],0.697380726933173,Unchanged
OO_GCA3Sabc,2.72268554903793,Upregulated
OO_GCA3St,2.72268554903793,Upregulated
OO_GCDCA3Sabc,2.72268554903793,Upregulated
OO_GCDCA3St,2.72268554903793,Upregulated
OO_GDCA3Sabc,2.72268554903793,Upregulated
OO_GDCA3St,2.72268554903793,Upregulated
OO_GUDCA3Sabc,2.72268554903793,Upregulated
OO_GUDCA3St,2.72268554903793,Upregulated
OO_HCA24GSc,0.991217757171706,Unchanged
OO_HCA24GSr,0.991217696203707,Unchanged
OO_HCA24Gtr,0.991217696203707,Unchanged
OO_HDCA24GSc,0.991217671868784,Unchanged
OO_HDCA24GSr,0.8800583507068,Unchanged
OO_HDCA24Gtr,0.8800583507068,Unchanged
OO_HDCA6GSc,0.991217658505235,Unchanged
OO_HDCA6GSr,0.880058326944871,Unchanged
OO_HDCA6Gtr,0.880058326944871,Unchanged
OO_HYOCHOLt,1.17819397473795e-08,Downregulated
OO_HYOCHOLtr,0.991217696203707,Unchanged
OO_ICDCHOLabc,2.72268550265487,Upregulated
OO_ICDCHOLt,2.1545596775107e-07,Downregulated
OO_ISOCHOLabc,2.72268550265487,Upregulated
OO_ISOCHOLt,2.1545596775107e-07,Downregulated
OO_LCA24GSc,0.697380712590883,Unchanged
OO_LCA24GSr,0.69738077193646,Unchanged
OO_LCA24Gtr,0.69738077193646,Unchanged
OO_LCA3GSc,0.697380760814654,Unchanged
OO_LCA3GSr,0.697380745219031,Unchanged
OO_LCA3Gtr,0.697380745219031,Unchanged
OO_LCA3Sabc,2.72268552905769,Upregulated
OO_LCA3St,2.72268552905769,Upregulated
OO_M02155tr,0.880058327281396,Unchanged
OO_TCA3Sabc,2.72268561453799,Upregulated
OO_TCA3St,3.0108033274754,Upregulated
OO_TCDCA3Sabc,2.72268554557909,Upregulated
OO_TCDCA3St,2.72268554557909,Upregulated
OO_TDCA3Sabc,2.72268554557909,Upregulated
OO_TDCA3St,2.72268554557909,Upregulated
OO_THYOCHOLt,0.0506927051938582,Downregulated
OO_TUDCA3Sabc,2.72268560484065,Upregulated
OO_TUDCA3St,2.72268560484065,Upregulated
OO_UCHOLabc,2.72268560484065,Upregulated
OO_UCHOLt,2.15455973748051e-07,Downregulated
OO_UDCA3Sabc,2.72268560484065,Upregulated
OO_UDCA3St,2.72268560484065,Upregulated
OO_UDCHOLt,2.15455969967964e-07,Downregulated
OO_2HATVLAChc,2.8688487412295,Upregulated
OO_2HATVACIDhc,2.8688487412295,Upregulated
OO_4HATVACIDhc,2.8688487412295,Upregulated
OO_4HATVLAChc,2.8688487412295,Upregulated
OO_ALLOP2tu,1,Unchanged
OO_ALLOP1tu,1,Unchanged
OO_ALLOPtepvb,1,Unchanged
OO_ATVACIDhc,2.86884888404016,Upregulated
OO_ATVLAChc,2.86884888404016,Upregulated
OO_LVACLAChep,2.86884888404016,Upregulated
OO_LVSTACIDhep,2.86884888404016,Upregulated
OO_PTVSTGLUChc,0.958248748253635,Unchanged
OO_PTVSTLAChc,0.958248748253635,Unchanged
OO_PTVSThc,0.958248748253635,Unchanged
OO_PTVSTtep,1.07727998312157e-07,Downregulated
OO_RSVGLUChc,1.15195376513962,Unchanged
OO_RSVLAChv,1.15195376513962,Unchanged
OO_RSVSPONhc,1.15195376513962,Unchanged
OO_RSVtev,1.07727995441564e-07,Downregulated
OO_SMVHYDROhep,2.86884890143296,Upregulated
OO_SMVLAChep,2.86884890143296,Upregulated
OO_RSVLACitr,1.15195376513962,Unchanged
OO_H2O2itr,0.694712582100149,Unchanged
OO_RSVitr,1.15195376513962,Unchanged
OO_sink_his_L[c],1,Unchanged
OO_sink_ile_L[c],1,Unchanged
OO_sink_leu_L[c],2.07559737692435,Upregulated
OO_sink_met_L[c],1.37519105581879,Unchanged
OO_sink_thr_L[c],1,Unchanged
OO_sink_trp_L[c],1,Unchanged
OO_sink_val_L[c],1,Unchanged
OO_sink_ala_L[c],1,Unchanged
OO_sink_arg_L[c],1,Unchanged
OO_sink_asn_L[c],0.0494731434188658,Downregulated
OO_sink_asp_L[c],10517.7205132435,Upregulated
OO_sink_cys_L[c],1.26154932197947,Unchanged
OO_sink_gln_L[c],1.81348035889641e-05,Downregulated
OO_sink_ser_L[c],0.199354289195281,Downregulated
OO_sink_tyr_L[c],1,Unchanged
OO_sink_4abut[l],2.46782245620818,Upregulated
OO_DM_5cysdopa[c],1.18984613191386,Unchanged
OO_DM_4abut[c],0.946586555881269,Unchanged
OO_DM_srtn[c],1.34423233300491,Unchanged
OO_DM_1a2425thvitd2[m],1.04144375943286,Unchanged
OO_DCMPtm,1.09689555390224,Unchanged
OO_ATPS4mi,4.24225601712661,Upregulated
OO_CYOR_u10mi,0.636808454716681,Unchanged
OO_Htmi,308657.340993887,Upregulated
OO_NADH2_u10mi,0.604843552781965,Unchanged
OO_CYOOm3i,0.140512389928322,Downregulated
Tr2425dhvitd3[e]_OO2GN,1.14681722108225,Unchanged
Tr2hb[e]_OO2GN,1.54841698259363e-06,Downregulated
Tr34dhoxpeg[e]_OO2GN,0.426545842856399,Downregulated
Tracnacngalgbside_hs[e]_OO2GN,0.811066365716021,Unchanged
Trade[e]_OO2GN,25741.3689022023,Upregulated
Trakg[e]_OO2GN,3.99410406921611,Upregulated
Trala_D[e]_OO2GN,2,Upregulated
Trarachd[e]_OO2GN,5.19885715766222e-07,Downregulated
Trascb_L[e]_OO2GN,1,Unchanged
Trpi[e]_OO2GN,9055703.48328597,Upregulated
Trala_B[e]_OO2GN,0.0118828862289837,Downregulated
Trbhb[e]_OO2GN,46.0602541800654,Upregulated
Trbilirub[e]_OO2GN,145.732562918803,Upregulated
Troxa[e]_OO2GN,7.30079157023407,Upregulated
Trclpnd[e]_OO2GN,3.07427836697193,Upregulated
Trco[e]_OO2GN,2.2275097868602,Upregulated
Trcspg_c[e]_OO2GN,2.89672289913296,Upregulated
Trdhdascb[e]_OO2GN,1.65625870933887,Unchanged
Trduri[e]_OO2GN,0.254351734645088,Downregulated
Tr35cgmp[e]_OO2GN,2.97990601085188,Upregulated
Tr3aib[e]_OO2GN,6.88129598332786,Upregulated
Trcamp[e]_OO2GN,2.42903486812164,Upregulated
Trfucgalgbside_hs[e]_OO2GN,0.303286904101212,Downregulated
Trgluala[e]_OO2GN,2.04637584028964e-08,Downregulated
Trglyc_S[e]_OO2GN,1233391.37602623,Upregulated
Trgthox[e]_OO2GN,0.480664551773698,Downregulated
TrleuktrB4[e]_OO2GN,1.00000008854779,Unchanged
Trlnlc[e]_OO2GN,1,Unchanged
Trlnlnca[e]_OO2GN,1.63791038154096e-08,Downregulated
Trlnlncg[e]_OO2GN,5.65227065275825,Upregulated
Trmeoh[e]_OO2GN,1.53700968614633,Unchanged
Trno[e]_OO2GN,1.33671889664133,Unchanged
Tro2s[e]_OO2GN,0.0898308780618503,Downregulated
Trps_hs[e]_OO2GN,3.4023290093031,Upregulated
Trretnglc[e]_OO2GN,0.416097377726802,Downregulated
TrRtotal[e]_OO2GN,6.54770519203398,Upregulated
Trurate[e]_OO2GN,28940074.1173086,Upregulated
Trgal[e]_OO2GN,1,Unchanged
Trglyb[e]_OO2GN,60.4243759848275,Upregulated
Trile_L[e]_OO2GN,1,Unchanged
Trnac[e]_OO2GN,0.226574118187675,Downregulated
Truri[e]_OO2GN,15.0225108124568,Upregulated
Trppa[e]_OO2GN,0.202193848630619,Downregulated
Trribflv[e]_OO2GN,0.249184971826177,Downregulated
Trthymd[e]_OO2GN,20449801.8630158,Upregulated
Trurea[e]_OO2GN,8.81203694450282,Upregulated
Trdgmp[e]_OO2GN,1.5885690131343,Unchanged
Trdgtp[e]_OO2GN,1.5885690131343,Unchanged
Trdhap[e]_OO2GN,173844.951037328,Upregulated
Trfald[e]_OO2GN,1.53700968614569,Unchanged
TrHC00250[e]_OO2GN,27053.2008162309,Upregulated
TrHC01444[e]_OO2GN,2418721.50915931,Upregulated
TrHC01609[e]_OO2GN,1.6018781822966,Unchanged
Trcpppg1[e]_OO2GN,1.60187818278647,Unchanged
Trptrc[e]_OO2GN,1.35178983925718,Unchanged
Trlac_L[e]_OO2GN,8065.72998510714,Upregulated
TrHC02213[e]_OO2GN,0.779305659094081,Unchanged
TrCE2915[e]_OO2GN,1,Unchanged
TrCE4722[e]_OO2GN,1,Unchanged
TrCE2916[e]_OO2GN,1,Unchanged
TrCE4723[e]_OO2GN,1,Unchanged
TrCE2917[e]_OO2GN,1,Unchanged
TrCE4724[e]_OO2GN,1,Unchanged
TrCE5786[e]_OO2GN,1,Unchanged
TrCE5789[e]_OO2GN,1,Unchanged
TrCE5797[e]_OO2GN,1,Unchanged
TrCE5798[e]_OO2GN,1,Unchanged
TrCE5867[e]_OO2GN,1,Unchanged
TrCE5868[e]_OO2GN,1,Unchanged
TrCE5869[e]_OO2GN,1,Unchanged
Trglcur[e]_OO2GN,3.95306919618266,Upregulated
TrCE0074[e]_OO2GN,2.51251718099867,Upregulated
Tr3bcrn[e]_OO2GN,NaN,Unchanged
Tr3tetd7ecoacrn[e]_OO2GN,NaN,Unchanged
Tr3ttetddcoacrn[e]_OO2GN,NaN,Unchanged
Tr3thexddcoacrn[e]_OO2GN,NaN,Unchanged
Tr3ddcrn[e]_OO2GN,NaN,Unchanged
Tr3deccrn[e]_OO2GN,NaN,Unchanged
Trdoco13ac[e]_OO2GN,4.06008427944471e-09,Downregulated
Trdocosac[e]_OO2GN,1.02510288459534e-07,Downregulated
Tr3hdececrn[e]_OO2GN,NaN,Unchanged
Tr3hexdcrn[e]_OO2GN,NaN,Unchanged
Tr3ivcrn[e]_OO2GN,NaN,Unchanged
Tr3octdec2crn[e]_OO2GN,NaN,Unchanged
Tr3octdeccrn[e]_OO2GN,NaN,Unchanged
Tr3octdece1crn[e]_OO2GN,NaN,Unchanged
Tr3tdcrn[e]_OO2GN,NaN,Unchanged
Trc51crn[e]_OO2GN,NaN,Unchanged
Trivcrn[e]_OO2GN,NaN,Unchanged
Tr3mob[e]_OO2GN,1,Unchanged
Tr5oxpro[e]_OO2GN,2.30254182902601e-07,Downregulated
Trcbasp[e]_OO2GN,65040648.1512079,Upregulated
Tridour[e]_OO2GN,2.37477660799311,Upregulated
Tr5hoxindoa[e]_OO2GN,2232266.44985986,Upregulated
Trcala[e]_OO2GN,0.205214160366131,Downregulated
Trpcholmyr_hs[e]_OO2GN,1.22370275051231,Unchanged
Trpcholole_hs[e]_OO2GN,1.22370267224516,Unchanged
Trpcholste_hs[e]_OO2GN,1.22370264703445,Unchanged
Trpcholn204_hs[e]_OO2GN,1.22370259508052,Unchanged
Trpcholn24_hs[e]_OO2GN,1.22370257304881,Unchanged
Trpcholhep_hs[e]_OO2GN,1.2237025355146,Unchanged
Tr4aabutn[e]_OO2GN,4.04506020373062,Upregulated
TrC02712[e]_OO2GN,1.83211265036437,Unchanged
TrC04805[e]_OO2GN,0.0922113775553351,Downregulated
TrC06314[e]_OO2GN,3.81723690946067,Upregulated
TrC14768[e]_OO2GN,2.77583570286076,Upregulated
TrC14769[e]_OO2GN,2.7758356162301,Upregulated
TrC14770[e]_OO2GN,2.75473759554158,Upregulated
TrC14771[e]_OO2GN,2.75473747950941,Upregulated
TrC14826[e]_OO2GN,1.26048804027309,Unchanged
Trdodecanac[e]_OO2GN,2.59156889305154,Upregulated
Trgalt[e]_OO2GN,12658949.721526,Upregulated
Trglyc_R[e]_OO2GN,178259.392622491,Upregulated
Trind3ac[e]_OO2GN,1.94428169810207,Unchanged
Trpac[e]_OO2GN,2.40074210746266,Upregulated
Trddca[e]_OO2GN,1.49903798348937,Unchanged
Trtrpglyleu[e]_OO2GN,134040.056143565,Upregulated
Trsphmyln_hs[e]_OO2GN,1.55822080832626,Unchanged
Trxol7aone[e]_OO2GN,2.40208078147134,Upregulated
Trglcr[e]_OO2GN,0.846325737642371,Unchanged
Trhxan[e]_OO2GN,4.92493087823055,Upregulated
Tracald[e]_OO2GN,0.000615335104827944,Downregulated
Trphpyr[e]_OO2GN,1.53700968614656,Unchanged
TrCE4970[e]_OO2GN,1.68697127877654,Unchanged
TrCE2026[e]_OO2GN,1.87050760780338,Unchanged
TrCE4968[e]_OO2GN,1.68697136080318,Unchanged
Tr2h3mv[e]_OO2GN,1.39707598139027,Unchanged
Tr2hiv[e]_OO2GN,1.39707596397621,Unchanged
Tr2m3hvac[e]_OO2GN,0.135069824810276,Downregulated
Tr3mglutac[e]_OO2GN,5.01974115705562,Upregulated
Trhexgly[e]_OO2GN,46.3874622907773,Upregulated
TrC05769[e]_OO2GN,2.54196817982887,Upregulated
Trppp9[e]_OO2GN,2.49923829388479,Upregulated
TrCE2705[e]_OO2GN,1.65486069371708,Unchanged
TrCE1918[e]_OO2GN,2232266.44985986,Upregulated
Trxol24oh[e]_OO2GN,62.3288024445393,Upregulated
Trppbng[e]_OO2GN,0.871912124093221,Unchanged
Trim4ac[e]_OO2GN,1.94428191878181,Unchanged
Trdopa4glcur[e]_OO2GN,1.46509659787917,Unchanged
Trdopa3glcur[e]_OO2GN,1.46509650486173,Unchanged
Trgalgluside_hs[e]_OO2GN,0.0861389329281464,Downregulated
Trgluside_hs[e]_OO2GN,0.242707920840522,Downregulated
Tr34dhpe[e]_OO2GN,0.0719671507547682,Downregulated
TrM02745[e]_OO2GN,0.576856336766584,Unchanged
TrC01601[e]_OO2GN,0.315093428914786,Downregulated
Trcaproic[e]_OO2GN,2.09355666961789,Upregulated
EN_10FTHF7GLUtl,5.0952943142329,Upregulated
EN_10FTHFtl,301.08434277392,Upregulated
EN_10FTHFtm,12389656.0674941,Upregulated
EN_2AMACSULT,7.17904766620427,Upregulated
EN_2HBO,8.50516943109506,Upregulated
EN_2HBt2,1,Unchanged
EN_2OXOADPTm,51268.5329205453,Upregulated
EN_34DHOXPEGOX,20.8303297322469,Upregulated
EN_34DHOXPEGt,20.8303297322469,Upregulated
EN_34DHPHAMT,5.64191173617449,Upregulated
EN_34DHPLACOX,1,Unchanged
EN_34DHPLACOX_NADP_,1.00000032338031,Unchanged
EN_34DHXMANDACOX,1,Unchanged
EN_34DHXMANDACOX_NADP_,0.999999977566704,Unchanged
EN_34HPLFM,8.0308978606924,Upregulated
EN_3DPHBH2,8.03089944681927,Upregulated
EN_3DSPHR,0.392475567180089,Downregulated
EN_3HAO,7.14547080097609,Upregulated
EN_3HBCDm,NaN,Unchanged
EN_3HBCOAHLm,19.4306607721003,Upregulated
EN_3HKYNAKGAT,1,Unchanged
EN_3HLYTCL,20.8303312555959,Upregulated
EN_3M4HDXPAC,12.2677635736058,Upregulated
EN_3MLDAt,10.8083957319441,Upregulated
EN_3MOBt2im,4.74765421432042e-06,Downregulated
EN_3MOPt2im,4.74765405430297e-06,Downregulated
EN_3MOX4HOXPGALDOX,1,Unchanged
EN_3MOX4HOXPGALDOX_NADP_,1.00000067027727,Unchanged
EN_3MOXTYROX,12.2677635719842,Upregulated
EN_3SALAASPm,36.5141641297844,Upregulated
EN_3SALATAim,0.886154893673941,Unchanged
EN_3SPYRSPm,0.886154893673941,Unchanged
EN_4HBZCOAFm,8.03089944681927,Upregulated
EN_4HBZFm,8.03089944681927,Upregulated
EN_4HOXPACDOX_NADP_,1,Unchanged
EN_4MOPt2im,4.74765465393523e-06,Downregulated
EN_5ADTSTSTERONESULT,6.59386886479839,Upregulated
EN_5AOPtm,18.2736453677728,Upregulated
EN_5HLTDL,19.0317193702088,Upregulated
EN_5HOXINDACTO2OX,13.5656294178907,Upregulated
EN_7DHFtl,5.01051085656084,Upregulated
EN_7THFtl,5.01051083971833,Upregulated
EN_A4GALTg,7.00702527445141,Upregulated
EN_AATAi,51271.4439414006,Upregulated
EN_ABUTt2rL,15.8947138832714,Upregulated
EN_ACACT10m,3.51861052454648,Upregulated
EN_ACACT1rm,31248.9673513336,Upregulated
EN_ACACT1x,4.32360217455857,Upregulated
EN_ACACt2m,2.73543780364387,Upregulated
EN_ACACT6p,9.78480293831084,Upregulated
EN_ACACT7p,9.78480377353752,Upregulated
EN_ACACT8p,8.83784667495528,Upregulated
EN_ACACT9p,8.83784667495528,Upregulated
EN_ACACtx,2.70285407496665,Upregulated
EN_ACALDtm,0.116211663525619,Downregulated
EN_ACCOACm,15.9760278480386,Upregulated
EN_ACCOALm,6.0130512961905,Upregulated
EN_ACCOAtr,1,Unchanged
EN_ACETONEt2,766.470135621655,Upregulated
EN_ACETONEt2m,766.470135621655,Upregulated
EN_ACGAGBSIDEtg,7.0070264367511,Upregulated
EN_ACGAGBSIDEtl,7.0070264367511,Upregulated
EN_ACGALK2,6.55449511780113,Upregulated
EN_ACGALtly,16.9379146060186,Upregulated
EN_ACGAM6PSi,16.9332496583171,Upregulated
EN_ACGAMK,6.55449542266804,Upregulated
EN_ACGAMPM,16.9332484402673,Upregulated
EN_ACGAMtly,3.50545471092506,Upregulated
EN_ACGPID,7.21550210435464,Upregulated
EN_ACITL,1.09775258788052,Unchanged
EN_ACNAM9PL,6.66611273386203,Upregulated
EN_ACNAM9PL2,14.4174294585425,Upregulated
EN_ACNAMlt,7.05035110034128,Upregulated
EN_ACNAMPH,6.66611273386203,Upregulated
EN_ACNMLr,6.06542483540917,Upregulated
EN_ACOAO7p,18.1432387547702,Upregulated
EN_ACONTm,23359252.5006926,Upregulated
EN_ACOX2x,4.73110385926251,Upregulated
EN_ACP1_FMN_,6.66611418309823,Upregulated
EN_ACS2,6.5544949035798,Upregulated
EN_ACSRTNMT,12.1342722607043,Upregulated
EN_ACtg,4.77597420514283,Upregulated
EN_ADCim,766.470135621655,Upregulated
EN_ADEt,6.82141488001704,Upregulated
EN_ADK1m,6.19970725836083e-07,Downregulated
EN_ADK3,0.660332416266531,Unchanged
EN_ADMDC,9.98498196003234,Upregulated
EN_ADNCYC,6.55449497174532,Upregulated
EN_ADNtl,2.12672095492526e-06,Downregulated
EN_ADNtm,2.43372035542202e-06,Downregulated
EN_ADRNCOAtx,6.83598138187161,Upregulated
EN_ADRNCPT1,2.36496489909911,Upregulated
EN_ADRNCPT2,2.36496432101046,Upregulated
EN_ADRNCRNt,1,Unchanged
EN_ADRNt,1,Unchanged
EN_ADSK,18.6922160308864,Upregulated
EN_ADSL1,9.53835365061588,Upregulated
EN_ADSL2,4.12272130961806,Upregulated
EN_AG13T16g,5.86173205600202,Upregulated
EN_AG13T17g,5.86173205600202,Upregulated
EN_AG13T18g,5.86173205600202,Upregulated
EN_AG13T1g,5.80541210251511,Upregulated
EN_AG13T2g,5.80541210251511,Upregulated
EN_AG13T3g,5.80541210251511,Upregulated
EN_AGPAT1,11.3223085737317,Upregulated
EN_AGTim,9.36528927835156,Upregulated
EN_AHCYStr,1,Unchanged
EN_AIRCr,4.12272130961806,Upregulated
EN_AKGDm,3.2335662229706,Upregulated
EN_AKR1C41,7.34829559735102,Upregulated
EN_AKR1C42,7.34829558493998,Upregulated
EN_AKR1D,7.34829559735102,Upregulated
EN_AKR1D2,7.34829558493998,Upregulated
EN_ALAASNNaEx,1,Unchanged
EN_ALACYSNaEx,1,Unchanged
EN_ALAGLNNaEx,1,Unchanged
EN_ALASERNaEx,1,Unchanged
EN_ALASm,18.2736453675693,Upregulated
EN_ALAt4,1,Unchanged
EN_ALATHRNaEx,1,Unchanged
EN_ALCD21_D,1,Unchanged
EN_ALCD21_L,1,Unchanged
EN_ALCD22_D,1,Unchanged
EN_ALCD22_L,1,Unchanged
EN_ALDD20x,23.6801958575887,Upregulated
EN_ALDD20xm,17.6725879547512,Upregulated
EN_ALDD2xm,0.116211663525619,Downregulated
EN_ALDD2y,2.40443491743562,Upregulated
EN_ALOX52,6.63542061827428,Upregulated
EN_ALR2,1,Unchanged
EN_ALR3,1,Unchanged
EN_AMACR2p,2.85312347491947,Upregulated
EN_AMACRp,4.73110385926251,Upregulated
EN_AMETr,1,Unchanged
EN_AMETt2m,0.936246884149994,Unchanged
EN_AMPDA,6.93995927544519,Upregulated
EN_AMPtp,1,Unchanged
EN_APRTO2,18.3224402794946,Upregulated
EN_ARACHCPT1,5.96573715669736,Upregulated
EN_ARACHCPT2,5.96573688059776,Upregulated
EN_ARACHCRNt,1,Unchanged
EN_ARACHDCOAtx,9.52131360108408,Upregulated
EN_ARACHDt2,1,Unchanged
EN_ARACHt,0.995000263211588,Unchanged
EN_R_group_phosphotase_1,7.52356950458801,Upregulated
EN_R_group_phosphotase_3,7.60287570086495,Upregulated
EN_ARTPLM3,2476591.79144048,Upregulated
EN_ARTPLM3m,2476591.68483437,Upregulated
EN_ASAH1,6.55449375124914,Upregulated
EN_ASCBt4,7.77872312201796,Upregulated
EN_ASNALANaEx,1,Unchanged
EN_ASNCYSNaEx,1,Unchanged
EN_ASNGLNNaEx,1,Unchanged
EN_ASNNm,32.755429325846,Upregulated
EN_ASNS1,6.85859372012794,Upregulated
EN_ASNSERNaEx,1,Unchanged
EN_ASNt4,1,Unchanged
EN_ASNTHRNaEx,1,Unchanged
EN_ASNtm,32.755429325846,Upregulated
EN_ASPCTr,4.9223657307097,Upregulated
EN_ASPNATm,0.902846841737272,Unchanged
EN_ASPTAm,12.0487362182555,Upregulated
EN_ATP1ter,6.66611373307801,Upregulated
EN_ATP2ter,2004245.93233367,Upregulated
EN_ATPtm,4.45499496312281e-06,Downregulated
EN_ATPtn,1.52084195266311e-06,Downregulated
EN_ATPtx,1,Unchanged
EN_B3GALT3g,7.00702527445141,Upregulated
EN_B3GALT41g,6.35410236812785,Upregulated
EN_B3GALT43g,7.45803475319208,Upregulated
EN_B3GALT5g,4.21189192531479,Upregulated
EN_BAAT3x,2.85312347491947,Upregulated
EN_BAMPPALDOX,9.91305697238338,Upregulated
EN_BETALDHxm,2.38060466783385,Upregulated
EN_BILGLCURtr,4.49950455363152,Upregulated
EN_BILIRED,17.5561692463205,Upregulated
EN_BILIRUBt2,17.5561691537069,Upregulated
EN_BILIRUBtr,4.49950420666938,Upregulated
EN_BMTer_U,7.21550148397204,Upregulated
EN_BTNt2,1,Unchanged
EN_BTNt2m,4.74765447548008e-06,Downregulated
EN_C14STRr,0.312939475283849,Downregulated
EN_C160CPT1,530859.924090122,Upregulated
EN_C160CPT2,51342.9296974951,Upregulated
EN_C161CPT1,1,Unchanged
EN_C161CPT12,0.653781537906287,Unchanged
EN_C161CPT2,1,Unchanged
EN_C161CPT22,19.881919874766,Upregulated
EN_C161CRN2t,1,Unchanged
EN_C180CPT1,388846.435865562,Upregulated
EN_C180CPT2,8.7099711674283,Upregulated
EN_C180CRNt,1,Unchanged
EN_C181CPT1,0.500000221169181,Unchanged
EN_C181CPT2,1.35085002027296e-07,Downregulated
EN_C204CPT1,7.9248361315687,Upregulated
EN_C204CPT2,2.60193579147924,Upregulated
EN_C204CRNt,1,Unchanged
EN_C226CPT1,4.45912154727368,Upregulated
EN_C226CPT2,4.4591215729193,Upregulated
EN_C226CRNt,1,Unchanged
EN_C3STDH1Pr,4.10952869456145e-07,Downregulated
EN_C3STDH1r,4.10952875754979e-07,Downregulated
EN_C3STKR2r,0.0750825775331117,Downregulated
EN_C4STMO1r,0.165133934384614,Downregulated
EN_C4STMO2Pr,0.0750825806054677,Downregulated
EN_C4STMO2r,0.0750825797068312,Downregulated
EN_CAt7r,1,Unchanged
EN_CATm,9.24312531214939,Upregulated
EN_CATp,49.2292875191166,Upregulated
EN_CBPPer,16.0743371780601,Upregulated
EN_CBPter,16.0743371780601,Upregulated
EN_CBR2,1,Unchanged
EN_CDIPTr,6.55212751520388,Upregulated
EN_CDS,6.55449463407581,Upregulated
EN_CDSm,1214.65734795075,Upregulated
EN_CEPTC,0.975735176133136,Unchanged
EN_CEPTE,0.975735176133137,Unchanged
EN_CERK,6.66611444209784,Upregulated
EN_CERT1gt,2.84676619501113e-07,Downregulated
EN_CERT1rt,6.55449437395305,Upregulated
EN_CERT2gt,1,Unchanged
EN_CERT2rt,4.37470344550597,Upregulated
EN_CGLYt3_2_,0.983835278479716,Unchanged
EN_CHLPCTD,0.975735176133136,Unchanged
EN_CHOLD2m,2.38060466783385,Upregulated
EN_CHOLK,22524.7329430612,Upregulated
EN_CHOLPtg,2.84676642433368e-07,Downregulated
EN_CHOLPtl,6.55449531940366,Upregulated
EN_CHOLt4,1,Unchanged
EN_CHOLtu,1,Unchanged
EN_CHSTEROLSULT,6.59386788082433,Upregulated
EN_CHSTEROLt1,497250865.334487,Upregulated
EN_CHSTEROLtg,6.66611377370396,Upregulated
EN_CLHCO3tex2,1,Unchanged
EN_CLOHtex2,1,Unchanged
EN_CLOXAtex2,1,Unchanged
EN_CLPNDCPT1,5.10587589496192,Upregulated
EN_CLPNDCPT2,5.10587587401733,Upregulated
EN_CLPNDCRNt,1,Unchanged
EN_CLS_hs,12.0548990035953,Upregulated
EN_CMPACNAtg,5.96642799992183,Upregulated
EN_CMPACNAtn,3.41632816644568,Upregulated
EN_CMPSAS,6.55449414190937,Upregulated
EN_CMPSASn,3.41632816644568,Upregulated
EN_CO2ter,1263111.49154633,Upregulated
EN_CO2tm,2.06748101260908e-05,Downregulated
EN_CO2tp,3.0978948325442,Upregulated
EN_COAtl,7.76629462371931,Upregulated
EN_COAtm,1,Unchanged
EN_COAtr,1,Unchanged
EN_COQ3m,7.97350106399119,Upregulated
EN_COQ5m,7.97350106399119,Upregulated
EN_COQ6m,7.97350106399119,Upregulated
EN_COQ7m,7.97350106399119,Upregulated
EN_CORE2GTg,5.80541210251511,Upregulated
EN_CORE3GTg,5.86173205600202,Upregulated
EN_CORE4GTg,5.86173205600202,Upregulated
EN_COt,17.5561632786542,Upregulated
EN_COUCOAFm,8.03089944681927,Upregulated
EN_CRNt,1,Unchanged
EN_CRNtHa,1,Unchanged
EN_CRNtuNa,1,Unchanged
EN_CSAPASEly,4.36965040679784,Upregulated
EN_CSBPASEly,4.54276415093409,Upregulated
EN_CSCPASEly,4.36965022136827,Upregulated
EN_CSDPASEly,4.69087629626296,Upregulated
EN_CSEPASEly,4.81903891529514,Upregulated
EN_CSm,203.779177744086,Upregulated
EN_CSNAT2x,0.999157560204217,Unchanged
EN_CSNAT3x,1.0939723301818e-06,Downregulated
EN_CSNATer,1,Unchanged
EN_CSNATr,1,Unchanged
EN_CSPG_At,4.36965040679784,Upregulated
EN_CSPG_Atly,4.36965040679784,Upregulated
EN_CSPG_Bt,4.54276415093409,Upregulated
EN_CSPG_Btly,4.54276415093409,Upregulated
EN_CSPG_Ct,4.36965022136827,Upregulated
EN_CSPG_Ctly,4.36965022136827,Upregulated
EN_CSPG_Dt,4.69087629626296,Upregulated
EN_CSPG_Dtly,4.69087629626296,Upregulated
EN_CSPG_Et,4.81903891529514,Upregulated
EN_CSPG_Etly,4.81903891529514,Upregulated
EN_CTPtn,3.41632829924332,Upregulated
EN_CYSALANaEx,1,Unchanged
EN_CYSASNNaEx,1,Unchanged
EN_CYSGLNNaEx,1,Unchanged
EN_CYSGLTH,0.500002671683552,Unchanged
EN_CYSO,5.58462309698169,Upregulated
EN_CYSSERNaEx,1,Unchanged
EN_CYSt4,1,Unchanged
EN_CYSTA,4.37590891681992,Upregulated
EN_CYSTHRNaEx,1,Unchanged
EN_CYTD,0.00583957199567297,Downregulated
EN_CYTDK1,1,Unchanged
EN_CYTDn,0.00583957041955549,Downregulated
EN_CYTDtl,6.66611298542523,Upregulated
EN_CYTDtn,0.00583957041955549,Downregulated
EN_CYTK10,1,Unchanged
EN_CYTK10n,1,Unchanged
EN_CYTK11,1,Unchanged
EN_CYTK11n,1,Unchanged
EN_CYTK12,1,Unchanged
EN_CYTK12n,1,Unchanged
EN_CYTK13,1,Unchanged
EN_CYTK13n,1,Unchanged
EN_CYTK14,1,Unchanged
EN_CYTK14n,1,Unchanged
EN_CYTK1m,1214.65734795075,Upregulated
EN_CYTK1n,1,Unchanged
EN_CYTK2n,1,Unchanged
EN_CYTK3n,1,Unchanged
EN_CYTK4n,1,Unchanged
EN_CYTK5,1,Unchanged
EN_CYTK5n,1,Unchanged
EN_CYTK6,1,Unchanged
EN_CYTK6n,1,Unchanged
EN_CYTK7,1,Unchanged
EN_CYTK7n,1,Unchanged
EN_CYTK8,1,Unchanged
EN_CYTK8n,1,Unchanged
EN_CYTK9,1,Unchanged
EN_CYTK9n,1,Unchanged
EN_DAG_HSter,7.2155010174691,Upregulated
EN_DAGK_hs,16.6721968676036,Upregulated
EN_DALAt2r,2,Upregulated
EN_DASCBR,7.7787234909784,Upregulated
EN_DATPtn,2.85343680655999,Upregulated
EN_DCIm,104.046523626378,Upregulated
EN_DCK1m,4.74765425057022e-06,Downregulated
EN_DCK1n,1,Unchanged
EN_DCK2n,1,Unchanged
EN_DCSPTN1COAtx,6.83598250579432,Upregulated
EN_DCSPTN1CPT1,6.83598209190071,Upregulated
EN_DCSPTN1CPT2,6.83598211134371,Upregulated
EN_DCSPTN1t,6.66611369533346,Upregulated
EN_DCTPtn,0.335008426361631,Downregulated
EN_DCYTD,0.995779592842806,Unchanged
EN_DCYTDn,0.995779592842823,Unchanged
EN_DDPGAm,9.36528927835156,Upregulated
EN_DECDPtm,8.03089944681927,Upregulated
EN_DESAT16_2,19.2513359669978,Upregulated
EN_DESAT18_10,6.12664001292612,Upregulated
EN_DESAT18_3,4.51852596565028,Upregulated
EN_DESAT18_4,14.5739792137319,Upregulated
EN_DESAT18_5,7.77872182092576,Upregulated
EN_DESAT18_6,4.08899961126491,Upregulated
EN_DESAT18_7,8.49346348821132,Upregulated
EN_DESAT18_8,9.05081549675429,Upregulated
EN_DESAT18_9,8.58135569711162,Upregulated
EN_DESAT22_1p,6.83598138187161,Upregulated
EN_DGCHOLtx,2.8531204711936,Upregulated
EN_DGK2m,5.72093999833975,Upregulated
EN_DGNSKm,5.72093999833975,Upregulated
EN_DGSNtm,5.72093999833975,Upregulated
EN_DGTPtn,2.85042998096788,Upregulated
EN_DHAAt1r,7.77872093595641,Upregulated
EN_DHCR241r,4.10952902707257e-07,Downregulated
EN_DHCR71r,4.10952880558224e-07,Downregulated
EN_DHCR72r,9.09517098190917,Upregulated
EN_DHCRD1,17.7292815782386,Upregulated
EN_DHCRD2,17.7296451246605,Upregulated
EN_DHDPBMTm,8.03089944681927,Upregulated
EN_DHEASULT,6.5938687074683,Upregulated
EN_DHFtl,5.01051085656084,Upregulated
EN_DHORD9,4.9223657307097,Upregulated
EN_DHPM1,0.0291153121462497,Downregulated
EN_DHPR2,19.0317159547667,Upregulated
EN_DIDPtn,1,Unchanged
EN_DITPtn,1,Unchanged
EN_D_LACt2,NaN,Unchanged
EN_D_LACtm,NaN,Unchanged
EN_DLNLCGCPT1,1,Unchanged
EN_DLNLCGCPT2,5.94483916395505,Upregulated
EN_DLNLCGCRNt,1,Unchanged
EN_DLNLCGt,11.7597839514177,Upregulated
EN_DM_datp_m_,4.52436149700856,Upregulated
EN_DM_dctp_m_,0.0697114913298825,Downregulated
EN_DM_dem2emgacpail_prot_hs_r_,6.50360753604474,Upregulated
EN_DM_dgpi_prot_hs_r_,5.72904936164137,Upregulated
EN_DM_gpi_sig_er_,7.21550198629766,Upregulated
EN_DM_kdn_c_,14.4174294585425,Upregulated
EN_DMATTx,4.10952874416475e-07,Downregulated
EN_DMNONCOACRNCPT1,0.999157560204217,Unchanged
EN_DNDPt11m,27.0314963205254,Upregulated
EN_DNDPt28m,62.9400192131689,Upregulated
EN_DNDPt39m,14.3692789886531,Upregulated
EN_DNDPt42m,1.06489511691988,Unchanged
EN_DOLGLCP_Lter,0.0929353922440007,Downregulated
EN_DOLGPP_Ler,1.06368768652151,Unchanged
EN_DOLMANP_Uter,9.62066894433872,Upregulated
EN_DOLPMT3_Uer,9.62066894433872,Upregulated
EN_DOLPMT4_Uer,9.62066894433872,Upregulated
EN_DOPABMO,20.8303273598031,Upregulated
EN_DOPAMT,12.2677635719842,Upregulated
EN_DOPASFt,7.86821631662434,Upregulated
EN_DOPASULT,7.86821631662434,Upregulated
EN_DOPAtu,1,Unchanged
EN_DPCOAtl,7.76629462371931,Upregulated
EN_DPGase,6.66611382835713,Upregulated
EN_DPGM,6.66611382835713,Upregulated
EN_DPHMBDCm,8.03089944681927,Upregulated
EN_DPPS,8.03089944681927,Upregulated
EN_DRPA,3.64328090221294,Upregulated
EN_DSAT,6.56534210669329,Upregulated
EN_DTDPtn,6.63823129798402e-11,Downregulated
EN_DUMPtn,6.55449524850041,Upregulated
EN_DURAD,0.0291153121462497,Downregulated
EN_DURIK1,1.01010078986096,Unchanged
EN_DURIK1m,6.0130509275229,Upregulated
EN_DURItn,0.995779592842823,Unchanged
EN_DUTPDPm,6.01305140706126,Upregulated
EN_DUTPDPn,6.55449524850041,Upregulated
EN_EBP1r,4.10952901462102e-07,Downregulated
EN_EBP2r,4.10952877367085e-07,Downregulated
EN_ECOAH12m,19.4306607721003,Upregulated
EN_ECOAH1m,27156.5499808328,Upregulated
EN_ECOAH1x,38.448040250952,Upregulated
EN_ECOAH9m,3.51861052454648,Upregulated
EN_EHGLAT2m,9.3652884728224,Upregulated
EN_EHGLATm,9.3652888456765,Upregulated
EN_EICOSTETCPT1,5.10587654990117,Upregulated
EN_EICOSTETCPT2,5.10587618509277,Upregulated
EN_EICOSTETt,6.66611349225551,Upregulated
EN_ELAIDCPT1,42.2115054646331,Upregulated
EN_ELAIDCPT2,52.9058261894845,Upregulated
EN_ELAIDt,11.7826634050779,Upregulated
EN_ESTRADIOLtr,1.39278320848626,Unchanged
EN_ESTRONESt,1,Unchanged
EN_ESTRONEtr,1.39278320848626,Unchanged
EN_ESTSULT,6.59386850348254,Upregulated
EN_ETHAK,22566.0877735523,Upregulated
EN_FACOAL140i,6.58902174322252,Upregulated
EN_FACOAL150,6.55449510679776,Upregulated
EN_FACOAL160i,6.53942438682562,Upregulated
EN_FACOAL170,6.55449480324395,Upregulated
EN_FACOAL180i,5.98119776225855,Upregulated
EN_FACOAL181i,6.55449527385657,Upregulated
EN_FACOAL1821,6.79138388281058,Upregulated
EN_FACOAL1831,6.55449471913773,Upregulated
EN_FACOAL204,9.63980261894316,Upregulated
EN_FACOAL2042,6.55449503934911,Upregulated
EN_FACOAL224,6.55449502564073,Upregulated
EN_FACOAL2251,6.55449509692306,Upregulated
EN_FACOAL244_1,6.5544951294875,Upregulated
EN_FACOAL245_1,6.55449512934485,Upregulated
EN_FACOAL245_2,6.5544951294875,Upregulated
EN_FACOAL246_1,6.5544951294875,Upregulated
EN_FACOAL260,6.55449494409325,Upregulated
EN_FADDP,11.2930010281144,Upregulated
EN_FADH2tru,17.7296451246604,Upregulated
EN_FADtru,17.7296451246604,Upregulated
EN_FAEL183,7.89109589957273,Upregulated
EN_FAEL184,5.77016299582855,Upregulated
EN_FAEL204,11.3227592718674,Upregulated
EN_FAEL205,5.77016294790804,Upregulated
EN_FAH3,7.41551793493586,Upregulated
EN_FALDH,1,Unchanged
EN_FAOXC180,16.9681031637385,Upregulated
EN_FAOXC200180m,0.859247632790316,Unchanged
EN_FAOXC2051843m,0.690418166408111,Unchanged
EN_FAS140COA,5.94483456515448,Upregulated
EN_FATP1t,1,Unchanged
EN_FATP2t,1.99999000354629,Unchanged
EN_FATP3t,1,Unchanged
EN_FATP4t,0.995000263211578,Unchanged
EN_FATP5t,1,Unchanged
EN_FATP6t,1,Unchanged
EN_FATP7t,4.5681894447003,Upregulated
EN_FATP8t,1,Unchanged
EN_FATP9t,6.66611378627785,Upregulated
EN_FBA4,6.60424671084722,Upregulated
EN_FBP26,6.66611359282018,Upregulated
EN_FCLTm,17.5561632786542,Upregulated
EN_FE3R2e,7.77872093595641,Upregulated
EN_FKYNH,9.85718788425415,Upregulated
EN_FORtr,0.312939491344283,Downregulated
EN_FRDPtr,4.10952874416475e-07,Downregulated
EN_FUMm,4157584.08291067,Upregulated
EN_FUMtm,3461247.42525644,Upregulated
EN_G14T18g,5.86173205600202,Upregulated
EN_G14T19g,5.86173205600202,Upregulated
EN_G14T20g,5.86173205600202,Upregulated
EN_G14T21g,5.86173205600202,Upregulated
EN_G14T2g,5.80541210251511,Upregulated
EN_G14T3g,5.80541210251511,Upregulated
EN_G14T4g,5.80541210251511,Upregulated
EN_G14T5g,5.80541210251511,Upregulated
EN_G5SADrm,9.20381302331173,Upregulated
EN_G6PPer,16.3315794054735,Upregulated
EN_GACPAILter,7.21550210435464,Upregulated
EN_GALASE16ly,5.80541210251511,Upregulated
EN_GALASE17ly,5.80541219849271,Upregulated
EN_GALASE18ly,5.80541192509833,Upregulated
EN_GALASE19ly,5.80541192509833,Upregulated
EN_GALASE20ly,5.86173205600202,Upregulated
EN_GALGLUSIDEtg,20.8661968330717,Upregulated
EN_GALGLUSIDEtl,1.6879849669728,Unchanged
EN_GALGT1,6.35410236812785,Upregulated
EN_GALGT3,7.45803475319208,Upregulated
EN_GALNACT1g,4.36965032905746,Upregulated
EN_GALNACT2g,4.36965078587808,Upregulated
EN_GALNACT3g,4.36965022136827,Upregulated
EN_GALNACT4g,4.69087629626296,Upregulated
EN_GALNACT5g,4.81903891529514,Upregulated
EN_GALNTg,5.80541192509833,Upregulated
EN_GALOR,0.193523115166106,Downregulated
EN_GALt1r,1,Unchanged
EN_GALT2g,4.36965045059248,Upregulated
EN_GALTg,4.36965045059248,Upregulated
EN_GALtly,3.38721530925639,Upregulated
EN_GARFT,4.12272130961806,Upregulated
EN_GBGT1,7.0070264367511,Upregulated
EN_GBSIDEtl,7.0070264367511,Upregulated
EN_GCALDDm,19.9636431529866,Upregulated
EN_GCC2cm,33.3933644565162,Upregulated
EN_GD1Cte,6.24816304626251,Upregulated
EN_GGH_10FTHF5GLUl,301.08434277392,Upregulated
EN_GGH_10FTHF6GLUl,5.0952943142329,Upregulated
EN_GGH_10FTHF7GLUl,5.0952943142329,Upregulated
EN_GGH_5DHFl,5.01051085656084,Upregulated
EN_GGH_5THFl,5.01051083971833,Upregulated
EN_GGH_6DHFl,5.01051085656084,Upregulated
EN_GGH_6THFl,5.01051083971833,Upregulated
EN_GGH_7DHFl,5.01051085656084,Upregulated
EN_GGH_7THFl,5.01051083971833,Upregulated
EN_GGNG,1.24943887768513,Unchanged
EN_GGT5r,6.63542061827428,Upregulated
EN_GGT6,1,Unchanged
EN_GHMT2rm,566.211764390304,Upregulated
EN_GLACO,1.32813191273137,Unchanged
EN_GLACter,1.32813191273137,Unchanged
EN_GLB1,0.623781505019002,Unchanged
EN_GLBRAN,1.24943887768513,Unchanged
EN_GLCAASE1ly,4.77597412731564,Upregulated
EN_GLCAASE4ly,4.36965040679784,Upregulated
EN_GLCAASE5ly,4.36965022136827,Upregulated
EN_GLCAASE6ly,4.69087647934603,Upregulated
EN_GLCAASE7ly,4.81903891529514,Upregulated
EN_GLCAASE8ly,3.50545447134994,Upregulated
EN_GLCAASE9ly,3.50545447134994,Upregulated
EN_GLCAE1g,4.54276415093409,Upregulated
EN_GLCAE2g,4.77597412731564,Upregulated
EN_GLCAT2g,4.36965078587808,Upregulated
EN_GLCAT3g,4.36965022136827,Upregulated
EN_GLCAT4g,4.69087629626296,Upregulated
EN_GLCAT5g,4.81903891529514,Upregulated
EN_GLCAT6g,4.77597412731564,Upregulated
EN_GLCAT7g,4.77597412731564,Upregulated
EN_GLCAT8g,4.77597412731564,Upregulated
EN_GLCAT9g,4.77597412731564,Upregulated
EN_GLCATg,4.36965045059248,Upregulated
EN_GLCNACASE1ly,4.77597412731564,Upregulated
EN_GLCNACASE2ly,4.77597412731564,Upregulated
EN_GLCNACASE3ly,4.77597412731564,Upregulated
EN_GLCNACASE4ly,4.77597412731564,Upregulated
EN_GLCNACASE5ly,4.77597412731564,Upregulated
EN_GLCNACDASg,4.77597412731564,Upregulated
EN_GLCNACT1g,4.77597412731564,Upregulated
EN_GLCNACT2g,4.77597412731564,Upregulated
EN_GLCNACT3g,4.77597412731564,Upregulated
EN_GLCNACT4g,4.77597412731564,Upregulated
EN_GLCNACT5g,4.77597412731564,Upregulated
EN_GLCt1r,1,Unchanged
EN_GLCter,13.2833200011952,Upregulated
EN_GLCtg,4.5438800792152,Upregulated
EN_GLCURtly,3.50545481882523,Upregulated
EN_GLDBRAN,0.260244178299965,Downregulated
EN_GLGNS1,1.24943887768513,Unchanged
EN_GLNALANaEx,1,Unchanged
EN_GLNASNNaEx,1,Unchanged
EN_GLNCYSNaEx,1,Unchanged
EN_GLNSERNaEx,1,Unchanged
EN_GLNTHRNaEx,1,Unchanged
EN_GLPASE1,0.260244178299965,Downregulated
EN_GLPASE2,0.260244178299965,Downregulated
EN_GLUCYS,12.1717175327898,Upregulated
EN_GLUDxm,1,Unchanged
EN_GLUDym,0.809225124748415,Unchanged
EN_GLUt2m,74.6093162785749,Upregulated
EN_GLUt7l,200.722895603534,Upregulated
EN_GLUtr,6.63542061827428,Upregulated
EN_GLYBtm,2.38060466783385,Upregulated
EN_GLYCK2,26.0780315437324,Upregulated
EN_GLYCLTDy,13.5656274385423,Upregulated
EN_GLYC_St,9.08084871204691,Upregulated
EN_GLYCtm,79.2253377430346,Upregulated
EN_GLYKm,1214.65734795075,Upregulated
EN_GLYOXm,NaN,Unchanged
EN_GLYt4,1,Unchanged
EN_GLYtp,2.85312141884736,Upregulated
EN_GNDer,2827816.38470908,Upregulated
EN_GPAM_hs,11.3223085737317,Upregulated
EN_GPIAT,7.21550210435464,Upregulated
EN_GPIDA2er,6.50360753604474,Upregulated
EN_GPIDAer,5.72904936164137,Upregulated
EN_GPIMTer_U,7.21550210435464,Upregulated
EN_GQ1Btg,7.45803475319208,Upregulated
EN_GRTTx,4.10952874416475e-07,Downregulated
EN_GSNtl,1.75854942827682e-06,Downregulated
EN_GTHP,5.45268581365808,Upregulated
EN_GTHPe,6.3452557234361,Upregulated
EN_GTHPm,8.27144947054703,Upregulated
EN_GTHRDtr,6.63542061827428,Upregulated
EN_GTHS,6.63542066000565,Upregulated
EN_GULNDer,1.26221467760267,Unchanged
EN_GULNter,1.26221467760267,Unchanged
EN_H2CO3Dm,1.33190956229564,Unchanged
EN_H2ETer,7.21550160793818,Upregulated
EN_H2MTer_U,7.21550203273391,Upregulated
EN_H2O2t,6.3452557234361,Upregulated
EN_H2O2tly,0.668906799838945,Unchanged
EN_H2O2tn,0.851223071972747,Unchanged
EN_H2O2tp,21.765357659731,Upregulated
EN_H2Oter,2.10409536740819,Upregulated
EN_H2Otg,5.22320990853586e-07,Downregulated
EN_H2Otly,1,Unchanged
EN_H2Otm,3.04641588930694,Upregulated
EN_H2Otn,0.997889796421409,Unchanged
EN_H3ETer,7.21550192174555,Upregulated
EN_H3MTer_U,7.21550147168418,Upregulated
EN_H4ET3er,7.21550155603143,Upregulated
EN_H4ETer,7.21550180363417,Upregulated
EN_H5MTer_U,7.21550160793818,Upregulated
EN_H6ET3er,7.21550273565836,Upregulated
EN_H6_ETer,7.21550159160148,Upregulated
EN_H7_ETer,5.72904965384074,Upregulated
EN_H7_TAer,6.50360753604474,Upregulated
EN_H8TAer,5.72904936164137,Upregulated
EN_HACD1m,27156.5499808328,Upregulated
EN_HACD1x,38.448040250952,Upregulated
EN_HACD9m,3.51861052454648,Upregulated
EN_HAS1,3.50545447134994,Upregulated
EN_HAS2,3.50545447134994,Upregulated
EN_HAtly,3.50545447134994,Upregulated
EN_HBZOPT10m,8.03089944681927,Upregulated
EN_HCO3_CLt,1,Unchanged
EN_HDCAter,12.962238214495,Upregulated
EN_HDCAtr,1,Unchanged
EN_HEXCCOAtx,8.83784667990081,Upregulated
EN_HEXCt,6.66611357929304,Upregulated
EN_HIBDm,19.4306607721003,Upregulated
EN_HISDC,23.6801948411067,Upregulated
EN_HISt4,1,Unchanged
EN_HISTASE,23.6801949534957,Upregulated
EN_HISTAtu,0.50000017654548,Unchanged
EN_HKYNH,7.14547080097609,Upregulated
EN_HMGCOASi,3.85179484738243,Upregulated
EN_HMGCOASim,11.8815590035857,Upregulated
EN_HMGCOAtm,8.85719476816322,Upregulated
EN_HMGCOAtx,8.40306862250278,Upregulated
EN_HMGLm,34.3269680532418,Upregulated
EN_HMGLx,2.70285407496665,Upregulated
EN_HOXG,17.5561632786542,Upregulated
EN_HPDCACRNCPT1,5.98449251942935,Upregulated
EN_HPDCACRNCPT2,5.98448944676246,Upregulated
EN_HPDCAt,6.66611365132724,Upregulated
EN_HPYRDCm,19.9636431529866,Upregulated
EN_HPYRR2x,9.08084047429338,Upregulated
EN_HPYRRy,4.00428723969309,Upregulated
EN_HS1ly,4.77597412731564,Upregulated
EN_HS2ly,4.77597412731564,Upregulated
EN_HS3ly,4.77597412731564,Upregulated
EN_HS4ly,4.77597412731564,Upregulated
EN_HSAT1ly,4.77597412731564,Upregulated
EN_HSAT2ly,4.77597412731564,Upregulated
EN_HSAT3ly,4.77597412731564,Upregulated
EN_HSAT4ly,4.77597412731564,Upregulated
EN_HSD17B1,1.39278320848626,Unchanged
EN_HSD17B4x,4.39371607310223,Upregulated
EN_HSD17B7r,1.39278320848728,Unchanged
EN_HSD17B8r,17.7295530792589,Upregulated
EN_HSD17B9r,7.77872219096812,Upregulated
EN_HSD3A1r,7.77872211163057,Upregulated
EN_HSD3B2r,7.77872219096812,Upregulated
EN_HSD3B7P,17.7295530792622,Upregulated
EN_HSPASEly,4.77597412731564,Upregulated
EN_HSPGt,4.77597412731564,Upregulated
EN_HSPGtly,4.77597412731564,Upregulated
EN_Htg,5.58939396558913e-07,Downregulated
EN_ICDHyrm,0.990017362635852,Unchanged
EN_IDOAASE1ly,4.77597412731564,Upregulated
EN_IDOAASE2ly,4.77597412731564,Upregulated
EN_IDOAASE3ly,4.77597412731564,Upregulated
EN_IDOAASE4ly,4.54276426808893,Upregulated
EN_IDOURtly,4.77597526211164,Upregulated
EN_ILEt5m,8.84142473436693e-06,Downregulated
EN_ILETAm,8.84142473436693e-06,Downregulated
EN_IPDDIx,4.10952874416475e-07,Downregulated
EN_IPDPtx,8.5059341664523e-07,Downregulated
EN_ITCOAL1m,1,Unchanged
EN_ITCOALm,1,Unchanged
EN_KCC2t,1,Unchanged
EN_KCCt,1,Unchanged
EN_KDNH,14.4174294585425,Upregulated
EN_KHK,6875042.07267909,Upregulated
EN_KHK2,6.60424671084722,Upregulated
EN_KSII_CORE2t,5.80541210251511,Upregulated
EN_KSII_CORE2tly,5.80541210251511,Upregulated
EN_KSII_CORE4t,5.86173205600202,Upregulated
EN_KSII_CORE4tly,5.86173205600202,Upregulated
EN_KYN,7.04084893731117,Upregulated
EN_KYN3OX,7.14547080097609,Upregulated
EN_KYNAKGAT,1,Unchanged
EN_KYNATESYN,1,Unchanged
EN_LACZe,0.614915280204093,Unchanged
EN_LALDO,1.00000182686317,Unchanged
EN_LAPCOAl,7.76629462371931,Upregulated
EN_LCADi_D,NaN,Unchanged
EN_LCADim,NaN,Unchanged
EN_LCAT1e,164633.76755061,Upregulated
EN_LCTStg,4.5438800792152,Upregulated
EN_LCYSTCBOXL,7.17904766620427,Upregulated
EN_LDH_Lm,4.16649236695587e-06,Downregulated
EN_LEUKTRA4tr,6.63542061827428,Upregulated
EN_LEUKTRB4t,7.77872222695818,Upregulated
EN_LEUKTRD4t,6.63542061827428,Upregulated
EN_LEUKTRD4tr,6.63542061827428,Upregulated
EN_LEUt4,1,Unchanged
EN_LEUt5m,7.32452431071244e-06,Downregulated
EN_LEUTAm,7.32452431071244e-06,Downregulated
EN_LFORKYNHYD,7.04084899231144,Upregulated
EN_LGNCt,1,Unchanged
EN_LINKDEG1ly,4.77597412731564,Upregulated
EN_LINKDEG2ly,4.36965046011022,Upregulated
EN_LINKDEG3ly,4.36965023538767,Upregulated
EN_LINKDEG4ly,4.81903918845375,Upregulated
EN_L_LACtm,4.16649225342187e-06,Downregulated
EN_LNELDCCPT1,6.97678511366092,Upregulated
EN_LNELDCCPT2,6.97678503898244,Upregulated
EN_LNLCCPT1,1.00000099629682,Unchanged
EN_LNLCCPT2,5.29203250738992,Upregulated
EN_LNLCCRNt,1,Unchanged
EN_LNLCt,1.00000070334158,Unchanged
EN_LNLNCACPT1,1,Unchanged
EN_LNLNCACPT2,1,Unchanged
EN_LNLNCACRNt,1,Unchanged
EN_LNLNCAt,0.787577088692516,Unchanged
EN_LNLNCGCPT1,1,Unchanged
EN_LNLNCGCPT2,5.82848941820996,Upregulated
EN_LNLNCGCRNt,1,Unchanged
EN_LNLNCGt,4.81605170591544,Upregulated
EN_LNSTLSr,0.312939475283849,Downregulated
EN_LPASE,11.2099433665041,Upregulated
EN_LPCHOLt,77372.8912118438,Upregulated
EN_LPS,7.60287570086495,Upregulated
EN_LSTO1r,4.10952880558224e-07,Downregulated
EN_LSTO2r,9.09517098190917,Upregulated
EN_LTC4CP,1,Unchanged
EN_LTC4Sr,6.63542061827428,Upregulated
EN_LTD4DP,1,Unchanged
EN_LTDCL,23.6801976939216,Upregulated
EN_LYSt4,21620603.4222708,Upregulated
EN_MACOXO,10.8083957319441,Upregulated
EN_MANt1r,1,Unchanged
EN_MCDp,5.85440196902848,Upregulated
EN_MDHm,1.12552781210249,Unchanged
EN_MDRPD,9.24764018102262,Upregulated
EN_ME1m,6.01305161508413,Upregulated
EN_ME2m,6.01305099076685,Upregulated
EN_METAT,13.9079665872979,Upregulated
EN_METt4,1,Unchanged
EN_MHISOR,10.8083957319441,Upregulated
EN_MI1345PP,3.33305681013424,Upregulated
EN_MI145PK,6.66611333554582,Upregulated
EN_MI145PP,39.11704681726,Upregulated
EN_MI1PS,49618775.9878304,Upregulated
EN_MINOHPtn,6.66611437531916,Upregulated
EN_MMEm,1.0000009144614,Unchanged
EN_MMSAD1m,19.4306690688328,Upregulated
EN_MMSAD3m,6.01305124732032,Upregulated
EN_MMTSADm,1,Unchanged
EN_MTAP,9.24764018102262,Upregulated
EN_MTHFCm,12389655.6300804,Upregulated
EN_MTHFD2m,1,Unchanged
EN_MTHFDm,1,Unchanged
EN_N3Tg,5.80541210251511,Upregulated
EN_NABTNO,18.3224402794946,Upregulated
EN_NACASPAH,0.902846841737272,Unchanged
EN_NACASPtm,0.902846841737272,Unchanged
EN_NACHEX1ly,4.36965021433224,Upregulated
EN_NACHEX23ly,5.80541239126311,Upregulated
EN_NACHEX24ly,5.80541225048025,Upregulated
EN_NACHEX25ly,5.80541192509833,Upregulated
EN_NACHEX26ly,5.86173053163298,Upregulated
EN_NACHEX27ly,3.50545447134994,Upregulated
EN_NACHEX2ly,4.36965046011022,Upregulated
EN_NACHEX3ly,4.54276415093409,Upregulated
EN_NACHEX4ly,4.36965039067411,Upregulated
EN_NACHEX5ly,4.36965040121651,Upregulated
EN_NACHEX6ly,4.69087660579717,Upregulated
EN_NACHEX7ly,4.69087636219669,Upregulated
EN_NACHEX8ly,4.81903885740945,Upregulated
EN_NACHEX9ly,4.81903918845375,Upregulated
EN_NACHEXA1ly,4.36965041986708,Upregulated
EN_NACHEXA20ly,5.80541248896916,Upregulated
EN_NACHEXA21ly,5.80541196882943,Upregulated
EN_NACHEXA22ly,5.86173070210452,Upregulated
EN_NACHEXA2ly,4.54276405741651,Upregulated
EN_NACHEXA3ly,4.36965014356694,Upregulated
EN_NACHEXA4ly,4.36965077122161,Upregulated
EN_NACHEXA5ly,4.69087626832841,Upregulated
EN_NACHEXA6ly,4.69087647934603,Upregulated
EN_NACHEXA7ly,4.81903891529514,Upregulated
EN_NACHEXA8ly,4.81903888652593,Upregulated
EN_NADPHtru,1.39278320848728,Unchanged
EN_NADPHtxu,5.81827071784534,Upregulated
EN_NADPtru,1.39278320848726,Unchanged
EN_NADPtxu,5.81827086340262,Upregulated
EN_NADtn,1.52084191032441e-06,Downregulated
EN_NAGA2ly,5.80541192509833,Upregulated
EN_NAGAly,7.0070264367511,Upregulated
EN_NAGLCAly,5.80541192509833,Upregulated
EN_NAt5,1,Unchanged
EN_NCKt,1,Unchanged
EN_NDP6,6.66611341606381,Upregulated
EN_NDP7er,6.6661130761286,Upregulated
EN_NDP7ex,6.66611375685235,Upregulated
EN_NDP7g,6.89198919855649,Upregulated
EN_NDP8,6.66611354447923,Upregulated
EN_NDP8ex,6.66611375685235,Upregulated
EN_NDPK10,1,Unchanged
EN_NDPK10n,1,Unchanged
EN_NDPK1m,0.500001580750607,Unchanged
EN_NDPK3m,1214.65734795075,Upregulated
EN_NDPK4m,3.64874286705681,Upregulated
EN_NDPK4n,1,Unchanged
EN_NDPK5m,6.01305170087774,Upregulated
EN_NDPK6m,4.45716785155132,Upregulated
EN_NDPK7m,0.0697114893098918,Downregulated
EN_NDPK8m,3.64874236055055,Upregulated
EN_NH4t3r,1,Unchanged
EN_NH4tn,0.744044519351268,Unchanged
EN_NICRNS,5271170.85547616,Upregulated
EN_NKCC2t,1,Unchanged
EN_NKCCt,1,Unchanged
EN_NMNATm,0.643348599481368,Unchanged
EN_NMNATr,1.52084169157559e-06,Downregulated
EN_NNMT,6.00521578938205,Upregulated
EN_NRPPHRSFt,7.9585859396053,Upregulated
EN_NRPPHRSULT,7.9585859396053,Upregulated
EN_NTD1m,6.01305060773864,Upregulated
EN_NTD2e,4.7899295088316,Upregulated
EN_NTD2l,6.66611283727851,Upregulated
EN_NTD4l,6.66611298542523,Upregulated
EN_NTD5l,6.66611400679463,Upregulated
EN_NTD7e,10.7824576298746,Upregulated
EN_NTD7l,2.12672095492526e-06,Downregulated
EN_NTD9l,1.75854942827682e-06,Downregulated
EN_O2Stm,7.86665413104233,Upregulated
EN_O2Stn,0.851223071967474,Unchanged
EN_O2Stx,5.81827003829379,Upregulated
EN_O2ter,2.53091228420965e-05,Downregulated
EN_O2tm,7.86665456476743,Upregulated
EN_O2tn,0.851223071972747,Unchanged
EN_O2tp,24.9786863152846,Upregulated
EN_OCCOAtm,1,Unchanged
EN_OCCOAtx,1625.69646181874,Upregulated
EN_OCDCAtr,1,Unchanged
EN_OCDCEAtr,1.99999000352923,Unchanged
EN_OCOAT1m,5.81543690924108,Upregulated
EN_OIVD1m,NaN,Unchanged
EN_OIVD3m,3.51861067735311,Upregulated
EN_OXAHCOtex,1,Unchanged
EN_P45027A11m,5.7332892923056,Upregulated
EN_P45027A12m,7.77872216428216,Upregulated
EN_P45027A13m,7.77872216428216,Upregulated
EN_P45027A14m,72.933600543759,Upregulated
EN_P45027A15m,7.77872191418657,Upregulated
EN_P45027A16m,7.77872223449733,Upregulated
EN_P45027A1m,72.933600543759,Upregulated
EN_P5CRm,7.49253017726886,Upregulated
EN_P5CRxm,7.49252923696828,Upregulated
EN_PAFH,4.09720856618402,Upregulated
EN_PAFS,4.09720824732699,Upregulated
EN_PAIL_HStn,12762498.1081201,Upregulated
EN_PAIL45P_HStn,12762498.1081201,Upregulated
EN_PAN4PP,6.66611522741952,Upregulated
EN_PAPStg,4.81903855861163,Upregulated
EN_PAPtg,4.81903870488443,Upregulated
EN_PCm,0.377375734253775,Downregulated
EN_PCRNtc,6.72790741157489e-06,Downregulated
EN_PCt,48.2274374384327,Upregulated
EN_PDE1,6.55449445739366,Upregulated
EN_PDX5PO,3.53545564822684,Upregulated
EN_PE_HStm,0.936246777292113,Unchanged
EN_PEAMNO,6.37915328102007,Upregulated
EN_PETHCT,0.975735176133137,Unchanged
EN_PETOHMm_hs,0.936246777292113,Unchanged
EN_PETOHMr_hs,1.02796959244903e-06,Downregulated
EN_PFK26,6.66611359282018,Upregulated
EN_PGCD,24.5712737875655,Upregulated
EN_PGDI,1,Unchanged
EN_PGDIr,1,Unchanged
EN_PGPP_hs,1217.02331135874,Upregulated
EN_PGPPT,1217.02331135874,Upregulated
EN_PHCDm,9.3652892610816,Upregulated
EN_PHEMEtm,17.5561632786542,Upregulated
EN_PHEt4,1,Unchanged
EN_PHETA1m,0.0900548858739377,Downregulated
EN_PHYCBOXL,6.37915328102007,Upregulated
EN_PI345P3P,13.3322261338006,Upregulated
EN_PI345P3Pn,6.66611444545469,Upregulated
EN_PI345P5P,6.66611362378371,Upregulated
EN_PI34P5K,6.66611403291251,Upregulated
EN_PI3P4K,13.3322269448106,Upregulated
EN_PI3P5K,6.66611336079406,Upregulated
EN_PI45P3Kn,6.66611444545469,Upregulated
EN_PI45P4P,6381248.99850777,Upregulated
EN_PI45P5P,6381249.03554266,Upregulated
EN_PI45PLC,39.1170495333605,Upregulated
EN_PI4P5K,6.66611398649609,Upregulated
EN_PI4PLC,26.0780295425922,Upregulated
EN_PI4PP,6381248.7809279,Upregulated
EN_PI5P3K,13.3322266478865,Upregulated
EN_PI5P4K,6.66611362330588,Upregulated
EN_PIACGT,7.21550210435464,Upregulated
EN_PIK3,6.66611334134351,Upregulated
EN_PIK4,6.66611354059766,Upregulated
EN_PIK5,6.66611357832897,Upregulated
EN_PIPLC,6.66611335621444,Upregulated
EN_PIter,332544.640360753,Upregulated
EN_PItg,6.66611370333402,Upregulated
EN_PItx,17.4579593039436,Upregulated
EN_PLA2_2,7.76555552063769,Upregulated
EN_PLA2_2e,7.76555501189926,Upregulated
EN_PMI12346PHn,6.66611437531916,Upregulated
EN_PNTEH,7.76629478192454,Upregulated
EN_PPA2,8.412341001139,Upregulated
EN_PPAer,7.90570455541912,Upregulated
EN_PPAm,41.1417291512673,Upregulated
EN_PPAP,6.66611402740993,Upregulated
EN_PPDOy,1,Unchanged
EN_PPItr,489939.260932384,Upregulated
EN_PPItx,5.28269497997564e-05,Downregulated
EN_PPMI12346Ptn,6.66611437531916,Upregulated
EN_PPOR,14.1275537834341,Upregulated
EN_PPPG9tm,17.5561632786542,Upregulated
EN_PPPGOm,17.561014590469,Upregulated
EN_PRAGSr,4.12272130961806,Upregulated
EN_PRASCS,4.12272130961806,Upregulated
EN_PRDX,5.45268386985206,Upregulated
EN_PRGNLONESULT,6.59386933766395,Upregulated
EN_PROD2m,7.49253039801996,Upregulated
EN_PROSTGE2t,1,Unchanged
EN_PROSTGE2t2,1,Unchanged
EN_PROt4,1,Unchanged
EN_PSSA1_hs,33455.9617759542,Upregulated
EN_PSt3,6.6661138930198,Upregulated
EN_PTDCAt,6.70513167768836,Upregulated
EN_PTE2x,12.9066353657613,Upregulated
EN_PTE3x,6.25236205674216,Upregulated
EN_PTHPS,8.412341001139,Upregulated
EN_PTRCAT1,18.3224402794946,Upregulated
EN_PYAM5POr,5.91688697008946,Upregulated
EN_PYDXK,2.23088029986995,Upregulated
EN_PYNP2r,0.417194709591238,Downregulated
EN_PYRt2m,4.16649214748211e-06,Downregulated
EN_PYRt2p,1.65352826900357,Unchanged
EN_QUILSYN,7.14547080097609,Upregulated
EN_RDH1,2,Upregulated
EN_RDH1a,1,Unchanged
EN_RDH2,1,Unchanged
EN_RDH2a,1,Unchanged
EN_RDH3,2,Upregulated
EN_RDH3a,1,Unchanged
EN_RETNGLCt,1.12199239472078,Unchanged
EN_RETNGLCtr,1.12199239472078,Unchanged
EN_RTOTAL2t,2.18483153074404,Upregulated
EN_RTOTAL3CRNCPT1,2476591.68483437,Upregulated
EN_RTOTAL3CRNCPT2,2476591.68483437,Upregulated
EN_RTOTAL3CRNt,2476591.68483437,Upregulated
EN_Rtotaltl,6.55449375124914,Upregulated
EN_S23T2g,5.80541210251511,Upregulated
EN_S23T4g,5.86173205600202,Upregulated
EN_S2T1g,4.69087629626296,Upregulated
EN_S2T2g,4.69087629626296,Upregulated
EN_S2T3g,4.54276415093409,Upregulated
EN_S2T4g,4.77597412731564,Upregulated
EN_S2TASE1ly,4.77597412731564,Upregulated
EN_S2TASE2ly,4.77597412731564,Upregulated
EN_S2TASE3ly,4.54276426808893,Upregulated
EN_S2TASE4ly,4.69087647934603,Upregulated
EN_S2TASE5ly,4.69087647934603,Upregulated
EN_S3T1g,4.77597412731564,Upregulated
EN_S3T2g,4.77597412731564,Upregulated
EN_S3T3g,4.77597412731564,Upregulated
EN_S3TASE1ly,4.77597412731564,Upregulated
EN_S3TASE2ly,4.77597412731564,Upregulated
EN_S3TASE3ly,4.77597412731564,Upregulated
EN_S4T1g,4.36965042785321,Upregulated
EN_S4T2g,4.36965040679784,Upregulated
EN_S4T3g,4.81903891529514,Upregulated
EN_S4T6g,4.54276415093409,Upregulated
EN_S4TASE1ly,4.36965021433224,Upregulated
EN_S4TASE2ly,4.36965046011022,Upregulated
EN_S4TASE3ly,4.54276415093409,Upregulated
EN_S4TASE4ly,4.81903885740945,Upregulated
EN_S4TASE5ly,4.81903918845375,Upregulated
EN_S6T16g,5.86173205600202,Upregulated
EN_S6T17g,5.86173205600202,Upregulated
EN_S6T18g,5.86173205600202,Upregulated
EN_S6T19g,4.36965060739969,Upregulated
EN_S6T1g,5.80541210251511,Upregulated
EN_S6T20g,4.36965022136827,Upregulated
EN_S6T21g,4.69087629626296,Upregulated
EN_S6T22g,4.81903891529514,Upregulated
EN_S6T23g,4.81903891529514,Upregulated
EN_S6T25g,4.77597412731564,Upregulated
EN_S6T2g,5.80541210251511,Upregulated
EN_S6T3g,5.80541210251511,Upregulated
EN_S6TASE1ly,4.77597412731564,Upregulated
EN_S6TASE22ly,5.80541210251511,Upregulated
EN_S6TASE23ly,5.80541239126311,Upregulated
EN_S6TASE24ly,5.80541225048025,Upregulated
EN_S6TASE25ly,5.86173205600202,Upregulated
EN_S6TASE26ly,5.86173053163298,Upregulated
EN_S6TASE2ly,4.77597412731564,Upregulated
EN_S6TASE3ly,4.77597412731564,Upregulated
EN_S6TASE4ly,4.36965039067411,Upregulated
EN_S6TASE5ly,4.36965040121651,Upregulated
EN_S6TASE6ly,4.69087660579717,Upregulated
EN_S6TASE7ly,4.69087636219669,Upregulated
EN_S6TASE8ly,4.81903885740945,Upregulated
EN_S6TASE9ly,4.81903918845375,Upregulated
EN_SACCD3m,1.7476354013951,Unchanged
EN_SACCD4m,1,Unchanged
EN_SADT,6.90344208128771,Upregulated
EN_SALMCOM,23.5115124386912,Upregulated
EN_SAMHISTA,10.8083957319441,Upregulated
EN_SBTD_D2,77.7938076527394,Upregulated
EN_SBTR,34.6551174847077,Upregulated
EN_SCP21x,6.66611359765018,Upregulated
EN_SCP22x,0.999157560204217,Unchanged
EN_SCP2x,2.85312317995587,Upregulated
EN_SCPx,4.39371538417252,Upregulated
EN_Ser_Thrtg,5.80541192509833,Upregulated
EN_SERALANaEx,1,Unchanged
EN_SERASNNaEx,1,Unchanged
EN_SERCYSNaEx,1,Unchanged
EN_SERGLNNaEx,1,Unchanged
EN_SERHL,7.17904766620427,Upregulated
EN_SERPT,0.392475557374217,Downregulated
EN_SERt4,1,Unchanged
EN_SERTHRNaEx,1,Unchanged
EN_SGPL12r,17.387226749211,Upregulated
EN_SIAASE3ly,5.80541210251511,Upregulated
EN_SIAASE4ly,5.86173205600202,Upregulated
EN_SIAT4Bg,3.5602319601103,Upregulated
EN_SIAT9g,10.9265182760399,Upregulated
EN_sink_pre_prot[r],7.2155018691083,Upregulated
EN_SLCBK1,6.66611361071393,Upregulated
EN_SMPD3g,2.84676642433368e-07,Downregulated
EN_SMPD3l,6.55449531940366,Upregulated
EN_SMS,0.390424134045393,Downregulated
EN_SO4CLtex2,0.5,Downregulated
EN_SO4HCOtex,1,Unchanged
EN_SO4OXAtex2,0.5,Downregulated
EN_SO4t4_2,0.5,Downregulated
EN_SO4tl,4.81903832648772,Upregulated
EN_SPHGNtr,12.0261017474751,Upregulated
EN_SPHINGStl,6.5544949965714,Upregulated
EN_SPHINGStr,12.0261072712563,Upregulated
EN_SPHK21c,9.79862571318534,Upregulated
EN_SPHMYLNtl,6.55449531940366,Upregulated
EN_SPHS1Ptr,29.1268157131529,Upregulated
EN_SPMDOX,13.2613734149644,Upregulated
EN_SPODMn,0.851223071972747,Unchanged
EN_SPODMx,5.81826999499378,Upregulated
EN_SPR,8.412341001139,Upregulated
EN_SPRMS,9.91305705371651,Upregulated
EN_SQLEr,0.312939475283849,Downregulated
EN_SQLSr,1,Unchanged
EN_SRTNACT,12.1342722607043,Upregulated
EN_ST3GAL21g,6.35410236812785,Upregulated
EN_ST3GAL22g,10.9265184538549,Upregulated
EN_ST3GAL23g,7.45803475319208,Upregulated
EN_ST6GALNAC31,6.35410236812785,Upregulated
EN_ST8SIA12,7.45803475319208,Upregulated
EN_ST8SIA52g,7.45803475319208,Upregulated
EN_STRDNCCPT1,0.914370841305587,Unchanged
EN_STRDNCCPT2,0.872217840509986,Unchanged
EN_STRDNCCRNt,1,Unchanged
EN_STRDNCt,7.91938699646647,Upregulated
EN_STS1,6.59386889665318,Upregulated
EN_STS2,6.59386850348254,Upregulated
EN_SUCCtp,6.82999171521185,Upregulated
EN_SUCOASm,2.50021052768858,Upregulated
EN_T4HCINNMFM,8.03089944681927,Upregulated
EN_TETHEX3t,6.66611428877686,Upregulated
EN_TETPENT3CPT1,1,Unchanged
EN_TETPENT3CPT2,1,Unchanged
EN_TETPENT3CRNt,1,Unchanged
EN_TETPENT3t,6.66611428877686,Upregulated
EN_TETPENT6CPT1,1,Unchanged
EN_TETPENT6CPT2,1,Unchanged
EN_TETPENT6CRNt,1,Unchanged
EN_TETPENT6t,6.66611369533346,Upregulated
EN_TETTET6CPT1,1,Unchanged
EN_TETTET6CPT2,1,Unchanged
EN_TETTET6CRNt,1,Unchanged
EN_TETTET6t,6.66611369533346,Upregulated
EN_THBPT4ACAMDASE,19.0317185752069,Upregulated
EN_THCHOLSTOICtm,1,Unchanged
EN_THFtl,5.01051083971833,Upregulated
EN_THFtm,430.332504254065,Upregulated
EN_THRALANaEx,1,Unchanged
EN_THRASNNaEx,1,Unchanged
EN_THRCYSNaEx,1,Unchanged
EN_THRGLNNaEx,1,Unchanged
EN_THRSERNaEx,1,Unchanged
EN_THRt4,1,Unchanged
EN_THYMDtl,6.66611400679463,Upregulated
EN_THYMDtm,5.72094111247567,Upregulated
EN_TMDK1m,5.72094111247567,Upregulated
EN_TMNDNCCPT1,0.850994178709344,Unchanged
EN_TMNDNCCPT2,0.690418072725446,Unchanged
EN_TRDR,4.41578498695659,Upregulated
EN_TRIODTHYSULT,6.59386919080043,Upregulated
EN_TRIOK,3708933.19965158,Upregulated
EN_TRPHYDRO2,19.0317185752069,Upregulated
EN_TRPO2,9.85718774013065,Upregulated
EN_TRYPTAOX,23.6801976939216,Upregulated
EN_TSULt4_3,4.37590933324422,Upregulated
EN_TTDCAtr,10.8045252309087,Upregulated
EN_TTDCPT2,1,Unchanged
EN_TYMSFt,7.27024420263451,Upregulated
EN_TYMSULT,7.27024420263451,Upregulated
EN_TYRCBOX,7.27024420263451,Upregulated
EN_TYRTAm,8.0308978606924,Upregulated
EN_UAG2EMAi,6.55449486756329,Upregulated
EN_UAGALDP,6.55449511780113,Upregulated
EN_UDPACGALtl,15.692968359231,Upregulated
EN_UDPDOLPT_L,0.0929353922440007,Downregulated
EN_UDPGALtg,4.54388009568553,Upregulated
EN_UDPGD,1.12199242966406,Unchanged
EN_UDPGLCAter,4.96922431295698,Upregulated
EN_UDPGLCAtg,6.55447524230656,Upregulated
EN_UDPGLCter,1.06368768911772,Unchanged
EN_UDPGP,6.55449579731975,Upregulated
EN_UDPtl,15.6929670696175,Upregulated
EN_UGALGTg,4.5438800792152,Upregulated
EN_UGALNACtg,7.00702544814959,Upregulated
EN_UGCG,12.5092289925308,Upregulated
EN_UGLCNACtg,5.86172935645654,Upregulated
EN_UGT1A10r,4.49950455363152,Upregulated
EN_UGT1A5r,1.12199239472078,Unchanged
EN_UMPK2,1,Unchanged
EN_UMPK2n,1,Unchanged
EN_UMPK3,1,Unchanged
EN_UMPK3n,1,Unchanged
EN_UMPK4,1,Unchanged
EN_UMPK4n,1,Unchanged
EN_UMPK5,1,Unchanged
EN_UMPK5n,1,Unchanged
EN_UMPK6,1,Unchanged
EN_UMPK6n,1,Unchanged
EN_UMPK7,1,Unchanged
EN_UMPK7n,1,Unchanged
EN_UMPKn,1,Unchanged
EN_URIDK2m,2.27886950905316,Upregulated
EN_URIK1,1,Unchanged
EN_Uritl,6.66611283727851,Upregulated
EN_Uritn,0.00583957041955549,Downregulated
EN_UROLACer,1.32813191273137,Unchanged
EN_UTPtn,1.43053559757613e-07,Downregulated
EN_VALt5m,6.81559703495048e-06,Downregulated
EN_VALTAm,6.81559703495048e-06,Downregulated
EN_VLCS2p,3.13758306792045,Upregulated
EN_VLCS2r,3.48019653291019,Upregulated
EN_XOL7AONEtr,1.14204754086922,Unchanged
EN_XOLEST2te,21767.0780246213,Upregulated
EN_XOLTRIOLtm,5.7332892923056,Upregulated
EN_XSERtg,4.36965045059248,Upregulated
EN_XYLTD_Dr,6.60424718888184,Upregulated
EN_XYLTer,4.36965045059248,Upregulated
EN_XYLtly,4.36965083492823,Upregulated
EN_r0009,17.4579577692187,Upregulated
EN_r0021,1,Unchanged
EN_r0022,6130171.69913905,Upregulated
EN_r0023,9.09716560185826,Upregulated
EN_r0027,0.500002671683653,Unchanged
EN_r0033,6.24491331678689,Upregulated
EN_r0047,2.43372035542202e-06,Downregulated
EN_r0051,4.49687950173669,Upregulated
EN_r0074,337.48757538735,Upregulated
EN_r0081,51.1263418599863,Upregulated
EN_r0083,0.990017447401148,Unchanged
EN_r0084,3.0542741065056,Upregulated
EN_r0085,402.615495616877,Upregulated
EN_r0086,51.7160325160688,Upregulated
EN_r0119,6.5544951027876,Upregulated
EN_r0129,0.983835278479716,Unchanged
EN_r0130,0.983841062660274,Unchanged
EN_r0156,402.615495616877,Upregulated
EN_r0157,51.7160325160688,Upregulated
EN_r0160,9.08756340059635,Upregulated
EN_r0166,4.49687950173669,Upregulated
EN_r0170,0.999999949110686,Unchanged
EN_r0173,1.65352826900357,Unchanged
EN_r0202,53721.5155390732,Upregulated
EN_r0208,8.50653307771256,Upregulated
EN_r0210,196.830729355384,Upregulated
EN_r0224,0.0552591087559878,Downregulated
EN_r0239,7.04084899231144,Upregulated
EN_r0242,2.34286205696056,Upregulated
EN_r0245,77376.7956282688,Upregulated
EN_r0246,79.225331591306,Upregulated
EN_r0276,2.54795071241588e-06,Downregulated
EN_r0287,0.43763707616314,Downregulated
EN_r0301,6.55449397692401,Upregulated
EN_r0308,16.1675792574905,Upregulated
EN_r0310,35.2070775953236,Upregulated
EN_r0311,7.33618735324868,Upregulated
EN_r0321,5.91424383154021,Upregulated
EN_r0340,79.225331591306,Upregulated
EN_r0354,675.929123567592,Upregulated
EN_r0355,676.430095909729,Upregulated
EN_r0357,6875042.00792581,Upregulated
EN_r0358,6875042.41252611,Upregulated
EN_r0365,6.01305124732032,Upregulated
EN_r0377,1,Unchanged
EN_r0381,39.1430385069694,Upregulated
EN_r0388,32.2210964063237,Upregulated
EN_r0389,34.3192672295185,Upregulated
EN_r0391,1184598.44117203,Upregulated
EN_r0393,79.225331591306,Upregulated
EN_r0403,19.0317204362654,Upregulated
EN_r0407,0.867350909787953,Unchanged
EN_r0409,1.95599349166177,Unchanged
EN_r0423,1,Unchanged
EN_r0424,3.0542741065056,Upregulated
EN_r0425,0.99500872369904,Unchanged
EN_r0431,15.9760393906298,Upregulated
EN_r0432,15.9760382500174,Upregulated
EN_r0433,5.85440196902848,Upregulated
EN_r0434,1.00000029820947,Unchanged
EN_r0437,12.6289542396118,Upregulated
EN_r0438,1,Unchanged
EN_r0440,6.83877744130892,Upregulated
EN_r0441,0.828517286706187,Unchanged
EN_r0443,8.80859215925512,Upregulated
EN_r0444,6.36322756168759,Upregulated
EN_r0450,51268.5329205453,Upregulated
EN_r0456,6.66611534541703,Upregulated
EN_r0463,15.1240306725058,Upregulated
EN_r0472,2.39104184268945e-06,Downregulated
EN_r0474,0.00584009801723057,Downregulated
EN_r0480,0.976365671151487,Unchanged
EN_r0488,13.1732682519617,Upregulated
EN_r0502,10.4686114556538,Upregulated
EN_r0510,19.2513338106708,Upregulated
EN_r0511,4.51852593671221,Upregulated
EN_r0522,6.01305227306459,Upregulated
EN_r0523,6.01305227306459,Upregulated
EN_r0525,1.00000087450092,Unchanged
EN_r0527,0.000392667798243592,Downregulated
EN_r0531,1.00000044396626,Unchanged
EN_r0537,7.11266126922576,Upregulated
EN_r0539,7.76629478192454,Upregulated
EN_r0545,1,Unchanged
EN_r0546,6.37915308954868,Upregulated
EN_r0547,1,Unchanged
EN_r0548,6.37915327364084,Upregulated
EN_r0552,1,Unchanged
EN_r0553,1,Unchanged
EN_r0571,1.0000009144614,Unchanged
EN_r0573,5.55423534683789,Upregulated
EN_r0575,0.999999949110686,Unchanged
EN_r0578,6.66611348206231,Upregulated
EN_r0579,6.24491331678689,Upregulated
EN_r0584,2.36225002427361e-06,Downregulated
EN_r0590,6.24491331678689,Upregulated
EN_r0591,7.76629462371931,Upregulated
EN_r0594,2.90863610805416,Upregulated
EN_r0595,7.24189403696138,Upregulated
EN_r0596,6.01305124732032,Upregulated
EN_r0615,1,Unchanged
EN_r0616,1.00000015631903,Unchanged
EN_r0617,1,Unchanged
EN_r0618,1,Unchanged
EN_r0634,0,Downregulated
EN_r0636,1.00000061737034,Unchanged
EN_r0637,8.8085922927817,Upregulated
EN_r0638,25.4119588139388,Upregulated
EN_r0639,225.955746758883,Upregulated
EN_r0641,1,Unchanged
EN_r0642,5.29609792186231e-06,Downregulated
EN_r0643,0.626195987662782,Unchanged
EN_r0647,1,Unchanged
EN_r0650,6.82883135237416,Upregulated
EN_r0651,6.8288299752423,Upregulated
EN_r0653,104.789717166458,Upregulated
EN_r0655,NaN,Unchanged
EN_r0666,4.12272130961806,Upregulated
EN_r0672,1.14204722780255,Unchanged
EN_r0688,3.4350553122131e-05,Downregulated
EN_r0698,2.60141378448497,Upregulated
EN_r0714,104.789620000732,Upregulated
EN_r0715,9.78480377353752,Upregulated
EN_r0716,104.789717166458,Upregulated
EN_r0717,9.78480377353752,Upregulated
EN_r0718,225.955746758883,Upregulated
EN_r0719,9.78480293831084,Upregulated
EN_r0720,225.955623693406,Upregulated
EN_r0721,9.78480293831084,Upregulated
EN_r0722,NaN,Unchanged
EN_r0724,NaN,Unchanged
EN_r0726,0,Downregulated
EN_r0730,50364.1126814106,Upregulated
EN_r0731,50364.1126814106,Upregulated
EN_r0732,50364.1126814106,Upregulated
EN_r0733,0.43763707616314,Downregulated
EN_r0734,0.43763707616314,Downregulated
EN_r0735,25.4027373871484,Upregulated
EN_r0739,17.005879113397,Upregulated
EN_r0741,7.34829583947892,Upregulated
EN_r0743,68.74390225879,Upregulated
EN_r0752,1,Unchanged
EN_r0753,1,Unchanged
EN_r0754,1,Unchanged
EN_r0755,1,Unchanged
EN_r0756,1,Unchanged
EN_r0757,1,Unchanged
EN_r0758,15.733157797341,Upregulated
EN_r0781,0.312939475283849,Downregulated
EN_r0786,7.11266126922576,Upregulated
EN_r0787,6.66611387333825,Upregulated
EN_r0788,0.976365671151487,Unchanged
EN_r0789,0.976365671151487,Unchanged
EN_r0795,7.24189403696138,Upregulated
EN_r0797,2.85312353017692,Upregulated
EN_r0801,4.45499464509957e-06,Downregulated
EN_r0812,1,Unchanged
EN_r0818,2.0760897866742,Upregulated
EN_r0853,4.23034420594778e-06,Downregulated
EN_r0870,9.75251380689924,Upregulated
EN_r0892,4.78992935891722,Upregulated
EN_r0899,42332209.7256764,Upregulated
EN_r0926,79.225331591306,Upregulated
EN_r0954,9.04013232427297,Upregulated
EN_r0970,5.5542352876033,Upregulated
EN_r0973,6.24491331678689,Upregulated
EN_r0983,2004245.6711033,Upregulated
EN_r0984,2004245.6711033,Upregulated
EN_r0989,5.55423534683789,Upregulated
EN_r0994,6.82883135237416,Upregulated
EN_r0995,1,Unchanged
EN_r0997,8.8085922927817,Upregulated
EN_r0998,1.00000029820947,Unchanged
EN_r0999,12.6289542396118,Upregulated
EN_r1000,6.36322756168759,Upregulated
EN_r1002,1,Unchanged
EN_r1003,6.83877744130892,Upregulated
EN_r1005,15.9760382500174,Upregulated
EN_r1006,5.85440196902848,Upregulated
EN_r1007,0.828517286706187,Unchanged
EN_r1008,8.80859215925512,Upregulated
EN_r1011,3.48019653291019,Upregulated
EN_r1012,3.48019653291019,Upregulated
EN_r1018,6.82883135237416,Upregulated
EN_r1019,2.8531200846434,Upregulated
EN_r1050,10038.8186077009,Upregulated
EN_r1078,8.0308978606924,Upregulated
EN_r1116,0.666384747868194,Unchanged
EN_r1117,5.74442554226243,Upregulated
EN_r1134,0.152752259257241,Downregulated
EN_r1135,0.0714073091705607,Downregulated
EN_r1146,0.0714073091705607,Downregulated
EN_r1148,3.05427346941795,Upregulated
EN_r1150,2.12711883016971e-06,Downregulated
EN_r1154,57.117263532072,Upregulated
EN_r1155,4.74765445689085e-06,Downregulated
EN_r1156,0.709399908809317,Unchanged
EN_r1164,11.5810690520712,Upregulated
EN_r1165,6.55449521166663,Upregulated
EN_r1166,6.55449567961558,Upregulated
EN_r1167,200069.94806779,Upregulated
EN_r1168,6.55449570785072,Upregulated
EN_r1169,6.55449472288597,Upregulated
EN_r1170,6.55449462350873,Upregulated
EN_r1171,2.46707671616006,Upregulated
EN_r1172,11.5810690520712,Upregulated
EN_r1174,6.55449521166663,Upregulated
EN_r1175,6.55449567961558,Upregulated
EN_r1177,200069.94806779,Upregulated
EN_r1179,6.55449570785072,Upregulated
EN_r1181,6.55449472288597,Upregulated
EN_r1182,6.55449462350873,Upregulated
EN_r1183,2.46707671616006,Upregulated
EN_r1251,6.55449521166663,Upregulated
EN_r1252,6.20321127851547,Upregulated
EN_r1253,2004244.74148152,Upregulated
EN_r1254,2004471.65007441,Upregulated
EN_r1255,6.5544951263332,Upregulated
EN_r1257,6.55449570785072,Upregulated
EN_r1259,6.06773894959249,Upregulated
EN_r1260,6.55449474719275,Upregulated
EN_r1262,6.55449401889594,Upregulated
EN_r1291,1.04322248491348,Unchanged
EN_r1298,65.0467906845999,Upregulated
EN_r1318,1,Unchanged
EN_r1364,6.06773975066846,Upregulated
EN_r1365,6.06773975066846,Upregulated
EN_r1377,1,Unchanged
EN_r1378,1,Unchanged
EN_r1383,5.01051046648382,Upregulated
EN_r1384,2.54843509676877e-06,Downregulated
EN_r1401,1,Unchanged
EN_r1428,53721.5155390732,Upregulated
EN_r1429,53721.5155390732,Upregulated
EN_r1435,566.211764390304,Upregulated
EN_r1443,9.78480405993311,Upregulated
EN_r1444,9.78480293831084,Upregulated
EN_r1445,9.78480326845307,Upregulated
EN_r1446,27156.5498800134,Upregulated
EN_r1447,7.49252969022575,Upregulated
EN_r1448,50364.1126814106,Upregulated
EN_r1449,225.955623693406,Upregulated
EN_r1450,27752.1128847212,Upregulated
EN_r1451,7.49253018960135,Upregulated
EN_r1454,0.00051850029857307,Downregulated
EN_r1455,0.0900548858739377,Downregulated
EN_r1457,7.11266126922576,Upregulated
EN_r1459,1.52084185902259e-06,Downregulated
EN_r1468,1,Unchanged
EN_r1472,1.22905410897002,Unchanged
EN_r1474,1.22905410897002,Unchanged
EN_r1477,1.22905410897002,Unchanged
EN_r1481,3.70656828421283,Upregulated
EN_r1487,6.36322756168759,Upregulated
EN_r1514,6.66611479119661,Upregulated
EN_r1515,6.6661132871784,Upregulated
EN_r1516,6.66611343325077,Upregulated
EN_r1517,6.666113319576,Upregulated
EN_r1518,6.66611390572323,Upregulated
EN_r1519,6.6661138791179,Upregulated
EN_r1520,6.66611394549779,Upregulated
EN_r1521,6.66611366017257,Upregulated
EN_r1522,6.66611269326261,Upregulated
EN_r1523,7.76190212395828,Upregulated
EN_r1525,6.66611327170024,Upregulated
EN_r1527,6.66611348981403,Upregulated
EN_r1529,6.66611317884094,Upregulated
EN_r1645,1.01854878434625,Unchanged
EN_r1664,62.5198519833784,Upregulated
EN_r2079,1,Unchanged
EN_r2080,1,Unchanged
EN_r2081,1,Unchanged
EN_r2082,1,Unchanged
EN_r2083,1,Unchanged
EN_r2084,1,Unchanged
EN_r2085,1,Unchanged
EN_r2086,1,Unchanged
EN_r2087,1,Unchanged
EN_r2088,1,Unchanged
EN_r2089,1,Unchanged
EN_r2090,1,Unchanged
EN_r2091,1,Unchanged
EN_r2092,1,Unchanged
EN_r2093,1,Unchanged
EN_r2094,1,Unchanged
EN_r2095,1,Unchanged
EN_r2096,1,Unchanged
EN_r2097,1,Unchanged
EN_r2098,1,Unchanged
EN_r2099,1,Unchanged
EN_r2100,1,Unchanged
EN_r2101,1,Unchanged
EN_r2102,1,Unchanged
EN_r2103,1,Unchanged
EN_r2104,1,Unchanged
EN_r2105,1,Unchanged
EN_r2106,1,Unchanged
EN_r2107,1,Unchanged
EN_r2108,1,Unchanged
EN_r2109,1,Unchanged
EN_r2110,1,Unchanged
EN_r2111,1,Unchanged
EN_r2112,1,Unchanged
EN_r2113,1,Unchanged
EN_r2114,1,Unchanged
EN_r2115,1,Unchanged
EN_r2116,1,Unchanged
EN_r2117,1,Unchanged
EN_r2118,1,Unchanged
EN_r2119,1,Unchanged
EN_r2120,1,Unchanged
EN_r2121,1,Unchanged
EN_r2122,1,Unchanged
EN_r2123,1,Unchanged
EN_r2124,1,Unchanged
EN_r2125,1,Unchanged
EN_r2126,1,Unchanged
EN_r2127,1,Unchanged
EN_r2128,1,Unchanged
EN_r2129,1,Unchanged
EN_r2130,1,Unchanged
EN_r2131,1,Unchanged
EN_r2132,1,Unchanged
EN_r2133,1,Unchanged
EN_r2146,1,Unchanged
EN_r2224,1,Unchanged
EN_r2434,1.00000061737034,Unchanged
EN_r2435,0.0148217886705016,Downregulated
EN_r2438,1,Unchanged
EN_r2482,1,Unchanged
EN_r2497,16.1675792574905,Upregulated
EN_r2502,0.490297541333615,Downregulated
EN_r2512,6.36322756168759,Upregulated
EN_r2514,6.36322756168759,Upregulated
EN_r2516,1.65352826900357,Unchanged
EN_r2537,1,Unchanged
EN_r2538,1,Unchanged
EN_RE0383C,1.26221467760267,Unchanged
EN_RE0452M,3.66372103978701,Upregulated
EN_RE0453M,3.66372086566987,Upregulated
EN_RE0453N,1,Unchanged
EN_RE0456N,1.43053570210891e-07,Downregulated
EN_RE0512M,5.29203255301215,Upregulated
EN_RE0512X,0.620976148298055,Unchanged
EN_RE0565C,5.94483894453223,Upregulated
EN_RE0566C,5.94483894453223,Upregulated
EN_RE0567C,5.94483894453223,Upregulated
EN_RE0568C,5.94483894453223,Upregulated
EN_RE0569C,5.94483587926599,Upregulated
EN_RE0570C,5.94483587926599,Upregulated
EN_RE0571C,5.94483587926599,Upregulated
EN_RE0574C,6.94962748151529,Upregulated
EN_RE0575C,6.94962748151529,Upregulated
EN_RE0576C,6.94962748151529,Upregulated
EN_RE0578C,1.19163314031229,Unchanged
EN_RE0579C,7.7123952802221,Upregulated
EN_RE0581C,5.79326305868734,Upregulated
EN_RE0583C,42.2115115326339,Upregulated
EN_RE0830N,1,Unchanged
EN_RE0908C,6.59386780850745,Upregulated
EN_RE0912C,6.59386780850745,Upregulated
EN_RE0916C,6.59386953497381,Upregulated
EN_RE0918C,6.59386953497381,Upregulated
EN_RE1100C,6.59386788082433,Upregulated
EN_RE1135C,6.59386933766395,Upregulated
EN_RE1233C,1,Unchanged
EN_RE1441R,6.66611268050075,Upregulated
EN_RE1447M,6.01305126833881,Upregulated
EN_RE1447N,12762498.1081201,Upregulated
EN_RE1448N,12762498.1081201,Upregulated
EN_RE1448R,6.66611268050075,Upregulated
EN_RE1516M,5.29203255301215,Upregulated
EN_RE1516X,0.620976148298055,Unchanged
EN_RE1517M,5.29203255301215,Upregulated
EN_RE1517X,0.620976148298055,Unchanged
EN_RE1518M,7.78281437413117,Upregulated
EN_RE1518X,0.489935107869262,Downregulated
EN_RE1519X,0.533615026666935,Unchanged
EN_RE1520M,5.29203232459748,Upregulated
EN_RE1520X,0.489935107881028,Downregulated
EN_RE1521M,6.63996993378715,Upregulated
EN_RE1521X,0.489935107881028,Downregulated
EN_RE1522M,5.29203254954397,Upregulated
EN_RE1522X,0.489935107881028,Downregulated
EN_RE1523M,5.29203255301215,Upregulated
EN_RE1523X,0.620976148298055,Unchanged
EN_RE1525M,5.29203254954397,Upregulated
EN_RE1525X,0.489935107881028,Downregulated
EN_RE1526M,6.63996993378715,Upregulated
EN_RE1526X,0.489935107881028,Downregulated
EN_RE1527M,5.29203232459748,Upregulated
EN_RE1527X,0.489935107881028,Downregulated
EN_RE1530M,6.01305171003922,Upregulated
EN_RE1531M,5.29203255301215,Upregulated
EN_RE1531X,0.620976148298055,Unchanged
EN_RE1532M,5.29203254954397,Upregulated
EN_RE1532X,0.489935107881028,Downregulated
EN_RE1533M,6.63996993378715,Upregulated
EN_RE1533X,0.489935107881028,Downregulated
EN_RE1534M,5.29203232459748,Upregulated
EN_RE1534X,0.489935107881028,Downregulated
EN_RE1573M,6.63996993378715,Upregulated
EN_RE1573X,0.489935107881028,Downregulated
EN_RE1709N,1,Unchanged
EN_RE1796R,17.7295530792622,Upregulated
EN_RE1804M,1.000000185681,Unchanged
EN_RE1807M,9.13026751977823,Upregulated
EN_RE1810M,72.9336005256068,Upregulated
EN_RE1834M,0.384122731827165,Downregulated
EN_RE1834X,4.39371623824802,Upregulated
EN_RE1836X,23.949258352874,Upregulated
EN_RE1846C,6.03737790227549,Upregulated
EN_RE1915C,6.66611415974928,Upregulated
EN_RE1916C,6.66611415974928,Upregulated
EN_RE1957R,6.66611179290169,Upregulated
EN_RE2069C,1,Unchanged
EN_RE2112C,8.73834903614682,Upregulated
EN_RE2112R,6.03737790227549,Upregulated
EN_RE2346C,8.90472483292737,Upregulated
EN_RE2349C,1,Unchanged
EN_RE2407C,0.545720347620323,Unchanged
EN_RE2410C,0.385599887256106,Downregulated
EN_RE2624M,2.9157748673254,Upregulated
EN_RE2624X,4.39371598579129,Upregulated
EN_RE2625C,7.34829621584615,Upregulated
EN_RE2625M,6.82004482078888,Upregulated
EN_RE2626C,1,Unchanged
EN_RE2626M,1.00000093128912,Unchanged
EN_RE2635R,6.03737790227549,Upregulated
EN_RE2640C,0.915711984277785,Unchanged
EN_RE2649C,6.5544944336591,Upregulated
EN_RE2649M,6.01305162993015,Upregulated
EN_RE2660N,1,Unchanged
EN_RE2759X,6.25236205674216,Upregulated
EN_RE2814M,72.9336005256068,Upregulated
EN_RE2888C,7.8753893830482,Upregulated
EN_RE2912M,6.55449442298811,Upregulated
EN_RE2954C,1.00000093850794,Unchanged
EN_RE2972M,6.01305126833881,Upregulated
EN_RE2985M,7.10163127786641,Upregulated
EN_RE2985X,5.32202252709175,Upregulated
EN_RE2986X,5.32202252709175,Upregulated
EN_RE2987X,5.32202252709175,Upregulated
EN_RE2988X,5.32202252709175,Upregulated
EN_RE2989X,5.32202252709175,Upregulated
EN_RE2990X,5.32202252709175,Upregulated
EN_RE2991X,5.32202252709175,Upregulated
EN_RE2992M,5.76260894011722,Upregulated
EN_RE2992X,5.32202252709175,Upregulated
EN_RE2993X,5.32202252709175,Upregulated
EN_RE2994X,5.32202252709175,Upregulated
EN_RE2996X,5.32202252709175,Upregulated
EN_RE2997X,5.32202252709175,Upregulated
EN_RE2998M,9.24312667562948,Upregulated
EN_RE2999M,7.77872202425686,Upregulated
EN_RE3000M,7.77872202425686,Upregulated
EN_RE3001M,7.77872202425686,Upregulated
EN_RE3002X,5.32202252709175,Upregulated
EN_RE3003M,7.77872202425686,Upregulated
EN_RE3004M,7.77872202425686,Upregulated
EN_RE3005M,7.77872202425686,Upregulated
EN_RE3006M,7.77872202425686,Upregulated
EN_RE3009C,7.58189079890779,Upregulated
EN_RE3010C,10.0517976286356,Upregulated
EN_RE3010M,1.00000213734705,Unchanged
EN_RE3010X,10.0517976286359,Upregulated
EN_RE3011M,6.65546256170505,Upregulated
EN_RE3012C,6.65546255909669,Upregulated
EN_RE3012M,6.65546256170505,Upregulated
EN_RE3051C,18.2736314580504,Upregulated
EN_RE3074X,6.25236205674216,Upregulated
EN_RE3095C,9.62675411355697,Upregulated
EN_RE3103C,7.98801951856401,Upregulated
EN_RE3104C,7.98801951856401,Upregulated
EN_RE3106C,5.10587601453597,Upregulated
EN_RE3110C,5.10587601453597,Upregulated
EN_RE3112C,5.10587601453597,Upregulated
EN_RE3113C,5.10587601453597,Upregulated
EN_RE3114R,6.067739557681,Upregulated
EN_RE3119C,5.10587608121006,Upregulated
EN_RE3120C,5.10587608121006,Upregulated
EN_RE3121C,5.10587608121006,Upregulated
EN_RE3122C,5.10587608121006,Upregulated
EN_RE3132R,7.33619012423051,Upregulated
EN_RE3136C,0.545720347620323,Unchanged
EN_RE3146R,6.55449471462276,Upregulated
EN_RE3151C,15.2122312964807,Upregulated
EN_RE3152C,15.2122312964807,Upregulated
EN_RE3153C,15.2122312964807,Upregulated
EN_RE3154C,6.32894683363448,Upregulated
EN_RE3160R,6.55449513878961,Upregulated
EN_RE3161C,6.73914294464042,Upregulated
EN_RE3162C,6.73914294464042,Upregulated
EN_RE3163C,6.73914294464042,Upregulated
EN_RE3164C,6.73914294464042,Upregulated
EN_RE3165C,5.66517700624801,Upregulated
EN_RE3166C,5.66517700624801,Upregulated
EN_RE3167C,5.66517700624801,Upregulated
EN_RE3168C,5.66517700624801,Upregulated
EN_RE3169C,5.47115128773343,Upregulated
EN_RE3170C,5.47115128773343,Upregulated
EN_RE3171C,5.47115128773343,Upregulated
EN_RE3172C,5.47115128773343,Upregulated
EN_RE3173C,5.79953723545698,Upregulated
EN_RE3174C,5.80113478961425,Upregulated
EN_RE3175C,5.80113478961425,Upregulated
EN_RE3176C,5.79953723545698,Upregulated
EN_RE3218C,6.59386886479839,Upregulated
EN_RE3224C,3.91600315175839,Upregulated
EN_RE3225C,5.94483878927818,Upregulated
EN_RE3226C,4.75772109823525,Upregulated
EN_RE3227C,3.91600315175839,Upregulated
EN_RE3228C,3.91600315175839,Upregulated
EN_RE3229C,3.91600315175839,Upregulated
EN_RE3230C,5.94483878927818,Upregulated
EN_RE3231C,5.94483878927818,Upregulated
EN_RE3232C,5.94483878927818,Upregulated
EN_RE3234C,4.75772109823525,Upregulated
EN_RE3235C,4.75772109823525,Upregulated
EN_RE3236C,4.75772109823525,Upregulated
EN_RE3238C,1.25045576827242,Unchanged
EN_RE3241C,3.05337081868199,Upregulated
EN_RE3242C,3.05337081868199,Upregulated
EN_RE3243C,3.05337081868199,Upregulated
EN_RE3244C,3.05337081868199,Upregulated
EN_RE3245C,200031.479051578,Upregulated
EN_RE3247M,2.9157748673254,Upregulated
EN_RE3247X,4.39371598579129,Upregulated
EN_RE3251M,7.7787221253751,Upregulated
EN_RE3268R,6.66611179290169,Upregulated
EN_RE3273C,8211072.76132403,Upregulated
EN_RE3307C,6.88461432698228,Upregulated
EN_RE3346C,1,Unchanged
EN_RE3346M,1,Unchanged
EN_RE3411C,8.90472483292737,Upregulated
EN_RE3413C,8.90472483292737,Upregulated
EN_RE3417C,8.90472483292737,Upregulated
EN_RE3420C,8.90472483292737,Upregulated
EN_RE3430C,10.0517976286356,Upregulated
EN_RE3430X,10.0517976286359,Upregulated
EN_RE3431C,1,Unchanged
EN_RE3432C,1,Unchanged
EN_RE3432X,10.0517976286359,Upregulated
EN_RE3470C,7.77872130344263,Upregulated
EN_RE3476C,7.77872223321204,Upregulated
EN_RE3525M,49.0379439431037,Upregulated
EN_RE3526C,7.77872185392008,Upregulated
EN_RE3566C,1,Unchanged
EN_RE3567C,1,Unchanged
EN_RE3597C,45886729.7730567,Upregulated
EN_RE3597M,6.65546256170505,Upregulated
EN_RE3624M,7.77872202425686,Upregulated
EN_RE3626M,5.96819397970942,Upregulated
EN_RE3628M,5.25857087897515,Upregulated
EN_PIt8,9209900.98374653,Upregulated
EN_biomass_reaction,2.85343669535144,Upregulated
EN_2MB2COAc,NaN,Unchanged
EN_3HBCOARc,NaN,Unchanged
EN_ADPACDAc,0,Downregulated
EN_ADPCOACROT,0,Downregulated
EN_BCRNe,NaN,Unchanged
EN_C100CPT1,NaN,Unchanged
EN_sink_c101coa[c],NaN,Unchanged
EN_C101CPT1,NaN,Unchanged
EN_C101CRNe,NaN,Unchanged
EN_C102CPT1,NaN,Unchanged
EN_C10CRNe,NaN,Unchanged
EN_C10DCCACT,0.0917516009712373,Downregulated
EN_C10DCc,0.0917516009712373,Downregulated
EN_C10OHc,NaN,Unchanged
EN_C120CPT1,NaN,Unchanged
EN_C121CPT1,NaN,Unchanged
EN_C12DCACOT,6.37669039291717,Upregulated
EN_C12DCACT,6.37669039291717,Upregulated
EN_C12DCTD,6.37669039291717,Upregulated
EN_C12OHc,NaN,Unchanged
EN_C140CPT1,1,Unchanged
EN_C141ACBP,NaN,Unchanged
EN_C141CPT1,NaN,Unchanged
EN_C141OHc,NaN,Unchanged
EN_C141OHe,NaN,Unchanged
EN_C142ACBP,NaN,Unchanged
EN_C142CPT1,NaN,Unchanged
EN_C142OHc,NaN,Unchanged
EN_C142OHe,NaN,Unchanged
EN_C14OHc,NaN,Unchanged
EN_C161OHc,NaN,Unchanged
EN_C162ACBP,NaN,Unchanged
EN_C162OHc,NaN,Unchanged
EN_C162OHe,NaN,Unchanged
EN_C16OHc,NaN,Unchanged
EN_C181OHc,NaN,Unchanged
EN_C182OHc,NaN,Unchanged
EN_C18OHc,NaN,Unchanged
EN_C30CPT1,5.46986053464579e-07,Downregulated
EN_C3DCe,NaN,Unchanged
EN_C40CPT1,1,Unchanged
EN_C4CRNCPT2,1,Unchanged
EN_C4DCCACT,6.82999171521185,Upregulated
EN_C4OHc,NaN,Unchanged
EN_C4tcx,1277.29400133732,Upregulated
EN_C4x,1277.29400133732,Upregulated
EN_C50CPT1,NaN,Unchanged
EN_C51CPT1,NaN,Unchanged
EN_C60CPT1,1,Unchanged
EN_C6COAt,1,Unchanged
EN_C6CRNtcx,1,Unchanged
EN_C6DCCACT,0,Downregulated
EN_C6DCc,0,Downregulated
EN_C80CPT1,1.00000061736804,Unchanged
EN_sink_c81coa[c],NaN,Unchanged
EN_C81CPT1,NaN,Unchanged
EN_C81CRNe,NaN,Unchanged
EN_C8DCc,7.64940452869415,Upregulated
EN_C9BRxtc,0.999157560204217,Unchanged
EN_DCATDc,6.66611364796501,Upregulated
EN_sink_dd2coa[c],NaN,Unchanged
EN_DDCRNe,NaN,Unchanged
EN_DDECCRNe,NaN,Unchanged
EN_DDECE1CRNe,NaN,Unchanged
EN_DECCRNe,NaN,Unchanged
EN_sink_decdicoa[c],NaN,Unchanged
EN_DECDICRNe,NaN,Unchanged
EN_DOCO13EFATP,0,Downregulated
EN_DOCOSACTDe,1.73755898727634,Unchanged
EN_DOCOSACTDr,1.19163348950632,Unchanged
EN_FAOXC101C102m,5.29203161613917,Upregulated
EN_FAOXC101C102x,6.93215947025792,Upregulated
EN_FAOXC101C8x,2.22154544032867,Upregulated
EN_FAOXC101x,0.489934574050645,Downregulated
EN_FAOXC102C101x,2.66423132363026e-06,Downregulated
EN_FAOXC102C103m,4.4591215729193,Upregulated
EN_FAOXC102C103x,21.7132564286333,Upregulated
EN_FAOXC102C81m,4.4591215729193,Upregulated
EN_FAOXC102C81x,21.7132564286333,Upregulated
EN_FAOXC102m,4.4591215729193,Upregulated
EN_FAOXC102x,21.7132564286333,Upregulated
EN_FAOXC103C102m,4.4591215729193,Upregulated
EN_FAOXC103C102x,21.7132564286333,Upregulated
EN_FAOXC10DCC8DCx,7.42020686370384,Upregulated
EN_FAOXC121C10x,9.78480349826784,Upregulated
EN_FAOXC121x,4.75772109823525,Upregulated
EN_FAOXC122C101m,6.89578239867666,Upregulated
EN_FAOXC122m,6.89578239867666,Upregulated
EN_FAOXC122x,6.61547185119138,Upregulated
EN_FAOXC123C102m,4.4591215729193,Upregulated
EN_FAOXC123C102x,21.7132564286333,Upregulated
EN_FAOXC123m,4.4591215729193,Upregulated
EN_FAOXC123x,21.7132564286333,Upregulated
EN_FAOXC12DCC10DCx,7.41551793493586,Upregulated
EN_FAOXC12DCTc,6.37669039291717,Upregulated
EN_FAOXC12DCc,6.37669039291717,Upregulated
EN_FAOXC12DCx,6.37669039291717,Upregulated
EN_FAOXC141C141OHm,NaN,Unchanged
EN_FAOXC142C122m,6.89578239867666,Upregulated
EN_FAOXC142C122x,6.61547185119138,Upregulated
EN_FAOXC142C142OHm,NaN,Unchanged
EN_FAOXC143C123m,4.4591215729193,Upregulated
EN_FAOXC143C123x,21.7132564286333,Upregulated
EN_FAOXC14DCC12DCx,7.41551793493586,Upregulated
EN_FAOXC161C141m,NaN,Unchanged
EN_FAOXC161C161OHm,NaN,Unchanged
EN_FAOXC162C162OHm,NaN,Unchanged
EN_FAOXC163C142x,6.61547185119138,Upregulated
EN_FAOXC163C164Gm,6.89578239867666,Upregulated
EN_FAOXC163C164x,6.61547185119138,Upregulated
EN_FAOXC163GC142m,6.89578239867666,Upregulated
EN_FAOXC163Gm,6.89578239867666,Upregulated
EN_FAOXC163x,6.61547185119138,Upregulated
EN_FAOXC164C143m,4.4591215729193,Upregulated
EN_FAOXC164C143x,21.7132564286333,Upregulated
EN_FAOXC164C163x,6.61547185119138,Upregulated
EN_FAOXC164C165m,4.4591215729193,Upregulated
EN_FAOXC164C165x,21.7132564286333,Upregulated
EN_FAOXC164GC163m,6.89578239867666,Upregulated
EN_FAOXC164m,4.4591215729193,Upregulated
EN_FAOXC164x,21.7132564286333,Upregulated
EN_FAOXC165C164m,4.4591215729193,Upregulated
EN_FAOXC165C164x,21.7132564286333,Upregulated
EN_FAOXC16C16OHm,NaN,Unchanged
EN_FAOXC16DCC14DCx,7.41551793493586,Upregulated
EN_FAOXC16DCr,7.41551793493586,Upregulated
EN_FAOXC181C161m,17.5037761618309,Upregulated
EN_FAOXC181C181OHm,NaN,Unchanged
EN_FAOXC182C182OHm,NaN,Unchanged
EN_FAOXC184C163m,6.89578239867666,Upregulated
EN_FAOXC184C163x,6.61547185119138,Upregulated
EN_FAOXC184C164x,21.7132564286333,Upregulated
EN_FAOXC184m,6.89578239867666,Upregulated
EN_FAOXC184x,6.61547185119138,Upregulated
EN_FAOXC185C164m,4.4591215729193,Upregulated
EN_FAOXC185m,4.4591215729193,Upregulated
EN_FAOXC18C18OHm,NaN,Unchanged
EN_FAOXC204C184m,6.89578239867666,Upregulated
EN_FAOXC204C205x,6.61547185119138,Upregulated
EN_FAOXC205C184x,6.61547185119138,Upregulated
EN_FAOXC205C185m,4.4591215729193,Upregulated
EN_FAOXC225C204m,6.89578239867666,Upregulated
EN_FAOXC225C204x,6.61547185119138,Upregulated
EN_FAOXC225C226m,6.89578239867666,Upregulated
EN_FAOXC225C226x,6.61547185119138,Upregulated
EN_FAOXC225m,6.89578239867666,Upregulated
EN_FAOXC225x,6.61547185119138,Upregulated
EN_FAOXC226C205m,4.4591215729193,Upregulated
EN_FAOXC226C225m,6.89578239867666,Upregulated
EN_FAOXC226C225x,6.61547185119138,Upregulated
EN_FAOXC226C227m,4.4591215729193,Upregulated
EN_FAOXC226m,4.4591215729193,Upregulated
EN_FAOXC227C226m,4.4591215729193,Upregulated
EN_FAOXC3DC,NaN,Unchanged
EN_FAOXC4C4DCc,6.82999171521185,Upregulated
EN_FAOXC5C5OHm,NaN,Unchanged
EN_FAOXC5OHc,NaN,Unchanged
EN_FAOXC61C4m,0.437637076167873,Downregulated
EN_FAOXC61C4x,2057.21681412816,Upregulated
EN_FAOXC61m,4.4591215729193,Upregulated
EN_FAOXC61x,21.7132564286333,Upregulated
EN_FAOXC81C61m,4.4591215729193,Upregulated
EN_FAOXC81C61x,21.7132564286333,Upregulated
EN_FAOXOHC16C16DCc,7.41551793493586,Upregulated
EN_FAOXTC101TC102m,7.03976543141752,Upregulated
EN_FAOXTC102C101m,7.03976543141752,Upregulated
EN_FAOXTC122TC101m,7.03976543141752,Upregulated
EN_FAOXTC122m,7.03976543141752,Upregulated
EN_FAOXTC142TC122m,7.03976543141752,Upregulated
EN_FAOXTC162TC142m,7.03976546853696,Upregulated
EN_FAOXTC182TC162m,7.03976547687652,Upregulated
EN_FOAXC122C101x,6.61547185119138,Upregulated
EN_HDCACBP,NaN,Unchanged
EN_HDDACBP,NaN,Unchanged
EN_HDECAACBP,NaN,Unchanged
EN_HDECEACBP,NaN,Unchanged
EN_HEDCECRNe,NaN,Unchanged
EN_HEXCOAACBP,1557.06302415983,Upregulated
EN_HEXDCRNe,NaN,Unchanged
EN_HEXDIACtr,7.41551793493586,Upregulated
EN_HEXDICOAACBPx,7.41551793493586,Upregulated
EN_HIVCACBP,NaN,Unchanged
EN_HIVCRNe,NaN,Unchanged
EN_HOCDACBP,NaN,Unchanged
EN_HOCTDACBP,NaN,Unchanged
EN_HOCTDEC2CRNe,NaN,Unchanged
EN_HOCTDECCRNe,NaN,Unchanged
EN_HTDCACBP,NaN,Unchanged
EN_HTDCRNe,NaN,Unchanged
EN_IVCOAACBP,NaN,Unchanged
EN_IVCRNe,NaN,Unchanged
EN_OCD11COACPT1,17.5037761443,Upregulated
EN_OCD11CRNCACT,17.5037761443,Upregulated
EN_OCD11CRNCPT2,17.5037761443,Upregulated
EN_OCT11EFATP,8.10189430577118,Upregulated
EN_OCTDEC2ACBP,NaN,Unchanged
EN_OCTDECCACT,NaN,Unchanged
EN_OCTDECCPT1,NaN,Unchanged
EN_OCTDECCPT2,NaN,Unchanged
EN_OCTDECE1CRNe,NaN,Unchanged
EN_sink_octdececoa[c],NaN,Unchanged
EN_SCP21cx,6.66611359765018,Upregulated
EN_SEBACACT,0,Downregulated
EN_SEBCOACROT,0.0917516009712373,Downregulated
EN_SUBERCACT,7.64940452869415,Upregulated
EN_SUBERCROT,7.64940452869415,Upregulated
EN_SUCCCROT,6.82999171521185,Upregulated
EN_SUCCOAPET,6.82999171521185,Upregulated
EN_sink_tetdec2coa[c],NaN,Unchanged
EN_TETDEC2CRNe,NaN,Unchanged
EN_sink_tetdece1coa[c],NaN,Unchanged
EN_TETDECE1CRNe,NaN,Unchanged
EN_TIGCRNe,NaN,Unchanged
EN_LINOFATPtc,6.7913835791111,Upregulated
EN_OCDEAFABP1tc,198346.474285107,Upregulated
EN_OLEICFATPtc,6.55449617622142,Upregulated
EN_PALFATPtc,6.53942533337209,Upregulated
EN_PCHOLHSTDe,75207.3002901284,Upregulated
EN_PEHSFABPe,1.02796961840188e-06,Downregulated
EN_PROGLYPRO1c,2.67168370277204e-06,Downregulated
EN_VITEtl,6.66611233511513,Upregulated
EN_4HPROLTASCT1,9.36528848800321,Upregulated
EN_CHOLESTle,2.47501565585853,Upregulated
EN_DM_taur[c],39.143037827813,Upregulated
EN_DM_pmtcoa[r],520937.404430591,Upregulated
EN_DPMVDc,0.757859442169576,Unchanged
EN_DTMPKm,3.64874268931749,Upregulated
EN_FADDPle,9.75251380689924,Upregulated
EN_FADH2ETC,98428.9959304465,Upregulated
EN_FE2DMT1,2.86760791184722,Upregulated
EN_FE3MTP1,2.86760791184722,Upregulated
EN_FMNALKPle,9.75251429091889,Upregulated
EN_FRDPtcr,8.13180918686055e-07,Downregulated
EN_G6PDH2c,13460148.2335093,Upregulated
EN_GNDc,2827816.43707316,Upregulated
EN_IPDDI,0.898629743948391,Unchanged
EN_MAL_Ltx,1.65352826900271,Unchanged
EN_MDHx,1.65352826900271,Unchanged
EN_MEVK1c,0.757859442169576,Unchanged
EN_NADtm,0.643348722729341,Unchanged
EN_P5CR,5.78418230566058e-06,Downregulated
EN_PGLc,2827815.25099656,Upregulated
EN_PMEVKc,0.757859442169576,Unchanged
EN_PPItm,32.2024238038054,Upregulated
EN_Q10H2e,7.97349996213412,Upregulated
EN_RPEc,4063013.6606914,Upregulated
EN_RTOTAL2FATPc,3.2772475223719,Upregulated
EN_RTOTALFATPc,4.78318846086105,Upregulated
EN_sink_5hpet[c],2.13734720021819e-06,Downregulated
EN_q10h2tc,7.97349996213412,Upregulated
EN_4HPRO_LTte,9.36528848800321,Upregulated
EN_5MTAte,14.2732212765072,Upregulated
EN_AHCYSte,30.9475428614986,Upregulated
EN_AICARte,6.94624171294969,Upregulated
EN_DM_anth,7.04084853588477,Upregulated
EN_IDOURte,4.77597526211164,Upregulated
EN_BALAPAT1tc2,0.0291153121462497,Downregulated
EN_GLCURtr,881.38228210861,Upregulated
EN_L2AADPtr,2.90863635533501,Upregulated
EN_ARACHDFATPtc,9.63980538104809,Upregulated
EN_LGNCFATPtc,6.55449497033659,Upregulated
EN_NACSMCTte,1184598.44119428,Upregulated
EN_PSHSABCtc,6.6661138930198,Upregulated
EN_GALt4,1,Unchanged
EN_GLCt4,1,Unchanged
EN_MANt4,1,Unchanged
EN_RIBFLVte,11.2930011358764,Upregulated
EN_CHSTEROLt,6.66611353576645,Upregulated
EN_AVITE1t,6.66611233511513,Upregulated
EN_r0295,347.048002703077,Upregulated
EN_ACRNte,1,Unchanged
EN_PCRNte,1,Unchanged
EN_LNELDCCRNte,1,Unchanged
EN_ODECRNte,1,Unchanged
EN_STCRNte,1,Unchanged
EN_PMTCRNte,1,Unchanged
EN_HDCECRNte,1,Unchanged
EN_biomass_maintenance,6.50338105847037,Upregulated
EN_biomass_maintenance_noTrTr,6.51898736217009,Upregulated
EN_DESAT14_9,3.6228848943702,Upregulated
EN_LCAT10e,6.69596342943081,Upregulated
EN_LCAT11e,6.69596268609283,Upregulated
EN_LCAT15e,6.69596372596949,Upregulated
EN_LCAT23e,65.0467906845999,Upregulated
EN_LCAT34e,6.69596289269751,Upregulated
EN_LCAT50e,6.69596359941492,Upregulated
EN_LCAT7e,6.69596313515131,Upregulated
EN_XOLEST183CEH,65.0467906845999,Upregulated
EN_PCHOLMYR_HSPLA2,3.43600148417725,Upregulated
EN_PCHOLOLE_HSPLA2,3.4360015349306,Upregulated
EN_PCHOLSTE_HSPLA2,3.43600126368623,Upregulated
EN_PCHOLN204_HSPLA2,3.43600143762034,Upregulated
EN_PCHOLN24_HSPLA2,3.43600156240841,Upregulated
EN_PCHOLHEP_HSPLA2,3.43600183133587,Upregulated
EN_4AABUTNt,18.3224402790487,Upregulated
EN_AMETt,9.19235916393859,Upregulated
EN_C14768td,10.3390709071845,Upregulated
EN_C14769td1,10.3390511743427,Upregulated
EN_C14770ATP,8.44266194262743,Upregulated
EN_C14771ATP,8.44266145284472,Upregulated
EN_C14826td,8.73834828456839,Upregulated
EN_CE2445t,6.88461432698228,Upregulated
EN_CE2537ATP,6.66611365182131,Upregulated
EN_GALTt,0.193523115166106,Downregulated
EN_HC02149td,1,Unchanged
EN_HXCOAtx,1,Unchanged
EN_IND3ACt,23.6801954257792,Upregulated
EN_LEUKTRB4WOHt,7.3278240462567,Upregulated
EN_GLYNATm,6.3791536693218,Upregulated
EN_PHEACGLYsec,6.3791536693218,Upregulated
EN_1MNCAMt,6.00521578938205,Upregulated
EN_GLYPROt,1,Unchanged
EN_PROGLyt,1,Unchanged
EN_DHBPTt,8.41234055833289,Upregulated
EN_TRPGLYLEUt,1,Unchanged
EN_TRPGLYLEUr,1,Unchanged
EN_HOMOVALte,5.64191203807385,Upregulated
EN_GLYCLTtm,19.9636431529866,Upregulated
EN_XOLEST183te,65.0467906845999,Upregulated
EN_ACRNtr,1,Unchanged
EN_HDCECRNtr,1,Unchanged
EN_LNELDCCRNtr,1,Unchanged
EN_ODECRNtr,1,Unchanged
EN_PMTCRNtr,1,Unchanged
EN_STCRNtr,1,Unchanged
EN_XOLEST183tl,65.0467906845999,Upregulated
EN_PHEACGLYtm,6.3791536693218,Upregulated
EN_TTDCEAc,3.6228848943702,Upregulated
EN_PACCOALm,6.3791536693218,Upregulated
EN_PACALDtm,6.37915363629521,Upregulated
EN_MALOAtm,1.12552781466146,Unchanged
EN_2MOPtm,5.29609792186231e-06,Downregulated
EN_MMALtm,5.29609792186231e-06,Downregulated
EN_PGPP_hsc,1214.65734795075,Upregulated
EN_r2514m,6.55449442298811,Upregulated
EN_ACNAMt2,6.24816363405452,Upregulated
EN_DM_for[c],8.44203186833141,Upregulated
EN_UGT1A10c,4.49950455363152,Upregulated
EN_UNK3r,9.24764018102262,Upregulated
EN_ACGALtr,16.9332452178453,Upregulated
EN_DM_C02712[c],0.915712930486892,Unchanged
EN_PGLYCtm,1214.65734795075,Upregulated
EN_sink_C02528[c],6.82882965428184,Upregulated
EN_sink_Tyr_ggn[c],0.246795149757612,Downregulated
EN_sink_btn[c],1,Unchanged
EN_sink_c226coa[c],4.5681901935497,Upregulated
EN_sink_cholate[c],2.12710136402984,Upregulated
EN_sink_coa[c],36294.3993012909,Upregulated
EN_sink_dgchol[c],8.12213309020149,Upregulated
EN_sink_doco13ecoa[c],0.196501305350529,Downregulated
EN_sink_fad[c],9.75251469316054,Upregulated
EN_sink_gchola[c],1.62037399431405e-07,Downregulated
EN_sink_glygn2[c],0.246795149757612,Downregulated
EN_sink_hdca[c],1,Unchanged
EN_sink_lnlc[c],1.00000234621238,Unchanged
EN_sink_lnlccoa[c],2.76374944340091,Upregulated
EN_sink_lnlncacoa[c],3.03715259242785,Upregulated
EN_sink_lnlncgcoa[c],5.4118223313388,Upregulated
EN_sink_nad[c],212161.858871168,Upregulated
EN_sink_nadp[c],628126.378423814,Upregulated
EN_sink_pmtcoa[c],520937.361555286,Upregulated
EN_sink_pydam[c],1,Unchanged
EN_sink_pydx[c],21.6555258777114,Upregulated
EN_sink_pydxn[c],1,Unchanged
EN_sink_retinol[c],1,Unchanged
EN_sink_tag_hs[c],7.60287570086495,Upregulated
EN_sink_tmndnccoa[c],284911.053303312,Upregulated
EN_sink_dhcholestanate[c],17.0058784367264,Upregulated
EN_sink_thcholstoic[c],5.60146050318983,Upregulated
EN_sink_xol7ah3[c],21471.428160391,Upregulated
EN_sink_xol7aone[c],1.90341222811739,Unchanged
EN_sink_xoldiolone[c],7.34829558493998,Upregulated
EN_sink_dchac[c],8.73835022677421,Upregulated
EN_ACACT1r,3.8517948992554,Upregulated
EN_ACACt2,1,Unchanged
EN_ACONT,4643014.51860815,Upregulated
EN_ACS,6.37669048017367,Upregulated
EN_ADK1,0.660332416265871,Unchanged
EN_ADPT,7.89401900798554e-07,Downregulated
EN_ADSS,9.53835365061588,Upregulated
EN_BPNT,6.90344198102779,Upregulated
EN_BUTt2r,1,Unchanged
EN_CBPS,8.0689415118082,Upregulated
EN_CO2t,3232645.12266011,Upregulated
EN_CPPPGO,19.8247915252945,Upregulated
EN_CYSTS,11.7255861190467,Upregulated
EN_DGK1,2.3910432217937e-06,Downregulated
EN_DHORTS,4.9223657307097,Upregulated
EN_DMATT,4.10952889929983e-07,Downregulated
EN_DM_atp_c_,6.66611366573224,Upregulated
EN_DTMPK,13.4613426685269,Upregulated
EN_DURIPP,2.12672071247482e-06,Downregulated
EN_ENO,6.96144228598207,Upregulated
EN_FBA,0.867351034605975,Unchanged
EN_FBA2,6875042.07267909,Upregulated
EN_FERO,2.86760788364056,Upregulated
EN_FT,1,Unchanged
EN_FUM,4643014.48966564,Upregulated
EN_GAPD,9.26165563448085,Upregulated
EN_GF6PTA,16.9332496583171,Upregulated
EN_GK1,2.39152619302639e-06,Downregulated
EN_GLYLEUHYDROc,1,Unchanged
EN_GLYPROPRO1c,1,Unchanged
EN_GMPS2,8.1560926860003,Upregulated
EN_GRTT,4.10952889929983e-07,Downregulated
EN_GTPCI,11.6472890808978,Upregulated
EN_GUAPRT,7.89401880867565e-07,Downregulated
EN_H2CO3D,27225059.7325001,Upregulated
EN_HEX1,675.929333939334,Upregulated
EN_HMBS,18.2736455034334,Upregulated
EN_ILETA,4.74765405430297e-06,Downregulated
EN_IMPD,1.75854895265469e-06,Downregulated
EN_LEUTA,4.74765465393523e-06,Downregulated
EN_L_LACt2r,1,Unchanged
EN_MAN1PT2,9.62066890902632,Upregulated
EN_MAN6PI,14.41742955672,Upregulated
EN_MTHFC,2532747.32412596,Upregulated
EN_NAt3_1,1,Unchanged
EN_NDPK1,1,Unchanged
EN_NDPK2,1,Unchanged
EN_NDPK3,1,Unchanged
EN_NDPK4,0.500000510833775,Unchanged
EN_NDPK5,1,Unchanged
EN_NDPK6,0.70651037354886,Unchanged
EN_NDPK7,1,Unchanged
EN_NDPK8,1,Unchanged
EN_NDPK9,1,Unchanged
EN_NNATr,6.55449515956452,Upregulated
EN_NNDPR,7.14547080097609,Upregulated
EN_NTD1,6.66611482601525,Upregulated
EN_PGI,0.56489556417304,Unchanged
EN_PGK,6.6661144566059,Upregulated
EN_PGL,2827816.372693,Upregulated
EN_PGM,24.5712674127797,Upregulated
EN_PMANM,9.62066873371437,Upregulated
EN_PNTK,8.26657356526444,Upregulated
EN_PPA,7.90570752089711,Upregulated
EN_PPBNGS,18.2786485801593,Upregulated
EN_PPCDC,8.26657379087495,Upregulated
EN_PPM,1354322.49816119,Upregulated
EN_PPNCL3,8.26657385373834,Upregulated
EN_PRPPS,14.406192237194,Upregulated
EN_PSERT,24.5712737875655,Upregulated
EN_PSP_L,24.5712737875655,Upregulated
EN_PUNP1,2.65431811239404e-06,Downregulated
EN_PUNP2,2.12672076106013e-06,Downregulated
EN_PUNP3,2.54795112328304e-06,Downregulated
EN_PUNP4,2.39104192862438e-06,Downregulated
EN_PUNP5,1.75854888487215e-06,Downregulated
EN_PUNP7,15.1679044037859,Upregulated
EN_RBFK,6.66611359571601,Upregulated
EN_RNDR1,2.1267207586486e-06,Downregulated
EN_RPI,24.0688461373811,Upregulated
EN_SPMS,13.3139869501568,Upregulated
EN_SPODM,0.85122307197783,Unchanged
EN_TALA,0.867350808000439,Unchanged
EN_TKT1,48.1467300792889,Upregulated
EN_TKT2,48.1467270044969,Upregulated
EN_TMDK1,6.6661130290496,Upregulated
EN_TPI,4445.3443308176,Upregulated
EN_UAG4E,16.4314161697801,Upregulated
EN_UAGDP,16.9332484402673,Upregulated
EN_UDPG4E,0.64890262965475,Unchanged
EN_UMPK,1,Unchanged
EN_UPP3S,19.8247915252945,Upregulated
EN_UPPDC1,19.8247915252945,Upregulated
EN_UREAt,17993898.8142913,Upregulated
EN_URIDK3,0.00583956697565797,Downregulated
EN_VALTA,4.74765421432042e-06,Downregulated
EN_r0082,3.86102797053579e-06,Downregulated
EN_r0345,2.12672076106013e-06,Downregulated
EN_r0422,3.86102797053579e-06,Downregulated
EN_r0570,3.64328090221294,Upregulated
EN_r0671,8.26657390762117,Upregulated
EN_NTD2,6.6661137473278,Upregulated
EN_NTD4,6.66611333652052,Upregulated
EN_NTD5,6.66611378047655,Upregulated
EN_NTD6,2.12672076106013e-06,Downregulated
EN_NTD7,2.12672155623628e-06,Downregulated
EN_NTD8,1.75854859690371e-06,Downregulated
EN_NTD9,1.75854886382433e-06,Downregulated
EN_NTD10,1.75854929806994e-06,Downregulated
EN_NTD11,1.75854937842187e-06,Downregulated
EN_NADS2,2.93321118113789,Upregulated
EN_ADPRDP,9.94670797135896,Upregulated
EN_ALCD1,5.45268386985206,Upregulated
EN_ADNK1,6.66611355800035,Upregulated
EN_GCALDD,6.60424671084722,Upregulated
EN_ABUTD,13.2613734149644,Upregulated
EN_ACYP,6.66611396423692,Upregulated
EN_AICART,6.94624159850836,Upregulated
EN_ALDD2x,2.40443538109549,Upregulated
EN_AMANK,6.66611273386203,Upregulated
EN_CYTK1,1,Unchanged
EN_CYTK2,1,Unchanged
EN_GALK,3.41005353520505,Upregulated
EN_GALT,3.41005377894948,Upregulated
EN_GLUPRT,4.12272130961806,Upregulated
EN_GLXO1,19.8508828733048,Upregulated
EN_GLYK,77376.7709141472,Upregulated
EN_GLYOX,NaN,Unchanged
EN_GND,2827816.45075868,Upregulated
EN_HEX7,6875042.04812403,Upregulated
EN_HXPRT,7.89401897190358e-07,Downregulated
EN_IMACTD,23.6801949534957,Upregulated
EN_IMPC,6.94624159850836,Upregulated
EN_LCADi,NaN,Unchanged
EN_LDH_L,1.51613670839134,Unchanged
EN_LGTHL,1,Unchanged
EN_MDH,1.44089619236815,Unchanged
EN_MI1PP,7333190.55700497,Upregulated
EN_MI3PP,49618778.125604,Upregulated
EN_NT5C,6.66611341194964,Upregulated
EN_NTD3,6.66611424478746,Upregulated
EN_NTD5_a,1695.53173702833,Upregulated
EN_ORNDC,18.3224435470217,Upregulated
EN_PFK,0.86735103460434,Unchanged
EN_PHETA1,0.0901187935294482,Downregulated
EN_PRFGS,4.12272130961806,Upregulated
EN_PYDAMK,5.91688697008946,Upregulated
EN_PYDXNK,3.53545564822684,Upregulated
EN_PYK,1,Unchanged
EN_THRD_L,35.2778030841353,Upregulated
EN_TMDS,0.0552591087559878,Downregulated
EN_r0392,11.8316647074083,Upregulated
EN_PYRt2r,1,Unchanged
EN_ACGAM2E,6.06332530455479,Upregulated
EN_DCMPDA,1.00583775325791,Unchanged
EN_ACALDt,2.40443050425834,Upregulated
EN_AACOAT,6.85850568825301,Upregulated
EN_GLNt4,1,Unchanged
EN_MTRI,9.24764018102262,Upregulated
EN_NADN,9.94670797135896,Upregulated
EN_MTHFD2,5065308.0429934,Upregulated
EN_AHC,11.7255866811974,Upregulated
EN_PHPYRte,24.805056897235,Upregulated
EN_PHPYRtm,0.0900548858739377,Downregulated
EN_2M3OVCOAm,562.433753224635,Upregulated
EN_2M3OVACm,562.433753224635,Upregulated
EN_2M3OVACtm,562.433753224635,Upregulated
EN_2M3HVACc,562.433753224635,Upregulated
EN_2M3HVACte,562.433753224635,Upregulated
EN_MVLACc,12.7331250800885,Upregulated
EN_MVLACte,12.7331250800885,Upregulated
EN_3HADICOAx,0,Downregulated
EN_3HADPACx,0,Downregulated
EN_3HADPACtxc,0,Downregulated
EN_3HADPACte,0,Downregulated
EN_3OHSEBCOAx,7.53228675824704,Upregulated
EN_3OHSEBACx,7.53228675824704,Upregulated
EN_3OHSEBACtxc,7.53228675824704,Upregulated
EN_3OHSEBACte,7.53228675824704,Upregulated
EN_3OHSUBCOAx,7.69440289529427,Upregulated
EN_3OHSUBACx,7.69440289529427,Upregulated
EN_3OHSUBACtxc,7.69440289529427,Upregulated
EN_3OHSUBACte,7.69440289529427,Upregulated
EN_HEXGLYc,6.23227406502268,Upregulated
EN_HEXGLYte,6.23227406502268,Upregulated
EN_SUBGLYc,7.64940452869415,Upregulated
EN_SUBGLYte,7.64940452869415,Upregulated
EN_AK2LGCHOLABCt,6.66611374566514,Upregulated
EN_CE2510ABCt,0,Downregulated
EN_CE2537ABCt,6.66611365182131,Upregulated
EN_NRVNCABCt,6.66611378627785,Upregulated
EN_PAFABCt,5.89746712278932,Upregulated
EN_PCHLN225_HSABCt,6.66611422444203,Upregulated
EN_PCHOL2LINL_HSABCt,6.66611422444203,Upregulated
EN_PCHOL2OLE_HSABCt,6.66611422444203,Upregulated
EN_PCHOL2STE_HSABCt,6.66611422444203,Upregulated
EN_PCHOLAR_HSABCt,6.66611422444203,Upregulated
EN_PCHOLDOC_HSABCt,6.66611422444203,Upregulated
EN_PCHOLEIC_HSABCt,6.66611422444203,Upregulated
EN_PCHOLET_HSABCt,6.66611422444203,Upregulated
EN_PCHOLHEP_HSABCt,3.43600183133587,Upregulated
EN_PCHOLLINL_HSABCt,6.66611388687622,Upregulated
EN_PCHOLMYR_HsABCt,3.43600148417725,Upregulated
EN_PCHOLN15_HSABCt,6.66611390138068,Upregulated
EN_PCHOLN183_HSABCt,6.66611390138068,Upregulated
EN_PCHOLN1836_HSABCt,6.66611390138068,Upregulated
EN_PCHOLN19_HSABCt,6.66611390138068,Upregulated
EN_PCHOLN201_HSABCt,6.66611390138068,Upregulated
EN_PCHOLN203_HSABCt,6.66611390138068,Upregulated
EN_PCHOLN204_HSABCt,3.43600143762034,Upregulated
EN_PCHOLN205_HSABCt,6.66611348450078,Upregulated
EN_PCHOLN224_HSABCt,6.66611348450078,Upregulated
EN_PCHOLN225_HSABCt,6.66611348450078,Upregulated
EN_PCHOLN2254_HSABCt,6.66611348450078,Upregulated
EN_PCHOLN264_HSABCt,3.43600156240841,Upregulated
EN_PCHOLOLE_HSABCt,3.4360015349306,Upregulated
EN_PCHOLPALME-HSABCt,6.66611333929606,Upregulated
EN_PCHOLSTE_HSABCt,3.43600126368623,Upregulated
EN_PE12_HSABCt,6.66611381818861,Upregulated
EN_Pe13_HSABCt,6.66611381818861,Upregulated
EN_PE14_HSABCt,6.66611381818861,Upregulated
EN_PE15_HSABCt,6.66611381818861,Upregulated
EN_PE161_HSABCt,6.66611381818861,Upregulated
EN_PE17_HSABCt,6.66611381818861,Upregulated
EN_PE203_HSABCt,6.66611381818861,Upregulated
EN_PE226_HSABCt,6.66611381818861,Upregulated
EN_PE2LINL_HSABCt,6.66611381818861,Upregulated
EN_PEAR_HSABCt,6.66611381818861,Upregulated
EN_PEDH203_HSABCt,6.66611381818861,Upregulated
EN_PELINL_HSABCt,6.66611381818861,Upregulated
EN_PELPALM_HSABCt,6.66611381818861,Upregulated
EN_PEOLE_HSABCt,6.66611381818861,Upregulated
EN_PEPALM_HSASBCt,6.66611381818861,Upregulated
EN_PESTE_HSABCt,6.66611381818861,Upregulated
EN_AK2LGCHOLt1,6.66611336842426,Upregulated
EN_PCHOL2LINL_HSt1e,6.66611422444203,Upregulated
EN_PCHOL2OLE_HSt1e,6.66611422444203,Upregulated
EN_PCHOL2STE_HSt1e,6.66611422444203,Upregulated
EN_PCHOLAR_HSt1e,6.66611422444203,Upregulated
EN_PCHOLDOC_HSt1e,6.66611422444203,Upregulated
EN_PCHOLEIC_HSt1e,6.66611422444203,Upregulated
EN_PCHOLET_HSt1e,6.66611422444203,Upregulated
EN_PCHOLLINL_HSt1e,6.66611388687622,Upregulated
EN_PCHOLN15_HSt1e,6.66611390138068,Upregulated
EN_PCHOLN183_HSt1e,6.66611390138068,Upregulated
EN_PCHOLN1836_HSt1e,6.66611390138068,Upregulated
EN_PCHOLN19_HSt1e,6.66611390138068,Upregulated
EN_PCHOLN201_HSt1e,6.66611390138068,Upregulated
EN_PCHOLN203_HSt1e,6.66611390138068,Upregulated
EN_PCHOLN205_HSt1e,6.66611348450078,Upregulated
EN_PCHOLN224_HSt1e,6.66611348450078,Upregulated
EN_PCHOLN225_HSt1e,6.66611348450078,Upregulated
EN_PCHOLN2254_HSt1e,6.66611348450078,Upregulated
EN_PCHLN225_HSt1e,6.66611422444203,Upregulated
EN_PEPALM_HSt1e,6.66611381818861,Upregulated
EN_PCHOLPALME-HSt1e,6.66611333929606,Upregulated
EN_PE12_HSt1e,6.66611381818861,Upregulated
EN_Pe13_HSt1e,6.66611381818861,Upregulated
EN_PE14_HSt1e,6.66611381818861,Upregulated
EN_PE15_HSt1e,6.66611381818861,Upregulated
EN_PE161_HSt1e,6.66611381818861,Upregulated
EN_PE17_HSt1e,6.66611381818861,Upregulated
EN_PE203_HSt1e,6.66611381818861,Upregulated
EN_PE226_HSt1e,6.66611381818861,Upregulated
EN_PE2LINL_HSt1e,6.66611381818861,Upregulated
EN_PEAR_HSt1e,6.66611381818861,Upregulated
EN_PEDH203_HSt1e,6.66611381818861,Upregulated
EN_PELINL_HSt1e,6.66611381818861,Upregulated
EN_PEOLE_HSt1e,6.66611381818861,Upregulated
EN_PELPALM_HSt1e,6.66611381818861,Upregulated
EN_PESTE_HSt1e,6.66611381818861,Upregulated
EN_MMAt2e,1,Unchanged
EN_SAMHISTAe,9.19235916393859,Upregulated
EN_CE2006te,8.90472483292737,Upregulated
EN_GLCRt1,1.32813191273137,Unchanged
EN_2HYOXPLCte,14.1275537834341,Upregulated
EN_PPP9ABCte,19.8247885534315,Upregulated
EN_SELMETHte,1,Unchanged
EN_SPHS1Pt2e,5.55067403599895,Upregulated
EN_MMAte,1,Unchanged
EN_HDD2CRNte2,1,Unchanged
EN_MELATNte,12.1342722607043,Upregulated
EN_C05769te2,18.2736314580504,Upregulated
EN_HDD2CRNte,1,Unchanged
EN_IM4ACte,23.6801949534957,Upregulated
EN_SELMETHt2e,1,Unchanged
EN_UDPG4DOPA,3.44628791222486,Upregulated
EN_UDPG3DOPA,3.44628799500302,Upregulated
EN_34DHPEAR,4.56819038846684,Upregulated
EN_DOPA4GLCURt,3.44628791222486,Upregulated
EN_DOPA3GLCURt,3.44628799500302,Upregulated
EN_CE5026t,6.66611415974928,Upregulated
EN_GGTe_1,6.66611415974928,Upregulated
EN_CYSGLYPTASEe_1,6.66611415974928,Upregulated
EN_CE1261t,6.66611415974928,Upregulated
EN_DOPACCL,9.62675411287879,Upregulated
EN_LACROX,13.5756821185422,Upregulated
EN_NADPQNOXR,3639428.79034713,Upregulated
EN_NADQNOXR,3639428.85509793,Upregulated
EN_DACGST,9.62675321392461,Upregulated
EN_ACER11r,6.55449492167501,Upregulated
EN_ACER12r,6.55449489727355,Upregulated
EN_ACER21g,6.55449520542946,Upregulated
EN_ACER22g,6.55449518303307,Upregulated
EN_ACER23g,16.3585152558657,Upregulated
EN_ACER31r,16.3585147550511,Upregulated
EN_BGAL1e,3.38721555405066,Upregulated
EN_BGAL1l,7.05035241111007,Upregulated
EN_BGAL2l,6.24816304626251,Upregulated
EN_BGAL3l,5.74200522033739,Upregulated
EN_DES21,16.3585159971248,Upregulated
EN_GA1tl,6.24816304626251,Upregulated
EN_GLUSIDEte,1,Unchanged
EN_HEXA2l,5.74200522033739,Upregulated
EN_HEXAHBl,6.24816304626251,Upregulated
EN_NEU11l,7.05035241111007,Upregulated
EN_NEU21,6.55449504885736,Upregulated
EN_NEU23,6.55449515182062,Upregulated
EN_NEU24,6.55449491498975,Upregulated
EN_NEU310e,6.24816304626251,Upregulated
EN_NEU38n,3.41632816644568,Upregulated
EN_NEU39e,6.24816304626251,Upregulated
EN_SPHK11,16.3585155722769,Upregulated
EN_SPHK21n,0.446546387383323,Downregulated
EN_SPHK22n,0.406782830660182,Downregulated
EN_NH4tr,16.0743371780601,Upregulated
EN_TETTET6COAtm,1,Unchanged
EN_TETPENT6COAtm,1,Unchanged
EN_TETPENT3COAtm,1,Unchanged
EN_PHCRMtg,16.3585152558657,Upregulated
EN_PHCRMter,16.3585147550511,Upregulated
EN_SPHGNtn,0.406782830660182,Downregulated
EN_SPHGNtg,6.55449518303307,Upregulated
EN_SPHINGStn,0.446546387383323,Downregulated
EN_SPHINGStg,6.55449520542946,Upregulated
EN_DHCRMtg,6.55449518303307,Upregulated
EN_DHCRMter,6.55449489727355,Upregulated
EN_PHSPHINGStg,16.3585152558657,Upregulated
EN_PHSPHINGStr,16.3585147550511,Upregulated
EN_PHSGPL11c,16.3585155722769,Upregulated
EN_sink_34dhpac[c],4.56818946392244,Upregulated
EN_34DHPEt,4.56819038846684,Upregulated
EN_DM_sph1p[n],0.406782830660182,Downregulated
EN_DM_sphs1p[n],0.446546387383323,Downregulated
EN_DM_gm1_hs[n],3.41632816644568,Upregulated
EN_Rtotalter,6.55449523821391,Upregulated
EN_Rtotaltg,6.55449614772782,Upregulated
EN_GD1Atg,6.35410297919112,Upregulated
EN_GD1Atn,3.41632816644568,Upregulated
EN_ATPtg,6.66611382481723,Upregulated
EN_GD1Btl,5.74200522033739,Upregulated
EN_GD3tlc,5.74200522033739,Upregulated
EN_DM_hhxdcal[c],16.3585155722769,Upregulated
EN_HMR_0155,1,Unchanged
EN_HMR_0176,8.90472484915617,Upregulated
EN_HMR_0177,5.00096903684148,Upregulated
EN_HMR_0178,5.00096903684148,Upregulated
EN_HMR_0182,NaN,Unchanged
EN_HMR_0188,6.55449419215486,Upregulated
EN_HMR_0189,6.55449419215486,Upregulated
EN_HMR_0191,6.66611370310022,Upregulated
EN_HMR_0192,6.5544952012441,Upregulated
EN_HMR_0193,6.5544952012441,Upregulated
EN_HMR_0194,6.66611370310022,Upregulated
EN_HMR_0197,7.4659644757606,Upregulated
EN_HMR_0200,6.55934980102412,Upregulated
EN_HMR_0201,2.56109205053638,Upregulated
EN_HMR_0203,6.66611358459304,Upregulated
EN_HMR_0204,6.55449673247917,Upregulated
EN_HMR_0206,6.55449673247917,Upregulated
EN_HMR_0207,6.66611358459304,Upregulated
EN_HMR_0208,6.66611357443656,Upregulated
EN_HMR_0209,6.55449567127726,Upregulated
EN_HMR_0210,6.55449567127726,Upregulated
EN_HMR_0211,6.66611357443656,Upregulated
EN_HMR_0214,6.55449510810655,Upregulated
EN_HMR_0215,6.66611380150656,Upregulated
EN_HMR_0230,13.2341017641159,Upregulated
EN_HMR_0232,6.66611361505889,Upregulated
EN_HMR_0233,6.5544937798883,Upregulated
EN_HMR_0234,6.5544937798883,Upregulated
EN_HMR_0235,6.66611361505889,Upregulated
EN_HMR_0238,6.55449538055624,Upregulated
EN_HMR_0239,6.66611356476933,Upregulated
EN_HMR_0240,6.66611454172132,Upregulated
EN_HMR_0241,6.55449496164052,Upregulated
EN_HMR_0242,6.55449496164052,Upregulated
EN_HMR_0243,6.66611454172132,Upregulated
EN_HMR_0244,6.66611454172132,Upregulated
EN_HMR_0245,6.55449496164052,Upregulated
EN_HMR_0246,6.55449496164052,Upregulated
EN_HMR_0247,6.66611454172132,Upregulated
EN_HMR_0253,6.66611424569383,Upregulated
EN_HMR_0254,6.66611362186639,Upregulated
EN_HMR_0255,6.55449503511249,Upregulated
EN_HMR_0256,6.55449503511249,Upregulated
EN_HMR_0257,6.66611362186639,Upregulated
EN_HMR_0259,6.55449588393486,Upregulated
EN_HMR_0260,6.55449489711971,Upregulated
EN_HMR_0261,8.10189430577118,Upregulated
EN_HMR_0267,6.55449491878595,Upregulated
EN_HMR_0268,13.5869753339155,Upregulated
EN_HMR_0270,6.66611386655002,Upregulated
EN_HMR_0271,5.7191040181809,Upregulated
EN_HMR_0272,5.7191040181809,Upregulated
EN_HMR_0273,6.66611386655002,Upregulated
EN_HMR_0276,6.95618712656617,Upregulated
EN_HMR_0277,6.95618712656617,Upregulated
EN_HMR_0278,6.66611390814365,Upregulated
EN_HMR_0279,6.55449464422683,Upregulated
EN_HMR_0280,6.55449464422683,Upregulated
EN_HMR_0281,6.66611390814365,Upregulated
EN_HMR_0287,6.66611392556198,Upregulated
EN_HMR_0288,6.66611383172778,Upregulated
EN_HMR_0289,6.55449478100713,Upregulated
EN_HMR_0290,6.55449478100713,Upregulated
EN_HMR_0291,6.66611383172778,Upregulated
EN_HMR_0292,0,Downregulated
EN_HMR_0293,6.55449515109414,Upregulated
EN_HMR_0296,6.66611335101675,Upregulated
EN_HMR_0297,6.55449463130664,Upregulated
EN_HMR_0298,6.55449463130664,Upregulated
EN_HMR_0299,6.66611335101675,Upregulated
EN_HMR_0300,6.66611335101675,Upregulated
EN_HMR_0301,6.55449485772607,Upregulated
EN_HMR_0302,6.55449485772607,Upregulated
EN_HMR_0303,6.66611335101675,Upregulated
EN_HMR_0304,6.66611314635054,Upregulated
EN_HMR_0305,6.5544946688459,Upregulated
EN_HMR_0306,6.5544946688459,Upregulated
EN_HMR_0307,6.66611314635054,Upregulated
EN_HMR_0308,6.66611328331247,Upregulated
EN_HMR_0309,6.55449477873368,Upregulated
EN_HMR_0310,6.55449477873368,Upregulated
EN_HMR_0311,6.66611328331247,Upregulated
EN_HMR_0317,6.66611388930687,Upregulated
EN_HMR_0319,0,Downregulated
EN_HMR_0321,15.7322484578507,Upregulated
EN_HMR_0322,6.6661136605365,Upregulated
EN_HMR_0323,6.55449410671487,Upregulated
EN_HMR_0324,6.55449410671487,Upregulated
EN_HMR_0325,6.6661136605365,Upregulated
EN_HMR_0326,6.66611343274104,Upregulated
EN_HMR_0327,6.55449497795397,Upregulated
EN_HMR_0328,6.55449535031476,Upregulated
EN_HMR_0329,6.66611370116244,Upregulated
EN_HMR_0342,6.55449494409325,Upregulated
EN_HMR_0343,6.66611357929304,Upregulated
EN_HMR_0344,6.6661142351034,Upregulated
EN_HMR_0345,6.55449386859145,Upregulated
EN_HMR_0346,6.55449386859145,Upregulated
EN_HMR_0347,6.6661142351034,Upregulated
EN_HMR_0350,0.486755547746362,Downregulated
EN_HMR_0354,0.690419307406247,Unchanged
EN_HMR_0358,6.55449503934911,Upregulated
EN_HMR_0359,6.66611349225551,Upregulated
EN_HMR_0362,37.5514812015649,Upregulated
EN_HMR_0363,7.55920627897454,Upregulated
EN_HMR_0366,6.1100339381346,Upregulated
EN_HMR_0367,6.1100339381346,Upregulated
EN_HMR_0370,6.5544951294875,Upregulated
EN_HMR_0371,6.66611428877686,Upregulated
EN_HMR_0374,6.5544951294875,Upregulated
EN_HMR_0375,6.66611428877686,Upregulated
EN_HMR_0378,4.5681894447003,Upregulated
EN_HMR_0380,6.66611349464884,Upregulated
EN_HMR_0381,6.55449421684527,Upregulated
EN_HMR_0382,6.55449421684527,Upregulated
EN_HMR_0383,6.66611349464884,Upregulated
EN_HMR_0384,6.66611349464884,Upregulated
EN_HMR_0385,6.55449416318518,Upregulated
EN_HMR_0386,6.55449416318518,Upregulated
EN_HMR_0387,6.66611349464884,Upregulated
EN_HMR_0388,6.66611363611418,Upregulated
EN_HMR_0389,6.55449336990271,Upregulated
EN_HMR_0390,6.55449336990271,Upregulated
EN_HMR_0391,6.66611363611418,Upregulated
EN_HMR_0392,6.66611365279983,Upregulated
EN_HMR_0393,6.55449248232523,Upregulated
EN_HMR_0394,6.55449248232523,Upregulated
EN_HMR_0395,6.66611365279983,Upregulated
EN_HMR_0398,4.56818893609738,Upregulated
EN_HMR_0402,4.56818969060085,Upregulated
EN_HMR_0406,9.18931315743744,Upregulated
EN_HMR_0410,4.38372280587792,Upregulated
EN_HMR_0414,27.004124392053,Upregulated
EN_HMR_0415,6.66611362087343,Upregulated
EN_HMR_0418,6.5544951294875,Upregulated
EN_HMR_0419,6.66611369533346,Upregulated
EN_HMR_0422,6.55449512934485,Upregulated
EN_HMR_0423,6.66611369533346,Upregulated
EN_HMR_0426,6.55449509692306,Upregulated
EN_HMR_0427,6.66611369533346,Upregulated
EN_HMR_0428,6.66611369533346,Upregulated
EN_HMR_0429,6.55449447688276,Upregulated
EN_HMR_0430,6.55449447688276,Upregulated
EN_HMR_0431,6.66611369533346,Upregulated
EN_HMR_0432,6.66611364019825,Upregulated
EN_HMR_0433,6.55449478776501,Upregulated
EN_HMR_0434,6.55449478776501,Upregulated
EN_HMR_0435,6.66611364019825,Upregulated
EN_HMR_0436,6.66611364019825,Upregulated
EN_HMR_0437,6.55449485376224,Upregulated
EN_HMR_0438,6.55449485376224,Upregulated
EN_HMR_0439,6.66611364019825,Upregulated
EN_HMR_0582,1214.65734795075,Upregulated
EN_HMR_0593,6.66611510844112,Upregulated
EN_HMR_0597,6.59387172074859,Upregulated
EN_HMR_0598,6.59386961906347,Upregulated
EN_HMR_0601,6.66611510844112,Upregulated
EN_HMR_0614,6.59387046665708,Upregulated
EN_HMR_0625,6.59387172074859,Upregulated
EN_HMR_0629,6.59387172074859,Upregulated
EN_HMR_0634,164633.762938011,Upregulated
EN_HMR_0642,6.59386961906347,Upregulated
EN_HMR_0653,0.976365741067864,Unchanged
EN_HMR_0654,0.976365741067864,Unchanged
EN_HMR_0657,0.976365741067864,Unchanged
EN_HMR_0672,6.66611510844112,Upregulated
EN_HMR_0678,6.66611510844112,Upregulated
EN_HMR_0750,0.893092767250898,Unchanged
EN_HMR_0753,6.66611510844112,Upregulated
EN_HMR_0758,0.853329185480117,Unchanged
EN_HMR_0761,12.5092293273148,Upregulated
EN_HMR_0765,3.38721522276288,Upregulated
EN_HMR_0767,6.66611444209784,Upregulated
EN_HMR_0770,1.00000008299293,Unchanged
EN_HMR_0775,6.666113512307,Upregulated
EN_HMR_0783,5.55067403599895,Upregulated
EN_HMR_0795,2.85147749082171e-07,Downregulated
EN_HMR_0803,21.4127290012097,Upregulated
EN_HMR_0806,16.9332478160116,Upregulated
EN_HMR_0807,7.0070264367511,Upregulated
EN_HMR_0808,16.9332478160116,Upregulated
EN_HMR_0810,16.9332463735285,Upregulated
EN_HMR_0811,16.9332463735285,Upregulated
EN_HMR_0815,16.9379156048268,Upregulated
EN_HMR_0816,3.3872151484775,Upregulated
EN_HMR_0817,6.55449500746042,Upregulated
EN_HMR_0819,3.38721524839947,Upregulated
EN_HMR_0820,6.55449465624483,Upregulated
EN_HMR_0821,16.9332493269393,Upregulated
EN_HMR_0822,6.24816304626251,Upregulated
EN_HMR_0823,6.55449497930614,Upregulated
EN_HMR_0824,6.55449488648181,Upregulated
EN_HMR_0825,6.55449521707521,Upregulated
EN_HMR_0828,48.0837931980087,Upregulated
EN_HMR_0829,3.38721509489936,Upregulated
EN_HMR_0830,3.38721510162238,Upregulated
EN_HMR_0831,7.05035241111007,Upregulated
EN_HMR_0835,7.05035241111007,Upregulated
EN_HMR_0836,7.05035241111007,Upregulated
EN_HMR_0837,6.55449489026552,Upregulated
EN_HMR_0842,5.74200522033739,Upregulated
EN_HMR_0843,5.74200522033739,Upregulated
EN_HMR_0844,6.55449513153448,Upregulated
EN_HMR_0847,1.04032036869627,Unchanged
EN_HMR_0849,9.94171035939802,Upregulated
EN_HMR_0942,10.3390709071845,Upregulated
EN_HMR_0946,10.3390511743427,Upregulated
EN_HMR_0950,8.44266194262743,Upregulated
EN_HMR_0954,8.44266145284472,Upregulated
EN_HMR_0960,7.77872223321204,Upregulated
EN_HMR_0962,49.0379317717256,Upregulated
EN_HMR_0963,49.0379317717256,Upregulated
EN_HMR_0979,6.8846141216635,Upregulated
EN_HMR_1095,0.666666927827162,Unchanged
EN_HMR_1102,1,Unchanged
EN_HMR_1104,10.0517976286359,Upregulated
EN_HMR_1127,6.65546256170505,Upregulated
EN_HMR_1129,6.65546255909669,Upregulated
EN_HMR_1243,6.65546256170505,Upregulated
EN_HMR_1280,1,Unchanged
EN_HMR_1283,10.0517976286359,Upregulated
EN_HMR_1312,1,Unchanged
EN_HMR_1321,1,Unchanged
EN_HMR_1331,1,Unchanged
EN_HMR_1465,0.385599915993459,Downregulated
EN_HMR_1470,0.385599915993459,Downregulated
EN_HMR_1473,0.385599915993459,Downregulated
EN_HMR_1477,0.385599924153428,Downregulated
EN_HMR_1478,0.385599924153428,Downregulated
EN_HMR_1479,0.385599924153428,Downregulated
EN_HMR_1490,0.385599926697117,Downregulated
EN_HMR_1493,0.385599926697117,Downregulated
EN_HMR_1494,0.385599926697117,Downregulated
EN_HMR_1495,0.385599949697281,Downregulated
EN_HMR_1496,0.385599965848098,Downregulated
EN_HMR_1502,0.385599887256106,Downregulated
EN_HMR_1503,0.385599887256106,Downregulated
EN_HMR_1504,0.385599887256106,Downregulated
EN_HMR_1505,0.385599887256106,Downregulated
EN_HMR_1509,0.385599887256106,Downregulated
EN_HMR_1512,0.385599887256106,Downregulated
EN_HMR_1516,0.385599887256106,Downregulated
EN_HMR_1526,4.0222876417439e-07,Downregulated
EN_HMR_1532,1.00000000725117,Unchanged
EN_HMR_1536,0.545720347620323,Unchanged
EN_HMR_1538,0.545720347620323,Unchanged
EN_HMR_1539,0.545720347620323,Unchanged
EN_HMR_1540,0.545720347620323,Unchanged
EN_HMR_1543,0.545720347620323,Unchanged
EN_HMR_1544,0.545720347620323,Unchanged
EN_HMR_1545,0.545720347620323,Unchanged
EN_HMR_1546,0.545720347620323,Unchanged
EN_HMR_1547,0.545720347620323,Unchanged
EN_HMR_1548,0.545720347620323,Unchanged
EN_HMR_1549,0.545720347620323,Unchanged
EN_HMR_1550,0.545720347620323,Unchanged
EN_HMR_1551,0.545720347620323,Unchanged
EN_HMR_1552,0.545720347620323,Unchanged
EN_HMR_1557,3.85846565487825e-07,Downregulated
EN_HMR_1565,3.30947919055582e-05,Downregulated
EN_HMR_1620,1,Unchanged
EN_HMR_1623,1,Unchanged
EN_HMR_1627,2.92246822395605,Upregulated
EN_HMR_1629,4.39371598056277,Upregulated
EN_HMR_1630,2.91577514410931,Upregulated
EN_HMR_1637,2.91577514545492,Upregulated
EN_HMR_1651,2.91577505782668,Upregulated
EN_HMR_1653,2.91577505782668,Upregulated
EN_HMR_1665,4.39371623824802,Upregulated
EN_HMR_1666,0.384122731827165,Downregulated
EN_HMR_1681,7.34829559735102,Upregulated
EN_HMR_1685,1,Unchanged
EN_HMR_1735,445.318664064574,Upregulated
EN_HMR_1737,68.74390225879,Upregulated
EN_HMR_1738,68.74390225879,Upregulated
EN_HMR_1739,68.74390225879,Upregulated
EN_HMR_1740,68.74390225879,Upregulated
EN_HMR_1742,68.74390225879,Upregulated
EN_HMR_1744,68.74390225879,Upregulated
EN_HMR_1746,68.74390225879,Upregulated
EN_HMR_1748,68.74390225879,Upregulated
EN_HMR_1750,68.74390225879,Upregulated
EN_HMR_1752,68.74390225879,Upregulated
EN_HMR_1754,68.74390225879,Upregulated
EN_HMR_1758,68.74390225879,Upregulated
EN_HMR_1760,68.74390225879,Upregulated
EN_HMR_1762,209.668868313275,Upregulated
EN_HMR_1764,209.668868313275,Upregulated
EN_HMR_1765,209.668868313275,Upregulated
EN_HMR_1766,209.668899369047,Upregulated
EN_HMR_1769,209.668868632978,Upregulated
EN_HMR_1771,209.668868632978,Upregulated
EN_HMR_1807,7.7787221253751,Upregulated
EN_HMR_1847,7.55694165291993,Upregulated
EN_HMR_1916,6.66611377370396,Upregulated
EN_HMR_2041,1.39278320848734,Unchanged
EN_HMR_2087,0.668906799838945,Unchanged
EN_HMR_2088,0.668906799838945,Unchanged
EN_HMR_2089,0.668906799838945,Unchanged
EN_HMR_2090,0.668906799838945,Unchanged
EN_HMR_2190,5.79326305868734,Upregulated
EN_HMR_2193,5.79326305868734,Upregulated
EN_HMR_2210,5.94483587926599,Upregulated
EN_HMR_2211,6.94962748151529,Upregulated
EN_HMR_2215,8.83784667495528,Upregulated
EN_HMR_2217,8.83784667495528,Upregulated
EN_HMR_2218,8.83784667495528,Upregulated
EN_HMR_2219,8.83784667495528,Upregulated
EN_HMR_2259,5.94483572497196,Upregulated
EN_HMR_2260,5.94483572497196,Upregulated
EN_HMR_2261,5.94483572497196,Upregulated
EN_HMR_2262,5.94483572497196,Upregulated
EN_HMR_2263,5.94483856954003,Upregulated
EN_HMR_2264,5.94483856954003,Upregulated
EN_HMR_2265,5.94483856954003,Upregulated
EN_HMR_2266,5.94483856954003,Upregulated
EN_HMR_2281,500040.138633187,Upregulated
EN_HMR_2284,21.6397886761788,Upregulated
EN_HMR_2286,19.2513353515871,Upregulated
EN_HMR_2287,13.4833105474737,Upregulated
EN_HMR_2292,4.51852559403325,Upregulated
EN_HMR_2293,17.5037759937203,Upregulated
EN_HMR_2294,4.51852586148585,Upregulated
EN_HMR_2295,7.77872292010017,Upregulated
EN_HMR_2296,8.84205929292667,Upregulated
EN_HMR_2332,4.75772109823525,Upregulated
EN_HMR_2334,4.75772109823525,Upregulated
EN_HMR_2336,4.75772109823525,Upregulated
EN_HMR_2338,4.75772109823525,Upregulated
EN_HMR_2342,5.94483841337823,Upregulated
EN_HMR_2343,5.94483841337823,Upregulated
EN_HMR_2344,5.94483841337823,Upregulated
EN_HMR_2345,5.94483841337823,Upregulated
EN_HMR_2347,7.10074751367024,Upregulated
EN_HMR_2348,7.10074751367024,Upregulated
EN_HMR_2349,7.10074751367024,Upregulated
EN_HMR_2350,7.10074751367024,Upregulated
EN_HMR_2353,6.65097522317635,Upregulated
EN_HMR_2354,6.65097522317635,Upregulated
EN_HMR_2355,6.65097522317635,Upregulated
EN_HMR_2356,6.65097522317635,Upregulated
EN_HMR_2359,4.08899976873752,Upregulated
EN_HMR_2361,6.32290257387863,Upregulated
EN_HMR_2362,6.32290257387863,Upregulated
EN_HMR_2363,6.32290257387863,Upregulated
EN_HMR_2364,6.32290257387863,Upregulated
EN_HMR_2365,6.58562258917691,Upregulated
EN_HMR_2368,8.58135537338737,Upregulated
EN_HMR_2374,7.98801951856401,Upregulated
EN_HMR_2376,7.98801951856401,Upregulated
EN_HMR_2380,7.98801920941962,Upregulated
EN_HMR_2391,15.2122312964807,Upregulated
EN_HMR_2395,6.32894683216815,Upregulated
EN_HMR_2433,6.93705110188951,Upregulated
EN_HMR_2434,6.93705110188951,Upregulated
EN_HMR_2435,6.93705110188951,Upregulated
EN_HMR_2436,6.93705110188951,Upregulated
EN_HMR_2440,8.90472483292737,Upregulated
EN_HMR_2457,8.73834828456839,Upregulated
EN_HMR_2472,6.12664016430957,Upregulated
EN_HMR_2484,6.42888814208789,Upregulated
EN_HMR_2530,5.44677394265338,Upregulated
EN_HMR_2533,5.44677394265338,Upregulated
EN_HMR_2535,5.44677394265338,Upregulated
EN_HMR_2537,5.44677394265338,Upregulated
EN_HMR_2540,5.66517633326302,Upregulated
EN_HMR_2541,5.66517633326302,Upregulated
EN_HMR_2542,5.66517633326302,Upregulated
EN_HMR_2543,5.66517633326302,Upregulated
EN_HMR_2569,26.0981334489138,Upregulated
EN_HMR_2602,12.4718960253893,Upregulated
EN_HMR_2603,12.4718960253893,Upregulated
EN_HMR_2604,12.4718960253893,Upregulated
EN_HMR_2608,1,Unchanged
EN_HMR_2609,1,Unchanged
EN_HMR_2610,1,Unchanged
EN_HMR_2611,353156.997267085,Upregulated
EN_HMR_2612,1,Unchanged
EN_HMR_2613,3.41194805086071,Upregulated
EN_HMR_2620,21.6397919129904,Upregulated
EN_HMR_2621,21.6397919129904,Upregulated
EN_HMR_2622,21.6397919129904,Upregulated
EN_HMR_2624,1.52861815649885e-09,Downregulated
EN_HMR_2633,13.4833105545071,Upregulated
EN_HMR_2634,1,Unchanged
EN_HMR_2635,18.8249240880397,Upregulated
EN_HMR_2644,2.30698989261069e-07,Downregulated
EN_HMR_2655,1,Unchanged
EN_HMR_2657,4.51852592072559,Upregulated
EN_HMR_2659,0.929925788092738,Unchanged
EN_HMR_2660,10.1057204589945,Upregulated
EN_HMR_2661,10.1057204589945,Upregulated
EN_HMR_2662,10.1057204589945,Upregulated
EN_HMR_2666,11.3678061715604,Upregulated
EN_HMR_2667,1.4236831371079e-05,Downregulated
EN_HMR_2668,10.6685307339355,Upregulated
EN_HMR_2669,8.84205925122764,Upregulated
EN_HMR_2670,8.84205925122764,Upregulated
EN_HMR_2671,8.84205925122764,Upregulated
EN_HMR_2673,3.77366128702761e-07,Downregulated
EN_HMR_2675,5.94483716540866,Upregulated
EN_HMR_2676,5.94483716540866,Upregulated
EN_HMR_2677,5.94483716540866,Upregulated
EN_HMR_2679,0.995000231221426,Unchanged
EN_HMR_2681,5.94483841337823,Upregulated
EN_HMR_2682,5.94483841337823,Upregulated
EN_HMR_2683,5.94483841337823,Upregulated
EN_HMR_2684,2.777121666718,Upregulated
EN_HMR_2685,2.777121666718,Upregulated
EN_HMR_2686,2.777121666718,Upregulated
EN_HMR_2687,7.1007471692207,Upregulated
EN_HMR_2688,7.1007471692207,Upregulated
EN_HMR_2689,7.1007471692207,Upregulated
EN_HMR_2690,6.32290238122536,Upregulated
EN_HMR_2691,6.32290238122536,Upregulated
EN_HMR_2692,6.32290238122536,Upregulated
EN_HMR_2693,6.58562258917691,Upregulated
EN_HMR_2695,6.58562258917691,Upregulated
EN_HMR_2697,6.58562258917691,Upregulated
EN_HMR_2699,5.94483859083967,Upregulated
EN_HMR_2700,5.94483859083967,Upregulated
EN_HMR_2701,5.94483859083967,Upregulated
EN_HMR_2702,1.19163314031234,Unchanged
EN_HMR_2703,1.69724508469807,Unchanged
EN_HMR_2704,1.69724508469807,Unchanged
EN_HMR_2705,5.94483851455344,Upregulated
EN_HMR_2706,5.94483851455344,Upregulated
EN_HMR_2707,5.94483851455344,Upregulated
EN_HMR_2708,6.65097521784431,Upregulated
EN_HMR_2709,6.65097521784431,Upregulated
EN_HMR_2710,6.65097521784431,Upregulated
EN_HMR_2711,1,Unchanged
EN_HMR_2712,1,Unchanged
EN_HMR_2713,1,Unchanged
EN_HMR_2715,1,Unchanged
EN_HMR_2718,1.76720179251078e-07,Downregulated
EN_HMR_2722,1.1980400636773e-06,Downregulated
EN_HMR_2727,1,Unchanged
EN_HMR_2731,1,Unchanged
EN_HMR_2733,5.44677361964373,Upregulated
EN_HMR_2734,5.44677361964373,Upregulated
EN_HMR_2735,5.44677361964373,Upregulated
EN_HMR_2736,5.66517633326302,Upregulated
EN_HMR_2737,5.66517633326302,Upregulated
EN_HMR_2738,5.66517633326302,Upregulated
EN_HMR_2739,5.47115107425441,Upregulated
EN_HMR_2740,5.47115107425441,Upregulated
EN_HMR_2741,5.47115107425441,Upregulated
EN_HMR_2744,1,Unchanged
EN_HMR_2748,1,Unchanged
EN_HMR_2753,1,Unchanged
EN_HMR_2757,1,Unchanged
EN_HMR_2760,1,Unchanged
EN_HMR_2764,8.58174284185355e-08,Downregulated
EN_HMR_2768,6.93216256021981,Upregulated
EN_HMR_2769,6.93216256021981,Upregulated
EN_HMR_2770,6.93216256021981,Upregulated
EN_HMR_2771,6.93705110188951,Upregulated
EN_HMR_2772,6.93705110188951,Upregulated
EN_HMR_2773,6.93705110188951,Upregulated
EN_HMR_2774,5.66517700624801,Upregulated
EN_HMR_2775,5.66517700624801,Upregulated
EN_HMR_2776,5.66517700624801,Upregulated
EN_HMR_2817,2004244.74148152,Upregulated
EN_HMR_2819,2004244.74148152,Upregulated
EN_HMR_2821,198346.474052529,Upregulated
EN_HMR_2827,198346.474052529,Upregulated
EN_HMR_2851,1.19163348950634,Unchanged
EN_HMR_2852,1.19163348950634,Unchanged
EN_HMR_2857,6.067739557681,Upregulated
EN_HMR_2859,6.067739557681,Upregulated
EN_HMR_2861,16.3620436150622,Upregulated
EN_HMR_2862,16.3620436150622,Upregulated
EN_HMR_2865,26.0981310851615,Upregulated
EN_HMR_2866,26.0981310851615,Upregulated
EN_HMR_2884,1,Unchanged
EN_HMR_2886,1,Unchanged
EN_HMR_2888,1,Unchanged
EN_HMR_2890,1,Unchanged
EN_HMR_2942,6.55449486176591,Upregulated
EN_HMR_2943,6.55449486176591,Upregulated
EN_HMR_2944,6.55449486176591,Upregulated
EN_HMR_2945,6.55449486176591,Upregulated
EN_HMR_2946,6.55449486176591,Upregulated
EN_HMR_2947,6.55449486176591,Upregulated
EN_HMR_2948,6.55449486176591,Upregulated
EN_HMR_2951,6.55449486176591,Upregulated
EN_HMR_2954,6.55449486176591,Upregulated
EN_HMR_2955,6.55449486176591,Upregulated
EN_HMR_2956,6.55449486176591,Upregulated
EN_HMR_2961,6.55449486176591,Upregulated
EN_HMR_2962,6.55449486176591,Upregulated
EN_HMR_2963,6.55449486176591,Upregulated
EN_HMR_2964,6.55449486176591,Upregulated
EN_HMR_2965,6.55449486176591,Upregulated
EN_HMR_2966,6.55449486176591,Upregulated
EN_HMR_2967,6.55449486176591,Upregulated
EN_HMR_2968,6.55449486176591,Upregulated
EN_HMR_2969,6.55449486176591,Upregulated
EN_HMR_2970,6.55449486176591,Upregulated
EN_HMR_2971,6.55449486176591,Upregulated
EN_HMR_2972,6.55449486176591,Upregulated
EN_HMR_2973,6.55449498493831,Upregulated
EN_HMR_2974,6.55449701967027,Upregulated
EN_HMR_2975,6.55449497800797,Upregulated
EN_HMR_2976,6.55449701967027,Upregulated
EN_HMR_2977,6.55449701967027,Upregulated
EN_HMR_2978,6.55449701967027,Upregulated
EN_HMR_2979,6.55449701967027,Upregulated
EN_HMR_2980,6.55449701967027,Upregulated
EN_HMR_2982,6.55449460116676,Upregulated
EN_HMR_2983,6.55449474664197,Upregulated
EN_HMR_2985,6.55449474664197,Upregulated
EN_HMR_2986,6.55449474664197,Upregulated
EN_HMR_2988,6.55449474664197,Upregulated
EN_HMR_2989,6.55449474664197,Upregulated
EN_HMR_2990,6.55449474664197,Upregulated
EN_HMR_2994,6.554495230623,Upregulated
EN_HMR_2998,6.55449474664197,Upregulated
EN_HMR_2999,6.55449474664197,Upregulated
EN_HMR_3001,6.55449474664197,Upregulated
EN_HMR_3002,6.55449474664197,Upregulated
EN_HMR_3003,6.55449474664197,Upregulated
EN_HMR_3021,5.79953723545698,Upregulated
EN_HMR_3023,4.75772109823525,Upregulated
EN_HMR_3053,5.79953723545698,Upregulated
EN_HMR_3057,8.83784667495528,Upregulated
EN_HMR_3058,8.83784667495528,Upregulated
EN_HMR_3059,8.83784667495528,Upregulated
EN_HMR_3062,8.83784667495528,Upregulated
EN_HMR_3063,8.83784667495528,Upregulated
EN_HMR_3064,8.83784667495528,Upregulated
EN_HMR_3065,8.83784667495528,Upregulated
EN_HMR_3066,8.83784667495528,Upregulated
EN_HMR_3067,8.83784667495528,Upregulated
EN_HMR_3068,8.83784667495528,Upregulated
EN_HMR_3069,8.83784667495528,Upregulated
EN_HMR_3070,8.83784667495528,Upregulated
EN_HMR_3071,8.83784667495528,Upregulated
EN_HMR_3072,8.83784667495528,Upregulated
EN_HMR_3073,8.83784667495528,Upregulated
EN_HMR_3074,8.83784667495528,Upregulated
EN_HMR_3075,8.83784667495528,Upregulated
EN_HMR_3076,8.83784667495528,Upregulated
EN_HMR_3094,2818.37993194149,Upregulated
EN_HMR_3095,2818.37993194149,Upregulated
EN_HMR_3096,2818.37993194149,Upregulated
EN_HMR_3097,2818.37993194149,Upregulated
EN_HMR_3098,2057.21646104056,Upregulated
EN_HMR_3102,38.4480402509087,Upregulated
EN_HMR_3106,3.85179462136339,Upregulated
EN_HMR_3107,1.69724508483251,Unchanged
EN_HMR_3108,1.69724508483251,Unchanged
EN_HMR_3109,1.69724508483251,Unchanged
EN_HMR_3110,1.69724508483251,Unchanged
EN_HMR_3111,0.859247514922516,Unchanged
EN_HMR_3112,0.859247514922516,Unchanged
EN_HMR_3113,0.859247514922516,Unchanged
EN_HMR_3114,0.859247514922516,Unchanged
EN_HMR_3116,52.9058261936754,Upregulated
EN_HMR_3117,52.9058261936754,Upregulated
EN_HMR_3118,52.9058261936754,Upregulated
EN_HMR_3170,5.94483859083967,Upregulated
EN_HMR_3171,5.94483859083967,Upregulated
EN_HMR_3172,5.94483859083967,Upregulated
EN_HMR_3173,5.94483859083967,Upregulated
EN_HMR_3174,5.94483546331701,Upregulated
EN_HMR_3175,5.94483546331701,Upregulated
EN_HMR_3176,5.94483546331701,Upregulated
EN_HMR_3177,5.94483546331701,Upregulated
EN_HMR_3194,5.02428927291177,Upregulated
EN_HMR_3195,5.02428927291177,Upregulated
EN_HMR_3196,5.02428927291177,Upregulated
EN_HMR_3197,5.02428927291177,Upregulated
EN_HMR_3198,5.02428927291177,Upregulated
EN_HMR_3199,5.02428927291177,Upregulated
EN_HMR_3200,5.02428927291177,Upregulated
EN_HMR_3201,5.02428927291177,Upregulated
EN_HMR_3202,5.02428927291177,Upregulated
EN_HMR_3203,5.02428927291177,Upregulated
EN_HMR_3204,5.02428927291177,Upregulated
EN_HMR_3205,5.02428927291177,Upregulated
EN_HMR_3218,5.94483851455344,Upregulated
EN_HMR_3219,5.94483851455344,Upregulated
EN_HMR_3220,5.94483851455344,Upregulated
EN_HMR_3221,5.94483851455344,Upregulated
EN_HMR_3222,1.52878019470484,Unchanged
EN_HMR_3223,1.52878019470484,Unchanged
EN_HMR_3224,1.52878019470484,Unchanged
EN_HMR_3225,1.52878019470484,Unchanged
EN_HMR_3229,1.22905422995537,Unchanged
EN_HMR_3230,104.808415988354,Upregulated
EN_HMR_3231,104.808415988354,Upregulated
EN_HMR_3232,104.808415988354,Upregulated
EN_HMR_3233,104.808415988354,Upregulated
EN_HMR_3234,104.046523627529,Upregulated
EN_HMR_3235,104.046523627529,Upregulated
EN_HMR_3236,104.046523627529,Upregulated
EN_HMR_3237,104.046523627529,Upregulated
EN_HMR_3240,5.94483841337823,Upregulated
EN_HMR_3241,5.94483841337823,Upregulated
EN_HMR_3242,5.94483841337823,Upregulated
EN_HMR_3243,5.94483841337823,Upregulated
EN_HMR_3244,17.5037747272741,Upregulated
EN_HMR_3245,17.5037747272741,Upregulated
EN_HMR_3246,17.5037747272741,Upregulated
EN_HMR_3247,17.5037747272741,Upregulated
EN_HMR_3296,5.29203263394401,Upregulated
EN_HMR_3321,0.489934477063599,Downregulated
EN_HMR_3322,2.66423098237983e-06,Downregulated
EN_HMR_3326,4.75772109823525,Upregulated
EN_HMR_3327,4.75772109823525,Upregulated
EN_HMR_3328,4.75772109823525,Upregulated
EN_HMR_3329,4.75772109823525,Upregulated
EN_HMR_3330,4.75772109823525,Upregulated
EN_HMR_3331,4.75772109823525,Upregulated
EN_HMR_3332,4.75772109823525,Upregulated
EN_HMR_3333,4.75772109823525,Upregulated
EN_HMR_3334,4.75772109823525,Upregulated
EN_HMR_3335,4.75772109823525,Upregulated
EN_HMR_3336,4.75772109823525,Upregulated
EN_HMR_3337,4.75772109823525,Upregulated
EN_HMR_3338,4.75772109823525,Upregulated
EN_HMR_3339,4.75772109823525,Upregulated
EN_HMR_3340,4.75772109823525,Upregulated
EN_HMR_3341,4.75772109823525,Upregulated
EN_HMR_3342,4.75772109823525,Upregulated
EN_HMR_3343,4.75772109823525,Upregulated
EN_HMR_3344,4.75772109823525,Upregulated
EN_HMR_3345,4.75772109823525,Upregulated
EN_HMR_3346,4.75772109823525,Upregulated
EN_HMR_3347,4.75772109823525,Upregulated
EN_HMR_3348,4.75772109823525,Upregulated
EN_HMR_3349,4.75772109823525,Upregulated
EN_HMR_3350,4.75772109823525,Upregulated
EN_HMR_3351,4.75772109823525,Upregulated
EN_HMR_3352,4.75772109823525,Upregulated
EN_HMR_3353,4.75772109823525,Upregulated
EN_HMR_3398,3.41194805086071,Upregulated
EN_HMR_3406,0.929925788092738,Unchanged
EN_HMR_3407,10.6685307379001,Upregulated
EN_HMR_3408,8.8420592465848,Upregulated
EN_HMR_3409,6.9767848806643,Upregulated
EN_HMR_3411,7.10074717686162,Upregulated
EN_HMR_3413,6.32290238122536,Upregulated
EN_HMR_3414,6.58562258917691,Upregulated
EN_HMR_3416,6.65097522317635,Upregulated
EN_HMR_3421,6.20088215241113,Upregulated
EN_HMR_3422,6.83598249502423,Upregulated
EN_HMR_3423,6.93216256021981,Upregulated
EN_HMR_3424,6.93705110188951,Upregulated
EN_HMR_3425,5.66517700624801,Upregulated
EN_HMR_3426,3.67106868160513,Upregulated
EN_HMR_3427,5.10587618509277,Upregulated
EN_HMR_3428,2.27916313980427,Upregulated
EN_HMR_3429,5.10587587401733,Upregulated
EN_HMR_3431,5.44677361964373,Upregulated
EN_HMR_3432,5.66517633326302,Upregulated
EN_HMR_3433,5.47115107425441,Upregulated
EN_HMR_3446,7.10163127786641,Upregulated
EN_HMR_3447,7.10163127786641,Upregulated
EN_HMR_3449,4.1064978427128,Upregulated
EN_HMR_3450,4.1064978427128,Upregulated
EN_HMR_3451,4.1064978427128,Upregulated
EN_HMR_3452,5.76260894011722,Upregulated
EN_HMR_3453,5.76260894011722,Upregulated
EN_HMR_3454,5.76260894011722,Upregulated
EN_HMR_3455,5.76260894011722,Upregulated
EN_HMR_3456,5.76260894011722,Upregulated
EN_HMR_3457,5.76260894011722,Upregulated
EN_HMR_3491,6.25236205674216,Upregulated
EN_HMR_3625,6.55449486176591,Upregulated
EN_HMR_3626,6.55449486176591,Upregulated
EN_HMR_3627,6.55449486176591,Upregulated
EN_HMR_3628,6.55449486176591,Upregulated
EN_HMR_3629,6.55449486176591,Upregulated
EN_HMR_3630,6.55449486176591,Upregulated
EN_HMR_3631,6.55449486176591,Upregulated
EN_HMR_3633,6.55449486176591,Upregulated
EN_HMR_3635,6.55449486176591,Upregulated
EN_HMR_3636,6.55449486176591,Upregulated
EN_HMR_3637,6.55449486176591,Upregulated
EN_HMR_3639,6.55449486176591,Upregulated
EN_HMR_3640,6.55449486176591,Upregulated
EN_HMR_3642,6.55449486176591,Upregulated
EN_HMR_3644,6.55449486176591,Upregulated
EN_HMR_3645,6.55449486176591,Upregulated
EN_HMR_3646,6.55449486176591,Upregulated
EN_HMR_3647,6.55449486176591,Upregulated
EN_HMR_3648,6.55449486176591,Upregulated
EN_HMR_3649,6.55449486176591,Upregulated
EN_HMR_3650,6.55449486176591,Upregulated
EN_HMR_3651,6.55449486176591,Upregulated
EN_HMR_3652,6.55449486176591,Upregulated
EN_HMR_3653,1.19163320914613,Unchanged
EN_HMR_3654,6.55449701967027,Upregulated
EN_HMR_3655,6.55449497800797,Upregulated
EN_HMR_3656,6.55449701967027,Upregulated
EN_HMR_3657,6.55449701967027,Upregulated
EN_HMR_3658,6.55449701967027,Upregulated
EN_HMR_3659,6.55449701967027,Upregulated
EN_HMR_3660,6.55449701967027,Upregulated
EN_HMR_3662,19.899730810641,Upregulated
EN_HMR_3663,6.55449474664197,Upregulated
EN_HMR_3664,37.5514812247605,Upregulated
EN_HMR_3665,6.55449474664197,Upregulated
EN_HMR_3666,6.55449474664197,Upregulated
EN_HMR_3667,6.55449471462276,Upregulated
EN_HMR_3668,6.55449474664197,Upregulated
EN_HMR_3669,6.55449474664197,Upregulated
EN_HMR_3670,6.55449474664197,Upregulated
EN_HMR_3675,6.554495230623,Upregulated
EN_HMR_3677,6.55449474664197,Upregulated
EN_HMR_3678,6.55449474664197,Upregulated
EN_HMR_3679,6.55449513878961,Upregulated
EN_HMR_3680,6.55449474664197,Upregulated
EN_HMR_3681,6.55449474664197,Upregulated
EN_HMR_3682,6.55449474664197,Upregulated
EN_HMR_3684,6.55449486176591,Upregulated
EN_HMR_3685,6.55449486176591,Upregulated
EN_HMR_3686,6.55449486176591,Upregulated
EN_HMR_3687,6.55449486176591,Upregulated
EN_HMR_3688,6.55449486176591,Upregulated
EN_HMR_3689,6.55449486176591,Upregulated
EN_HMR_3690,6.55449486176591,Upregulated
EN_HMR_3692,6.55449486176591,Upregulated
EN_HMR_3694,6.55449486176591,Upregulated
EN_HMR_3695,6.55449486176591,Upregulated
EN_HMR_3696,6.55449486176591,Upregulated
EN_HMR_3698,6.55449486176591,Upregulated
EN_HMR_3699,6.55449486176591,Upregulated
EN_HMR_3701,6.55449486176591,Upregulated
EN_HMR_3703,6.55449486176591,Upregulated
EN_HMR_3704,6.55449486176591,Upregulated
EN_HMR_3705,6.55449486176591,Upregulated
EN_HMR_3706,6.55449486176591,Upregulated
EN_HMR_3707,6.55449486176591,Upregulated
EN_HMR_3708,6.55449486176591,Upregulated
EN_HMR_3709,6.55449486176591,Upregulated
EN_HMR_3710,6.55449486176591,Upregulated
EN_HMR_3711,6.55449486176591,Upregulated
EN_HMR_3712,1.19163320914613,Unchanged
EN_HMR_3713,6.55449701967027,Upregulated
EN_HMR_3714,6.55449497800797,Upregulated
EN_HMR_3715,6.55449701967027,Upregulated
EN_HMR_3716,6.55449701967027,Upregulated
EN_HMR_3717,6.55449701967027,Upregulated
EN_HMR_3718,6.55449701967027,Upregulated
EN_HMR_3719,6.55449701967027,Upregulated
EN_HMR_3721,19.899730810641,Upregulated
EN_HMR_3722,6.55449474664197,Upregulated
EN_HMR_3723,37.5514812247605,Upregulated
EN_HMR_3724,6.55449474664197,Upregulated
EN_HMR_3725,6.55449474664197,Upregulated
EN_HMR_3726,6.55449471462276,Upregulated
EN_HMR_3727,6.55449474664197,Upregulated
EN_HMR_3728,6.55449474664197,Upregulated
EN_HMR_3729,6.55449474664197,Upregulated
EN_HMR_3734,6.554495230623,Upregulated
EN_HMR_3736,6.55449474664197,Upregulated
EN_HMR_3737,6.55449474664197,Upregulated
EN_HMR_3738,6.55449513878961,Upregulated
EN_HMR_3739,6.55449474664197,Upregulated
EN_HMR_3740,6.55449474664197,Upregulated
EN_HMR_3741,6.55449474664197,Upregulated
EN_HMR_3831,39.0279084227362,Upregulated
EN_HMR_3855,1,Unchanged
EN_HMR_3915,14.8239151543007,Upregulated
EN_HMR_3966,6.01305137926935,Upregulated
EN_HMR_4078,9.91305762164267,Upregulated
EN_HMR_4079,9.91305677575532,Upregulated
EN_HMR_4124,4.36965034564959,Upregulated
EN_HMR_4182,1,Unchanged
EN_HMR_4261,1.52084205296503e-06,Downregulated
EN_HMR_4266,0.643348599481368,Unchanged
EN_HMR_4270,628126.377815394,Upregulated
EN_HMR_4278,5.41707593287124e-07,Downregulated
EN_HMR_4592,4.36965083492823,Upregulated
EN_HMR_4630,8.80859134847984,Upregulated
EN_HMR_4696,6.41695912104572,Upregulated
EN_HMR_4757,19.8247885534315,Upregulated
EN_HMR_4764,17.5561635321745,Upregulated
EN_HMR_4771,18.2736314580504,Upregulated
EN_HMR_4776,9.36528848800321,Upregulated
EN_HMR_4777,9.20381358048317,Upregulated
EN_HMR_5101,51.7018054321336,Upregulated
EN_HMR_5301,1,Unchanged
EN_HMR_5387,9.24764018102262,Upregulated
EN_HMR_5389,9.24764018102262,Upregulated
EN_HMR_5420,17.5561632786542,Upregulated
EN_HMR_6385,3.38721522276288,Upregulated
EN_HMR_6511,17.7296451246604,Upregulated
EN_HMR_6515,4.37590933492747,Upregulated
EN_HMR_6533,1,Unchanged
EN_HMR_6534,1,Unchanged
EN_HMR_6545,6.6661141347244,Upregulated
EN_HMR_6550,13.332225945667,Upregulated
EN_HMR_6558,6.66611375531191,Upregulated
EN_HMR_6564,6.6661135154607,Upregulated
EN_HMR_6572,49618778.1253278,Upregulated
EN_HMR_6583,6381249.05406052,Upregulated
EN_HMR_6584,6.66611382481723,Upregulated
EN_HMR_6595,6.66611851400983,Upregulated
EN_HMR_6617,1.43053570210891e-07,Downregulated
EN_HMR_6619,1.43053570210891e-07,Downregulated
EN_HMR_6629,1.12199241112234,Unchanged
EN_HMR_6632,1.12199251268659,Unchanged
EN_HMR_6633,1.1219924620056,Unchanged
EN_HMR_6647,1.1219923719916,Unchanged
EN_HMR_6729,20.8303312555959,Upregulated
EN_HMR_6755,29.8786821476805,Upregulated
EN_HMR_6790,1,Unchanged
EN_HMR_6826,6.59386919080043,Upregulated
EN_HMR_6834,6.59386919080043,Upregulated
EN_HMR_6838,6.59386847739985,Upregulated
EN_HMR_6839,6.59386501775386,Upregulated
EN_HMR_6844,6.59386953497381,Upregulated
EN_HMR_6850,6.59386953497381,Upregulated
EN_HMR_6907,8.02945880131763,Upregulated
EN_HMR_6908,8.02945880131763,Upregulated
EN_HMR_6909,8.02945880131763,Upregulated
EN_HMR_6910,8.02945880131763,Upregulated
EN_HMR_7198,4.36965045059248,Upregulated
EN_HMR_7278,1.06368768787391,Unchanged
EN_HMR_7628,6.27121589652276,Upregulated
EN_HMR_7652,6.66611384137817,Upregulated
EN_HMR_7703,13.5656281236732,Upregulated
EN_HMR_7711,2.12672095492526e-06,Downregulated
EN_HMR_7712,5.41707593287124e-07,Downregulated
EN_HMR_7715,6.66611283727851,Upregulated
EN_HMR_7720,6.66611298542523,Upregulated
EN_HMR_7724,6.66611400679463,Upregulated
EN_HMR_7727,1.75854942827682e-06,Downregulated
EN_HMR_7748,0.564895564182158,Unchanged
EN_HMR_7749,0.564895564182158,Unchanged
EN_HMR_7755,2.34286205696056,Upregulated
EN_HMR_7756,6.27121589652276,Upregulated
EN_HMR_7757,11.5970692841099,Upregulated
EN_HMR_7758,0.341190055962532,Downregulated
EN_HMR_8395,5.72904884662207,Upregulated
EN_HMR_8397,7.21550140737614,Upregulated
EN_HMR_8399,5.72904928796568,Upregulated
EN_HMR_8475,4.74765425057022e-06,Downregulated
EN_HMR_8476,0.666666753720164,Unchanged
EN_HMR_8501,1,Unchanged
EN_HMR_8505,NaN,Unchanged
EN_HMR_8510,NaN,Unchanged
EN_HMR_8562,17.6725879547512,Upregulated
EN_HMR_8670,1,Unchanged
EN_HMR_8776,19.9636431529866,Upregulated
EN_HMR_9191,1,Unchanged
EN_HMR_9590,1,Unchanged
EN_HMR_9625,5.7290496659131,Upregulated
EN_HMR_9627,3.38721522276288,Upregulated
EN_HMR_9634,17.3872267477958,Upregulated
EN_HMR_9639,7.8753893830482,Upregulated
EN_HMR_9640,3.38721555405066,Upregulated
EN_HMR_9676,17.6725879547512,Upregulated
EN_HMR_9678,12.9066353657613,Upregulated
EN_HMR_9680,1.65352826900271,Unchanged
EN_HMR_9716,6.03737790227549,Upregulated
EN_HMR_9719,2.27916328633508,Upregulated
EN_HMR_9803,6.01305124732032,Upregulated
EN_HMR_9804,6.01305124732032,Upregulated
EN_HMR_9805,11.2099420106937,Upregulated
EN_HMR_2957,6.55449567961558,Upregulated
EN_HMR_6580,6.66611382481723,Upregulated
EN_HMR_1635,2.91577514545492,Upregulated
EN_HMR_1484,0.385599926697117,Downregulated
EN_HMR_1467,0.385599915993459,Downregulated
EN_HMR_1644,2.91577505782668,Upregulated
EN_HMR_4772,18.2736314580504,Upregulated
EN_HMR_1500,0.385599887256106,Downregulated
EN_12DHCHOLabc,6.66611375532274,Upregulated
EN_12DHCHOLt,6.66611375532274,Upregulated
EN_3DHCDCHOLt,1.00000052232109,Unchanged
EN_3DHCDCHOLt2,1,Unchanged
EN_3DHCHOLt,1.000000522321,Unchanged
EN_3DHCHOLt2,1,Unchanged
EN_3DHDCAt,1.000000522321,Unchanged
EN_3DHDCAt2,1,Unchanged
EN_3DHLCAt,1.000000522321,Unchanged
EN_3DHLCAt2,1,Unchanged
EN_7DHCDCHOLabc,6.66611296705147,Upregulated
EN_7DHCDCHOLt,6.66611296705147,Upregulated
EN_7DHCHOLabc,6.66611375048672,Upregulated
EN_7DHCHOLt,6.66611375048672,Upregulated
EN_COPROSTabc,6.66611360249222,Upregulated
EN_COPROSTt,6.66611360249222,Upregulated
EN_HYOCHOLt,1.00000052232101,Unchanged
EN_HYOCHOLt2,1,Unchanged
EN_ICDCHOLabc,6.66611375193344,Upregulated
EN_ICDCHOLt,6.66611375193344,Upregulated
EN_ISOCHOLabc,6.66611375193344,Upregulated
EN_ISOCHOLt,6.66611375193344,Upregulated
EN_THYOCHOLt,1.000000522321,Unchanged
EN_THYOCHOLt2,1,Unchanged
EN_UCHOLabc,6.66611357129309,Upregulated
EN_UCHOLt,6.66611357129309,Upregulated
EN_UDCHOLt,1.00000052232097,Unchanged
EN_ATVACIDMCTtu,1,Unchanged
EN_ATVACIDtdu,1,Unchanged
EN_CRVSM1hr,1.26221463328908,Unchanged
EN_CRVSM23hr,1.26221463328908,Unchanged
EN_CVM1GLUChc,1.26221463328908,Unchanged
EN_CVM23GLUChc,1.26221463328908,Unchanged
EN_SMVACIDhep,1.26221468578659,Unchanged
EN_SMVGLUChep,1.26221468578659,Unchanged
EN_sink_his_L[c],1,Unchanged
EN_sink_ile_L[c],1,Unchanged
EN_sink_leu_L[c],2.07559737680161,Upregulated
EN_sink_lys_L[c],1709854.18880859,Upregulated
EN_sink_met_L[c],1,Unchanged
EN_sink_phe_L[c],1,Unchanged
EN_sink_thr_L[c],1,Unchanged
EN_sink_trp_L[c],1,Unchanged
EN_sink_val_L[c],1,Unchanged
EN_sink_ala_L[c],1,Unchanged
EN_sink_arg_L[c],1.99999120637192,Unchanged
EN_sink_asn_L[c],1682683.8240359,Upregulated
EN_sink_gln_L[c],52.08989336073,Upregulated
EN_sink_pro_L[c],1,Unchanged
EN_sink_ser_L[c],0.199354289194943,Downregulated
EN_sink_tyr_L[c],1,Unchanged
EN_sink_4abut[l],15.8947138832714,Upregulated
EN_DM_4glu56dihdind[c],9.62675362551266,Upregulated
EN_DM_4abut[c],16.9332541705753,Upregulated
EN_DM_btn[m],4.74765447548217e-06,Downregulated
EN_DCMPtm,4.74765425057022e-06,Downregulated
EN_ATPS4mi,5.84563983829513,Upregulated
EN_CYOR_u10mi,7.86665452078261,Upregulated
EN_NADH2_u10mi,7.86665087029535,Upregulated
EN_CYOOm3i,7.86665444983388,Upregulated
Tr1mncam[e]_EN2Bl,6.00521046485571,Upregulated
Tr2hb[e]_EN2Bl,8.50750725740879,Upregulated
Tr34dhoxpeg[e]_EN2Bl,20.8303297322469,Upregulated
Tr3mlda[e]_EN2Bl,10.8083957319441,Upregulated
Tracetone[e]_EN2Bl,766.470135621655,Upregulated
Trnh4[e]_EN2Bl,26.6669202729333,Upregulated
Trade[e]_EN2Bl,6.41806379639902,Upregulated
Trala_B[e]_EN2Bl,9.91305713274869,Upregulated
Trbilirub[e]_EN2Bl,17.5561691537069,Upregulated
Troxa[e]_EN2Bl,19.8508832642834,Upregulated
Trclpnd[e]_EN2Bl,6.1100339381346,Upregulated
Trco[e]_EN2Bl,17.5561632786542,Upregulated
Trcrvnc[e]_EN2Bl,4.57157411081116,Upregulated
Trlac_D[e]_EN2Bl,NaN,Unchanged
Trdopasf[e]_EN2Bl,7.86821631662434,Upregulated
Trelaid[e]_EN2Bl,13.9970103877299,Upregulated
Trglyc_S[e]_EN2Bl,9.08084871204691,Upregulated
Trgthox[e]_EN2Bl,6.3452557234361,Upregulated
Trhdcea[e]_EN2Bl,16.230853493108,Upregulated
TrleuktrB4[e]_EN2Bl,7.77872222695818,Upregulated
Trlneldc[e]_EN2Bl,6.95618712656617,Upregulated
Trlnlc[e]_EN2Bl,1.00000025937523,Unchanged
Trlnlncg[e]_EN2Bl,4.56818924801558,Upregulated
Trnrpphrsf[e]_EN2Bl,7.9585859396053,Upregulated
Trretnglc[e]_EN2Bl,1.12199239472078,Unchanged
Trtmndnc[e]_EN2Bl,7.55920627897454,Upregulated
Trtsul[e]_EN2Bl,4.37590933324422,Upregulated
Trtymsf[e]_EN2Bl,7.27024420263451,Upregulated
Trnac[e]_EN2Bl,381.039162378006,Upregulated
Trorn[e]_EN2Bl,62.5191112428631,Upregulated
Trribflv[e]_EN2Bl,9.75251442307201,Upregulated
Trurea[e]_EN2Bl,7.87538734658426,Upregulated
Trprpp[e]_EN2Bl,4.49687895600662,Upregulated
Trco2[e]_EN2Bl,66.2388673376631,Upregulated
Trglcur[e]_EN2Bl,881.38228210861,Upregulated
TrCE0074[e]_EN2Bl,7.87538938318804,Upregulated
Tr3bcrn[e]_EN2Bl,NaN,Unchanged
Trc101crn[e]_EN2Bl,NaN,Unchanged
Trc10crn[e]_EN2Bl,NaN,Unchanged
Tr3tetd7ecoacrn[e]_EN2Bl,NaN,Unchanged
Tr3ttetddcoacrn[e]_EN2Bl,NaN,Unchanged
Tr3thexddcoacrn[e]_EN2Bl,NaN,Unchanged
Trc3dc[e]_EN2Bl,NaN,Unchanged
Trc81crn[e]_EN2Bl,NaN,Unchanged
Tr3ddcrn[e]_EN2Bl,NaN,Unchanged
Trddeccrn[e]_EN2Bl,NaN,Unchanged
Trddece1crn[e]_EN2Bl,NaN,Unchanged
Tr3deccrn[e]_EN2Bl,NaN,Unchanged
Trdecdicrn[e]_EN2Bl,NaN,Unchanged
Tr3hdececrn[e]_EN2Bl,NaN,Unchanged
Tr3hexdcrn[e]_EN2Bl,NaN,Unchanged
Tr3ivcrn[e]_EN2Bl,NaN,Unchanged
Tr3octdec2crn[e]_EN2Bl,NaN,Unchanged
Tr3octdeccrn[e]_EN2Bl,NaN,Unchanged
Tr3octdece1crn[e]_EN2Bl,NaN,Unchanged
Tr3tdcrn[e]_EN2Bl,NaN,Unchanged
Trc51crn[e]_EN2Bl,NaN,Unchanged
Trivcrn[e]_EN2Bl,NaN,Unchanged
Trtetdec2crn[e]_EN2Bl,NaN,Unchanged
Trtetdece1crn[e]_EN2Bl,NaN,Unchanged
Trglypro[e]_EN2Bl,1,Unchanged
Trq10h2[e]_EN2Bl,7.97349996213412,Upregulated
Tr5mta[e]_EN2Bl,14.2732212765072,Upregulated
Traicar[e]_EN2Bl,6.94624171294969,Upregulated
Tridour[e]_EN2Bl,4.77597526211164,Upregulated
Trcala[e]_EN2Bl,0.0291153121462497,Downregulated
TrL2aadp[e]_EN2Bl,2.9086365601321,Upregulated
Trpcholmyr_hs[e]_EN2Bl,5.89781125305572,Upregulated
Trpcholole_hs[e]_EN2Bl,5.89781137643695,Upregulated
Trpcholste_hs[e]_EN2Bl,5.8978108689738,Upregulated
Trpcholn204_hs[e]_EN2Bl,5.89780981777128,Upregulated
Trpcholn24_hs[e]_EN2Bl,5.89781115238454,Upregulated
Trpcholhep_hs[e]_EN2Bl,5.89781103354626,Upregulated
Tr4aabutn[e]_EN2Bl,18.3224402794946,Upregulated
TrC14768[e]_EN2Bl,10.3390709071845,Upregulated
TrC14769[e]_EN2Bl,10.3390511743427,Upregulated
TrC14770[e]_EN2Bl,8.44266194262743,Upregulated
TrC14771[e]_EN2Bl,8.44266145284472,Upregulated
TrC14826[e]_EN2Bl,8.73834828456839,Upregulated
TrCE2445[e]_EN2Bl,6.88461432698228,Upregulated
TrleuktrB4woh[e]_EN2Bl,7.3278240462567,Upregulated
Trgalt[e]_EN2Bl,0.193523115166106,Downregulated
Trind3ac[e]_EN2Bl,23.6801954257792,Upregulated
Trpheacgly[e]_EN2Bl,6.3791536693218,Upregulated
Trdhbpt[e]_EN2Bl,8.41234055833289,Upregulated
Trtrpglyleu[e]_EN2Bl,1,Unchanged
Trhomoval[e]_EN2Bl,5.64191203807385,Upregulated
Tracgal[e]_EN2Bl,16.9332452178453,Upregulated
Trglcr[e]_EN2Bl,1.32813191273137,Unchanged
Tracald[e]_EN2Bl,2.40443050425834,Upregulated
Trphpyr[e]_EN2Bl,24.805056897235,Upregulated
Tr2hyoxplac[e]_EN2Bl,14.1275537834341,Upregulated
Tr2m3hvac[e]_EN2Bl,562.433753224635,Upregulated
Trmvlac[e]_EN2Bl,12.7331250800885,Upregulated
Tr3hadpac[e]_EN2Bl,0,Downregulated
Tr3ohsebac[e]_EN2Bl,7.53228675824704,Upregulated
Tr3ohsubac[e]_EN2Bl,7.69440289529427,Upregulated
Trhexgly[e]_EN2Bl,6.23227406502268,Upregulated
Trsubgly[e]_EN2Bl,7.64940452869415,Upregulated
TrC05769[e]_EN2Bl,18.2736314580504,Upregulated
Trmhista[e]_EN2Bl,9.19235916393859,Upregulated
TrCE2006[e]_EN2Bl,8.90472483292737,Upregulated
Trppp9[e]_EN2Bl,19.8247885534315,Upregulated
Trmelatn[e]_EN2Bl,12.1342722607043,Upregulated
Trsphings[e]_EN2Bl,11.2415289074991,Upregulated
Trim4ac[e]_EN2Bl,23.6801949534957,Upregulated
Trdopa4glcur[e]_EN2Bl,3.44628791222486,Upregulated
Trdopa3glcur[e]_EN2Bl,3.44628799500302,Upregulated
Tr34dhpe[e]_EN2Bl,4.56819038846684,Upregulated
TrC01601[e]_EN2Bl,8.90472484915617,Upregulated
Diet_EX_1mncam[e],1.00906973986306,Unchanged
Diet_EX_2425dhvitd3[e],1.14681727370414,Unchanged
Diet_EX_2hb[e],0.000313630938702313,Downregulated
Diet_EX_34dhoxpeg[e],1296442.5516295,Upregulated
Diet_EX_3mlda[e],4.87354322476617,Upregulated
Diet_EX_4pyrdx[e],3.80455864505152,Upregulated
Diet_EX_acetone[e],32766.2078885688,Upregulated
Diet_EX_ac[e],0.416020306255616,Downregulated
Diet_EX_acn13acngalgbside_hs[e],9.653321020316,Upregulated
Diet_EX_acnacngalgbside_hs[e],3.11583136572212,Upregulated
Diet_EX_nh4[e],4.01657155376424,Upregulated
Diet_EX_ade[e],0.359736183102574,Downregulated
Diet_EX_ala_D[e],1,Unchanged
Diet_EX_lys_L[e],1.86615801887849e-07,Downregulated
Diet_EX_asp_L[e],1,Unchanged
Diet_EX_pi[e],1372089.1192226,Upregulated
Diet_EX_amp[e],0.268182114644475,Downregulated
Diet_EX_ala_B[e],2.96818507916472,Upregulated
Diet_EX_bilirub[e],14.6332221739954,Upregulated
Diet_EX_oxa[e],17.4169828784244,Upregulated
Diet_EX_clpnd[e],5.71102770251913,Upregulated
Diet_EX_co[e],14.6332223493719,Upregulated
Diet_EX_crvnc[e],4.48772355986954,Upregulated
Diet_EX_lac_D[e],262729.032894032,Upregulated
Diet_EX_dopasf[e],7.8682169683586,Upregulated
Diet_EX_elaid[e],3.68829703653573,Upregulated
Diet_EX_35cgmp[e],0.76177887660441,Unchanged
Diet_EX_3aib[e],6.88129582289717,Upregulated
Diet_EX_4hphac[e],7.09811287567572,Upregulated
Diet_EX_camp[e],0.767172054060897,Unchanged
Diet_EX_fucgalgbside_hs[e],1.80849528064482,Unchanged
Diet_EX_glyc_S[e],3.9701587701541,Upregulated
Diet_EX_gthox[e],2.86061968535048,Upregulated
Diet_EX_hdcea[e],10.5512321943491,Upregulated
Diet_EX_leuktrB4[e],1,Unchanged
Diet_EX_leuktrD4[e],3.50398478741585,Upregulated
Diet_EX_leuktrE4[e],1.22509054236305,Unchanged
Diet_EX_lneldc[e],6.95618712656617,Upregulated
Diet_EX_lnlc[e],1,Unchanged
Diet_EX_lnlncg[e],1345.41469208995,Upregulated
Diet_EX_no[e],8.13439058037346,Upregulated
Diet_EX_nrpphrsf[e],7.9585859396053,Upregulated
Diet_EX_prostge1[e],55.1352357787049,Upregulated
Diet_EX_prostge2[e],31.9986658061391,Upregulated
Diet_EX_retnglc[e],4.10751758368797,Upregulated
Diet_EX_thf[e],1,Unchanged
Diet_EX_thym[e],2.19472810767942,Upregulated
Diet_EX_tmndnc[e],7.55920627897454,Upregulated
Diet_EX_tsul[e],4.50704079010685,Upregulated
Diet_EX_ttdca[e],0.0695749622768675,Downregulated
Diet_EX_tymsf[e],7.27024412106144,Upregulated
Diet_EX_urate[e],0.0590912574646599,Downregulated
Diet_EX_xoltri27[e],8.87724992158562,Upregulated
Diet_EX_xylt[e],0.434872039104122,Downregulated
Diet_EX_nac[e],0.900159865570225,Unchanged
Diet_EX_ribflv[e],7.00075570442345,Upregulated
Diet_EX_so4[e],54.8524399881175,Upregulated
Diet_EX_urea[e],3152353.54178196,Upregulated
Diet_EX_prpp[e],4.49687895600662,Upregulated
Diet_EX_pydx5p[e],6.26627999515139e-07,Downregulated
Diet_EX_ppi[e],0.875739943554934,Unchanged
Diet_EX_ptrc[e],17.8660958047603,Upregulated
Diet_EX_co2[e],14.438534078277,Upregulated
Diet_EX_acac[e],10.4868811999087,Upregulated
Diet_EX_lac_L[e],287417.964106922,Upregulated
Diet_EX_HC02205[e],0.258264099445098,Downregulated
Diet_EX_HC02213[e],11.7578321367784,Upregulated
Diet_EX_glcur[e],590547.121782253,Upregulated
Diet_EX_CE0074[e],10.4686500855549,Upregulated
Diet_EX_3bcrn[e],NaN,Unchanged
Diet_EX_c101crn[e],NaN,Unchanged
Diet_EX_c10crn[e],NaN,Unchanged
Diet_EX_3tetd7ecoacrn[e],NaN,Unchanged
Diet_EX_3ttetddcoacrn[e],NaN,Unchanged
Diet_EX_3thexddcoacrn[e],NaN,Unchanged
Diet_EX_c3dc[e],NaN,Unchanged
Diet_EX_c81crn[e],NaN,Unchanged
Diet_EX_c8crn[e],NaN,Unchanged
Diet_EX_3ddcrn[e],NaN,Unchanged
Diet_EX_ddeccrn[e],NaN,Unchanged
Diet_EX_ddece1crn[e],NaN,Unchanged
Diet_EX_3deccrn[e],NaN,Unchanged
Diet_EX_decdicrn[e],NaN,Unchanged
Diet_EX_docosdiac[e],21.3447170141837,Upregulated
Diet_EX_3hdececrn[e],NaN,Unchanged
Diet_EX_3hexdcrn[e],NaN,Unchanged
Diet_EX_3ivcrn[e],NaN,Unchanged
Diet_EX_3octdec2crn[e],NaN,Unchanged
Diet_EX_3octdeccrn[e],NaN,Unchanged
Diet_EX_3octdece1crn[e],NaN,Unchanged
Diet_EX_3tdcrn[e],NaN,Unchanged
Diet_EX_c51crn[e],NaN,Unchanged
Diet_EX_ivcrn[e],NaN,Unchanged
Diet_EX_tetdec2crn[e],NaN,Unchanged
Diet_EX_tetdece1crn[e],NaN,Unchanged
Diet_EX_glypro[e],1,Unchanged
Diet_EX_leuleu[e],1,Unchanged
Diet_EX_progly[e],1,Unchanged
Diet_EX_slfcys[e],26.7099010624153,Upregulated
Diet_EX_q10h2[e],3.81106504502525,Upregulated
Diet_EX_5mta[e],5.01314385566754,Upregulated
Diet_EX_5oxpro[e],6.41171035614314e-06,Downregulated
Diet_EX_aicar[e],0.851233315952977,Unchanged
Diet_EX_idour[e],0.888842234675095,Unchanged
Diet_EX_cala[e],0.115416519438567,Downregulated
Diet_EX_L2aadp[e],2.9086365601321,Upregulated
Diet_EX_argsuc[e],62.242293568977,Upregulated
Diet_EX_pcholmyr_hs[e],3.12954897080657,Upregulated
Diet_EX_pcholole_hs[e],3.12954878617668,Upregulated
Diet_EX_pcholste_hs[e],3.12954989175849,Upregulated
Diet_EX_pcholn204_hs[e],3.12954880342295,Upregulated
Diet_EX_pcholn24_hs[e],3.12954895739752,Upregulated
Diet_EX_pcholhep_hs[e],3.12954923670854,Upregulated
Diet_EX_magste_hs[e],110162.03019928,Upregulated
Diet_EX_4aabutn[e],15.5626386122847,Upregulated
Diet_EX_C04805[e],3.5772174367493,Upregulated
Diet_EX_C06314[e],4.78267229061497,Upregulated
Diet_EX_C14768[e],10.7308056137553,Upregulated
Diet_EX_C14769[e],10.7308056137553,Upregulated
Diet_EX_C14770[e],8.44266188407557,Upregulated
Diet_EX_C14771[e],8.44266208324701,Upregulated
Diet_EX_C14826[e],8.73834888136539,Upregulated
Diet_EX_CE2445[e],6.8846143252252,Upregulated
Diet_EX_dodecanac[e],2.59156894229353,Upregulated
Diet_EX_leuktrB4wcooh[e],6.608810587223,Upregulated
Diet_EX_leuktrB4woh[e],7.32782510688885,Upregulated
Diet_EX_subeac[e],6.70298777678157,Upregulated
Diet_EX_galt[e],15.8090691308109,Upregulated
Diet_EX_glyclt[e],1.92114119004001,Unchanged
Diet_EX_ind3ac[e],15.9393747371181,Upregulated
Diet_EX_pac[e],7.0981120450547,Upregulated
Diet_EX_ddca[e],275517.809301034,Upregulated
Diet_EX_pheacgly[e],7.15002838705707,Upregulated
Diet_EX_dhbpt[e],7.03313452646223,Upregulated
Diet_EX_argalaala[e],235048.350190195,Upregulated
Diet_EX_argglygly[e],1.31236895177246,Unchanged
Diet_EX_trpglyleu[e],117523.971848962,Upregulated
Diet_EX_homoval[e],1.0785268915056,Unchanged
Diet_EX_acgal[e],1.59711278468183,Unchanged
Diet_EX_2obut[e],3.79425016155389,Upregulated
Diet_EX_gua[e],608752.037425582,Upregulated
Diet_EX_glcr[e],3.41005863252935,Upregulated
Diet_EX_hxan[e],0.850623568113417,Unchanged
Diet_EX_xyl_D[e],1.17238754890186,Unchanged
Diet_EX_acald[e],287417.965149386,Upregulated
Diet_EX_phpyr[e],1.30659238107251,Unchanged
Diet_EX_2hyoxplac[e],14.1275550395146,Upregulated
Diet_EX_3mox4hoxm[e],7.53940414161744,Upregulated
Diet_EX_CE4970[e],1.68697126686311,Unchanged
Diet_EX_CE2026[e],6.16700708741876,Upregulated
Diet_EX_CE4968[e],1.68697128673633,Unchanged
Diet_EX_vanillac[e],2.90962105181521,Upregulated
Diet_EX_2m3hvac[e],0.329028899848497,Downregulated
Diet_EX_3mglutac[e],1.80068206282007,Unchanged
Diet_EX_mvlac[e],0.637956368858698,Unchanged
Diet_EX_tiggly[e],0.269654207954505,Downregulated
Diet_EX_3hadpac[e],0,Downregulated
Diet_EX_3ohsebac[e],8.66332531312834,Upregulated
Diet_EX_3ohsubac[e],8.72198372134691,Upregulated
Diet_EX_hexgly[e],0.000229363726982902,Downregulated
Diet_EX_subgly[e],8.20590735840154,Upregulated
Diet_EX_C05769[e],6.2314257264415,Upregulated
Diet_EX_mhista[e],0.847459939934896,Unchanged
Diet_EX_CE2006[e],8.90472400487754,Upregulated
Diet_EX_ppp9[e],11.0260858716756,Upregulated
Diet_EX_trypta[e],2.38136304391827,Upregulated
Diet_EX_CE2705[e],5.44087521398078,Upregulated
Diet_EX_CE1918[e],5.1699711672677,Upregulated
Diet_EX_xol24oh[e],412.533398550591,Upregulated
Diet_EX_xol25oh[e],2.22800111083658,Upregulated
Diet_EX_chsterols[e],693.969545013736,Upregulated
Diet_EX_melatn[e],12.1342722607043,Upregulated
Diet_EX_sphings[e],1189334.25647891,Upregulated
Diet_EX_im4ac[e],15.9393743733078,Upregulated
Diet_EX_dopa4glcur[e],6.17759749179411,Upregulated
Diet_EX_dopa3glcur[e],6.17759741139707,Upregulated
Diet_EX_34dhpe[e],287417.975724289,Upregulated
Diet_EX_M02745[e],2.38893206259537,Upregulated
Diet_EX_C01601[e],8.90472447827954,Upregulated
Diet_EX_M01966[e],1.24176367898311,Unchanged
Diet_EX_dolichol_L[e],2.67709086174532,Upregulated
Diet_EX_cdca3g[e],0.725350775909005,Unchanged
Diet_EX_dca3g[e],0.588182901921392,Unchanged
Exit_EX_1mncam[e],1.0090697692205,Unchanged
Exit_EX_2425dhvitd3[e],1.14681727370414,Unchanged
Exit_EX_2hb[e],0.000313544517250616,Downregulated
Exit_EX_34dhoxpeg[e],1296442.5236293,Upregulated
Exit_EX_3mlda[e],4.8735429899099,Upregulated
Exit_EX_4pyrdx[e],3.80455862864161,Upregulated
Exit_EX_acetone[e],32766.2075299577,Upregulated
Exit_EX_ac[e],0.416020306245482,Downregulated
Exit_EX_acn13acngalgbside_hs[e],9.65331986826611,Upregulated
Exit_EX_acnacngalgbside_hs[e],3.11583142542047,Upregulated
Exit_EX_nh4[e],4.01657161829458,Upregulated
Exit_EX_ade[e],0.359736183098558,Downregulated
Exit_EX_ala_D[e],1,Unchanged
Exit_EX_pi[e],1372088.96173342,Upregulated
Exit_EX_amp[e],0.268182122903021,Downregulated
Exit_EX_ala_B[e],2.96818507900119,Upregulated
Exit_EX_bilirub[e],14.6332219193863,Upregulated
Exit_EX_oxa[e],17.4169839324446,Upregulated
Exit_EX_clpnd[e],5.71102724358542,Upregulated
Exit_EX_co[e],14.633222759787,Upregulated
Exit_EX_crvnc[e],4.4877229454016,Upregulated
Exit_EX_lac_D[e],0.460099725223668,Downregulated
Exit_EX_dopasf[e],7.86821664339985,Upregulated
Exit_EX_elaid[e],3.6882974034937,Upregulated
Exit_EX_35cgmp[e],0.761778966800554,Unchanged
Exit_EX_3aib[e],6.88129582289717,Upregulated
Exit_EX_4hphac[e],7.09811286991483,Upregulated
Exit_EX_camp[e],0.767172092234019,Unchanged
Exit_EX_fucgalgbside_hs[e],1.80849521509273,Unchanged
Exit_EX_glyc_S[e],3.97015846116123,Upregulated
Exit_EX_gthox[e],2.86061959870891,Upregulated
Exit_EX_hdcea[e],10.551232100982,Upregulated
Exit_EX_leuktrB4[e],1,Unchanged
Exit_EX_leuktrD4[e],3.50398496476662,Upregulated
Exit_EX_leuktrE4[e],1.22509055996561,Unchanged
Exit_EX_lneldc[e],6.95618712656617,Upregulated
Exit_EX_lnlc[e],1,Unchanged
Exit_EX_lnlncg[e],1345.41472983102,Upregulated
Exit_EX_no[e],8.13439069149753,Upregulated
Exit_EX_nrpphrsf[e],7.9585859396053,Upregulated
Exit_EX_prostge1[e],55.1352357787049,Upregulated
Exit_EX_prostge2[e],31.9986658061391,Upregulated
Exit_EX_retnglc[e],4.10751763131611,Upregulated
Exit_EX_thf[e],1,Unchanged
Exit_EX_thym[e],2.19472810767942,Upregulated
Exit_EX_tmndnc[e],7.55920627897454,Upregulated
Exit_EX_tsul[e],4.50704138351984,Upregulated
Exit_EX_tymsf[e],7.27024440274238,Upregulated
Exit_EX_xoltri27[e],8.87724992158562,Upregulated
Exit_EX_nac[e],0.900159911444094,Unchanged
Exit_EX_ribflv[e],7.00075614454518,Upregulated
Exit_EX_so4[e],54.8524337069534,Upregulated
Exit_EX_urea[e],3152353.74088398,Upregulated
Exit_EX_prpp[e],4.49687895600662,Upregulated
Exit_EX_pydx5p[e],6.26627977687266e-07,Downregulated
Exit_EX_ppi[e],0.875739972054909,Unchanged
Exit_EX_ptrc[e],17.8660958047603,Upregulated
Exit_EX_co2[e],14.4385350173815,Upregulated
Exit_EX_acac[e],5.4729774083512e-05,Downregulated
Exit_EX_lac_L[e],41024.6931924215,Upregulated
Exit_EX_HC02205[e],0.258264099445098,Downregulated
Exit_EX_HC02213[e],11.7578319676868,Upregulated
Exit_EX_glcur[e],590547.139540008,Upregulated
Exit_EX_CE0074[e],10.4686498616465,Upregulated
Exit_EX_3bcrn[e],NaN,Unchanged
Exit_EX_c101crn[e],NaN,Unchanged
Exit_EX_c10crn[e],NaN,Unchanged
Exit_EX_3tetd7ecoacrn[e],NaN,Unchanged
Exit_EX_3ttetddcoacrn[e],NaN,Unchanged
Exit_EX_3thexddcoacrn[e],NaN,Unchanged
Exit_EX_c3dc[e],NaN,Unchanged
Exit_EX_c81crn[e],NaN,Unchanged
Exit_EX_c8crn[e],NaN,Unchanged
Exit_EX_3ddcrn[e],NaN,Unchanged
Exit_EX_ddeccrn[e],NaN,Unchanged
Exit_EX_ddece1crn[e],NaN,Unchanged
Exit_EX_3deccrn[e],NaN,Unchanged
Exit_EX_decdicrn[e],NaN,Unchanged
Exit_EX_docosdiac[e],21.3447160585208,Upregulated
Exit_EX_3hdececrn[e],NaN,Unchanged
Exit_EX_3hexdcrn[e],NaN,Unchanged
Exit_EX_3ivcrn[e],NaN,Unchanged
Exit_EX_3octdec2crn[e],NaN,Unchanged
Exit_EX_3octdeccrn[e],NaN,Unchanged
Exit_EX_3octdece1crn[e],NaN,Unchanged
Exit_EX_3tdcrn[e],NaN,Unchanged
Exit_EX_c51crn[e],NaN,Unchanged
Exit_EX_ivcrn[e],NaN,Unchanged
Exit_EX_tetdec2crn[e],NaN,Unchanged
Exit_EX_tetdece1crn[e],NaN,Unchanged
Exit_EX_glypro[e],1,Unchanged
Exit_EX_leuleu[e],1,Unchanged
Exit_EX_progly[e],1,Unchanged
Exit_EX_slfcys[e],26.709902374,Upregulated
Exit_EX_q10h2[e],3.81106538814327,Upregulated
Exit_EX_5mta[e],5.01314287751056,Upregulated
Exit_EX_5oxpro[e],6.41171201497046e-06,Downregulated
Exit_EX_aicar[e],0.851233315949707,Unchanged
Exit_EX_idour[e],0.888842268138921,Unchanged
Exit_EX_cala[e],0.11541651481327,Downregulated
Exit_EX_L2aadp[e],2.9086365601321,Upregulated
Exit_EX_argsuc[e],62.2422911808969,Upregulated
Exit_EX_pcholmyr_hs[e],3.12954899420608,Upregulated
Exit_EX_pcholole_hs[e],3.12954923691886,Upregulated
Exit_EX_pcholste_hs[e],3.12954844115239,Upregulated
Exit_EX_pcholn204_hs[e],3.12954894463519,Upregulated
Exit_EX_pcholn24_hs[e],3.12954876271321,Upregulated
Exit_EX_pcholhep_hs[e],3.12954906064263,Upregulated
Exit_EX_magste_hs[e],110162.030199244,Upregulated
Exit_EX_4aabutn[e],15.5626389096975,Upregulated
Exit_EX_C04805[e],3.5772174367493,Upregulated
Exit_EX_C06314[e],4.7826723228705,Upregulated
Exit_EX_C14768[e],10.7308054667108,Upregulated
Exit_EX_C14769[e],10.7309651965561,Upregulated
Exit_EX_C14770[e],8.442661212505,Upregulated
Exit_EX_C14771[e],8.44266139408074,Upregulated
Exit_EX_C14826[e],8.73834928855802,Upregulated
Exit_EX_CE2445[e],6.88461415466057,Upregulated
Exit_EX_dodecanac[e],2.59156894229353,Upregulated
Exit_EX_leuktrB4wcooh[e],6.60881085100307,Upregulated
Exit_EX_leuktrB4woh[e],7.32782472850788,Upregulated
Exit_EX_subeac[e],6.7029877252855,Upregulated
Exit_EX_galt[e],15.8090712400178,Upregulated
Exit_EX_glyclt[e],1.92114302147329,Unchanged
Exit_EX_ind3ac[e],15.9393743686963,Upregulated
Exit_EX_pac[e],7.09811155195594,Upregulated
Exit_EX_ddca[e],275517.826117864,Upregulated
Exit_EX_pheacgly[e],7.15002908599226,Upregulated
Exit_EX_dhbpt[e],7.033134619596,Upregulated
Exit_EX_argalaala[e],235047.945710958,Upregulated
Exit_EX_argglygly[e],1.31236895176,Unchanged
Exit_EX_trpglyleu[e],117524.178505648,Upregulated
Exit_EX_homoval[e],1.07852676583241,Unchanged
Exit_EX_acgal[e],1.59711279111203,Unchanged
Exit_EX_2obut[e],3.79425016156471,Upregulated
Exit_EX_gua[e],608752.037424861,Upregulated
Exit_EX_glcr[e],3.41005847136678,Upregulated
Exit_EX_hxan[e],0.850623568113647,Unchanged
Exit_EX_xyl_D[e],1.17238765983257,Unchanged
Exit_EX_acald[e],287417.96709344,Upregulated
Exit_EX_phpyr[e],0.544918131831276,Unchanged
Exit_EX_2hyoxplac[e],14.12755472252,Upregulated
Exit_EX_3mox4hoxm[e],7.53940423489612,Upregulated
Exit_EX_CE4970[e],1.68697134318619,Unchanged
Exit_EX_CE2026[e],6.16413472145495,Upregulated
Exit_EX_CE4968[e],1.68697112045145,Unchanged
Exit_EX_vanillac[e],2.9096207889058,Upregulated
Exit_EX_2m3hvac[e],0.32902889919197,Downregulated
Exit_EX_3mglutac[e],1.80068207454275,Unchanged
Exit_EX_mvlac[e],0.637956368845416,Unchanged
Exit_EX_tiggly[e],0.269654207954505,Downregulated
Exit_EX_3hadpac[e],0,Downregulated
Exit_EX_3ohsebac[e],8.66332584422368,Upregulated
Exit_EX_3ohsubac[e],8.72198249382417,Upregulated
Exit_EX_hexgly[e],0.000229363671563385,Downregulated
Exit_EX_subgly[e],8.20590321643126,Upregulated
Exit_EX_C05769[e],6.23142632284218,Upregulated
Exit_EX_mhista[e],0.84745924712312,Unchanged
Exit_EX_CE2006[e],8.90472505961309,Upregulated
Exit_EX_ppp9[e],11.0260851615226,Upregulated
Exit_EX_trypta[e],2.38136304391827,Upregulated
Exit_EX_CE2705[e],5.44087520550024,Upregulated
Exit_EX_CE1918[e],5.1699711672677,Upregulated
Exit_EX_xol24oh[e],412.533324032465,Upregulated
Exit_EX_xol25oh[e],2.22800116489159,Upregulated
Exit_EX_chsterols[e],693.969367178374,Upregulated
Exit_EX_melatn[e],12.1342722607043,Upregulated
Exit_EX_sphings[e],1189334.20579269,Upregulated
Exit_EX_im4ac[e],15.9393723610492,Upregulated
Exit_EX_dopa4glcur[e],6.17759697654987,Upregulated
Exit_EX_dopa3glcur[e],6.17759740971187,Upregulated
Exit_EX_34dhpe[e],1.68305099986822,Unchanged
Exit_EX_M02745[e],2.38893203737755,Upregulated
Exit_EX_C01601[e],8.90472403492531,Upregulated
Exit_EX_M01966[e],1.24176370794024,Unchanged
Exit_EX_dolichol_L[e],2.67709073247265,Upregulated
Exit_EX_cdca3g[e],0.725350746878764,Unchanged
Exit_EX_dca3g[e],0.588182886202524,Unchanged
Trh2o_AD2Bl,1.09260257530936,Unchanged
Trh2o_SK2Bl,0.0119369235530505,Downregulated
Trh2o_GN2Bl,14096.3327139863,Upregulated
Trh2o_OO2GN,1.68576447850627,Unchanged
Trh2o_EN2Bl,2.98284237762695,Upregulated
Diet_EX_h2o[e],113.536466317724,Upregulated
Trretinol_AD2Bl,0.999994568804818,Unchanged
Trretinol_SK2Bl,0.999999400137989,Unchanged
Trretinol_GN2Bl,0.960098171262274,Unchanged
Trretinol_OO2GN,0.999999910775,Unchanged
Trretinol_EN2Bl,0.999999999874744,Unchanged
Diet_EX_retinol[e],1,Unchanged
Trthm_AD2Bl,NaN,Unchanged
Trthm_SK2Bl,NaN,Unchanged
Trthm_GN2Bl,NaN,Unchanged
Trthm_OO2GN,NaN,Unchanged
Diet_EX_thm[e],NaN,Unchanged
Trncam_AD2Bl,1358317.19301793,Upregulated
Trncam_SK2Bl,1.26151445316076,Unchanged
Trncam_GN2Bl,1.68510729182297,Unchanged
Trncam_OO2GN,1.26129051797426,Unchanged
Trncam_EN2Bl,6755512.00466416,Upregulated
Diet_EX_ncam[e],NaN,Unchanged
Trpnto_R_AD2Bl,6.2051434092281,Upregulated
Trpnto_R_SK2Bl,6.67692617108889,Upregulated
Trpnto_R_GN2Bl,2.60506205442467,Upregulated
Trpnto_R_OO2GN,56429405.1790974,Upregulated
Trpnto_R_EN2Bl,6.96824874532097,Upregulated
Diet_EX_pnto_R[e],NaN,Unchanged
Trpydam_AD2Bl,NaN,Unchanged
Trpydam_SK2Bl,1,Unchanged
Trpydam_EN2Bl,1,Unchanged
Diet_EX_pydam[e],NaN,Unchanged
Trpydxn_AD2Bl,NaN,Unchanged
Trpydxn_SK2Bl,1,Unchanged
Trpydxn_EN2Bl,1,Unchanged
Diet_EX_pydxn[e],NaN,Unchanged
Trpydx_AD2Bl,0.913251987074224,Unchanged
Trpydx_SK2Bl,1.14701651860387e-06,Downregulated
Trpydx_EN2Bl,3.26500071704588,Upregulated
Diet_EX_pydx[e],NaN,Unchanged
Trbtn_SK2Bl,1.00000159362843,Unchanged
Trbtn_GN2Bl,NaN,Unchanged
Trbtn_OO2GN,NaN,Unchanged
Trbtn_EN2Bl,1.00000158074989,Unchanged
Diet_EX_btn[e],NaN,Unchanged
Tr10fthf_AD2Bl,2.06472687109861,Upregulated
Tr10fthf_SK2Bl,0,Downregulated
Tr10fthf_GN2Bl,83.8861158608626,Upregulated
Tr10fthf_OO2GN,2.56013332303811,Upregulated
Tr10fthf_EN2Bl,154.339984835477,Upregulated
Diet_EX_10fthf[e],NaN,Unchanged
Diet_EX_5mthf[e],NaN,Unchanged
Trascb_L_AD2Bl,NaN,Unchanged
Trascb_L_SK2Bl,NaN,Unchanged
Trascb_L_GN2Bl,NaN,Unchanged
Trascb_L_OO2GN,1.00000006356052,Unchanged
Trascb_L_EN2Bl,NaN,Unchanged
Diet_EX_ascb_L[e],NaN,Unchanged
Diet_EX_vitd3[e],NaN,Unchanged
Travite1_GN2Bl,NaN,Unchanged
Travite1_EN2Bl,NaN,Unchanged
Diet_EX_avite1[e],NaN,Unchanged
Trca2_AD2Bl,NaN,Unchanged
Trca2_SK2Bl,NaN,Unchanged
Trca2_GN2Bl,NaN,Unchanged
Trca2_OO2GN,NaN,Unchanged
Trca2_EN2Bl,NaN,Unchanged
Diet_EX_ca2[e],NaN,Unchanged
Trcl_AD2Bl,NaN,Unchanged
Trcl_SK2Bl,NaN,Unchanged
Trcl_GN2Bl,NaN,Unchanged
Trcl_OO2GN,NaN,Unchanged
Trcl_EN2Bl,NaN,Unchanged
Diet_EX_cl[e],NaN,Unchanged
Trk_AD2Bl,NaN,Unchanged
Trk_SK2Bl,NaN,Unchanged
Trk_GN2Bl,NaN,Unchanged
Trk_OO2GN,NaN,Unchanged
Trk_EN2Bl,NaN,Unchanged
Diet_EX_k[e],NaN,Unchanged
Trna1_AD2Bl,NaN,Unchanged
Trna1_SK2Bl,NaN,Unchanged
Trna1_GN2Bl,NaN,Unchanged
Trna1_OO2GN,NaN,Unchanged
Trna1_EN2Bl,NaN,Unchanged
Diet_EX_na1[e],NaN,Unchanged
Trfe2_AD2Bl,13.1502021467348,Upregulated
Trfe2_SK2Bl,4.00799206769418,Upregulated
Trfe2_GN2Bl,NaN,Unchanged
Trfe2_OO2GN,NaN,Unchanged
Trfe2_EN2Bl,4.16613964434198,Upregulated
Diet_EX_fe2[e],NaN,Unchanged
Trfe3_AD2Bl,13.1501988457602,Upregulated
Trfe3_SK2Bl,4.00799319915828,Upregulated
Trfe3_EN2Bl,4.16613964434198,Upregulated
Diet_EX_fe3[e],NaN,Unchanged
Diet_EX_lcts[e],21.6826268838804,Upregulated
Trfru_AD2Bl,62.6232725619495,Upregulated
Trfru_SK2Bl,57.420238611817,Upregulated
Trfru_GN2Bl,20.5505566711071,Upregulated
Trfru_OO2GN,20.7099808613477,Upregulated
Trfru_EN2Bl,83.4652010463775,Upregulated
Diet_EX_fru[e],1,Unchanged
Diet_EX_gal[e],1685548.82026926,Upregulated
Trala_L_AD2Bl,1.99980845157758,Unchanged
Trala_L_SK2Bl,1.01513639830673,Unchanged
Trala_L_GN2Bl,1.02508666648802,Unchanged
Trala_L_OO2GN,1.52487692118407,Unchanged
Trala_L_EN2Bl,1.66669142849797,Unchanged
Diet_EX_ala_L[e],1,Unchanged
Trarg_L_AD2Bl,5.24944715720044,Upregulated
Trarg_L_SK2Bl,1.96077693079508,Unchanged
Trarg_L_GN2Bl,3.68682343235696,Upregulated
Trarg_L_OO2GN,5.68466769210715,Upregulated
Trarg_L_EN2Bl,4.54287683438852,Upregulated
Diet_EX_arg_L[e],1,Unchanged
Trcys_L_AD2Bl,0.993087887875561,Unchanged
Trcys_L_SK2Bl,0.993087822670922,Unchanged
Trcys_L_GN2Bl,0.630775245726608,Unchanged
Trcys_L_OO2GN,2.1193005294832,Upregulated
Trcys_L_EN2Bl,0.993087952833453,Unchanged
Diet_EX_cys_L[e],1,Unchanged
Trglu_L_AD2Bl,0.207949408976021,Downregulated
Trglu_L_SK2Bl,5.70435946947762,Upregulated
Trglu_L_GN2Bl,0.180940232264027,Downregulated
Trglu_L_OO2GN,1.34207519956512,Unchanged
Trglu_L_EN2Bl,58.7477505263375,Upregulated
Diet_EX_glu_L[e],1,Unchanged
Trgly_AD2Bl,1.32072992206947,Unchanged
Trgly_SK2Bl,0.623671844115612,Unchanged
Trgly_GN2Bl,1.48888074661267,Unchanged
Trgly_OO2GN,636682.824387461,Upregulated
Trgly_EN2Bl,1.86795174004754,Unchanged
Diet_EX_gly[e],1,Unchanged
Trhis_L_AD2Bl,1.00000003901768,Unchanged
Trhis_L_SK2Bl,1.0000002263354,Unchanged
Trhis_L_GN2Bl,1.00000100447354,Unchanged
Trhis_L_OO2GN,1.0000020089459,Unchanged
Trhis_L_EN2Bl,1.00001839724004,Unchanged
Diet_EX_his_L[e],1,Unchanged
Trile_L_AD2Bl,1.0000001972202,Unchanged
Trile_L_SK2Bl,0.989203642213087,Unchanged
Trile_L_GN2Bl,1.00999942259817,Unchanged
Trile_L_OO2GN,0.95424285025588,Unchanged
Trile_L_EN2Bl,1.00000097951399,Unchanged
Diet_EX_ile_L[e],1,Unchanged
Trleu_L_AD2Bl,1.51011240134702,Unchanged
Trleu_L_SK2Bl,1.08336464469715,Unchanged
Trleu_L_GN2Bl,3.07725061907362,Upregulated
Trleu_L_OO2GN,1.61173503224243,Unchanged
Trleu_L_EN2Bl,1.51011235764079,Unchanged
Diet_EX_leu_L[e],1,Unchanged
Trmet_L_AD2Bl,1.00000308556951,Unchanged
Trmet_L_SK2Bl,0.0318225748338648,Downregulated
Trmet_L_GN2Bl,0.821034979395509,Unchanged
Trmet_L_OO2GN,0.578982956928088,Unchanged
Trmet_L_EN2Bl,0.999999804732628,Unchanged
Diet_EX_met_L[e],1,Unchanged
Trphe_L_AD2Bl,0.999999427029664,Unchanged
Trphe_L_SK2Bl,1.02267245757633,Unchanged
Trphe_L_GN2Bl,2.00000000969619,Upregulated
Trphe_L_OO2GN,1.1318131844458,Unchanged
Trphe_L_EN2Bl,1.50010116894229,Unchanged
Diet_EX_phe_L[e],1,Unchanged
Trpro_L_AD2Bl,1.28703458000432,Unchanged
Trpro_L_SK2Bl,0.0129136948908704,Downregulated
Trpro_L_GN2Bl,1.18541602995107e-05,Downregulated
Trpro_L_OO2GN,9.72878425463364e-06,Downregulated
Trpro_L_EN2Bl,1.0100339205169,Unchanged
Diet_EX_pro_L[e],1,Unchanged
Trser_L_AD2Bl,0.199355297232228,Downregulated
Trser_L_SK2Bl,0.199393875667979,Downregulated
Trser_L_GN2Bl,0.190181815769188,Downregulated
Trser_L_OO2GN,1.19934534074411,Unchanged
Trser_L_EN2Bl,0.199387365667349,Downregulated
Diet_EX_ser_L[e],1,Unchanged
Trthr_L_AD2Bl,1.00000295167684,Unchanged
Trthr_L_SK2Bl,1.00000001048906,Unchanged
Trthr_L_GN2Bl,2.00000077122037,Upregulated
Trthr_L_OO2GN,0.500000387104263,Unchanged
Trthr_L_EN2Bl,1.98489580199198,Unchanged
Diet_EX_thr_L[e],1,Unchanged
Trtrp_L_AD2Bl,1.00000038165651,Unchanged
Trtrp_L_SK2Bl,0.666666818658011,Unchanged
Trtrp_L_GN2Bl,1.333329603444,Unchanged
Trtrp_L_OO2GN,1.99998507921159,Unchanged
Trtrp_L_EN2Bl,0.999520375177392,Unchanged
Diet_EX_trp_L[e],1,Unchanged
Trtyr_L_AD2Bl,1.00000083308742,Unchanged
Trtyr_L_SK2Bl,1.00000045839953,Unchanged
Trtyr_L_GN2Bl,0.99999997096433,Unchanged
Trtyr_L_OO2GN,1.49999981069707,Unchanged
Trtyr_L_EN2Bl,2.45378529249594,Upregulated
Diet_EX_tyr_L[e],1,Unchanged
Trval_L_AD2Bl,1.00000511110696,Unchanged
Trval_L_SK2Bl,1.00002675401478,Unchanged
Trval_L_GN2Bl,1.94553427458846,Unchanged
Trval_L_OO2GN,1,Unchanged
Trval_L_EN2Bl,1.48093624257785,Unchanged
Diet_EX_val_L[e],1,Unchanged
Diet_EX_dca[e],1,Unchanged
Trttdcea_AD2Bl,8.03771822737582,Upregulated
Trttdcea_SK2Bl,0,Downregulated
Trttdcea_GN2Bl,0.636919782060139,Unchanged
Trttdcea_OO2GN,NaN,Unchanged
Trttdcea_EN2Bl,3.70822014297417,Upregulated
Diet_EX_ttdcea[e],NaN,Unchanged
Diet_EX_ptdca[e],NaN,Unchanged
Trhdca_AD2Bl,9.30537087805067e-06,Downregulated
Trhdca_SK2Bl,1.0000892308825,Unchanged
Trhdca_GN2Bl,0.912515818610443,Unchanged
Trhdca_OO2GN,0.500000230368287,Unchanged
Trhdca_EN2Bl,1.00000331497654,Unchanged
Diet_EX_hdca[e],1,Unchanged
Diet_EX_hpdca[e],NaN,Unchanged
Diet_EX_ocdca[e],36.1731553901463,Upregulated
Diet_EX_ocdcea[e],3.02252212594732,Upregulated
Diet_EX_lnlnca[e],105.500822363791,Upregulated
Trstrdnc_AD2Bl,2.63645512593381,Upregulated
Trstrdnc_SK2Bl,136637.91523363,Upregulated
Trstrdnc_GN2Bl,123984.636566743,Upregulated
Trstrdnc_OO2GN,170227.487472627,Upregulated
Trstrdnc_EN2Bl,7.92049968100973,Upregulated
Diet_EX_strdnc[e],1,Unchanged
Diet_EX_arach[e],92.8255603793957,Upregulated
Diet_EX_CE2510[e],1,Unchanged
TrCE4843_AD2Bl,7.27386564742933,Upregulated
TrCE4843_SK2Bl,2.99606030521767,Upregulated
TrCE4843_GN2Bl,3.00694711734949,Upregulated
TrCE4843_OO2GN,1.89081443796807,Unchanged
TrCE4843_EN2Bl,7.60210265708204,Upregulated
Diet_EX_CE4843[e],1,Unchanged
Diet_EX_arachd[e],531.823645731573,Upregulated
Diet_EX_docosac[e],507.959785046752,Upregulated
Diet_EX_doco13ac[e],1,Unchanged
Tradrn_AD2Bl,37.0893970502033,Upregulated
Tradrn_SK2Bl,7.45215803023985,Upregulated
Tradrn_GN2Bl,4.6841022952832,Upregulated
Tradrn_OO2GN,1.08110348512851e-07,Downregulated
Tradrn_EN2Bl,28.0679582728637,Upregulated
Diet_EX_adrn[e],NaN,Unchanged
Trbut_AD2Bl,NaN,Unchanged
Trbut_SK2Bl,NaN,Unchanged
Trbut_GN2Bl,NaN,Unchanged
Trbut_OO2GN,NaN,Unchanged
Trbut_EN2Bl,NaN,Unchanged
Diet_EX_but[e],NaN,Unchanged
Trchsterol_AD2Bl,1.2360172679042,Unchanged
Trchsterol_SK2Bl,0,Downregulated
Trchsterol_GN2Bl,13.0765706377227,Upregulated
Trchsterol_OO2GN,1.02755734804727e-07,Downregulated
Trchsterol_EN2Bl,57.8402737851276,Upregulated
Diet_EX_chsterol[e],1.31423116830961,Unchanged
Trsbt_D_AD2Bl,18.0489567233475,Upregulated
Trsbt_D_SK2Bl,3.75266455439239,Upregulated
Trsbt_D_GN2Bl,13.2797052962145,Upregulated
Trsbt_D_OO2GN,8.21052177047002,Upregulated
Trsbt_D_EN2Bl,31.4367948318997,Upregulated
Diet_EX_sbt_D[e],1,Unchanged
Trglc_D_AD2Bl,1.00501453779936,Unchanged
Trglc_D_SK2Bl,2.34144316868267e-06,Downregulated
Trglc_D_GN2Bl,1943756.56843083,Upregulated
Trglc_D_OO2GN,1943759.54345656,Upregulated
Trglc_D_EN2Bl,1375207.067647,Upregulated
Diet_EX_glc_D[e],1,Unchanged
Trlgnc_AD2Bl,10.2115550345346,Upregulated
Trlgnc_SK2Bl,8.11136447090966,Upregulated
Trlgnc_GN2Bl,7.92840128715847,Upregulated
Trlgnc_OO2GN,NaN,Unchanged
Trlgnc_EN2Bl,9.46082540961276,Upregulated
Diet_EX_lgnc[e],1,Unchanged
Trfol_AD2Bl,0.711795494750806,Unchanged
Trfol_SK2Bl,NaN,Unchanged
Trfol_GN2Bl,0.71124559296519,Unchanged
Trfol_OO2GN,0.71124559296519,Unchanged
Trfol_EN2Bl,NaN,Unchanged
Diet_EX_fol[e],NaN,Unchanged
Tri_AD2Bl,NaN,Unchanged
Tri_SK2Bl,NaN,Unchanged
Tri_GN2Bl,NaN,Unchanged
Tri_EN2Bl,NaN,Unchanged
Diet_EX_i[e],NaN,Unchanged
