Reaction,FSR,RegulationStatus
4,718.544784408606,Upregulated
27,0.442581123803152,Downregulated
45,1908.2252519946,Upregulated
87,0.5,Downregulated
92,4.02009305528632,Upregulated
108,0.0138577336520412,Downregulated
109,0.0138577336520412,Downregulated
110,0.0138577336520412,Downregulated
111,0.015075402222972,Downregulated
112,0.0150754022246548,Downregulated
113,0.015075402222972,Downregulated
117,0.384290464275136,Downregulated
131,0.362871607067272,Downregulated
133,2.05127842292,Upregulated
154,0.279906615063315,Downregulated
155,0.01,Downregulated
158,0.171529909962808,Downregulated
159,0.412591402117597,Downregulated
164,0.181654822498091,Downregulated
187,7770.16707726026,Upregulated
198,0.441667392591784,Downregulated
240,0.116241250953902,Downregulated
242,0.383205934769877,Downregulated
256,4524.91191085697,Upregulated
257,0.138577336540736,Downregulated
258,0.412591402117775,Downregulated
264,0.011782350456501,Downregulated
265,0.024168762119414,Downregulated
268,16357.5170293042,Upregulated
277,0.5,Downregulated
295,0.312617158611284,Downregulated
296,0.312750124766897,Downregulated
298,7388.34647487467,Upregulated
331,2,Upregulated
339,4.46808971786431,Upregulated
356,13972.4096051486,Upregulated
370,2.13742206808607,Upregulated
375,0.0520682320384508,Downregulated
422,12159.9662341978,Upregulated
425,0.320051287189817,Downregulated
426,0.3200512859226,Downregulated
429,12008.9149249479,Upregulated
430,2.47354421805487,Upregulated
431,18329.5643706856,Upregulated
443,0.5,Downregulated
487,0.251498168131649,Downregulated
516,5205.4816714593,Upregulated
561,0.0388538804346922,Downregulated
564,0.0856967525484617,Downregulated
565,0.052031686819939,Downregulated
571,2.94347417970116,Upregulated
574,1304.42067314337,Upregulated
575,6013.35312211347,Upregulated
580,205.457502829832,Upregulated
589,16357.5170553437,Upregulated
597,11440.3641258364,Upregulated
601,593.26662254778,Upregulated
602,16357.5170489793,Upregulated
605,0.469997658906157,Downregulated
608,13237.7396344857,Upregulated
615,0.115559043294866,Downregulated
629,17889.3806523517,Upregulated
648,8438.73967831654,Upregulated
651,8693.76846346951,Upregulated
659,0.0159534173788118,Downregulated
676,1315.88300690539,Upregulated
686,16079.2359701287,Upregulated
701,14863.6931837791,Upregulated
718,27.9171511913984,Upregulated
720,1511.07175995318,Upregulated
725,643.586945949812,Upregulated
726,0.0619879076669055,Downregulated
745,3.09512742458647,Upregulated
753,0.0120281573285586,Downregulated
760,13871.9365515948,Upregulated
761,8435.97274449166,Upregulated
763,6935.9682946966,Upregulated
770,8438.73960961283,Upregulated
772,4805.62898804614,Upregulated
777,8438.73965385386,Upregulated
778,8438.73972724191,Upregulated
779,16877.4793503873,Upregulated
780,0.038838369050864,Downregulated
784,1036.09628445561,Upregulated
785,20.128180577536,Upregulated
797,0.0138577336520412,Downregulated
800,4.54019826983765,Upregulated
801,4.105523149246,Upregulated
814,12994.1924099139,Upregulated
817,17111.2145949366,Upregulated
833,0.225264648943278,Downregulated
835,5.75918827717641,Upregulated
838,0.271172413562982,Downregulated
839,0.279033102263207,Downregulated
846,11977.6270253655,Upregulated
858,7729.00871773774,Upregulated
859,19316.0487408106,Upregulated
860,0.454436648756897,Downregulated
868,0.28583616826441,Downregulated
880,16082.3212683616,Upregulated
885,0.0217743985473133,Downregulated
887,411.123496142184,Upregulated
888,411.123496202221,Upregulated
889,8562.75123002654,Upregulated
924,10.0936924932078,Upregulated
938,2.0341029784119,Upregulated
939,0.0302545686003592,Downregulated
940,6294.30016906725,Upregulated
942,4.46808971786431,Upregulated
946,0.490912593793508,Downregulated
947,0.407402013279479,Downregulated
948,0.236786564316493,Downregulated
950,0.478608288953409,Downregulated
952,0.285836168298512,Downregulated
953,0.285836168273195,Downregulated
960,10786.8197450366,Upregulated
961,13923.1958260397,Upregulated
970,2072.19256891153,Upregulated
971,495.884269886521,Upregulated
987,0.171529909962224,Downregulated
988,0.171529909966171,Downregulated
989,0.127897932842424,Downregulated
990,0.333333333333333,Downregulated
991,0.418803821120407,Downregulated
993,0.420842075680465,Downregulated
1000,0.285836168269528,Downregulated
1014,1529.18019935625,Upregulated
1015,1279.71094248386,Upregulated
1017,7633.37418678101,Upregulated
1034,0.285836168454484,Downregulated
1051,0.19397649563188,Downregulated
1058,0.20614194331999,Downregulated
1059,5036.99428502746,Upregulated
1067,0.354290212807445,Downregulated
1085,4469.81666638169,Upregulated
1087,5243.0646627586,Upregulated
1097,0.5,Downregulated
1101,0.412591402118415,Downregulated
1116,0.0113773287443879,Downregulated
1117,4320.61479749053,Upregulated
1120,3556.52106843382,Upregulated
1123,10603.0124339489,Upregulated
1125,125.053120552015,Upregulated
1126,10603.0124339489,Upregulated
1136,143.877359546769,Upregulated
1137,8424.80533979443,Upregulated
1140,505.810022246148,Upregulated
1144,2266.29371900079,Upregulated
1148,6096.15334522561,Upregulated
1152,8424.80533979443,Upregulated
1157,17067.6188187281,Upregulated
1159,13612.3791366361,Upregulated
1161,2266.29371900079,Upregulated
1172,9590.3774812429,Upregulated
1174,3003.65443879266,Upregulated
1193,12347.3658498237,Upregulated
1195,0.344783099697546,Downregulated
1203,19983.5088293269,Upregulated
1208,5846.71530036469,Upregulated
1216,0.171529909963499,Downregulated
1217,0.171529909962846,Downregulated
1225,28.7264076736709,Upregulated
1226,4.10253662969339,Upregulated
1246,0.0351457752223789,Downregulated
1252,4.30699849156091,Upregulated
1266,17712.2667833597,Upregulated
1271,7.0789399835521,Upregulated
1277,6.82489794261541,Upregulated
1298,0.441667731803973,Downregulated
1300,0.311363229858406,Downregulated
1301,0.285836168298512,Downregulated
1303,0.304461190082333,Downregulated
1308,0.070652203976198,Downregulated
1309,0.0217743985497755,Downregulated
1310,0.0357366169061571,Downregulated
1311,0.0363634517132182,Downregulated
1312,0.0217743985497755,Downregulated
1313,0.0217743985567356,Downregulated
1315,0.216529967978329,Downregulated
1321,0.285836168271653,Downregulated
1322,0.0984912083855659,Downregulated
1324,0.443861097479579,Downregulated
1328,0.268567033133888,Downregulated
1331,0.443861097479579,Downregulated
1332,0.412591402138611,Downregulated
1338,0.311363229855764,Downregulated
1342,0.0908980113262626,Downregulated
1345,0.242719036052692,Downregulated
1346,0.441667392642439,Downregulated
1349,0.333333333333333,Downregulated
1350,0.12252136425808,Downregulated
1351,0.0795295823300144,Downregulated
1354,0.412591402118467,Downregulated
1356,0.220247133542406,Downregulated
1359,0.412591402117762,Downregulated
1361,0.441667392642439,Downregulated
1362,0.441667392592656,Downregulated
1363,0.0795295823300144,Downregulated
1368,0.478608288945708,Downregulated
1373,0.490912593794099,Downregulated
1374,0.0795295823300144,Downregulated
1379,0.268567033133888,Downregulated
1382,0.42983163996083,Downregulated
1383,0.412591402119762,Downregulated
1384,0.170504897109056,Downregulated
1385,0.170504897109056,Downregulated
1386,0.28583616831357,Downregulated
1388,0.277463512495507,Downregulated
1391,0.414704068947387,Downregulated
1393,0.467396674099368,Downregulated
1399,0.490912593794099,Downregulated
1401,0.160194887924003,Downregulated
1402,0.170504897109056,Downregulated
1403,0.247167131423189,Downregulated
1407,0.170504897109056,Downregulated
1408,0.427794512950247,Downregulated
1411,0.285836168272274,Downregulated
1412,0.0984912083855659,Downregulated
1413,0.412591402191038,Downregulated
1414,0.0984912083855659,Downregulated
1416,0.170504897109056,Downregulated
1417,0.0908980113262626,Downregulated
1418,0.478608288945708,Downregulated
1438,0.426802680447016,Downregulated
1439,0.0852816783406466,Downregulated
1444,0.407140468429644,Downregulated
1446,0.426802669418781,Downregulated
1448,0.426802669418781,Downregulated
1450,0.426802669418781,Downregulated
1452,0.426802669418781,Downregulated
1454,0.426802680447016,Downregulated
1467,0.407140468437631,Downregulated
1468,0.407140468430342,Downregulated
1470,0.0194269402176887,Downregulated
1471,0.0520316868195714,Downregulated
1474,0.414704068947387,Downregulated
1475,0.414704068947387,Downregulated
1477,0.0908980113262626,Downregulated
1480,0.430516163427344,Downregulated
1493,0.412591402118663,Downregulated
1495,0.142918084161308,Downregulated
1496,0.348797481576489,Downregulated
1497,0.397196238153393,Downregulated
1499,0.311363229856884,Downregulated
1500,0.01,Downregulated
1504,0.0795295823300144,Downregulated
1507,0.01,Downregulated
1508,0.116265827189703,Downregulated
1510,0.0984912083855659,Downregulated
1512,0.41259140218546,Downregulated
1513,0.41259140218546,Downregulated
1516,0.412591402119762,Downregulated
1517,0.42983163996083,Downregulated
1519,0.386186060005105,Downregulated
1521,0.01,Downregulated
1522,0.397196238153393,Downregulated
1523,0.333333333333333,Downregulated
1525,0.0194269402168136,Downregulated
1527,0.268567033123915,Downregulated
1532,0.412591402117762,Downregulated
1533,0.412591402179849,Downregulated
1534,0.412591402114878,Downregulated
1535,0.453190353362419,Downregulated
1536,0.412591402113835,Downregulated
1537,0.412591402558463,Downregulated
1538,0.463168808716751,Downregulated
1539,0.412591402180587,Downregulated
1540,0.412591402117762,Downregulated
1541,0.412591402179849,Downregulated
1542,0.412591402114878,Downregulated
1543,0.453190353362419,Downregulated
1544,0.412591402113835,Downregulated
1545,0.412591402558463,Downregulated
1546,0.463168808716751,Downregulated
1547,0.412591402180587,Downregulated
1548,0.412591402179849,Downregulated
1549,0.331346493625306,Downregulated
1550,0.234236445919645,Downregulated
1552,0.412591402119827,Downregulated
1553,0.412591402113835,Downregulated
1554,0.413178311791722,Downregulated
1555,0.412591402117742,Downregulated
1556,0.412591402180587,Downregulated
1557,0.0706554930702092,Downregulated
1558,0.413178311791678,Downregulated
1559,0.413178311791678,Downregulated
1562,0.0194269402171302,Downregulated
1563,0.0476393613779937,Downregulated
1564,0.165663233301867,Downregulated
1565,0.467396674103955,Downregulated
1570,0.426802669418781,Downregulated
1571,0.426802669418781,Downregulated
1572,0.426802680447156,Downregulated
1601,7.18160191842408,Upregulated
1602,7.18160191831361,Upregulated
1603,7.18160191839287,Upregulated
1604,7.1816019194181,Upregulated
1605,7.18160191940114,Upregulated
1606,7.18160191939192,Upregulated
1607,7.18160191831978,Upregulated
1608,7.18160165407966,Upregulated
1609,7.18160191831342,Upregulated
1610,7.18160191833105,Upregulated
1611,7.18160191938256,Upregulated
1616,12344.7297072517,Upregulated
1619,2.23404731487744,Upregulated
1630,6527.6080822149,Upregulated
1948,2.208368662278,Upregulated
1951,9063.80441197501,Upregulated
1972,3916.08975115469,Upregulated
2009,0.329512034194612,Downregulated
2015,2.00062970939939,Upregulated
2017,18978.5244967124,Upregulated
2019,7.15490280427901,Upregulated
2022,4140.89699575276,Upregulated
2024,14907.19446779,Upregulated
2038,0.5,Downregulated
2083,0.258607182347225,Downregulated
2084,0.258607182347225,Downregulated
2090,0.0974542294269276,Downregulated
2102,4286.12523329503,Upregulated
2103,1802.86531460864,Upregulated
2104,454.077134714388,Upregulated
2109,3861.73725811782,Upregulated
2117,2175.83190784097,Upregulated
2157,2.92577675716959,Upregulated
2165,2.20703213908521,Upregulated
2175,17243.7498662224,Upregulated
2181,5.58060204549442,Upregulated
2188,0.0143339371014252,Downregulated
2211,12530.8891632986,Upregulated
2257,0.414989866225319,Downregulated
2261,0.399625373556155,Downregulated
2284,5032.79789693045,Upregulated
2287,0.227829545665207,Downregulated
2295,1679.99171116309,Upregulated
2298,5661.46045632182,Upregulated
2331,3338.38218452882,Upregulated
2332,5057.93238676257,Upregulated
2354,0.0143339371699628,Downregulated
2388,0.304461190082333,Downregulated
2399,0.0704919465112091,Downregulated
2400,0.0704919462235383,Downregulated
2418,0.0965034853416402,Downregulated
2434,3.71175772758534,Upregulated
2484,3.97981707809291,Upregulated
2548,170.249368225874,Upregulated
2560,170.249368897912,Upregulated
2571,0.0347330595877586,Downregulated
2606,2,Upregulated
2614,0.09372427016677,Downregulated
2636,0.194983009956124,Downregulated
2645,0.220599104934847,Downregulated
2685,10850.4679851262,Upregulated
2686,4364.27881971132,Upregulated
2766,2874.1526909561,Upregulated
2862,5382.38273399807,Upregulated
2888,17836.4318209871,Upregulated
3097,2.95457100446561,Upregulated
3098,279.86269528627,Upregulated
3105,13365.1967045433,Upregulated
3144,7782.64573802349,Upregulated
3171,10.6568677415338,Upregulated
3175,0.0392880337567923,Downregulated
3177,3922.43668280027,Upregulated
3184,0.13754954266605,Downregulated
3185,0.0392880336810292,Downregulated
3189,0.019153044714891,Downregulated
3192,0.0331278445434238,Downregulated
3198,0.0434821828964741,Downregulated
3201,507.960787010342,Upregulated
3202,0.0808293283527102,Downregulated
3203,0.0808293291016489,Downregulated
3204,508.001122274349,Upregulated
3225,10517.8034537884,Upregulated
3227,0.0355317890596226,Downregulated
3228,8393.86004822045,Upregulated
3229,0.0205428984500064,Downregulated
3238,2967.68246426837,Upregulated
3344,6.70639774367438,Upregulated
3351,0.0415867348922029,Downregulated
3352,0.0136613808428262,Downregulated
3353,0.0135931627410786,Downregulated
3358,14447.3488054129,Upregulated
3374,13628.6581126001,Upregulated
3379,0.210439128601549,Downregulated
3389,0.5,Downregulated
3412,0.271506783992445,Downregulated
3413,0.271506783992445,Downregulated
3442,0.261691079310135,Downregulated
3457,6671.52083082987,Upregulated
3485,0.412591402117089,Downregulated
3487,0.412591402117089,Downregulated
3494,1610.08709331646,Upregulated
3500,0.326758131330183,Downregulated
3511,0.32675813132937,Downregulated
3513,2.56251701807128,Upregulated
3528,2.99996611096837,Upregulated
3590,2332.62774567757,Upregulated
3615,0.333333340759759,Downregulated
3616,0.333333340759759,Downregulated
3617,0.333333340759759,Downregulated
3620,2.58538760971751,Upregulated
3636,0.243607288881807,Downregulated
3637,0.233640490921179,Downregulated
3638,0.262603135501813,Downregulated
3640,0.233649468094208,Downregulated
3641,0.210439130470229,Downregulated
3642,0.191429475746004,Downregulated
3646,0.244241163365601,Downregulated
3647,6901.98971101269,Upregulated
3651,9.338342705332,Upregulated
3676,10488.5044541647,Upregulated
3698,16371.4358086042,Upregulated
3699,16371.4358086042,Upregulated
3703,3.30073121693672,Upregulated
3704,3.30073121693671,Upregulated
3710,0.412591402117089,Downregulated
3720,0.412591402117089,Downregulated
3726,5.86783943244682,Upregulated
3729,0.412591402117089,Downregulated
3731,0.412591402117089,Downregulated
3757,0.412591402117089,Downregulated
3758,0.412591402117089,Downregulated
3769,0.01,Downregulated
3791,0.01,Downregulated
3792,0.113696297194488,Downregulated
3794,0.154939711328213,Downregulated
3795,0.285836168270095,Downregulated
3824,9.76282000965726,Upregulated
3841,0.0995715581609744,Downregulated
3864,3.82886631156567,Upregulated
3867,5.86783943241568,Upregulated
3868,4.06513740010533,Upregulated
3870,10613.3649525613,Upregulated
3906,2.17118021105247,Upregulated
3914,3.99998556312679,Upregulated
3917,19504.2165921447,Upregulated
3930,0.419721927200607,Downregulated
3947,10320.0604331092,Upregulated
3949,10320.0604656496,Upregulated
3951,10320.0604754874,Upregulated
3960,4300.02516784959,Upregulated
3973,0.219107859026665,Downregulated
3975,9688.96452709825,Upregulated
3979,0.164330900639007,Downregulated
3981,0.269465933011246,Downregulated
3982,0.157236371514954,Downregulated
3987,7240.91037342131,Upregulated
3991,6634.93642665611,Upregulated
4018,17386.6701249988,Upregulated
4025,0.351856209472791,Downregulated
4028,1306.27818031883,Upregulated
4039,0.46220550229353,Downregulated
4045,0.310749156879336,Downregulated
4075,2.5902773304692,Upregulated
4131,0.0120399505699084,Downregulated
4133,0.240515654379921,Downregulated
4143,2.49796279787552,Upregulated
4144,2.77630209397668,Upregulated
4156,0.0805324353931401,Downregulated
4168,0.472203587664797,Downregulated
4169,0.116143525313411,Downregulated
4206,226.528848621725,Upregulated
4208,0.0232287050625893,Downregulated
4211,0.0763687173554611,Downregulated
4212,5812.5527312547,Upregulated
4215,15422.2658102818,Upregulated
4242,0.103856275043593,Downregulated
4252,3.56790401892657,Upregulated
4260,0.348380594761129,Downregulated
4264,8.95143028085312,Upregulated
4281,0.0580062033639365,Downregulated
4295,9838.47813659727,Upregulated
4312,14.2170574805481,Upregulated
4313,28.4438279728464,Upregulated
4314,0.472203587662366,Downregulated
4325,8012.46987828063,Upregulated
4326,8400.46841029264,Upregulated
4334,0.473179324012737,Downregulated
4336,0.47220358766457,Downregulated
4353,0.254814099476242,Downregulated
4385,0.0990876801722525,Downregulated
4408,4.23023567175357,Upregulated
4411,3.99997942841914,Upregulated
4412,3.95074964321526,Upregulated
4420,3.95074964321512,Upregulated
4428,28.4435798242623,Upregulated
4436,5725.78603763079,Upregulated
4437,11.5474217664798,Upregulated
4438,4372.41889276902,Upregulated
4440,0.01,Downregulated
4451,0.44921194151863,Downregulated
4461,2540.21920191451,Upregulated
4466,0.0156343832626397,Downregulated
4480,9.20674012533905,Upregulated
4482,0.011996336726644,Downregulated
4483,0.0119963367266654,Downregulated
4484,0.0119963367266654,Downregulated
4485,304.959573904688,Upregulated
4489,6671.7533196924,Upregulated
4491,6671.75332221424,Upregulated
4496,0.0483411499605746,Downregulated
4509,6,Upregulated
4514,12071.8637665504,Upregulated
4525,0.0299988197158593,Downregulated
4530,0.472203587729508,Downregulated
4549,0.4722035876601,Downregulated
4551,0.346238809203801,Downregulated
4553,0.142423103875872,Downregulated
4554,4101.30859871615,Upregulated
4624,298.835252303204,Upregulated
4630,0.0254565266841677,Downregulated
4631,0.0254565266841677,Downregulated
4632,0.0254565266841677,Downregulated
4644,12871.8294068244,Upregulated
4648,0.0580062033639365,Downregulated
4651,14106.3425354947,Upregulated
4664,0.0949567279062398,Downregulated
4686,961.983786344832,Upregulated
4687,0.0128826786887184,Downregulated
4688,0.0128826786887184,Downregulated
4689,0.0128826786887184,Downregulated
4690,0.0128826786887184,Downregulated
4691,0.0128826786887184,Downregulated
4692,0.0128826786887184,Downregulated
4693,0.0128826786887184,Downregulated
4695,201.868304230133,Upregulated
4696,201.86799170937,Upregulated
4698,13354.3165668148,Upregulated
4719,8085.50988449846,Upregulated
4740,0.40697351105131,Downregulated
4742,0.472203587739347,Downregulated
4747,2.07708471815247,Upregulated
4759,0.346238745854401,Downregulated
4767,5.75064791955375,Upregulated
4783,13622.4936426791,Upregulated
4787,13295.002320844,Upregulated
4788,13295.0022806781,Upregulated
4789,7138.73813055338,Upregulated
4790,694.942935252215,Upregulated
4796,0.0128826786887184,Downregulated
4798,1149.01385879908,Upregulated
4800,17.301502748387,Upregulated
4801,0.115318400112689,Downregulated
4802,0.0128826786887184,Downregulated
4804,6924.40005014858,Upregulated
4805,19504.2168074987,Upregulated
4812,19.525295972804,Upregulated
4814,3.57421566990626,Upregulated
4817,0.0254565266841677,Downregulated
4820,0.0232287050625893,Downregulated
4824,0.156731231580967,Downregulated
4849,2716.08243802687,Upregulated
4851,445.766526130727,Upregulated
4868,0.02,Downregulated
4873,19048.8217092475,Upregulated
4878,3934.19506417768,Upregulated
4883,7929.78843626845,Upregulated
4884,7.07117822119229,Upregulated
4899,12896.8642226517,Upregulated
4902,1373.07044655537,Upregulated
4913,0.0254565266838587,Downregulated
4915,7929.78843498893,Upregulated
4928,29.8578394247238,Upregulated
4937,0.472203587661225,Downregulated
4943,0.271315674071488,Downregulated
4947,0.191158692324622,Downregulated
4951,5689.83652594106,Upregulated
4959,0.142219139864221,Downregulated
4968,17355.6360606309,Upregulated
4969,2902.91407411834,Upregulated
4974,27.9988656278297,Upregulated
4982,27.9988656278297,Upregulated
4989,7.47756184574797,Upregulated
4990,22.7282933950823,Upregulated
4998,0.166965684798892,Downregulated
5001,8,Upregulated
5046,0.5,Downregulated
5068,0.5,Downregulated
5070,0.5,Downregulated
5072,0.5,Downregulated
5149,0.0620915444277645,Downregulated
5150,0.0620915444277645,Downregulated
5151,0.0580062033639365,Downregulated
5207,6647.58537395846,Upregulated
5238,0.255819997908944,Downregulated
5239,0.239078851760535,Downregulated
5248,0.0909542124403548,Downregulated
5253,19802.8963377941,Upregulated
5263,55.9962785916618,Upregulated
5287,0.06318579197845,Downregulated
5299,0.5,Downregulated
5410,10976.9427669958,Upregulated
5453,7232.11128718039,Upregulated
5473,0.472203587664578,Downregulated
5494,2,Upregulated
5556,2,Upregulated
5673,17473.2393840125,Upregulated
5735,5287.13557359985,Upregulated
5741,0.01,Downregulated
5743,5541.34611703273,Upregulated
5744,0.371934865404329,Downregulated
5745,0.34623880919249,Downregulated
5748,7896.05726389422,Upregulated
5755,0.115499383907682,Downregulated
5756,0.105168966354891,Downregulated
5758,0.115499383907682,Downregulated
5764,6.71563880780253,Upregulated
5766,13664.4292779956,Upregulated
5771,19306.4746920493,Upregulated
5772,0.0942027438404136,Downregulated
5775,0.0942027438404136,Downregulated
5778,0.290783355033375,Downregulated
5779,0.0969279683889996,Downregulated
5780,508.421164637651,Upregulated
5783,1468.98280884644,Upregulated
5808,0.420423574581926,Downregulated
5853,0.472203587661569,Downregulated
5854,0.472203587661569,Downregulated
5857,2.50509970374465,Upregulated
5871,0.0772508266359467,Downregulated
5873,1614.27673631541,Upregulated
5874,6995.79792068487,Upregulated
5892,2144.42672844214,Upregulated
5903,942.608793927651,Upregulated
5921,5541.34609887991,Upregulated
5923,0.0635015557650979,Downregulated
5941,0.4918367258554,Downregulated
5942,0.0895143028085312,Downregulated
5946,16624.0384479714,Upregulated
5947,0.01,Downregulated
5949,11508.961368778,Upregulated
5952,5541.3458901225,Upregulated
5953,0.149877749841005,Downregulated
5954,3046.18209546914,Upregulated
5956,5541.34610754177,Upregulated
5960,10320.0604524821,Upregulated
5967,2.38752965048149,Upregulated
5997,4048.36163458123,Upregulated
6024,11509.4838719622,Upregulated
6025,11507.7635337131,Upregulated
6036,2.93576622115732,Upregulated
6042,9135.50643541355,Upregulated
6051,0.489655252501699,Downregulated
6053,9.76281998614691,Upregulated
6054,9.76281748723033,Upregulated
6055,10.466567520329,Upregulated
6062,0.0346187583410969,Downregulated
6067,0.5,Downregulated
6068,12425.3018045501,Upregulated
6070,11816.5424031418,Upregulated
6072,589.919121238185,Upregulated
6076,17.9028605617121,Upregulated
6077,2642.85814861179,Upregulated
6078,0.453787859389447,Downregulated
6081,0.0437884489945129,Downregulated
6091,3554.44026599927,Upregulated
6095,0.429449680211495,Downregulated
6108,10150.5867521373,Upregulated
6109,0.01,Downregulated
6128,17.2889552469749,Upregulated
6130,6620.6283419632,Upregulated
6131,2738.30271682654,Upregulated
6139,6671.75330662319,Upregulated
6140,300.378317648661,Upregulated
6143,8400.46839505136,Upregulated
6144,300.378317599484,Upregulated
6150,0.010790717911995,Downregulated
6186,11761.4817086995,Upregulated
6198,11761.4817104605,Upregulated
6249,18562.9862455989,Upregulated
6268,9952.86996153306,Upregulated
6275,0.132798752083645,Downregulated
6342,0.0900551360659486,Downregulated
6355,5541.34613638244,Upregulated
6414,22.7282815966133,Upregulated
6440,19972.3213813814,Upregulated
6457,0.201026380041438,Downregulated
6522,0.472203587743062,Downregulated
6524,0.472203587663728,Downregulated
6558,6.50604811466053,Upregulated
6559,6.71563880801078,Upregulated
6617,392.080501341016,Upregulated
6767,2.49761031977483,Upregulated
6773,10320.0604888063,Upregulated
6830,0.269096308442193,Downregulated
6831,0.269096308442193,Downregulated
6832,0.269096308442193,Downregulated
6848,0.0920475059990089,Downregulated
6849,0.0920475059990089,Downregulated
6850,0.0920475059990089,Downregulated
6866,3084.43911339176,Upregulated
6867,3083.13390741147,Upregulated
6868,1815.78246316421,Upregulated
6869,15652.1941740574,Upregulated
6870,15652.1940857332,Upregulated
6946,0.0714535951903194,Downregulated
7032,0.0200963555370694,Downregulated
7033,0.0200963555370694,Downregulated
7034,0.0200963555792153,Downregulated
7035,0.0200963555792153,Downregulated
7036,0.043088704400278,Downregulated
7037,0.043088704400278,Downregulated
7038,0.043088704400278,Downregulated
7039,0.043088704400278,Downregulated
7093,0.248558654461785,Downregulated
7096,0.109251964158687,Downregulated
7097,0.112883665975461,Downregulated
7103,2394.73215323245,Upregulated
7104,4.19034931191914,Upregulated
7105,0.115222538573826,Downregulated
7109,0.164580235782135,Downregulated
7111,0.01,Downregulated
7112,5541.34611144725,Upregulated
7128,0.472203587665235,Downregulated
7149,0.472203587663348,Downregulated
7153,9873.62859727868,Upregulated
7155,9873.62859727868,Upregulated
7157,0.472203587665767,Downregulated
7158,0.472203587663269,Downregulated
7225,6119.07891532212,Upregulated
7244,2511.25857350337,Upregulated
7264,1444.7583115548,Upregulated
7265,15.9127208205756,Upregulated
7266,0.0118915337476937,Downregulated
7270,461.235070740314,Upregulated
7276,199.970154420801,Upregulated
7298,5602.00315622259,Upregulated
7355,2.20725108779951,Upregulated
7363,1321.42907430589,Upregulated
7366,10248.3752298979,Upregulated
7367,3754.19884770564,Upregulated
7372,9403.83189254465,Upregulated
7373,9111.41730145218,Upregulated
7374,10276.4549968562,Upregulated
7380,6264.323849176,Upregulated
7386,1008.88517222234,Upregulated
7389,5328.08272795329,Upregulated
7401,0.105746126811704,Downregulated
7405,0.452701852100969,Downregulated
7412,0.0840924033096609,Downregulated
7415,11953.3317811664,Upregulated
7421,7.31512226342395,Upregulated
7425,10.0296718456364,Upregulated
7432,0.0606479382151827,Downregulated
7445,0.0893992921996602,Downregulated
7463,0.0386480360639774,Downregulated
7464,0.0633413882929535,Downregulated
7467,0.249182813706138,Downregulated
7468,0.239078851741012,Downregulated
7476,0.0647177252635019,Downregulated
7481,0.240515654379856,Downregulated
7482,98.0062454098439,Upregulated
7491,16.6796612730529,Upregulated
7498,7286.91981795139,Upregulated
7513,5507.41327081525,Upregulated
7514,2.70378968249818,Upregulated
7517,0.0358624380875396,Downregulated
7519,25.969623507031,Upregulated
7534,0.0756779283158265,Downregulated
7535,0.0695000194150324,Downregulated
7536,6.69677617838416,Upregulated
7544,0.0460085413790687,Downregulated
7545,104.615724379575,Upregulated
7547,0.150515310533373,Downregulated
7549,0.188909000223422,Downregulated
7552,2.57248512465186,Upregulated
7553,0.323819922828113,Downregulated
7557,0.0559455666227026,Downregulated
7558,0.247311335930227,Downregulated
7559,0.290170064935384,Downregulated
7560,0.402019875187495,Downregulated
7561,0.402019876686302,Downregulated
7562,0.0476560388528109,Downregulated
7563,5.19060541486999,Upregulated
7565,0.024093863865076,Downregulated
7566,0.0811423343446117,Downregulated
7567,0.024093863865076,Downregulated
7571,0.049179095120652,Downregulated
7573,0.018717761699698,Downregulated
7574,0.475699222345254,Downregulated
7581,6.28967841726098,Upregulated
7584,14.6669299665651,Upregulated
7586,10.1134236200948,Upregulated
7587,211.695331349223,Upregulated
7588,4.15514746495435,Upregulated
7589,2.79915244388974,Upregulated
7593,0.0676698507764482,Downregulated
7597,0.0768968389568993,Downregulated
7603,7.32367371739108,Upregulated
7612,5.63468780191669,Upregulated
7614,0.0233482281722921,Downregulated
7615,0.0167480282196697,Downregulated
7617,0.0356466028568464,Downregulated
7620,0.0323782247315873,Downregulated
7626,0.0239601701783547,Downregulated
7627,0.012210346703331,Downregulated
7628,0.0239601702804754,Downregulated
7629,0.0538383570177332,Downregulated
7630,0.0287873912183126,Downregulated
7632,0.0119126293746878,Downregulated
7633,0.0960283019292917,Downregulated
7637,0.0328636167011872,Downregulated
7638,6994.44824360106,Upregulated
7639,0.415941662931083,Downregulated
7643,22.4909115769964,Upregulated
7647,0.434266245678004,Downregulated
7648,0.0888649015156101,Downregulated
7651,0.156068425365969,Downregulated
7656,0.0239601702167083,Downregulated
7657,0.0538383571018013,Downregulated
7658,0.11490627905963,Downregulated
7661,0.052271563723099,Downregulated
7662,0.0833758655519613,Downregulated
7663,98.315662409486,Upregulated
7664,98.3156327041377,Upregulated
7665,0.137491780418187,Downregulated
7674,0.298559814249368,Downregulated
7675,0.0879907768978782,Downregulated
7677,0.0762097597029867,Downregulated
7678,0.0762097617613885,Downregulated
7679,0.11006343136236,Downregulated
7682,0.137346669196925,Downregulated
7683,0.210809954879807,Downregulated
7685,0.186563875353368,Downregulated
7686,3.97149199323395,Upregulated
7692,0.186419462974218,Downregulated
7693,0.134763320166206,Downregulated
7694,0.0797748312178646,Downregulated
7695,0.02229234754091,Downregulated
7698,0.0871014140697675,Downregulated
7699,0.0871014140697675,Downregulated
7700,0.12226994926339,Downregulated
7703,0.0243990893446369,Downregulated
7709,0.116147093569549,Downregulated
7711,0.0926964916197988,Downregulated
7712,0.235195287759934,Downregulated
7713,0.0194824377059869,Downregulated
7716,0.0607963177584554,Downregulated
7720,2.01186784906288,Upregulated
7721,0.0135038747218272,Downregulated
7723,6176.17017318885,Upregulated
7728,0.0778927377989155,Downregulated
7729,0.0312455834195226,Downregulated
7734,0.170496975776627,Downregulated
7735,0.150800173321915,Downregulated
7737,0.135183049000706,Downregulated
7738,0.477989093416942,Downregulated
7739,221.55348064309,Upregulated
7740,0.156536290190636,Downregulated
7741,0.156536290190636,Downregulated
7742,0.0289969709023071,Downregulated
7743,0.138452307346753,Downregulated
7744,0.15653628570226,Downregulated
7746,0.124113948301599,Downregulated
7747,0.135183049000706,Downregulated
7755,3.82997178883453,Upregulated
7764,26.5221344001496,Upregulated
7770,2.20345065817836,Upregulated
7771,3.04181004490161,Upregulated
7775,4.22188751854061,Upregulated
7776,6.56091013555977,Upregulated
7777,6.57982172236069,Upregulated
7778,2.47211927428548,Upregulated
7780,3.9599030565795,Upregulated
7781,2.47211928546235,Upregulated
7782,2.96565648622643,Upregulated
7783,2.20345065662955,Upregulated
7784,3.39310817987579,Upregulated
7787,633.213778278543,Upregulated
7788,5.40954852461877,Upregulated
7796,0.0602833694435345,Downregulated
7797,0.0269869674862033,Downregulated
7799,160.642498092525,Upregulated
7802,0.0105336060561313,Downregulated
7804,0.0853764861456259,Downregulated
7805,0.0836563135953666,Downregulated
7807,0.135557356330928,Downregulated
7815,0.282155729223061,Downregulated
7817,0.030359285773788,Downregulated
7819,0.333333333333333,Downregulated
7820,0.195751097891411,Downregulated
7827,0.202939415560102,Downregulated
7831,0.015642181412601,Downregulated
7832,0.314466829762013,Downregulated
7838,0.413228515672697,Downregulated
7839,0.291125548119119,Downregulated
7848,0.112784096872254,Downregulated
7849,0.0215960373842868,Downregulated
7850,0.137491778913744,Downregulated
7851,0.0444763087340685,Downregulated
7854,0.0838082509759278,Downregulated
7855,0.0282880600267389,Downregulated
7856,0.0152998060606701,Downregulated
7860,0.409049398840103,Downregulated
7864,0.0933788418756947,Downregulated
7867,6.00800031343658,Upregulated
7868,39.6610303799825,Upregulated
7869,3.87804053428358,Upregulated
7870,3.87804053428358,Upregulated
7871,3.87804055752145,Upregulated
7872,4.66472924760356,Upregulated
7874,909.47667207896,Upregulated
7875,0.0815295847441037,Downregulated
7878,38.6032955937359,Upregulated
7884,0.191308773610917,Downregulated
7885,0.191308773610917,Downregulated
7886,0.191308773610917,Downregulated
7889,0.159387980731892,Downregulated
7890,0.0659514253906597,Downregulated
7891,0.0462367873967323,Downregulated
7892,0.191308773610917,Downregulated
7893,0.191308770478361,Downregulated
7894,0.191308770478361,Downregulated
7899,0.168647815984712,Downregulated
7901,0.13544527346776,Downregulated
7902,0.156536286812682,Downregulated
7903,0.124113949182026,Downregulated
7904,0.122497042823003,Downregulated
7907,0.16907833776228,Downregulated
7908,0.0359157978337442,Downregulated
7918,961.341774399319,Upregulated
7919,1064.91946216724,Upregulated
7924,0.0215283329169272,Downregulated
7935,0.012204207491747,Downregulated
7949,0.0845563856031666,Downregulated
7955,0.177729796168099,Downregulated
7958,0.290315777935818,Downregulated
7964,0.302939545914457,Downregulated
7966,1080.0248961354,Upregulated
7967,9.77413770213206,Upregulated
7973,0.412069826408368,Downregulated
7974,0.193855872999631,Downregulated
7976,0.0327994581235611,Downregulated
7979,6.68565805006937,Upregulated
7983,0.042254259620619,Downregulated
7984,0.18012092598591,Downregulated
7985,0.302268761357463,Downregulated
7986,10.6816884005321,Upregulated
7995,4.68601822370385,Upregulated
7996,0.0436421753122538,Downregulated
7997,0.0827851691225959,Downregulated
7998,0.0282822408179855,Downregulated
7999,0.0282822407356647,Downregulated
8003,0.0361403095817091,Downregulated
8008,0.0530220296360055,Downregulated
8010,0.0611395180388655,Downregulated
8011,0.160458791996176,Downregulated
8012,0.152111900521801,Downregulated
8020,0.489177535883483,Downregulated
8022,0.428486792239495,Downregulated
8024,0.0793807213898041,Downregulated
8026,0.217010312129575,Downregulated
8027,0.0376228627760665,Downregulated
8029,2.24823155272686,Upregulated
8034,0.215446084486927,Downregulated
8037,0.0190538063785992,Downregulated
8042,0.0459845970940598,Downregulated
8044,0.100372638083957,Downregulated
8045,0.100372638952308,Downregulated
8047,0.401490535780334,Downregulated
8048,0.100372640621382,Downregulated
8055,0.0459618935160086,Downregulated
8064,56.5360437467782,Upregulated
8070,0.334378831839326,Downregulated
8071,0.0165218683359448,Downregulated
8072,0.0165218683359448,Downregulated
8075,0.15055895920147,Downregulated
8079,0.190569951282571,Downregulated
8090,0.0122410417402393,Downregulated
8101,0.02388474720139,Downregulated
8108,3.05270130325895,Upregulated
8111,4.7526828690613,Upregulated
8114,9.62596733362824,Upregulated
8116,56.4080975463495,Upregulated
8117,20.2472578624395,Upregulated
8118,20.2472570955898,Upregulated
8122,21.3166993554157,Upregulated
8123,4.46217157004059,Upregulated
8130,2.40623748680248,Upregulated
8132,32.882687841831,Upregulated
8134,2.79915234464921,Upregulated
8135,424.286589907756,Upregulated
8138,0.0973330663949201,Downregulated
8140,7.20893679991156,Upregulated
8141,0.0973330663949201,Downregulated
8142,0.0973330648011548,Downregulated
8143,0.0973330636504015,Downregulated
8144,0.098050489057698,Downregulated
8145,0.170496963893499,Downregulated
8146,0.307673095208727,Downregulated
8147,0.272128909457915,Downregulated
8148,0.0229002662439368,Downregulated
8150,0.0189675644487899,Downregulated
8159,2111.19926069274,Upregulated
8163,814.937554049019,Upregulated
8165,0.0818968069813264,Downregulated
8168,0.172499548781054,Downregulated
8172,2.16343247821358,Upregulated
8176,0.0978608721423981,Downregulated
8186,0.0586504995159642,Downregulated
8194,0.270448146604505,Downregulated
8198,12.6274006876307,Upregulated
8206,109.693310939096,Upregulated
8209,0.0611018309308095,Downregulated
8212,0.409247002795282,Downregulated
8216,0.239690727877806,Downregulated
8217,0.15007577856016,Downregulated
8220,13.7066665234539,Upregulated
8222,2.98581896833142,Upregulated
8224,2.42581316717372,Upregulated
8227,0.284985809147128,Downregulated
8236,0.429959299511032,Downregulated
8242,0.338787428296615,Downregulated
8244,0.0404649736017889,Downregulated
8245,0.0761209543400648,Downregulated
8246,0.0166742565242369,Downregulated
8248,0.0524185597106855,Downregulated
8255,0.109538154355097,Downregulated
8256,0.0143794074818961,Downregulated
8257,0.282461022593395,Downregulated
8260,0.149074955943112,Downregulated
8263,0.0827450355768636,Downregulated
8264,0.161384861426246,Downregulated
8266,0.0752607323491873,Downregulated
8268,0.407417557290377,Downregulated
8269,0.406898744140403,Downregulated
8270,4.37616416994579,Upregulated
8272,0.410111465874116,Downregulated
8274,0.0209262308425203,Downregulated
8279,10.7746254373602,Upregulated
8284,0.0841398780363364,Downregulated
8285,0.113571285376858,Downregulated
8289,40.2883341444759,Upregulated
8292,0.0617890300957209,Downregulated
8293,0.0124377015261485,Downregulated
8295,0.185839568328405,Downregulated
8303,0.341011824746284,Downregulated
8304,398.83566971898,Upregulated
8305,327.696078628046,Upregulated
8306,1280.62802580449,Upregulated
8307,0.0294073914307857,Downregulated
8334,0.0122142621733827,Downregulated
8346,0.0167128257055832,Downregulated
8349,0.0164363141775249,Downregulated
8354,0.0883861503429509,Downregulated
8360,0.0428177731405565,Downregulated
8364,0.0689845675800609,Downregulated
8365,0.0283496275983226,Downregulated
8369,0.037067255009267,Downregulated
8370,0.0144266567661277,Downregulated
8376,0.0716662723035536,Downregulated
8377,0.0827450415267296,Downregulated
8378,0.0827450410779987,Downregulated
8379,0.0731500431767891,Downregulated
8380,0.0827450392588173,Downregulated
8381,0.0827450333089513,Downregulated
8383,0.177071260631715,Downregulated
8384,0.0827450367832068,Downregulated
8385,0.0827450395434409,Downregulated
8386,0.125911587520186,Downregulated
8387,7.54571559496088,Upregulated
8388,0.190041444134309,Downregulated
8391,0.0146190092486029,Downregulated
8392,0.0146190091616217,Downregulated
8394,0.173904012636533,Downregulated
8395,0.0305157166890893,Downregulated
8396,0.155916550365386,Downregulated
8398,19.4053365605512,Upregulated
8404,0.0808332380621062,Downregulated
8405,0.0808332380621062,Downregulated
8406,0.0154861497041174,Downregulated
8422,0.0165227099193839,Downregulated
8431,0.0539776141190947,Downregulated
8433,0.222493948174924,Downregulated
8434,0.0212728079552793,Downregulated
8436,0.02333748821624,Downregulated
8439,0.0539776144503891,Downregulated
8440,0.0233374876837465,Downregulated
8441,0.0516422545510643,Downregulated
8442,104.788223359436,Upregulated
8450,0.096445908275974,Downregulated
8453,52.3078601793978,Upregulated
8454,0.496686850957613,Downregulated
8464,2,Upregulated
8505,0.028280243559136,Downregulated
8506,0.0637223918331815,Downregulated
8507,0.023059222455762,Downregulated
8508,0.0421953534319245,Downregulated
8509,0.0986702154017266,Downregulated
8510,0.137786234501016,Downregulated
8513,0.0497648356819997,Downregulated
8519,25.9696848776864,Upregulated
8522,0.365563418114373,Downregulated
8523,0.365563424343496,Downregulated
8524,0.082785169686939,Downregulated
8527,2.02595011662501,Upregulated
8528,100.590867102417,Upregulated
8530,1226.48931462186,Upregulated
8537,18525.9086566563,Upregulated
8540,0.0279833412921839,Downregulated
8541,0.422348094329158,Downregulated
8543,0.0989253939364104,Downregulated
8545,0.0989253857672921,Downregulated
8546,0.422348093644527,Downregulated
8551,0.186840686000031,Downregulated
8554,0.026152378771469,Downregulated
8561,0.105342184424953,Downregulated
8567,0.430573670350566,Downregulated
8571,0.0104240052467893,Downregulated
8574,0.0273742727526277,Downregulated
8575,0.053022030316058,Downregulated
8576,0.0830769324971446,Downregulated
8582,0.125975981166006,Downregulated
8583,0.24400656479132,Downregulated
8594,8.951342027774,Upregulated
8604,0.114725767967593,Downregulated
8605,0.01054371595721,Downregulated
8608,28.3926052512967,Upregulated
8609,0.105537574490767,Downregulated
8613,0.0122147736483325,Downregulated
8623,0.123408296785345,Downregulated
8624,0.148102557279592,Downregulated
8625,0.148102550130284,Downregulated
8626,0.137970055454954,Downregulated
8629,0.206590928299075,Downregulated
8634,2.77173721366475,Upregulated
8635,0.180544392377179,Downregulated
8636,0.157360399850865,Downregulated
8642,0.0460064620766022,Downregulated
8643,0.0523938775949176,Downregulated
8645,0.0374780641623461,Downregulated
8649,0.155220000803381,Downregulated
8650,0.155220004410301,Downregulated
8652,0.13476332959045,Downregulated
8653,0.0746650956964757,Downregulated
8654,0.0837102083243294,Downregulated
8655,0.0837102094698926,Downregulated
8656,0.100191191284177,Downregulated
8657,0.100191184291834,Downregulated
8658,0.100191186627799,Downregulated
8659,0.100191181583389,Downregulated
8661,0.0955999945946425,Downregulated
8662,0.0451984263175656,Downregulated
8664,0.0966158130065487,Downregulated
8665,0.128023135706799,Downregulated
8666,0.0329619562694154,Downregulated
8667,0.12802312924912,Downregulated
8668,0.0837102053390992,Downregulated
8669,0.0837102149057773,Downregulated
8671,0.189611364054123,Downregulated
8672,0.0914841755824897,Downregulated
8673,0.0752550240378743,Downregulated
8680,0.0968586319653306,Downregulated
8681,0.100566202905919,Downregulated
8682,0.100566200553404,Downregulated
8683,0.462804179762874,Downregulated
8686,2.11780095186904,Upregulated
8688,2.11719364225753,Upregulated
8689,0.214440041162493,Downregulated
8690,0.054104319138773,Downregulated
8692,0.33503409253985,Downregulated
8693,0.079679273583581,Downregulated
8694,0.079679273583581,Downregulated
8695,0.0796792730669371,Downregulated
8696,0.0504027482816525,Downregulated
8697,0.0541043165451556,Downregulated
8699,0.0583118996802406,Downregulated
8704,0.0617890276965029,Downregulated
8705,0.061789032148657,Downregulated
8706,0.0617890320560944,Downregulated
8707,0.0617890295569052,Downregulated
8708,0.0871014094414909,Downregulated
8709,0.153953672552686,Downregulated
8714,0.0547434888753257,Downregulated
8715,0.090749132931471,Downregulated
8717,0.0907491295328208,Downregulated
8719,0.0165397626397902,Downregulated
8721,0.0165397626397902,Downregulated
8868,12.6053116275112,Upregulated
8877,81.4967980652029,Upregulated
8880,244.417182527329,Upregulated
8883,2.13777631966841,Upregulated
8888,81.4967980652029,Upregulated
8891,81.4967980652029,Upregulated
8895,407.483852398216,Upregulated
8909,2,Upregulated
8919,2.13777631966844,Upregulated
8922,173.491115517105,Upregulated
8966,0.0369375205157897,Downregulated
8968,0.0594225634713795,Downregulated
8969,0.088864905301783,Downregulated
8970,0.088864903808354,Downregulated
8972,0.0888649028171968,Downregulated
8973,0.112837741668415,Downregulated
8978,0.112837741144861,Downregulated
8979,0.1573994015679,Downregulated
8983,2.48404372410299,Upregulated
8984,12.454672985339,Upregulated
8986,0.140094898774132,Downregulated
8988,0.106753525883688,Downregulated
8996,1289.82121055711,Upregulated
9000,209.246569415384,Upregulated
9006,0.381485762945006,Downregulated
9011,0.0160564350562852,Downregulated
9012,0.055359306155915,Downregulated
9018,2.16345602212836,Upregulated
9021,2.38927364868302,Upregulated
9024,0.0199348411615913,Downregulated
9025,0.352564439345713,Downregulated
9031,0.352564422132393,Downregulated
9038,0.0147076194532588,Downregulated
9040,0.134534137785621,Downregulated
9044,50.2253682845074,Upregulated
9045,0.0370400566552236,Downregulated
9048,0.138533658689104,Downregulated
9054,0.0376668423298566,Downregulated
9055,6.53803645402272,Upregulated
9056,0.320496093605244,Downregulated
9059,0.0507466140853712,Downregulated
9062,0.0714808590426255,Downregulated
9063,0.365311146855555,Downregulated
9064,0.270266133532836,Downregulated
9069,0.362492793682169,Downregulated
9072,0.0447289706534036,Downregulated
9075,0.281894881903703,Downregulated
9079,0.129149776456744,Downregulated
9082,0.0699783719300501,Downregulated
9084,0.0369914896527743,Downregulated
9097,0.100372635595019,Downregulated
9100,0.0791075857023958,Downregulated
9102,0.012534672791834,Downregulated
9107,0.0982503922795799,Downregulated
9108,0.0158357603802057,Downregulated
9111,0.14493751598104,Downregulated
9113,0.290273453720646,Downregulated
9114,0.144062765266667,Downregulated
9117,0.0549308226977016,Downregulated
9118,0.0748338367901572,Downregulated
9119,0.149221104320947,Downregulated
9121,0.21562584598256,Downregulated
9122,0.0273712874955388,Downregulated
9125,0.027737685702226,Downregulated
9132,0.0293166129290003,Downregulated
9133,0.0582640370183944,Downregulated
9134,0.0452251249997251,Downregulated
9136,0.493230632278128,Downregulated
9137,0.121569831957702,Downregulated
9138,0.0416376103832488,Downregulated
9139,0.17218193010301,Downregulated
9141,0.079667758853319,Downregulated
9142,0.0316295362562507,Downregulated
9144,0.0705025255559216,Downregulated
9146,0.0435886034389174,Downregulated
9147,0.176493513643303,Downregulated
9148,0.0196778651396941,Downregulated
9149,0.0599988145859998,Downregulated
9152,0.173308045378726,Downregulated
9153,0.177729804463368,Downregulated
9154,0.166565603320402,Downregulated
9167,0.146189385027941,Downregulated
9179,0.0592540497038518,Downregulated
9180,0.0604537279407307,Downregulated
9194,0.0888649031982663,Downregulated
9198,9.97863189221157,Upregulated
9202,0.490954797901744,Downregulated
9206,0.231713990159937,Downregulated
9208,5.32863945138376,Upregulated
9211,0.0777527272618433,Downregulated
9212,0.0777527272618433,Downregulated
9213,0.0777527272618433,Downregulated
9214,0.0777527272618433,Downregulated
9215,0.0650043146876787,Downregulated
9216,0.0650043157800304,Downregulated
9217,0.0441233781288807,Downregulated
9218,0.0494581536472701,Downregulated
9219,0.0494581536472701,Downregulated
9220,0.0777527272618433,Downregulated
9221,0.0777527272618433,Downregulated
9223,0.0494581536472701,Downregulated
9225,0.0777527272618433,Downregulated
9227,0.0604537279407307,Downregulated
9231,0.0494581539205076,Downregulated
9232,0.0494581539205076,Downregulated
9233,0.0494581539205076,Downregulated
9234,0.0777527276913975,Downregulated
9235,0.0777527276913975,Downregulated
9236,0.0494581541423896,Downregulated
9237,0.0777527289179559,Downregulated
9238,0.0777527289179559,Downregulated
9240,0.0604537283869436,Downregulated
9241,0.0604537283869436,Downregulated
9244,0.0494406119947644,Downregulated
9245,0.0494406119947644,Downregulated
9246,0.077725150184609,Downregulated
9247,0.0777527276913975,Downregulated
9249,0.0494581540686484,Downregulated
9250,0.0777527272618433,Downregulated
9251,0.0494581536472701,Downregulated
9252,0.0494581536472701,Downregulated
9253,0.0494581536472701,Downregulated
9254,0.0777527272618433,Downregulated
9255,0.0494581536472701,Downregulated
9256,0.0777527272618433,Downregulated
9257,0.0777527272618433,Downregulated
9258,0.0777527272618433,Downregulated
9261,0.299148859740216,Downregulated
9262,0.0777527272618433,Downregulated
9263,0.0777527272618433,Downregulated
9264,0.299148858906748,Downregulated
9265,0.485083761676279,Downregulated
9275,0.0100153167071338,Downregulated
9276,0.0604537278718842,Downregulated
9287,0.0477915733686421,Downregulated
9295,0.178879757692398,Downregulated
9298,0.206053011877577,Downregulated
9300,814.937554049623,Upregulated
9301,0.178879757692398,Downregulated
9306,0.137672716815589,Downregulated
9307,0.43066768377896,Downregulated
9308,0.114431974988882,Downregulated
9316,13306.0481973628,Upregulated
9318,0.0496351264359363,Downregulated
9319,0.0459618925630742,Downregulated
9325,2.6349719028887,Upregulated
9335,0.129172922155782,Downregulated
9340,0.0445163478275616,Downregulated
9342,0.0894483619368246,Downregulated
9343,6855.6464973057,Upregulated
9344,410.158676511547,Upregulated
9345,418.462888007385,Upregulated
9347,0.286316217867517,Downregulated
9353,0.200046788815986,Downregulated
9354,0.0888649025925706,Downregulated
9356,0.227113506458582,Downregulated
9359,0.436906529969959,Downregulated
9363,0.150558958643505,Downregulated
9366,0.147571182332254,Downregulated
9370,52.3555162155913,Upregulated
9371,11.6008538579035,Upregulated
9373,0.18186470454252,Downregulated
9374,0.0109347587683878,Downregulated
9375,0.087101417223186,Downregulated
9376,0.0888649013143565,Downregulated
9377,0.0871014159301702,Downregulated
9380,0.0888648885345143,Downregulated
9381,0.0871014195163334,Downregulated
9383,0.0888649023793434,Downregulated
9384,0.0888649034443302,Downregulated
9385,0.081290209315224,Downregulated
9386,0.0812902054007765,Downregulated
9387,0.0888649045093171,Downregulated
9390,0.087101415868749,Downregulated
9392,0.186761356338936,Downregulated
9393,0.0871014131622964,Downregulated
9398,0.15714598057438,Downregulated
9399,0.0348093863690209,Downregulated
9400,0.0341186109905498,Downregulated
9401,0.034118608951775,Downregulated
9402,0.0348093867517505,Downregulated
9403,0.0341186103070187,Downregulated
9404,0.034809387828945,Downregulated
9405,0.0894483719620036,Downregulated
9406,0.0876733079656992,Downregulated
9407,0.0525604095679891,Downregulated
9408,0.165192053563096,Downregulated
9410,0.0888649033673634,Downregulated
9412,0.0888649021900634,Downregulated
9413,0.0871014172013254,Downregulated
9414,0.0815136939651153,Downregulated
9415,14.2220845247191,Upregulated
9416,0.0888649020007835,Downregulated
9417,0.0888649016222237,Downregulated
9418,0.132540619030022,Downregulated
9419,0.132540611723054,Downregulated
9420,0.0536245625907337,Downregulated
9421,0.0536245412909968,Downregulated
9422,0.147571180783698,Downregulated
9423,0.0871014174740886,Downregulated
9424,0.0888649016222237,Downregulated
9425,0.088864903219704,Downregulated
9426,0.0871014164302359,Downregulated
9427,0.0435507078236732,Downregulated
9429,0.0604537278410897,Downregulated
9430,0.147850242265232,Downregulated
9433,0.0928394757954386,Downregulated
9436,0.258599679447475,Downregulated
9438,0.301604241615725,Downregulated
9441,0.0703506515626748,Downregulated
9442,0.0888649015806751,Downregulated
9443,0.0888648967882342,Downregulated
9444,0.0871014120275227,Downregulated
9445,0.0871014120275227,Downregulated
9446,0.162482303904779,Downregulated
9447,0.162482303762289,Downregulated
9454,0.0752239195438224,Downregulated
9456,0.232292945717226,Downregulated
9457,0.321740219065914,Downregulated
9458,137.589556854521,Upregulated
9462,0.378194212498267,Downregulated
9463,0.20131935284925,Downregulated
9465,0.0922932984395699,Downregulated
9466,0.127045762357103,Downregulated
9470,0.183480644801612,Downregulated
9475,0.0411659905398699,Downregulated
9476,2.74568485333251,Upregulated
9477,2.00143235614209,Upregulated
9478,2.00143239861381,Upregulated
9483,0.0893992925566288,Downregulated
9484,0.12397309238613,Downregulated
9488,0.261298334274963,Downregulated
9489,3.67903526681862,Upregulated
9490,0.0144395966500381,Downregulated
9491,0.0441268416678728,Downregulated
9492,0.0767724860580301,Downregulated
9493,0.226484258957306,Downregulated
9497,87.2933600438924,Upregulated
9498,0.0628146350032817,Downregulated
9506,0.0141386023116985,Downregulated
9508,0.0141386003631184,Downregulated
9510,0.0141386008714436,Downregulated
9511,0.0141386008714436,Downregulated
9517,0.0141386010864085,Downregulated
9526,0.36460927979446,Downregulated
9527,0.36460927979446,Downregulated
9529,5.18602687045767,Upregulated
9530,0.106863604421003,Downregulated
9532,0.0213042619550534,Downregulated
9534,0.165050440047661,Downregulated
9537,0.037107043020652,Downregulated
9539,28.9922003720424,Upregulated
9541,3.66562200320113,Upregulated
9545,0.115165978070788,Downregulated
9561,0.229823143894492,Downregulated
9562,96.8092667489126,Upregulated
9565,0.111592146106965,Downregulated
9566,0.0541043175458273,Downregulated
9567,0.0515844694482033,Downregulated
9569,0.151208239559207,Downregulated
9570,0.107216098997855,Downregulated
9571,0.0279833376775073,Downregulated
9572,0.0917295796033271,Downregulated
9577,0.0589183281768343,Downregulated
9579,13882.37801965,Upregulated
9583,0.147210148335928,Downregulated
9590,0.0821441161747958,Downregulated
9592,0.0738889395343657,Downregulated
9593,0.0765241918530864,Downregulated
9594,0.0358688747544247,Downregulated
9595,0.0358688747544247,Downregulated
9596,0.189990696363888,Downregulated
9599,0.106380281772139,Downregulated
9600,0.106380281772139,Downregulated
9602,0.042485825562783,Downregulated
9603,0.0832267575174363,Downregulated
9609,0.189611350318352,Downregulated
9612,0.0699665476758469,Downregulated
9613,0.151668028810211,Downregulated
9616,0.0217635799480438,Downregulated
9617,0.0572473899704427,Downregulated
9618,0.0112614148405403,Downregulated
9619,0.0941926174855549,Downregulated
9621,0.0732476931514251,Downregulated
9622,0.385322270643354,Downregulated
9624,0.168333142135236,Downregulated
9630,0.0415595442717889,Downregulated
9637,4219.22547092804,Upregulated
9661,0.0541043181480228,Downregulated
9667,0.0821441203745255,Downregulated
9670,0.0321767806764185,Downregulated
9671,0.0821441195799122,Downregulated
9673,0.0927962472634547,Downregulated
9674,0.0927962472634547,Downregulated
9678,0.054104316456849,Downregulated
9681,0.0541043181401568,Downregulated
9682,0.0124797653919552,Downregulated
9685,0.0533700558278174,Downregulated
9692,0.078307390343219,Downregulated
9693,0.078307390343219,Downregulated
9695,0.132411710227403,Downregulated
9696,0.132411710227403,Downregulated
9698,0.137480184044752,Downregulated
9699,0.137480184044752,Downregulated
9704,0.153686729278124,Downregulated
9705,0.0287195772470758,Downregulated
9708,0.0581669554124834,Downregulated
9709,0.0581669554124834,Downregulated
9711,0.132411709970238,Downregulated
9712,0.132411709970238,Downregulated
9714,0.0197907306571777,Downregulated
9718,0.0827450342150417,Downregulated
9719,0.0827450342150417,Downregulated
9720,0.0827450352066861,Downregulated
9721,0.0827450352066861,Downregulated
9722,0.0827450352066861,Downregulated
9723,0.0827450352066861,Downregulated
9724,0.0827450366941526,Downregulated
9725,0.0827450361983304,Downregulated
9726,0.0827450366941526,Downregulated
9727,0.0827450361983304,Downregulated
9728,0.0827450361983304,Downregulated
9729,0.0827450361983304,Downregulated
9730,0.0827450361983304,Downregulated
9731,0.0827450361983304,Downregulated
9732,0.0827450361983304,Downregulated
9733,0.0827450361983304,Downregulated
9734,0.0827450361983304,Downregulated
9735,0.0827450361983304,Downregulated
9736,0.0827450361983304,Downregulated
9737,0.0827450361983304,Downregulated
9738,0.0827450361983304,Downregulated
9739,0.0827450361983304,Downregulated
9740,0.0827450361983304,Downregulated
9741,0.0827450361983304,Downregulated
9742,0.0477553992662687,Downregulated
9744,0.075900086460149,Downregulated
9745,48.7055718689533,Upregulated
9746,0.129627205848867,Downregulated
9747,0.230255837654526,Downregulated
9751,0.0827450371899747,Downregulated
9752,0.0827450371899747,Downregulated
9753,0.0827450376857969,Downregulated
9755,13.782762183613,Upregulated
9756,0.0827449800464698,Downregulated
9758,0.0319659772597355,Downregulated
9759,0.0319659772597355,Downregulated
9761,0.227421753837486,Downregulated
9763,0.428386176749656,Downregulated
9766,0.0539879362513827,Downregulated
9767,0.0539879383885948,Downregulated
9768,0.0539879362513827,Downregulated
9769,0.0539879383885948,Downregulated
9770,0.0274112596439887,Downregulated
9771,0.0274112596029255,Downregulated
9772,0.0274112596439887,Downregulated
9773,0.0274112596029255,Downregulated
9774,0.100597292747931,Downregulated
9775,0.127232106631014,Downregulated
9776,0.127232103189403,Downregulated
9777,0.0497941076507487,Downregulated
9778,0.0363490328770794,Downregulated
9779,0.0497941076507487,Downregulated
9784,0.0192267673009844,Downregulated
9787,0.0384535345800721,Downregulated
9788,0.0384535345800721,Downregulated
9790,0.149275496579947,Downregulated
9791,0.0511143966510671,Downregulated
9794,0.0327611892093828,Downregulated
9795,0.0837102059011733,Downregulated
9796,0.0837102081705885,Downregulated
9797,0.0816292092394181,Downregulated
9798,0.0319467613159099,Downregulated
9799,0.0319467613159099,Downregulated
9800,0.0296817908491613,Downregulated
9805,0.0101837768816057,Downregulated
9808,0.0326486708303652,Downregulated
9809,0.0823295397782444,Downregulated
9813,0.180519991706478,Downregulated
9814,0.0837102041918513,Downregulated
9815,0.0496286430034558,Downregulated
9816,0.0803430983752771,Downregulated
9817,0.0803430983752771,Downregulated
9819,0.117694340244031,Downregulated
9820,0.261523811268611,Downregulated
9821,2.31214196683006,Upregulated
9822,0.169030373606738,Downregulated
9823,0.261523819877908,Downregulated
9824,0.261523819877908,Downregulated
9825,0.169030373606738,Downregulated
9826,0.13652357848186,Downregulated
9827,0.169030372340665,Downregulated
9828,0.0193086939527526,Downregulated
9829,0.0193086939527526,Downregulated
9830,0.0124797653730082,Downregulated
9831,0.0124797656534364,Downregulated
9832,0.0191626324718824,Downregulated
9833,0.0191626319152687,Downregulated
9834,0.0123853621448097,Downregulated
9835,0.0191626319523763,Downregulated
9837,0.016556154642837,Downregulated
9845,0.0837102066833696,Downregulated
9846,0.0541043159596581,Downregulated
9847,0.0541043159596581,Downregulated
9848,0.0837102066833696,Downregulated
9849,0.0961479093643598,Downregulated
9850,0.0621431611892479,Downregulated
9851,0.0621431711502065,Downregulated
9852,0.0621431622132717,Downregulated
9853,0.0232211685875899,Downregulated
9854,0.112147831490027,Downregulated
9855,0.147210139514848,Downregulated
9856,0.227763545587743,Downregulated
9857,0.227763543382473,Downregulated
9858,0.0457879701612012,Downregulated
9859,0.122678627786993,Downregulated
9860,0.147210144807496,Downregulated
9861,0.119129752806706,Downregulated
9862,0.119129752806706,Downregulated
9863,0.147210144807496,Downregulated
9864,0.147210144807496,Downregulated
9865,0.147210144807496,Downregulated
9866,0.227763547351958,Downregulated
9867,0.227763547351958,Downregulated
9868,0.147210144807496,Downregulated
9869,0.147210148335928,Downregulated
9870,0.147210136427471,Downregulated
9871,0.227763539854041,Downregulated
9872,0.227763539854041,Downregulated
9873,0.147210136427471,Downregulated
9874,0.147210158866091,Downregulated
9875,0.172867214004692,Downregulated
9876,0.147210139955902,Downregulated
9877,0.227763552203552,Downregulated
9878,0.227763552203552,Downregulated
9879,0.147210139955902,Downregulated
9880,0.147210141720118,Downregulated
9881,0.227763552203552,Downregulated
9882,0.227763552203552,Downregulated
9883,0.131094128636023,Downregulated
9884,0.0200009550014576,Downregulated
9885,0.0268926616021889,Downregulated
9886,0.0433831826259306,Downregulated
9887,0.0280397999088429,Downregulated
9888,0.0821441196442801,Downregulated
9889,0.127093384454736,Downregulated
9890,0.14357436277522,Downregulated
9891,0.136248436589739,Downregulated
9892,0.14303661970916,Downregulated
9893,0.157741232618489,Downregulated
9894,0.0287195769017471,Downregulated
9895,0.058166957159269,Downregulated
9896,0.204867401198455,Downregulated
9897,0.0374469937608562,Downregulated
9898,0.0833758695654409,Downregulated
9899,0.0292715493258265,Downregulated
9900,0.12899914987421,Downregulated
9901,0.121157201578815,Downregulated
9902,0.132411713380124,Downregulated
9903,0.137480187351295,Downregulated
9904,0.0541043181419726,Downregulated
9905,0.083710202688786,Downregulated
9906,0.083710202688786,Downregulated
9907,0.0541043181419726,Downregulated
9908,0.0633114714219148,Downregulated
9909,0.0374223157257374,Downregulated
9910,0.0374223157285346,Downregulated
9912,0.0374223157257374,Downregulated
9913,0.0374223157285346,Downregulated
9914,0.0871014167526202,Downregulated
9916,0.128023128414407,Downregulated
9917,0.0827450375618414,Downregulated
9918,0.0827450375618414,Downregulated
9919,0.128023128414407,Downregulated
9920,0.128023128414407,Downregulated
9921,0.0827450375618414,Downregulated
9922,0.0827450410325966,Downregulated
9923,0.128023128166496,Downregulated
9924,0.128023128166496,Downregulated
9925,0.0827450410325966,Downregulated
9926,0.0827450347108639,Downregulated
9927,0.128023128662319,Downregulated
9928,0.128023130893518,Downregulated
9929,0.0827450371899747,Downregulated
9931,0.0827450396690856,Downregulated
9932,0.0827450416523743,Downregulated
9933,0.0827450416523743,Downregulated
9934,0.0827450416523743,Downregulated
9935,0.0827450416523743,Downregulated
9936,0.128023126431119,Downregulated
9937,0.128023126431119,Downregulated
9938,0.0827450416523743,Downregulated
9939,0.0827450416523743,Downregulated
9940,0.12802312444783,Downregulated
9941,0.12802312444783,Downregulated
9942,0.0827450416523743,Downregulated
9943,0.0827450416523743,Downregulated
9944,0.12802312444783,Downregulated
9945,0.12802312444783,Downregulated
9946,0.0827450416523743,Downregulated
9949,0.177839105980079,Downregulated
9951,0.0180532541747724,Downregulated
9952,0.0827450318249852,Downregulated
9953,0.287678589513707,Downregulated
9954,0.0827450359504193,Downregulated
9955,0.0827450327275752,Downregulated
9956,0.0827450359504193,Downregulated
9957,0.287678589513707,Downregulated
9958,0.287678589513707,Downregulated
9959,0.0827450349657756,Downregulated
9960,0.0827450327275752,Downregulated
9961,0.0827450327275752,Downregulated
9963,0.0827450327275752,Downregulated
9965,0.0213026723453475,Downregulated
9966,0.0827450322317531,Downregulated
9967,0.0213026723453475,Downregulated
9968,0.0827450366941526,Downregulated
9969,0.0465514235397572,Downregulated
9971,0.0365750191515279,Downregulated
9972,0.0731500410300778,Downregulated
9973,0.037693173341621,Downregulated
9974,0.0731500469799438,Downregulated
9975,0.037693173341621,Downregulated
9976,0.0731500494590546,Downregulated
9977,0.0731500437570997,Downregulated
9978,0.0365750208869055,Downregulated
9979,0.03657502076295,Downregulated
9980,0.03657502076295,Downregulated
9983,0.0188465862989439,Downregulated
9985,0.073150044748744,Downregulated
9986,0.073150044748744,Downregulated
9987,0.125911596544279,Downregulated
9988,0.125911589354858,Downregulated
9989,0.049931596968594,Downregulated
9990,0.0499315771357073,Downregulated
9991,13.5107666187384,Upregulated
9994,0.125911588394202,Downregulated
9995,0.125911588394202,Downregulated
9996,0.125911590510613,Downregulated
9997,0.0499316054956319,Downregulated
9998,0.0664244165988775,Downregulated
9999,0.0664244158743142,Downregulated
10000,0.0664244165988775,Downregulated
10005,0.0664244134535057,Downregulated
10006,0.0664244126630729,Downregulated
10009,0.0656467371289731,Downregulated
10011,0.035544814249366,Downregulated
10012,0.0637065872400097,Downregulated
10013,0.0637065881235867,Downregulated
10014,0.0714233929246946,Downregulated
10018,0.0746596676915683,Downregulated
10021,0.0299486824909678,Downregulated
10022,0.0299486825197099,Downregulated
10025,0.0299486823980209,Downregulated
10030,0.037666842304298,Downregulated
10031,0.0376668420636098,Downregulated
10032,0.0376668424647568,Downregulated
10036,0.020455029919196,Downregulated
10038,0.0251872260699159,Downregulated
10039,0.0376668430263625,Downregulated
10040,0.0224362080722406,Downregulated
10041,0.0128682796503648,Downregulated
10042,0.0780738706448647,Downregulated
10043,0.0376668426252155,Downregulated
10046,0.0594225641808746,Downregulated
10050,0.0225579903219164,Downregulated
10058,0.0192815561742378,Downregulated
10070,0.0108122212863914,Downregulated
10071,0.0108122213749949,Downregulated
10072,0.198837849024286,Downregulated
10073,0.0122235604613768,Downregulated
10074,0.0768283590517602,Downregulated
10075,0.0768283590517602,Downregulated
10076,0.0768283590517602,Downregulated
10077,0.0768283590517602,Downregulated
10078,0.204096509823824,Downregulated
10079,0.204096509823824,Downregulated
10080,0.223735807106783,Downregulated
10081,0.223735807106783,Downregulated
10082,0.204096507979136,Downregulated
10083,0.204096507979136,Downregulated
10084,0.204096507979136,Downregulated
10085,0.204096507979136,Downregulated
10090,0.181718249911175,Downregulated
10091,0.112913828759895,Downregulated
10092,0.0967441235111345,Downregulated
10093,0.122273791856816,Downregulated
10096,0.150775941448299,Downregulated
10097,0.0867152276206813,Downregulated
10098,0.150775946215779,Downregulated
10099,0.0776879323412855,Downregulated
10100,0.0776879328822365,Downregulated
10101,0.0441233789747155,Downregulated
10102,0.0441233789747155,Downregulated
10103,0.0441233789747155,Downregulated
10104,0.0441233789747155,Downregulated
10105,0.20409651891984,Downregulated
10106,0.204096516746239,Downregulated
10107,0.204096516746239,Downregulated
10108,0.204096516746239,Downregulated
10109,0.0562693809650101,Downregulated
10110,0.0562693809650101,Downregulated
10111,0.0562693809650101,Downregulated
10112,0.0562693815642716,Downregulated
10113,0.0441086360953768,Downregulated
10114,0.0441086360953768,Downregulated
10115,0.0441086360953768,Downregulated
10116,0.0441086360953768,Downregulated
10117,0.0628138858401096,Downregulated
10118,0.0628138858401096,Downregulated
10119,0.0628138858401096,Downregulated
10120,0.06281388517115,Downregulated
10121,0.0483073217786151,Downregulated
10122,0.120298446533202,Downregulated
10123,0.120298446533202,Downregulated
10124,0.0689516179242667,Downregulated
10125,0.0689516192737489,Downregulated
10126,0.110332111323909,Downregulated
10127,0.110332111323909,Downregulated
10128,0.220664216567076,Downregulated
10129,0.220664216567076,Downregulated
10130,0.106541893642155,Downregulated
10131,0.301117912150078,Downregulated
10133,0.134826069734666,Downregulated
10134,0.269652138356525,Downregulated
10135,0.269652138356525,Downregulated
10149,0.0819972596888209,Downregulated
10152,0.0935859958006599,Downregulated
10156,0.0507149488822601,Downregulated
10158,0.125188393040504,Downregulated
10159,0.231602705834671,Downregulated
10161,0.143487779894261,Downregulated
10168,0.0377030806680815,Downregulated
10169,0.29159719210566,Downregulated
10173,0.0898498493995889,Downregulated
10176,0.0268363012945769,Downregulated
10177,0.0916075495427257,Downregulated
10178,0.0293145588023161,Downregulated
10179,0.481828383964837,Downregulated
10184,0.24221250669376,Downregulated
10185,0.0995891915267744,Downregulated
10186,0.263228783587832,Downregulated
10187,0.286827714680103,Downregulated
10188,0.0356643945569443,Downregulated
10189,0.0366765780318162,Downregulated
10190,0.0759201608908981,Downregulated
10195,0.0588429839910774,Downregulated
10196,0.0242066307513854,Downregulated
10197,0.0642282976469393,Downregulated
10198,0.0842273741385305,Downregulated
10204,0.275250942121525,Downregulated
10221,0.0811912045785983,Downregulated
10222,2.01560905131682,Upregulated
10224,0.0899641011680933,Downregulated
10231,0.149487313183798,Downregulated
10235,0.326651745483949,Downregulated
10236,0.0684258182724925,Downregulated
10238,0.0784284380362262,Downregulated
10239,0.0619534831369357,Downregulated
10240,0.0619534834468152,Downregulated
10243,0.0116572933143768,Downregulated
10244,0.117133723622788,Downregulated
10245,0.13202602341658,Downregulated
10247,0.0317106404589743,Downregulated
10248,0.0836981044683934,Downregulated
10249,0.0919385937676284,Downregulated
10250,0.0278749504159584,Downregulated
10251,0.14027441281989,Downregulated
10252,2.23834565303848,Upregulated
10254,0.0317106405120364,Downregulated
10256,2.52689728066156,Upregulated
10262,0.0544508943118763,Downregulated
10265,0.0945950616657945,Downregulated
10267,0.0554612444062186,Downregulated
10269,0.106681299775715,Downregulated
10271,2.20865848327797,Upregulated
10272,0.174582558614643,Downregulated
10273,2.31546045609529,Upregulated
10274,0.0590734418985789,Downregulated
10275,0.0836981045362213,Downregulated
10276,0.194788780537314,Downregulated
10277,0.194788781336347,Downregulated
10279,0.136494819147217,Downregulated
10280,0.106681299643483,Downregulated
10281,0.16546907808859,Downregulated
10282,0.165469077962667,Downregulated
10283,0.250679627940603,Downregulated
10284,0.442811776450967,Downregulated
10286,0.0538013739245258,Downregulated
10287,0.0538013740029991,Downregulated
10288,0.0570268453888023,Downregulated
10290,0.0269811891844441,Downregulated
10291,0.0183008549167968,Downregulated
10292,0.0269811892488113,Downregulated
10294,0.030063406955999,Downregulated
10295,0.0318657528019434,Downregulated
10296,0.0247299593022475,Downregulated
10299,0.0806543109494205,Downregulated
10300,0.0786596937403604,Downregulated
10301,0.0786596937403604,Downregulated
10305,0.0877101683130506,Downregulated
10306,0.0385599012476131,Downregulated
10307,0.0385599012476131,Downregulated
10311,0.0350007376330914,Downregulated
10312,0.223566657039729,Downregulated
10315,0.32196269221735,Downregulated
10317,0.226481833532799,Downregulated
10319,5.29584776061957,Upregulated
10320,5.29858126909368,Upregulated
10321,105.562444524597,Upregulated
10336,0.235817129295676,Downregulated
10361,0.0634243325898536,Downregulated
10362,0.101132883500351,Downregulated
10364,0.389891854236707,Downregulated
10366,0.194945928119358,Downregulated
10368,0.194945928119358,Downregulated
10369,0.0536897111274368,Downregulated
10370,0.0257498029780861,Downregulated
10372,0.0586308848748112,Downregulated
10373,0.124038541198294,Downregulated
10375,0.233004323286541,Downregulated
10377,0.028835144873282,Downregulated
10378,0.0640497510667625,Downregulated
10381,0.0640497502611597,Downregulated
10387,0.201299107098504,Downregulated
10388,0.149407388294403,Downregulated
10389,0.0593529229731913,Downregulated
10394,0.135586654411427,Downregulated
10395,0.0515125245477725,Downregulated
10396,0.0515125242055853,Downregulated
10398,2.95502433441732,Upregulated
10400,0.0991643110040692,Downregulated
10407,0.0570693270386393,Downregulated
10408,0.0452197554535139,Downregulated
10410,0.0991643110257075,Downregulated
10422,0.0290764994116249,Downregulated
10424,0.0426219561134342,Downregulated
10435,0.039352605763512,Downregulated
10440,0.0434101255527037,Downregulated
10442,0.1427039227242,Downregulated
10443,0.0595899995980154,Downregulated
10444,0.0900823602241323,Downregulated
10445,0.0641049106494735,Downregulated
10447,0.0293893095240501,Downregulated
10448,0.0194145658468097,Downregulated
10449,0.156437872872247,Downregulated
10453,0.0555586451275262,Downregulated
10456,0.0667065621613542,Downregulated
10457,0.128453086459106,Downregulated
10458,0.200569078515162,Downregulated
10459,0.198702335398859,Downregulated
10460,5.2978703211717,Upregulated
10465,0.341215504578764,Downregulated
10468,0.211482722619341,Downregulated
10471,0.237498230454028,Downregulated
10472,0.0158589724100881,Downregulated
10474,0.295669441176459,Downregulated
10475,0.0835598764795918,Downregulated
10476,0.0835598770474663,Downregulated
10477,0.208031789062884,Downregulated
10478,0.0493271983938185,Downregulated
10482,0.296360380236059,Downregulated
10485,0.296360380236059,Downregulated
10500,0.0421645131071791,Downregulated
10501,0.0421645131611868,Downregulated
10502,0.0421645132470396,Downregulated
10503,0.0835598758585137,Downregulated
10505,0.0238429553005366,Downregulated
10507,0.100911615107119,Downregulated
10511,0.156965829514244,Downregulated
10512,0.13761299698065,Downregulated
10515,0.0835598766012792,Downregulated
10517,0.240525705659767,Downregulated
10518,0.276762764688441,Downregulated
10526,0.240525704352762,Downregulated
10527,2.23555919215914,Upregulated
10528,0.0835598765336751,Downregulated
10532,0.137464440973384,Downregulated
10536,0.17605317149922,Downregulated
10537,0.176053170658942,Downregulated
10540,155.96602425364,Upregulated
10541,0.24591488413312,Downregulated
10542,0.156965828164174,Downregulated
10543,0.156965831784678,Downregulated
10544,0.156965828164174,Downregulated
10548,0.0835598769663414,Downregulated
10552,3.41329672568655,Upregulated
10553,3.41329652739563,Upregulated
10554,3.41329672568655,Upregulated
10555,3.41329672568655,Upregulated
10556,2.50680899431924,Upregulated
10557,3273.88309338377,Upregulated
10558,8.67742592931205,Upregulated
10560,2.27762477189746,Upregulated
10561,7.25184186094396,Upregulated
10565,2.27401201540157,Upregulated
10567,29.795977455629,Upregulated
10571,717.213849790351,Upregulated
10576,8.63086530824584,Upregulated
10578,2.42313861848888,Upregulated
10579,0.328629663513283,Downregulated
10587,0.0640012961569672,Downregulated
10590,0.0889432479656906,Downregulated
10593,63.5796341311534,Upregulated
10599,0.0482313387386322,Downregulated
10600,0.0387027100806865,Downregulated
10620,5.10915594987967,Upregulated
10622,0.0701971762799539,Downregulated
10624,0.0357720632628074,Downregulated
10626,7.40759622283738,Upregulated
10627,0.0620131503944499,Downregulated
10629,0.0444716237400656,Downregulated
10633,0.127606450328819,Downregulated
10635,2.23061703248775,Upregulated
10636,0.0540071571215551,Downregulated
10637,0.0424366032026702,Downregulated
10638,0.0964776991385641,Downregulated
10642,0.0589103359750727,Downregulated
10645,0.126225794270199,Downregulated
10649,0.154241064344944,Downregulated
10651,0.0915013843374869,Downregulated
10652,0.0114647323664806,Downregulated
10653,0.104316263284046,Downregulated
10654,0.323769775040173,Downregulated
10655,0.317056743506165,Downregulated
10656,0.191099688133678,Downregulated
10657,0.0109587561283105,Downregulated
10658,3.04180984595517,Upregulated
10670,0.0314984096071914,Downregulated
10671,0.0141280787330594,Downregulated
10673,0.0141280788785727,Downregulated
10675,0.0314984100606721,Downregulated
10688,0.01250829191101,Downregulated
10691,0.0125082925860324,Downregulated
10698,0.104316264507227,Downregulated
10699,0.104316270962629,Downregulated
10700,0.104316266605067,Downregulated
10703,0.10431626264772,Downregulated
10704,0.0528104849306952,Downregulated
10705,0.0569799149097838,Downregulated
10706,0.0528104842967209,Downregulated
10708,0.0528104846716617,Downregulated
10709,0.0528104833891526,Downregulated
10711,0.0264052440153182,Downregulated
10714,0.0369744980868964,Downregulated
10721,0.0369744966202722,Downregulated
10722,0.0588535275618461,Downregulated
10724,6.06858470547738,Upregulated
10737,3.41522890172659,Upregulated
10738,3.41522890172662,Upregulated
10740,0.261946156089368,Downregulated
10743,0.0320251210578712,Downregulated
10748,4.27643150219384,Upregulated
10761,0.0465618060269614,Downregulated
10763,0.0135903163299966,Downregulated
10766,0.275575634769098,Downregulated
10767,11.3418518603472,Upregulated
10769,0.275575626743858,Downregulated
10773,5.17068986976479,Upregulated
10776,10.7984697854829,Upregulated
10777,126.256913341633,Upregulated
10778,2.13801355244482,Upregulated
10779,0.0803654590898293,Downregulated
10780,0.0730393598136528,Downregulated
10783,0.0200376705871196,Downregulated
10786,0.0639871617459959,Downregulated
10787,2.85514974478831,Upregulated
10789,2.91010689680455,Upregulated
10792,0.406103319049436,Downregulated
10793,0.437401170414314,Downregulated
10799,227.526621780472,Upregulated
10803,0.189754892697621,Downregulated
10804,127.159270196054,Upregulated
10805,0.120262575022981,Downregulated
10809,0.389078831452539,Downregulated
10810,3.61791824006472,Upregulated
10812,0.119023820951694,Downregulated
10815,0.128541621885787,Downregulated
10816,0.138897145827798,Downregulated
10817,2.70982163956587,Upregulated
10819,336.929773289803,Upregulated
10820,2.0461580629768,Upregulated
10827,0.226355554071022,Downregulated
10828,6.31656615033109,Upregulated
10838,7629.59461399684,Upregulated
10841,2.28191168079409,Upregulated
10842,5.79842799418735,Upregulated
10844,1907.39860697366,Upregulated
10845,2.74505534890937,Upregulated
10848,0.339822110582862,Downregulated
10849,0.437694175856947,Downregulated
10853,2.16092081934109,Upregulated
10856,97.9741733028278,Upregulated
10857,127.956019049198,Upregulated
10858,3.58621872815788,Upregulated
10859,0.258836254968589,Downregulated
10862,88.8911318443824,Upregulated
10864,0.253394701590852,Downregulated
10865,3.72531343021785,Upregulated
10869,24.5696561370827,Upregulated
10871,0.251192088969372,Downregulated
10872,0.147612561212367,Downregulated
10875,381.47781449991,Upregulated
10876,95.3694546199714,Upregulated
10880,0.253820552987344,Downregulated
10882,50.7585945136485,Upregulated
10884,22.8268999587795,Upregulated
10887,7.79692616039258,Upregulated
10888,13761.0105374508,Upregulated
10889,5.17181157133903,Upregulated
10891,3.79399189747375,Upregulated
10892,26.0093683835072,Upregulated
10893,0.0925975539917454,Downregulated
10894,19.5686794144001,Upregulated
10896,68.5353857980938,Upregulated
10897,19.92447842491,Upregulated
10899,14.1972556833964,Upregulated
10900,15.8057511400345,Upregulated
10901,50.3234501418922,Upregulated
10904,79.9294198497675,Upregulated
10905,26.8755819246033,Upregulated
10906,11.7137166070848,Upregulated
10911,6.41153359456766,Upregulated
10912,8.44339149567107,Upregulated
10913,6.41153359685262,Upregulated
10914,10.6443691362236,Upregulated
10915,123.611158038807,Upregulated
10916,123.611158227992,Upregulated
10918,2.90981268731803,Upregulated
10919,6.69559848576216,Upregulated
10921,0.0556315709192293,Downregulated
10922,0.0113287787699174,Downregulated
10923,6.080769570279,Upregulated
10924,0.0574959268302415,Downregulated
10925,127.326696244924,Upregulated
10926,79.2036322154831,Upregulated
10928,200.551948137583,Upregulated
10931,43.9707056950166,Upregulated
10932,0.216051795533249,Downregulated
10937,0.0260921617901367,Downregulated
10938,25.8813508138878,Upregulated
10939,0.354692183991135,Downregulated
10941,6.40287412585118,Upregulated
10949,5.18423231713957,Upregulated
10955,0.152142284948039,Downregulated
10956,679.684905719871,Upregulated
10958,0.0538996021097776,Downregulated
10963,0.0725024520022035,Downregulated
10964,3.21192942048645,Upregulated
10965,6.0092353690374,Upregulated
10970,0.106933565140762,Downregulated
10975,2.75385296753046,Upregulated
10976,311.173127688551,Upregulated
10977,580.218638989501,Upregulated
10978,4.80115447478194,Upregulated
10982,12.7576084251276,Upregulated
10984,2.59166432689868,Upregulated
10985,23.853540817532,Upregulated
10988,10.290375569395,Upregulated
10990,3.81700476837648,Upregulated
10991,0.0514203262704013,Downregulated
10993,0.282364935739159,Downregulated
10995,0.0409638539312836,Downregulated
10999,0.0744996006090016,Downregulated
11001,4.32488702427503,Upregulated
11005,0.0358871929726653,Downregulated
11007,0.498195685298845,Downregulated
11008,1757.5999910821,Upregulated
11009,10.2236453276791,Upregulated
11010,39.9647095828946,Upregulated
11011,40.8945792909189,Upregulated
11012,57.1067195137509,Upregulated
11014,30.9938557487618,Upregulated
11015,79.9294185072783,Upregulated
11018,3.55644755397319,Upregulated
11027,0.369941778729061,Downregulated
11028,0.0443755485345693,Downregulated
11030,2209.76583784727,Upregulated
11032,85.0888054830119,Upregulated
11034,28.9787284464299,Upregulated
11047,0.0482547455530798,Downregulated
11048,27.9550762166862,Upregulated
11049,13.9432984713696,Upregulated
11050,225.463757845862,Upregulated
11052,2690.28367769393,Upregulated
11067,19.9244783075236,Upregulated
11068,8.00922178182285,Upregulated
11069,18.3723506760872,Upregulated
11076,0.0479894583882745,Downregulated
11082,6.5186924919385,Upregulated
11087,3.43080800746216,Upregulated
11089,5.63645757115005,Upregulated
11092,1522.90510732381,Upregulated
11101,15.0666091754667,Upregulated
11106,2.0203539987776,Upregulated
11120,6.84774941942718,Upregulated
11121,0.125132738089762,Downregulated
11122,0.135778689918271,Downregulated
11124,0.0664775842900487,Downregulated
11130,3.58621870075589,Upregulated
11132,1233.08706743527,Upregulated
11133,11.0983088091265,Upregulated
11135,4.19120983099368,Upregulated
11138,1281.79065055249,Upregulated
11141,3.42855717125898,Upregulated
11142,38.6865653358587,Upregulated
11143,15.7647509413401,Upregulated
11144,13.8579301033806,Upregulated
11145,13.7504521643443,Upregulated
11147,0.080468420781273,Downregulated
11154,286.298898097196,Upregulated
11155,261.220450102492,Upregulated
11169,3.10889614758795,Upregulated
11173,64.1428385553643,Upregulated
11174,29.3138037635987,Upregulated
11178,2.67189549177336,Upregulated
11193,0.110065274934027,Downregulated
11194,0.0997228246961491,Downregulated
11197,0.0597094203546141,Downregulated
11202,0.0794153335765004,Downregulated
11207,3.29889125174156,Upregulated
11209,0.0363477393204832,Downregulated
11210,2.54574221739033,Upregulated
11217,0.0276023242286256,Downregulated
11219,0.0276023241482316,Downregulated
11220,0.0276023245144708,Downregulated
11223,0.0322287388212896,Downregulated
11224,0.0742984512617695,Downregulated
11225,219.078357768944,Upregulated
11226,41.2176045980532,Upregulated
11230,0.0427821010875262,Downregulated
11231,0.0390769063280909,Downregulated
11232,0.0427820998504874,Downregulated
11233,0.035962345805634,Downregulated
11234,0.0333076155355779,Downregulated
11236,6.8159294204109,Upregulated
11237,160.323088188564,Upregulated
11241,0.0390769064545516,Downregulated
11242,0.0781538125550133,Downregulated
11243,0.151380785080991,Downregulated
11244,0.042782099712036,Downregulated
11245,0.0359623462537021,Downregulated
11246,0.035962346335169,Downregulated
11254,2.70304537903224,Upregulated
11256,0.408002828210688,Downregulated
11258,29.3138043880465,Upregulated
11260,0.300793757361403,Downregulated
11261,6.8363355417082,Upregulated
11282,23.5718556195662,Upregulated
11284,2.70618852916372,Upregulated
11289,0.0325394930036931,Downregulated
11297,8.28259995144695,Upregulated
11299,0.066788271176122,Downregulated
11300,0.219644896831245,Downregulated
11303,0.311141225222043,Downregulated
11306,43.1756213823384,Upregulated
11307,0.0160673862683624,Downregulated
11308,233.12912269182,Upregulated
11310,2.77788817831538,Upregulated
11311,2.77788817831538,Upregulated
11312,2.77788811939618,Upregulated
11313,36.2420877014052,Upregulated
11318,6.41153284011072,Upregulated
11319,1426.25598823922,Upregulated
11321,19.3256092113274,Upregulated
11323,13.7504518297021,Upregulated
11326,2013.45203090716,Upregulated
11327,2007.46714094378,Upregulated
11328,33.6417091079614,Upregulated
11329,33.6417091079614,Upregulated
11332,20.7189298524328,Upregulated
11333,2.38182094301991,Upregulated
11334,2.6180938024407,Upregulated
11335,12.954204834266,Upregulated
11336,3.07964510332988,Upregulated
11337,850.694340770002,Upregulated
11338,89.439026957033,Upregulated
11339,5.55577644118272,Upregulated
11344,2638.25573876497,Upregulated
11350,2292.36668422971,Upregulated
11352,2552.08302869066,Upregulated
11354,151.907218316687,Upregulated
11360,2.45101145519608,Upregulated
11365,159.080640375754,Upregulated
11368,169.321129604941,Upregulated
11369,84.6605647948586,Upregulated
11370,2638.25568428259,Upregulated
11372,1199.64806694776,Upregulated
11382,3.04792062425709,Upregulated
11389,2.60621535678468,Upregulated
11391,0.246192929946971,Downregulated
11392,2.27233977499013,Upregulated
11397,10.6846273804306,Upregulated
11398,3.29601012161365,Upregulated
11399,10.6846273813751,Upregulated
11400,3.81945980741402,Upregulated
11401,4.17232679714988,Upregulated
11402,15.6929939534719,Upregulated
11411,54.45466155448,Upregulated
11413,2.63663784433972,Upregulated
11426,1106.10515032718,Upregulated
11429,0.0916344039832743,Downregulated
11430,0.0916344071921282,Downregulated
11431,0.0431585769464109,Downregulated
11432,9.82243634136823,Upregulated
11436,8.73763642009181,Upregulated
11447,0.493562543426376,Downregulated
11450,18.4309454625192,Upregulated
11451,0.362449908175016,Downregulated
11455,0.150075767246985,Downregulated
11458,4.07560797018484,Upregulated
11459,13.7504524571844,Upregulated
11460,2.26759225349778,Upregulated
11462,13.7504517511739,Upregulated
11465,2.78515170892747,Upregulated
11466,2.25905994592927,Upregulated
11467,3.58621857161008,Upregulated
11469,0.119489264127073,Downregulated
11476,0.320216034788523,Downregulated
11477,0.218175686869918,Downregulated
11478,8.28259984174421,Upregulated
11486,2.63229381376931,Upregulated
11494,0.0139333545371577,Downregulated
11495,0.448436529657345,Downregulated
11498,248.001326012957,Upregulated
11499,76.7823459545959,Upregulated
11507,0.200872906725311,Downregulated
11519,0.051008806841516,Downregulated
11524,0.0580530407219164,Downregulated
11528,0.0133649427038247,Downregulated
11533,2.58247806890015,Upregulated
11535,2.00801031784523,Upregulated
11536,2.96829010584182,Upregulated
11537,0.212809833915847,Downregulated
11538,0.0657444050573612,Downregulated
11539,0.0149723067794224,Downregulated
11540,0.0493422271132581,Downregulated
11543,0.228653634987493,Downregulated
11544,0.0271695494594364,Downregulated
11546,0.160160175906791,Downregulated
11548,0.155895147519187,Downregulated
11555,2209.5954077785,Upregulated
11558,0.0314469921336382,Downregulated
11559,0.147174929468979,Downregulated
11561,0.176300682681461,Downregulated
11562,12.9819007595197,Upregulated
11571,0.266223216407591,Downregulated
11573,0.114685796073333,Downregulated
11581,56.7472214657548,Upregulated
11584,0.0178121656986009,Downregulated
11585,0.0739004497224786,Downregulated
11587,0.0360096967802302,Downregulated
11591,0.0390769063280909,Downregulated
11592,0.0824163866605969,Downregulated
11593,0.166877605410831,Downregulated
11595,0.0621202210531859,Downregulated
11608,0.0386065379723597,Downregulated
11609,0.0386065379118995,Downregulated
11613,16983.6451480507,Upregulated
11614,4.76886386355949,Upregulated
11616,0.0355554688231754,Downregulated
11620,5938.7122969463,Upregulated
11621,2.33827484970131,Upregulated
11624,2.66889250359388,Upregulated
11626,2.21905860216067,Upregulated
11629,4824.49642412906,Upregulated
11640,2.33827470656394,Upregulated
11644,460.04676666256,Upregulated
11645,12.4456237770202,Upregulated
11647,0.0510215505834448,Downregulated
11649,0.464774261674581,Downregulated
11650,0.11814355392427,Downregulated
11654,0.34086439780316,Downregulated
11661,0.434949373514955,Downregulated
11662,30.2370945806359,Upregulated
11667,3.19577289185283,Upregulated
11669,0.185726844277338,Downregulated
11677,2480.11821026937,Upregulated
11678,0.0152887770853933,Downregulated
11680,0.221930687960088,Downregulated
11682,0.207574268061345,Downregulated
11684,9.82243635567254,Upregulated
11685,2.16136825282099,Upregulated
11690,0.0202890940390187,Downregulated
11694,5.16397927073037,Upregulated
11700,3.73769553616338,Upregulated
11704,5.39029163292229,Upregulated
11706,0.352103579352941,Downregulated
11710,0.018837484170146,Downregulated
11711,13.4592764239174,Upregulated
11713,2.4965227681854,Upregulated
11714,0.0378395536624097,Downregulated
11715,0.0378395534348802,Downregulated
11716,0.0378395537542439,Downregulated
11717,0.0378395535417916,Downregulated
11718,0.0378395536624097,Downregulated
11719,0.041018461375949,Downregulated
11720,0.0478760370582826,Downregulated
11721,0.033069667086919,Downregulated
11724,6.98051500529246,Upregulated
11727,0.0429272747304021,Downregulated
11730,8.39492447991063,Upregulated
11731,0.0603429153403654,Downregulated
11734,8.09050989829296,Upregulated
11735,3.9992639477425,Upregulated
11740,0.0185547394365867,Downregulated
11741,0.041018461375949,Downregulated
11743,0.0633868039041777,Downregulated
11750,0.0905718667567508,Downregulated
11755,29.3138042475033,Upregulated
11779,0.432500429032852,Downregulated
11780,0.432500429032045,Downregulated
11832,0.137669162945027,Downregulated
11834,0.137669162944993,Downregulated
11854,0.0642215085784524,Downregulated
11888,0.319366435028814,Downregulated
11895,2.13071608598666,Upregulated
11896,2.06162566895439,Upregulated
11897,2.13071606291125,Upregulated
11909,0.166667165205983,Downregulated
11923,0.0431585769491888,Downregulated
11931,0.137669162945007,Downregulated
11952,0.102915378697574,Downregulated
11953,0.113701847656026,Downregulated
11954,0.0762980340872311,Downregulated
11955,0.102916318623808,Downregulated
11956,0.102916323358984,Downregulated
11957,0.132081528567429,Downregulated
11959,0.0107855277433151,Downregulated
11960,0.102916322462646,Downregulated
11961,6.07899275995263,Upregulated
11972,2.57489479412357,Upregulated
11975,0.183395156378663,Downregulated
11976,0.386627726903838,Downregulated
11977,0.137669162945028,Downregulated
11978,0.137669162945027,Downregulated
11981,0.137669162945036,Downregulated
11982,0.137669162944993,Downregulated
11992,0.226996829993659,Downregulated
11994,357.685549708089,Upregulated
11997,0.270281825672241,Downregulated
11998,3.762079138311,Upregulated
12006,0.23785271712031,Downregulated
12007,8.98096888875508,Upregulated
12009,0.143393647148646,Downregulated
12010,0.0716968207432705,Downregulated
12011,0.0485878927078737,Downregulated
12012,0.0824697041732236,Downregulated
12013,7.31513166239489,Upregulated
12016,3.56338894149346,Upregulated
12023,3.83727141811764,Upregulated
12027,0.030277373777925,Downregulated
12028,0.0302773736651073,Downregulated
12029,0.030277373777925,Downregulated
12031,2.57862818421875,Upregulated
12035,3.42932348089945,Upregulated
12037,0.226996826967919,Downregulated
12038,0.152639684291588,Downregulated
12047,0.0780955969720014,Downregulated
12048,0.116139212790583,Downregulated
12049,7.27992117950194,Upregulated
12050,10.8262737570046,Upregulated
12054,0.08093411601459,Downregulated
12057,0.0351655053900385,Downregulated
12070,0.0396903499364453,Downregulated
12071,0.0429527188310846,Downregulated
12072,0.0751667181633657,Downregulated
12073,0.0207428960868669,Downregulated
12074,0.09789255769979,Downregulated
12076,0.127194248175191,Downregulated
12077,0.0390345869112421,Downregulated
12082,0.0210015107818928,Downregulated
12085,0.0546201157052547,Downregulated
12086,0.0414976096952662,Downregulated
12087,0.0304031810449703,Downregulated
12095,0.102007961172859,Downregulated
12097,0.0575540371321633,Downregulated
12098,0.0380591655239224,Downregulated
12099,0.0291472815461888,Downregulated
12100,0.117164578401841,Downregulated
12101,0.114014443734853,Downregulated
12102,0.0126401075306465,Downregulated
12103,0.0585203626077926,Downregulated
12113,0.374785701407039,Downregulated
12118,32.7401197621274,Upregulated
12120,3.04569460554223,Upregulated
12123,0.0674171466736646,Downregulated
12126,0.0203946455334318,Downregulated
12129,0.0973083670849354,Downregulated
12130,0.0399626214586385,Downregulated
12131,0.0973083665784992,Downregulated
12136,0.402997558779215,Downregulated
12137,6.59366857843397,Upregulated
12143,0.114562556288637,Downregulated
12144,0.124118318895119,Downregulated
12147,0.0976141877334669,Downregulated
12151,2.36210608936942,Upregulated
12152,0.156677515783636,Downregulated
12153,0.243164411647449,Downregulated
12154,0.035790414361763,Downregulated
12155,0.13972698362618,Downregulated
12160,186.689042221955,Upregulated
12161,0.0314254469906752,Downregulated
12164,0.294365077117667,Downregulated
12176,0.104522662881699,Downregulated
12178,0.354526854478191,Downregulated
12179,0.0968700274349694,Downregulated
12180,0.0968700275916636,Downregulated
12204,7.6311051575758,Upregulated
12207,2.21610799546393,Upregulated
12208,4.86953449468008,Upregulated
12213,0.190191497086277,Downregulated
12218,3.14494388427881,Upregulated
12222,0.0751667163936037,Downregulated
12227,0.339003441216434,Downregulated
12229,111.707286081718,Upregulated
12255,0.0281629307135789,Downregulated
12266,7.74680884692689,Upregulated
12273,3.17371502932156,Upregulated
12276,0.194638160436332,Downregulated
12277,14.9745719632858,Upregulated
12281,15727.1844104983,Upregulated
12284,0.265166980027267,Downregulated
12287,314.593371630306,Upregulated
12290,0.333669788974591,Downregulated
12292,802.229218808319,Upregulated
12293,21.0907801767039,Upregulated
12303,0.056366177709091,Downregulated
12305,0.0862936329266858,Downregulated
12312,17.2421487026753,Upregulated
12314,2.32553796709526,Upregulated
12315,6.90771153071195,Upregulated
12316,0.332061215082994,Downregulated
12318,0.0884115350172102,Downregulated
12320,223.619379013291,Upregulated
12324,784.712782058832,Upregulated
12328,250.365962668753,Upregulated
12331,2.90694493389187,Upregulated
12336,2.94081390808764,Upregulated
12339,129.414863312174,Upregulated
12340,3.42972525365719,Upregulated
12342,226.252808449434,Upregulated
12344,3.42972541934438,Upregulated
12345,23.3576852543364,Upregulated
12356,0.149139438757306,Downregulated
12382,82.6492275907081,Upregulated
12390,51.9875882842997,Upregulated
12391,3.01957419486044,Upregulated
12393,0.101139840501986,Downregulated
12397,94.3600233603606,Upregulated
12400,45.6702249042848,Upregulated
12402,0.038729180575476,Downregulated
12414,2.06626132440573,Upregulated
12418,0.421068311344268,Downregulated
12421,0.0441037875113435,Downregulated
12422,0.0441037875113435,Downregulated
12423,6.07138992301378,Upregulated
12424,23.9634943798308,Upregulated
12428,36.6527136886275,Upregulated
12431,0.118671944850854,Downregulated
12438,0.0681913330747493,Downregulated
12445,0.0840155518381699,Downregulated
12446,286.665546353701,Upregulated
12450,5.74260371356504,Upregulated
12480,0.0261349781319479,Downregulated
12481,0.091794273712,Downregulated
12486,0.265506946085647,Downregulated
12488,8.99709458771189,Upregulated
12489,8.91541865501699,Upregulated
12491,3.35864404092002,Upregulated
12492,1001.29575239951,Upregulated
12504,0.0736394333874088,Downregulated
12509,0.245903022454598,Downregulated
12514,0.258836270876644,Downregulated
12526,0.0803351566562734,Downregulated
12535,1018.48586246042,Upregulated
12545,2.611096973879,Upregulated
12553,85.5418439197973,Upregulated
12554,85.5418454458454,Upregulated
12560,4.84098810822982,Upregulated
12561,4.68225728613377,Upregulated
12583,3015.8601369004,Upregulated
12595,7769.75555162161,Upregulated
12608,18.4024987346525,Upregulated
12625,6341.13301815437,Upregulated
12630,18.4024987346525,Upregulated
12664,3.22187024116695,Upregulated
12665,5.40903464699223,Upregulated
12672,277.751532068758,Upregulated
12673,277.927535134745,Upregulated
12684,20.7764824419875,Upregulated
12685,7.56933938364129,Upregulated
12688,41.5529663729156,Upregulated
12689,41.5529680441834,Upregulated
12690,79.2036306334954,Upregulated
12691,173.934242585706,Upregulated
12692,3.42385650292637,Upregulated
12702,0.0519755611556347,Downregulated
12703,2.50418346767079,Upregulated
12708,6.30996006224755,Upregulated
12710,3.9992638833445,Upregulated
12711,0.409681467274289,Downregulated
12712,0.468131986721871,Downregulated
12714,37.8786049746649,Upregulated
12717,277.942100493551,Upregulated
12719,0.116750192613072,Downregulated
12721,2.17762963385361,Upregulated
12724,4.58067934717661,Upregulated
12727,4.28688920266745,Upregulated
12728,0.0356777564437234,Downregulated
12729,4.53025766954856,Upregulated
12730,0.351781713762522,Downregulated
12731,0.118775224631603,Downregulated
12733,12.9734384494699,Upregulated
12734,0.390570052626163,Downregulated
12735,0.0890188587886738,Downregulated
12736,0.239727113103665,Downregulated
12743,0.0448310609337653,Downregulated
12753,8.3871122998845,Upregulated
12757,5.64325626686435,Upregulated
12759,9.27030711589921,Upregulated
12761,3.79923468090268,Upregulated
12765,2.86662931322706,Upregulated
12767,63.2301990636469,Upregulated
12769,0.361417845738505,Downregulated
12771,2.48789949890147,Upregulated
12772,2.40681716499565,Upregulated
12774,2.86662932317931,Upregulated
12778,0.081472059644761,Downregulated
12784,0.486583583468121,Downregulated
12785,0.47845845101854,Downregulated
12786,0.49205013630062,Downregulated
12794,0.0389362218655349,Downregulated
12802,0.0295519403925753,Downregulated
12803,0.0296349521380646,Downregulated
12805,25.9937942916482,Upregulated
12810,2.13071605797234,Upregulated
12812,0.387066059150348,Downregulated
12817,0.47530311544115,Downregulated
12818,2.31543532415898,Upregulated
12820,3.35667693689163,Upregulated
12821,4.12325146523421,Upregulated
12822,0.0753099086230488,Downregulated
12826,0.458470076792935,Downregulated
12827,4.40336723759982,Upregulated
12832,4.40336718648234,Upregulated
12833,4.40336720036626,Upregulated
12835,4.40336718995332,Upregulated
12840,7.74427307786265,Upregulated
12841,7.74427308287506,Upregulated
12842,7.74427304277583,Upregulated
12844,7.74427304277583,Upregulated
12845,7.74427304277583,Upregulated
12846,7.74427307911575,Upregulated
12847,7.74427300768901,Upregulated
12853,4.4091955410165,Upregulated
12854,4.40919552483551,Upregulated
12855,0.316543476870895,Downregulated
12856,0.256533226007144,Downregulated
12863,8.30576811403305,Upregulated
12868,0.0457490474543434,Downregulated
12869,17.6482281025848,Upregulated
12870,17.4744974446554,Upregulated
12871,6.5936692204335,Upregulated
12873,0.185925289512937,Downregulated
12877,0.0381945547072295,Downregulated
12879,2.7133891617858,Upregulated
12880,3.46059917963914,Upregulated
12881,3.46059918019407,Upregulated
12882,3.46059917963914,Upregulated
12884,0.488173439350242,Downregulated
12889,2.18961933511961,Upregulated
12890,2.18961932259711,Upregulated
12891,0.350514024548221,Downregulated
12892,3.12607285811293,Upregulated
12893,11.3679101878516,Upregulated
12894,2.21684124228513,Upregulated
12897,25.3565367002913,Upregulated
12898,0.439930328939117,Downregulated
12900,2.61755990997926,Upregulated
12901,25.3565366976374,Upregulated
12902,6.97281908946825,Upregulated
12903,2.17762956906244,Upregulated
12904,2.1776295657529,Upregulated
12905,2.17762957981842,Upregulated
12907,6.92027556383567,Upregulated
12908,4.23749794512073,Upregulated
12909,9.61918587496794,Upregulated
12910,15.526588449665,Upregulated
12911,25.3565363437064,Upregulated
12912,2.17762953246939,Upregulated
12913,3.42359710514361,Upregulated
12915,2.42802261083057,Upregulated
12916,3.93699430796846,Upregulated
12921,0.0533506625936957,Downregulated
12922,4.00251443728388,Upregulated
12924,16.5651996537593,Upregulated
12925,37.1527158024428,Upregulated
12926,3.80557821033148,Upregulated
12930,8.28259998671263,Upregulated
12933,4.08774287139237,Upregulated
12941,0.140437141842866,Downregulated
12946,2.90301099434582,Upregulated
12971,301.164236585175,Upregulated
12974,163.977028486797,Upregulated
12984,2.50418339467746,Upregulated
12991,2.86662926474689,Upregulated
12992,3.22841647712984,Upregulated
12996,3.11921635737305,Upregulated
13002,2.66079626995226,Upregulated
13009,2.66079625822511,Upregulated
13011,2.66079627116541,Upregulated
13016,2.35514391398953,Upregulated
13033,2.35514390887782,Upregulated
13037,2.66079626590841,Upregulated
13043,0.0711633148245559,Downregulated
13049,2.35514392247922,Upregulated
13050,2.66079627642241,Upregulated
13053,2.35514391532059,Upregulated
13057,2.35514391854197,Upregulated
13061,2.3551439267744,Upregulated
13064,0.0643199976234538,Downregulated
13065,2.3551439052985,Upregulated
13069,11.4050040819822,Upregulated
13071,2.66079625903388,Upregulated
13073,2.66079626954787,Upregulated
13078,2.35514391532059,Upregulated
13098,0.388376044506966,Downregulated
13100,0.388376045952358,Downregulated
13110,2.50418342783203,Upregulated
13113,0.261489798332948,Downregulated
13114,2.58871862080699,Upregulated
13115,0.261489797406654,Downregulated
13117,2.58871862080699,Upregulated
13118,2.85020841456713,Upregulated
13120,986.312937108035,Upregulated
13134,0.049677556926537,Downregulated
13137,3.12304716397038,Upregulated
13138,5.27261975940166,Upregulated
13140,11428.6285296396,Upregulated
13147,8301.86311367531,Upregulated
13152,0.439217754409833,Downregulated
13154,0.117056352465692,Downregulated
13157,0.0438344167330272,Downregulated
13158,0.166092212762662,Downregulated
13161,0.470842911493481,Downregulated
13166,0.253742718978351,Downregulated
13168,0.470842924482436,Downregulated
13169,0.253742718978351,Downregulated
13173,0.310772218619468,Downregulated
13178,0.0318508266737747,Downregulated
13188,36.804997469306,Upregulated
13189,0.0374185980021005,Downregulated
13192,112.532782848489,Upregulated
13194,0.161952887074481,Downregulated
13195,0.161952882710169,Downregulated
13199,129.250156431313,Upregulated
13201,1856.02555524835,Upregulated
13204,38.9156824592104,Upregulated
13205,38.9156861388784,Upregulated
13206,38.9156837770889,Upregulated
13207,38.9156852697399,Upregulated
13209,19.9105735380375,Upregulated
13210,209.981934300933,Upregulated
13211,5.48692992142105,Upregulated
13212,38.9156848894918,Upregulated
13213,33.2253059215791,Upregulated
13214,153.79535463526,Upregulated
13219,3.83727137984384,Upregulated
13220,2.22128920697307,Upregulated
13225,30.1109269703897,Upregulated
13227,0.0926033563872917,Downregulated
13228,0.0926033602229227,Downregulated
13229,0.17782898986906,Downregulated
13230,0.286512958178743,Downregulated
13231,0.286512917034943,Downregulated
13232,0.286512888974979,Downregulated
13233,0.473348188992758,Downregulated
13235,0.173090294493289,Downregulated
13236,3.67381581326156,Upregulated
13242,0.0484225943976101,Downregulated
13243,11.4735390593505,Upregulated
13245,4.76886392144388,Upregulated
13246,15.7730431547324,Upregulated
13247,2.43991121382022,Upregulated
13248,2.43991128791224,Upregulated
13249,0.441029636663878,Downregulated
13250,0.441029628488887,Downregulated
13251,4.30978667390732,Upregulated
13253,3.0872054639338,Upregulated
13258,0.189578045949722,Downregulated
13260,3.25474620276406,Upregulated
13261,2.2940562615036,Upregulated
13263,2.25058140803447,Upregulated
13269,5.07974121694655,Upregulated
13270,2.84617695910253,Upregulated
13271,2.84617700366796,Upregulated
13278,14.9767133906207,Upregulated
13279,0.0911045836371479,Downregulated
13280,3.43557718295793,Upregulated
13282,0.170982658543898,Downregulated
13284,0.0982201939634747,Downregulated
13286,0.231112568979572,Downregulated
13287,0.44470818004038,Downregulated
13294,0.0908723146099502,Downregulated
13300,0.5,Downregulated
13302,9.70958267612063,Upregulated
13304,35.8714312091123,Upregulated
13309,106.445555970955,Upregulated
13311,3.329465885595,Upregulated
13318,4.51596919347223,Upregulated
13323,5.10547437840252,Upregulated
13326,3.03574725564262,Upregulated
13329,3.46758858318495,Upregulated
13337,3.58034076079175,Upregulated
13351,2.78314208760763,Upregulated
13352,2.73963387700673,Upregulated
13354,2.74540133603614,Upregulated
13356,188.847528811101,Upregulated
13357,2.94170051105866,Upregulated
13358,8.3851426681072,Upregulated
13366,0.181164420519505,Downregulated
13369,0.228305897519706,Downregulated
13372,847.497961913195,Upregulated
13377,203.016828894481,Upregulated
13379,25.9119489636204,Upregulated
13385,3.80721571571241,Upregulated
13388,0.459422242993866,Downregulated
13395,52.4977374888796,Upregulated
13406,2.38741104677707,Upregulated
13407,7.89637473435055,Upregulated
13409,100.655302370443,Upregulated
13410,3.1621642711446,Upregulated
13411,2.38741109135499,Upregulated
13412,100.655300976632,Upregulated
13416,52.4977360259244,Upregulated
13421,2.50115462593153,Upregulated
13422,141.018008772898,Upregulated
13423,141.018008772898,Upregulated
13431,4.66688574398391,Upregulated
13438,0.166513064914291,Downregulated
13443,3.67480019664183,Upregulated
13449,0.392137079923287,Downregulated
13450,0.392137079923287,Downregulated
13454,89.2592562814796,Upregulated
13459,6.48602144526443,Upregulated
13460,2.63879484165239,Upregulated
13461,4.0003897964192,Upregulated
13464,0.434344141003387,Downregulated
13467,0.0514581590404824,Downregulated
13468,0.11167911757279,Downregulated
13469,0.106272515178894,Downregulated
13470,0.0998286553037845,Downregulated
13471,0.167353246421552,Downregulated
13472,0.167353246136045,Downregulated
13473,0.167353246421555,Downregulated
13475,2.0082329499534,Upregulated
13476,21.4896760604703,Upregulated
13478,6.91518649146153,Upregulated
13481,0.388318117501292,Downregulated
13484,4.68561702851648,Upregulated
13485,309.101716111062,Upregulated
13486,2.39731931975438,Upregulated
13488,0.174718794099752,Downregulated
13489,22.4983858831894,Upregulated
13490,107.209001446559,Upregulated
13491,5.43913455543538,Upregulated
13493,4.6856167734391,Upregulated
13494,456.802317353608,Upregulated
13495,3.4737285202103,Upregulated
13496,0.137646604972522,Downregulated
13498,29.8139604001543,Upregulated
13501,116.582523223671,Upregulated
13503,0.338578805114864,Downregulated
13504,0.151718852823945,Downregulated
13510,4.67654976438527,Upregulated
13514,124.292340080399,Upregulated
13520,0.371981930176202,Downregulated
13523,0.0336959594799713,Downregulated
13524,3.24207119714006,Upregulated
13528,753.406927465644,Upregulated
13531,314.593369010459,Upregulated
13532,0.447434057577791,Downregulated
13533,92.9877651903155,Upregulated
13534,92.9877651907497,Upregulated
13535,85.2190601973587,Upregulated
13536,85.2190601970647,Upregulated
13537,92.9877648727473,Upregulated
13538,92.9877648723855,Upregulated
13548,510.015955617501,Upregulated
13549,510.015955617501,Upregulated
13550,510.015955617501,Upregulated
13551,20.2189733671006,Upregulated
13552,6.42890876984701,Upregulated
13557,3.08720543367677,Upregulated
13558,3.03574726374868,Upregulated
13559,3.46758843502322,Upregulated
13560,4.39023783044691,Upregulated
13561,4.39144803715963,Upregulated
13562,4.98633739740631,Upregulated
13564,2.84617690071836,Upregulated
13565,3.95960688523135,Upregulated
13566,0.108831025444211,Downregulated
13567,2.6755603461847,Upregulated
13568,0.121062361805199,Downregulated
13569,2.80869688429266,Upregulated
13570,2.656574631977,Upregulated
13571,3.95960707144518,Upregulated
13572,3.97859279591913,Upregulated
13575,0.306117769537047,Downregulated
13579,0.343234593671657,Downregulated
13580,0.0275976450278954,Downregulated
13581,0.0275976447492825,Downregulated
13583,0.0275976438926126,Downregulated
13584,0.343234597921156,Downregulated
13585,0.071608381309855,Downregulated
13587,2.38741101258261,Upregulated
13588,2.38741101258261,Upregulated
13589,2.38741101258261,Upregulated
13590,2.38741101258261,Upregulated
13591,2.38741101258261,Upregulated
13592,2.38741101258261,Upregulated
13593,2.38741101258261,Upregulated
13594,2.38741101258261,Upregulated
13595,2.38741111284772,Upregulated
13596,2.38741112530841,Upregulated
13597,2.38741112530841,Upregulated
13598,2.38741112530841,Upregulated
13599,2.38741112530841,Upregulated
13600,2.38741100388911,Upregulated
13601,2.38741111052945,Upregulated
13602,2.387411132553,Upregulated
13603,2.387411132553,Upregulated
13604,2.387411132553,Upregulated
13605,2.38741113964428,Upregulated
13606,2.38741101258261,Upregulated
13607,2.38741116211092,Upregulated
13608,2.38741110589291,Upregulated
13609,411.02749827874,Upregulated
13610,0.223996538143775,Downregulated
13611,56.9319997061491,Upregulated
13613,0.269146306745544,Downregulated
13614,0.260659864795184,Downregulated
13623,16.1106860130843,Upregulated
13625,2.38741106165619,Upregulated
13627,411.027501535335,Upregulated
13628,2.38741114569342,Upregulated
13629,7.89637484266035,Upregulated
13630,7.89637493532399,Upregulated
13633,0.265833540741617,Downregulated
13634,3.49743195509502,Upregulated
13637,455.455988898284,Upregulated
13644,0.0474002225692202,Downregulated
13645,0.0474002225692202,Downregulated
13646,0.0474002225692202,Downregulated
13647,0.0474002225692202,Downregulated
13649,2.10983460335049,Upregulated
13650,0.150030046846818,Downregulated
13651,0.305369964047093,Downregulated
13652,0.0440595921986907,Downregulated
13655,2.10983462123381,Upregulated
13656,0.0440595925721472,Downregulated
13658,0.171038057075656,Downregulated
13660,0.0440595921524076,Downregulated
13661,0.305369963726313,Downregulated
13668,2.10983460113419,Upregulated
13676,0.0787184403097807,Downregulated
13677,0.468211204106162,Downregulated
13679,2.12207959944528,Upregulated
13680,2.1242207698557,Upregulated
13682,23.8540416293608,Upregulated
13685,0.281182464208099,Downregulated
13686,2.88192676755959,Upregulated
13690,2.45243327665692,Upregulated
13693,5.78870560037443,Upregulated
13699,0.147095355016001,Downregulated
13700,0.0127703618702228,Downregulated
13703,3.10519927641858,Upregulated
13707,4.22640073166238,Upregulated
13715,0.058694243055839,Downregulated
13717,0.119489269526723,Downregulated
13718,0.119489268039042,Downregulated
13719,0.363923810165765,Downregulated
13720,0.270500925373118,Downregulated
13722,0.175820422104507,Downregulated
13724,27.9001958771232,Upregulated
13725,54.5315894349397,Upregulated
13726,27.9001953211243,Upregulated
13727,27.9001953211243,Upregulated
13728,26.8755818646058,Upregulated
13731,0.123636093337438,Downregulated
13740,8.9356177614463,Upregulated
13741,7.82608352650723,Upregulated
13745,0.156241866886561,Downregulated
13751,2.00204385795157,Upregulated
13752,2.78515183267848,Upregulated
13753,2.56670828715384,Upregulated
13754,0.109340273814108,Downregulated
13756,3.56338901000404,Upregulated
13757,0.0366372573004315,Downregulated
13759,3.9180043984078,Upregulated
13761,0.0240955460450964,Downregulated
13764,2.38741114213708,Upregulated
13770,6.59366895763443,Upregulated
13787,0.465047425316197,Downregulated
13788,0.425137001254365,Downregulated
13792,0.179233893862786,Downregulated
13793,0.402129262445789,Downregulated
13795,0.179233902338307,Downregulated
13796,0.179233902822258,Downregulated
13799,0.425136929343976,Downregulated
13802,0.350316881768196,Downregulated
13803,0.119455002376821,Downregulated
13805,0.350316881647166,Downregulated
13811,0.0267075140894743,Downregulated
13812,0.179233899750125,Downregulated
13813,0.179233899342648,Downregulated
13814,0.119489263970891,Downregulated
13815,0.119489263455608,Downregulated
13816,0.4251369129458,Downregulated
13818,0.3653922920324,Downregulated
13819,0.179233901234732,Downregulated
13820,0.350316894390927,Downregulated
13829,0.0876281263772408,Downregulated
13830,0.0288787118740544,Downregulated
13835,0.0792687168491522,Downregulated
13836,0.24172013786923,Downregulated
13840,0.0792687166512761,Downregulated
13841,0.451202352476563,Downregulated
13847,0.0375652359236202,Downregulated
13848,0.0375652368786621,Downregulated
13850,0.350316882449844,Downregulated
13851,0.124903011873446,Downregulated
13855,0.365392295545817,Downregulated
13860,0.170513181435332,Downregulated
13863,0.170513181407741,Downregulated
13864,0.227350880816473,Downregulated
13865,0.341026328997086,Downregulated
13866,0.170513163980025,Downregulated
13870,0.0123010466032566,Downregulated
13883,0.342458990974771,Downregulated
13884,0.342458984626901,Downregulated
13885,6.69308839280144,Upregulated
13888,0.0533234919012259,Downregulated
13889,0.0533234920370338,Downregulated
13893,9.61637519086333,Upregulated
13908,15350.797226425,Upregulated
13917,0.0522304205309388,Downregulated
13919,0.0512641066156831,Downregulated
13920,0.0287480232954448,Downregulated
13922,0.0376188828868541,Downregulated
13925,9604.39363416797,Upregulated
13927,0.0303861543268613,Downregulated
13929,0.0916084934406056,Downregulated
13930,0.0750073485373173,Downregulated
13931,0.0505511433403435,Downregulated
13932,0.0766357361377263,Downregulated
13939,0.332919898687549,Downregulated
13946,3.61851483909578,Upregulated
13947,0.0266760305430139,Downregulated
13949,9.68751155929078,Upregulated
13952,9.68751174078463,Upregulated
13954,1447.07526440505,Upregulated
13958,0.080787689893216,Downregulated
13962,0.303915331717708,Downregulated
13968,0.0140783410804399,Downregulated
13970,8.54543974520767,Upregulated
13971,13.710228697932,Upregulated
13975,4.16069125396066,Upregulated
13976,9.47221271521328,Upregulated
13986,0.233544588051318,Downregulated
13998,5.66450411237684,Upregulated
13999,53.059202524707,Upregulated
14001,2.33024484602192,Upregulated
14003,2.53611585377326,Upregulated
14004,0.128095454354186,Downregulated
14009,0.0961013717181744,Downregulated
14053,17.04665950528,Upregulated
14058,46.1458789010263,Upregulated
14059,0.159777071985778,Downregulated
14060,2.81547037001457,Upregulated
14065,6.8661649504091,Upregulated
14066,0.152212457257051,Downregulated
14067,0.152212456777122,Downregulated
14068,0.0652816694580204,Downregulated
14069,13.7088515445008,Upregulated
14070,5.69851241703357,Upregulated
14071,0.0512408706429458,Downregulated
14072,0.0121041641763317,Downregulated
14075,0.0167185286227447,Downregulated
14076,0.0149005969395973,Downregulated
14081,4.99015464929928,Upregulated
14082,3.25678999031406,Upregulated
14083,0.0101454519013182,Downregulated
14088,0.0578583209439146,Downregulated
14090,2.52898856914322,Upregulated
14092,8.93538042925091,Upregulated
14102,0.0218133097513097,Downregulated
14103,0.0452676003210801,Downregulated
14104,0.0218133097739224,Downregulated
14105,0.245013763284305,Downregulated
14108,0.0338588089447032,Downregulated
14109,0.0467241520813241,Downregulated
14112,26.1609762074485,Upregulated
14114,14.7522587088014,Upregulated
14116,0.316422571587128,Downregulated
14118,10.0498651724032,Upregulated
14124,0.233323743991315,Downregulated
14126,0.0254246522033152,Downregulated
14146,26.8335772312198,Upregulated
14147,26.8335772312198,Upregulated
14148,14.5695289290217,Upregulated
14162,0.32664128458592,Downregulated
14163,0.32664128458592,Downregulated
14164,2.20193693504678,Upregulated
14166,27.9889714782657,Upregulated
14167,27.9889714782657,Upregulated
14173,0.160098869596386,Downregulated
14176,3.41173717943445,Upregulated
14179,0.0671293325647249,Downregulated
14180,0.020412362574304,Downregulated
14181,0.0348816467141868,Downregulated
14183,0.161859508865745,Downregulated
14184,0.161806504636196,Downregulated
14189,0.161533761378323,Downregulated
14190,0.472139094998312,Downregulated
14196,3.411737239526,Upregulated
14203,5.71694615851094,Upregulated
14205,39.9700938958227,Upregulated
14207,5.05315619530001,Upregulated
14208,2.61611929011072,Upregulated
14210,5.05315619530001,Upregulated
14213,2.21511487765783,Upregulated
14214,2.1923095907769,Upregulated
14215,4.53361899068718,Upregulated
14216,2.52657809490887,Upregulated
14218,4.55522714502522,Upregulated
14219,9.02608747717719,Upregulated
14229,0.0529819458745838,Downregulated
14231,552.942091181749,Upregulated
14240,8824.09903737271,Upregulated
14241,8824.09950508015,Upregulated
14242,8109.60260530607,Upregulated
14243,8109.60260530607,Upregulated
14244,1478.56917369473,Upregulated
14245,291.181888955942,Upregulated
14246,191.608941912465,Upregulated
14248,127.25892434819,Upregulated
14249,0.258883778550925,Downregulated
14273,0.104423742256723,Downregulated
14277,0.0950975542137506,Downregulated
14279,0.017665901351934,Downregulated
14280,0.0153981575061079,Downregulated
14282,0.0841734140756017,Downregulated
14291,7.12851355021206,Upregulated
14292,7.12851359051206,Upregulated
14293,7.36888337855619,Upregulated
14294,2.59828156954838,Upregulated
14299,0.208429723146772,Downregulated
14300,2.52675136259219,Upregulated
14304,0.149885270291834,Downregulated
14307,0.0458597565974379,Downregulated
14312,0.130355805939618,Downregulated
14315,2.07676192317283,Upregulated
14316,3.60658141448083,Upregulated
14317,4.47449547496542,Upregulated
14322,4.42152211537536,Upregulated
14329,0.278180033316835,Downregulated
14348,0.271087491373481,Downregulated
14349,0.195765719252611,Downregulated
14353,0.115165929020753,Downregulated
14355,0.123333851617789,Downregulated
14356,0.0787110667118441,Downregulated
14357,0.352946455346535,Downregulated
14360,0.0316328988700838,Downregulated
14366,1570.19339739242,Upregulated
14371,2.0639804561298,Upregulated
14376,20.0372381332516,Upregulated
14384,23.4202127005243,Upregulated
14385,18.4131604218636,Upregulated
14393,1153.43255976166,Upregulated
14395,6.81826965844982,Upregulated
14397,6.81826965844982,Upregulated
14400,0.0481215981568236,Downregulated
14404,27.9889721949642,Upregulated
14405,27.9889721949642,Upregulated
14406,27.9889721949642,Upregulated
14407,27.9889721949642,Upregulated
14408,19.3981303047399,Upregulated
14409,21.1072034417,Upregulated
14410,21.1072034417,Upregulated
14411,9.53195215280315,Upregulated
14412,27.9889721123948,Upregulated
14413,0.0775241722247973,Downregulated
14419,13.0749759648327,Upregulated
14420,14.7840489569984,Upregulated
14421,13.074975385831,Upregulated
14422,16.4931221195072,Upregulated
14423,18.2021953413337,Upregulated
14430,13.0749756686009,Upregulated
14431,13.0749756686009,Upregulated
14432,14.7840486220452,Upregulated
14433,14.7840486220452,Upregulated
14434,13.0749755424772,Upregulated
14435,13.0749755424772,Upregulated
14436,16.4931217458326,Upregulated
14437,16.4931217458326,Upregulated
14438,18.2021949289376,Upregulated
14439,18.2021949289376,Upregulated
14440,6.81826966715079,Upregulated
14445,0.32664128458592,Downregulated
14465,923.834900221309,Upregulated
14481,0.0382466668468016,Downregulated
14483,0.150197618191599,Downregulated
14491,0.402070641652009,Downregulated
14493,0.131148996903246,Downregulated
14497,18.8677520077244,Upregulated
14499,130.026796933096,Upregulated
14501,0.250146808629208,Downregulated
14502,0.478005926053349,Downregulated
14503,3.87141913826998,Upregulated
14510,0.424915076962606,Downregulated
14514,0.312917010683989,Downregulated
14517,35.9889552789801,Upregulated
14519,35.4592682562323,Upregulated
14520,2609.07800590497,Upregulated
14521,159.316503819865,Upregulated
14523,2.95235598193326,Upregulated
14524,3.2385803525375,Upregulated
14525,0.276109234410781,Downregulated
14531,0.0248306956490062,Downregulated
14535,24.5097224942036,Upregulated
14536,8.26369015862177,Upregulated
14537,9.79782545351146,Upregulated
14538,2.87266924740096,Upregulated
14539,7.76261867993639,Upregulated
14546,60.086836436292,Upregulated
14548,0.075551984645634,Downregulated
14552,68.2781321761315,Upregulated
14553,203.479281168255,Upregulated
14555,26.4734175268444,Upregulated
14571,4.12555973170619,Upregulated
14573,14.4995471280706,Upregulated
14574,0.121383856232745,Downregulated
14576,2.44082388973928,Upregulated
14577,2.79537559354293,Upregulated
14580,0.147446221146089,Downregulated
14581,324.122765797863,Upregulated
14583,66.8178690873863,Upregulated
14594,3.34042367308765,Upregulated
14595,3.34042366699281,Upregulated
14598,2.14865956537923,Upregulated
14605,2.14865956649999,Upregulated
14608,2.14804339488899,Upregulated
14611,7.10670291438171,Upregulated
14612,7.10670298610279,Upregulated
14613,7.10670298610279,Upregulated
14614,2.14865954912487,Upregulated
14615,2.71223666095916,Upregulated
14616,8.18109715748113,Upregulated
14617,8.18109715748193,Upregulated
14621,2.08215386372268,Upregulated
14625,0.191558450204936,Downregulated
14635,0.178032006990305,Downregulated
14637,0.36474946259095,Downregulated
14638,86.4254833698769,Upregulated
14644,11.8252985704985,Upregulated
14645,11.8252983632786,Upregulated
14648,0.0573751094864197,Downregulated
14649,3.57529055577325,Upregulated
14650,3.57529055577325,Upregulated
14655,41.2545270692649,Upregulated
14656,41.2545270692649,Upregulated
14657,136.449565336839,Upregulated
14658,136.449563658086,Upregulated
14659,125.401094617954,Upregulated
14660,125.401093432937,Upregulated
14661,125.401094430422,Upregulated
14662,125.401094433874,Upregulated
14663,16.3295775372706,Upregulated
14664,9.2874750832915,Upregulated
14665,25.6749026825079,Upregulated
14666,2.60237343195662,Upregulated
14667,125.401094516261,Upregulated
14668,37.9141010362874,Upregulated
14669,37.9141010362874,Upregulated
14670,41.2545253366813,Upregulated
14671,6.66832067367067,Upregulated
14678,32.2361949198794,Upregulated
14679,35.5766187105929,Upregulated
14680,125.401093405781,Upregulated
14681,0.169817063475241,Downregulated
14683,3.74515539311326,Upregulated
14684,25.5553479539248,Upregulated
14686,3.26322774519716,Upregulated
14687,6.66832070960994,Upregulated
14691,6.36702275374975,Upregulated
14692,3.5752905306031,Upregulated
14693,3.57529053103707,Upregulated
14694,3.5752905306031,Upregulated
14695,3.57529228054667,Upregulated
14698,3.57529236707335,Upregulated
14699,3.57529240379369,Upregulated
14700,3.57529236707335,Upregulated
14701,10.601679886176,Upregulated
14702,2.34818606654136,Upregulated
14708,10.601679886176,Upregulated
14709,74.7971717943022,Upregulated
14710,25.5553484616102,Upregulated
14711,25.5553482150984,Upregulated
14712,32.2361955794295,Upregulated
14713,35.576619487884,Upregulated
14714,8.34223190674603,Upregulated
14715,8.34223190674603,Upregulated
14721,18.2021953262197,Upregulated
14722,38.2687492641724,Upregulated
14723,74.7971714674629,Upregulated
14724,74.7971714674629,Upregulated
14725,74.7971714674629,Upregulated
14726,25.5553481365494,Upregulated
14727,74.7971714674629,Upregulated
14728,74.7971714674629,Upregulated
14729,74.7971714674629,Upregulated
14730,74.7971714674629,Upregulated
14731,74.7971714674629,Upregulated
14732,74.7971714674629,Upregulated
14733,38.2687492641724,Upregulated
14734,38.2687492641724,Upregulated
14735,74.7971714674629,Upregulated
14736,1783.66949579645,Upregulated
14737,1783.66949579645,Upregulated
14740,2.23814259940323,Upregulated
14743,10.6016802464884,Upregulated
14752,2.34818596184423,Upregulated
14756,14.2098436981265,Upregulated
14769,716.02869030088,Upregulated
14772,2095.69693300799,Upregulated
14775,15.4675894326187,Upregulated
14778,0.213072652939814,Downregulated
14779,7.79217907977496,Upregulated
14786,35.9272434020311,Upregulated
14787,12.4072356170175,Upregulated
14797,2.38838621652169,Upregulated
14803,4.69840735785245,Upregulated
14804,8.95880112813176,Upregulated
14807,0.261977297104212,Downregulated
14811,397.870240686484,Upregulated
14812,397.870243290836,Upregulated
14813,0.41199905079072,Downregulated
14816,0.210967690419208,Downregulated
14819,0.0277682113442927,Downregulated
14820,0.0142207566950034,Downregulated
14827,7.0388059986656,Upregulated
14831,0.019806715597443,Downregulated
14832,0.122534729250658,Downregulated
14833,80.3375831067427,Upregulated
14837,0.0382466673748606,Downregulated
14838,0.0363621766834514,Downregulated
14846,616.280513242993,Upregulated
14849,2.78556078197342,Upregulated
14850,0.0463186631622838,Downregulated
14852,2.78556078197344,Upregulated
14854,0.0880774096578889,Downregulated
14864,5.56057069125776,Upregulated
14873,2,Upregulated
14879,4.80794564746482,Upregulated
14880,24.3039448941648,Upregulated
14882,5.34571138374266,Upregulated
14885,0.435240353836347,Downregulated
14889,0.051825943990984,Downregulated
14897,16.7897988133632,Upregulated
14898,11.74813014533,Upregulated
14903,3.00335315296546,Upregulated
14911,16.7897988133618,Upregulated
14944,0.0956927819760029,Downregulated
14949,2.42240844280248,Upregulated
14952,0.056667016437446,Downregulated
14955,113.678812549054,Upregulated
14956,2.43641333662088,Upregulated
14959,16192.2243675613,Upregulated
14960,13193.3736292519,Upregulated
14962,0.158493171124121,Downregulated
14966,3.04846920652377,Upregulated
14967,0.152191068286762,Downregulated
14970,72.0516535515399,Upregulated
14973,250.802191671281,Upregulated
14974,136.449563016276,Upregulated
14975,4.26816631335798,Upregulated
14976,13.0749757624391,Upregulated
14977,9.78017982146118,Upregulated
14978,8.64956635703297,Upregulated
14979,84.5244475522114,Upregulated
14981,16.1463850606769,Upregulated
14984,19.3116877926327,Upregulated
14985,13.3412655271507,Upregulated
14988,21.4221649399429,Upregulated
14990,18.9457102314984,Upregulated
14993,160.573543994028,Upregulated
14998,0.234868640057075,Downregulated
14999,5.91132024228854,Upregulated
15001,20.6251675674401,Upregulated
15002,904.128165153096,Upregulated
15006,0.111816115499676,Downregulated
15007,69.7143885572219,Upregulated
15008,39.7207114477612,Upregulated
15009,23.2381294176631,Upregulated
15016,169.414024227537,Upregulated
15018,0.0969835334780547,Downregulated
15024,12.254861307366,Upregulated
15029,0.282650170152597,Downregulated
15031,0.486906185428751,Downregulated
15036,0.0185426971766862,Downregulated
15037,0.100873052019582,Downregulated
15038,0.0415664988385167,Downregulated
15039,0.195767564894629,Downregulated
15040,0.073740559448323,Downregulated
15041,3.08955029764985,Upregulated
15043,0.364749460032201,Downregulated
15044,0.0818011003765309,Downregulated
15045,0.222826393013679,Downregulated
15050,0.0317476011549738,Downregulated
15051,4.63648898575512,Upregulated
15064,0.45986691423743,Downregulated
15084,0.270089788745581,Downregulated
15085,0.5,Downregulated
15104,0.0968897013238983,Downregulated
15105,0.163359487664885,Downregulated
15138,0.0255403867073414,Downregulated
15140,4.432345178111,Upregulated
15152,0.448571894394025,Downregulated
15165,6.76152743327356,Upregulated
15170,2,Upregulated
15173,0.218787976604697,Downregulated
15253,0.367896614469137,Downregulated
15257,0.156829739572133,Downregulated
15267,0.315550773944531,Downregulated
15268,2467.48740139601,Upregulated
15270,0.0284050981243447,Downregulated
15271,0.0284050981243447,Downregulated
15279,0.336489592348162,Downregulated
15283,313.104838847429,Upregulated
15319,1368.60345328372,Upregulated
15324,0.448571894385351,Downregulated
15328,0.0279629296911318,Downregulated
15330,1368.6034619947,Upregulated
15381,0.0191859520378419,Downregulated
15391,4531.7193112441,Upregulated
15414,2,Upregulated
15423,4070.37441537411,Upregulated
15431,3.02266476937711,Upregulated
15432,10.0518653535735,Upregulated
15438,2.45105360146324,Upregulated
15475,0.0130415198788065,Downregulated
15481,0.0841397278347447,Downregulated
15485,0.0175219988479235,Downregulated
15491,0.210185632019505,Downregulated
15508,0.154205120381848,Downregulated
15542,2.18813668067709,Upregulated
15543,2.1565472337131,Upregulated
15555,0.218407337272206,Downregulated
15566,0.0239502697457755,Downregulated
15583,0.203059706320468,Downregulated
15589,0.322953362043171,Downregulated
15603,0.169431032190987,Downregulated
15635,0.448571894392048,Downregulated
15649,17020.3207721323,Upregulated
15655,6.00667653984627,Upregulated
15656,3.0032984776716,Upregulated
15658,5.91132024228848,Upregulated
15738,0.0968897013315443,Downregulated
15739,0.0968897013238983,Downregulated
15765,19691.200490761,Upregulated
15766,3461.58937330098,Upregulated
15795,9899.22657681875,Upregulated
15807,516.037154464742,Upregulated
15812,97.0316041911885,Upregulated
15817,5390.51807658219,Upregulated
15823,17345.0517897317,Upregulated
15825,13128.8533265465,Upregulated
15846,12931.7811396815,Upregulated
15890,7.95179908848975,Upregulated
15959,0.470933440729082,Downregulated
15965,5.02573253271915,Upregulated
16060,4301.5085320595,Upregulated
16061,3702.57985359381,Upregulated
16062,0.103139263366675,Downregulated
16071,16105.4932581763,Upregulated
16073,13863.0144137858,Upregulated
16101,4624.30733406055,Upregulated
16138,5984.81466424125,Upregulated
16148,5.02593267678682,Upregulated
16183,2407.06125324231,Upregulated
16194,1376.71910782431,Upregulated
16195,2385.83866570745,Upregulated
16218,5.96744702737744,Upregulated
16229,16088.5080768669,Upregulated
16246,4926.72262626632,Upregulated
16266,0.283970702357306,Downregulated
16267,0.0285119953929984,Downregulated
16278,0.5,Downregulated
16283,0.164600187225917,Downregulated
16284,0.16460018722521,Downregulated
16309,11082.2323423622,Upregulated
16313,7998.32026010446,Upregulated
16326,0.0191859520378419,Downregulated
16327,0.0191859520378419,Downregulated
16330,0.0229452895314676,Downregulated
16335,0.0210552247060292,Downregulated
16336,0.0210552247060332,Downregulated
16339,0.0238412264423728,Downregulated
16347,0.400769202830536,Downregulated
16348,0.298783256609096,Downregulated
16358,6017.7770532631,Upregulated
16366,0.5,Downregulated
16395,4154.48886866859,Upregulated
16405,0.390357883389749,Downregulated
16416,11.5185976166869,Upregulated
16419,0.297750306615267,Downregulated
16425,0.0175219988479235,Downregulated
16431,3.02266560391171,Upregulated
16433,2,Upregulated
16435,17.729634128116,Upregulated
16437,3.02266739903323,Upregulated
16442,3.02266739903322,Upregulated
16478,0.0176989681807269,Downregulated
16479,0.45310239748954,Downregulated
16482,0.0142079156099681,Downregulated
16488,7.46480336309227,Upregulated
16501,2.0201938825988,Upregulated
16502,3.0033531529659,Upregulated
16503,3.00335315296553,Upregulated
16504,2.02019967403751,Upregulated
16505,3.00335315296553,Upregulated
16512,2.02019967403751,Upregulated
16513,2.02019967403751,Upregulated
16515,3.02266739903319,Upregulated
16516,2.0198817599719,Upregulated
16526,0.122685689015684,Downregulated
16539,3.02266739903321,Upregulated
16544,0.174614665497684,Downregulated
16567,0.243629261133067,Downregulated
16571,0.367195338644396,Downregulated
16689,0.368256182657054,Downregulated
16695,10.1369491218249,Upregulated
16699,0.397997306781659,Downregulated
16701,2,Upregulated
16712,19963.3679093737,Upregulated
16950,0.44857189439019,Downregulated
16989,0.344937216268749,Downregulated
16990,5.7251573943263,Upregulated
16996,0.344937216268749,Downregulated
16998,0.476081511150269,Downregulated
17018,17.7296341281162,Upregulated
17019,0.0272518734369274,Downregulated
17034,2.12354571790006,Upregulated
17035,2.91830109693463,Upregulated
17047,0.309880166538809,Downregulated
17071,0.377688221527076,Downregulated
17161,0.5,Downregulated
17258,0.0606109301314163,Downregulated
17325,18957.618324945,Upregulated
17365,0.0161364555773215,Downregulated
17405,0.126441506929281,Downregulated
17407,0.126441507206318,Downregulated
17408,0.126441506929281,Downregulated
17474,0.403701245876469,Downregulated
17491,0.400368733453866,Downregulated
17523,4.32915327478219,Upregulated
17546,0.227462227909191,Downregulated
17573,17.7296341281161,Upregulated
17628,0.180754320439513,Downregulated
17632,0.180754320439488,Downregulated
17634,0.180754320436228,Downregulated
17635,0.0548667290758902,Downregulated
17641,0.0435101054947711,Downregulated
17644,2916.73877758176,Upregulated
17682,0.347566912758429,Downregulated
17696,2.16575245094402,Upregulated
17703,0.5,Downregulated
17706,4324.0848129862,Upregulated
17718,3.00335315296612,Upregulated
17733,0.448571894390638,Downregulated
17746,18699.001867175,Upregulated
17757,0.189566348501645,Downregulated
17763,138.051075356276,Upregulated
17765,7620.35094407371,Upregulated
17799,0.428570697538163,Downregulated
17835,7282.40370344171,Upregulated
17861,15.8639523733656,Upregulated
17867,0.381109214676949,Downregulated
17887,0.247585452097292,Downregulated
17908,3.32415112407531,Upregulated
17969,16.6945183227015,Upregulated
17990,11428.6286295012,Upregulated
17996,15487.0452916273,Upregulated
18002,8.91492936293745,Upregulated
18019,44.812499284106,Upregulated
18020,9.32058246738632,Upregulated
18026,0.337612844880275,Downregulated
18029,18343.1973483897,Upregulated
18033,17.9470718822577,Upregulated
18035,2.69806568027959,Upregulated
18042,2.44166548292383,Upregulated
18053,6.84775478861024,Upregulated
18063,18119.8954530136,Upregulated
18072,7.11612316933238,Upregulated
18073,0.10765282116793,Downregulated
18078,0.179603149235805,Downregulated
18082,0.310801307398725,Downregulated
18083,0.237482063071888,Downregulated
18113,0.448571894391795,Downregulated
18119,3.32415112398243,Upregulated
18137,0.448571894392712,Downregulated
18174,0.448571894498026,Downregulated
18177,0.448571894394361,Downregulated
18180,9.06303234491288,Upregulated
18201,4721.67996410042,Upregulated
18213,8.70221004704846,Upregulated
18230,44.812499284085,Upregulated
18231,9.32058246732578,Upregulated
18234,8030.56952425383,Upregulated
18242,4835.20092927439,Upregulated
18244,17.9470717734483,Upregulated
18246,18.7787333980398,Upregulated
18247,6.61010267680329,Upregulated
18252,0.266949853263948,Downregulated
18253,7.62310674917549,Upregulated
18264,3.42387739430512,Upregulated
18283,11460.1498535551,Upregulated
18300,2.2759812256851,Upregulated
18339,228.24394443974,Upregulated
18380,2815.02690484297,Upregulated
18393,13541.7593237142,Upregulated
18423,8151.95443404707,Upregulated
18447,0.310082555379948,Downregulated
18474,0.404460471664264,Downregulated
18532,2580.34294956619,Upregulated
18533,2580.34269430123,Upregulated
18540,14241.4870733596,Upregulated
18610,3928.71593441418,Upregulated
18628,3868.21630605656,Upregulated
18629,3868.21630605656,Upregulated
