Reaction,FSR,RegulationStatus
1,261939.92703877,Unchanged
2,235436.33878623,Unchanged
3,0,Unchanged
4,718.544784408606,Upregulated
5,4037817.52936865,Unchanged
6,201776.927939456,Unchanged
7,0,Unchanged
8,3529957.99128999,Unchanged
9,3875452.3058131,Unchanged
10,0,Unchanged
11,1772661.88224558,Unchanged
12,55591.8241732745,Unchanged
13,0,Unchanged
14,1016698.74547003,Unchanged
15,6.06642263762736e-10,Unchanged
16,3242762.4118738,Unchanged
17,1499553.70096834,Unchanged
18,241193.013815933,Unchanged
19,120129.444960754,Unchanged
20,6905536.55182795,Unchanged
21,4651059.54725808,Unchanged
22,872144.435908408,Unchanged
23,2853889.54023482,Unchanged
24,6826417.3274491,Unchanged
25,2773368.53544983,Unchanged
26,1729236.66369305,Unchanged
27,0.442581123803152,Downregulated
28,1244082.89021631,Unchanged
29,0,Unchanged
30,43343.4104783541,Unchanged
31,0,Unchanged
32,2690813.02951675,Unchanged
33,1606997.70546808,Unchanged
34,2053550.11373937,Unchanged
35,0,Unchanged
36,668038.231941161,Unchanged
37,783576.847435989,Unchanged
38,2531755.81159574,Unchanged
39,2384234.04321402,Unchanged
40,1272185.74660559,Unchanged
41,60664.0999288716,Unchanged
42,195788.595301018,Unchanged
43,0,Unchanged
44,100714.917312832,Unchanged
45,1908.2252519946,Upregulated
46,1993351.70762577,Unchanged
47,5314422.75567265,Unchanged
48,2643476.6205341,Unchanged
49,4712074.87429019,Unchanged
50,4019474.32927081,Unchanged
51,9650383.23781959,Unchanged
52,5031261.19066546,Unchanged
53,0,Unchanged
54,1193391.53568581,Unchanged
55,380631.834585479,Unchanged
56,582819.916789824,Unchanged
57,0,Unchanged
58,0,Unchanged
59,0,Unchanged
60,853666.409815232,Unchanged
61,787777.029713326,Unchanged
62,11438489.6356178,Unchanged
63,3876186.07763001,Unchanged
64,418319.319623083,Unchanged
65,418319.317595539,Unchanged
66,477327.524195703,Unchanged
67,895361.965893863,Unchanged
68,0,Unchanged
69,391566.063938862,Unchanged
70,391566.063960088,Unchanged
71,109696.87214806,Unchanged
72,0.923486115470787,Unchanged
73,276182.633037075,Unchanged
74,637069.581173266,Unchanged
75,0,Unchanged
76,219964.786783628,Unchanged
77,0,Unchanged
78,1032747.98010095,Unchanged
79,0,Unchanged
80,0,Unchanged
81,0.877525654796448,Unchanged
82,351669.252550747,Unchanged
83,75672.4415636096,Unchanged
84,0,Unchanged
85,0,Unchanged
86,0,Unchanged
87,0.5,Downregulated
88,131429.962404866,Unchanged
89,1059577.80084923,Unchanged
90,0,Unchanged
91,1.18545779578988,Unchanged
92,4.02009305528632,Upregulated
93,18279648.2247499,Unchanged
94,1887025.31588059,Unchanged
95,1887025.33753865,Unchanged
96,0,Unchanged
97,1983174.8757231,Unchanged
98,65249883.4503162,Unchanged
99,30860723.7685613,Unchanged
100,17796909.2229859,Unchanged
101,12403610.8285693,Unchanged
102,14609401.4894212,Unchanged
103,14609401.4893839,Unchanged
104,6305264.33683707,Unchanged
105,611896.307601983,Unchanged
106,0,Unchanged
107,0,Unchanged
108,0.0138577336520412,Downregulated
109,0.0138577336520412,Downregulated
110,0.0138577336520412,Downregulated
111,0.015075402222972,Downregulated
112,0.0150754022246548,Downregulated
113,0.015075402222972,Downregulated
114,0,Unchanged
115,1,Unchanged
116,0,Unchanged
117,0.384290464275136,Downregulated
118,0,Unchanged
119,0,Unchanged
120,0,Unchanged
121,674171.707317073,Unchanged
122,3077164.70635827,Unchanged
123,3149019.18530445,Unchanged
124,386320.293565597,Unchanged
125,839875.953458616,Unchanged
126,586739.724053135,Unchanged
127,2132246.04620423,Unchanged
128,0,Unchanged
129,0,Unchanged
130,2901276.28093289,Unchanged
131,0.362871607067272,Downregulated
132,394435.360123514,Unchanged
133,2.05127842292,Upregulated
134,0,Unchanged
135,3122679.08637627,Unchanged
136,1760616.71933182,Unchanged
137,0,Unchanged
138,0,Unchanged
139,0,Unchanged
140,0,Unchanged
141,3152632.16841853,Unchanged
142,658009.849641229,Unchanged
143,4520053.71819927,Unchanged
144,1404410.12945223,Unchanged
145,1471831.69571412,Unchanged
146,787777.034570009,Unchanged
147,942514.070194572,Unchanged
148,2233708.88776073,Unchanged
149,0,Unchanged
150,0,Unchanged
151,0,Unchanged
152,0,Unchanged
153,0.876911897729137,Unchanged
154,0.279906615063315,Downregulated
155,0.01,Downregulated
156,0,Unchanged
157,2031007.27271332,Unchanged
158,0.171529909962808,Downregulated
159,0.412591402117597,Downregulated
160,447680.984328342,Unchanged
161,45003.0161737257,Unchanged
162,310145.622458343,Unchanged
163,494323.151727858,Unchanged
164,0.181654822498091,Downregulated
165,15844307.5380833,Unchanged
166,15594645.8506176,Unchanged
167,7922153.76904165,Unchanged
168,2901276.28093289,Unchanged
169,4224791.44210301,Unchanged
170,5996544.92920766,Unchanged
171,1085046.80627572,Unchanged
172,27269.558093916,Unchanged
173,30155650.8017247,Unchanged
174,0,Unchanged
175,0,Unchanged
176,16569786.8531713,Unchanged
177,0,Unchanged
178,6320690.62576574,Unchanged
179,0,Unchanged
180,0,Unchanged
181,0,Unchanged
182,0,Unchanged
183,0,Unchanged
184,0,Unchanged
185,0,Unchanged
186,0,Unchanged
187,7770.16707726026,Upregulated
188,20963.5093818363,Unchanged
189,1452385.62708075,Unchanged
190,1452385.62703065,Unchanged
191,38334428.0402077,Unchanged
192,447680.984436899,Unchanged
193,173325.636464411,Unchanged
194,1123022.86886877,Unchanged
195,599654.534799693,Unchanged
196,1101605.85605984,Unchanged
197,1029084.58337817,Unchanged
198,0.441667392591784,Downregulated
199,1783643.17698996,Unchanged
200,0,Unchanged
201,1783643.18169182,Unchanged
202,735915.840991543,Unchanged
203,32458.2111304112,Unchanged
204,2170093.62352685,Unchanged
205,553608.254691021,Unchanged
206,820106.284246776,Unchanged
207,1.48924637734108,Unchanged
208,15844307.528227,Unchanged
209,735915.839570152,Unchanged
210,5737379.97643994,Unchanged
211,1.99999984210023,Unchanged
212,0,Unchanged
213,2170093.59702523,Unchanged
214,0,Unchanged
215,0,Unchanged
216,1808637.3769916,Unchanged
217,1.72963855288329,Unchanged
218,6258508.39724794,Unchanged
219,105693.97993381,Unchanged
220,51942.9735558288,Unchanged
221,51210.6427978899,Unchanged
222,75739.0606570291,Unchanged
223,34650.7295672614,Unchanged
224,0,Unchanged
225,0,Unchanged
226,3586115.96842817,Unchanged
227,1.93207103748472,Unchanged
228,0,Unchanged
229,4233322.44950207,Unchanged
230,32624941.7251581,Unchanged
231,16346039.9912267,Unchanged
232,15098208.6807059,Unchanged
233,532356.096291877,Unchanged
234,8348258.84528869,Unchanged
235,9675377.46664039,Unchanged
236,5783528.91319432,Unchanged
237,7631500.79510555,Unchanged
238,8474453.44655604,Unchanged
239,1052293.81058586,Unchanged
240,0.116241250953902,Downregulated
241,0,Unchanged
242,0.383205934769877,Downregulated
243,0,Unchanged
244,0,Unchanged
245,2126549.6039974,Unchanged
246,1.99999827124553,Unchanged
247,5783528.95252242,Unchanged
248,40467439.7052355,Unchanged
249,23102409.7135599,Unchanged
250,5988532.64537441,Unchanged
251,17276488.0077632,Unchanged
252,5209470.33183094,Unchanged
253,8662030.61298792,Unchanged
254,8662030.61291819,Unchanged
255,57679579.1190103,Unchanged
256,4524.91191085697,Upregulated
257,0.138577336540736,Downregulated
258,0.412591402117775,Downregulated
259,0.835980887944781,Unchanged
260,1367233.86756815,Unchanged
261,0,Unchanged
262,0,Unchanged
263,11792021.4246591,Unchanged
264,0.011782350456501,Downregulated
265,0.024168762119414,Downregulated
266,21015.5090006425,Unchanged
267,0,Unchanged
268,16357.5170293042,Upregulated
269,24717.2520770075,Unchanged
270,0,Unchanged
271,0,Unchanged
272,0,Unchanged
273,0,Unchanged
274,0,Unchanged
275,0,Unchanged
276,0,Unchanged
277,0.5,Downregulated
278,0,Unchanged
279,0,Unchanged
280,38837.7575058258,Unchanged
281,0,Unchanged
282,0,Unchanged
283,0,Unchanged
284,0,Unchanged
285,0,Unchanged
286,0,Unchanged
287,0.721930548741676,Unchanged
288,0.6673077027465,Unchanged
289,0,Unchanged
290,0.72193054874132,Unchanged
291,0,Unchanged
292,0,Unchanged
293,0,Unchanged
294,0,Unchanged
295,0.312617158611284,Downregulated
296,0.312750124766897,Downregulated
297,0,Unchanged
298,7388.34647487467,Upregulated
299,30674992.8825504,Unchanged
300,0,Unchanged
301,0,Unchanged
302,0,Unchanged
303,0,Unchanged
304,16772428.3106458,Unchanged
305,4959648.24378202,Unchanged
306,0,Unchanged
307,168116.839612661,Unchanged
308,9335374.44269871,Unchanged
309,4364304.43607622,Unchanged
310,1983100.78368576,Unchanged
311,8537500.50495995,Unchanged
312,5272832.37746308,Unchanged
313,12739235.3771076,Unchanged
314,1247476.07049322,Unchanged
315,4576089.90294623,Unchanged
316,10881176.2138713,Unchanged
317,3567286.34312947,Unchanged
318,5802552.56120238,Unchanged
319,2170093.61576375,Unchanged
320,2170093.61576375,Unchanged
321,2170093.61576375,Unchanged
322,5181421352.2825,Unchanged
323,850883.260417685,Unchanged
324,332865.84475691,Unchanged
325,1446304.23737526,Unchanged
326,0,Unchanged
327,5207220.59647676,Unchanged
328,10568737.6636436,Unchanged
329,0,Unchanged
330,0,Unchanged
331,2,Upregulated
332,0,Unchanged
333,1887025.32579877,Unchanged
334,0,Unchanged
335,12154785.2995346,Unchanged
336,40617867.8731246,Unchanged
337,11993089.8557007,Unchanged
338,11993089.8584153,Unchanged
339,4.46808971786431,Upregulated
340,12154785.2995346,Unchanged
341,134519.562531361,Unchanged
342,3229486.65193158,Unchanged
343,1083345.80581414,Unchanged
344,1695994.97444382,Unchanged
345,12364011.8174639,Unchanged
346,0,Unchanged
347,2916216.92683798,Unchanged
348,1456621.24683285,Unchanged
349,2170093.62673917,Unchanged
350,13539289.331801,Unchanged
351,717037.808207751,Unchanged
352,787458395.278522,Unchanged
353,0,Unchanged
354,3567286.36627708,Unchanged
355,70751849.7940051,Unchanged
356,13972.4096051486,Upregulated
357,0,Unchanged
358,0,Unchanged
359,492876.238770924,Unchanged
360,842312.537861745,Unchanged
361,1026488.1740632,Unchanged
362,0,Unchanged
363,1312476.84142714,Unchanged
364,0,Unchanged
365,0,Unchanged
366,1.4665376938984,Unchanged
367,0,Unchanged
368,0,Unchanged
369,1.33379152856492,Unchanged
370,2.13742206808607,Upregulated
371,1797682.9735506,Unchanged
372,799232.264115096,Unchanged
373,509829.732013798,Unchanged
374,423111.954564673,Unchanged
375,0.0520682320384508,Downregulated
376,1783643.17554323,Unchanged
377,3368135.67985279,Unchanged
378,200508.240809592,Unchanged
379,1783643.18675535,Unchanged
380,28756.9298378026,Unchanged
381,34650.7297380065,Unchanged
382,1529188.04341035,Unchanged
383,1501752.0582362,Unchanged
384,21015.5090349851,Unchanged
385,0,Unchanged
386,256150.504814733,Unchanged
387,2862564.13869962,Unchanged
388,3567286.34963974,Unchanged
389,375623.92057989,Unchanged
390,452608.91493541,Unchanged
391,3567286.35976682,Unchanged
392,1685587.73241747,Unchanged
393,1685587.72986419,Unchanged
394,3567286.36555372,Unchanged
395,1783643.1665012,Unchanged
396,3567286.3330024,Unchanged
397,0.605034087843429,Unchanged
398,88800.3851458247,Unchanged
399,0.605034076655856,Unchanged
400,110564.30791525,Unchanged
401,95405.3993617441,Unchanged
402,21630.7011566638,Unchanged
403,1113438.39151583,Unchanged
404,1546003.68460222,Unchanged
405,1.93678975262799,Unchanged
406,1.83470050292594,Unchanged
407,2945470.6039731,Unchanged
408,5589349.50953008,Unchanged
409,0,Unchanged
410,1486853.09356848,Unchanged
411,1027551.72226184,Unchanged
412,1491028.68359383,Unchanged
413,680202.384927445,Unchanged
414,379411.671903608,Unchanged
415,1034490.52509257,Unchanged
416,1567677.64212895,Unchanged
417,955938.554193877,Unchanged
418,1983100.76122452,Unchanged
419,735624.708884043,Unchanged
420,21241.4446141396,Unchanged
421,717025.703102782,Unchanged
422,12159.9662341978,Upregulated
423,1548837.53107462,Unchanged
424,0.00129530158484262,Unchanged
425,0.320051287189817,Downregulated
426,0.3200512859226,Downregulated
427,6529048.29256994,Unchanged
428,595614.524529635,Unchanged
429,12008.9149249479,Upregulated
430,2.47354421805487,Upregulated
431,18329.5643706856,Upregulated
432,3587576.42735633,Unchanged
433,6352360.54901404,Unchanged
434,1055948.01387888,Unchanged
435,28740.1585406619,Unchanged
436,1199523.00532856,Unchanged
437,107764.324150038,Unchanged
438,1852226.56026262,Unchanged
439,35008.5490448715,Unchanged
440,1567677.64724543,Unchanged
441,52021.6990008287,Unchanged
442,0,Unchanged
443,0.5,Downregulated
444,186117.981101246,Unchanged
445,17700275.0965693,Unchanged
446,904205.68104261,Unchanged
447,8843408.24669253,Unchanged
448,145784.781504212,Unchanged
449,175533.558731546,Unchanged
450,0.690914212154768,Unchanged
451,0,Unchanged
452,0,Unchanged
453,0,Unchanged
454,1020528.34728964,Unchanged
455,1044580.68011122,Unchanged
456,1537385.08134589,Unchanged
457,1044580.68012997,Unchanged
458,1343042.94682322,Unchanged
459,1075755.30185807,Unchanged
460,1343042.94685171,Unchanged
461,26036.1028436652,Unchanged
462,1343042.9468493,Unchanged
463,1074227.21792712,Unchanged
464,1133520.30550232,Unchanged
465,1407909.70332112,Unchanged
466,1133520.30570548,Unchanged
467,1237418.80950506,Unchanged
468,1133520.30551125,Unchanged
469,1044580.68012997,Unchanged
470,8379291.53574096,Unchanged
471,0,Unchanged
472,109099.773027108,Unchanged
473,229211.607341976,Unchanged
474,3268612.53137359,Unchanged
475,0,Unchanged
476,4011282.88893144,Unchanged
477,0,Unchanged
478,7922153.76904165,Unchanged
479,22303887.7536447,Unchanged
480,16689603.9428259,Unchanged
481,10081790.649889,Unchanged
482,9598141.07684759,Unchanged
483,7698870.07833574,Unchanged
484,59512503.7756656,Unchanged
485,9468762.52046007,Unchanged
486,0,Unchanged
487,0.251498168131649,Downregulated
488,360170.06962627,Unchanged
489,0,Unchanged
490,0,Unchanged
491,1046378.75130677,Unchanged
492,0,Unchanged
493,5057445.7730577,Unchanged
494,9723097.26265562,Unchanged
495,11639289.9095974,Unchanged
496,10441673.9960624,Unchanged
497,10441679.5147456,Unchanged
498,20763437.6772671,Unchanged
499,2134754.25740208,Unchanged
500,7124380.09530823,Unchanged
501,0,Unchanged
502,1593970.37957613,Unchanged
503,18774698.6542374,Unchanged
504,5209470.33980933,Unchanged
505,20233719.7148401,Unchanged
506,8486268.06857162,Unchanged
507,28839789.5595052,Unchanged
508,7832594.56180025,Unchanged
509,205564.125937462,Unchanged
510,4692761.49292066,Unchanged
511,0,Unchanged
512,9934132.07881172,Unchanged
513,8434233.82650241,Unchanged
514,2033130.7867486,Unchanged
515,107939.128983442,Unchanged
516,5205.4816714593,Upregulated
517,1611599.73612669,Unchanged
518,0,Unchanged
519,7922153.76349365,Unchanged
520,707337.589361668,Unchanged
521,897708.427755668,Unchanged
522,915772.617568402,Unchanged
523,850750.835879457,Unchanged
524,1387264.89840069,Unchanged
525,1301805.14924763,Unchanged
526,1066123.03716921,Unchanged
527,2394913.66769585,Unchanged
528,10319354.2114318,Unchanged
529,0,Unchanged
530,21609126.7506945,Unchanged
531,40467439.7052355,Unchanged
532,40467439.4296802,Unchanged
533,51942199.7774236,Unchanged
534,20576060.8922872,Unchanged
535,840083.360097867,Unchanged
536,18530009.9704139,Unchanged
537,572460.358393937,Unchanged
538,3256054.79441975,Unchanged
539,25971099.8887118,Unchanged
540,28839789.5595052,Unchanged
541,64827380.2520836,Unchanged
542,129654760.504167,Unchanged
543,5555495.96382784,Unchanged
544,1259397.64060325,Unchanged
545,1927842.98077347,Unchanged
546,10739513.4191482,Unchanged
547,6176669.9901968,Unchanged
548,10739513.4191482,Unchanged
549,6176669.99119239,Unchanged
550,9309914.81380361,Unchanged
551,6176669.99119239,Unchanged
552,9309914.81380361,Unchanged
553,6176669.99119239,Unchanged
554,9309914.81380361,Unchanged
555,5555495.96382784,Unchanged
556,6176669.9901526,Unchanged
557,0,Unchanged
558,983214.88895052,Unchanged
559,0,Unchanged
560,836095.449301444,Unchanged
561,0.0388538804346922,Downregulated
562,1.74908703763301,Unchanged
563,0.661082091865284,Unchanged
564,0.0856967525484617,Downregulated
565,0.052031686819939,Downregulated
566,0,Unchanged
567,1685781.99104764,Unchanged
568,10093916.8290923,Unchanged
569,1783643.18241518,Unchanged
570,4264492.12128601,Unchanged
571,2.94347417970116,Upregulated
572,1.72963855284434,Unchanged
573,0,Unchanged
574,1304.42067314337,Upregulated
575,6013.35312211347,Upregulated
576,0,Unchanged
577,0,Unchanged
578,47075.6432456399,Unchanged
579,25639508.0723784,Unchanged
580,205.457502829832,Upregulated
581,72302.2640337065,Unchanged
582,0,Unchanged
583,5802552.56120238,Unchanged
584,15844307.5380833,Unchanged
585,0.758058468211456,Unchanged
586,924700.542861381,Unchanged
587,1258908.32166948,Unchanged
588,0,Unchanged
589,16357.5170553437,Upregulated
590,53090.746608124,Unchanged
591,27831.3939588915,Unchanged
592,93273.457835608,Unchanged
593,48802.5075084439,Unchanged
594,147740.488939411,Unchanged
595,246400.31483321,Unchanged
596,123586.260992027,Unchanged
597,11440.3641258364,Upregulated
598,0,Unchanged
599,0,Unchanged
600,0,Unchanged
601,593.26662254778,Upregulated
602,16357.5170489793,Upregulated
603,0,Unchanged
604,0,Unchanged
605,0.469997658906157,Downregulated
606,0,Unchanged
607,0,Unchanged
608,13237.7396344857,Upregulated
609,0,Unchanged
610,0,Unchanged
611,640295.072134389,Unchanged
612,623291.630542043,Unchanged
613,612823.763866682,Unchanged
614,402441.477020183,Unchanged
615,0.115559043294866,Downregulated
616,160110.071602451,Unchanged
617,0,Unchanged
618,165971.94484958,Unchanged
619,38287.3545739742,Unchanged
620,0,Unchanged
621,0,Unchanged
622,118329.902558779,Unchanged
623,4330678.561267,Unchanged
624,441914.224563752,Unchanged
625,0,Unchanged
626,0,Unchanged
627,0,Unchanged
628,248639.858009887,Unchanged
629,17889.3806523517,Upregulated
630,439947.619295197,Unchanged
631,16450291.4881148,Unchanged
632,4265209.85267891,Unchanged
633,504182.290995011,Unchanged
634,1411577.2143871,Unchanged
635,1411577.21444053,Unchanged
636,1125811.65701433,Unchanged
637,1022329.35711586,Unchanged
638,5848642.1937486,Unchanged
639,0,Unchanged
640,0,Unchanged
641,0,Unchanged
642,114056.342683851,Unchanged
643,193956.70577524,Unchanged
644,0,Unchanged
645,1022329.35711586,Unchanged
646,504182.290995011,Unchanged
647,504182.290995011,Unchanged
648,8438.73967831654,Upregulated
649,0,Unchanged
650,23626.2416465391,Unchanged
651,8693.76846346951,Upregulated
652,73996.2962848765,Unchanged
653,504182.290995011,Unchanged
654,504182.290995011,Unchanged
655,504182.290995011,Unchanged
656,179674.480313643,Unchanged
657,0,Unchanged
658,0,Unchanged
659,0.0159534173788118,Downregulated
660,157948.768054023,Unchanged
661,0,Unchanged
662,6049499.16232636,Unchanged
663,0.846200757348536,Unchanged
664,0,Unchanged
665,215830.265043343,Unchanged
666,3832550.09192152,Unchanged
667,2435313.61353932,Unchanged
668,1957763.18952362,Unchanged
669,32624941.7251581,Unchanged
670,32624941.7251581,Unchanged
671,0,Unchanged
672,4146962.04583827,Unchanged
673,440137.70749497,Unchanged
674,511992.184534761,Unchanged
675,574193.782429027,Unchanged
676,1315.88300690539,Upregulated
677,304736.519825417,Unchanged
678,2170093.61977915,Unchanged
679,4264492.09234106,Unchanged
680,0,Unchanged
681,0.861665065989123,Unchanged
682,9265004.98516711,Unchanged
683,5244920.02103651,Unchanged
684,15931684.7489862,Unchanged
685,6926929.10676167,Unchanged
686,16079.2359701287,Upregulated
687,6167123.42700586,Unchanged
688,490468.750327424,Unchanged
689,0,Unchanged
690,1129748.04480429,Unchanged
691,0,Unchanged
692,0,Unchanged
693,0,Unchanged
694,0,Unchanged
695,0,Unchanged
696,3081379.25253566,Unchanged
697,203519.340874715,Unchanged
698,10476139.7093602,Unchanged
699,833668.892173675,Unchanged
700,2945872.20242625,Unchanged
701,14863.6931837791,Upregulated
702,1841514.25862396,Unchanged
703,92224.7426947125,Unchanged
704,1389473.6111058,Unchanged
705,1525405.8239194,Unchanged
706,5280826.86214132,Unchanged
707,8353770.23614686,Unchanged
708,0,Unchanged
709,0,Unchanged
710,43304.5275162836,Unchanged
711,261885.982655979,Unchanged
712,0,Unchanged
713,28206.8527745852,Unchanged
714,711317.41187489,Unchanged
715,6922458.5824174,Unchanged
716,454421.746040453,Unchanged
717,2170093.60719757,Unchanged
718,27.9171511913984,Upregulated
719,0,Unchanged
720,1511.07175995318,Upregulated
721,0,Unchanged
722,0,Unchanged
723,0,Unchanged
724,35033.7447760226,Unchanged
725,643.586945949812,Upregulated
726,0.0619879076669055,Downregulated
727,455783.545684827,Unchanged
728,0,Unchanged
729,0,Unchanged
730,31455075.0655562,Unchanged
731,380928.62389443,Unchanged
732,2684570.46455146,Unchanged
733,2684570.45742971,Unchanged
734,350598.58705292,Unchanged
735,55713375.7323605,Unchanged
736,40467439.4935232,Unchanged
737,6611532.48894114,Unchanged
738,7716652.89190333,Unchanged
739,8655874.27038948,Unchanged
740,7342242.38884941,Unchanged
741,9424174.75258347,Unchanged
742,10715452.5176271,Unchanged
743,26005287.7277048,Unchanged
744,43996133.157189,Unchanged
745,3.09512742458647,Upregulated
746,1820219.88813337,Unchanged
747,1.85474805360036,Unchanged
748,76522.129024255,Unchanged
749,10797698.912612,Unchanged
750,29756251.9188471,Unchanged
751,1783643.18611252,Unchanged
752,2170093.61870837,Unchanged
753,0.0120281573285586,Downregulated
754,1364640.43734926,Unchanged
755,1627570.21101973,Unchanged
756,0,Unchanged
757,0,Unchanged
758,0,Unchanged
759,0,Unchanged
760,13871.9365515948,Upregulated
761,8435.97274449166,Upregulated
762,0,Unchanged
763,6935.9682946966,Upregulated
764,0,Unchanged
765,0,Unchanged
766,1042454.61402345,Unchanged
767,741864.776187628,Unchanged
768,0,Unchanged
769,0,Unchanged
770,8438.73960961283,Upregulated
771,0,Unchanged
772,4805.62898804614,Upregulated
773,6736773.99606206,Unchanged
774,254914.867003846,Unchanged
775,3255140.42203947,Unchanged
776,291407.802221034,Unchanged
777,8438.73965385386,Upregulated
778,8438.73972724191,Upregulated
779,16877.4793503873,Upregulated
780,0.038838369050864,Downregulated
781,25316.2190003573,Unchanged
782,6187128.96556952,Unchanged
783,33891140.1286709,Unchanged
784,1036.09628445561,Upregulated
785,20.128180577536,Upregulated
786,78406.5589206702,Unchanged
787,0,Unchanged
788,0,Unchanged
789,4915119.48709766,Unchanged
790,0,Unchanged
791,2371752.51008504,Unchanged
792,986348.072963902,Unchanged
793,0,Unchanged
794,0,Unchanged
795,0,Unchanged
796,81792.7770598026,Unchanged
797,0.0138577336520412,Downregulated
798,0,Unchanged
799,0.592331345200092,Unchanged
800,4.54019826983765,Upregulated
801,4.105523149246,Upregulated
802,682390.143644565,Unchanged
803,2125576.68887648,Unchanged
804,1219708.25661402,Unchanged
805,2022722.80050137,Unchanged
806,0,Unchanged
807,238785.177161885,Unchanged
808,525404.36818941,Unchanged
809,0.601402481029174,Unchanged
810,254914.864913524,Unchanged
811,254914.866360867,Unchanged
812,1085046.80717918,Unchanged
813,6154329.44288134,Unchanged
814,12994.1924099139,Upregulated
815,89714.2176467123,Unchanged
816,36380.3059044835,Unchanged
817,17111.2145949366,Upregulated
818,0,Unchanged
819,0.621222090304761,Unchanged
820,0.621222090305451,Unchanged
821,60311301.9140737,Unchanged
822,0.636428345287934,Unchanged
823,102493.653685899,Unchanged
824,6154329.44288134,Unchanged
825,2170093.60157602,Unchanged
826,2170093.62834532,Unchanged
827,2170093.61402374,Unchanged
828,1095897.27839402,Unchanged
829,1984643.49527913,Unchanged
830,2170093.61094527,Unchanged
831,1085046.80908649,Unchanged
832,21079.1395923259,Unchanged
833,0.225264648943278,Downregulated
834,1.34705119545716,Unchanged
835,5.75918827717641,Upregulated
836,132941.414645095,Unchanged
837,132941.415022274,Unchanged
838,0.271172413562982,Downregulated
839,0.279033102263207,Downregulated
840,1085046.80052032,Unchanged
841,2170093.61977915,Unchanged
842,310145.623681781,Unchanged
843,2170093.61121297,Unchanged
844,931631.393977569,Unchanged
845,447534.197619302,Unchanged
846,11977.6270253655,Upregulated
847,67235.9240268946,Unchanged
848,0,Unchanged
849,0,Unchanged
850,10476139.7316491,Unchanged
851,10476139.6639136,Unchanged
852,13539289.331801,Unchanged
853,2170093.61429144,Unchanged
854,197523.55358155,Unchanged
855,0,Unchanged
856,2665439.53262568,Unchanged
857,13670165.8941722,Unchanged
858,7729.00871773774,Upregulated
859,19316.0487408106,Upregulated
860,0.454436648756897,Downregulated
861,0,Unchanged
862,248885.553004723,Unchanged
863,2170093.60585911,Unchanged
864,214643.696360374,Unchanged
865,392358.943126163,Unchanged
866,0,Unchanged
867,0,Unchanged
868,0.28583616826441,Downregulated
869,392564.508860391,Unchanged
870,588846.763287012,Unchanged
871,588846.762871105,Unchanged
872,0,Unchanged
873,198365.524709421,Unchanged
874,399368.219918065,Unchanged
875,1994904.13224199,Unchanged
876,4736384.78794709,Unchanged
877,1334258.45855528,Unchanged
878,1324826.25410616,Unchanged
879,3678672.65892741,Unchanged
880,16082.3212683616,Upregulated
881,561861.491391404,Unchanged
882,409588.841570621,Unchanged
883,0,Unchanged
884,0,Unchanged
885,0.0217743985473133,Downregulated
886,102872.282172475,Unchanged
887,411.123496142184,Upregulated
888,411.123496202221,Upregulated
889,8562.75123002654,Upregulated
890,0,Unchanged
891,647924.487812644,Unchanged
892,630383.182448038,Unchanged
893,565505.079710303,Unchanged
894,565505.079710303,Unchanged
895,401203.350490333,Unchanged
896,1125811.65701433,Unchanged
897,1022329.3554556,Unchanged
898,1022329.35711586,Unchanged
899,503041.076506376,Unchanged
900,391524.777036917,Unchanged
901,391524.776974401,Unchanged
902,898360.56887919,Unchanged
903,1252602.70592789,Unchanged
904,1411577.21444053,Unchanged
905,1411577.21444053,Unchanged
906,1125811.65701433,Unchanged
907,1125811.65699275,Unchanged
908,319086.249844164,Unchanged
909,319086.252267988,Unchanged
910,28839789.5595052,Unchanged
911,23102409.7135599,Unchanged
912,20233719.7700025,Unchanged
913,32624941.7251581,Unchanged
914,491834.119053332,Unchanged
915,2091596.57763356,Unchanged
916,305031.461456641,Unchanged
917,12277173.6881912,Unchanged
918,32836950.7973477,Unchanged
919,51942199.7774236,Unchanged
920,8243454.94148848,Unchanged
921,3278977.28478398,Unchanged
922,18530009.9706488,Unchanged
923,7550806.700107,Unchanged
924,10.0936924932078,Upregulated
925,18530009.9706488,Unchanged
926,59512503.7195463,Unchanged
927,59512503.7195463,Unchanged
928,59512503.5182218,Unchanged
929,65249883.5084399,Unchanged
930,65249883.5084399,Unchanged
931,32457508.6521604,Unchanged
932,129654760.504167,Unchanged
933,1.38737307774515,Unchanged
934,9613263.22137501,Unchanged
935,5407499.98617065,Unchanged
936,23085426.5456129,Unchanged
937,1632904.91961658,Unchanged
938,2.0341029784119,Upregulated
939,0.0302545686003592,Downregulated
940,6294.30016906725,Upregulated
941,0,Unchanged
942,4.46808971786431,Upregulated
943,40617867.8680265,Unchanged
944,1048865.39945915,Unchanged
945,30421485.6431661,Unchanged
946,0.490912593793508,Downregulated
947,0.407402013279479,Downregulated
948,0.236786564316493,Downregulated
949,1.33333334075976,Unchanged
950,0.478608288953409,Downregulated
951,51821.0925479941,Unchanged
952,0.285836168298512,Downregulated
953,0.285836168273195,Downregulated
954,0,Unchanged
955,2962000.24703575,Unchanged
956,0,Unchanged
957,4783960.63706885,Unchanged
958,13907973.1660868,Unchanged
959,271874.514376319,Unchanged
960,10786.8197450366,Upregulated
961,13923.1958260397,Upregulated
962,40055.2635178612,Unchanged
963,1471191.61495069,Unchanged
964,0,Unchanged
965,0,Unchanged
966,1496519.77351128,Unchanged
967,0,Unchanged
968,9360801.45920688,Unchanged
969,12374257.939843,Unchanged
970,2072.19256891153,Upregulated
971,495.884269886521,Upregulated
972,4088426.49693165,Unchanged
973,2592252.23364226,Unchanged
974,30500724.5218077,Unchanged
975,30500724.5218612,Unchanged
976,8760344.58663324,Unchanged
977,8760344.58647364,Unchanged
978,0,Unchanged
979,0,Unchanged
980,0,Unchanged
981,0,Unchanged
982,54713.2760237505,Unchanged
983,0,Unchanged
984,1099422.34263438,Unchanged
985,0,Unchanged
986,0,Unchanged
987,0.171529909962224,Downregulated
988,0.171529909966171,Downregulated
989,0.127897932842424,Downregulated
990,0.333333333333333,Downregulated
991,0.418803821120407,Downregulated
992,0,Unchanged
993,0.420842075680465,Downregulated
994,2170093.63048687,Unchanged
995,0,Unchanged
996,2300771.31112088,Unchanged
997,2084322.97576988,Unchanged
998,64572.1636238663,Unchanged
999,1502131.70757698,Unchanged
1000,0.285836168269528,Downregulated
1001,879564.974346549,Unchanged
1002,0,Unchanged
1003,0,Unchanged
1004,1465896.47054439,Unchanged
1005,1288728.33175175,Unchanged
1006,393563.003232998,Unchanged
1007,594547.726205841,Unchanged
1008,0,Unchanged
1009,7922153.68754588,Unchanged
1010,54542.2916814023,Unchanged
1011,20233719.676915,Unchanged
1012,3567286.35397992,Unchanged
1013,0,Unchanged
1014,1529.18019935625,Upregulated
1015,1279.71094248386,Upregulated
1016,0,Unchanged
1017,7633.37418678101,Upregulated
1018,0,Unchanged
1019,0,Unchanged
1020,0,Unchanged
1021,0,Unchanged
1022,0,Unchanged
1023,0,Unchanged
1024,0,Unchanged
1025,0,Unchanged
1026,0,Unchanged
1027,0,Unchanged
1028,0,Unchanged
1029,0,Unchanged
1030,0,Unchanged
1031,0,Unchanged
1032,0,Unchanged
1033,0,Unchanged
1034,0.285836168454484,Downregulated
1035,0,Unchanged
1036,310145.622460658,Unchanged
1037,2949644.66533937,Unchanged
1038,0,Unchanged
1039,0,Unchanged
1040,5783528.94222949,Unchanged
1041,6071254.57315051,Unchanged
1042,1254245.95574269,Unchanged
1043,2891764.47238059,Unchanged
1044,0,Unchanged
1045,76509.4833885993,Unchanged
1046,1160143.22775414,Unchanged
1047,0,Unchanged
1048,1247476.06043325,Unchanged
1049,469890.298376279,Unchanged
1050,400196.288739642,Unchanged
1051,0.19397649563188,Downregulated
1052,151516.132781929,Unchanged
1053,0,Unchanged
1054,161028.620214094,Unchanged
1055,190582.688316904,Unchanged
1056,2719556.25664131,Unchanged
1057,172652.682209595,Unchanged
1058,0.20614194331999,Downregulated
1059,5036.99428502746,Upregulated
1060,0,Unchanged
1061,0.7442708333003,Unchanged
1062,8000085.95259475,Unchanged
1063,0,Unchanged
1064,0,Unchanged
1065,735192.037069642,Unchanged
1066,1472936.10175314,Unchanged
1067,0.354290212807445,Downregulated
1068,555541.404412887,Unchanged
1069,1019659.46905842,Unchanged
1070,4796042.11903845,Unchanged
1071,190000.902581821,Unchanged
1072,769916.845033169,Unchanged
1073,499253.524777699,Unchanged
1074,2776859.21760012,Unchanged
1075,0,Unchanged
1076,86788.5307660111,Unchanged
1077,509829.733207646,Unchanged
1078,0,Unchanged
1079,546110.737582767,Unchanged
1080,1470428.50529794,Unchanged
1081,365105.562625272,Unchanged
1082,2554649.14994808,Unchanged
1083,1188133.97280525,Unchanged
1084,511510.883323633,Unchanged
1085,4469.81666638169,Upregulated
1086,633712.343559027,Unchanged
1087,5243.0646627586,Upregulated
1088,430320.820672211,Unchanged
1089,0,Unchanged
1090,0,Unchanged
1091,61036.5238281522,Unchanged
1092,9318875.01292277,Unchanged
1093,4602362.01457807,Unchanged
1094,7415330.87049051,Unchanged
1095,1.10351568140378,Unchanged
1096,0,Unchanged
1097,0.5,Downregulated
1098,0,Unchanged
1099,19028776.3395669,Unchanged
1100,0,Unchanged
1101,0.412591402118415,Downregulated
1102,20775.0075702461,Unchanged
1103,0,Unchanged
1104,8366688.27243283,Unchanged
1105,423804.7276315,Unchanged
1106,194844.13635875,Unchanged
1107,194844.136360637,Unchanged
1108,0,Unchanged
1109,197021.28238409,Unchanged
1110,9845305.31885179,Unchanged
1111,0,Unchanged
1112,0,Unchanged
1113,39962.997002483,Unchanged
1114,90189.6334707367,Unchanged
1115,33942.5254531545,Unchanged
1116,0.0113773287443879,Downregulated
1117,4320.61479749053,Upregulated
1118,0,Unchanged
1119,23675.9505652888,Unchanged
1120,3556.52106843382,Upregulated
1121,0,Unchanged
1122,59511.6869301226,Unchanged
1123,10603.0124339489,Upregulated
1124,23932.0477395833,Unchanged
1125,125.053120552015,Upregulated
1126,10603.0124339489,Upregulated
1127,25821.7420993833,Unchanged
1128,25821.7421023328,Unchanged
1129,0,Unchanged
1130,20965.4094213932,Unchanged
1131,90297.6038379017,Unchanged
1132,38837.7577129589,Unchanged
1133,80128.1160665454,Unchanged
1134,65397.691832262,Unchanged
1135,194980.764253713,Unchanged
1136,143.877359546769,Upregulated
1137,8424.80533979443,Upregulated
1138,0,Unchanged
1139,0,Unchanged
1140,505.810022246148,Upregulated
1141,0,Unchanged
1142,0,Unchanged
1143,0,Unchanged
1144,2266.29371900079,Upregulated
1145,0,Unchanged
1146,0,Unchanged
1147,0,Unchanged
1148,6096.15334522561,Upregulated
1149,0,Unchanged
1150,0,Unchanged
1151,67199.8943637435,Unchanged
1152,8424.80533979443,Upregulated
1153,0,Unchanged
1154,0,Unchanged
1155,22564.1097561375,Unchanged
1156,79900.3619457336,Unchanged
1157,17067.6188187281,Upregulated
1158,77411.7619964154,Unchanged
1159,13612.3791366361,Upregulated
1160,70296.2313930551,Unchanged
1161,2266.29371900079,Upregulated
1162,760040.158984121,Unchanged
1163,24503.0808810466,Unchanged
1164,764609.241424981,Unchanged
1165,0,Unchanged
1166,704326.723300669,Unchanged
1167,0,Unchanged
1168,0,Unchanged
1169,67494.7700543762,Unchanged
1170,0,Unchanged
1171,6749477.00543762,Unchanged
1172,9590.3774812429,Upregulated
1173,67104.0165369553,Unchanged
1174,3003.65443879266,Upregulated
1175,0,Unchanged
1176,0,Unchanged
1177,3669463.50413658,Unchanged
1178,3669463.50413658,Unchanged
1179,0,Unchanged
1180,49709360.5595138,Unchanged
1181,7922153.71579399,Unchanged
1182,0,Unchanged
1183,0,Unchanged
1184,0,Unchanged
1185,0,Unchanged
1186,0,Unchanged
1187,186392.449686666,Unchanged
1188,0,Unchanged
1189,0,Unchanged
1190,86609.0546270396,Unchanged
1191,454421.748730931,Unchanged
1192,0,Unchanged
1193,12347.3658498237,Upregulated
1194,0,Unchanged
1195,0.344783099697546,Downregulated
1196,0,Unchanged
1197,591311.955571941,Unchanged
1198,1241437.55916504,Unchanged
1199,901136.298991006,Unchanged
1200,0,Unchanged
1201,0,Unchanged
1202,0,Unchanged
1203,19983.5088293269,Upregulated
1204,0,Unchanged
1205,28206.8527745854,Unchanged
1206,73600.8739585034,Unchanged
1207,0,Unchanged
1208,5846.71530036469,Upregulated
1209,0,Unchanged
1210,254252.242311702,Unchanged
1211,0,Unchanged
1212,1153088.04030613,Unchanged
1213,22406679.0593142,Unchanged
1214,0,Unchanged
1215,0,Unchanged
1216,0.171529909963499,Downregulated
1217,0.171529909962846,Downregulated
1218,3078193.89144118,Unchanged
1219,157098.887840162,Unchanged
1220,34043788.639761,Unchanged
1221,0,Unchanged
1222,19028776.3395669,Unchanged
1223,9.25611520771485e-07,Unchanged
1224,0,Unchanged
1225,28.7264076736709,Upregulated
1226,4.10253662969339,Upregulated
1227,3567286.36085186,Unchanged
1228,3567286.36410699,Unchanged
1229,3567286.34963974,Unchanged
1230,3567286.38255274,Unchanged
1231,3567286.38002097,Unchanged
1232,3567286.35108646,Unchanged
1233,1208683.88743093,Unchanged
1234,536801.344413047,Unchanged
1235,1783643.18042593,Unchanged
1236,3567286.36410699,Unchanged
1237,509829.731497785,Unchanged
1238,1783643.19127637,Unchanged
1239,1783643.19001049,Unchanged
1240,1783643.17554323,Unchanged
1241,604341.943715467,Unchanged
1242,1783643.18133013,Unchanged
1243,1783643.1820535,Unchanged
1244,1806681.9920564,Unchanged
1245,83352.2178404132,Unchanged
1246,0.0351457752223789,Downregulated
1247,3567286.38182938,Unchanged
1248,853666.415258084,Unchanged
1249,0.605034063783225,Unchanged
1250,509829.73439247,Unchanged
1251,3438670.72132658,Unchanged
1252,4.30699849156091,Upregulated
1253,25332523.48116,Unchanged
1254,0.605034080392806,Unchanged
1255,21015.5089840849,Unchanged
1256,0,Unchanged
1257,0,Unchanged
1258,13020561.6945825,Unchanged
1259,2493761.40002329,Unchanged
1260,0,Unchanged
1261,0,Unchanged
1262,203827.768511383,Unchanged
1263,0,Unchanged
1264,0,Unchanged
1265,0,Unchanged
1266,17712.2667833597,Upregulated
1267,349504.437227039,Unchanged
1268,1617531.21794768,Unchanged
1269,1617531.21794196,Unchanged
1270,2818912.55415602,Unchanged
1271,7.0789399835521,Upregulated
1272,329992.132999297,Unchanged
1273,202954.431461901,Unchanged
1274,616785.599436772,Unchanged
1275,34830.4894523845,Unchanged
1276,329992.13288366,Unchanged
1277,6.82489794261541,Upregulated
1278,40866.0429535575,Unchanged
1279,0,Unchanged
1280,56322.8783044536,Unchanged
1281,626864.156205721,Unchanged
1282,607055.945373624,Unchanged
1283,2965368.10012615,Unchanged
1284,0,Unchanged
1285,0,Unchanged
1286,0,Unchanged
1287,0,Unchanged
1288,0,Unchanged
1289,0,Unchanged
1290,0,Unchanged
1291,0,Unchanged
1292,0,Unchanged
1293,0,Unchanged
1294,0,Unchanged
1295,0,Unchanged
1296,3.39212502922237e-07,Unchanged
1297,0.628394436612587,Unchanged
1298,0.441667731803973,Downregulated
1299,0,Unchanged
1300,0.311363229858406,Downregulated
1301,0.285836168298512,Downregulated
1302,0.656314822212962,Unchanged
1303,0.304461190082333,Downregulated
1304,0,Unchanged
1305,0,Unchanged
1306,0.823367372341645,Unchanged
1307,0,Unchanged
1308,0.070652203976198,Downregulated
1309,0.0217743985497755,Downregulated
1310,0.0357366169061571,Downregulated
1311,0.0363634517132182,Downregulated
1312,0.0217743985497755,Downregulated
1313,0.0217743985567356,Downregulated
1314,0,Unchanged
1315,0.216529967978329,Downregulated
1316,0.850866649611138,Unchanged
1317,0,Unchanged
1318,0.863649981624576,Unchanged
1319,0.81071874466032,Unchanged
1320,0,Unchanged
1321,0.285836168271653,Downregulated
1322,0.0984912083855659,Downregulated
1323,0.545500107645011,Unchanged
1324,0.443861097479579,Downregulated
1325,1.12350670488325,Unchanged
1326,0,Unchanged
1327,0.880662021932615,Unchanged
1328,0.268567033133888,Downregulated
1329,0,Unchanged
1330,0,Unchanged
1331,0.443861097479579,Downregulated
1332,0.412591402138611,Downregulated
1333,0.622882557437456,Unchanged
1334,0.622882557437456,Unchanged
1335,0,Unchanged
1336,0,Unchanged
1337,0,Unchanged
1338,0.311363229855764,Downregulated
1339,1.01942694021769,Unchanged
1340,1.94303443998759,Unchanged
1341,0,Unchanged
1342,0.0908980113262626,Downregulated
1343,1.25658149847905,Unchanged
1344,0,Unchanged
1345,0.242719036052692,Downregulated
1346,0.441667392642439,Downregulated
1347,0,Unchanged
1348,0.60489730625615,Unchanged
1349,0.333333333333333,Downregulated
1350,0.12252136425808,Downregulated
1351,0.0795295823300144,Downregulated
1352,0,Unchanged
1353,0.744860157523344,Unchanged
1354,0.412591402118467,Downregulated
1355,0.660129480417974,Unchanged
1356,0.220247133542406,Downregulated
1357,0,Unchanged
1358,0.833333333333333,Unchanged
1359,0.412591402117762,Downregulated
1360,1,Unchanged
1361,0.441667392642439,Downregulated
1362,0.441667392592656,Downregulated
1363,0.0795295823300144,Downregulated
1364,0.752169151398078,Unchanged
1365,0.752169151397259,Unchanged
1366,0.76407048493887,Unchanged
1367,0.764070484939714,Unchanged
1368,0.478608288945708,Downregulated
1369,0,Unchanged
1370,0.591404911914686,Unchanged
1371,0.511749986132914,Unchanged
1372,0,Unchanged
1373,0.490912593794099,Downregulated
1374,0.0795295823300144,Downregulated
1375,1.68838490618433,Unchanged
1376,0,Unchanged
1377,0,Unchanged
1378,0,Unchanged
1379,0.268567033133888,Downregulated
1380,1.88066202193257,Unchanged
1381,0,Unchanged
1382,0.42983163996083,Downregulated
1383,0.412591402119762,Downregulated
1384,0.170504897109056,Downregulated
1385,0.170504897109056,Downregulated
1386,0.28583616831357,Downregulated
1387,1,Unchanged
1388,0.277463512495507,Downregulated
1389,3.39212492121987e-07,Unchanged
1390,3.39212505991782e-07,Unchanged
1391,0.414704068947387,Downregulated
1392,1,Unchanged
1393,0.467396674099368,Downregulated
1394,0.790225283130098,Unchanged
1395,0.810718744641821,Unchanged
1396,0,Unchanged
1397,0,Unchanged
1398,1.25658149847905,Unchanged
1399,0.490912593794099,Downregulated
1400,1.28583616826703,Unchanged
1401,0.160194887924003,Downregulated
1402,0.170504897109056,Downregulated
1403,0.247167131423189,Downregulated
1404,0,Unchanged
1405,0,Unchanged
1406,0.511749986132914,Unchanged
1407,0.170504897109056,Downregulated
1408,0.427794512950247,Downregulated
1409,0,Unchanged
1410,1.01942694021769,Unchanged
1411,0.285836168272274,Downregulated
1412,0.0984912083855659,Downregulated
1413,0.412591402191038,Downregulated
1414,0.0984912083855659,Downregulated
1415,0.570430678274564,Unchanged
1416,0.170504897109056,Downregulated
1417,0.0908980113262626,Downregulated
1418,0.478608288945708,Downregulated
1419,0.579010413005303,Unchanged
1420,0,Unchanged
1421,0,Unchanged
1422,0,Unchanged
1423,1,Unchanged
1424,0,Unchanged
1425,0,Unchanged
1426,1.88879391703534,Unchanged
1427,0,Unchanged
1428,1.81582810695117,Unchanged
1429,1.79447882419624,Unchanged
1430,0,Unchanged
1431,0,Unchanged
1432,1,Unchanged
1433,0,Unchanged
1434,0,Unchanged
1435,0,Unchanged
1436,0.579010413001548,Unchanged
1437,0,Unchanged
1438,0.426802680447016,Downregulated
1439,0.0852816783406466,Downregulated
1440,1,Unchanged
1441,1,Unchanged
1442,0,Unchanged
1443,0.626656410645078,Unchanged
1444,0.407140468429644,Downregulated
1445,0,Unchanged
1446,0.426802669418781,Downregulated
1447,0,Unchanged
1448,0.426802669418781,Downregulated
1449,0,Unchanged
1450,0.426802669418781,Downregulated
1451,1,Unchanged
1452,0.426802669418781,Downregulated
1453,1.79447882419784,Unchanged
1454,0.426802680447016,Downregulated
1455,0,Unchanged
1456,1.82567205608394,Unchanged
1457,0.503761394174351,Unchanged
1458,0,Unchanged
1459,0.503761394174351,Unchanged
1460,0.888793917036393,Unchanged
1461,0.888793917036393,Unchanged
1462,0.888793917036393,Unchanged
1463,0.660129480417974,Unchanged
1464,0.660129480417974,Unchanged
1465,1.79447882419559,Unchanged
1466,0,Unchanged
1467,0.407140468437631,Downregulated
1468,0.407140468430342,Downregulated
1469,1.30095780929253,Unchanged
1470,0.0194269402176887,Downregulated
1471,0.0520316868195714,Downregulated
1472,0,Unchanged
1473,0,Unchanged
1474,0.414704068947387,Downregulated
1475,0.414704068947387,Downregulated
1476,0,Unchanged
1477,0.0908980113262626,Downregulated
1478,0.626656410622096,Unchanged
1479,0,Unchanged
1480,0.430516163427344,Downregulated
1481,3.39212504513853e-07,Unchanged
1482,0,Unchanged
1483,0,Unchanged
1484,0,Unchanged
1485,0,Unchanged
1486,0,Unchanged
1487,0,Unchanged
1488,0,Unchanged
1489,0,Unchanged
1490,0,Unchanged
1491,0,Unchanged
1492,0,Unchanged
1493,0.412591402118663,Downregulated
1494,0.545500107597687,Unchanged
1495,0.142918084161308,Downregulated
1496,0.348797481576489,Downregulated
1497,0.397196238153393,Downregulated
1498,0,Unchanged
1499,0.311363229856884,Downregulated
1500,0.01,Downregulated
1501,0,Unchanged
1502,0,Unchanged
1503,0,Unchanged
1504,0.0795295823300144,Downregulated
1505,0.594052564310179,Unchanged
1506,0,Unchanged
1507,0.01,Downregulated
1508,0.116265827189703,Downregulated
1509,0,Unchanged
1510,0.0984912083855659,Downregulated
1511,1.15783927615757,Unchanged
1512,0.41259140218546,Downregulated
1513,0.41259140218546,Downregulated
1514,0.703055774636456,Unchanged
1515,1.44386109748335,Unchanged
1516,0.412591402119762,Downregulated
1517,0.42983163996083,Downregulated
1518,0.626656410622096,Unchanged
1519,0.386186060005105,Downregulated
1520,0,Unchanged
1521,0.01,Downregulated
1522,0.397196238153393,Downregulated
1523,0.333333333333333,Downregulated
1524,0.764444457221132,Unchanged
1525,0.0194269402168136,Downregulated
1526,0,Unchanged
1527,0.268567033123915,Downregulated
1528,0.945924257225721,Unchanged
1529,0.624036025879343,Unchanged
1530,0.591166110777575,Unchanged
1531,1.31136323006601,Unchanged
1532,0.412591402117762,Downregulated
1533,0.412591402179849,Downregulated
1534,0.412591402114878,Downregulated
1535,0.453190353362419,Downregulated
1536,0.412591402113835,Downregulated
1537,0.412591402558463,Downregulated
1538,0.463168808716751,Downregulated
1539,0.412591402180587,Downregulated
1540,0.412591402117762,Downregulated
1541,0.412591402179849,Downregulated
1542,0.412591402114878,Downregulated
1543,0.453190353362419,Downregulated
1544,0.412591402113835,Downregulated
1545,0.412591402558463,Downregulated
1546,0.463168808716751,Downregulated
1547,0.412591402180587,Downregulated
1548,0.412591402179849,Downregulated
1549,0.331346493625306,Downregulated
1550,0.234236445919645,Downregulated
1551,0.727653316509191,Unchanged
1552,0.412591402119827,Downregulated
1553,0.412591402113835,Downregulated
1554,0.413178311791722,Downregulated
1555,0.412591402117742,Downregulated
1556,0.412591402180587,Downregulated
1557,0.0706554930702092,Downregulated
1558,0.413178311791678,Downregulated
1559,0.413178311791678,Downregulated
1560,0,Unchanged
1561,0,Unchanged
1562,0.0194269402171302,Downregulated
1563,0.0476393613779937,Downregulated
1564,0.165663233301867,Downregulated
1565,0.467396674103955,Downregulated
1566,1.00000000045124,Unchanged
1567,0,Unchanged
1568,0,Unchanged
1569,0.608514238313237,Unchanged
1570,0.426802669418781,Downregulated
1571,0.426802669418781,Downregulated
1572,0.426802680447156,Downregulated
1573,0.588851327714166,Unchanged
1574,0.833333333333333,Unchanged
1575,0.833333333333333,Unchanged
1576,0.833333333333333,Unchanged
1577,0.833333333333333,Unchanged
1578,0.833333333333333,Unchanged
1579,0.665394907021616,Unchanged
1580,0.639030476317872,Unchanged
1581,3.39212497010521e-07,Unchanged
1582,0,Unchanged
1583,1.41952504425919,Unchanged
1584,0,Unchanged
1585,0,Unchanged
1586,0,Unchanged
1587,1085046.80281035,Unchanged
1588,0,Unchanged
1589,2170093.61255143,Unchanged
1590,17708245.4958142,Unchanged
1591,0,Unchanged
1592,0,Unchanged
1593,0,Unchanged
1594,0,Unchanged
1595,0,Unchanged
1596,0,Unchanged
1597,0,Unchanged
1598,0,Unchanged
1599,0,Unchanged
1600,0,Unchanged
1601,7.18160191842408,Upregulated
1602,7.18160191831361,Upregulated
1603,7.18160191839287,Upregulated
1604,7.1816019194181,Upregulated
1605,7.18160191940114,Upregulated
1606,7.18160191939192,Upregulated
1607,7.18160191831978,Upregulated
1608,7.18160165407966,Upregulated
1609,7.18160191831342,Upregulated
1610,7.18160191833105,Upregulated
1611,7.18160191938256,Upregulated
1612,0,Unchanged
1613,0,Unchanged
1614,1363327.37414607,Unchanged
1615,3152632.16841853,Unchanged
1616,12344.7297072517,Upregulated
1617,0,Unchanged
1618,5655880.05738273,Unchanged
1619,2.23404731487744,Upregulated
1620,1085046.80281035,Unchanged
1621,1388429.60880006,Unchanged
1622,0,Unchanged
1623,0,Unchanged
1624,604341.941971554,Unchanged
1625,1482684.05006308,Unchanged
1626,0,Unchanged
1627,0,Unchanged
1628,0,Unchanged
1629,0,Unchanged
1630,6527.6080822149,Upregulated
1631,0,Unchanged
1632,0,Unchanged
1633,2602622.65134905,Unchanged
1634,0,Unchanged
1635,410714.738628305,Unchanged
1636,410714.738626395,Unchanged
1637,410714.738626395,Unchanged
1638,410714.738626395,Unchanged
1639,410832.552849899,Unchanged
1640,410832.552842704,Unchanged
1641,410832.552842704,Unchanged
1642,4321962.65035344,Unchanged
1643,4321962.65035344,Unchanged
1644,4321962.65035344,Unchanged
1645,1783643.18567031,Unchanged
1646,0,Unchanged
1647,0,Unchanged
1648,4375690.32598,Unchanged
1649,6835082.92086176,Unchanged
1650,0,Unchanged
1651,1085046.80359879,Unchanged
1652,891821.592563894,Unchanged
1653,0,Unchanged
1654,0,Unchanged
1655,1085046.80359879,Unchanged
1656,2602622.65144531,Unchanged
1657,0,Unchanged
1658,2602622.65144531,Unchanged
1659,0,Unchanged
1660,0,Unchanged
1661,8418779.57978898,Unchanged
1662,0,Unchanged
1663,2602622.64451464,Unchanged
1664,8418779.57817745,Unchanged
1665,0,Unchanged
1666,8418779.57817745,Unchanged
1667,2602622.63758398,Unchanged
1668,8418779.57817745,Unchanged
1669,2602622.65144531,Unchanged
1670,0,Unchanged
1671,2602622.63758398,Unchanged
1672,8418779.57817745,Unchanged
1673,0,Unchanged
1674,8418779.57817745,Unchanged
1675,2602622.64451464,Unchanged
1676,8418779.57817745,Unchanged
1677,891821.593287257,Unchanged
1678,2602622.65144531,Unchanged
1679,0,Unchanged
1680,2602622.63758398,Unchanged
1681,8418779.57817745,Unchanged
1682,0,Unchanged
1683,8418779.57817745,Unchanged
1684,2602622.64451464,Unchanged
1685,8418779.57817745,Unchanged
1686,0,Unchanged
1687,8418779.57817745,Unchanged
1688,0,Unchanged
1689,0,Unchanged
1690,0,Unchanged
1691,3669463.54513327,Unchanged
1692,3669463.56201333,Unchanged
1693,1286596.16794951,Unchanged
1694,4124655.44900014,Unchanged
1695,0,Unchanged
1696,3255140.43769951,Unchanged
1697,1085046.80614187,Unchanged
1698,0,Unchanged
1699,4571730.69615518,Unchanged
1700,5043566.97410712,Unchanged
1701,69079543.6030361,Unchanged
1702,3784797.36803672,Unchanged
1703,0,Unchanged
1704,0,Unchanged
1705,0,Unchanged
1706,0,Unchanged
1707,0,Unchanged
1708,1085046.81310189,Unchanged
1709,1783643.17481987,Unchanged
1710,0,Unchanged
1711,5057445.7730577,Unchanged
1712,1397192.74263188,Unchanged
1713,0,Unchanged
1714,2301181.00728904,Unchanged
1715,8081406.41377018,Unchanged
1716,0,Unchanged
1717,891821.592563894,Unchanged
1718,2284376.44021193,Unchanged
1719,6069840.30455217,Unchanged
1720,8418779.64220719,Unchanged
1721,8418779.64263866,Unchanged
1722,8418779.64263866,Unchanged
1723,8418779.64263866,Unchanged
1724,8418779.64263866,Unchanged
1725,8418779.64263866,Unchanged
1726,8418779.64263866,Unchanged
1727,3992595.01388619,Unchanged
1728,8418779.64263866,Unchanged
1729,8418779.64263866,Unchanged
1730,8418779.64220719,Unchanged
1731,8418779.64263866,Unchanged
1732,8418779.64220719,Unchanged
1733,1360938.2831354,Unchanged
1734,2160741.9978254,Unchanged
1735,2160741.9978254,Unchanged
1736,2160741.9978254,Unchanged
1737,0,Unchanged
1738,0,Unchanged
1739,2160741.9978254,Unchanged
1740,2160741.9978254,Unchanged
1741,2160741.9978254,Unchanged
1742,0,Unchanged
1743,10406213.4277866,Unchanged
1744,0,Unchanged
1745,7859021.0095937,Unchanged
1746,10406213.4277866,Unchanged
1747,0,Unchanged
1748,0,Unchanged
1749,1397192.74254215,Unchanged
1750,5794743.17732983,Unchanged
1751,943512.663354809,Unchanged
1752,943512.663304206,Unchanged
1753,1244471.80334158,Unchanged
1754,1244471.80334158,Unchanged
1755,1244471.80334158,Unchanged
1756,1244471.80334158,Unchanged
1757,1783643.18856376,Unchanged
1758,2673759.89087615,Unchanged
1759,2673759.89124188,Unchanged
1760,2673759.89087615,Unchanged
1761,2673759.89087615,Unchanged
1762,1610900.18650804,Unchanged
1763,0,Unchanged
1764,69079543.6030361,Unchanged
1765,1783643.1820535,Unchanged
1766,943512.664101202,Unchanged
1767,943512.664113853,Unchanged
1768,943512.664113853,Unchanged
1769,13629005.4505761,Unchanged
1770,1783643.18377148,Unchanged
1771,1084944.52146732,Unchanged
1772,1084944.52142908,Unchanged
1773,1084944.52142908,Unchanged
1774,1084944.52142908,Unchanged
1775,4518682.07610006,Unchanged
1776,4518682.07601715,Unchanged
1777,4518682.07601715,Unchanged
1778,4518682.07601715,Unchanged
1779,3787591.88290078,Unchanged
1780,3787591.8827854,Unchanged
1781,3787591.88290078,Unchanged
1782,3787591.88290078,Unchanged
1783,10126466.9666853,Unchanged
1784,10126467.0096479,Unchanged
1785,10126467.0133175,Unchanged
1786,10126466.9666853,Unchanged
1787,0,Unchanged
1788,11354392.1080797,Unchanged
1789,671094.964656946,Unchanged
1790,666314.159990618,Unchanged
1791,11778069.6733454,Unchanged
1792,671094.964642006,Unchanged
1793,671094.964642006,Unchanged
1794,671094.964642006,Unchanged
1795,666314.159969459,Unchanged
1796,666314.159969459,Unchanged
1797,666314.159969459,Unchanged
1798,11778069.6721478,Unchanged
1799,11778069.6721478,Unchanged
1800,11778069.6721478,Unchanged
1801,1783643.1665012,Unchanged
1802,0,Unchanged
1803,0,Unchanged
1804,4667687.233734,Unchanged
1805,4667687.233734,Unchanged
1806,4667687.233734,Unchanged
1807,4667687.233734,Unchanged
1808,3824385.66661741,Unchanged
1809,3669463.5563385,Unchanged
1810,1085046.80614187,Unchanged
1811,0,Unchanged
1812,0,Unchanged
1813,0,Unchanged
1814,0,Unchanged
1815,5043566.97410712,Unchanged
1816,0,Unchanged
1817,5043566.97410712,Unchanged
1818,0,Unchanged
1819,0,Unchanged
1820,0,Unchanged
1821,8854122.74790708,Unchanged
1822,15718041.9934409,Unchanged
1823,20812426.8925065,Unchanged
1824,10406213.4277866,Unchanged
1825,0,Unchanged
1826,2160741.9978254,Unchanged
1827,3963560.93067082,Unchanged
1828,0,Unchanged
1829,0,Unchanged
1830,0,Unchanged
1831,25614625.5553903,Unchanged
1832,0,Unchanged
1833,0,Unchanged
1834,0,Unchanged
1835,0,Unchanged
1836,0,Unchanged
1837,0,Unchanged
1838,0,Unchanged
1839,0,Unchanged
1840,0,Unchanged
1841,0,Unchanged
1842,0,Unchanged
1843,0,Unchanged
1844,0,Unchanged
1845,0,Unchanged
1846,0,Unchanged
1847,0,Unchanged
1848,0,Unchanged
1849,0,Unchanged
1850,0,Unchanged
1851,0,Unchanged
1852,0,Unchanged
1853,0,Unchanged
1854,0,Unchanged
1855,0,Unchanged
1856,0,Unchanged
1857,0,Unchanged
1858,0,Unchanged
1859,0,Unchanged
1860,0,Unchanged
1861,0,Unchanged
1862,0,Unchanged
1863,2342979.15274073,Unchanged
1864,0,Unchanged
1865,4545863.42942845,Unchanged
1866,2602622.65901771,Unchanged
1867,2619046.90575215,Unchanged
1868,6749477.0235643,Unchanged
1869,8418779.61682675,Unchanged
1870,2602622.66832277,Unchanged
1871,3999018.56383019,Unchanged
1872,7292019.72292364,Unchanged
1873,3999018.56383019,Unchanged
1874,7292019.72292364,Unchanged
1875,3999018.56383019,Unchanged
1876,7292019.72292364,Unchanged
1877,3999018.56383019,Unchanged
1878,7292019.72292364,Unchanged
1879,6832213.55587891,Unchanged
1880,15319644.184096,Unchanged
1881,4457585.49989084,Unchanged
1882,11778069.6733454,Unchanged
1883,11732028.031486,Unchanged
1884,11732028.031486,Unchanged
1885,14253973.6925242,Unchanged
1886,7998037.12766038,Unchanged
1887,14584039.4458473,Unchanged
1888,589044.928740619,Unchanged
1889,14584039.4458473,Unchanged
1890,27093872.9253285,Unchanged
1891,0,Unchanged
1892,11732028.031486,Unchanged
1893,0,Unchanged
1894,0,Unchanged
1895,1693183.77464702,Unchanged
1896,14584039.4458473,Unchanged
1897,27093872.9253285,Unchanged
1898,0,Unchanged
1899,0,Unchanged
1900,0,Unchanged
1901,28507947.3850483,Unchanged
1902,23464056.0629719,Unchanged
1903,28507947.3850483,Unchanged
1904,23464056.0629719,Unchanged
1905,23464056.0629719,Unchanged
1906,14253973.6925242,Unchanged
1907,3999018.56383019,Unchanged
1908,7292019.72292364,Unchanged
1909,14253973.6925242,Unchanged
1910,3999018.56383019,Unchanged
1911,7292019.72292364,Unchanged
1912,11732028.031486,Unchanged
1913,3999018.56383019,Unchanged
1914,7292019.72292364,Unchanged
1915,3999018.56383019,Unchanged
1916,7292019.72292364,Unchanged
1917,1397192.74321099,Unchanged
1918,0,Unchanged
1919,2309819.00770949,Unchanged
1920,13546936.4626643,Unchanged
1921,0,Unchanged
1922,0,Unchanged
1923,21303346.2520715,Unchanged
1924,28507947.3850483,Unchanged
1925,14584039.4458473,Unchanged
1926,23464056.0629719,Unchanged
1927,28507947.3850483,Unchanged
1928,3999018.56383019,Unchanged
1929,589044.928740619,Unchanged
1930,0,Unchanged
1931,2583945.54457393,Unchanged
1932,4197701.54250578,Unchanged
1933,709647.74654872,Unchanged
1934,2250694.38654039,Unchanged
1935,9674248.21662551,Unchanged
1936,5872781.46461922,Unchanged
1937,4840533.89521914,Unchanged
1938,27695961.7912515,Unchanged
1939,3353437.93852718,Unchanged
1940,5504685.93973232,Unchanged
1941,1649960.67655603,Unchanged
1942,23464056.0629719,Unchanged
1943,26466036.6870297,Unchanged
1944,7998037.12766038,Unchanged
1945,681852.248763071,Unchanged
1946,2894196.65690638,Unchanged
1947,1299373.72607782,Unchanged
1948,2.208368662278,Upregulated
1949,0,Unchanged
1950,0,Unchanged
1951,9063.80441197501,Upregulated
1952,3999018.56383019,Unchanged
1953,7292019.72292364,Unchanged
1954,3999018.56383019,Unchanged
1955,7292019.72292364,Unchanged
1956,17092351.8607382,Unchanged
1957,13546936.4626643,Unchanged
1958,4545863.42825379,Unchanged
1959,2292342.98470132,Unchanged
1960,2292342.98470132,Unchanged
1961,2292342.98470132,Unchanged
1962,3587967.45311136,Unchanged
1963,4970629.75387059,Unchanged
1964,6966927.12708835,Unchanged
1965,9907675.71948999,Unchanged
1966,1888436.95791467,Unchanged
1967,0,Unchanged
1968,0,Unchanged
1969,0,Unchanged
1970,0,Unchanged
1971,0,Unchanged
1972,3916.08975115469,Upregulated
1973,0,Unchanged
1974,3872204.4127078,Unchanged
1975,6483676.08084748,Unchanged
1976,0,Unchanged
1977,0,Unchanged
1978,0,Unchanged
1979,0,Unchanged
1980,0,Unchanged
1981,0,Unchanged
1982,0,Unchanged
1983,0,Unchanged
1984,0,Unchanged
1985,0,Unchanged
1986,3579219.95730749,Unchanged
1987,2286119.24527305,Unchanged
1988,10517112.987103,Unchanged
1989,2873851.11990496,Unchanged
1990,0,Unchanged
1991,0,Unchanged
1992,0,Unchanged
1993,0,Unchanged
1994,0,Unchanged
1995,0,Unchanged
1996,6891048.78179955,Unchanged
1997,357535.980199967,Unchanged
1998,0,Unchanged
1999,715071.964633921,Unchanged
2000,0,Unchanged
2001,0,Unchanged
2002,0,Unchanged
2003,0,Unchanged
2004,0,Unchanged
2005,1726007.06753497,Unchanged
2006,5065462.62267742,Unchanged
2007,0,Unchanged
2008,0,Unchanged
2009,0.329512034194612,Downregulated
2010,1.51589437051477,Unchanged
2011,1206790.21909267,Unchanged
2012,7324711.06665471,Unchanged
2013,4783278.03358967,Unchanged
2014,505841.545064583,Unchanged
2015,2.00062970939939,Upregulated
2016,22353040.9349774,Unchanged
2017,18978.5244967124,Upregulated
2018,0,Unchanged
2019,7.15490280427901,Upregulated
2020,0,Unchanged
2021,53152.0424537441,Unchanged
2022,4140.89699575276,Upregulated
2023,180305.329164175,Unchanged
2024,14907.19446779,Upregulated
2025,0,Unchanged
2026,0,Unchanged
2027,0,Unchanged
2028,929025.569154766,Unchanged
2029,0,Unchanged
2030,0,Unchanged
2031,0,Unchanged
2032,0,Unchanged
2033,482521.728023968,Unchanged
2034,0,Unchanged
2035,0,Unchanged
2036,201776.920174916,Unchanged
2037,0,Unchanged
2038,0.5,Downregulated
2039,447800.445214696,Unchanged
2040,479229.796543663,Unchanged
2041,2170093.61603144,Unchanged
2042,0,Unchanged
2043,0,Unchanged
2044,467130.189796732,Unchanged
2045,0,Unchanged
2046,893392.134885604,Unchanged
2047,681837.375434506,Unchanged
2048,920462.209650369,Unchanged
2049,2221745.07221538,Unchanged
2050,0,Unchanged
2051,0,Unchanged
2052,0,Unchanged
2053,729122.341632374,Unchanged
2054,142537.307014598,Unchanged
2055,6924280.70471944,Unchanged
2056,6723490.79452742,Unchanged
2057,3376466.40125899,Unchanged
2058,3376466.40125899,Unchanged
2059,2107053.1847425,Unchanged
2060,3487949.71304151,Unchanged
2061,1819044.99845655,Unchanged
2062,1819044.99919575,Unchanged
2063,1819045.00186709,Unchanged
2064,1851246.88085851,Unchanged
2065,1819044.99640572,Unchanged
2066,0,Unchanged
2067,786402.517714668,Unchanged
2068,7360781.24474765,Unchanged
2069,7360780.89364602,Unchanged
2070,2283927.29363064,Unchanged
2071,8418745.87315738,Unchanged
2072,4439771.8756716,Unchanged
2073,1084735.64839794,Unchanged
2074,2170093.60184371,Unchanged
2075,548254.430557596,Unchanged
2076,408601.54460337,Unchanged
2077,6154329.43639941,Unchanged
2078,1600070.49318257,Unchanged
2079,23663830.7351604,Unchanged
2080,253475.588924321,Unchanged
2081,626500.48828238,Unchanged
2082,516529.761974493,Unchanged
2083,0.258607182347225,Downregulated
2084,0.258607182347225,Downregulated
2085,0,Unchanged
2086,0,Unchanged
2087,0,Unchanged
2088,150934.918712536,Unchanged
2089,0.539242956803417,Unchanged
2090,0.0974542294269276,Downregulated
2091,408601.545134827,Unchanged
2092,12666261.7329538,Unchanged
2093,0,Unchanged
2094,12666261.7329538,Unchanged
2095,1783643.18169182,Unchanged
2096,0,Unchanged
2097,29688.7118305783,Unchanged
2098,28240.2741519397,Unchanged
2099,668429873.495483,Unchanged
2100,0,Unchanged
2101,3176157.41719401,Unchanged
2102,4286.12523329503,Upregulated
2103,1802.86531460864,Upregulated
2104,454.077134714388,Upregulated
2105,0,Unchanged
2106,8749312.44668818,Unchanged
2107,0,Unchanged
2108,0,Unchanged
2109,3861.73725811782,Upregulated
2110,3777217.04784384,Unchanged
2111,0,Unchanged
2112,4195856930.42379,Unchanged
2113,2489889.08198381,Unchanged
2114,0,Unchanged
2115,0,Unchanged
2116,0,Unchanged
2117,2175.83190784097,Upregulated
2118,0,Unchanged
2119,732927.667426113,Unchanged
2120,0,Unchanged
2121,0,Unchanged
2122,0,Unchanged
2123,0,Unchanged
2124,0,Unchanged
2125,0,Unchanged
2126,0,Unchanged
2127,0,Unchanged
2128,0,Unchanged
2129,0,Unchanged
2130,0,Unchanged
2131,6823849.9114398,Unchanged
2132,0,Unchanged
2133,0,Unchanged
2134,0,Unchanged
2135,0,Unchanged
2136,0,Unchanged
2137,0,Unchanged
2138,0,Unchanged
2139,0,Unchanged
2140,33868.571051269,Unchanged
2141,352893.617418426,Unchanged
2142,1063274.82774416,Unchanged
2143,0,Unchanged
2144,1085046.81055881,Unchanged
2145,0,Unchanged
2146,1303187.15237956,Unchanged
2147,0,Unchanged
2148,0,Unchanged
2149,485658.916095837,Unchanged
2150,0,Unchanged
2151,1175596.17533094,Unchanged
2152,610025.829472644,Unchanged
2153,0,Unchanged
2154,10187483.1859544,Unchanged
2155,0,Unchanged
2156,0,Unchanged
2157,2.92577675716959,Upregulated
2158,0,Unchanged
2159,1529034.55253801,Unchanged
2160,564150.311532759,Unchanged
2161,323503.997375679,Unchanged
2162,584015965.933109,Unchanged
2163,2170093.6213853,Unchanged
2164,0,Unchanged
2165,2.20703213908521,Upregulated
2166,2376267.93582076,Unchanged
2167,60311301.9520457,Unchanged
2168,2366776.27609598,Unchanged
2169,0,Unchanged
2170,0,Unchanged
2171,0,Unchanged
2172,0,Unchanged
2173,864977.957869607,Unchanged
2174,3419629.94946089,Unchanged
2175,17243.7498662224,Upregulated
2176,0,Unchanged
2177,2042554.5323779,Unchanged
2178,0,Unchanged
2179,0,Unchanged
2180,4093848.75876499,Unchanged
2181,5.58060204549442,Upregulated
2182,0,Unchanged
2183,1.03415704242288e-11,Unchanged
2184,0,Unchanged
2185,0,Unchanged
2186,0,Unchanged
2187,0.00803127853110513,Unchanged
2188,0.0143339371014252,Downregulated
2189,0,Unchanged
2190,0,Unchanged
2191,3410615.2184262,Unchanged
2192,0,Unchanged
2193,0,Unchanged
2194,0,Unchanged
2195,0,Unchanged
2196,0,Unchanged
2197,0,Unchanged
2198,0,Unchanged
2199,0,Unchanged
2200,0,Unchanged
2201,0,Unchanged
2202,0,Unchanged
2203,0,Unchanged
2204,0,Unchanged
2205,0,Unchanged
2206,0,Unchanged
2207,0,Unchanged
2208,0,Unchanged
2209,2170093.61897607,Unchanged
2210,0,Unchanged
2211,12530.8891632986,Upregulated
2212,0,Unchanged
2213,340978.434820589,Unchanged
2214,15291098.0148811,Unchanged
2215,495334.468075154,Unchanged
2216,0,Unchanged
2217,0,Unchanged
2218,0,Unchanged
2219,73122.6129933022,Unchanged
2220,2168883.75544689,Unchanged
2221,0,Unchanged
2222,0,Unchanged
2223,66533.3000345008,Unchanged
2224,280735.443969654,Unchanged
2225,2169382.07709222,Unchanged
2226,0,Unchanged
2227,0.000649204018335333,Unchanged
2228,0,Unchanged
2229,0,Unchanged
2230,0,Unchanged
2231,0,Unchanged
2232,25304.0181700433,Unchanged
2233,25263.4028299188,Unchanged
2234,1024418.29139234,Unchanged
2235,98286.9732218567,Unchanged
2236,0,Unchanged
2237,2150062.20407871,Unchanged
2238,0,Unchanged
2239,0,Unchanged
2240,6767318.84681447,Unchanged
2241,3471747.81942286,Unchanged
2242,0,Unchanged
2243,0,Unchanged
2244,450335.60417671,Unchanged
2245,217774.686244791,Unchanged
2246,677337.136207084,Unchanged
2247,347485.286103815,Unchanged
2248,0,Unchanged
2249,5128449.92428115,Unchanged
2250,289219.604098228,Unchanged
2251,0,Unchanged
2252,85989907.9482891,Unchanged
2253,1389302.65564594,Unchanged
2254,287341.905385195,Unchanged
2255,559769.537789362,Unchanged
2256,559769.538065564,Unchanged
2257,0.414989866225319,Downregulated
2258,412045.699381183,Unchanged
2259,211307.086254953,Unchanged
2260,412045.701033097,Unchanged
2261,0.399625373556155,Downregulated
2262,0,Unchanged
2263,21240330.1409992,Unchanged
2264,716188.714803437,Unchanged
2265,467130.189095896,Unchanged
2266,252600.934993169,Unchanged
2267,934260.375886868,Unchanged
2268,0,Unchanged
2269,0,Unchanged
2270,0,Unchanged
2271,920171.473827394,Unchanged
2272,365351.839183708,Unchanged
2273,0,Unchanged
2274,1188331.90526745,Unchanged
2275,1.03807333747947,Unchanged
2276,1188133.97545329,Unchanged
2277,0,Unchanged
2278,796158.453245763,Unchanged
2279,0,Unchanged
2280,0,Unchanged
2281,0,Unchanged
2282,0.515894370516149,Unchanged
2283,0,Unchanged
2284,5032.79789693045,Upregulated
2285,412045.695556418,Unchanged
2286,238775.777454473,Unchanged
2287,0.227829545665207,Downregulated
2288,0,Unchanged
2289,554611.943659061,Unchanged
2290,224016.421096215,Unchanged
2291,2087990.34540369,Unchanged
2292,1894050.52903833,Unchanged
2293,0,Unchanged
2294,0,Unchanged
2295,1679.99171116309,Upregulated
2296,0,Unchanged
2297,0,Unchanged
2298,5661.46045632182,Upregulated
2299,0,Unchanged
2300,173870.052382068,Unchanged
2301,290241.816928064,Unchanged
2302,0,Unchanged
2303,0,Unchanged
2304,2368648.03277955,Unchanged
2305,1551493.12833147,Unchanged
2306,0,Unchanged
2307,109002.300412456,Unchanged
2308,0,Unchanged
2309,2358530.12924735,Unchanged
2310,0,Unchanged
2311,347000.532788803,Unchanged
2312,257802.015602924,Unchanged
2313,154557.938626937,Unchanged
2314,140158.931726095,Unchanged
2315,254193.594963344,Unchanged
2316,142800.742811731,Unchanged
2317,166879.866043542,Unchanged
2318,3528850.0612375,Unchanged
2319,5346508.59799731,Unchanged
2320,5346508.59799731,Unchanged
2321,0,Unchanged
2322,3084203.40188277,Unchanged
2323,2796871.24369014,Unchanged
2324,2796871.24369014,Unchanged
2325,4237498.30465647,Unchanged
2326,3487792.14503348,Unchanged
2327,3162860.64286731,Unchanged
2328,3487792.14503348,Unchanged
2329,3162860.64286731,Unchanged
2330,406078.404710661,Unchanged
2331,3338.38218452882,Upregulated
2332,5057.93238676257,Upregulated
2333,458865.447547131,Unchanged
2334,448032.839608683,Unchanged
2335,339403.970256797,Unchanged
2336,2134508.61890674,Unchanged
2337,2134508.63355461,Unchanged
2338,3514282.72854125,Unchanged
2339,4261671.74147677,Unchanged
2340,3135507.86881801,Unchanged
2341,0,Unchanged
2342,0,Unchanged
2343,1.23355540657139e-10,Unchanged
2344,716271.38720341,Unchanged
2345,707094.406084432,Unchanged
2346,412045.699482839,Unchanged
2347,211386.33941498,Unchanged
2348,687225.418059489,Unchanged
2349,0,Unchanged
2350,412045.699482839,Unchanged
2351,211386.33941498,Unchanged
2352,886630.539968329,Unchanged
2353,0,Unchanged
2354,0.0143339371699628,Downregulated
2355,280735.438517716,Unchanged
2356,558799.107368854,Unchanged
2357,0,Unchanged
2358,381473.719499798,Unchanged
2359,381473.719499798,Unchanged
2360,381473.719499798,Unchanged
2361,381473.719499798,Unchanged
2362,381473.719499798,Unchanged
2363,381473.71946066,Unchanged
2364,381473.71946039,Unchanged
2365,224016.421766332,Unchanged
2366,1.23355540657139e-10,Unchanged
2367,1.23355540657139e-10,Unchanged
2368,0,Unchanged
2369,1.23355540657139e-10,Unchanged
2370,0,Unchanged
2371,964383.004803621,Unchanged
2372,0,Unchanged
2373,203466.849109172,Unchanged
2374,1304928.02014398,Unchanged
2375,0,Unchanged
2376,0,Unchanged
2377,0,Unchanged
2378,4.0519111239255e-09,Unchanged
2379,0,Unchanged
2380,0,Unchanged
2381,0,Unchanged
2382,0,Unchanged
2383,0,Unchanged
2384,0,Unchanged
2385,0,Unchanged
2386,0,Unchanged
2387,0,Unchanged
2388,0.304461190082333,Downregulated
2389,0,Unchanged
2390,0,Unchanged
2391,2.3815730653906e-10,Unchanged
2392,1.64460310990501e-08,Unchanged
2393,0,Unchanged
2394,3.78424653223996e-11,Unchanged
2395,1.32104320300641e-08,Unchanged
2396,0,Unchanged
2397,0,Unchanged
2398,1525245.18173316,Unchanged
2399,0.0704919465112091,Downregulated
2400,0.0704919462235383,Downregulated
2401,1380610.7646213,Unchanged
2402,842206.335960704,Unchanged
2403,1780057.20558733,Unchanged
2404,1495712.61648092,Unchanged
2405,0,Unchanged
2406,0,Unchanged
2407,1,Unchanged
2408,0,Unchanged
2409,0,Unchanged
2410,1987695.99682151,Unchanged
2411,1821263.07212599,Unchanged
2412,1950076.1150506,Unchanged
2413,1783643.16921381,Unchanged
2414,7294852.56793207,Unchanged
2415,7332472.3753632,Unchanged
2416,7410872.30863681,Unchanged
2417,7294852.5570924,Unchanged
2418,0.0965034853416402,Downregulated
2419,1348951.9575803,Unchanged
2420,1783643.17952173,Unchanged
2421,1783643.17409651,Unchanged
2422,7134572.72134204,Unchanged
2423,438920.927290909,Unchanged
2424,7294852.57978247,Unchanged
2425,0,Unchanged
2426,1445600.92188782,Unchanged
2427,118044.536795116,Unchanged
2428,515397.411605828,Unchanged
2429,14664944.7507264,Unchanged
2430,0,Unchanged
2431,0,Unchanged
2432,34650.7292172733,Unchanged
2433,1.85338558562888,Unchanged
2434,3.71175772758534,Upregulated
2435,2912430.44385794,Unchanged
2436,5631435.95094912,Unchanged
2437,0,Unchanged
2438,0,Unchanged
2439,137625.780257091,Unchanged
2440,2447858.88287142,Unchanged
2441,6739173.38658322,Unchanged
2442,2170093.63423457,Unchanged
2443,766544.779319664,Unchanged
2444,3757588.80466013,Unchanged
2445,211695.165162418,Unchanged
2446,0,Unchanged
2447,598518.84969522,Unchanged
2448,0,Unchanged
2449,2374389.04428138,Unchanged
2450,6975703.84853786,Unchanged
2451,0,Unchanged
2452,21015.5089442531,Unchanged
2453,2694506.64695962,Unchanged
2454,104710.79920568,Unchanged
2455,244665.720100858,Unchanged
2456,276357.158069487,Unchanged
2457,168116.839958274,Unchanged
2458,1110685.86633985,Unchanged
2459,21015.5090789621,Unchanged
2460,468569.576084739,Unchanged
2461,21700.9362673917,Unchanged
2462,280562.388212111,Unchanged
2463,1594117.54472774,Unchanged
2464,285045.760325699,Unchanged
2465,1085046.80426802,Unchanged
2466,41615.8095193695,Unchanged
2467,536801.346536323,Unchanged
2468,2170093.6176376,Unchanged
2469,3567286.35913387,Unchanged
2470,449636.895254985,Unchanged
2471,785277.387531379,Unchanged
2472,735915.840117018,Unchanged
2473,3567286.35813925,Unchanged
2474,310145.622921905,Unchanged
2475,3567286.3814677,Unchanged
2476,2170093.62406223,Unchanged
2477,3567286.39159478,Unchanged
2478,735915.847039326,Unchanged
2479,532663.144882214,Unchanged
2480,310145.623146995,Unchanged
2481,1783643.19579739,Unchanged
2482,1783643.19579739,Unchanged
2483,633629.7053776,Unchanged
2484,3.97981707809291,Upregulated
2485,24006.0641834791,Unchanged
2486,3567286.38291443,Unchanged
2487,265378.539566097,Unchanged
2488,767659.91172478,Unchanged
2489,126024.18837431,Unchanged
2490,126024.188565971,Unchanged
2491,244665.720589389,Unchanged
2492,95445.1185482245,Unchanged
2493,567271.996789796,Unchanged
2494,567271.996789649,Unchanged
2495,95445.1185477042,Unchanged
2496,156896.490677587,Unchanged
2497,95445.1185485786,Unchanged
2498,169971.196831847,Unchanged
2499,169971.196831847,Unchanged
2500,353808.505895722,Unchanged
2501,0,Unchanged
2502,262725.953864452,Unchanged
2503,461262.935706259,Unchanged
2504,448454.449668245,Unchanged
2505,390562.199243041,Unchanged
2506,358456.072535532,Unchanged
2507,218060.216420885,Unchanged
2508,461262.938570883,Unchanged
2509,509829.733754725,Unchanged
2510,155072.811066596,Unchanged
2511,0,Unchanged
2512,1783643.1820535,Unchanged
2513,1170631.45791772,Unchanged
2514,560718.261656304,Unchanged
2515,1.23355540763655e-10,Unchanged
2516,3567286.36691002,Unchanged
2517,647233.468319717,Unchanged
2518,265378.539395945,Unchanged
2519,337177.380848685,Unchanged
2520,3567286.36980348,Unchanged
2521,262725.955376122,Unchanged
2522,893392.139404004,Unchanged
2523,440857.970712701,Unchanged
2524,268187.908618175,Unchanged
2525,726659.821425264,Unchanged
2526,1783643.17735164,Unchanged
2527,1085046.8145742,Unchanged
2528,1085046.8145742,Unchanged
2529,1783643.17861752,Unchanged
2530,1783643.17861752,Unchanged
2531,1085046.8145742,Unchanged
2532,1783643.1665012,Unchanged
2533,1085046.8145742,Unchanged
2534,1783643.17789416,Unchanged
2535,921731.018104357,Unchanged
2536,76664.517688,Unchanged
2537,126024.189064289,Unchanged
2538,25613.9846235869,Unchanged
2539,767659.908767172,Unchanged
2540,74986.2560502549,Unchanged
2541,440857.969081228,Unchanged
2542,893027.194434851,Unchanged
2543,3567286.3330024,Unchanged
2544,1374405.05150559,Unchanged
2545,1085046.81243266,Unchanged
2546,1783643.19254226,Unchanged
2547,272346.636636553,Unchanged
2548,170.249368225874,Upregulated
2549,543256.817875598,Unchanged
2550,842404.961163962,Unchanged
2551,412232.202177622,Unchanged
2552,197394.778724028,Unchanged
2553,2170093.62486531,Unchanged
2554,3567286.38870133,Unchanged
2555,1375494.2914882,Unchanged
2556,21700.9362486531,Unchanged
2557,1085047.4453458,Unchanged
2558,1783643.18910628,Unchanged
2559,21015.5091415215,Unchanged
2560,170.249368897912,Upregulated
2561,606765.597658306,Unchanged
2562,0,Unchanged
2563,67876.0565895912,Unchanged
2564,207024.995086061,Unchanged
2565,265954.22479273,Unchanged
2566,263328.911492287,Unchanged
2567,1783643.1665012,Unchanged
2568,558001.691262518,Unchanged
2569,965216.095879371,Unchanged
2570,2776204.7827935,Unchanged
2571,0.0347330595877586,Downregulated
2572,160191.344046849,Unchanged
2573,1597508.49762406,Unchanged
2574,2626048.13635299,Unchanged
2575,2520605.85982935,Unchanged
2576,2133912.79917005,Unchanged
2577,1058952.88571094,Unchanged
2578,3567286.36844717,Unchanged
2579,2058001.31178935,Unchanged
2580,244283.04874234,Unchanged
2581,0,Unchanged
2582,3401502353.72278,Unchanged
2583,303824701.345359,Unchanged
2584,3036127536.3973,Unchanged
2585,2053351.09891734,Unchanged
2586,5737379.96895536,Unchanged
2587,5737379.96944553,Unchanged
2588,560153.058599307,Unchanged
2589,5737379.96944553,Unchanged
2590,2930257.85823088,Unchanged
2591,0,Unchanged
2592,14615255.86775,Unchanged
2593,819975.353187643,Unchanged
2594,6671870.26242143,Unchanged
2595,791689.821503544,Unchanged
2596,3567286.36953221,Unchanged
2597,3567286.36953221,Unchanged
2598,614367.162104346,Unchanged
2599,246487.0703191,Unchanged
2600,28548.2242241718,Unchanged
2601,0,Unchanged
2602,176501.028900666,Unchanged
2603,231465.907688223,Unchanged
2604,2264438.07774849,Unchanged
2605,301977.843323159,Unchanged
2606,2,Upregulated
2607,611206.487377763,Unchanged
2608,2681473.26212077,Unchanged
2609,572631.663645064,Unchanged
2610,69301.4592645723,Unchanged
2611,509829.731231851,Unchanged
2612,509829.735161241,Unchanged
2613,509829.734905193,Unchanged
2614,0.09372427016677,Downregulated
2615,0,Unchanged
2616,276299.573641404,Unchanged
2617,1362829.10477673,Unchanged
2618,104227.35839024,Unchanged
2619,445910.795287323,Unchanged
2620,708456.361762422,Unchanged
2621,0,Unchanged
2622,276299.573354996,Unchanged
2623,14821744.6117133,Unchanged
2624,14821744.6172736,Unchanged
2625,6405166.73634544,Unchanged
2626,3567286.35108646,Unchanged
2627,0,Unchanged
2628,456279.428001954,Unchanged
2629,9515060.72167428,Unchanged
2630,5809396.78567628,Unchanged
2631,2406382.06124434,Unchanged
2632,7859021.00725311,Unchanged
2633,10406213.4277866,Unchanged
2634,541452.838071896,Unchanged
2635,82846.0329363188,Unchanged
2636,0.194983009956124,Downregulated
2637,7859021.01079938,Unchanged
2638,20812426.8555733,Unchanged
2639,5911313.16359618,Unchanged
2640,0,Unchanged
2641,6385055.96338569,Unchanged
2642,0,Unchanged
2643,0,Unchanged
2644,1,Unchanged
2645,0.220599104934847,Downregulated
2646,0,Unchanged
2647,7569594.73281637,Unchanged
2648,7569594.73078071,Unchanged
2649,1081831.97659906,Unchanged
2650,7569594.73363064,Unchanged
2651,7569594.73363064,Unchanged
2652,7569594.73363064,Unchanged
2653,4639586.53923823,Unchanged
2654,7569594.73363064,Unchanged
2655,4963244.09967943,Unchanged
2656,7569594.73363064,Unchanged
2657,7569594.73363064,Unchanged
2658,7569594.73363064,Unchanged
2659,1561574.85258328,Unchanged
2660,1081831.97700149,Unchanged
2661,3236127.83859182,Unchanged
2662,0,Unchanged
2663,2778970.82366894,Unchanged
2664,3784797.36539036,Unchanged
2665,909057.362548045,Unchanged
2666,4557041.86690371,Unchanged
2667,17128385.4844978,Unchanged
2668,71492630.6680415,Unchanged
2669,10903465.1595431,Unchanged
2670,14240191.364245,Unchanged
2671,8862266.40595509,Unchanged
2672,10903465.1594726,Unchanged
2673,71291990.0328525,Unchanged
2674,10903465.1595584,Unchanged
2675,28501625.7531268,Unchanged
2676,72143636.3359495,Unchanged
2677,1018142.14312072,Unchanged
2678,1715095.04240141,Unchanged
2679,1061127.3760906,Unchanged
2680,2005422.20966004,Unchanged
2681,1780675.38632201,Unchanged
2682,1061127.36923443,Unchanged
2683,7338927.12410804,Unchanged
2684,10476187.6611986,Unchanged
2685,10850.4679851262,Upregulated
2686,4364.27881971132,Upregulated
2687,1666343.50024117,Unchanged
2688,1.85474805351103,Unchanged
2689,0,Unchanged
2690,0,Unchanged
2691,0,Unchanged
2692,0,Unchanged
2693,322952.573672246,Unchanged
2694,789538.215531189,Unchanged
2695,269635.493882119,Unchanged
2696,8643925.29905696,Unchanged
2697,291807.027941469,Unchanged
2698,291807.027941469,Unchanged
2699,6128073.43093149,Unchanged
2700,9987389.36498209,Unchanged
2701,389285.212521206,Unchanged
2702,389285.212521206,Unchanged
2703,1887025.32587467,Unchanged
2704,302911.049081754,Unchanged
2705,943512.660875266,Unchanged
2706,148923.355461381,Unchanged
2707,0,Unchanged
2708,89896.6812346497,Unchanged
2709,1642576.21219834,Unchanged
2710,1525465.07816281,Unchanged
2711,1295112.76993467,Unchanged
2712,4291703.20369727,Unchanged
2713,1333501.06055583,Unchanged
2714,3242748.14017959,Unchanged
2715,2039861.37680752,Unchanged
2716,5412176.64621338,Unchanged
2717,5325520.11580416,Unchanged
2718,3366598.30679095,Unchanged
2719,428291.267851734,Unchanged
2720,4273927.07025589,Unchanged
2721,3366598.31068496,Unchanged
2722,943512.665024705,Unchanged
2723,920106.139504746,Unchanged
2724,943512.665024705,Unchanged
2725,134845.022444407,Unchanged
2726,3643955.82350313,Unchanged
2727,18962026.2212734,Unchanged
2728,18962026.2212734,Unchanged
2729,3911784.49346793,Unchanged
2730,4301069.71945608,Unchanged
2731,20849051.6155551,Unchanged
2732,889021.056792652,Unchanged
2733,4863175.08777344,Unchanged
2734,3878527.82194737,Unchanged
2735,8710243.44090718,Unchanged
2736,830037.373978687,Unchanged
2737,6655239.92983681,Unchanged
2738,4567456.63798461,Unchanged
2739,4464691.76841813,Unchanged
2740,4256035.39072939,Unchanged
2741,633110.689873636,Unchanged
2742,1847889.48943176,Unchanged
2743,4713351.06045859,Unchanged
2744,1887025.3282024,Unchanged
2745,2397083.35471786,Unchanged
2746,1947831.34743271,Unchanged
2747,755833.333979672,Unchanged
2748,1511666.66796029,Unchanged
2749,1511666.66797642,Unchanged
2750,5122973.59095386,Unchanged
2751,1830167.25286468,Unchanged
2752,4439771.8756716,Unchanged
2753,368811.272222977,Unchanged
2754,1345535.67383424,Unchanged
2755,1021912.70748925,Unchanged
2756,3575169.34847215,Unchanged
2757,1.2127421277512,Unchanged
2758,1194175.89913231,Unchanged
2759,5273683.90399829,Unchanged
2760,9037364.04052198,Unchanged
2761,9037364.04052198,Unchanged
2762,9037364.04052198,Unchanged
2763,0,Unchanged
2764,17708245.5047267,Unchanged
2765,59292.5344331229,Unchanged
2766,2874.1526909561,Upregulated
2767,0,Unchanged
2768,77602.1653125008,Unchanged
2769,0,Unchanged
2770,0,Unchanged
2771,2942028.20413638,Unchanged
2772,0,Unchanged
2773,0,Unchanged
2774,0,Unchanged
2775,0,Unchanged
2776,0,Unchanged
2777,0,Unchanged
2778,1591085.81966418,Unchanged
2779,0,Unchanged
2780,0,Unchanged
2781,0,Unchanged
2782,0,Unchanged
2783,1071866.79060731,Unchanged
2784,0,Unchanged
2785,0,Unchanged
2786,0,Unchanged
2787,0,Unchanged
2788,0,Unchanged
2789,0,Unchanged
2790,5572953.09893053,Unchanged
2791,0,Unchanged
2792,0,Unchanged
2793,3994589.41272198,Unchanged
2794,0,Unchanged
2795,0,Unchanged
2796,0,Unchanged
2797,0,Unchanged
2798,0,Unchanged
2799,0,Unchanged
2800,0,Unchanged
2801,0,Unchanged
2802,0,Unchanged
2803,0,Unchanged
2804,2136124.87721909,Unchanged
2805,0,Unchanged
2806,0,Unchanged
2807,1962466.18673653,Unchanged
2808,3593771.56260765,Unchanged
2809,0,Unchanged
2810,10935523.2298818,Unchanged
2811,3183371.09052717,Unchanged
2812,0,Unchanged
2813,0,Unchanged
2814,0,Unchanged
2815,134845.021875438,Unchanged
2816,0,Unchanged
2817,0,Unchanged
2818,269690.044737426,Unchanged
2819,269690.044448143,Unchanged
2820,0,Unchanged
2821,0,Unchanged
2822,2979706.51218018,Unchanged
2823,0,Unchanged
2824,0,Unchanged
2825,0,Unchanged
2826,0,Unchanged
2827,294997.00995845,Unchanged
2828,0,Unchanged
2829,0,Unchanged
2830,0,Unchanged
2831,764257.282074088,Unchanged
2832,0,Unchanged
2833,1021912.70595001,Unchanged
2834,1021912.70595001,Unchanged
2835,0,Unchanged
2836,1291602.75433834,Unchanged
2837,1291602.75433834,Unchanged
2838,0,Unchanged
2839,1082630.75076763,Unchanged
2840,333171.945976037,Unchanged
2841,0,Unchanged
2842,0,Unchanged
2843,0,Unchanged
2844,0,Unchanged
2845,0,Unchanged
2846,0,Unchanged
2847,2397083.32042416,Unchanged
2848,1242021.19790187,Unchanged
2849,0,Unchanged
2850,0,Unchanged
2851,1511666.66822882,Unchanged
2852,1511666.66822882,Unchanged
2853,0,Unchanged
2854,1291602.77022561,Unchanged
2855,1291602.77022561,Unchanged
2856,0,Unchanged
2857,31166.5266704037,Unchanged
2858,0,Unchanged
2859,0,Unchanged
2860,0,Unchanged
2861,0,Unchanged
2862,5382.38273399807,Upregulated
2863,509829.734589278,Unchanged
2864,0,Unchanged
2865,31180.3193121847,Unchanged
2866,0,Unchanged
2867,0,Unchanged
2868,0,Unchanged
2869,0,Unchanged
2870,0,Unchanged
2871,0,Unchanged
2872,0,Unchanged
2873,3567286.36419741,Unchanged
2874,1112675.54504308,Unchanged
2875,3567286.36419741,Unchanged
2876,1531452.81128764,Unchanged
2877,3567286.36419741,Unchanged
2878,509829.732998673,Unchanged
2879,509829.732998673,Unchanged
2880,1783643.18209871,Unchanged
2881,236305.873538571,Unchanged
2882,509829.732726691,Unchanged
2883,456417.216445783,Unchanged
2884,2293472.9148254,Unchanged
2885,3567286.36419741,Unchanged
2886,1783643.18209871,Unchanged
2887,509829.732726691,Unchanged
2888,17836.4318209871,Upregulated
2889,1094409.75967314,Unchanged
2890,1094409.75967314,Unchanged
2891,461262.937635385,Unchanged
2892,1783643.18209871,Unchanged
2893,1783643.18209871,Unchanged
2894,38632.3042828966,Unchanged
2895,57206.2300520401,Unchanged
2896,1529188.03811366,Unchanged
2897,1783643.18530863,Unchanged
2898,647233.468995637,Unchanged
2899,436239.818337295,Unchanged
2900,436239.817836219,Unchanged
2901,382237.864514675,Unchanged
2902,382237.864516585,Unchanged
2903,1783643.18530863,Unchanged
2904,382237.862344424,Unchanged
2905,382237.861920035,Unchanged
2906,150292.23813488,Unchanged
2907,150292.23813488,Unchanged
2908,150292.23813488,Unchanged
2909,150292.23813488,Unchanged
2910,171775.14818043,Unchanged
2911,1783643.17680912,Unchanged
2912,1783643.1731923,Unchanged
2913,1783643.1731923,Unchanged
2914,171775.148203618,Unchanged
2915,524116.204270416,Unchanged
2916,735915.846363559,Unchanged
2917,2975620.63366667,Unchanged
2918,4859530.28076773,Unchanged
2919,1048423.773298,Unchanged
2920,1034024.64868491,Unchanged
2921,949474.958822782,Unchanged
2922,1154133.16003065,Unchanged
2923,1034024.64871938,Unchanged
2924,1154133.16003065,Unchanged
2925,9987389.36498209,Unchanged
2926,1154133.16003065,Unchanged
2927,949474.958822782,Unchanged
2928,4120710.98243743,Unchanged
2929,4120710.9815883,Unchanged
2930,1597460.02159587,Unchanged
2931,1154133.16003065,Unchanged
2932,1154133.16003065,Unchanged
2933,4182756.82907182,Unchanged
2934,1034024.64866794,Unchanged
2935,1427378.55381626,Unchanged
2936,1420872.48656424,Unchanged
2937,1814257.4420249,Unchanged
2938,7729525.96882155,Unchanged
2939,7729525.96882155,Unchanged
2940,7729525.96882155,Unchanged
2941,1618577.50559594,Unchanged
2942,400130.608830759,Unchanged
2943,400130.60684537,Unchanged
2944,1594567.97069304,Unchanged
2945,1135644.6884698,Unchanged
2946,809466.153006154,Unchanged
2947,389285.213166115,Unchanged
2948,97684.7217827218,Unchanged
2949,97684.7217818821,Unchanged
2950,97684.7217802797,Unchanged
2951,1324970.29300638,Unchanged
2952,943512.660672854,Unchanged
2953,171393.624872073,Unchanged
2954,389285.21158388,Unchanged
2955,323405.158295445,Unchanged
2956,54311.148241925,Unchanged
2957,224049.485987398,Unchanged
2958,112024.742973971,Unchanged
2959,207322.554724581,Unchanged
2960,82806.0987890701,Unchanged
2961,1599607.41622948,Unchanged
2962,329992.133349921,Unchanged
2963,238459.479412935,Unchanged
2964,170410.051705151,Unchanged
2965,170410.051705151,Unchanged
2966,0,Unchanged
2967,389285.213411217,Unchanged
2968,943512.662937335,Unchanged
2969,269690.044285421,Unchanged
2970,389285.212574551,Unchanged
2971,389285.212574551,Unchanged
2972,2374389.04395539,Unchanged
2973,3490815.71916407,Unchanged
2974,3833050.48528711,Unchanged
2975,3575160.81749005,Unchanged
2976,2374389.04395539,Unchanged
2977,3427321.70985381,Unchanged
2978,3427321.70985381,Unchanged
2979,2374389.04395539,Unchanged
2980,2374389.04399799,Unchanged
2981,3427321.70937004,Unchanged
2982,3427321.7093647,Unchanged
2983,2374389.04397064,Unchanged
2984,389285.21275351,Unchanged
2985,472394.076709994,Unchanged
2986,269690.044448143,Unchanged
2987,389285.212809434,Unchanged
2988,386511.988690113,Unchanged
2989,267768.802871545,Unchanged
2990,386511.988719834,Unchanged
2991,267768.802871545,Unchanged
2992,335384.355308406,Unchanged
2993,1042682.50627414,Unchanged
2994,722352.358141152,Unchanged
2995,722352.358141152,Unchanged
2996,1042682.50627414,Unchanged
2997,1042682.50446425,Unchanged
2998,722352.356887295,Unchanged
2999,722352.356887296,Unchanged
3000,1042682.50448668,Unchanged
3001,389285.213444155,Unchanged
3002,269690.044882067,Unchanged
3003,389285.213394875,Unchanged
3004,389285.213384937,Unchanged
3005,2862515.02103581,Unchanged
3006,2862515.02109173,Unchanged
3007,1983100.7651957,Unchanged
3008,1517264.77522761,Unchanged
3009,569173.902265869,Unchanged
3010,159130.481729576,Unchanged
3011,3473516.08623993,Unchanged
3012,3366598.30508225,Unchanged
3013,4859530.28148247,Unchanged
3014,4859530.28148247,Unchanged
3015,3366598.30508225,Unchanged
3016,3366598.30508225,Unchanged
3017,4859530.28148247,Unchanged
3018,4859530.28148247,Unchanged
3019,3366598.30508225,Unchanged
3020,3366598.3064118,Unchanged
3021,0,Unchanged
3022,3366598.30505964,Unchanged
3023,4859530.28148247,Unchanged
3024,4859530.28148247,Unchanged
3025,3366598.30505964,Unchanged
3026,3366598.3050781,Unchanged
3027,4859530.28148247,Unchanged
3028,4859530.28148247,Unchanged
3029,3366598.3050781,Unchanged
3030,3366598.3050781,Unchanged
3031,4859530.28148247,Unchanged
3032,4859530.28148247,Unchanged
3033,3366598.3050781,Unchanged
3034,3366598.30505964,Unchanged
3035,4859530.28148247,Unchanged
3036,4859530.28148247,Unchanged
3037,3366598.30505964,Unchanged
3038,4859530.28148247,Unchanged
3039,3366598.30505964,Unchanged
3040,1978313.09772825,Unchanged
3041,2333567.48268648,Unchanged
3042,1250730.54199785,Unchanged
3043,2440326.42016422,Unchanged
3044,3204486.33799137,Unchanged
3045,3911784.51153682,Unchanged
3046,2489702.61579263,Unchanged
3047,5076433.09960642,Unchanged
3048,2979706.51295157,Unchanged
3049,3073436.96238007,Unchanged
3050,4518778.16479101,Unchanged
3051,1242021.19819213,Unchanged
3052,5288577.28925556,Unchanged
3053,3288033.99886367,Unchanged
3054,1085798.92469151,Unchanged
3055,2844079.22566703,Unchanged
3056,659984.265847401,Unchanged
3057,1103170.34246861,Unchanged
3058,1475084.13190188,Unchanged
3059,1864369.35047075,Unchanged
3060,1082630.75064872,Unchanged
3061,2504363.92225518,Unchanged
3062,2504363.92189603,Unchanged
3063,269690.042312469,Unchanged
3064,269690.043874597,Unchanged
3065,389285.211974299,Unchanged
3066,389285.211974299,Unchanged
3067,1141228.06035301,Unchanged
3068,1141228.06035678,Unchanged
3069,1647310.37511047,Unchanged
3070,0,Unchanged
3071,1141228.06035678,Unchanged
3072,1141228.06023249,Unchanged
3073,576469.712796208,Unchanged
3074,735915.841488351,Unchanged
3075,509829.73273618,Unchanged
3076,1783643.18209871,Unchanged
3077,1783643.18209871,Unchanged
3078,1213330.38916446,Unchanged
3079,1546261.49586884,Unchanged
3080,735915.841511835,Unchanged
3081,735915.841382634,Unchanged
3082,735915.841382634,Unchanged
3083,735915.841386093,Unchanged
3084,509829.732740744,Unchanged
3085,735915.841384232,Unchanged
3086,735915.841384232,Unchanged
3087,509829.732740744,Unchanged
3088,509829.732740744,Unchanged
3089,735915.841384232,Unchanged
3090,735915.841384232,Unchanged
3091,509829.732740744,Unchanged
3092,509829.732740744,Unchanged
3093,735915.841384232,Unchanged
3094,735915.841384232,Unchanged
3095,509829.732740744,Unchanged
3096,1783643.18209871,Unchanged
3097,2.95457100446561,Upregulated
3098,279.86269528627,Upregulated
3099,394560.315113978,Unchanged
3100,218534.396417036,Unchanged
3101,305948.155169362,Unchanged
3102,394560.315113978,Unchanged
3103,305948.154983895,Unchanged
3104,218534.396417036,Unchanged
3105,13365.1967045433,Upregulated
3106,60678.4447820589,Unchanged
3107,29630.5905840453,Unchanged
3108,735915.837705834,Unchanged
3109,735915.837714033,Unchanged
3110,735915.841370085,Unchanged
3111,394560.312433721,Unchanged
3112,394560.312433721,Unchanged
3113,1529188.03527152,Unchanged
3114,394560.313233798,Unchanged
3115,1529188.03496828,Unchanged
3116,92805.9630003583,Unchanged
3117,92805.9635508109,Unchanged
3118,509829.730191103,Unchanged
3119,1783643.1731923,Unchanged
3120,509829.736185484,Unchanged
3121,324007.385644072,Unchanged
3122,746996.580189153,Unchanged
3123,114349.996601534,Unchanged
3124,735915.841459399,Unchanged
3125,114349.996601534,Unchanged
3126,735915.841459399,Unchanged
3127,735915.841486219,Unchanged
3128,735915.841486219,Unchanged
3129,735915.841376547,Unchanged
3130,1170631.45795214,Unchanged
3131,285289.635938079,Unchanged
3132,1170631.45794916,Unchanged
3133,735915.841383613,Unchanged
3134,206116.099702738,Unchanged
3135,285289.635922434,Unchanged
3136,735915.841379044,Unchanged
3137,735915.841379044,Unchanged
3138,285289.635966829,Unchanged
3139,169566.287544127,Unchanged
3140,169566.287544127,Unchanged
3141,169566.287544127,Unchanged
3142,735915.84138355,Unchanged
3143,735915.841378876,Unchanged
3144,7782.64573802349,Upregulated
3145,737187.297042265,Unchanged
3146,358456.073807547,Unchanged
3147,358456.073810667,Unchanged
3148,1783643.18530863,Unchanged
3149,363143.813210799,Unchanged
3150,363143.813210799,Unchanged
3151,230631.46923753,Unchanged
3152,29365.4308330566,Unchanged
3153,480154.299326812,Unchanged
3154,46502.1779549591,Unchanged
3155,2973919.78145626,Unchanged
3156,1783643.1731923,Unchanged
3157,3567286.36410699,Unchanged
3158,436239.814872825,Unchanged
3159,363143.810743955,Unchanged
3160,436239.814872825,Unchanged
3161,3567286.35361823,Unchanged
3162,3567286.34638461,Unchanged
3163,363143.810743955,Unchanged
3164,3567286.36754297,Unchanged
3165,3567286.34638461,Unchanged
3166,483213.4748252,Unchanged
3167,483213.480508299,Unchanged
3168,242741.478688262,Unchanged
3169,1763479.78113962,Unchanged
3170,669862.3961781,Unchanged
3171,10.6568677415338,Upregulated
3172,8449582.95015439,Unchanged
3173,1823648.45055648,Unchanged
3174,8733967.5913305,Unchanged
3175,0.0392880337567923,Downregulated
3176,20781.9500638751,Unchanged
3177,3922.43668280027,Upregulated
3178,53017.168673912,Unchanged
3179,406816.992468555,Unchanged
3180,114845.809786932,Unchanged
3181,114845.809789876,Unchanged
3182,577572.531186771,Unchanged
3183,577572.53582395,Unchanged
3184,0.13754954266605,Downregulated
3185,0.0392880336810292,Downregulated
3186,175343.467248231,Unchanged
3187,175343.467248231,Unchanged
3188,577572.530529671,Unchanged
3189,0.019153044714891,Downregulated
3190,556719.197202577,Unchanged
3191,112926.557192042,Unchanged
3192,0.0331278445434238,Downregulated
3193,20781.9501036104,Unchanged
3194,20781.9499497962,Unchanged
3195,20212.0216640531,Unchanged
3196,20212.0216154344,Unchanged
3197,20212.0215531028,Unchanged
3198,0.0434821828964741,Downregulated
3199,20212.0218672542,Unchanged
3200,20212.0217276313,Unchanged
3201,507.960787010342,Upregulated
3202,0.0808293283527102,Downregulated
3203,0.0808293291016489,Downregulated
3204,508.001122274349,Upregulated
3205,88814.7375268176,Unchanged
3206,224239.600696405,Unchanged
3207,0,Unchanged
3208,5783528.94216036,Unchanged
3209,2203637.41629688,Unchanged
3210,441766.466337543,Unchanged
3211,1400631.00893216,Unchanged
3212,0.899681936679417,Unchanged
3213,485658.914238486,Unchanged
3214,485658.912980403,Unchanged
3215,485658.917233102,Unchanged
3216,323768.475435497,Unchanged
3217,0,Unchanged
3218,0,Unchanged
3219,101139.07246893,Unchanged
3220,0,Unchanged
3221,0,Unchanged
3222,0,Unchanged
3223,0,Unchanged
3224,0,Unchanged
3225,10517.8034537884,Upregulated
3226,64689.9813452618,Unchanged
3227,0.0355317890596226,Downregulated
3228,8393.86004822045,Upregulated
3229,0.0205428984500064,Downregulated
3230,123186.413531614,Unchanged
3231,152332.389045684,Unchanged
3232,6352817.52773049,Unchanged
3233,1845329.37290471,Unchanged
3234,6078592.56164171,Unchanged
3235,67584.3038914034,Unchanged
3236,206955.954124118,Unchanged
3237,457225.654746362,Unchanged
3238,2967.68246426837,Upregulated
3239,0,Unchanged
3240,0,Unchanged
3241,0,Unchanged
3242,0,Unchanged
3243,0,Unchanged
3244,0,Unchanged
3245,3784797.36539036,Unchanged
3246,0,Unchanged
3247,0,Unchanged
3248,0,Unchanged
3249,0,Unchanged
3250,220689.724846922,Unchanged
3251,1929894.25192426,Unchanged
3252,1588021.24290738,Unchanged
3253,1588021.24290738,Unchanged
3254,1627570.21503513,Unchanged
3255,1085046.81002342,Unchanged
3256,1085046.80614187,Unchanged
3257,1085046.80614187,Unchanged
3258,357015.281024112,Unchanged
3259,354547.866782917,Unchanged
3260,354547.866782917,Unchanged
3261,354547.866782917,Unchanged
3262,354547.866782917,Unchanged
3263,1085046.80614187,Unchanged
3264,1085046.80614187,Unchanged
3265,1085046.80614187,Unchanged
3266,1085046.80614187,Unchanged
3267,1085046.80614187,Unchanged
3268,1085046.80614187,Unchanged
3269,1085046.80614187,Unchanged
3270,1085046.80614187,Unchanged
3271,0,Unchanged
3272,0,Unchanged
3273,0,Unchanged
3274,0,Unchanged
3275,970535.986407156,Unchanged
3276,0,Unchanged
3277,0,Unchanged
3278,0,Unchanged
3279,0,Unchanged
3280,0,Unchanged
3281,0,Unchanged
3282,734406.777504605,Unchanged
3283,0,Unchanged
3284,340176.116526778,Unchanged
3285,0,Unchanged
3286,0,Unchanged
3287,1085046.80667726,Unchanged
3288,0,Unchanged
3289,0,Unchanged
3290,0,Unchanged
3291,0,Unchanged
3292,0,Unchanged
3293,0,Unchanged
3294,228336.304446802,Unchanged
3295,0,Unchanged
3296,228336.304446802,Unchanged
3297,0,Unchanged
3298,207709.940900904,Unchanged
3299,207709.940900904,Unchanged
3300,207709.94132367,Unchanged
3301,0,Unchanged
3302,0,Unchanged
3303,0,Unchanged
3304,0,Unchanged
3305,253520.609190374,Unchanged
3306,253520.609190374,Unchanged
3307,228336.30647441,Unchanged
3308,0,Unchanged
3309,1085046.80647649,Unchanged
3310,0,Unchanged
3311,857939.728359906,Unchanged
3312,532724.500733045,Unchanged
3313,0,Unchanged
3314,265013.094319947,Unchanged
3315,0,Unchanged
3316,265013.093780549,Unchanged
3317,265013.094319947,Unchanged
3318,0,Unchanged
3319,265378.537972234,Unchanged
3320,911225.168877274,Unchanged
3321,0,Unchanged
3322,342944.454236716,Unchanged
3323,0,Unchanged
3324,0,Unchanged
3325,0,Unchanged
3326,0,Unchanged
3327,0,Unchanged
3328,0,Unchanged
3329,0,Unchanged
3330,0,Unchanged
3331,0,Unchanged
3332,0,Unchanged
3333,0,Unchanged
3334,0,Unchanged
3335,137016773.747208,Unchanged
3336,0.750000292981378,Unchanged
3337,1449173.94321203,Unchanged
3338,0,Unchanged
3339,0,Unchanged
3340,0,Unchanged
3341,2942195.9181893,Unchanged
3342,1687167.76293167,Unchanged
3343,1665641.85957328,Unchanged
3344,6.70639774367438,Upregulated
3345,105496.627347219,Unchanged
3346,338911.39916399,Unchanged
3347,185610.610737569,Unchanged
3348,677822.799457513,Unchanged
3349,138172.427248387,Unchanged
3350,0,Unchanged
3351,0.0415867348922029,Downregulated
3352,0.0136613808428262,Downregulated
3353,0.0135931627410786,Downregulated
3354,0.00304464486855539,Unchanged
3355,0,Unchanged
3356,4.56110897233191e-05,Unchanged
3357,1739524.83903655,Unchanged
3358,14447.3488054129,Upregulated
3359,79880.9003838275,Unchanged
3360,0,Unchanged
3361,5799843.47377193,Unchanged
3362,7084313.58632361,Unchanged
3363,60311301.7073084,Unchanged
3364,256262.390798571,Unchanged
3365,731120.487183663,Unchanged
3366,7045581.20097407,Unchanged
3367,102157.409467404,Unchanged
3368,0,Unchanged
3369,24728023.6349277,Unchanged
3370,3624829.42304243,Unchanged
3371,6154329.44124364,Unchanged
3372,3676878.24131296,Unchanged
3373,7922153.76904165,Unchanged
3374,13628.6581126001,Upregulated
3375,6187128.96992152,Unchanged
3376,4264492.09240847,Unchanged
3377,606765.602115912,Unchanged
3378,54542.2921502779,Unchanged
3379,0.210439128601549,Downregulated
3380,1173491.04044557,Unchanged
3381,1240751.3606864,Unchanged
3382,183143.523068615,Unchanged
3383,0,Unchanged
3384,47850.1069581956,Unchanged
3385,0,Unchanged
3386,0,Unchanged
3387,323886.222966825,Unchanged
3388,2301181.00378979,Unchanged
3389,0.5,Downregulated
3390,2164009.96385856,Unchanged
3391,29060.2960790642,Unchanged
3392,9722167.90831619,Unchanged
3393,8854122.75236335,Unchanged
3394,10116859.8855072,Unchanged
3395,2301181.00709973,Unchanged
3396,0,Unchanged
3397,0,Unchanged
3398,0,Unchanged
3399,0,Unchanged
3400,0,Unchanged
3401,0,Unchanged
3402,9091726.85650757,Unchanged
3403,0,Unchanged
3404,0,Unchanged
3405,0,Unchanged
3406,0,Unchanged
3407,0,Unchanged
3408,0,Unchanged
3409,0,Unchanged
3410,0,Unchanged
3411,0,Unchanged
3412,0.271506783992445,Downregulated
3413,0.271506783992445,Downregulated
3414,0,Unchanged
3415,1247954.19207674,Unchanged
3416,6383084.38744098,Unchanged
3417,201777.035194308,Unchanged
3418,1050808.73837682,Unchanged
3419,0,Unchanged
3420,13647699.9693463,Unchanged
3421,13647699.8910769,Unchanged
3422,13647699.8966229,Unchanged
3423,1877672.55484438,Unchanged
3424,1877672.56086179,Unchanged
3425,1877672.549207,Unchanged
3426,1930547.01949143,Unchanged
3427,1031254.57041408,Unchanged
3428,1797805.77389509,Unchanged
3429,1998501.94869582,Unchanged
3430,2285746.6434314,Unchanged
3431,2285746.61717912,Unchanged
3432,1039956.38485131,Unchanged
3433,1840869.13269923,Unchanged
3434,27977008.7507344,Unchanged
3435,583286.498668313,Unchanged
3436,141175.515868581,Unchanged
3437,210429.795470736,Unchanged
3438,1271417.72366122,Unchanged
3439,1271417.71993459,Unchanged
3440,117382.560120133,Unchanged
3441,0.974111951915652,Unchanged
3442,0.261691079310135,Downregulated
3443,1960290.80603571,Unchanged
3444,5521697.0456158,Unchanged
3445,156589.061381139,Unchanged
3446,20638708.4228635,Unchanged
3447,73281.4956959042,Unchanged
3448,8348258.82118189,Unchanged
3449,0,Unchanged
3450,66445.8152996948,Unchanged
3451,1886256.7780284,Unchanged
3452,280097.718278609,Unchanged
3453,302428.138733532,Unchanged
3454,7052157.41970061,Unchanged
3455,5589349.49087066,Unchanged
3456,6320753.43610768,Unchanged
3457,6671.52083082987,Upregulated
3458,324462.917399166,Unchanged
3459,2080932.36940359,Unchanged
3460,7352582.43336813,Unchanged
3461,68668.1618118304,Unchanged
3462,2820096.44670502,Unchanged
3463,3059501.75865476,Unchanged
3464,29842905.1524589,Unchanged
3465,68668.7928865385,Unchanged
3466,1269611.71111232,Unchanged
3467,2201621.4809737,Unchanged
3468,2201621.48513449,Unchanged
3469,1089099.07823323,Unchanged
3470,2080932.37667738,Unchanged
3471,530838.51692956,Unchanged
3472,436802.60747409,Unchanged
3473,685735.925725931,Unchanged
3474,717359.056349602,Unchanged
3475,0,Unchanged
3476,0.501884083473201,Unchanged
3477,4784542.65735726,Unchanged
3478,82997.8268512334,Unchanged
3479,0,Unchanged
3480,298501.627629165,Unchanged
3481,5050579.85493149,Unchanged
3482,5050579.85493149,Unchanged
3483,435433.878362303,Unchanged
3484,0,Unchanged
3485,0.412591402117089,Downregulated
3486,0,Unchanged
3487,0.412591402117089,Downregulated
3488,0,Unchanged
3489,25064611.1827087,Unchanged
3490,5611209.02310217,Unchanged
3491,25064611.0673048,Unchanged
3492,438292.115093607,Unchanged
3493,0,Unchanged
3494,1610.08709331646,Upregulated
3495,2783489.55633406,Unchanged
3496,3673283.07540102,Unchanged
3497,2011115.75560192,Unchanged
3498,0.959285484447639,Unchanged
3499,0.959285530584862,Unchanged
3500,0.326758131330183,Downregulated
3501,0,Unchanged
3502,3673283.07381322,Unchanged
3503,0,Unchanged
3504,1852096.25530674,Unchanged
3505,2828292.35900905,Unchanged
3506,1852096.25530527,Unchanged
3507,2828292.35900681,Unchanged
3508,0,Unchanged
3509,19850305.7330787,Unchanged
3510,19850305.733045,Unchanged
3511,0.32675813132937,Downregulated
3512,0,Unchanged
3513,2.56251701807128,Upregulated
3514,5144293.22656308,Unchanged
3515,0,Unchanged
3516,2385430.64054103,Unchanged
3517,1083341.69549594,Unchanged
3518,1133040.25851638,Unchanged
3519,1156480.16068144,Unchanged
3520,464509.319841041,Unchanged
3521,1934497.06686734,Unchanged
3522,723480.001109101,Unchanged
3523,0,Unchanged
3524,0,Unchanged
3525,0,Unchanged
3526,0,Unchanged
3527,20341.7401348963,Unchanged
3528,2.99996611096837,Upregulated
3529,0,Unchanged
3530,7683206.7135184,Unchanged
3531,2966585.99388756,Unchanged
3532,12078323.0820435,Unchanged
3533,0,Unchanged
3534,0,Unchanged
3535,5285447.5588048,Unchanged
3536,424468.755118796,Unchanged
3537,0,Unchanged
3538,25421.058053576,Unchanged
3539,25421.058053576,Unchanged
3540,0,Unchanged
3541,2930481.23412393,Unchanged
3542,1032006.05202872,Unchanged
3543,1268077.38487993,Unchanged
3544,158873.267940146,Unchanged
3545,1643913.94231052,Unchanged
3546,555280.984483007,Unchanged
3547,1643913.94231052,Unchanged
3548,0,Unchanged
3549,0,Unchanged
3550,0,Unchanged
3551,0,Unchanged
3552,0,Unchanged
3553,0,Unchanged
3554,0,Unchanged
3555,0,Unchanged
3556,0,Unchanged
3557,0,Unchanged
3558,0,Unchanged
3559,0,Unchanged
3560,0,Unchanged
3561,0,Unchanged
3562,0,Unchanged
3563,0,Unchanged
3564,1.76328487749226,Unchanged
3565,0,Unchanged
3566,0,Unchanged
3567,0,Unchanged
3568,0,Unchanged
3569,0,Unchanged
3570,1126038.70808819,Unchanged
3571,186393.052538337,Unchanged
3572,95492.2052165283,Unchanged
3573,0,Unchanged
3574,495826.454139485,Unchanged
3575,1671134.36999633,Unchanged
3576,724091.025241931,Unchanged
3577,724091.040680117,Unchanged
3578,0,Unchanged
3579,3349810.00520626,Unchanged
3580,579555.668491816,Unchanged
3581,58991.9121238171,Unchanged
3582,20745982.8416095,Unchanged
3583,20745982.8416095,Unchanged
3584,14331561.4200186,Unchanged
3585,13006153.2956304,Unchanged
3586,13006153.2956304,Unchanged
3587,13006153.2956304,Unchanged
3588,1697371.95506801,Unchanged
3589,41484.1541244384,Unchanged
3590,2332.62774567757,Upregulated
3591,0,Unchanged
3592,3967643.68807833,Unchanged
3593,5642127.69205453,Unchanged
3594,5642127.52376816,Unchanged
3595,0,Unchanged
3596,0,Unchanged
3597,0.676843406290103,Unchanged
3598,0.676843406290103,Unchanged
3599,0.676843406290103,Unchanged
3600,0.676843406290103,Unchanged
3601,0,Unchanged
3602,0,Unchanged
3603,0,Unchanged
3604,0,Unchanged
3605,0,Unchanged
3606,0,Unchanged
3607,0,Unchanged
3608,224723.90744571,Unchanged
3609,224723.90744571,Unchanged
3610,1733426.23133872,Unchanged
3611,1741899.92302717,Unchanged
3612,0.99996067947371,Unchanged
3613,0.958441275589783,Unchanged
3614,0.958441306703484,Unchanged
3615,0.333333340759759,Downregulated
3616,0.333333340759759,Downregulated
3617,0.333333340759759,Downregulated
3618,325812.871086564,Unchanged
3619,6749914.85168023,Unchanged
3620,2.58538760971751,Upregulated
3621,0,Unchanged
3622,273295.646833312,Unchanged
3623,280027.660050174,Unchanged
3624,273295.646833312,Unchanged
3625,280027.660050174,Unchanged
3626,1402322.21486582,Unchanged
3627,0,Unchanged
3628,0,Unchanged
3629,0,Unchanged
3630,246578.380525845,Unchanged
3631,273295.660108036,Unchanged
3632,0,Unchanged
3633,0,Unchanged
3634,943852.07089002,Unchanged
3635,0,Unchanged
3636,0.243607288881807,Downregulated
3637,0.233640490921179,Downregulated
3638,0.262603135501813,Downregulated
3639,21230.8916866761,Unchanged
3640,0.233649468094208,Downregulated
3641,0.210439130470229,Downregulated
3642,0.191429475746004,Downregulated
3643,26045.7367138547,Unchanged
3644,0,Unchanged
3645,826021.497475719,Unchanged
3646,0.244241163365601,Downregulated
3647,6901.98971101269,Upregulated
3648,1120525.8857895,Unchanged
3649,0,Unchanged
3650,226360.387940952,Unchanged
3651,9.338342705332,Upregulated
3652,440074.96960815,Unchanged
3653,755510.568156575,Unchanged
3654,60866146.1036577,Unchanged
3655,134270.653783877,Unchanged
3656,1441737.35160726,Unchanged
3657,8893251.40860379,Unchanged
3658,977438.591483067,Unchanged
3659,1032005.99784514,Unchanged
3660,1057427.10534493,Unchanged
3661,3186739.67322221,Unchanged
3662,283240.935043825,Unchanged
3663,283240.935918159,Unchanged
3664,120470.816279347,Unchanged
3665,23091260.824142,Unchanged
3666,0,Unchanged
3667,0,Unchanged
3668,2064012.10793202,Unchanged
3669,1959017.728257,Unchanged
3670,425796.810511509,Unchanged
3671,425796.824805406,Unchanged
3672,436285.33203088,Unchanged
3673,425796.801644173,Unchanged
3674,436285.33203088,Unchanged
3675,0,Unchanged
3676,10488.5044541647,Upregulated
3677,0,Unchanged
3678,4708132.88526169,Unchanged
3679,0,Unchanged
3680,0,Unchanged
3681,0,Unchanged
3682,0,Unchanged
3683,2680927.21715308,Unchanged
3684,0,Unchanged
3685,0,Unchanged
3686,0,Unchanged
3687,0,Unchanged
3688,0,Unchanged
3689,0,Unchanged
3690,0,Unchanged
3691,0,Unchanged
3692,0,Unchanged
3693,0,Unchanged
3694,0,Unchanged
3695,0,Unchanged
3696,0,Unchanged
3697,0,Unchanged
3698,16371.4358086042,Upregulated
3699,16371.4358086042,Upregulated
3700,5380723.34195777,Unchanged
3701,4708132.96160965,Unchanged
3702,2255130.40843125,Unchanged
3703,3.30073121693672,Upregulated
3704,3.30073121693671,Upregulated
3705,228631.176674168,Unchanged
3706,2180730.21912772,Unchanged
3707,0,Unchanged
3708,2255130.42798827,Unchanged
3709,2032731.4449745,Unchanged
3710,0.412591402117089,Downregulated
3711,0,Unchanged
3712,0,Unchanged
3713,425796.819553694,Unchanged
3714,425796.820802615,Unchanged
3715,425796.82277591,Unchanged
3716,489754.431752353,Unchanged
3717,228631.17652669,Unchanged
3718,654427.996885902,Unchanged
3719,388997.547043328,Unchanged
3720,0.412591402117089,Downregulated
3721,0,Unchanged
3722,425796.821427075,Unchanged
3723,0,Unchanged
3724,0,Unchanged
3725,0,Unchanged
3726,5.86783943244682,Upregulated
3727,228631.175809227,Unchanged
3728,0,Unchanged
3729,0.412591402117089,Downregulated
3730,527178.424829331,Unchanged
3731,0.412591402117089,Downregulated
3732,2470886.33720463,Unchanged
3733,589626.59505039,Unchanged
3734,589457.507491415,Unchanged
3735,0,Unchanged
3736,478053572.656662,Unchanged
3737,7905186.10028353,Unchanged
3738,4211174.0938729,Unchanged
3739,733112.762704271,Unchanged
3740,4211174.09392596,Unchanged
3741,0,Unchanged
3742,0,Unchanged
3743,0,Unchanged
3744,228631.176378336,Unchanged
3745,0,Unchanged
3746,0,Unchanged
3747,28645269.8574351,Unchanged
3748,25064611.1250067,Unchanged
3749,25064611.1256878,Unchanged
3750,25064611.1250067,Unchanged
3751,7905186.13603739,Unchanged
3752,8559614.15023976,Unchanged
3753,8559614.14891674,Unchanged
3754,18639191.6834699,Unchanged
3755,25064611.0673048,Unchanged
3756,0,Unchanged
3757,0.412591402117089,Downregulated
3758,0.412591402117089,Downregulated
3759,0,Unchanged
3760,0,Unchanged
3761,6160919.27068127,Unchanged
3762,6871485.09838387,Unchanged
3763,7701653.43954119,Unchanged
3764,18376657.8657218,Unchanged
3765,8188316.0138391,Unchanged
3766,146982.694489402,Unchanged
3767,1489679.98236304,Unchanged
3768,0,Unchanged
3769,0.01,Downregulated
3770,0,Unchanged
3771,0,Unchanged
3772,0,Unchanged
3773,0,Unchanged
3774,14932253.1663732,Unchanged
3775,5418490.702831,Unchanged
3776,362640.749276736,Unchanged
3777,166544.553840068,Unchanged
3778,149322.530397563,Unchanged
3779,422469.176886565,Unchanged
3780,536920.882858072,Unchanged
3781,536920.882857944,Unchanged
3782,644624.450908351,Unchanged
3783,5280043.90827576,Unchanged
3784,2398846.40188763,Unchanged
3785,0.894464626701616,Unchanged
3786,0,Unchanged
3787,0,Unchanged
3788,0,Unchanged
3789,0,Unchanged
3790,160363.984724569,Unchanged
3791,0.01,Downregulated
3792,0.113696297194488,Downregulated
3793,5743562.81363837,Unchanged
3794,0.154939711328213,Downregulated
3795,0.285836168270095,Downregulated
3796,294984.653373494,Unchanged
3797,0,Unchanged
3798,294984.653322581,Unchanged
3799,0,Unchanged
3800,0,Unchanged
3801,0,Unchanged
3802,0,Unchanged
3803,0,Unchanged
3804,0,Unchanged
3805,0,Unchanged
3806,0,Unchanged
3807,0,Unchanged
3808,0,Unchanged
3809,163063.48705348,Unchanged
3810,0,Unchanged
3811,0,Unchanged
3812,0,Unchanged
3813,0,Unchanged
3814,0,Unchanged
3815,0,Unchanged
3816,0,Unchanged
3817,0,Unchanged
3818,0,Unchanged
3819,0,Unchanged
3820,0,Unchanged
3821,0,Unchanged
3822,0,Unchanged
3823,0,Unchanged
3824,9.76282000965726,Upregulated
3825,2245662.89024183,Unchanged
3826,158391.714180115,Unchanged
3827,158391.714056948,Unchanged
3828,0,Unchanged
3829,0,Unchanged
3830,444332.745579206,Unchanged
3831,2128609015.7753,Unchanged
3832,0,Unchanged
3833,0,Unchanged
3834,0,Unchanged
3835,0,Unchanged
3836,0,Unchanged
3837,2241074.36197452,Unchanged
3838,653747.166685557,Unchanged
3839,0,Unchanged
3840,0,Unchanged
3841,0.0995715581609744,Downregulated
3842,8661807.48397905,Unchanged
3843,86465014.5080448,Unchanged
3844,5788737.20268868,Unchanged
3845,2354898.32808797,Unchanged
3846,5127793.7772589,Unchanged
3847,1708893.55347319,Unchanged
3848,3450740.22110017,Unchanged
3849,3043574.39137385,Unchanged
3850,0,Unchanged
3851,3654640.02098514,Unchanged
3852,5364883.23852355,Unchanged
3853,5973155.32951535,Unchanged
3854,6028379.95859412,Unchanged
3855,9252602.21263502,Unchanged
3856,596306.392597249,Unchanged
3857,50857.7786840884,Unchanged
3858,440673.51734431,Unchanged
3859,1028670.86004989,Unchanged
3860,563690.934420881,Unchanged
3861,407112742.004171,Unchanged
3862,222230.102256707,Unchanged
3863,0,Unchanged
3864,3.82886631156567,Upregulated
3865,1.27626387552872,Unchanged
3866,1.37246426792298,Unchanged
3867,5.86783943241568,Upregulated
3868,4.06513740010533,Upregulated
3869,248026.54606992,Unchanged
3870,10613.3649525613,Upregulated
3871,1163532.76891794,Unchanged
3872,0,Unchanged
3873,55763.7234225846,Unchanged
3874,57496.152446529,Unchanged
3875,6003865.5042457,Unchanged
3876,0,Unchanged
3877,203742.995495569,Unchanged
3878,0,Unchanged
3879,0,Unchanged
3880,0,Unchanged
3881,0,Unchanged
3882,206971.4085083,Unchanged
3883,0,Unchanged
3884,1357173.50914071,Unchanged
3885,1723633.24592145,Unchanged
3886,1357173.51280254,Unchanged
3887,182015.422690778,Unchanged
3888,1.14334462085774,Unchanged
3889,0,Unchanged
3890,306354675.110625,Unchanged
3891,0.604577177600482,Unchanged
3892,467908.880051217,Unchanged
3893,24998405.6881278,Unchanged
3894,269413.471475533,Unchanged
3895,24998405.6881278,Unchanged
3896,452391.17037539,Unchanged
3897,24998405.6881278,Unchanged
3898,452391.17037539,Unchanged
3899,452391.17037539,Unchanged
3900,0,Unchanged
3901,0,Unchanged
3902,401042.034346093,Unchanged
3903,401042.033017888,Unchanged
3904,401042.03300706,Unchanged
3905,43965843.9058122,Unchanged
3906,2.17118021105247,Upregulated
3907,43965843.9057948,Unchanged
3908,0,Unchanged
3909,2064012.10320988,Unchanged
3910,2143568296.70439,Unchanged
3911,1.32780289755788,Unchanged
3912,6003865.5042457,Unchanged
3913,0,Unchanged
3914,3.99998556312679,Upregulated
3915,3273965.54598546,Unchanged
3916,22822254.1759438,Unchanged
3917,19504.2165921447,Upregulated
3918,101080.301528472,Unchanged
3919,5108911.39332246,Unchanged
3920,0,Unchanged
3921,12904475.5546768,Unchanged
3922,12904475.4316204,Unchanged
3923,793820.009696324,Unchanged
3924,380992.467951094,Unchanged
3925,0,Unchanged
3926,37482.4972170679,Unchanged
3927,37482.4971895157,Unchanged
3928,0,Unchanged
3929,0,Unchanged
3930,0.419721927200607,Downregulated
3931,1.34245014023966,Unchanged
3932,0,Unchanged
3933,0,Unchanged
3934,1586140.65491887,Unchanged
3935,2642723.7794024,Unchanged
3936,0,Unchanged
3937,420441.340649369,Unchanged
3938,456064.185970133,Unchanged
3939,323687.796222021,Unchanged
3940,203921.982638488,Unchanged
3941,1933609.05297921,Unchanged
3942,0,Unchanged
3943,420441.340766701,Unchanged
3944,465816.468402001,Unchanged
3945,20640.1209509748,Unchanged
3946,826320.783581503,Unchanged
3947,10320.0604331092,Upregulated
3948,1032006.04685252,Unchanged
3949,10320.0604656496,Upregulated
3950,30152.6859976101,Unchanged
3951,10320.0604754874,Upregulated
3952,481444.066483669,Unchanged
3953,30152.6863491081,Unchanged
3954,0,Unchanged
3955,975271.708379527,Unchanged
3956,153879.638830028,Unchanged
3957,374485.696393364,Unchanged
3958,53697.0153457885,Unchanged
3959,1032006.0443401,Unchanged
3960,4300.02516784959,Upregulated
3961,0.00381339340897572,Unchanged
3962,1032006.04294767,Unchanged
3963,147492.326786074,Unchanged
3964,1042326.10386632,Unchanged
3965,0,Unchanged
3966,0,Unchanged
3967,5018241.0990172,Unchanged
3968,1732583.55204186,Unchanged
3969,2671879.49814471,Unchanged
3970,1929914.94208663,Unchanged
3971,12789128.9788164,Unchanged
3972,0,Unchanged
3973,0.219107859026665,Downregulated
3974,125071.767353749,Unchanged
3975,9688.96452709825,Upregulated
3976,47132.3336770831,Unchanged
3977,0,Unchanged
3978,79273.9114484579,Unchanged
3979,0.164330900639007,Downregulated
3980,6009722.13337711,Unchanged
3981,0.269465933011246,Downregulated
3982,0.157236371514954,Downregulated
3983,3637610.26515149,Unchanged
3984,805878.631673331,Unchanged
3985,1726741.24478144,Unchanged
3986,382024.626036942,Unchanged
3987,7240.91037342131,Upregulated
3988,0.00956555545987945,Unchanged
3989,4081565.30530749,Unchanged
3990,724091.040158557,Unchanged
3991,6634.93642665611,Upregulated
3992,524044.045643923,Unchanged
3993,5814283.80353747,Unchanged
3994,0,Unchanged
3995,0,Unchanged
3996,0,Unchanged
3997,0,Unchanged
3998,0,Unchanged
3999,0,Unchanged
4000,0,Unchanged
4001,31522.6080315263,Unchanged
4002,0,Unchanged
4003,0,Unchanged
4004,0,Unchanged
4005,0,Unchanged
4006,0,Unchanged
4007,0,Unchanged
4008,0,Unchanged
4009,0,Unchanged
4010,0,Unchanged
4011,0,Unchanged
4012,1774635.88859611,Unchanged
4013,1662403.83397745,Unchanged
4014,1738667.01249988,Unchanged
4015,257572.370147604,Unchanged
4016,20485.5840698023,Unchanged
4017,33248.076679549,Unchanged
4018,17386.6701249988,Upregulated
4019,1553920.41787456,Unchanged
4020,38787.0432826338,Unchanged
4021,523265.412136651,Unchanged
4022,504138.230872694,Unchanged
4023,1.97663553355329e-10,Unchanged
4024,156104.171377835,Unchanged
4025,0.351856209472791,Downregulated
4026,0,Unchanged
4027,199292.748821084,Unchanged
4028,1306.27818031883,Upregulated
4029,782286.468660029,Unchanged
4030,0,Unchanged
4031,4434616.50915393,Unchanged
4032,0,Unchanged
4033,2238404.02942699,Unchanged
4034,0,Unchanged
4035,3675618.54401476,Unchanged
4036,4169288.80054859,Unchanged
4037,4169288.80058487,Unchanged
4038,5365060.16783041,Unchanged
4039,0.46220550229353,Downregulated
4040,0,Unchanged
4041,4686075.17293746,Unchanged
4042,12574888.3927244,Unchanged
4043,9901207.27530318,Unchanged
4044,58597.5027408479,Unchanged
4045,0.310749156879336,Downregulated
4046,0,Unchanged
4047,0,Unchanged
4048,0,Unchanged
4049,0,Unchanged
4050,4748081.7990028,Unchanged
4051,19159842.1476412,Unchanged
4052,6597643.91506114,Unchanged
4053,11952327.6333204,Unchanged
4054,12574888.3271752,Unchanged
4055,10878728.8994021,Unchanged
4056,1872666.83073675,Unchanged
4057,0,Unchanged
4058,9162148.39355452,Unchanged
4059,8645929.99839132,Unchanged
4060,9162148.36257604,Unchanged
4061,6444464.1917981,Unchanged
4062,4617809.91019255,Unchanged
4063,12785311.6688633,Unchanged
4064,178939.739059999,Unchanged
4065,0,Unchanged
4066,0,Unchanged
4067,0,Unchanged
4068,3854046.72801305,Unchanged
4069,160596.986395935,Unchanged
4070,52431.6526499608,Unchanged
4071,243935.7554484,Unchanged
4072,829533.429442085,Unchanged
4073,93988.4083016718,Unchanged
4074,46522.7085008888,Unchanged
4075,2.5902773304692,Upregulated
4076,2860963.38203323,Unchanged
4077,1178221.94734736,Unchanged
4078,0,Unchanged
4079,5456731.05152595,Unchanged
4080,1662021.85067028,Unchanged
4081,35998.0821861287,Unchanged
4082,1424917.25134036,Unchanged
4083,603239.150436959,Unchanged
4084,406587.34445381,Unchanged
4085,406587.343986793,Unchanged
4086,1264561.38545296,Unchanged
4087,18742212.4981993,Unchanged
4088,1032801.7670762,Unchanged
4089,122018.796983823,Unchanged
4090,0.00263387327095897,Unchanged
4091,0,Unchanged
4092,450014.263731974,Unchanged
4093,0,Unchanged
4094,0,Unchanged
4095,6735604.6828106,Unchanged
4096,2488708.8610622,Unchanged
4097,2488708.83995938,Unchanged
4098,36753315.6193436,Unchanged
4099,200988.600645645,Unchanged
4100,2136609.15338282,Unchanged
4101,6575655.75080806,Unchanged
4102,33308910.7680136,Unchanged
4103,14271418.5083906,Unchanged
4104,1572052.23745725,Unchanged
4105,1572052.23802633,Unchanged
4106,18376657.8657218,Unchanged
4107,2115987.29941157,Unchanged
4108,486578.084629609,Unchanged
4109,3067548.04034724,Unchanged
4110,486578.0846369,Unchanged
4111,40413628.0968636,Unchanged
4112,1.69760061403705e-09,Unchanged
4113,33942232.7060832,Unchanged
4114,5743602.31125187,Unchanged
4115,2173247.156276,Unchanged
4116,2947412.51889284,Unchanged
4117,33942232.7047762,Unchanged
4118,33357059.4628916,Unchanged
4119,4254705.18874376,Unchanged
4120,2173247.156276,Unchanged
4121,40413628.0968636,Unchanged
4122,0,Unchanged
4123,4331766.43410829,Unchanged
4124,0,Unchanged
4125,0,Unchanged
4126,133381.194532297,Unchanged
4127,219061.600734892,Unchanged
4128,0,Unchanged
4129,1.18724497937088,Unchanged
4130,71045.8791577933,Unchanged
4131,0.0120399505699084,Downregulated
4132,0,Unchanged
4133,0.240515654379921,Downregulated
4134,0.825391360194084,Unchanged
4135,0,Unchanged
4136,0,Unchanged
4137,0,Unchanged
4138,1223266.7087379,Unchanged
4139,46685.7684599757,Unchanged
4140,357596.053533615,Unchanged
4141,0,Unchanged
4142,0,Unchanged
4143,2.49796279787552,Upregulated
4144,2.77630209397668,Upregulated
4145,0,Unchanged
4146,26309.3908370021,Unchanged
4147,255485.249070156,Unchanged
4148,1226188.7126466,Unchanged
4149,3902464.15518408,Unchanged
4150,534276.030338801,Unchanged
4151,344085.533148465,Unchanged
4152,5285168.12001016,Unchanged
4153,161531.99461132,Unchanged
4154,260810.818582528,Unchanged
4155,0,Unchanged
4156,0.0805324353931401,Downregulated
4157,977313.618094715,Unchanged
4158,4483315.14360158,Unchanged
4159,2144811.79328584,Unchanged
4160,1180726.64227603,Unchanged
4161,9496163.5980056,Unchanged
4162,4748081.80249247,Unchanged
4163,6030143.96759946,Unchanged
4164,2242061.26054587,Unchanged
4165,1537987.83479499,Unchanged
4166,0.745098499067316,Unchanged
4167,0,Unchanged
4168,0.472203587664797,Downregulated
4169,0.116143525313411,Downregulated
4170,3771846.61776923,Unchanged
4171,460321.321167979,Unchanged
4172,339378.210201158,Unchanged
4173,64128.2568054859,Unchanged
4174,64128.2567264241,Unchanged
4175,419642.561110716,Unchanged
4176,123009.628675777,Unchanged
4177,248818.887155479,Unchanged
4178,111991.866241045,Unchanged
4179,3919025.69695612,Unchanged
4180,2755918.33794557,Unchanged
4181,0,Unchanged
4182,0,Unchanged
4183,0,Unchanged
4184,2349199.17099102,Unchanged
4185,0,Unchanged
4186,1108269.21949671,Unchanged
4187,0,Unchanged
4188,0,Unchanged
4189,0,Unchanged
4190,983017.17535317,Unchanged
4191,6030143.96759946,Unchanged
4192,4467678.30667937,Unchanged
4193,9496163.60498493,Unchanged
4194,9496163.60498493,Unchanged
4195,60301.4396759946,Unchanged
4196,0,Unchanged
4197,0,Unchanged
4198,57223.7757366742,Unchanged
4199,32878.2787540403,Unchanged
4200,32878.2787540403,Unchanged
4201,32878.2787540403,Unchanged
4202,121498465.254938,Unchanged
4203,0,Unchanged
4204,7900849.67487583,Unchanged
4205,2930339.75736073,Unchanged
4206,226.528848621725,Upregulated
4207,120795.738585052,Unchanged
4208,0.0232287050625893,Downregulated
4209,132381.030676699,Unchanged
4210,0,Unchanged
4211,0.0763687173554611,Downregulated
4212,5812.5527312547,Upregulated
4213,0,Unchanged
4214,0,Unchanged
4215,15422.2658102818,Upregulated
4216,88523.2165710577,Unchanged
4217,0,Unchanged
4218,7638613.07022003,Unchanged
4219,0,Unchanged
4220,0,Unchanged
4221,0,Unchanged
4222,315842.079028641,Unchanged
4223,164784.865050552,Unchanged
4224,158660.25917851,Unchanged
4225,40413628.0968636,Unchanged
4226,53541502.7841127,Unchanged
4227,40413628.0968636,Unchanged
4228,80827256.1937273,Unchanged
4229,40413628.0968636,Unchanged
4230,40413628.0968636,Unchanged
4231,40413628.0968636,Unchanged
4232,40413628.0968636,Unchanged
4233,0,Unchanged
4234,1310567.21987997,Unchanged
4235,8838626.53185581,Unchanged
4236,0,Unchanged
4237,0.990000117485226,Unchanged
4238,40413628.0968636,Unchanged
4239,40413628.0968636,Unchanged
4240,40413628.0968636,Unchanged
4241,219401.193542693,Unchanged
4242,0.103856275043593,Downregulated
4243,2100161.92859887,Unchanged
4244,0,Unchanged
4245,0,Unchanged
4246,0,Unchanged
4247,19083460.1776821,Unchanged
4248,19083460.1778009,Unchanged
4249,7864293.54244766,Unchanged
4250,0,Unchanged
4251,0,Unchanged
4252,3.56790401892657,Upregulated
4253,0,Unchanged
4254,0,Unchanged
4255,0,Unchanged
4256,0,Unchanged
4257,0.956315363303427,Unchanged
4258,0,Unchanged
4259,0,Unchanged
4260,0.348380594761129,Downregulated
4261,0,Unchanged
4262,0,Unchanged
4263,82157.9435115236,Unchanged
4264,8.95143028085312,Upregulated
4265,15243190.5572646,Unchanged
4266,38319684.2952824,Unchanged
4267,6576188.97401184,Unchanged
4268,20745982.8416095,Unchanged
4269,20745982.8416095,Unchanged
4270,11570897.5246696,Unchanged
4271,1137512.020635,Unchanged
4272,1.1262636178458,Unchanged
4273,450653.305583982,Unchanged
4274,0,Unchanged
4275,0,Unchanged
4276,6998887.13664166,Unchanged
4277,0,Unchanged
4278,179165.638574729,Unchanged
4279,98071.4763777834,Unchanged
4280,0,Unchanged
4281,0.0580062033639365,Downregulated
4282,0,Unchanged
4283,0,Unchanged
4284,0,Unchanged
4285,0,Unchanged
4286,404136.280968636,Unchanged
4287,14932253.1495301,Unchanged
4288,569246.057864541,Unchanged
4289,20098860.1663907,Unchanged
4290,145707.532402387,Unchanged
4291,4707725.34793539,Unchanged
4292,4707725.36641442,Unchanged
4293,0,Unchanged
4294,0,Unchanged
4295,9838.47813659727,Upregulated
4296,0,Unchanged
4297,0,Unchanged
4298,0,Unchanged
4299,0,Unchanged
4300,0,Unchanged
4301,0,Unchanged
4302,0,Unchanged
4303,0,Unchanged
4304,484347.635839004,Unchanged
4305,15690299.7815825,Unchanged
4306,5388375.10477761,Unchanged
4307,170800.544737284,Unchanged
4308,16685633.641163,Unchanged
4309,2454954.50878227,Unchanged
4310,869356.506454032,Unchanged
4311,1180726.64227329,Unchanged
4312,14.2170574805481,Upregulated
4313,28.4438279728464,Upregulated
4314,0.472203587662366,Downregulated
4315,1795079.54669445,Unchanged
4316,8388344.25915056,Unchanged
4317,0,Unchanged
4318,2064012.10793202,Unchanged
4319,27199834.9665549,Unchanged
4320,12309507.0191667,Unchanged
4321,0,Unchanged
4322,24482235.0465977,Unchanged
4323,557411.469881705,Unchanged
4324,554134.61135418,Unchanged
4325,8012.46987828063,Upregulated
4326,8400.46841029264,Upregulated
4327,0,Unchanged
4328,10097345.6131534,Unchanged
4329,993793.330461899,Unchanged
4330,444921.857533205,Unchanged
4331,88995.8993958834,Unchanged
4332,2891915.97205073,Unchanged
4333,394563.633507369,Unchanged
4334,0.473179324012737,Downregulated
4335,329362.348500796,Unchanged
4336,0.47220358766457,Downregulated
4337,0,Unchanged
4338,0.563233452222634,Unchanged
4339,0,Unchanged
4340,2906296.68839073,Unchanged
4341,112479.320056786,Unchanged
4342,1184532.39214182,Unchanged
4343,559340.445405211,Unchanged
4344,24026.4605527035,Unchanged
4345,24024.0990445994,Unchanged
4346,0,Unchanged
4347,2454954.511331,Unchanged
4348,2369064.78428365,Unchanged
4349,0,Unchanged
4350,237778.251894173,Unchanged
4351,0,Unchanged
4352,0,Unchanged
4353,0.254814099476242,Downregulated
4354,1428707.28237522,Unchanged
4355,0,Unchanged
4356,0,Unchanged
4357,0,Unchanged
4358,5556948.50013164,Unchanged
4359,447200.18882278,Unchanged
4360,7051063.47690291,Unchanged
4361,1618067.30207331,Unchanged
4362,10838378.5527811,Unchanged
4363,707242.873929254,Unchanged
4364,40519319.8811349,Unchanged
4365,2673845.7933317,Unchanged
4366,29864506.2990602,Unchanged
4367,33308910.7680136,Unchanged
4368,179783.588490351,Unchanged
4369,179783.589223299,Unchanged
4370,221254.052336421,Unchanged
4371,221254.051661582,Unchanged
4372,511647.167554938,Unchanged
4373,466870.490387892,Unchanged
4374,346856.904721598,Unchanged
4375,406666.771482118,Unchanged
4376,230683.553054595,Unchanged
4377,41491965.6748081,Unchanged
4378,1567900.48609979,Unchanged
4379,14932252.8936083,Unchanged
4380,29864506.1696796,Unchanged
4381,695409.923504059,Unchanged
4382,18376657.6334851,Unchanged
4383,1991549.47054128,Unchanged
4384,40197720.3327814,Unchanged
4385,0.0990876801722525,Downregulated
4386,0,Unchanged
4387,0,Unchanged
4388,0,Unchanged
4389,545838.168204635,Unchanged
4390,725047.206009865,Unchanged
4391,110895.341727866,Unchanged
4392,1618067.30135774,Unchanged
4393,554134.609375625,Unchanged
4394,0,Unchanged
4395,0,Unchanged
4396,0,Unchanged
4397,1032006.04797252,Unchanged
4398,0,Unchanged
4399,554134.609204419,Unchanged
4400,1662403.82851197,Unchanged
4401,461261.249878283,Unchanged
4402,3324807.65702393,Unchanged
4403,0,Unchanged
4404,1.06328579390845,Unchanged
4405,0,Unchanged
4406,2064012.08855912,Unchanged
4407,1057427.10861825,Unchanged
4408,4.23023567175357,Upregulated
4409,1.32780289755788,Unchanged
4410,3273965.55365542,Unchanged
4411,3.99997942841914,Upregulated
4412,3.95074964321526,Upregulated
4413,2609850.26418639,Unchanged
4414,128873.369871518,Unchanged
4415,545838.165393277,Unchanged
4416,545838.1648852,Unchanged
4417,2609850.26418639,Unchanged
4418,1656330.67404375,Unchanged
4419,35732667.648174,Unchanged
4420,3.95074964321512,Upregulated
4421,1057427.10861825,Unchanged
4422,2099400.4500046,Unchanged
4423,1006296.32872198,Unchanged
4424,2784718.82369301,Unchanged
4425,275285629.677871,Unchanged
4426,275285629.240539,Unchanged
4427,275285627.906475,Unchanged
4428,28.4435798242623,Upregulated
4429,5505712.57431481,Unchanged
4430,0,Unchanged
4431,0,Unchanged
4432,0.813256014201949,Unchanged
4433,0,Unchanged
4434,528713.55658138,Unchanged
4435,0.00557339316014819,Unchanged
4436,5725.78603763079,Upregulated
4437,11.5474217664798,Upregulated
4438,4372.41889276902,Upregulated
4439,0,Unchanged
4440,0.01,Downregulated
4441,6003865.52659455,Unchanged
4442,7.16367333097878e-09,Unchanged
4443,5667548.76886898,Unchanged
4444,5465771.67723467,Unchanged
4445,690128.106310124,Unchanged
4446,1013336.71820891,Unchanged
4447,959273.778171641,Unchanged
4448,443443.116363598,Unchanged
4449,12683652.0049442,Unchanged
4450,81986.5758271776,Unchanged
4451,0.44921194151863,Downregulated
4452,60870.7989310836,Unchanged
4453,60870.7988182167,Unchanged
4454,0,Unchanged
4455,208880.628873101,Unchanged
4456,0,Unchanged
4457,554134.616381115,Unchanged
4458,2724253.13342058,Unchanged
4459,1159834.22639343,Unchanged
4460,1032006.0471855,Unchanged
4461,2540.21920191451,Upregulated
4462,0,Unchanged
4463,0,Unchanged
4464,172001.098363349,Unchanged
4465,354213.076182104,Unchanged
4466,0.0156343832626397,Downregulated
4467,5810402.42930806,Unchanged
4468,0,Unchanged
4469,11659761.418152,Unchanged
4470,554134.612034911,Unchanged
4471,90333.4720237257,Unchanged
4472,1108269.22410473,Unchanged
4473,143138.6365854,Unchanged
4474,1108269.22354618,Unchanged
4475,129702.784984254,Unchanged
4476,0,Unchanged
4477,0,Unchanged
4478,0,Unchanged
4479,856076.944234097,Unchanged
4480,9.20674012533905,Upregulated
4481,926960622.820334,Unchanged
4482,0.011996336726644,Downregulated
4483,0.0119963367266654,Downregulated
4484,0.0119963367266654,Downregulated
4485,304.959573904688,Upregulated
4486,0,Unchanged
4487,313502.456202663,Unchanged
4488,901306.606891108,Unchanged
4489,6671.7533196924,Upregulated
4490,76558.9012018707,Unchanged
4491,6671.75332221424,Upregulated
4492,548593.328235098,Unchanged
4493,71494.6966257107,Unchanged
4494,0.00626122456459793,Unchanged
4495,1108269.22041831,Unchanged
4496,0.0483411499605746,Downregulated
4497,630397.785794625,Unchanged
4498,548593.328602301,Unchanged
4499,1662403.83668074,Unchanged
4500,71979.10107932,Unchanged
4501,465401.568595989,Unchanged
4502,632226.961536168,Unchanged
4503,160117.796147643,Unchanged
4504,677109.962488758,Unchanged
4505,69967.0408226774,Unchanged
4506,0,Unchanged
4507,78921.5711357183,Unchanged
4508,0,Unchanged
4509,6,Upregulated
4510,1108269.22326691,Unchanged
4511,1662403.82602094,Unchanged
4512,18886083.8696199,Unchanged
4513,83719.2286580401,Unchanged
4514,12071.8637665504,Upregulated
4515,0,Unchanged
4516,0,Unchanged
4517,0.813256014206423,Unchanged
4518,0,Unchanged
4519,0,Unchanged
4520,254368.045039514,Unchanged
4521,3743186.189483,Unchanged
4522,27856.1925480668,Unchanged
4523,31874.7952655617,Unchanged
4524,2453691.16728915,Unchanged
4525,0.0299988197158593,Downregulated
4526,69603.9658494817,Unchanged
4527,0,Unchanged
4528,40703.7872127644,Unchanged
4529,0,Unchanged
4530,0.472203587729508,Downregulated
4531,1240230.7040812,Unchanged
4532,261669.762325604,Unchanged
4533,1240230.70391083,Unchanged
4534,0,Unchanged
4535,0,Unchanged
4536,0,Unchanged
4537,0,Unchanged
4538,376019.697821899,Unchanged
4539,487316.961557096,Unchanged
4540,487316.954210425,Unchanged
4541,3953252.0128819,Unchanged
4542,2500498.53002996,Unchanged
4543,1431490.26507463,Unchanged
4544,0,Unchanged
4545,1371846.44187128,Unchanged
4546,84602.6567870531,Unchanged
4547,0,Unchanged
4548,0,Unchanged
4549,0.4722035876601,Downregulated
4550,0,Unchanged
4551,0.346238809203801,Downregulated
4552,0,Unchanged
4553,0.142423103875872,Downregulated
4554,4101.30859871615,Upregulated
4555,47193.8892491895,Unchanged
4556,29416.0050965925,Unchanged
4557,2454954.50875985,Unchanged
4558,293984.740048591,Unchanged
4559,0,Unchanged
4560,0,Unchanged
4561,6781076.00531299,Unchanged
4562,9434498.72520186,Unchanged
4563,2726256.03441868,Unchanged
4564,0,Unchanged
4565,16654455.3840068,Unchanged
4566,14303243.2963206,Unchanged
4567,4523072.65293229,Unchanged
4568,5793018.83399978,Unchanged
4569,7573824.70073548,Unchanged
4570,2769375.0221029,Unchanged
4571,10854123.7612627,Unchanged
4572,6753458.92253971,Unchanged
4573,23221555.5794691,Unchanged
4574,24775845.7669783,Unchanged
4575,5755834.34094612,Unchanged
4576,404136.280158678,Unchanged
4577,5755834.34089311,Unchanged
4578,14932253.0343509,Unchanged
4579,149322.531663732,Unchanged
4580,200988.599638686,Unchanged
4581,200988.599638686,Unchanged
4582,6597366.860007,Unchanged
4583,16654455.3840068,Unchanged
4584,6175117.2899136,Unchanged
4585,11735162.005403,Unchanged
4586,13088629.6939638,Unchanged
4587,40197720.1580761,Unchanged
4588,40197719.9743745,Unchanged
4589,41491965.683219,Unchanged
4590,207459.828416095,Unchanged
4591,10003787.3557509,Unchanged
4592,541987.764190961,Unchanged
4593,15581856.8578196,Unchanged
4594,316936.386741135,Unchanged
4595,1916771.57049688,Unchanged
4596,20098859.9638686,Unchanged
4597,1928982.82498524,Unchanged
4598,612655.119454695,Unchanged
4599,5193952.28594236,Unchanged
4600,3550664.04325636,Unchanged
4601,10955542.0132771,Unchanged
4602,3550664.04266556,Unchanged
4603,3193307.01016406,Unchanged
4604,3193307.00320833,Unchanged
4605,3457663.80778835,Unchanged
4606,3457663.7996333,Unchanged
4607,6735604.6693113,Unchanged
4608,6735604.6693113,Unchanged
4609,2488708.84010475,Unchanged
4610,2488708.84855442,Unchanged
4611,3062776.30938358,Unchanged
4612,3062776.30298487,Unchanged
4613,3349810.01317301,Unchanged
4614,3724680.97164023,Unchanged
4615,52151.8603026267,Unchanged
4616,1311638.21084772,Unchanged
4617,3349810.00520626,Unchanged
4618,1326634.98418548,Unchanged
4619,1162376.46593074,Unchanged
4620,584435.254340763,Unchanged
4621,1108269.22389528,Unchanged
4622,59395.3528073396,Unchanged
4623,159679.548998432,Unchanged
4624,298.835252303204,Upregulated
4625,0,Unchanged
4626,0,Unchanged
4627,158932.430504678,Unchanged
4628,78347.0494565439,Unchanged
4629,0,Unchanged
4630,0.0254565266841677,Downregulated
4631,0.0254565266841677,Downregulated
4632,0.0254565266841677,Downregulated
4633,0,Unchanged
4634,0,Unchanged
4635,5309367.66023421,Unchanged
4636,0,Unchanged
4637,0.816019654825032,Unchanged
4638,22230110.2445016,Unchanged
4639,415610.839035294,Unchanged
4640,487743.032895869,Unchanged
4641,528120.665790308,Unchanged
4642,0,Unchanged
4643,0,Unchanged
4644,12871.8294068244,Upregulated
4645,102260.320633792,Unchanged
4646,803811.880830034,Unchanged
4647,100777.545465517,Unchanged
4648,0.0580062033639365,Downregulated
4649,0,Unchanged
4650,126763.591364243,Unchanged
4651,14106.3425354947,Upregulated
4652,538478.446332359,Unchanged
4653,6483505.04244186,Unchanged
4654,0,Unchanged
4655,20969.575283031,Unchanged
4656,0,Unchanged
4657,119363.741701381,Unchanged
4658,8063659.06629044,Unchanged
4659,275285628.540808,Unchanged
4660,26882216.4975623,Unchanged
4661,817535.758534419,Unchanged
4662,592013.459821168,Unchanged
4663,1083563.28086139,Unchanged
4664,0.0949567279062398,Downregulated
4665,0,Unchanged
4666,0,Unchanged
4667,0,Unchanged
4668,0,Unchanged
4669,0,Unchanged
4670,0,Unchanged
4671,0,Unchanged
4672,97656.4055129893,Unchanged
4673,24723328.496074,Unchanged
4674,0,Unchanged
4675,0,Unchanged
4676,0,Unchanged
4677,0,Unchanged
4678,0,Unchanged
4679,0,Unchanged
4680,0,Unchanged
4681,0,Unchanged
4682,0,Unchanged
4683,0,Unchanged
4684,0,Unchanged
4685,107852.791612632,Unchanged
4686,961.983786344832,Upregulated
4687,0.0128826786887184,Downregulated
4688,0.0128826786887184,Downregulated
4689,0.0128826786887184,Downregulated
4690,0.0128826786887184,Downregulated
4691,0.0128826786887184,Downregulated
4692,0.0128826786887184,Downregulated
4693,0.0128826786887184,Downregulated
4694,0,Unchanged
4695,201.868304230133,Upregulated
4696,201.86799170937,Upregulated
4697,0,Unchanged
4698,13354.3165668148,Upregulated
4699,83937318.0074179,Unchanged
4700,30374616.3137346,Unchanged
4701,0.667798070292391,Unchanged
4702,875732.367767228,Unchanged
4703,5200278.59045539,Unchanged
4704,0,Unchanged
4705,0,Unchanged
4706,0,Unchanged
4707,463512.451233111,Unchanged
4708,24723328.6099504,Unchanged
4709,20413290.5120331,Unchanged
4710,2064012.10405744,Unchanged
4711,5860962.4545795,Unchanged
4712,87457111.6660498,Unchanged
4713,1266931.01967839,Unchanged
4714,144831.07312085,Unchanged
4715,126867.504651327,Unchanged
4716,0,Unchanged
4717,574311.334739338,Unchanged
4718,111715.551809425,Unchanged
4719,8085.50988449846,Upregulated
4720,0,Unchanged
4721,438660.688225272,Unchanged
4722,1465240.58630817,Unchanged
4723,144262.253202158,Unchanged
4724,676390.396387246,Unchanged
4725,0,Unchanged
4726,184235.679839633,Unchanged
4727,0,Unchanged
4728,0,Unchanged
4729,0,Unchanged
4730,0,Unchanged
4731,0,Unchanged
4732,0,Unchanged
4733,0,Unchanged
4734,0,Unchanged
4735,0,Unchanged
4736,0,Unchanged
4737,0,Unchanged
4738,0,Unchanged
4739,0,Unchanged
4740,0.40697351105131,Downregulated
4741,0,Unchanged
4742,0.472203587739347,Downregulated
4743,712796.410059235,Unchanged
4744,0,Unchanged
4745,10473339.0224686,Unchanged
4746,0,Unchanged
4747,2.07708471815247,Upregulated
4748,0,Unchanged
4749,84740.0329636051,Unchanged
4750,13097671.9508181,Unchanged
4751,11335097.537738,Unchanged
4752,27075997.4046624,Unchanged
4753,8718011.7608308,Unchanged
4754,4404536.40161448,Unchanged
4755,18246066.9892638,Unchanged
4756,179783.587822319,Unchanged
4757,152526.348742868,Unchanged
4758,0,Unchanged
4759,0.346238745854401,Downregulated
4760,436976.420290018,Unchanged
4761,0,Unchanged
4762,2305657.43349576,Unchanged
4763,127163.886195525,Unchanged
4764,873132.761727987,Unchanged
4765,0,Unchanged
4766,230554.370402806,Unchanged
4767,5.75064791955375,Upregulated
4768,1696973.56666444,Unchanged
4769,873132.761727987,Unchanged
4770,1299420.35947376,Unchanged
4771,8655614.31477005,Unchanged
4772,82386.5908239528,Unchanged
4773,1049459.59925977,Unchanged
4774,0,Unchanged
4775,0,Unchanged
4776,0,Unchanged
4777,1.08605474678358,Unchanged
4778,11487125.6047746,Unchanged
4779,0,Unchanged
4780,0,Unchanged
4781,946831.765620905,Unchanged
4782,1598235.40780582,Unchanged
4783,13622.4936426791,Upregulated
4784,33728.7428955538,Unchanged
4785,38816.4686917118,Unchanged
4786,0,Unchanged
4787,13295.002320844,Upregulated
4788,13295.0022806781,Upregulated
4789,7138.73813055338,Upregulated
4790,694.942935252215,Upregulated
4791,0,Unchanged
4792,136735.284918412,Unchanged
4793,0,Unchanged
4794,2114854.21189749,Unchanged
4795,2114854.21609243,Unchanged
4796,0.0128826786887184,Downregulated
4797,38816.4686917118,Unchanged
4798,1149.01385879908,Upregulated
4799,89190.601537814,Unchanged
4800,17.301502748387,Upregulated
4801,0.115318400112689,Downregulated
4802,0.0128826786887184,Downregulated
4803,121651.67509025,Unchanged
4804,6924.40005014858,Upregulated
4805,19504.2168074987,Upregulated
4806,1114822.93886266,Unchanged
4807,6063021.59219256,Unchanged
4808,209420.644614419,Unchanged
4809,0,Unchanged
4810,1.97537481899126,Unchanged
4811,3013074.34809379,Unchanged
4812,19.525295972804,Upregulated
4813,16743845.6906774,Unchanged
4814,3.57421566990626,Upregulated
4815,0,Unchanged
4816,0,Unchanged
4817,0.0254565266841677,Downregulated
4818,53462.8281942482,Unchanged
4819,0,Unchanged
4820,0.0232287050625893,Downregulated
4821,644468.082566264,Unchanged
4822,450653.30490676,Unchanged
4823,0,Unchanged
4824,0.156731231580967,Downregulated
4825,25329.3595539336,Unchanged
4826,516003.023411127,Unchanged
4827,723480.001109101,Unchanged
4828,294437.194858487,Unchanged
4829,450653.305362515,Unchanged
4830,0,Unchanged
4831,1032006.05323953,Unchanged
4832,2064012.10647906,Unchanged
4833,0.505054419255434,Unchanged
4834,0,Unchanged
4835,0,Unchanged
4836,5448080.36199985,Unchanged
4837,872366.696098096,Unchanged
4838,817715.831529745,Unchanged
4839,1.99999862892571,Unchanged
4840,117774.917994998,Unchanged
4841,0,Unchanged
4842,1108269.22703384,Unchanged
4843,18886083.8696199,Unchanged
4844,4911321.61479924,Unchanged
4845,0,Unchanged
4846,5888179.47714103,Unchanged
4847,0,Unchanged
4848,11659761.4490634,Unchanged
4849,2716.08243802687,Upregulated
4850,33070.0964313268,Unchanged
4851,445.766526130727,Upregulated
4852,0,Unchanged
4853,0,Unchanged
4854,104035.716229508,Unchanged
4855,2745251.99455624,Unchanged
4856,0,Unchanged
4857,660276.079908298,Unchanged
4858,0,Unchanged
4859,2712130.96125295,Unchanged
4860,32218.7927087919,Unchanged
4861,126329.942637089,Unchanged
4862,0.587558216705756,Unchanged
4863,0,Unchanged
4864,0,Unchanged
4865,0,Unchanged
4866,0,Unchanged
4867,0,Unchanged
4868,0.02,Downregulated
4869,0,Unchanged
4870,50943.0435961148,Unchanged
4871,0,Unchanged
4872,0.99999947503342,Unchanged
4873,19048.8217092475,Upregulated
4874,53943.9772315347,Unchanged
4875,50842.1161297802,Unchanged
4876,0,Unchanged
4877,0,Unchanged
4878,3934.19506417768,Upregulated
4879,620674.893823816,Unchanged
4880,151106.076633682,Unchanged
4881,0,Unchanged
4882,23987.7636653414,Unchanged
4883,7929.78843626845,Upregulated
4884,7.07117822119229,Upregulated
4885,0,Unchanged
4886,2269505.53480649,Unchanged
4887,0,Unchanged
4888,0,Unchanged
4889,1762337.04817944,Unchanged
4890,4167811.47189013,Unchanged
4891,29413.63807735,Unchanged
4892,50945.0606988386,Unchanged
4893,7683206.7135184,Unchanged
4894,153664.134270368,Unchanged
4895,112064.462572124,Unchanged
4896,112064.462572838,Unchanged
4897,112064.505732054,Unchanged
4898,0,Unchanged
4899,12896.8642226517,Upregulated
4900,53943.9775987486,Unchanged
4901,53943.9775987486,Unchanged
4902,1373.07044655537,Upregulated
4903,0,Unchanged
4904,143628.974791426,Unchanged
4905,78347.0498771335,Unchanged
4906,127635.651467229,Unchanged
4907,0,Unchanged
4908,0,Unchanged
4909,0,Unchanged
4910,0,Unchanged
4911,0,Unchanged
4912,0,Unchanged
4913,0.0254565266838587,Downregulated
4914,0,Unchanged
4915,7929.78843498893,Upregulated
4916,22822253.983497,Unchanged
4917,0,Unchanged
4918,20454.644439728,Unchanged
4919,150345.405407002,Unchanged
4920,0,Unchanged
4921,0,Unchanged
4922,101091.523670923,Unchanged
4923,11487125.6047746,Unchanged
4924,1954877.18290793,Unchanged
4925,0,Unchanged
4926,974633.917759335,Unchanged
4927,1636982.77299273,Unchanged
4928,29.8578394247238,Upregulated
4929,0,Unchanged
4930,4542133.62392526,Unchanged
4931,942815.444763981,Unchanged
4932,3251836.13331852,Unchanged
4933,0,Unchanged
4934,0,Unchanged
4935,1.27672341799919,Unchanged
4936,1049700.22328709,Unchanged
4937,0.472203587661225,Downregulated
4938,0,Unchanged
4939,0,Unchanged
4940,0,Unchanged
4941,260035.449615431,Unchanged
4942,24007.8296298789,Unchanged
4943,0.271315674071488,Downregulated
4944,0,Unchanged
4945,0,Unchanged
4946,0,Unchanged
4947,0.191158692324622,Downregulated
4948,0,Unchanged
4949,167519.518576236,Unchanged
4950,0,Unchanged
4951,5689.83652594106,Upregulated
4952,0,Unchanged
4953,2064012.09364451,Unchanged
4954,0,Unchanged
4955,523328.702535435,Unchanged
4956,457377.919553192,Unchanged
4957,0,Unchanged
4958,436395.595147285,Unchanged
4959,0.142219139864221,Downregulated
4960,21452608.1324766,Unchanged
4961,0,Unchanged
4962,0,Unchanged
4963,49855.7844667363,Unchanged
4964,841094.355212811,Unchanged
4965,0,Unchanged
4966,0,Unchanged
4967,95931.4536077636,Unchanged
4968,17355.6360606309,Upregulated
4969,2902.91407411834,Upregulated
4970,0,Unchanged
4971,242173.817692513,Unchanged
4972,126161.064373845,Unchanged
4973,839285.122720081,Unchanged
4974,27.9988656278297,Upregulated
4975,1032006.04651955,Unchanged
4976,1678570.24986364,Unchanged
4977,393898.626966343,Unchanged
4978,839285.12321331,Unchanged
4979,37438.1697617543,Unchanged
4980,159540.027296627,Unchanged
4981,487316.956896198,Unchanged
4982,27.9988656278297,Upregulated
4983,97156.1513368725,Unchanged
4984,102259.085182838,Unchanged
4985,484347.63479887,Unchanged
4986,487316.957182426,Unchanged
4987,487316.956731347,Unchanged
4988,4849937.1874828,Unchanged
4989,7.47756184574797,Upregulated
4990,22.7282933950823,Upregulated
4991,248213.609094384,Unchanged
4992,839285.124028935,Unchanged
4993,839285.125556205,Unchanged
4994,839285.123007313,Unchanged
4995,315819.003992919,Unchanged
4996,0,Unchanged
4997,11266811.3125146,Unchanged
4998,0.166965684798892,Downregulated
4999,0,Unchanged
5000,0,Unchanged
5001,8,Upregulated
5002,3324807.66885818,Unchanged
5003,35272.876087459,Unchanged
5004,0,Unchanged
5005,0,Unchanged
5006,0,Unchanged
5007,0,Unchanged
5008,0,Unchanged
5009,0.813256014206043,Unchanged
5010,0,Unchanged
5011,187499.728330973,Unchanged
5012,397857.022311242,Unchanged
5013,6248414.06811715,Unchanged
5014,3124207.03452693,Unchanged
5015,6193910.43765317,Unchanged
5016,709020.570125774,Unchanged
5017,1540033.26100459,Unchanged
5018,770016.628258007,Unchanged
5019,1540033.26776757,Unchanged
5020,1540033.25423432,Unchanged
5021,1540033.25050272,Unchanged
5022,20673.8284565009,Unchanged
5023,20673.8284543764,Unchanged
5024,450653.307120106,Unchanged
5025,380924.105599538,Unchanged
5026,0,Unchanged
5027,0,Unchanged
5028,262371.259667164,Unchanged
5029,36249.0539035779,Unchanged
5030,213375.004878011,Unchanged
5031,839285.124270239,Unchanged
5032,77884.0206309624,Unchanged
5033,57670.5149364672,Unchanged
5034,554134.611249452,Unchanged
5035,554134.61184291,Unchanged
5036,450653.303604003,Unchanged
5037,0,Unchanged
5038,0,Unchanged
5039,0,Unchanged
5040,0,Unchanged
5041,0,Unchanged
5042,0,Unchanged
5043,0,Unchanged
5044,0,Unchanged
5045,0,Unchanged
5046,0.5,Downregulated
5047,0,Unchanged
5048,0,Unchanged
5049,0,Unchanged
5050,0,Unchanged
5051,0,Unchanged
5052,0,Unchanged
5053,0,Unchanged
5054,0,Unchanged
5055,0,Unchanged
5056,0,Unchanged
5057,0,Unchanged
5058,0,Unchanged
5059,0,Unchanged
5060,0,Unchanged
5061,0,Unchanged
5062,0,Unchanged
5063,0,Unchanged
5064,0,Unchanged
5065,0,Unchanged
5066,0,Unchanged
5067,0,Unchanged
5068,0.5,Downregulated
5069,0,Unchanged
5070,0.5,Downregulated
5071,0,Unchanged
5072,0.5,Downregulated
5073,0,Unchanged
5074,0,Unchanged
5075,0,Unchanged
5076,0,Unchanged
5077,0,Unchanged
5078,0,Unchanged
5079,0,Unchanged
5080,0,Unchanged
5081,0,Unchanged
5082,0,Unchanged
5083,0,Unchanged
5084,0,Unchanged
5085,0,Unchanged
5086,0,Unchanged
5087,0,Unchanged
5088,0,Unchanged
5089,0,Unchanged
5090,0,Unchanged
5091,0,Unchanged
5092,0,Unchanged
5093,0,Unchanged
5094,0,Unchanged
5095,0,Unchanged
5096,0,Unchanged
5097,0,Unchanged
5098,0,Unchanged
5099,0,Unchanged
5100,0,Unchanged
5101,0,Unchanged
5102,0,Unchanged
5103,0,Unchanged
5104,0,Unchanged
5105,0,Unchanged
5106,0,Unchanged
5107,0,Unchanged
5108,0,Unchanged
5109,0,Unchanged
5110,0,Unchanged
5111,0,Unchanged
5112,0,Unchanged
5113,0,Unchanged
5114,0,Unchanged
5115,0,Unchanged
5116,0,Unchanged
5117,0,Unchanged
5118,0,Unchanged
5119,0,Unchanged
5120,0,Unchanged
5121,0,Unchanged
5122,0,Unchanged
5123,0,Unchanged
5124,0,Unchanged
5125,0,Unchanged
5126,0,Unchanged
5127,0,Unchanged
5128,0,Unchanged
5129,0,Unchanged
5130,0,Unchanged
5131,0,Unchanged
5132,0,Unchanged
5133,0,Unchanged
5134,0,Unchanged
5135,0,Unchanged
5136,0,Unchanged
5137,0,Unchanged
5138,0,Unchanged
5139,0,Unchanged
5140,0,Unchanged
5141,0,Unchanged
5142,0,Unchanged
5143,0,Unchanged
5144,0,Unchanged
5145,0,Unchanged
5146,0,Unchanged
5147,0,Unchanged
5148,0,Unchanged
5149,0.0620915444277645,Downregulated
5150,0.0620915444277645,Downregulated
5151,0.0580062033639365,Downregulated
5152,0,Unchanged
5153,0,Unchanged
5154,0,Unchanged
5155,0.843191311868975,Unchanged
5156,0.780629939210706,Unchanged
5157,0,Unchanged
5158,0,Unchanged
5159,0,Unchanged
5160,0.703673814307784,Unchanged
5161,0,Unchanged
5162,0,Unchanged
5163,0,Unchanged
5164,0,Unchanged
5165,0,Unchanged
5166,0,Unchanged
5167,0,Unchanged
5168,0,Unchanged
5169,0,Unchanged
5170,0,Unchanged
5171,0,Unchanged
5172,0,Unchanged
5173,0,Unchanged
5174,0,Unchanged
5175,0,Unchanged
5176,0,Unchanged
5177,0,Unchanged
5178,0,Unchanged
5179,0,Unchanged
5180,0,Unchanged
5181,0,Unchanged
5182,0,Unchanged
5183,0,Unchanged
5184,0,Unchanged
5185,0,Unchanged
5186,0,Unchanged
5187,0,Unchanged
5188,0,Unchanged
5189,0,Unchanged
5190,0,Unchanged
5191,0,Unchanged
5192,0,Unchanged
5193,0,Unchanged
5194,0,Unchanged
5195,0,Unchanged
5196,0,Unchanged
5197,0,Unchanged
5198,0,Unchanged
5199,0,Unchanged
5200,0,Unchanged
5201,0,Unchanged
5202,0,Unchanged
5203,0,Unchanged
5204,0,Unchanged
5205,0,Unchanged
5206,0,Unchanged
5207,6647.58537395846,Upregulated
5208,277067.305240724,Unchanged
5209,90387.3962318221,Unchanged
5210,61363.9330678654,Unchanged
5211,0,Unchanged
5212,443333.78556353,Unchanged
5213,0,Unchanged
5214,20454.6442709821,Unchanged
5215,277067.305746909,Unchanged
5216,0,Unchanged
5217,0,Unchanged
5218,0,Unchanged
5219,0,Unchanged
5220,0,Unchanged
5221,0,Unchanged
5222,0,Unchanged
5223,0,Unchanged
5224,0,Unchanged
5225,0,Unchanged
5226,0,Unchanged
5227,50842.1163227068,Unchanged
5228,50842.1161825301,Unchanged
5229,50842.1163570898,Unchanged
5230,50842.0895535278,Unchanged
5231,50842.0895276672,Unchanged
5232,50842.0890915624,Unchanged
5233,50842.0894675705,Unchanged
5234,50842.1163644366,Unchanged
5235,50842.1163947053,Unchanged
5236,50842.1160712998,Unchanged
5237,0.00221829683699122,Unchanged
5238,0.255819997908944,Downregulated
5239,0.239078851760535,Downregulated
5240,0.00718573391051631,Unchanged
5241,1.03721206966837,Unchanged
5242,0,Unchanged
5243,0,Unchanged
5244,1.37410422396092,Unchanged
5245,0,Unchanged
5246,0,Unchanged
5247,0,Unchanged
5248,0.0909542124403548,Downregulated
5249,0,Unchanged
5250,197762.23526781,Unchanged
5251,54907.9129166238,Unchanged
5252,20969.5753596512,Unchanged
5253,19802.8963377941,Upregulated
5254,20113.1187531562,Unchanged
5255,20969.5751930118,Unchanged
5256,20969.5753896131,Unchanged
5257,1108015.15197014,Unchanged
5258,952128.791651164,Unchanged
5259,1108269.22710693,Unchanged
5260,654044.037808651,Unchanged
5261,0,Unchanged
5262,0,Unchanged
5263,55.9962785916618,Upregulated
5264,51572.4625862284,Unchanged
5265,790923.105194082,Unchanged
5266,0,Unchanged
5267,554134.613309099,Unchanged
5268,1057427.10467756,Unchanged
5269,0,Unchanged
5270,0,Unchanged
5271,0,Unchanged
5272,0,Unchanged
5273,0,Unchanged
5274,0,Unchanged
5275,0,Unchanged
5276,0,Unchanged
5277,0,Unchanged
5278,0,Unchanged
5279,621184.182376784,Unchanged
5280,2143568303.10108,Unchanged
5281,0.788213661859849,Unchanged
5282,98637.1984079743,Unchanged
5283,2661718.68876723,Unchanged
5284,1448182.07931379,Unchanged
5285,411580.617351836,Unchanged
5286,341918.38672525,Unchanged
5287,0.06318579197845,Downregulated
5288,284925.682590907,Unchanged
5289,135944.098653271,Unchanged
5290,110794.75352146,Unchanged
5291,7450696.95605978,Unchanged
5292,53010.75325865,Unchanged
5293,2422716.73441796,Unchanged
5294,487316.957690194,Unchanged
5295,0,Unchanged
5296,963229.800600023,Unchanged
5297,0,Unchanged
5298,4523557.86306519,Unchanged
5299,0.5,Downregulated
5300,0,Unchanged
5301,84789.3484330425,Unchanged
5302,528713.549796394,Unchanged
5303,0,Unchanged
5304,0,Unchanged
5305,554134.609294533,Unchanged
5306,590269.858991278,Unchanged
5307,1904257.58333981,Unchanged
5308,87846.4906383119,Unchanged
5309,1421336.65940064,Unchanged
5310,524761.099373183,Unchanged
5311,1572273.2821365,Unchanged
5312,0,Unchanged
5313,221693.218858468,Unchanged
5314,1803523.63116461,Unchanged
5315,0,Unchanged
5316,198247.020210973,Unchanged
5317,1164546.0805789,Unchanged
5318,3550387.26231159,Unchanged
5319,625016.279425847,Unchanged
5320,366588.156696057,Unchanged
5321,1249623.15203121,Unchanged
5322,1904882.16638702,Unchanged
5323,0,Unchanged
5324,360097.802070966,Unchanged
5325,925620.59166527,Unchanged
5326,480149.872533645,Unchanged
5327,0,Unchanged
5328,249660.43719049,Unchanged
5329,220714.380715029,Unchanged
5330,672457.737513111,Unchanged
5331,511826.236077797,Unchanged
5332,899492.193040886,Unchanged
5333,0,Unchanged
5334,1904882.16638702,Unchanged
5335,22404.9736696312,Unchanged
5336,3809764.33277403,Unchanged
5337,412898.400193243,Unchanged
5338,1088760.93554496,Unchanged
5339,0,Unchanged
5340,0,Unchanged
5341,1.39777239804866,Unchanged
5342,0,Unchanged
5343,0,Unchanged
5344,152611830.026872,Unchanged
5345,2722320.61578715,Unchanged
5346,477630.133135656,Unchanged
5347,868376.059884155,Unchanged
5348,1144555.40617046,Unchanged
5349,0,Unchanged
5350,1240817.17517016,Unchanged
5351,195683.666465616,Unchanged
5352,0,Unchanged
5353,4569192.58888663,Unchanged
5354,11300867.2091353,Unchanged
5355,5803104.07271469,Unchanged
5356,13335215.0993746,Unchanged
5357,3341520.39979946,Unchanged
5358,0,Unchanged
5359,0,Unchanged
5360,2213262.65921366,Unchanged
5361,890414.681061367,Unchanged
5362,0,Unchanged
5363,0,Unchanged
5364,0,Unchanged
5365,1108269.21956653,Unchanged
5366,1190941.67795853,Unchanged
5367,0,Unchanged
5368,712796.413120614,Unchanged
5369,1694099.78540756,Unchanged
5370,71752525.1648676,Unchanged
5371,1206184.45191222,Unchanged
5372,228482.248484779,Unchanged
5373,1.89432750715272,Unchanged
5374,472845.169265083,Unchanged
5375,1227477.25358732,Unchanged
5376,12078722.0199103,Unchanged
5377,22895808.1194742,Unchanged
5378,7886109.9492868,Unchanged
5379,5263232.44082769,Unchanged
5380,9976079.92850025,Unchanged
5381,22895808.1297412,Unchanged
5382,2604244.2000543,Unchanged
5383,9976079.92852365,Unchanged
5384,343161.103292258,Unchanged
5385,13612567.8254416,Unchanged
5386,24172969.1160058,Unchanged
5387,5429393.19232065,Unchanged
5388,1197621.71595582,Unchanged
5389,7886109.94567477,Unchanged
5390,1783135.38502468,Unchanged
5391,2444105.83587582,Unchanged
5392,236557.785642972,Unchanged
5393,0,Unchanged
5394,0,Unchanged
5395,3045175.16366029,Unchanged
5396,3045175.16366029,Unchanged
5397,2329858.83528648,Unchanged
5398,0,Unchanged
5399,0,Unchanged
5400,0,Unchanged
5401,5615440.71311419,Unchanged
5402,0,Unchanged
5403,2739621.47564711,Unchanged
5404,14155274.165279,Unchanged
5405,16397315.1641619,Unchanged
5406,1156320.85206041,Unchanged
5407,0,Unchanged
5408,102259.085862251,Unchanged
5409,4336050.61685838,Unchanged
5410,10976.9427669958,Upregulated
5411,68757.3158666762,Unchanged
5412,261685.36107785,Unchanged
5413,1448182.07373055,Unchanged
5414,588871.390558337,Unchanged
5415,588871.390558337,Unchanged
5416,36994.3457805386,Unchanged
5417,51228.3065317465,Unchanged
5418,2082205.01718881,Unchanged
5419,225531.023075036,Unchanged
5420,641960.317996562,Unchanged
5421,2064012.09219154,Unchanged
5422,7742871.0071904,Unchanged
5423,2064012.09370505,Unchanged
5424,0.00719180275638064,Unchanged
5425,1153996.97925279,Unchanged
5426,1448182.07456505,Unchanged
5427,3831573.54371893,Unchanged
5428,846808.924118254,Unchanged
5429,181322.631650824,Unchanged
5430,582498.929068364,Unchanged
5431,418922.567986624,Unchanged
5432,1273991.36906356,Unchanged
5433,589863.845880648,Unchanged
5434,21740.8687478206,Unchanged
5435,519778.193650545,Unchanged
5436,1768089.2263495,Unchanged
5437,329461.584162893,Unchanged
5438,1163412.40592072,Unchanged
5439,1163412.40592288,Unchanged
5440,4306344.36026676,Unchanged
5441,14338455.3868171,Unchanged
5442,4424480.47674503,Unchanged
5443,12409723.8553809,Unchanged
5444,12399324.7770607,Unchanged
5445,660619.889534546,Unchanged
5446,1446422.25743608,Unchanged
5447,4281194.25808918,Unchanged
5448,1072345.78388899,Unchanged
5449,341918.384332375,Unchanged
5450,182516.390830345,Unchanged
5451,136715.405540585,Unchanged
5452,136715.405540585,Unchanged
5453,7232.11128718039,Upregulated
5454,8686523.64841318,Unchanged
5455,15726134.9184899,Unchanged
5456,19337250.0718637,Unchanged
5457,1032006.04427956,Unchanged
5458,1165100.84722167,Unchanged
5459,0,Unchanged
5460,1785142.51236333,Unchanged
5461,2356519.40614698,Unchanged
5462,5655771.75248077,Unchanged
5463,90786.4057757842,Unchanged
5464,0,Unchanged
5465,3372854.7779395,Unchanged
5466,9438823.39492435,Unchanged
5467,106676.316710935,Unchanged
5468,0,Unchanged
5469,240025.279452478,Unchanged
5470,0,Unchanged
5471,6574040.97016494,Unchanged
5472,0,Unchanged
5473,0.472203587664578,Downregulated
5474,2699325.81742263,Unchanged
5475,0,Unchanged
5476,2699325.8174444,Unchanged
5477,0,Unchanged
5478,0,Unchanged
5479,0,Unchanged
5480,0,Unchanged
5481,0,Unchanged
5482,0,Unchanged
5483,0,Unchanged
5484,1290478.49927223,Unchanged
5485,2797254.97915588,Unchanged
5486,8266370.65663864,Unchanged
5487,2580957.00604962,Unchanged
5488,0,Unchanged
5489,0,Unchanged
5490,0,Unchanged
5491,4133099.86137223,Unchanged
5492,1290505.18735753,Unchanged
5493,0,Unchanged
5494,2,Upregulated
5495,0,Unchanged
5496,0,Unchanged
5497,3863405.31273859,Unchanged
5498,0,Unchanged
5499,0,Unchanged
5500,2064012.08952777,Unchanged
5501,2064012.08952777,Unchanged
5502,2064012.08952777,Unchanged
5503,2064012.08952777,Unchanged
5504,0,Unchanged
5505,761387193416416,Unchanged
5506,0,Unchanged
5507,0,Unchanged
5508,0,Unchanged
5509,-1.66659586434837e+15,Unchanged
5510,0,Unchanged
5511,0,Unchanged
5512,586602.597394244,Unchanged
5513,4.99978759305775e+15,Unchanged
5514,0,Unchanged
5515,-4.398046511104e+15,Unchanged
5516,839285.125154247,Unchanged
5517,1032006.04791198,Unchanged
5518,2064012.09582396,Unchanged
5519,4.24150761270143e+15,Unchanged
5520,0,Unchanged
5521,0,Unchanged
5522,-486022173342881,Unchanged
5523,0,Unchanged
5524,0,Unchanged
5525,0,Unchanged
5526,-2.38449185058764e+15,Unchanged
5527,0,Unchanged
5528,0,Unchanged
5529,0,Unchanged
5530,0,Unchanged
5531,0,Unchanged
5532,0,Unchanged
5533,0,Unchanged
5534,0,Unchanged
5535,1592616.85174969,Unchanged
5536,0,Unchanged
5537,8.796093022208e+15,Unchanged
5538,0,Unchanged
5539,1.99997740731212,Unchanged
5540,1.99999940703068,Unchanged
5541,0,Unchanged
5542,0,Unchanged
5543,0,Unchanged
5544,1032234.41339732,Unchanged
5545,0,Unchanged
5546,2636698.02471255,Unchanged
5547,0,Unchanged
5548,2636698.02471255,Unchanged
5549,0,Unchanged
5550,0,Unchanged
5551,0,Unchanged
5552,0,Unchanged
5553,0,Unchanged
5554,2064012.08952777,Unchanged
5555,2064012.08952777,Unchanged
5556,2,Upregulated
5557,-1.7592186044416e+16,Unchanged
5558,-1.7592186044416e+16,Unchanged
5559,0,Unchanged
5560,34250339.1056609,Unchanged
5561,0,Unchanged
5562,-8.796093022208e+15,Unchanged
5563,0,Unchanged
5564,0,Unchanged
5565,0,Unchanged
5566,0,Unchanged
5567,-5.86406201480533e+15,Unchanged
5568,0,Unchanged
5569,3332500.43985527,Unchanged
5570,12645634.7437705,Unchanged
5571,1250032.56178284,Unchanged
5572,3809764.3476248,Unchanged
5573,3809764.33652423,Unchanged
5574,1250032.56279689,Unchanged
5575,1774775.05891544,Unchanged
5576,28759580.2244535,Unchanged
5577,1774775.05891544,Unchanged
5578,28759580.2244535,Unchanged
5579,1774775.05891544,Unchanged
5580,28759580.2244535,Unchanged
5581,1774775.05891544,Unchanged
5582,28759580.2244535,Unchanged
5583,322965.484132107,Unchanged
5584,34250338.8611595,Unchanged
5585,11577474.3825198,Unchanged
5586,15366413.4896739,Unchanged
5587,38674500.11679,Unchanged
5588,1250032.56039128,Unchanged
5589,1250032.56039128,Unchanged
5590,40552258.6417157,Unchanged
5591,1774775.05891544,Unchanged
5592,28759580.2244535,Unchanged
5593,887387.52945772,Unchanged
5594,14379790.1122267,Unchanged
5595,131326.809948721,Unchanged
5596,34250338.8611595,Unchanged
5597,0,Unchanged
5598,839285.12515397,Unchanged
5599,0,Unchanged
5600,5788737.19125992,Unchanged
5601,0,Unchanged
5602,54101.2231463568,Unchanged
5603,7160186.82019294,Unchanged
5604,0,Unchanged
5605,1774775.05891544,Unchanged
5606,3183631.31651011,Unchanged
5607,107877.532917519,Unchanged
5608,0,Unchanged
5609,34250338.8611595,Unchanged
5610,11577474.3215665,Unchanged
5611,0,Unchanged
5612,625016.280565735,Unchanged
5613,0,Unchanged
5614,14717988.4545853,Unchanged
5615,721673.253680722,Unchanged
5616,539554.420293534,Unchanged
5617,16489684.1148553,Unchanged
5618,590346.44241895,Unchanged
5619,590346.442324011,Unchanged
5620,4489058.58704822,Unchanged
5621,835991.07005962,Unchanged
5622,11694450.7916993,Unchanged
5623,5110857.29116307,Unchanged
5624,259109.333203268,Unchanged
5625,28759580.2244535,Unchanged
5626,66024.0991653864,Unchanged
5627,835991.070057046,Unchanged
5628,1365457.81703562,Unchanged
5629,167574.441162633,Unchanged
5630,22180021.2408015,Unchanged
5631,2064012.07844889,Unchanged
5632,322965.482629068,Unchanged
5633,15366413.4270368,Unchanged
5634,0,Unchanged
5635,34250338.8611595,Unchanged
5636,14035959.6020326,Unchanged
5637,11900439.8922241,Unchanged
5638,0,Unchanged
5639,1250032.56113147,Unchanged
5640,0,Unchanged
5641,160712.585288884,Unchanged
5642,539246.978582548,Unchanged
5643,6148401.97859096,Unchanged
5644,12321382.6913602,Unchanged
5645,624631.356857138,Unchanged
5646,8738299.81049073,Unchanged
5647,6148401.97886008,Unchanged
5648,12321382.6918995,Unchanged
5649,299654.834788179,Unchanged
5650,299654.834788179,Unchanged
5651,0,Unchanged
5652,14895522.1377441,Unchanged
5653,11289482.1964738,Unchanged
5654,15497354.7659296,Unchanged
5655,2458235.743442,Unchanged
5656,1052995.24967675,Unchanged
5657,40552258.6417157,Unchanged
5658,8228395.21977935,Unchanged
5659,19148922.0185621,Unchanged
5660,3524859.54058026,Unchanged
5661,16489684.1149437,Unchanged
5662,424895.578344033,Unchanged
5663,2240051.89920541,Unchanged
5664,7009285.18946789,Unchanged
5665,272122.062807506,Unchanged
5666,882047.368583478,Unchanged
5667,272122.062825,Unchanged
5668,4199543.78400153,Unchanged
5669,0,Unchanged
5670,0,Unchanged
5671,0,Unchanged
5672,0,Unchanged
5673,17473.2393840125,Upregulated
5674,603174.586230407,Unchanged
5675,306762.309961601,Unchanged
5676,3183631.31649781,Unchanged
5677,7590705.80568566,Unchanged
5678,196464.253426809,Unchanged
5679,9949812.35645587,Unchanged
5680,35751.6702687236,Unchanged
5681,7590705.80583235,Unchanged
5682,3791447.94725985,Unchanged
5683,5971314.09421042,Unchanged
5684,2056940.33610871,Unchanged
5685,1317356.25377738,Unchanged
5686,2056940.33611465,Unchanged
5687,1317356.25386207,Unchanged
5688,4117137.39080427,Unchanged
5689,1317356.25920891,Unchanged
5690,2056940.35319956,Unchanged
5691,4489058.58733681,Unchanged
5692,6.08628320426493e+15,Unchanged
5693,1.94742183241735e+15,Unchanged
5694,0,Unchanged
5695,0,Unchanged
5696,0,Unchanged
5697,79383.2671214753,Unchanged
5698,0,Unchanged
5699,1696893.30935056,Unchanged
5700,1696893.31125858,Unchanged
5701,0,Unchanged
5702,0,Unchanged
5703,0,Unchanged
5704,0,Unchanged
5705,0,Unchanged
5706,0,Unchanged
5707,0,Unchanged
5708,0,Unchanged
5709,0,Unchanged
5710,0,Unchanged
5711,969317.90639276,Unchanged
5712,589593.498395589,Unchanged
5713,589593.498392748,Unchanged
5714,691852.578134143,Unchanged
5715,2.39435883874364e+15,Unchanged
5716,0,Unchanged
5717,0,Unchanged
5718,0,Unchanged
5719,0,Unchanged
5720,0,Unchanged
5721,12645634.7437705,Unchanged
5722,261664.351527888,Unchanged
5723,0,Unchanged
5724,47681.3760699002,Unchanged
5725,162178.006447878,Unchanged
5726,487316.95648848,Unchanged
5727,1515202.45188147,Unchanged
5728,974633.912745421,Unchanged
5729,193049.744593563,Unchanged
5730,143797.901122267,Unchanged
5731,171251.695194893,Unchanged
5732,171251.695528304,Unchanged
5733,171251.695528304,Unchanged
5734,0,Unchanged
5735,5287.13557359985,Upregulated
5736,-29320310074026.7,Unchanged
5737,0,Unchanged
5738,-709222363984994,Unchanged
5739,0,Unchanged
5740,0,Unchanged
5741,0.01,Downregulated
5742,0,Unchanged
5743,5541.34611703273,Upregulated
5744,0.371934865404329,Downregulated
5745,0.34623880919249,Downregulated
5746,0,Unchanged
5747,0,Unchanged
5748,7896.05726389422,Upregulated
5749,378513.470046971,Unchanged
5750,273470.570332257,Unchanged
5751,3901007.36620016,Unchanged
5752,1391913.23907286,Unchanged
5753,1.37410302869028,Unchanged
5754,0,Unchanged
5755,0.115499383907682,Downregulated
5756,0.105168966354891,Downregulated
5757,891426.51693425,Unchanged
5758,0.115499383907682,Downregulated
5759,147555.216370871,Unchanged
5760,6548835.97662797,Unchanged
5761,3092383.83481306,Unchanged
5762,844275.545354533,Unchanged
5763,1.4166373750277,Unchanged
5764,6.71563880780253,Upregulated
5765,748981.30917543,Unchanged
5766,13664.4292779956,Upregulated
5767,645239.252841254,Unchanged
5768,602311.363077516,Unchanged
5769,0,Unchanged
5770,1.13920117024291,Unchanged
5771,19306.4746920493,Upregulated
5772,0.0942027438404136,Downregulated
5773,641822.175809621,Unchanged
5774,0,Unchanged
5775,0.0942027438404136,Downregulated
5776,0,Unchanged
5777,0,Unchanged
5778,0.290783355033375,Downregulated
5779,0.0969279683889996,Downregulated
5780,508.421164637651,Upregulated
5781,68132.0045630068,Unchanged
5782,1.41660814978039,Unchanged
5783,1468.98280884644,Upregulated
5784,0,Unchanged
5785,916733.456743003,Unchanged
5786,49404678.4510031,Unchanged
5787,1.62644530715304,Unchanged
5788,4067029.84920094,Unchanged
5789,2771170.09889257,Unchanged
5790,11336190.5964963,Unchanged
5791,5668095.29824817,Unchanged
5792,0,Unchanged
5793,0,Unchanged
5794,1380801.19369655,Unchanged
5795,0,Unchanged
5796,117983.824247634,Unchanged
5797,0,Unchanged
5798,0,Unchanged
5799,0,Unchanged
5800,0,Unchanged
5801,0,Unchanged
5802,0,Unchanged
5803,0,Unchanged
5804,0,Unchanged
5805,0,Unchanged
5806,356755.699268167,Unchanged
5807,1108269.22368582,Unchanged
5808,0.420423574581926,Downregulated
5809,0,Unchanged
5810,0,Unchanged
5811,0,Unchanged
5812,487316.95619701,Unchanged
5813,0,Unchanged
5814,0,Unchanged
5815,0,Unchanged
5816,569759.514908044,Unchanged
5817,0,Unchanged
5818,0,Unchanged
5819,0,Unchanged
5820,261664.350828273,Unchanged
5821,0,Unchanged
5822,1.64100086540967e-12,Unchanged
5823,0,Unchanged
5824,0,Unchanged
5825,0,Unchanged
5826,0,Unchanged
5827,1.28088814932592e-09,Unchanged
5828,1.28088814932592e-09,Unchanged
5829,0,Unchanged
5830,0,Unchanged
5831,0,Unchanged
5832,0,Unchanged
5833,0,Unchanged
5834,0,Unchanged
5835,6.18496257878383e-10,Unchanged
5836,2251846.1532265,Unchanged
5837,6.29978114623296e-11,Unchanged
5838,0,Unchanged
5839,0,Unchanged
5840,548254.427567518,Unchanged
5841,631684.155715372,Unchanged
5842,0,Unchanged
5843,4229157.83922265,Unchanged
5844,6.81494074542935e-10,Unchanged
5845,9870786.42600565,Unchanged
5846,1108269.22008518,Unchanged
5847,319397.970173082,Unchanged
5848,6.62780698594876e-10,Unchanged
5849,0,Unchanged
5850,27645503.5622498,Unchanged
5851,1656330.67401821,Unchanged
5852,0,Unchanged
5853,0.472203587661569,Downregulated
5854,0.472203587661569,Downregulated
5855,0,Unchanged
5856,0,Unchanged
5857,2.50509970374465,Upregulated
5858,0,Unchanged
5859,0.00199391548119379,Unchanged
5860,0,Unchanged
5861,0,Unchanged
5862,0,Unchanged
5863,114428.550890427,Unchanged
5864,16587040.0260997,Unchanged
5865,3894840.69515481,Unchanged
5866,1850260.23359922,Unchanged
5867,1360318.22973993,Unchanged
5868,1290713.60246781,Unchanged
5869,2015340.08751639,Unchanged
5870,284004.926949778,Unchanged
5871,0.0772508266359467,Downregulated
5872,0,Unchanged
5873,1614.27673631541,Upregulated
5874,6995.79792068487,Upregulated
5875,0,Unchanged
5876,284004.928349261,Unchanged
5877,80621.8833453398,Unchanged
5878,0,Unchanged
5879,0,Unchanged
5880,0,Unchanged
5881,1841959.37631027,Unchanged
5882,48064.956571145,Unchanged
5883,0,Unchanged
5884,0,Unchanged
5885,0,Unchanged
5886,0,Unchanged
5887,0,Unchanged
5888,0,Unchanged
5889,0,Unchanged
5890,0,Unchanged
5891,0,Unchanged
5892,2144.42672844214,Upregulated
5893,786809.331866096,Unchanged
5894,0,Unchanged
5895,0,Unchanged
5896,0,Unchanged
5897,0,Unchanged
5898,0,Unchanged
5899,0,Unchanged
5900,0,Unchanged
5901,0,Unchanged
5902,0,Unchanged
5903,942.608793927651,Upregulated
5904,0,Unchanged
5905,0,Unchanged
5906,0,Unchanged
5907,0,Unchanged
5908,0,Unchanged
5909,0,Unchanged
5910,0,Unchanged
5911,0,Unchanged
5912,0,Unchanged
5913,0,Unchanged
5914,1857793.96771269,Unchanged
5915,0,Unchanged
5916,0,Unchanged
5917,189228.230429137,Unchanged
5918,0,Unchanged
5919,236584.598447028,Unchanged
5920,0,Unchanged
5921,5541.34609887991,Upregulated
5922,157036.76264518,Unchanged
5923,0.0635015557650979,Downregulated
5924,0,Unchanged
5925,907666.59166529,Unchanged
5926,0,Unchanged
5927,813405.559561635,Unchanged
5928,0,Unchanged
5929,21332226.3796368,Unchanged
5930,361558.105699617,Unchanged
5931,47965.7268395275,Unchanged
5932,0,Unchanged
5933,0,Unchanged
5934,56895215.5415162,Unchanged
5935,0,Unchanged
5936,0.502433605408811,Unchanged
5937,0,Unchanged
5938,191559.614705666,Unchanged
5939,0,Unchanged
5940,162998.89780798,Unchanged
5941,0.4918367258554,Downregulated
5942,0.0895143028085312,Downregulated
5943,451759.091566953,Unchanged
5944,1481008.82419123,Unchanged
5945,100722.398009114,Unchanged
5946,16624.0384479714,Upregulated
5947,0.01,Downregulated
5948,0,Unchanged
5949,11508.961368778,Upregulated
5950,0,Unchanged
5951,0,Unchanged
5952,5541.3458901225,Upregulated
5953,0.149877749841005,Downregulated
5954,3046.18209546914,Upregulated
5955,0,Unchanged
5956,5541.34610754177,Upregulated
5957,0,Unchanged
5958,0,Unchanged
5959,88932.5140860379,Unchanged
5960,10320.0604524821,Upregulated
5961,0.905466699097658,Unchanged
5962,83719.2286580401,Unchanged
5963,0,Unchanged
5964,0,Unchanged
5965,20189.7808310363,Unchanged
5966,2641625.25463675,Unchanged
5967,2.38752965048149,Upregulated
5968,0,Unchanged
5969,0,Unchanged
5970,3.33757972730002e-16,Unchanged
5971,0,Unchanged
5972,435552.561674953,Unchanged
5973,0,Unchanged
5974,0,Unchanged
5975,0,Unchanged
5976,0,Unchanged
5977,0,Unchanged
5978,0,Unchanged
5979,0,Unchanged
5980,0,Unchanged
5981,0,Unchanged
5982,0,Unchanged
5983,0,Unchanged
5984,0,Unchanged
5985,0,Unchanged
5986,147931.040603261,Unchanged
5987,79431.4239165163,Unchanged
5988,430306.623551641,Unchanged
5989,0,Unchanged
5990,0,Unchanged
5991,0,Unchanged
5992,0,Unchanged
5993,0,Unchanged
5994,0,Unchanged
5995,106900.005237184,Unchanged
5996,0,Unchanged
5997,4048.36163458123,Upregulated
5998,154869.937054924,Unchanged
5999,1.07125332547965e-09,Unchanged
6000,0,Unchanged
6001,0,Unchanged
6002,5.43276924449127e-11,Unchanged
6003,0,Unchanged
6004,0,Unchanged
6005,1.17325507765141e-10,Unchanged
6006,0,Unchanged
6007,0,Unchanged
6008,0,Unchanged
6009,0,Unchanged
6010,1.2262922672357,Unchanged
6011,1.22629227019778,Unchanged
6012,0,Unchanged
6013,0,Unchanged
6014,1.93910153642187e-16,Unchanged
6015,1.13686837721616e-16,Unchanged
6016,6.29978119941386e-11,Unchanged
6017,0,Unchanged
6018,0,Unchanged
6019,0.000161014554245151,Unchanged
6020,9430778.41984937,Unchanged
6021,14584860.4456249,Unchanged
6022,1.45346508714282,Unchanged
6023,0,Unchanged
6024,11509.4838719622,Upregulated
6025,11507.7635337131,Upregulated
6026,237656.521767758,Unchanged
6027,0,Unchanged
6028,0,Unchanged
6029,29419.246109684,Unchanged
6030,0,Unchanged
6031,0,Unchanged
6032,36739579.818803,Unchanged
6033,36739579.818803,Unchanged
6034,0,Unchanged
6035,0,Unchanged
6036,2.93576622115732,Upregulated
6037,95997.8972485191,Unchanged
6038,2064012.09945638,Unchanged
6039,130304.817481325,Unchanged
6040,0,Unchanged
6041,2100161.95838133,Unchanged
6042,9135.50643541355,Upregulated
6043,430715.925032758,Unchanged
6044,945459.60768934,Unchanged
6045,233652.061965885,Unchanged
6046,0,Unchanged
6047,0,Unchanged
6048,165179.280935558,Unchanged
6049,383725.815440992,Unchanged
6050,1.18112566116768,Unchanged
6051,0.489655252501699,Downregulated
6052,0.999751461381856,Unchanged
6053,9.76281998614691,Upregulated
6054,9.76281748723033,Upregulated
6055,10.466567520329,Upregulated
6056,272919.081688953,Unchanged
6057,0,Unchanged
6058,15243190.5572646,Unchanged
6059,11596321.7671201,Unchanged
6060,143587.843660492,Unchanged
6061,217866.171314906,Unchanged
6062,0.0346187583410969,Downregulated
6063,7371923.56450022,Unchanged
6064,88415.8739450389,Unchanged
6065,0,Unchanged
6066,0,Unchanged
6067,0.5,Downregulated
6068,12425.3018045501,Upregulated
6069,1.8924109206919,Unchanged
6070,11816.5424031418,Upregulated
6071,0,Unchanged
6072,589.919121238185,Upregulated
6073,6452237.76313957,Unchanged
6074,0,Unchanged
6075,87772.2718938001,Unchanged
6076,17.9028605617121,Upregulated
6077,2642.85814861179,Upregulated
6078,0.453787859389447,Downregulated
6079,0,Unchanged
6080,0,Unchanged
6081,0.0437884489945129,Downregulated
6082,0,Unchanged
6083,261664.351802649,Unchanged
6084,963328.091931472,Unchanged
6085,512506.880279169,Unchanged
6086,450505.712266752,Unchanged
6087,450653.304851985,Unchanged
6088,333250.25677964,Unchanged
6089,4306501.49989129,Unchanged
6090,0.843930346466776,Unchanged
6091,3554.44026599927,Upregulated
6092,47975.5273239994,Unchanged
6093,2465394.37175355,Unchanged
6094,1202565.54102275,Unchanged
6095,0.429449680211495,Downregulated
6096,2143568303.01076,Unchanged
6097,27199835.0927185,Unchanged
6098,0,Unchanged
6099,0,Unchanged
6100,0,Unchanged
6101,0,Unchanged
6102,0,Unchanged
6103,0,Unchanged
6104,0,Unchanged
6105,674171.707322798,Unchanged
6106,0,Unchanged
6107,0,Unchanged
6108,10150.5867521373,Upregulated
6109,0.01,Downregulated
6110,2175387.91499841,Unchanged
6111,0,Unchanged
6112,677793.994371603,Unchanged
6113,0,Unchanged
6114,0,Unchanged
6115,50842.1163648774,Unchanged
6116,1477296.79314713,Unchanged
6117,645969.498888846,Unchanged
6118,1477296.7931638,Unchanged
6119,45539.2298274858,Unchanged
6120,859541.684959421,Unchanged
6121,89455.180376322,Unchanged
6122,46221.9456778669,Unchanged
6123,597693.927433934,Unchanged
6124,86709.300189562,Unchanged
6125,367253.881396412,Unchanged
6126,183626.940698206,Unchanged
6127,31894.4740952897,Unchanged
6128,17.2889552469749,Upregulated
6129,0.000273026711759666,Unchanged
6130,6620.6283419632,Upregulated
6131,2738.30271682654,Upregulated
6132,195223.317206529,Unchanged
6133,68821.2587117829,Unchanged
6134,1850214.91565106,Unchanged
6135,34250339.0834335,Unchanged
6136,90387.396440001,Unchanged
6137,21964.1085400575,Unchanged
6138,1108269.21241013,Unchanged
6139,6671.75330662319,Upregulated
6140,300.378317648661,Upregulated
6141,554134.609790245,Unchanged
6142,0,Unchanged
6143,8400.46839505136,Upregulated
6144,300.378317599484,Upregulated
6145,81055.5986700189,Unchanged
6146,1108269.21958049,Unchanged
6147,554134.609790245,Unchanged
6148,97089.4520486208,Unchanged
6149,835021.18892661,Unchanged
6150,0.010790717911995,Downregulated
6151,81055.5986692299,Unchanged
6152,1108269.21958049,Unchanged
6153,853547.302155311,Unchanged
6154,853547.302156734,Unchanged
6155,559675.955888147,Unchanged
6156,454174.250867987,Unchanged
6157,1078399.83845661,Unchanged
6158,554134.609790245,Unchanged
6159,853547.302162573,Unchanged
6160,1108269.21958049,Unchanged
6161,196551.497021797,Unchanged
6162,1108269.21958049,Unchanged
6163,1108269.21958049,Unchanged
6164,1029683.61064081,Unchanged
6165,193049.744929544,Unchanged
6166,1108269.21958049,Unchanged
6167,569934.09323271,Unchanged
6168,1108269.21958049,Unchanged
6169,1108269.21958049,Unchanged
6170,93696.3959778486,Unchanged
6171,54907.9129726938,Unchanged
6172,0,Unchanged
6173,447752.038578411,Unchanged
6174,1108269.21958049,Unchanged
6175,450653.304089919,Unchanged
6176,956933.248035729,Unchanged
6177,279353.407741346,Unchanged
6178,784828.84763805,Unchanged
6179,362478.650293899,Unchanged
6180,554134.609790245,Unchanged
6181,1108269.21958049,Unchanged
6182,85664.8575392618,Unchanged
6183,1108269.22103272,Unchanged
6184,313463.997765783,Unchanged
6185,1108269.21958049,Unchanged
6186,11761.4817086995,Upregulated
6187,1108269.21958049,Unchanged
6188,535407.436125902,Unchanged
6189,190194.359793804,Unchanged
6190,39944.6435481067,Unchanged
6191,450653.30409034,Unchanged
6192,450653.304090795,Unchanged
6193,903760.234051897,Unchanged
6194,0,Unchanged
6195,1004787.91388,Unchanged
6196,554134.609790245,Unchanged
6197,450653.304087931,Unchanged
6198,11761.4817104605,Upregulated
6199,95931.4537284797,Unchanged
6200,165179.281247998,Unchanged
6201,92355.7682983742,Unchanged
6202,554134.609790245,Unchanged
6203,1108269.21958049,Unchanged
6204,1108269.21958049,Unchanged
6205,554134.609790245,Unchanged
6206,1108269.21958049,Unchanged
6207,0,Unchanged
6208,103221.221229989,Unchanged
6209,612903.713610589,Unchanged
6210,554134.609790245,Unchanged
6211,518726.249191242,Unchanged
6212,52618.8093651234,Unchanged
6213,202040.503275518,Unchanged
6214,39944.6435481067,Unchanged
6215,57670.5148095807,Unchanged
6216,1108269.21958049,Unchanged
6217,1108269.21958049,Unchanged
6218,554134.609790245,Unchanged
6219,27552.431572584,Unchanged
6220,457377.919273077,Unchanged
6221,334245.031207857,Unchanged
6222,1108269.21958049,Unchanged
6223,457377.919305388,Unchanged
6224,1108269.21958049,Unchanged
6225,52618.8093651234,Unchanged
6226,52618.8093651234,Unchanged
6227,7997078.59899061,Unchanged
6228,11432889.9142773,Unchanged
6229,1425592.82011847,Unchanged
6230,15764644.6429813,Unchanged
6231,200547.522340791,Unchanged
6232,1108269.22193163,Unchanged
6233,1.46821083161708,Unchanged
6234,16743845.7703595,Unchanged
6235,1108269.22190545,Unchanged
6236,0,Unchanged
6237,1108269.22193163,Unchanged
6238,1108269.22167854,Unchanged
6239,47639.9197968846,Unchanged
6240,82048.1933927749,Unchanged
6241,157449443.054136,Unchanged
6242,16883915.0925984,Unchanged
6243,0,Unchanged
6244,0.997708491225284,Unchanged
6245,0,Unchanged
6246,0,Unchanged
6247,1567361.92443688,Unchanged
6248,1694212.32068603,Unchanged
6249,18562.9862455989,Upregulated
6250,17037002.3890434,Unchanged
6251,1567361.92140109,Unchanged
6252,3324807.67241892,Unchanged
6253,1536945.92220674,Unchanged
6254,784993.055592007,Unchanged
6255,0,Unchanged
6256,11783716.8848939,Unchanged
6257,0.966204648951671,Unchanged
6258,0.96620465646848,Unchanged
6259,0,Unchanged
6260,906579.95506379,Unchanged
6261,839285.126929161,Unchanged
6262,1492469.2730574,Unchanged
6263,997129.037257576,Unchanged
6264,9227928.9916695,Unchanged
6265,9227929.05943626,Unchanged
6266,997208.953433465,Unchanged
6267,23000.8344437531,Unchanged
6268,9952.86996153306,Upregulated
6269,2536154.77679339,Unchanged
6270,942815.446785108,Unchanged
6271,6665029.00597621,Unchanged
6272,2406658.45441015,Unchanged
6273,890401.672948273,Unchanged
6274,2561985.62106074,Unchanged
6275,0.132798752083645,Downregulated
6276,1798535.89788408,Unchanged
6277,2300083.44437531,Unchanged
6278,2536154.77679339,Unchanged
6279,70723.4469783185,Unchanged
6280,48819.1657433972,Unchanged
6281,5434437.25654264,Unchanged
6282,3198912.74458725,Unchanged
6283,3808814.55555736,Unchanged
6284,1798535.89787319,Unchanged
6285,4819614.5270896,Unchanged
6286,3135309.07638885,Unchanged
6287,1032006.04724604,Unchanged
6288,9135650.80506646,Unchanged
6289,2158937.57762662,Unchanged
6290,746995.259524564,Unchanged
6291,7997078.59899061,Unchanged
6292,0,Unchanged
6293,0,Unchanged
6294,0,Unchanged
6295,839285.124613366,Unchanged
6296,8682962.90734457,Unchanged
6297,8682962.97089879,Unchanged
6298,2662446.80601582,Unchanged
6299,0,Unchanged
6300,1517320.11775318,Unchanged
6301,0,Unchanged
6302,986855.077265548,Unchanged
6303,182823.672092114,Unchanged
6304,334941.056404502,Unchanged
6305,92279.2905943626,Unchanged
6306,8771896.41388148,Unchanged
6307,0,Unchanged
6308,0,Unchanged
6309,1120492.88943572,Unchanged
6310,2654683.81409329,Unchanged
6311,20413290.5933789,Unchanged
6312,2064012.09533964,Unchanged
6313,0,Unchanged
6314,4357461.23598973,Unchanged
6315,20413290.5933789,Unchanged
6316,119397.980039446,Unchanged
6317,323123.997774359,Unchanged
6318,205124.224474136,Unchanged
6319,56107.6895937342,Unchanged
6320,4926742.1543004,Unchanged
6321,978209.834625404,Unchanged
6322,2594236.46344433,Unchanged
6323,0,Unchanged
6324,0,Unchanged
6325,7654709.17559084,Unchanged
6326,13163535.6490269,Unchanged
6327,0,Unchanged
6328,2064012.09049641,Unchanged
6329,839285.122991671,Unchanged
6330,150217.768093541,Unchanged
6331,839285.123422494,Unchanged
6332,839285.123281409,Unchanged
6333,450653.30428406,Unchanged
6334,1032006.04742766,Unchanged
6335,151014.17497595,Unchanged
6336,1032006.04898153,Unchanged
6337,1088533.09872598,Unchanged
6338,222363.727853514,Unchanged
6339,228949.591946347,Unchanged
6340,147989.180221936,Unchanged
6341,554134.610596151,Unchanged
6342,0.0900551360659486,Downregulated
6343,60396.1753245807,Unchanged
6344,880140.063432414,Unchanged
6345,1042326.10594527,Unchanged
6346,2064012.09267586,Unchanged
6347,1108269.22183064,Unchanged
6348,560432.548357815,Unchanged
6349,1032006.05336061,Unchanged
6350,54703.1327734111,Unchanged
6351,2064012.08637967,Unchanged
6352,554134.613638244,Unchanged
6353,20640.1209073857,Unchanged
6354,2064012.09073857,Unchanged
6355,5541.34613638244,Upregulated
6356,554134.613638244,Unchanged
6357,1032006.04536929,Unchanged
6358,851808.873449456,Unchanged
6359,457377.922445831,Unchanged
6360,42060.9242031029,Unchanged
6361,78333.1826057072,Unchanged
6362,78333.1826057072,Unchanged
6363,36117.6792315271,Unchanged
6364,67264.6362899325,Unchanged
6365,67264.6363563557,Unchanged
6366,309925.636120095,Unchanged
6367,60811.8233756675,Unchanged
6368,166414.259924799,Unchanged
6369,1939455.87928418,Unchanged
6370,1939455.87928418,Unchanged
6371,554134.611468883,Unchanged
6372,1032006.04754874,Unchanged
6373,554134.611468883,Unchanged
6374,855904.753601549,Unchanged
6375,855904.753601549,Unchanged
6376,459577.198480139,Unchanged
6377,0,Unchanged
6378,0,Unchanged
6379,0,Unchanged
6380,0,Unchanged
6381,29148.8921776274,Unchanged
6382,54783.6178753833,Unchanged
6383,29416.008479259,Unchanged
6384,54783.6175122287,Unchanged
6385,47596.5899374215,Unchanged
6386,25556.9412310255,Unchanged
6387,25556.9413115271,Unchanged
6388,47596.5901496247,Unchanged
6389,662093.727479188,Unchanged
6390,355510.562473544,Unchanged
6391,29358.5103879615,Unchanged
6392,54676.5343738168,Unchanged
6393,0,Unchanged
6394,225326.653261593,Unchanged
6395,0,Unchanged
6396,839285.12702992,Unchanged
6397,839285.12702992,Unchanged
6398,450653.305102643,Unchanged
6399,839285.121663329,Unchanged
6400,450653.30488845,Unchanged
6401,839285.127522267,Unchanged
6402,839285.127522267,Unchanged
6403,450653.30488845,Unchanged
6404,450653.30488845,Unchanged
6405,839285.123091138,Unchanged
6406,839285.123091138,Unchanged
6407,450653.30488845,Unchanged
6408,839285.121515625,Unchanged
6409,450653.305594655,Unchanged
6410,839285.119940112,Unchanged
6411,839285.119940112,Unchanged
6412,450653.305594655,Unchanged
6413,839285.121417155,Unchanged
6414,22.7282815966133,Upregulated
6415,839285.124063524,Unchanged
6416,839285.125749815,Unchanged
6417,839285.125158998,Unchanged
6418,839285.121121747,Unchanged
6419,839285.122894199,Unchanged
6420,839285.132642684,Unchanged
6421,450653.304226604,Unchanged
6422,839285.122746496,Unchanged
6423,839285.122746496,Unchanged
6424,450653.304226604,Unchanged
6425,450653.304226604,Unchanged
6426,133149.884581758,Unchanged
6427,168118.478972859,Unchanged
6428,41341.0899721659,Unchanged
6429,80314.8351111293,Unchanged
6430,1032006.043432,Unchanged
6431,839285.121511943,Unchanged
6432,57670.5148363085,Unchanged
6433,450653.304224627,Unchanged
6434,839285.123727508,Unchanged
6435,91126.8400792965,Unchanged
6436,27552.4315805819,Unchanged
6437,242173.818612925,Unchanged
6438,58246.5944055751,Unchanged
6439,1032006.04040498,Unchanged
6440,19972.3213813814,Upregulated
6441,146669.146253169,Unchanged
6442,146669.144972295,Unchanged
6443,146669.145349747,Unchanged
6444,146669.146082213,Unchanged
6445,150345.405576493,Unchanged
6446,279999.414986812,Unchanged
6447,279999.414986812,Unchanged
6448,150345.405576493,Unchanged
6449,49543.6011414708,Unchanged
6450,207460.438605213,Unchanged
6451,100777.545075333,Unchanged
6452,211972.629126163,Unchanged
6453,54112.4020120614,Unchanged
6454,394772.369959426,Unchanged
6455,59862.7522876593,Unchanged
6456,54112.4020120614,Unchanged
6457,0.201026380041438,Downregulated
6458,523328.704151648,Unchanged
6459,1236298.24337427,Unchanged
6460,748981.308642505,Unchanged
6461,108224.804257637,Unchanged
6462,92005.9970501542,Unchanged
6463,151868.74728864,Unchanged
6464,151868.74728864,Unchanged
6465,133951.121565484,Unchanged
6466,108224.804257637,Unchanged
6467,523328.7041527,Unchanged
6468,71494.69683135,Unchanged
6469,0,Unchanged
6470,52618.8095767934,Unchanged
6471,1885630.90660648,Unchanged
6472,1425125.39611252,Unchanged
6473,1108269.224,Unchanged
6474,0,Unchanged
6475,60906.8117584623,Unchanged
6476,87153.9143018413,Unchanged
6477,41346.6136563523,Unchanged
6478,46894.0193834196,Unchanged
6479,377521.483688195,Unchanged
6480,1020922.79540934,Unchanged
6481,99452.7316681146,Unchanged
6482,52275.821010598,Unchanged
6483,1110561.97043828,Unchanged
6484,116117.778288575,Unchanged
6485,2618667.77340737,Unchanged
6486,336585.022049631,Unchanged
6487,262205.673150491,Unchanged
6488,2709841.82494392,Unchanged
6489,749522.636368731,Unchanged
6490,749522.636368731,Unchanged
6491,579685.964860557,Unchanged
6492,336585.022791426,Unchanged
6493,0,Unchanged
6494,1086107.66390258,Unchanged
6495,1870556.71074447,Unchanged
6496,4819614.52707226,Unchanged
6497,598790.692231745,Unchanged
6498,1031271.58409825,Unchanged
6499,3097541.34429318,Unchanged
6500,487316.95862492,Unchanged
6501,583459.253391317,Unchanged
6502,1290870.72283278,Unchanged
6503,1798535.89578328,Unchanged
6504,3936873.9732237,Unchanged
6505,6779615.9618502,Unchanged
6506,4191604.76033719,Unchanged
6507,4191604.81532734,Unchanged
6508,2222535.84717236,Unchanged
6509,4133099.86137886,Unchanged
6510,7118260.86512362,Unchanged
6511,3104285.71532271,Unchanged
6512,487692.69978385,Unchanged
6513,0.813256014198245,Unchanged
6514,0,Unchanged
6515,2830617.4563293,Unchanged
6516,4133099.86001735,Unchanged
6517,4875051.20755539,Unchanged
6518,0,Unchanged
6519,0,Unchanged
6520,0,Unchanged
6521,0,Unchanged
6522,0.472203587743062,Downregulated
6523,0,Unchanged
6524,0.472203587663728,Downregulated
6525,0,Unchanged
6526,0,Unchanged
6527,0,Unchanged
6528,2004071.07339923,Unchanged
6529,12760230.7241187,Unchanged
6530,7409015.84941479,Unchanged
6531,12760230.6620421,Unchanged
6532,7409015.84833365,Unchanged
6533,7409015.84833365,Unchanged
6534,12760230.6620421,Unchanged
6535,12760230.6620421,Unchanged
6536,7409015.8483793,Unchanged
6537,7409015.8483793,Unchanged
6538,12760230.6620421,Unchanged
6539,0,Unchanged
6540,7409015.84833906,Unchanged
6541,12760230.6619928,Unchanged
6542,0,Unchanged
6543,7742871.00391051,Unchanged
6544,13335215.0971715,Unchanged
6545,13335215.0971715,Unchanged
6546,7742871.00391051,Unchanged
6547,7742871.00391051,Unchanged
6548,13335215.0971715,Unchanged
6549,13335215.0971715,Unchanged
6550,7742871.00391051,Unchanged
6551,7742871.00391051,Unchanged
6552,13335215.0971715,Unchanged
6553,13335215.0971715,Unchanged
6554,7742871.00391051,Unchanged
6555,7742871.00391051,Unchanged
6556,13335215.0971715,Unchanged
6557,1.55784789080766e-07,Unchanged
6558,6.50604811466053,Upregulated
6559,6.71563880801078,Upregulated
6560,0,Unchanged
6561,0,Unchanged
6562,2722320.61623397,Unchanged
6563,1592674.12685364,Unchanged
6564,1580670.2171972,Unchanged
6565,2722320.61416196,Unchanged
6566,1580670.21714351,Unchanged
6567,2722320.61416196,Unchanged
6568,1580670.22798099,Unchanged
6569,1604678.05420895,Unchanged
6570,4588494.27919567,Unchanged
6571,0,Unchanged
6572,5465771.71119823,Unchanged
6573,47537277.5279463,Unchanged
6574,47537277.5273348,Unchanged
6575,47537277.5279674,Unchanged
6576,47537277.5275389,Unchanged
6577,47537277.5275389,Unchanged
6578,47537277.5277704,Unchanged
6579,81871417.0292615,Unchanged
6580,47537277.5280685,Unchanged
6581,47537277.5280685,Unchanged
6582,81871417.0292615,Unchanged
6583,81871417.0292615,Unchanged
6584,47537277.5280685,Unchanged
6585,47537277.5280685,Unchanged
6586,81871417.0292615,Unchanged
6587,68447305.6405782,Unchanged
6588,0,Unchanged
6589,39742790.36975,Unchanged
6590,68447305.6405782,Unchanged
6591,68447305.6405471,Unchanged
6592,39742790.3695131,Unchanged
6593,0,Unchanged
6594,450653.302715618,Unchanged
6595,554134.610271993,Unchanged
6596,261664.349819207,Unchanged
6597,261664.351190582,Unchanged
6598,0.74328537590069,Unchanged
6599,0,Unchanged
6600,0,Unchanged
6601,0,Unchanged
6602,0,Unchanged
6603,457544.579399444,Unchanged
6604,265665.655261436,Unchanged
6605,341918.386696657,Unchanged
6606,4311131.38950804,Unchanged
6607,9822768.88798209,Unchanged
6608,5703427.49227252,Unchanged
6609,5703427.49227252,Unchanged
6610,9822768.88798209,Unchanged
6611,588871.389348656,Unchanged
6612,341918.384700123,Unchanged
6613,341918.384700123,Unchanged
6614,588871.389348656,Unchanged
6615,724091.038415055,Unchanged
6616,250708.418897771,Unchanged
6617,392.080501341016,Upregulated
6618,412970.699612159,Unchanged
6619,959799.372829232,Unchanged
6620,1672659.35879816,Unchanged
6621,3301489.37487706,Unchanged
6622,1672659.36919183,Unchanged
6623,1018718.87514821,Unchanged
6624,1116800.59675766,Unchanged
6625,5426092.20437037,Unchanged
6626,1672659.3671131,Unchanged
6627,3577784.62681973,Unchanged
6628,11028610.0248808,Unchanged
6629,19337250.058395,Unchanged
6630,11028610.0248808,Unchanged
6631,19337250.058395,Unchanged
6632,276985.913224393,Unchanged
6633,68757.3158033,Unchanged
6634,588871.39268094,Unchanged
6635,276985.913175709,Unchanged
6636,5690577.16136157,Unchanged
6637,3304139.04667976,Unchanged
6638,6997276.45661248,Unchanged
6639,3304139.04677731,Unchanged
6640,3117864.90476946,Unchanged
6641,3646057.41949079,Unchanged
6642,3117864.90476946,Unchanged
6643,3646057.41937118,Unchanged
6644,1183970.13655868,Unchanged
6645,1613943.16112116,Unchanged
6646,3227886.32222344,Unchanged
6647,3227886.32225679,Unchanged
6648,1613943.16112116,Unchanged
6649,5732590.62645179,Unchanged
6650,2533317.09253455,Unchanged
6651,170959.193446709,Unchanged
6652,145561.400596885,Unchanged
6653,1200761.7990255,Unchanged
6654,145561.400044252,Unchanged
6655,10836255.221622,Unchanged
6656,891762.759506271,Unchanged
6657,891762.759502819,Unchanged
6658,891762.759502819,Unchanged
6659,445881.379754114,Unchanged
6660,57164.4495713865,Unchanged
6661,54403.506181858,Unchanged
6662,53252.0361705557,Unchanged
6663,60283.8006188249,Unchanged
6664,1449995.82233095,Unchanged
6665,152494.561853456,Unchanged
6666,152494.561853456,Unchanged
6667,2899991.64466189,Unchanged
6668,2174086.87598057,Unchanged
6669,228646.469512611,Unchanged
6670,228646.469512611,Unchanged
6671,228646.469512611,Unchanged
6672,0,Unchanged
6673,1167107.76732446,Unchanged
6674,1448182.07754539,Unchanged
6675,724091.038772697,Unchanged
6676,0,Unchanged
6677,0,Unchanged
6678,0,Unchanged
6679,0,Unchanged
6680,0,Unchanged
6681,0,Unchanged
6682,0,Unchanged
6683,0,Unchanged
6684,68824.1833516585,Unchanged
6685,0,Unchanged
6686,0,Unchanged
6687,541590.640078939,Unchanged
6688,0,Unchanged
6689,0,Unchanged
6690,0,Unchanged
6691,0,Unchanged
6692,537658.884896543,Unchanged
6693,0,Unchanged
6694,0,Unchanged
6695,0,Unchanged
6696,0,Unchanged
6697,0,Unchanged
6698,0,Unchanged
6699,0,Unchanged
6700,213575.483813946,Unchanged
6701,0,Unchanged
6702,0,Unchanged
6703,0,Unchanged
6704,0,Unchanged
6705,0,Unchanged
6706,0,Unchanged
6707,0,Unchanged
6708,24652.2434076362,Unchanged
6709,0,Unchanged
6710,0,Unchanged
6711,31288.8225890088,Unchanged
6712,0,Unchanged
6713,62204.4593981515,Unchanged
6714,5690577.12855224,Unchanged
6715,0,Unchanged
6716,0,Unchanged
6717,0,Unchanged
6718,0,Unchanged
6719,0,Unchanged
6720,0,Unchanged
6721,0,Unchanged
6722,0,Unchanged
6723,0,Unchanged
6724,1086136.55762258,Unchanged
6725,1086136.55762258,Unchanged
6726,963109.636531802,Unchanged
6727,1086136.56030489,Unchanged
6728,553433.821381161,Unchanged
6729,545678.117989784,Unchanged
6730,0,Unchanged
6731,0,Unchanged
6732,621820.526649467,Unchanged
6733,0,Unchanged
6734,0,Unchanged
6735,0,Unchanged
6736,0,Unchanged
6737,0,Unchanged
6738,0,Unchanged
6739,0,Unchanged
6740,0,Unchanged
6741,0,Unchanged
6742,0,Unchanged
6743,881132.356037152,Unchanged
6744,0,Unchanged
6745,0,Unchanged
6746,0,Unchanged
6747,0,Unchanged
6748,0,Unchanged
6749,0,Unchanged
6750,350912.910596911,Unchanged
6751,0,Unchanged
6752,0,Unchanged
6753,0,Unchanged
6754,0,Unchanged
6755,0,Unchanged
6756,0,Unchanged
6757,0,Unchanged
6758,723113.270099091,Unchanged
6759,0,Unchanged
6760,0,Unchanged
6761,197204.187913047,Unchanged
6762,197204.187913047,Unchanged
6763,0,Unchanged
6764,193935.024689341,Unchanged
6765,193935.024689341,Unchanged
6766,0,Unchanged
6767,2.49761031977483,Upregulated
6768,0,Unchanged
6769,0,Unchanged
6770,0,Unchanged
6771,0,Unchanged
6772,0,Unchanged
6773,10320.0604888063,Upregulated
6774,0,Unchanged
6775,0,Unchanged
6776,0,Unchanged
6777,0,Unchanged
6778,0,Unchanged
6779,0,Unchanged
6780,0,Unchanged
6781,0,Unchanged
6782,0,Unchanged
6783,217882.949888691,Unchanged
6784,169847.798830945,Unchanged
6785,169847.798830945,Unchanged
6786,169847.798830945,Unchanged
6787,169847.798830945,Unchanged
6788,974633.917419685,Unchanged
6789,89330.1363510635,Unchanged
6790,1622093.87390083,Unchanged
6791,1622093.87390083,Unchanged
6792,1622093.87390083,Unchanged
6793,2064012.09748882,Unchanged
6794,2064012.09748882,Unchanged
6795,2064012.09748882,Unchanged
6796,2064012.09748882,Unchanged
6797,280653.93723301,Unchanged
6798,581835.639020041,Unchanged
6799,581835.639020041,Unchanged
6800,581835.639020041,Unchanged
6801,2064012.09748882,Unchanged
6802,2064012.09748882,Unchanged
6803,843915.714261357,Unchanged
6804,2064012.10765959,Unchanged
6805,0.00381339343589502,Unchanged
6806,0.00381339343595095,Unchanged
6807,0.00381339341162312,Unchanged
6808,0.00381339341162312,Unchanged
6809,0.00381339341162312,Unchanged
6810,0.00381339341162312,Unchanged
6811,2064012.08435157,Unchanged
6812,131814.782090005,Unchanged
6813,129859.633633793,Unchanged
6814,795273.951868232,Unchanged
6815,795319.670554672,Unchanged
6816,795319.670554672,Unchanged
6817,2064012.09316019,Unchanged
6818,211448.748213292,Unchanged
6819,129859.627723593,Unchanged
6820,129859.627723593,Unchanged
6821,129859.627723593,Unchanged
6822,2064012.09316019,Unchanged
6823,1254257.28343886,Unchanged
6824,1254257.28343886,Unchanged
6825,1254257.28343886,Unchanged
6826,2064012.09316019,Unchanged
6827,12614200.2247576,Unchanged
6828,11750845.2607985,Unchanged
6829,12614200.2119997,Unchanged
6830,0.269096308442193,Downregulated
6831,0.269096308442193,Downregulated
6832,0.269096308442193,Downregulated
6833,1261254.49278891,Unchanged
6834,1261254.49278891,Unchanged
6835,1261254.49278891,Unchanged
6836,1319580.52045646,Unchanged
6837,1319580.52045646,Unchanged
6838,1319580.52045646,Unchanged
6839,852547.271294755,Unchanged
6840,852547.271294755,Unchanged
6841,852547.271294755,Unchanged
6842,7339746.09210159,Unchanged
6843,7339746.09210159,Unchanged
6844,7339746.09210159,Unchanged
6845,4367418.54331207,Unchanged
6846,1818685.44075771,Unchanged
6847,1818685.44075771,Unchanged
6848,0.0920475059990089,Downregulated
6849,0.0920475059990089,Downregulated
6850,0.0920475059990089,Downregulated
6851,421654.090659627,Unchanged
6852,243025.679140888,Unchanged
6853,243025.682904503,Unchanged
6854,5448824.40171898,Unchanged
6855,5448824.40171898,Unchanged
6856,5108911.39332246,Unchanged
6857,1448182.08040652,Unchanged
6858,1448182.08040652,Unchanged
6859,1448182.08040652,Unchanged
6860,1448182.08040652,Unchanged
6861,724091.040525293,Unchanged
6862,152874.193023752,Unchanged
6863,152874.193023752,Unchanged
6864,152874.193023752,Unchanged
6865,26576.8677734911,Unchanged
6866,3084.43911339176,Upregulated
6867,3083.13390741147,Upregulated
6868,1815.78246316421,Upregulated
6869,15652.1941740574,Upregulated
6870,15652.1940857332,Upregulated
6871,322965.484545665,Unchanged
6872,322965.483221983,Unchanged
6873,322965.484903638,Unchanged
6874,322965.4832331,Unchanged
6875,1448182.07683011,Unchanged
6876,1448182.07683011,Unchanged
6877,146649.064765556,Unchanged
6878,146649.064765556,Unchanged
6879,146649.064149879,Unchanged
6880,119042.877390237,Unchanged
6881,119042.877390237,Unchanged
6882,119042.877390237,Unchanged
6883,620020.588389716,Unchanged
6884,620020.588389716,Unchanged
6885,620020.588389716,Unchanged
6886,1110036.14748761,Unchanged
6887,1110036.14748761,Unchanged
6888,1659018.619522,Unchanged
6889,1659018.619522,Unchanged
6890,9689702.20439413,Unchanged
6891,9689702.20439413,Unchanged
6892,3107998.64467137,Unchanged
6893,3107998.64467137,Unchanged
6894,4217970.52733932,Unchanged
6895,457535.713061129,Unchanged
6896,674253.631430666,Unchanged
6897,674253.631430666,Unchanged
6898,351699.690803175,Unchanged
6899,348608.527277342,Unchanged
6900,1415337.55787778,Unchanged
6901,1415337.55787778,Unchanged
6902,334163.736293619,Unchanged
6903,123892.650115082,Unchanged
6904,76252.730342969,Unchanged
6905,76252.730342969,Unchanged
6906,76252.730342969,Unchanged
6907,76252.730342969,Unchanged
6908,76252.7301457605,Unchanged
6909,76252.7301457605,Unchanged
6910,76252.7301457605,Unchanged
6911,76252.7301457605,Unchanged
6912,341918.386579143,Unchanged
6913,341918.386581673,Unchanged
6914,341918.386581673,Unchanged
6915,341918.386581673,Unchanged
6916,2809715.17746216,Unchanged
6917,2809715.17746216,Unchanged
6918,2809715.17746216,Unchanged
6919,2809715.17742787,Unchanged
6920,295134.929079444,Unchanged
6921,224873.047713949,Unchanged
6922,899492.193939556,Unchanged
6923,9131118.85311724,Unchanged
6924,9131118.85322144,Unchanged
6925,9131118.85317945,Unchanged
6926,9131118.85311741,Unchanged
6927,9131118.85311741,Unchanged
6928,9131118.85311741,Unchanged
6929,9131118.85311741,Unchanged
6930,9131118.85311741,Unchanged
6931,9131118.85311741,Unchanged
6932,9131118.85311741,Unchanged
6933,9131118.85309972,Unchanged
6934,9131118.85316419,Unchanged
6935,9131118.85316419,Unchanged
6936,9131118.85316419,Unchanged
6937,9131118.85316419,Unchanged
6938,9131118.85316419,Unchanged
6939,9131118.85316419,Unchanged
6940,9131118.85316419,Unchanged
6941,9131118.85316419,Unchanged
6942,9131118.85316419,Unchanged
6943,9131118.85316419,Unchanged
6944,9131118.85316419,Unchanged
6945,9131118.85316419,Unchanged
6946,0.0714535951903194,Downregulated
6947,193372.50058395,Unchanged
6948,0,Unchanged
6949,193372.50058395,Unchanged
6950,0,Unchanged
6951,71577.0679174205,Unchanged
6952,73147.7901834056,Unchanged
6953,65022.9923888703,Unchanged
6954,505194.900094099,Unchanged
6955,492190.299495093,Unchanged
6956,563507.710922645,Unchanged
6957,550503.12050415,Unchanged
6958,977670.429273422,Unchanged
6959,621820.526560751,Unchanged
6960,385545.111207325,Unchanged
6961,802134.379871917,Unchanged
6962,95830.2829205182,Unchanged
6963,152086.575985815,Unchanged
6964,175084.510770343,Unchanged
6965,58458.8812714574,Unchanged
6966,475476.308717001,Unchanged
6967,234560.575196441,Unchanged
6968,475339.957158372,Unchanged
6969,219891.216218611,Unchanged
6970,329699.296656512,Unchanged
6971,326527.593379638,Unchanged
6972,915866.380150468,Unchanged
6973,1735950.90476996,Unchanged
6974,208132.364911065,Unchanged
6975,208132.365350909,Unchanged
6976,208132.36535303,Unchanged
6977,209226.889352255,Unchanged
6978,2021436.72338153,Unchanged
6979,2021436.72338153,Unchanged
6980,2021436.72338153,Unchanged
6981,0,Unchanged
6982,2021436.72411672,Unchanged
6983,2021436.72411672,Unchanged
6984,97398.3223121422,Unchanged
6985,632678.233906952,Unchanged
6986,0,Unchanged
6987,1032006.04874441,Unchanged
6988,1032006.04874441,Unchanged
6989,1032006.04874441,Unchanged
6990,1032006.04874441,Unchanged
6991,1032006.04874441,Unchanged
6992,1032006.04874441,Unchanged
6993,1032006.04874441,Unchanged
6994,1032006.04874441,Unchanged
6995,1032006.04874441,Unchanged
6996,627128.642928752,Unchanged
6997,627128.642928752,Unchanged
6998,627128.642928752,Unchanged
6999,627128.642928752,Unchanged
7000,627128.643015033,Unchanged
7001,627128.643015033,Unchanged
7002,627128.643015033,Unchanged
7003,627128.643015033,Unchanged
7004,0.00381339343589502,Unchanged
7005,0.00381339343589502,Unchanged
7006,0.00381339343589502,Unchanged
7007,0.00381339343589502,Unchanged
7008,0.00381339345005187,Unchanged
7009,0.00381339343126072,Unchanged
7010,0.00381339343221146,Unchanged
7011,0.00381339340698882,Unchanged
7012,0.00381339340698882,Unchanged
7013,0.00381339340698882,Unchanged
7014,0.00381339340698882,Unchanged
7015,0.00381339340698882,Unchanged
7016,0.00381339340698882,Unchanged
7017,0.00381339340698882,Unchanged
7018,1.03459364795206e-07,Unchanged
7019,0.00381339342326329,Unchanged
7020,0.00381339342850255,Unchanged
7021,0.00381339342326329,Unchanged
7022,0.00381339342326329,Unchanged
7023,0.00381339342426996,Unchanged
7024,0.00381339342326329,Unchanged
7025,0.00381339342326329,Unchanged
7026,0.00381339342326329,Unchanged
7027,0.00381339342326329,Unchanged
7028,0.00381339342326329,Unchanged
7029,0.00381339342326329,Unchanged
7030,0.00381339342331922,Unchanged
7031,0.00381339342326329,Unchanged
7032,0.0200963555370694,Downregulated
7033,0.0200963555370694,Downregulated
7034,0.0200963555792153,Downregulated
7035,0.0200963555792153,Downregulated
7036,0.043088704400278,Downregulated
7037,0.043088704400278,Downregulated
7038,0.043088704400278,Downregulated
7039,0.043088704400278,Downregulated
7040,171068.38960674,Unchanged
7041,672847.32465118,Unchanged
7042,672847.32465118,Unchanged
7043,672847.32465118,Unchanged
7044,672847.32465118,Unchanged
7045,605924.953740106,Unchanged
7046,605924.953740106,Unchanged
7047,605924.953740106,Unchanged
7048,605924.953740106,Unchanged
7049,627128.64292402,Unchanged
7050,627128.64292402,Unchanged
7051,627128.64292402,Unchanged
7052,627128.64292402,Unchanged
7053,168191.029295992,Unchanged
7054,168191.029295992,Unchanged
7055,168191.030124782,Unchanged
7056,168191.029295992,Unchanged
7057,356755.700275654,Unchanged
7058,913928.987635533,Unchanged
7059,228482.246893023,Unchanged
7060,0,Unchanged
7061,0,Unchanged
7062,0,Unchanged
7063,0,Unchanged
7064,0,Unchanged
7065,0,Unchanged
7066,0,Unchanged
7067,0,Unchanged
7068,0,Unchanged
7069,0,Unchanged
7070,0,Unchanged
7071,0,Unchanged
7072,0,Unchanged
7073,0,Unchanged
7074,0,Unchanged
7075,0,Unchanged
7076,0,Unchanged
7077,0,Unchanged
7078,0,Unchanged
7079,0,Unchanged
7080,0,Unchanged
7081,0,Unchanged
7082,0,Unchanged
7083,0,Unchanged
7084,0,Unchanged
7085,0,Unchanged
7086,0,Unchanged
7087,0,Unchanged
7088,0,Unchanged
7089,0,Unchanged
7090,74220.3159697131,Unchanged
7091,35350.1455922632,Unchanged
7092,267367.41185533,Unchanged
7093,0.248558654461785,Downregulated
7094,703783.984478499,Unchanged
7095,1591739.38172212,Unchanged
7096,0.109251964158687,Downregulated
7097,0.112883665975461,Downregulated
7098,4029825.65199717,Unchanged
7099,451759.097051044,Unchanged
7100,0,Unchanged
7101,1716659.13283719,Unchanged
7102,1060768.48386517,Unchanged
7103,2394.73215323245,Upregulated
7104,4.19034931191914,Upregulated
7105,0.115222538573826,Downregulated
7106,4206860.66798299,Unchanged
7107,1428707.28236636,Unchanged
7108,150440.26420373,Unchanged
7109,0.164580235782135,Downregulated
7110,566620.907246434,Unchanged
7111,0.01,Downregulated
7112,5541.34611144725,Upregulated
7113,78921.5716100992,Unchanged
7114,80470.7442929411,Unchanged
7115,80470.7445159982,Unchanged
7116,80470.7440682997,Unchanged
7117,134038.370258696,Unchanged
7118,0,Unchanged
7119,0,Unchanged
7120,99205.6277767736,Unchanged
7121,99205.6276377217,Unchanged
7122,99205.6281190687,Unchanged
7123,410130.859871615,Unchanged
7124,2900371.91740344,Unchanged
7125,5780299.61153348,Unchanged
7126,0,Unchanged
7127,28686005.6606398,Unchanged
7128,0.472203587665235,Downregulated
7129,29580200.2692986,Unchanged
7130,29580200.2692986,Unchanged
7131,29580200.2692986,Unchanged
7132,29580200.2692986,Unchanged
7133,7051063.39786044,Unchanged
7134,412975618.955478,Unchanged
7135,41297561.8955478,Unchanged
7136,445200.834524937,Unchanged
7137,4043369.02511667,Unchanged
7138,261664.351611985,Unchanged
7139,0,Unchanged
7140,0,Unchanged
7141,0,Unchanged
7142,4043369.02511667,Unchanged
7143,0,Unchanged
7144,0,Unchanged
7145,2847455.6156594,Unchanged
7146,2847455.61562691,Unchanged
7147,0,Unchanged
7148,0,Unchanged
7149,0.472203587663348,Downregulated
7150,0,Unchanged
7151,0,Unchanged
7152,2467594.12371272,Unchanged
7153,9873.62859727868,Upregulated
7154,149141.762851036,Unchanged
7155,9873.62859727868,Upregulated
7156,0.59732777514343,Unchanged
7157,0.472203587665767,Downregulated
7158,0.472203587663269,Downregulated
7159,1423727.82285984,Unchanged
7160,336474.662458965,Unchanged
7161,2084625.69681122,Unchanged
7162,2572603.09279844,Unchanged
7163,336585.023278091,Unchanged
7164,2467594.12372536,Unchanged
7165,261664.352141138,Unchanged
7166,75020.5269402109,Unchanged
7167,0,Unchanged
7168,332898.860276741,Unchanged
7169,412975618.955944,Unchanged
7170,200435.670295865,Unchanged
7171,0,Unchanged
7172,5320228.77200542,Unchanged
7173,487316.956901183,Unchanged
7174,261664.350503748,Unchanged
7175,1580670.2171607,Unchanged
7176,7409015.84840632,Unchanged
7177,7409015.88445011,Unchanged
7178,1580670.2171607,Unchanged
7179,5510461.57963685,Unchanged
7180,7409015.85080924,Unchanged
7181,261664.352089035,Unchanged
7182,261664.35209139,Unchanged
7183,261649.309122568,Unchanged
7184,261649.309122568,Unchanged
7185,261664.3510713,Unchanged
7186,261664.3510713,Unchanged
7187,261664.351457503,Unchanged
7188,261664.351450439,Unchanged
7189,261664.350183504,Unchanged
7190,261664.35018031,Unchanged
7191,261664.351457503,Unchanged
7192,261664.351450439,Unchanged
7193,261664.350180518,Unchanged
7194,261664.350183504,Unchanged
7195,554134.611194595,Unchanged
7196,261664.351447458,Unchanged
7197,261664.351454522,Unchanged
7198,261664.351447458,Unchanged
7199,261664.351454522,Unchanged
7200,261664.351447458,Unchanged
7201,261664.351454522,Unchanged
7202,261664.351447458,Unchanged
7203,330999.994434837,Unchanged
7204,261664.351448798,Unchanged
7205,261664.351694678,Unchanged
7206,261664.351696063,Unchanged
7207,261664.351601867,Unchanged
7208,261664.351594638,Unchanged
7209,261664.351601867,Unchanged
7210,261664.351597157,Unchanged
7211,261664.351601867,Unchanged
7212,261664.351597157,Unchanged
7213,261664.351601867,Unchanged
7214,261664.351597157,Unchanged
7215,261664.351599348,Unchanged
7216,261664.351597157,Unchanged
7217,261664.351601867,Unchanged
7218,261664.351597157,Unchanged
7219,554134.611503791,Unchanged
7220,554134.611493817,Unchanged
7221,225875.780581357,Unchanged
7222,554134.611493817,Unchanged
7223,0,Unchanged
7224,0,Unchanged
7225,6119.07891532212,Upregulated
7226,23149.1930420696,Unchanged
7227,611907.891532212,Unchanged
7228,288862.243589252,Unchanged
7229,611732.418643083,Unchanged
7230,611732.418643083,Unchanged
7231,0,Unchanged
7232,0,Unchanged
7233,0,Unchanged
7234,0,Unchanged
7235,0,Unchanged
7236,0,Unchanged
7237,0,Unchanged
7238,0,Unchanged
7239,0,Unchanged
7240,0,Unchanged
7241,0,Unchanged
7242,0,Unchanged
7243,0,Unchanged
7244,2511.25857350337,Upregulated
7245,0,Unchanged
7246,0,Unchanged
7247,0,Unchanged
7248,0,Unchanged
7249,0,Unchanged
7250,0,Unchanged
7251,10184644.668178,Unchanged
7252,110652.983362636,Unchanged
7253,20673.8174495201,Unchanged
7254,0,Unchanged
7255,223877.694914068,Unchanged
7256,2752856.26616548,Unchanged
7257,2752856.28611184,Unchanged
7258,449030.809674355,Unchanged
7259,135085.78460023,Unchanged
7260,0,Unchanged
7261,1996703.91267705,Unchanged
7262,874716.231804895,Unchanged
7263,620471.805798442,Unchanged
7264,1444.7583115548,Upregulated
7265,15.9127208205756,Upregulated
7266,0.0118915337476937,Downregulated
7267,0,Unchanged
7268,0,Unchanged
7269,0,Unchanged
7270,461.235070740314,Upregulated
7271,0,Unchanged
7272,74791.886444633,Unchanged
7273,6480593.90633793,Unchanged
7274,5247321.11200386,Unchanged
7275,15641652.9914029,Unchanged
7276,199.970154420801,Upregulated
7277,0,Unchanged
7278,79680.3415118126,Unchanged
7279,173089.295244073,Unchanged
7280,1001946.23732268,Unchanged
7281,1762423.30204746,Unchanged
7282,109422.807631189,Unchanged
7283,7413591.10021016,Unchanged
7284,0,Unchanged
7285,161872.292940998,Unchanged
7286,39478.4973154976,Unchanged
7287,98340.0129404767,Unchanged
7288,5845793.70293229,Unchanged
7289,1744657.42702402,Unchanged
7290,178508.450536139,Unchanged
7291,0,Unchanged
7292,5743562.87364412,Unchanged
7293,5448080.36199985,Unchanged
7294,0,Unchanged
7295,2588417.46986592,Unchanged
7296,0,Unchanged
7297,761779.234144553,Unchanged
7298,5602.00315622259,Upregulated
7299,0,Unchanged
7300,0,Unchanged
7301,2660916.00914467,Unchanged
7302,611907.893054014,Unchanged
7303,5448080.36199985,Unchanged
7304,0,Unchanged
7305,0,Unchanged
7306,0,Unchanged
7307,0,Unchanged
7308,0,Unchanged
7309,0,Unchanged
7310,0,Unchanged
7311,0,Unchanged
7312,0,Unchanged
7313,0,Unchanged
7314,0,Unchanged
7315,0,Unchanged
7316,0,Unchanged
7317,6322817.37188525,Unchanged
7318,0,Unchanged
7319,0,Unchanged
7320,0,Unchanged
7321,0,Unchanged
7322,0,Unchanged
7323,0,Unchanged
7324,0,Unchanged
7325,0,Unchanged
7326,0,Unchanged
7327,0,Unchanged
7328,0,Unchanged
7329,0.813256014205222,Unchanged
7330,61374.3652677807,Unchanged
7331,1,Unchanged
7332,5668095.29824817,Unchanged
7333,49404678.451054,Unchanged
7334,5070293.79240671,Unchanged
7335,47975.5273243031,Unchanged
7336,10955542.0956517,Unchanged
7337,3001932.75212285,Unchanged
7338,11570897.6083853,Unchanged
7339,0,Unchanged
7340,424468.757921678,Unchanged
7341,5295382.32102059,Unchanged
7342,16674477.1792649,Unchanged
7343,16672771.7800392,Unchanged
7344,3179691.26050892,Unchanged
7345,17753379.79135,Unchanged
7346,10880701.2363716,Unchanged
7347,6574040.97016494,Unchanged
7348,11988970.5475264,Unchanged
7349,34250339.0389787,Unchanged
7350,548254.427567518,Unchanged
7351,631684.155715372,Unchanged
7352,10400557.1809108,Unchanged
7353,11659761.3563291,Unchanged
7354,27645503.5622498,Unchanged
7355,2.20725108779951,Upregulated
7356,0,Unchanged
7357,1.91207756880192,Unchanged
7358,0,Unchanged
7359,2110726.86707473,Unchanged
7360,1110561.96567095,Unchanged
7361,60647.9136731459,Unchanged
7362,63729.1017610633,Unchanged
7363,1321.42907430589,Upregulated
7364,577898.96480009,Unchanged
7365,0,Unchanged
7366,10248.3752298979,Upregulated
7367,3754.19884770564,Upregulated
7368,4708860.85643548,Unchanged
7369,6142206.40629892,Unchanged
7370,429770.842479711,Unchanged
7371,54848.9187609516,Unchanged
7372,9403.83189254465,Upregulated
7373,9111.41730145218,Upregulated
7374,10276.4549968562,Upregulated
7375,1248958.37053876,Unchanged
7376,0,Unchanged
7377,5716444.95713865,Unchanged
7378,8371922.88219167,Unchanged
7379,0,Unchanged
7380,6264.323849176,Upregulated
7381,74075541.491561,Unchanged
7382,0,Unchanged
7383,0,Unchanged
7384,85185.011945217,Unchanged
7385,85185.0117802236,Unchanged
7386,1008.88517222234,Upregulated
7387,795433.073520787,Unchanged
7388,121331.284371897,Unchanged
7389,5328.08272795329,Upregulated
7390,18562731.8881615,Unchanged
7391,0,Unchanged
7392,0,Unchanged
7393,0,Unchanged
7394,45014.9365587692,Unchanged
7395,0,Unchanged
7396,649826.173351443,Unchanged
7397,481945.592889945,Unchanged
7398,0,Unchanged
7399,143684.743458262,Unchanged
7400,2543577.44690636,Unchanged
7401,0.105746126811704,Downregulated
7402,476565.149086407,Unchanged
7403,0,Unchanged
7404,0,Unchanged
7405,0.452701852100969,Downregulated
7406,4323501.57239482,Unchanged
7407,388489.559671008,Unchanged
7408,0,Unchanged
7409,59474.142322822,Unchanged
7410,0,Unchanged
7411,20743.021920097,Unchanged
7412,0.0840924033096609,Downregulated
7413,0,Unchanged
7414,0,Unchanged
7415,11953.3317811664,Upregulated
7416,4334350.55158609,Unchanged
7417,32982.7695065175,Unchanged
7418,115470.015507029,Unchanged
7419,0,Unchanged
7420,0,Unchanged
7421,7.31512226342395,Upregulated
7422,13844942.6182936,Unchanged
7423,435606.226947991,Unchanged
7424,3575136.9490456,Unchanged
7425,10.0296718456364,Upregulated
7426,1.97683103068918,Unchanged
7427,5571839.19162078,Unchanged
7428,1712374.42502217,Unchanged
7429,56443169.7365671,Unchanged
7430,0,Unchanged
7431,59345026.4118855,Unchanged
7432,0.0606479382151827,Downregulated
7433,3222521.31579614,Unchanged
7434,0,Unchanged
7435,405433.671825445,Unchanged
7436,0,Unchanged
7437,114069.892545947,Unchanged
7438,0,Unchanged
7439,0,Unchanged
7440,0,Unchanged
7441,0,Unchanged
7442,0,Unchanged
7443,0,Unchanged
7444,0,Unchanged
7445,0.0893992921996602,Downregulated
7446,579735.303751908,Unchanged
7447,0,Unchanged
7448,0,Unchanged
7449,0,Unchanged
7450,0,Unchanged
7451,0,Unchanged
7452,0,Unchanged
7453,0,Unchanged
7454,0,Unchanged
7455,0,Unchanged
7456,1039948.05684734,Unchanged
7457,103994805.684734,Unchanged
7458,0,Unchanged
7459,80338.4746113349,Unchanged
7460,353053.396921581,Unchanged
7461,23586.824591217,Unchanged
7462,42806.946270097,Unchanged
7463,0.0386480360639774,Downregulated
7464,0.0633413882929535,Downregulated
7465,124854.016846896,Unchanged
7466,1.13686837721616e-16,Unchanged
7467,0.249182813706138,Downregulated
7468,0.239078851741012,Downregulated
7469,0,Unchanged
7470,1.45325680556237,Unchanged
7471,0,Unchanged
7472,45909.1253964587,Unchanged
7473,57735.0069956025,Unchanged
7474,45909.1253964587,Unchanged
7475,1011570.12954232,Unchanged
7476,0.0647177252635019,Downregulated
7477,0,Unchanged
7478,0,Unchanged
7479,0,Unchanged
7480,2717691.82223204,Unchanged
7481,0.240515654379856,Downregulated
7482,98.0062454098439,Upregulated
7483,42845.2190536888,Unchanged
7484,1.39868866852812,Unchanged
7485,0,Unchanged
7486,587795.949733477,Unchanged
7487,0,Unchanged
7488,0,Unchanged
7489,0,Unchanged
7490,211095.979070918,Unchanged
7491,16.6796612730529,Upregulated
7492,0,Unchanged
7493,290321.276407318,Unchanged
7494,64060.4469058437,Unchanged
7495,7730280.28065068,Unchanged
7496,3895100.52570723,Unchanged
7497,0,Unchanged
7498,7286.91981795139,Upregulated
7499,211734.982143346,Unchanged
7500,3704046.69515781,Unchanged
7501,0,Unchanged
7502,393889.002990383,Unchanged
7503,0,Unchanged
7504,0,Unchanged
7505,0,Unchanged
7506,4683861.6806246,Unchanged
7507,1071316.15300048,Unchanged
7508,665672.440145782,Unchanged
7509,0,Unchanged
7510,20350273.1686451,Unchanged
7511,0,Unchanged
7512,0,Unchanged
7513,5507.41327081525,Upregulated
7514,2.70378968249818,Upregulated
7515,46115.6954071353,Unchanged
7516,11547001.3991205,Unchanged
7517,0.0358624380875396,Downregulated
7518,1.14107301547457e-06,Unchanged
7519,25.969623507031,Upregulated
7520,0,Unchanged
7521,0,Unchanged
7522,140921.149761598,Unchanged
7523,0,Unchanged
7524,0,Unchanged
7525,0,Unchanged
7526,0,Unchanged
7527,0,Unchanged
7528,0,Unchanged
7529,0,Unchanged
7530,0,Unchanged
7531,0,Unchanged
7532,156405.735675581,Unchanged
7533,0.003379889806258,Unchanged
7534,0.0756779283158265,Downregulated
7535,0.0695000194150324,Downregulated
7536,6.69677617838416,Upregulated
7537,1505082.67334111,Unchanged
7538,0,Unchanged
7539,0,Unchanged
7540,0,Unchanged
7541,0,Unchanged
7542,0,Unchanged
7543,0,Unchanged
7544,0.0460085413790687,Downregulated
7545,104.615724379575,Upregulated
7546,1.3658296133395e-06,Unchanged
7547,0.150515310533373,Downregulated
7548,0.610774575563337,Unchanged
7549,0.188909000223422,Downregulated
7550,0,Unchanged
7551,0,Unchanged
7552,2.57248512465186,Upregulated
7553,0.323819922828113,Downregulated
7554,0,Unchanged
7555,0,Unchanged
7556,1.64367727264427e-07,Unchanged
7557,0.0559455666227026,Downregulated
7558,0.247311335930227,Downregulated
7559,0.290170064935384,Downregulated
7560,0.402019875187495,Downregulated
7561,0.402019876686302,Downregulated
7562,0.0476560388528109,Downregulated
7563,5.19060541486999,Upregulated
7564,1.83806177850141,Unchanged
7565,0.024093863865076,Downregulated
7566,0.0811423343446117,Downregulated
7567,0.024093863865076,Downregulated
7568,0,Unchanged
7569,0,Unchanged
7570,0,Unchanged
7571,0.049179095120652,Downregulated
7572,0,Unchanged
7573,0.018717761699698,Downregulated
7574,0.475699222345254,Downregulated
7575,0.949909294294882,Unchanged
7576,0.518124446991722,Unchanged
7577,10670396.1913007,Unchanged
7578,0,Unchanged
7579,459229.256477448,Unchanged
7580,1.63320663746737,Unchanged
7581,6.28967841726098,Upregulated
7582,0.00450342153091246,Unchanged
7583,0,Unchanged
7584,14.6669299665651,Upregulated
7585,98787538.3535136,Unchanged
7586,10.1134236200948,Upregulated
7587,211.695331349223,Upregulated
7588,4.15514746495435,Upregulated
7589,2.79915244388974,Upregulated
7590,4590912.54204199,Unchanged
7591,0,Unchanged
7592,1.07799612578674e-08,Unchanged
7593,0.0676698507764482,Downregulated
7594,0,Unchanged
7595,73192536.2326724,Unchanged
7596,0,Unchanged
7597,0.0768968389568993,Downregulated
7598,3.96514223158363e-09,Unchanged
7599,0.00885521948118029,Unchanged
7600,0.00200924428452581,Unchanged
7601,0,Unchanged
7602,0.000584870552863845,Unchanged
7603,7.32367371739108,Upregulated
7604,0,Unchanged
7605,0,Unchanged
7606,0,Unchanged
7607,16200938.1890757,Unchanged
7608,0.521127326609252,Unchanged
7609,4683861.69558935,Unchanged
7610,1.06020330315606,Unchanged
7611,0,Unchanged
7612,5.63468780191669,Upregulated
7613,423708.77303745,Unchanged
7614,0.0233482281722921,Downregulated
7615,0.0167480282196697,Downregulated
7616,2039361.46957458,Unchanged
7617,0.0356466028568464,Downregulated
7618,0,Unchanged
7619,0,Unchanged
7620,0.0323782247315873,Downregulated
7621,0,Unchanged
7622,0,Unchanged
7623,0,Unchanged
7624,0,Unchanged
7625,0,Unchanged
7626,0.0239601701783547,Downregulated
7627,0.012210346703331,Downregulated
7628,0.0239601702804754,Downregulated
7629,0.0538383570177332,Downregulated
7630,0.0287873912183126,Downregulated
7631,459229.016790614,Unchanged
7632,0.0119126293746878,Downregulated
7633,0.0960283019292917,Downregulated
7634,3471121.13376347,Unchanged
7635,0,Unchanged
7636,2851712.4649897,Unchanged
7637,0.0328636167011872,Downregulated
7638,6994.44824360106,Upregulated
7639,0.415941662931083,Downregulated
7640,0,Unchanged
7641,0,Unchanged
7642,1.304815229878e-06,Unchanged
7643,22.4909115769964,Upregulated
7644,7260103.75280448,Unchanged
7645,14462868.5098532,Unchanged
7646,1.36028642753972,Unchanged
7647,0.434266245678004,Downregulated
7648,0.0888649015156101,Downregulated
7649,1.19614330356325e-06,Unchanged
7650,0.00954836863767556,Unchanged
7651,0.156068425365969,Downregulated
7652,0,Unchanged
7653,0,Unchanged
7654,3.35198594432752e-09,Unchanged
7655,0,Unchanged
7656,0.0239601702167083,Downregulated
7657,0.0538383571018013,Downregulated
7658,0.11490627905963,Downregulated
7659,0,Unchanged
7660,0,Unchanged
7661,0.052271563723099,Downregulated
7662,0.0833758655519613,Downregulated
7663,98.315662409486,Upregulated
7664,98.3156327041377,Upregulated
7665,0.137491780418187,Downregulated
7666,0,Unchanged
7667,0,Unchanged
7668,0,Unchanged
7669,9367723.40115521,Unchanged
7670,0.70442408327093,Unchanged
7671,0,Unchanged
7672,1.77178601269033e-08,Unchanged
7673,0,Unchanged
7674,0.298559814249368,Downregulated
7675,0.0879907768978782,Downregulated
7676,8521062.71153059,Unchanged
7677,0.0762097597029867,Downregulated
7678,0.0762097617613885,Downregulated
7679,0.11006343136236,Downregulated
7680,10342054.0620385,Unchanged
7681,0,Unchanged
7682,0.137346669196925,Downregulated
7683,0.210809954879807,Downregulated
7684,0.00404707182735576,Unchanged
7685,0.186563875353368,Downregulated
7686,3.97149199323395,Upregulated
7687,0,Unchanged
7688,1.21309345409702,Unchanged
7689,1357148.57674335,Unchanged
7690,0,Unchanged
7691,0,Unchanged
7692,0.186419462974218,Downregulated
7693,0.134763320166206,Downregulated
7694,0.0797748312178646,Downregulated
7695,0.02229234754091,Downregulated
7696,0,Unchanged
7697,1.2139909637747,Unchanged
7698,0.0871014140697675,Downregulated
7699,0.0871014140697675,Downregulated
7700,0.12226994926339,Downregulated
7701,1357148.57886855,Unchanged
7702,0.60508895006682,Unchanged
7703,0.0243990893446369,Downregulated
7704,0,Unchanged
7705,0.0035122031950225,Unchanged
7706,865385.391128929,Unchanged
7707,6826322.88041567,Unchanged
7708,3974610.44317311,Unchanged
7709,0.116147093569549,Downregulated
7710,3818204.704607,Unchanged
7711,0.0926964916197988,Downregulated
7712,0.235195287759934,Downregulated
7713,0.0194824377059869,Downregulated
7714,5703424.96696065,Unchanged
7715,0.00296741905065293,Unchanged
7716,0.0607963177584554,Downregulated
7717,2638486.48047433,Unchanged
7718,727220.506834173,Unchanged
7719,1686025.39562819,Unchanged
7720,2.01186784906288,Upregulated
7721,0.0135038747218272,Downregulated
7722,0,Unchanged
7723,6176.17017318885,Upregulated
7724,0,Unchanged
7725,2341861.87450457,Unchanged
7726,0,Unchanged
7727,0,Unchanged
7728,0.0778927377989155,Downregulated
7729,0.0312455834195226,Downregulated
7730,0,Unchanged
7731,0,Unchanged
7732,3.93690407678918e-06,Unchanged
7733,5922224.11147522,Unchanged
7734,0.170496975776627,Downregulated
7735,0.150800173321915,Downregulated
7736,0.57623174455336,Unchanged
7737,0.135183049000706,Downregulated
7738,0.477989093416942,Downregulated
7739,221.55348064309,Upregulated
7740,0.156536290190636,Downregulated
7741,0.156536290190636,Downregulated
7742,0.0289969709023071,Downregulated
7743,0.138452307346753,Downregulated
7744,0.15653628570226,Downregulated
7745,0.529048556619421,Unchanged
7746,0.124113948301599,Downregulated
7747,0.135183049000706,Downregulated
7748,0.00852064070327661,Unchanged
7749,0,Unchanged
7750,25447392.8797358,Unchanged
7751,320653408.390442,Unchanged
7752,160326703.842668,Unchanged
7753,0,Unchanged
7754,95357283.6795391,Unchanged
7755,3.82997178883453,Upregulated
7756,0,Unchanged
7757,0,Unchanged
7758,0.802079182167455,Unchanged
7759,172165020.066619,Unchanged
7760,1275460.58517622,Unchanged
7761,0.936009255169126,Unchanged
7762,1.37952488334991,Unchanged
7763,101684.232675095,Unchanged
7764,26.5221344001496,Upregulated
7765,8.05418319686331e-05,Unchanged
7766,0,Unchanged
7767,1.90453278173518,Unchanged
7768,0.927966123214735,Unchanged
7769,1.0279478237209,Unchanged
7770,2.20345065817836,Upregulated
7771,3.04181004490161,Upregulated
7772,1.49385409276452,Unchanged
7773,0.802079182232867,Unchanged
7774,95357283.6795391,Unchanged
7775,4.22188751854061,Upregulated
7776,6.56091013555977,Upregulated
7777,6.57982172236069,Upregulated
7778,2.47211927428548,Upregulated
7779,1.04111381375295,Unchanged
7780,3.9599030565795,Upregulated
7781,2.47211928546235,Upregulated
7782,2.96565648622643,Upregulated
7783,2.20345065662955,Upregulated
7784,3.39310817987579,Upregulated
7785,138464048.172225,Unchanged
7786,0.00182684514340309,Unchanged
7787,633.213778278543,Upregulated
7788,5.40954852461877,Upregulated
7789,19763884.7959551,Unchanged
7790,204402465.414265,Unchanged
7791,0,Unchanged
7792,0,Unchanged
7793,0,Unchanged
7794,0,Unchanged
7795,0.00749911017148856,Unchanged
7796,0.0602833694435345,Downregulated
7797,0.0269869674862033,Downregulated
7798,130714.652939303,Unchanged
7799,160.642498092525,Upregulated
7800,0,Unchanged
7801,0,Unchanged
7802,0.0105336060561313,Downregulated
7803,590907.512969473,Unchanged
7804,0.0853764861456259,Downregulated
7805,0.0836563135953666,Downregulated
7806,0.000381301626948003,Unchanged
7807,0.135557356330928,Downregulated
7808,6.72560002851388e-08,Unchanged
7809,854746.401632327,Unchanged
7810,890127.753075145,Unchanged
7811,0.671829713307434,Unchanged
7812,1.1548718912468,Unchanged
7813,1.15487188209602,Unchanged
7814,0.663183907786101,Unchanged
7815,0.282155729223061,Downregulated
7816,1.02962179824158e-06,Unchanged
7817,0.030359285773788,Downregulated
7818,1.89725720929346e-08,Unchanged
7819,0.333333333333333,Downregulated
7820,0.195751097891411,Downregulated
7821,0,Unchanged
7822,0,Unchanged
7823,0.00011188537362153,Unchanged
7824,0.00747137328142446,Unchanged
7825,4590912.51029342,Unchanged
7826,840292.728686359,Unchanged
7827,0.202939415560102,Downregulated
7828,0,Unchanged
7829,0,Unchanged
7830,0,Unchanged
7831,0.015642181412601,Downregulated
7832,0.314466829762013,Downregulated
7833,0,Unchanged
7834,0,Unchanged
7835,0,Unchanged
7836,43560622.6031165,Unchanged
7837,0.582251099727183,Unchanged
7838,0.413228515672697,Downregulated
7839,0.291125548119119,Downregulated
7840,21780311.1289791,Unchanged
7841,0,Unchanged
7842,0,Unchanged
7843,0,Unchanged
7844,0,Unchanged
7845,0,Unchanged
7846,2755112.19073059,Unchanged
7847,0.831389962362113,Unchanged
7848,0.112784096872254,Downregulated
7849,0.0215960373842868,Downregulated
7850,0.137491778913744,Downregulated
7851,0.0444763087340685,Downregulated
7852,0,Unchanged
7853,2.93929936105997e-08,Unchanged
7854,0.0838082509759278,Downregulated
7855,0.0282880600267389,Downregulated
7856,0.0152998060606701,Downregulated
7857,379377.886578134,Unchanged
7858,320665.854668111,Unchanged
7859,1.42765030373313e-08,Unchanged
7860,0.409049398840103,Downregulated
7861,0,Unchanged
7862,0,Unchanged
7863,0,Unchanged
7864,0.0933788418756947,Downregulated
7865,0.000864277934975494,Unchanged
7866,43146.9578287202,Unchanged
7867,6.00800031343658,Upregulated
7868,39.6610303799825,Upregulated
7869,3.87804053428358,Upregulated
7870,3.87804053428358,Upregulated
7871,3.87804055752145,Upregulated
7872,4.66472924760356,Upregulated
7873,1.02093607418248,Unchanged
7874,909.47667207896,Upregulated
7875,0.0815295847441037,Downregulated
7876,0,Unchanged
7877,0,Unchanged
7878,38.6032955937359,Upregulated
7879,0.000198763219706073,Unchanged
7880,0.00164831309981298,Unchanged
7881,0.00164831309983528,Unchanged
7882,0.00197131890519715,Unchanged
7883,0.00178218175933518,Unchanged
7884,0.191308773610917,Downregulated
7885,0.191308773610917,Downregulated
7886,0.191308773610917,Downregulated
7887,8666233.80706116,Unchanged
7888,1.99990729787655,Unchanged
7889,0.159387980731892,Downregulated
7890,0.0659514253906597,Downregulated
7891,0.0462367873967323,Downregulated
7892,0.191308773610917,Downregulated
7893,0.191308770478361,Downregulated
7894,0.191308770478361,Downregulated
7895,0,Unchanged
7896,0,Unchanged
7897,1.30481525767334e-06,Unchanged
7898,0,Unchanged
7899,0.168647815984712,Downregulated
7900,0.0077804037699761,Unchanged
7901,0.13544527346776,Downregulated
7902,0.156536286812682,Downregulated
7903,0.124113949182026,Downregulated
7904,0.122497042823003,Downregulated
7905,0.56436924058091,Unchanged
7906,3235960.12490795,Unchanged
7907,0.16907833776228,Downregulated
7908,0.0359157978337442,Downregulated
7909,22688523.3357655,Unchanged
7910,0.000395835500978104,Unchanged
7911,0,Unchanged
7912,0,Unchanged
7913,0,Unchanged
7914,2.01637720469357e-07,Unchanged
7915,1.11236159634858,Unchanged
7916,0,Unchanged
7917,1.76657905620893,Unchanged
7918,961.341774399319,Upregulated
7919,1064.91946216724,Upregulated
7920,0.000138816452289907,Unchanged
7921,0.00222460087936482,Unchanged
7922,0.00751852426272279,Unchanged
7923,0,Unchanged
7924,0.0215283329169272,Downregulated
7925,0.00796949626553608,Unchanged
7926,0,Unchanged
7927,0,Unchanged
7928,0,Unchanged
7929,0,Unchanged
7930,0.00460761390722916,Unchanged
7931,0,Unchanged
7932,0,Unchanged
7933,0,Unchanged
7934,0.00043084554969156,Unchanged
7935,0.012204207491747,Downregulated
7936,0.000217316847690513,Unchanged
7937,0.000430870546901756,Unchanged
7938,0.0004308705434542,Unchanged
7939,5.2787316105553e-10,Unchanged
7940,0.00150512489153727,Unchanged
7941,5.2787316105553e-10,Unchanged
7942,0,Unchanged
7943,0,Unchanged
7944,0,Unchanged
7945,0,Unchanged
7946,0.00172495408809371,Unchanged
7947,6535486.95976309,Unchanged
7948,0,Unchanged
7949,0.0845563856031666,Downregulated
7950,1.11676782420602e-05,Unchanged
7951,4.14595366754135e-07,Unchanged
7952,0,Unchanged
7953,0,Unchanged
7954,0,Unchanged
7955,0.177729796168099,Downregulated
7956,30894610.8976037,Unchanged
7957,18735446.4431563,Unchanged
7958,0.290315777935818,Downregulated
7959,0,Unchanged
7960,0,Unchanged
7961,4.07766473529136e-08,Unchanged
7962,0,Unchanged
7963,0.750131192150693,Unchanged
7964,0.302939545914457,Downregulated
7965,103994805.684734,Unchanged
7966,1080.0248961354,Upregulated
7967,9.77413770213206,Upregulated
7968,1.49589763688652,Unchanged
7969,1.8380618358011,Unchanged
7970,1.07923188412731,Unchanged
7971,1.52147000770919,Unchanged
7972,1.68539750836241,Unchanged
7973,0.412069826408368,Downregulated
7974,0.193855872999631,Downregulated
7975,280724.49578476,Unchanged
7976,0.0327994581235611,Downregulated
7977,280724.496841949,Unchanged
7978,103994804.947026,Unchanged
7979,6.68565805006937,Upregulated
7980,0,Unchanged
7981,0,Unchanged
7982,0,Unchanged
7983,0.042254259620619,Downregulated
7984,0.18012092598591,Downregulated
7985,0.302268761357463,Downregulated
7986,10.6816884005321,Upregulated
7987,0,Unchanged
7988,0,Unchanged
7989,0,Unchanged
7990,3723821.41896827,Unchanged
7991,0,Unchanged
7992,205969.803981574,Unchanged
7993,911590.388738372,Unchanged
7994,37975016.1481475,Unchanged
7995,4.68601822370385,Upregulated
7996,0.0436421753122538,Downregulated
7997,0.0827851691225959,Downregulated
7998,0.0282822408179855,Downregulated
7999,0.0282822407356647,Downregulated
8000,0.00422899175357287,Unchanged
8001,0,Unchanged
8002,0.00431296097539539,Unchanged
8003,0.0361403095817091,Downregulated
8004,0.00782870182157523,Unchanged
8005,0,Unchanged
8006,976083.662581231,Unchanged
8007,297797.884721868,Unchanged
8008,0.0530220296360055,Downregulated
8009,0,Unchanged
8010,0.0611395180388655,Downregulated
8011,0.160458791996176,Downregulated
8012,0.152111900521801,Downregulated
8013,4839853.11867122,Unchanged
8014,0,Unchanged
8015,1.89725722066214e-08,Unchanged
8016,0,Unchanged
8017,157989229.850104,Unchanged
8018,0.985020111258125,Unchanged
8019,0,Unchanged
8020,0.489177535883483,Downregulated
8021,7326033.56963336,Unchanged
8022,0.428486792239495,Downregulated
8023,15892880.6323909,Unchanged
8024,0.0793807213898041,Downregulated
8025,1.92608606371938e-05,Unchanged
8026,0.217010312129575,Downregulated
8027,0.0376228627760665,Downregulated
8028,2460482.45923479,Unchanged
8029,2.24823155272686,Upregulated
8030,0.00242341950937295,Unchanged
8031,0.00247248486076552,Unchanged
8032,0.0048959043700625,Unchanged
8033,0,Unchanged
8034,0.215446084486927,Downregulated
8035,0.00211570624729675,Unchanged
8036,0.00223367209120062,Unchanged
8037,0.0190538063785992,Downregulated
8038,0,Unchanged
8039,0,Unchanged
8040,4683861.73050711,Unchanged
8041,0,Unchanged
8042,0.0459845970940598,Downregulated
8043,4683861.74048361,Unchanged
8044,0.100372638083957,Downregulated
8045,0.100372638952308,Downregulated
8046,0,Unchanged
8047,0.401490535780334,Downregulated
8048,0.100372640621382,Downregulated
8049,4683861.6706481,Unchanged
8050,0.00494496966886777,Unchanged
8051,0.00247248488709716,Unchanged
8052,0.00494496981632494,Unchanged
8053,6438615.06800335,Unchanged
8054,7556490.57712947,Unchanged
8055,0.0459618935160086,Downregulated
8056,0.00247248490289614,Unchanged
8057,0.00247248491626768,Unchanged
8058,0.00235127750440093,Unchanged
8059,0.00623580622806735,Unchanged
8060,0,Unchanged
8061,0.769706381366891,Unchanged
8062,3.76238748472955e-06,Unchanged
8063,4637232.31501877,Unchanged
8064,56.5360437467782,Upregulated
8065,0,Unchanged
8066,13402232.7213266,Unchanged
8067,1523972.34745902,Unchanged
8068,280180.37424683,Unchanged
8069,0,Unchanged
8070,0.334378831839326,Downregulated
8071,0.0165218683359448,Downregulated
8072,0.0165218683359448,Downregulated
8073,0.000361832021421195,Unchanged
8074,8.65638316309532e-10,Unchanged
8075,0.15055895920147,Downregulated
8076,0,Unchanged
8077,0,Unchanged
8078,0,Unchanged
8079,0.190569951282571,Downregulated
8080,0,Unchanged
8081,0.791987563888721,Unchanged
8082,0,Unchanged
8083,0,Unchanged
8084,0,Unchanged
8085,0,Unchanged
8086,8876801.82313291,Unchanged
8087,4683861.71055411,Unchanged
8088,0.00242341949545964,Unchanged
8089,0.00437245656915985,Unchanged
8090,0.0122410417402393,Downregulated
8091,0.00137550983579931,Unchanged
8092,0,Unchanged
8093,0,Unchanged
8094,1.93730691080418e-08,Unchanged
8095,0,Unchanged
8096,1.89725717518741e-08,Unchanged
8097,0,Unchanged
8098,7.5272168032825e-08,Unchanged
8099,16672553.2393009,Unchanged
8100,2277300.88658905,Unchanged
8101,0.02388474720139,Downregulated
8102,16672553.1072145,Unchanged
8103,1.17547946712526e-05,Unchanged
8104,0,Unchanged
8105,4.96715979669108e-07,Unchanged
8106,0,Unchanged
8107,0,Unchanged
8108,3.05270130325895,Upregulated
8109,0,Unchanged
8110,86082510.0403296,Unchanged
8111,4.7526828690613,Upregulated
8112,204402465.414265,Unchanged
8113,204402465.414265,Unchanged
8114,9.62596733362824,Upregulated
8115,172165020.080659,Unchanged
8116,56.4080975463495,Upregulated
8117,20.2472578624395,Upregulated
8118,20.2472570955898,Upregulated
8119,408804930.828531,Unchanged
8120,204402466.109844,Unchanged
8121,68134155.369948,Unchanged
8122,21.3166993554157,Upregulated
8123,4.46217157004059,Upregulated
8124,0.967594648482878,Unchanged
8125,0.575494879941129,Unchanged
8126,0.575494879941129,Unchanged
8127,1.87903207243682,Unchanged
8128,0,Unchanged
8129,0.683598157426803,Unchanged
8130,2.40623748680248,Upregulated
8131,103994816.712569,Unchanged
8132,32.882687841831,Upregulated
8133,86082510.0403296,Unchanged
8134,2.79915234464921,Upregulated
8135,424.286589907756,Upregulated
8136,128828830.897791,Unchanged
8137,276150175.800316,Unchanged
8138,0.0973330663949201,Downregulated
8139,0.51815737967168,Unchanged
8140,7.20893679991156,Upregulated
8141,0.0973330663949201,Downregulated
8142,0.0973330648011548,Downregulated
8143,0.0973330636504015,Downregulated
8144,0.098050489057698,Downregulated
8145,0.170496963893499,Downregulated
8146,0.307673095208727,Downregulated
8147,0.272128909457915,Downregulated
8148,0.0229002662439368,Downregulated
8149,5.08725947309498e-09,Unchanged
8150,0.0189675644487899,Downregulated
8151,9.46860457593679e-05,Unchanged
8152,4.5288818166135e-05,Unchanged
8153,0,Unchanged
8154,8114539.27277692,Unchanged
8155,0,Unchanged
8156,2003801.349781,Unchanged
8157,0,Unchanged
8158,0,Unchanged
8159,2111.19926069274,Upregulated
8160,103994805.684734,Unchanged
8161,0.56436924058091,Unchanged
8162,0,Unchanged
8163,814.937554049019,Upregulated
8164,393970.184110322,Unchanged
8165,0.0818968069813264,Downregulated
8166,31785761.3783459,Unchanged
8167,2550921.14963852,Unchanged
8168,0.172499548781054,Downregulated
8169,0,Unchanged
8170,0,Unchanged
8171,0.00611117472719642,Unchanged
8172,2.16343247821358,Upregulated
8173,0,Unchanged
8174,0.000201012241829859,Unchanged
8175,1632382.85814738,Unchanged
8176,0.0978608721423981,Downregulated
8177,0,Unchanged
8178,35190.0422647202,Unchanged
8179,0,Unchanged
8180,0,Unchanged
8181,0.00610032224231142,Unchanged
8182,0,Unchanged
8183,0,Unchanged
8184,0,Unchanged
8185,0.00260436426057481,Unchanged
8186,0.0586504995159642,Downregulated
8187,0,Unchanged
8188,0,Unchanged
8189,0,Unchanged
8190,1944591.92868491,Unchanged
8191,0,Unchanged
8192,0,Unchanged
8193,0,Unchanged
8194,0.270448146604505,Downregulated
8195,0,Unchanged
8196,0,Unchanged
8197,0,Unchanged
8198,12.6274006876307,Upregulated
8199,2.71434239822136e-07,Unchanged
8200,1.2148479988084,Unchanged
8201,0,Unchanged
8202,0,Unchanged
8203,231743.617098454,Unchanged
8204,9367723.3412962,Unchanged
8205,0,Unchanged
8206,109.693310939096,Upregulated
8207,0,Unchanged
8208,0,Unchanged
8209,0.0611018309308095,Downregulated
8210,0,Unchanged
8211,35466.1160393968,Unchanged
8212,0.409247002795282,Downregulated
8213,1.74045154447808,Unchanged
8214,1.1813118975714,Unchanged
8215,0,Unchanged
8216,0.239690727877806,Downregulated
8217,0.15007577856016,Downregulated
8218,0,Unchanged
8219,0,Unchanged
8220,13.7066665234539,Upregulated
8221,0,Unchanged
8222,2.98581896833142,Upregulated
8223,0,Unchanged
8224,2.42581316717372,Upregulated
8225,0,Unchanged
8226,0,Unchanged
8227,0.284985809147128,Downregulated
8228,0,Unchanged
8229,0,Unchanged
8230,0,Unchanged
8231,0,Unchanged
8232,78994616.7766303,Unchanged
8233,0,Unchanged
8234,1.30928752791294,Unchanged
8235,1.36861280141529,Unchanged
8236,0.429959299511032,Downregulated
8237,86082510.0333093,Unchanged
8238,0,Unchanged
8239,0,Unchanged
8240,0.00803884482982998,Unchanged
8241,0,Unchanged
8242,0.338787428296615,Downregulated
8243,0,Unchanged
8244,0.0404649736017889,Downregulated
8245,0.0761209543400648,Downregulated
8246,0.0166742565242369,Downregulated
8247,0,Unchanged
8248,0.0524185597106855,Downregulated
8249,0,Unchanged
8250,0,Unchanged
8251,0,Unchanged
8252,1.84680421022901e-08,Unchanged
8253,0,Unchanged
8254,0,Unchanged
8255,0.109538154355097,Downregulated
8256,0.0143794074818961,Downregulated
8257,0.282461022593395,Downregulated
8258,2.75720187696068e-08,Unchanged
8259,1028477.62962837,Unchanged
8260,0.149074955943112,Downregulated
8261,0.00269119092241341,Unchanged
8262,99755.3299007099,Unchanged
8263,0.0827450355768636,Downregulated
8264,0.161384861426246,Downregulated
8265,1.64367732281789e-07,Unchanged
8266,0.0752607323491873,Downregulated
8267,0.613440758623429,Unchanged
8268,0.407417557290377,Downregulated
8269,0.406898744140403,Downregulated
8270,4.37616416994579,Upregulated
8271,331673.862112029,Unchanged
8272,0.410111465874116,Downregulated
8273,0.00981853409985234,Unchanged
8274,0.0209262308425203,Downregulated
8275,0,Unchanged
8276,0,Unchanged
8277,0,Unchanged
8278,0,Unchanged
8279,10.7746254373602,Upregulated
8280,0,Unchanged
8281,8024315.9693018,Unchanged
8282,1.99999906227229,Unchanged
8283,0,Unchanged
8284,0.0841398780363364,Downregulated
8285,0.113571285376858,Downregulated
8286,459229.257607298,Unchanged
8287,9002987.31098601,Unchanged
8288,0,Unchanged
8289,40.2883341444759,Upregulated
8290,0,Unchanged
8291,758755.774138027,Unchanged
8292,0.0617890300957209,Downregulated
8293,0.0124377015261485,Downregulated
8294,0,Unchanged
8295,0.185839568328405,Downregulated
8296,28465732.8794062,Unchanged
8297,4501493.68933948,Unchanged
8298,1513160.22177829,Unchanged
8299,4578712.30865016,Unchanged
8300,0,Unchanged
8301,0.99999877486981,Unchanged
8302,4683861.74048361,Unchanged
8303,0.341011824746284,Downregulated
8304,398.83566971898,Upregulated
8305,327.696078628046,Upregulated
8306,1280.62802580449,Upregulated
8307,0.0294073914307857,Downregulated
8308,0.00288778501194009,Unchanged
8309,0,Unchanged
8310,0,Unchanged
8311,0,Unchanged
8312,0,Unchanged
8313,0,Unchanged
8314,0,Unchanged
8315,0,Unchanged
8316,0,Unchanged
8317,0.00384595988765294,Unchanged
8318,0,Unchanged
8319,0.00931837063797638,Unchanged
8320,0,Unchanged
8321,0.00428344747864802,Unchanged
8322,0.00313798752475236,Unchanged
8323,0.00313798752475236,Unchanged
8324,0.00313798752475236,Unchanged
8325,0.00894798062084877,Unchanged
8326,0.000212118999162473,Unchanged
8327,0,Unchanged
8328,0.000152400113544983,Unchanged
8329,0,Unchanged
8330,0.000212118982183515,Unchanged
8331,0.000121986747510097,Unchanged
8332,0.000121986747510097,Unchanged
8333,0.000121986746942118,Unchanged
8334,0.0122142621733827,Downregulated
8335,0.00759473500329111,Unchanged
8336,0,Unchanged
8337,0,Unchanged
8338,0.000882682149259998,Unchanged
8339,0.000193802008907421,Unchanged
8340,0,Unchanged
8341,0,Unchanged
8342,0.00429682606351459,Unchanged
8343,0.00416891521340992,Unchanged
8344,0.000121207388046011,Unchanged
8345,0,Unchanged
8346,0.0167128257055832,Downregulated
8347,0,Unchanged
8348,0,Unchanged
8349,0.0164363141775249,Downregulated
8350,5.278731123326e-10,Unchanged
8351,0,Unchanged
8352,0,Unchanged
8353,0,Unchanged
8354,0.0883861503429509,Downregulated
8355,4.70932056231277e-08,Unchanged
8356,0,Unchanged
8357,0,Unchanged
8358,0,Unchanged
8359,0,Unchanged
8360,0.0428177731405565,Downregulated
8361,0,Unchanged
8362,0,Unchanged
8363,229614.628803649,Unchanged
8364,0.0689845675800609,Downregulated
8365,0.0283496275983226,Downregulated
8366,0.00373525701586538,Unchanged
8367,8.65638316309532e-10,Unchanged
8368,0,Unchanged
8369,0.037067255009267,Downregulated
8370,0.0144266567661277,Downregulated
8371,241293.492406067,Unchanged
8372,0,Unchanged
8373,0,Unchanged
8374,1600167.09988604,Unchanged
8375,5510224.40389804,Unchanged
8376,0.0716662723035536,Downregulated
8377,0.0827450415267296,Downregulated
8378,0.0827450410779987,Downregulated
8379,0.0731500431767891,Downregulated
8380,0.0827450392588173,Downregulated
8381,0.0827450333089513,Downregulated
8382,0.00626162937714511,Unchanged
8383,0.177071260631715,Downregulated
8384,0.0827450367832068,Downregulated
8385,0.0827450395434409,Downregulated
8386,0.125911587520186,Downregulated
8387,7.54571559496088,Upregulated
8388,0.190041444134309,Downregulated
8389,0,Unchanged
8390,213311.712758087,Unchanged
8391,0.0146190092486029,Downregulated
8392,0.0146190091616217,Downregulated
8393,0.799601691675813,Unchanged
8394,0.173904012636533,Downregulated
8395,0.0305157166890893,Downregulated
8396,0.155916550365386,Downregulated
8397,0,Unchanged
8398,19.4053365605512,Upregulated
8399,0.894493513724603,Unchanged
8400,213311.712437363,Unchanged
8401,4361297.87070293,Unchanged
8402,4683861.82934852,Unchanged
8403,5947414.19810115,Unchanged
8404,0.0808332380621062,Downregulated
8405,0.0808332380621062,Downregulated
8406,0.0154861497041174,Downregulated
8407,0,Unchanged
8408,847353.351598336,Unchanged
8409,0,Unchanged
8410,0,Unchanged
8411,3.48151187944677e-08,Unchanged
8412,1013716.80895419,Unchanged
8413,0,Unchanged
8414,5275219.61447855,Unchanged
8415,0,Unchanged
8416,0,Unchanged
8417,0,Unchanged
8418,0.00267363532964091,Unchanged
8419,0,Unchanged
8420,0.00136645930728463,Unchanged
8421,0.00290186955265724,Unchanged
8422,0.0165227099193839,Downregulated
8423,0,Unchanged
8424,0,Unchanged
8425,0,Unchanged
8426,0,Unchanged
8427,911343.450795691,Unchanged
8428,0.00208436069464472,Unchanged
8429,0.00463624053913946,Unchanged
8430,0.00114406210625453,Unchanged
8431,0.0539776141190947,Downregulated
8432,0.673126651346611,Unchanged
8433,0.222493948174924,Downregulated
8434,0.0212728079552793,Downregulated
8435,0.00705029764433662,Unchanged
8436,0.02333748821624,Downregulated
8437,0.00705029761430272,Unchanged
8438,0.00822943584026237,Unchanged
8439,0.0539776144503891,Downregulated
8440,0.0233374876837465,Downregulated
8441,0.0516422545510643,Downregulated
8442,104.788223359436,Upregulated
8443,0,Unchanged
8444,0,Unchanged
8445,0,Unchanged
8446,2.23353570633549e-05,Unchanged
8447,0,Unchanged
8448,0,Unchanged
8449,2.36317072051406e-06,Unchanged
8450,0.096445908275974,Downregulated
8451,2825244.18348731,Unchanged
8452,0,Unchanged
8453,52.3078601793978,Upregulated
8454,0.496686850957613,Downregulated
8455,0,Unchanged
8456,0,Unchanged
8457,1.66310535052132,Unchanged
8458,1.58157574827023,Unchanged
8459,4454247.07379976,Unchanged
8460,0,Unchanged
8461,0,Unchanged
8462,0,Unchanged
8463,0,Unchanged
8464,2,Upregulated
8465,0,Unchanged
8466,0,Unchanged
8467,0,Unchanged
8468,0,Unchanged
8469,0,Unchanged
8470,0,Unchanged
8471,0,Unchanged
8472,0,Unchanged
8473,0,Unchanged
8474,0,Unchanged
8475,0,Unchanged
8476,0,Unchanged
8477,0,Unchanged
8478,0,Unchanged
8479,0,Unchanged
8480,0,Unchanged
8481,0,Unchanged
8482,0,Unchanged
8483,0,Unchanged
8484,0.970094470756972,Unchanged
8485,0,Unchanged
8486,0,Unchanged
8487,0,Unchanged
8488,0.500893443968435,Unchanged
8489,0,Unchanged
8490,0,Unchanged
8491,0,Unchanged
8492,0,Unchanged
8493,0,Unchanged
8494,0,Unchanged
8495,0,Unchanged
8496,0,Unchanged
8497,0,Unchanged
8498,0,Unchanged
8499,0,Unchanged
8500,0,Unchanged
8501,0,Unchanged
8502,0,Unchanged
8503,0,Unchanged
8504,0,Unchanged
8505,0.028280243559136,Downregulated
8506,0.0637223918331815,Downregulated
8507,0.023059222455762,Downregulated
8508,0.0421953534319245,Downregulated
8509,0.0986702154017266,Downregulated
8510,0.137786234501016,Downregulated
8511,0,Unchanged
8512,2598706.45099875,Unchanged
8513,0.0497648356819997,Downregulated
8514,0.00937244304289916,Unchanged
8515,42513.916492183,Unchanged
8516,1.19306854458046e-08,Unchanged
8517,1.37388361646226,Unchanged
8518,1898839.58785761,Unchanged
8519,25.9696848776864,Upregulated
8520,4.55607878393494e-08,Unchanged
8521,0.91710620043786,Unchanged
8522,0.365563418114373,Downregulated
8523,0.365563424343496,Downregulated
8524,0.082785169686939,Downregulated
8525,0.565826156055121,Unchanged
8526,1.25645950265522,Unchanged
8527,2.02595011662501,Upregulated
8528,100.590867102417,Upregulated
8529,0.0097193665162932,Unchanged
8530,1226.48931462186,Upregulated
8531,459229.257604301,Unchanged
8532,0,Unchanged
8533,22399563.5077622,Unchanged
8534,7981816.29121024,Unchanged
8535,0,Unchanged
8536,0,Unchanged
8537,18525.9086566563,Upregulated
8538,0,Unchanged
8539,0,Unchanged
8540,0.0279833412921839,Downregulated
8541,0.422348094329158,Downregulated
8542,2851712.49180111,Unchanged
8543,0.0989253939364104,Downregulated
8544,2851712.48699355,Unchanged
8545,0.0989253857672921,Downregulated
8546,0.422348093644527,Downregulated
8547,1.22524561191475,Unchanged
8548,1.22524561191475,Unchanged
8549,11554325.5398771,Unchanged
8550,1719682.85625582,Unchanged
8551,0.186840686000031,Downregulated
8552,0,Unchanged
8553,279071.04343796,Unchanged
8554,0.026152378771469,Downregulated
8555,0,Unchanged
8556,0,Unchanged
8557,0,Unchanged
8558,0,Unchanged
8559,0,Unchanged
8560,0.0003855782768439,Unchanged
8561,0.105342184424953,Downregulated
8562,29304104.9040147,Unchanged
8563,1.79211689111284,Unchanged
8564,0.772959438112186,Unchanged
8565,0.555001724878493,Unchanged
8566,2747582.13378062,Unchanged
8567,0.430573670350566,Downregulated
8568,0,Unchanged
8569,0,Unchanged
8570,0.554894614877591,Unchanged
8571,0.0104240052467893,Downregulated
8572,0,Unchanged
8573,7640965.06286895,Unchanged
8574,0.0273742727526277,Downregulated
8575,0.053022030316058,Downregulated
8576,0.0830769324971446,Downregulated
8577,0,Unchanged
8578,0.554894643185172,Unchanged
8579,1.07479167972994,Unchanged
8580,0,Unchanged
8581,1.14377928913878,Unchanged
8582,0.125975981166006,Downregulated
8583,0.24400656479132,Downregulated
8584,0,Unchanged
8585,1.68585720921506,Unchanged
8586,5495163.68484216,Unchanged
8587,1972442.96830451,Unchanged
8588,3820482.53143447,Unchanged
8589,514877.587423888,Unchanged
8590,3820482.53143447,Unchanged
8591,1972442.97847746,Unchanged
8592,3820482.53143447,Unchanged
8593,1029755.17484778,Unchanged
8594,8.951342027774,Upregulated
8595,0,Unchanged
8596,5947414.1975706,Unchanged
8597,1.49873098953988,Unchanged
8598,0,Unchanged
8599,0,Unchanged
8600,22952.1650744057,Unchanged
8601,0,Unchanged
8602,0,Unchanged
8603,0,Unchanged
8604,0.114725767967593,Downregulated
8605,0.01054371595721,Downregulated
8606,0,Unchanged
8607,0,Unchanged
8608,28.3926052512967,Upregulated
8609,0.105537574490767,Downregulated
8610,0.00627662424352035,Unchanged
8611,0,Unchanged
8612,0,Unchanged
8613,0.0122147736483325,Downregulated
8614,5773500.75261407,Unchanged
8615,15757595.3521884,Unchanged
8616,2550921.17643253,Unchanged
8617,9181825.0074082,Unchanged
8618,0,Unchanged
8619,0,Unchanged
8620,4599115.96428331,Unchanged
8621,7879918534.01382,Unchanged
8622,2178497.42855025,Unchanged
8623,0.123408296785345,Downregulated
8624,0.148102557279592,Downregulated
8625,0.148102550130284,Downregulated
8626,0.137970055454954,Downregulated
8627,0.609249281818277,Unchanged
8628,7806140.36169101,Unchanged
8629,0.206590928299075,Downregulated
8630,7806140.36169101,Unchanged
8631,1972442.97051602,Unchanged
8632,5287948.91436116,Unchanged
8633,0,Unchanged
8634,2.77173721366475,Upregulated
8635,0.180544392377179,Downregulated
8636,0.157360399850865,Downregulated
8637,0,Unchanged
8638,0,Unchanged
8639,0,Unchanged
8640,15612280.723382,Unchanged
8641,0,Unchanged
8642,0.0460064620766022,Downregulated
8643,0.0523938775949176,Downregulated
8644,696755.486380254,Unchanged
8645,0.0374780641623461,Downregulated
8646,0,Unchanged
8647,0,Unchanged
8648,0,Unchanged
8649,0.155220000803381,Downregulated
8650,0.155220004410301,Downregulated
8651,0,Unchanged
8652,0.13476332959045,Downregulated
8653,0.0746650956964757,Downregulated
8654,0.0837102083243294,Downregulated
8655,0.0837102094698926,Downregulated
8656,0.100191191284177,Downregulated
8657,0.100191184291834,Downregulated
8658,0.100191186627799,Downregulated
8659,0.100191181583389,Downregulated
8660,0.00626163028000202,Unchanged
8661,0.0955999945946425,Downregulated
8662,0.0451984263175656,Downregulated
8663,0,Unchanged
8664,0.0966158130065487,Downregulated
8665,0.128023135706799,Downregulated
8666,0.0329619562694154,Downregulated
8667,0.12802312924912,Downregulated
8668,0.0837102053390992,Downregulated
8669,0.0837102149057773,Downregulated
8670,4049020.98008753,Unchanged
8671,0.189611364054123,Downregulated
8672,0.0914841755824897,Downregulated
8673,0.0752550240378743,Downregulated
8674,346889.738473468,Unchanged
8675,5093889.92452123,Unchanged
8676,0,Unchanged
8677,13958224.8848301,Unchanged
8678,13958224.8826151,Unchanged
8679,13958224.8826151,Unchanged
8680,0.0968586319653306,Downregulated
8681,0.100566202905919,Downregulated
8682,0.100566200553404,Downregulated
8683,0.462804179762874,Downregulated
8684,1.58181958012878,Unchanged
8685,0.619442298865245,Unchanged
8686,2.11780095186904,Upregulated
8687,0.619619947773706,Unchanged
8688,2.11719364225753,Upregulated
8689,0.214440041162493,Downregulated
8690,0.054104319138773,Downregulated
8691,3053010.37087344,Unchanged
8692,0.33503409253985,Downregulated
8693,0.079679273583581,Downregulated
8694,0.079679273583581,Downregulated
8695,0.0796792730669371,Downregulated
8696,0.0504027482816525,Downregulated
8697,0.0541043165451556,Downregulated
8698,7759103.33938591,Unchanged
8699,0.0583118996802406,Downregulated
8700,7759103.33938591,Unchanged
8701,4590912.51328857,Unchanged
8702,0,Unchanged
8703,0,Unchanged
8704,0.0617890276965029,Downregulated
8705,0.061789032148657,Downregulated
8706,0.0617890320560944,Downregulated
8707,0.0617890295569052,Downregulated
8708,0.0871014094414909,Downregulated
8709,0.153953672552686,Downregulated
8710,0,Unchanged
8711,0,Unchanged
8712,0,Unchanged
8713,0,Unchanged
8714,0.0547434888753257,Downregulated
8715,0.090749132931471,Downregulated
8716,0,Unchanged
8717,0.0907491295328208,Downregulated
8718,0,Unchanged
8719,0.0165397626397902,Downregulated
8720,0,Unchanged
8721,0.0165397626397902,Downregulated
8722,0,Unchanged
8723,5287799.78036506,Unchanged
8724,2210784.95039382,Unchanged
8725,5106983.89909423,Unchanged
8726,7361471.61844426,Unchanged
8727,1393510.97273286,Unchanged
8728,3944885.94545506,Unchanged
8729,0,Unchanged
8730,0,Unchanged
8731,206312068.134545,Unchanged
8732,0,Unchanged
8733,0,Unchanged
8734,0,Unchanged
8735,0,Unchanged
8736,11168162.2968216,Unchanged
8737,11168162.2968216,Unchanged
8738,0,Unchanged
8739,0,Unchanged
8740,0,Unchanged
8741,0,Unchanged
8742,0,Unchanged
8743,0,Unchanged
8744,0,Unchanged
8745,0,Unchanged
8746,0,Unchanged
8747,0,Unchanged
8748,0,Unchanged
8749,0,Unchanged
8750,0,Unchanged
8751,9367723.44106122,Unchanged
8752,0,Unchanged
8753,0,Unchanged
8754,0,Unchanged
8755,0,Unchanged
8756,0,Unchanged
8757,4717364.91255105,Unchanged
8758,0,Unchanged
8759,0,Unchanged
8760,0,Unchanged
8761,0,Unchanged
8762,9367723.44106122,Unchanged
8763,0,Unchanged
8764,0,Unchanged
8765,10136170.0442037,Unchanged
8766,3944885.94579205,Unchanged
8767,7640965.03499132,Unchanged
8768,7640965.06402565,Unchanged
8769,3944885.94579205,Unchanged
8770,5194077.66478491,Unchanged
8771,5194077.66478491,Unchanged
8772,5194077.66478491,Unchanged
8773,5194077.66478491,Unchanged
8774,11889173.5378808,Unchanged
8775,15518206.6756928,Unchanged
8776,17397774.428651,Unchanged
8777,17397774.428651,Unchanged
8778,5194077.66478491,Unchanged
8779,5194077.66478491,Unchanged
8780,0,Unchanged
8781,17397774.428651,Unchanged
8782,0,Unchanged
8783,5194077.66478491,Unchanged
8784,0,Unchanged
8785,11168162.2968216,Unchanged
8786,0,Unchanged
8787,0,Unchanged
8788,0,Unchanged
8789,17397774.428651,Unchanged
8790,17397774.428651,Unchanged
8791,17397774.428651,Unchanged
8792,5194077.66478491,Unchanged
8793,5194077.66478491,Unchanged
8794,17397774.428651,Unchanged
8795,5194077.66478491,Unchanged
8796,5194077.66478491,Unchanged
8797,0,Unchanged
8798,11168162.2968216,Unchanged
8799,11168162.2968216,Unchanged
8800,6550842.49862893,Unchanged
8801,0,Unchanged
8802,0,Unchanged
8803,17397774.428651,Unchanged
8804,17397774.428651,Unchanged
8805,5194077.66478491,Unchanged
8806,5194077.66478491,Unchanged
8807,0,Unchanged
8808,17397774.428651,Unchanged
8809,5194077.66478491,Unchanged
8810,17397774.428651,Unchanged
8811,17397774.428651,Unchanged
8812,17397774.428651,Unchanged
8813,5194077.66478491,Unchanged
8814,17397774.428651,Unchanged
8815,5194077.66478491,Unchanged
8816,5194077.66478491,Unchanged
8817,5194077.66478491,Unchanged
8818,4717364.91255105,Unchanged
8819,6445042.70651019,Unchanged
8820,0,Unchanged
8821,281842.162950505,Unchanged
8822,5194077.66478491,Unchanged
8823,5194077.66478491,Unchanged
8824,11168162.2968216,Unchanged
8825,0,Unchanged
8826,0,Unchanged
8827,0,Unchanged
8828,0,Unchanged
8829,0,Unchanged
8830,0,Unchanged
8831,0,Unchanged
8832,10555764.9359524,Unchanged
8833,0,Unchanged
8834,11168162.2968216,Unchanged
8835,5584081.1484108,Unchanged
8836,0,Unchanged
8837,0,Unchanged
8838,0,Unchanged
8839,0,Unchanged
8840,0,Unchanged
8841,0,Unchanged
8842,0,Unchanged
8843,0,Unchanged
8844,0,Unchanged
8845,0,Unchanged
8846,6550842.49862893,Unchanged
8847,6550842.49862893,Unchanged
8848,6550842.49862893,Unchanged
8849,22628271.4458951,Unchanged
8850,0,Unchanged
8851,0,Unchanged
8852,0,Unchanged
8853,0,Unchanged
8854,0,Unchanged
8855,0,Unchanged
8856,9367723.42110821,Unchanged
8857,9367723.42110821,Unchanged
8858,9367723.44106122,Unchanged
8859,10795110.091443,Unchanged
8860,4717364.91255105,Unchanged
8861,4717364.91255105,Unchanged
8862,4920029.77462242,Unchanged
8863,0,Unchanged
8864,6463859.69154448,Unchanged
8865,0,Unchanged
8866,1.30526181445815,Unchanged
8867,0,Unchanged
8868,12.6053116275112,Upregulated
8869,8521062.81058617,Unchanged
8870,9127828.41968532,Unchanged
8871,8521062.78994959,Unchanged
8872,40918796.182901,Unchanged
8873,0,Unchanged
8874,9367723.41113171,Unchanged
8875,19227978.8947095,Unchanged
8876,4717364.91255105,Unchanged
8877,81.4967980652029,Upregulated
8878,1632477.56825038,Unchanged
8879,47585.5750908556,Unchanged
8880,244.417182527329,Upregulated
8881,26519928.6441749,Unchanged
8882,26519928.4467818,Unchanged
8883,2.13777631966841,Upregulated
8884,1.98377218709454,Unchanged
8885,0,Unchanged
8886,0,Unchanged
8887,0,Unchanged
8888,81.4967980652029,Upregulated
8889,0,Unchanged
8890,26519928.6441749,Unchanged
8891,81.4967980652029,Upregulated
8892,653517.289071703,Unchanged
8893,4881773.26936293,Unchanged
8894,8336276.55496514,Unchanged
8895,407.483852398216,Upregulated
8896,0,Unchanged
8897,0,Unchanged
8898,123618.170336849,Unchanged
8899,0,Unchanged
8900,76124.7441763971,Unchanged
8901,0,Unchanged
8902,100627.155935672,Unchanged
8903,0,Unchanged
8904,4326390.34651064,Unchanged
8905,393970.183766233,Unchanged
8906,0,Unchanged
8907,393970.099720168,Unchanged
8908,6942242.26697903,Unchanged
8909,2,Upregulated
8910,4914939.39797303,Unchanged
8911,629089.064935701,Unchanged
8912,18191700.483065,Unchanged
8913,11693847.4886823,Unchanged
8914,393970.184551463,Unchanged
8915,9181825.03616161,Unchanged
8916,0,Unchanged
8917,9149928.9130525,Unchanged
8918,9149928.9121007,Unchanged
8919,2.13777631966844,Upregulated
8920,0,Unchanged
8921,660687.732149821,Unchanged
8922,173.491115517105,Upregulated
8923,14732140.4000071,Unchanged
8924,14720712.2689717,Unchanged
8925,9367723.3612492,Unchanged
8926,0,Unchanged
8927,9367723.3612492,Unchanged
8928,16965299.6697967,Unchanged
8929,9367723.41113171,Unchanged
8930,11844448.3760631,Unchanged
8931,35305339.7120757,Unchanged
8932,1179795.5047202,Unchanged
8933,11894744.2872701,Unchanged
8934,202900255.361502,Unchanged
8935,11894828.3962023,Unchanged
8936,41064866.9219272,Unchanged
8937,41064866.8608319,Unchanged
8938,41064866.9493147,Unchanged
8939,41064866.1824637,Unchanged
8940,41064866.8829526,Unchanged
8941,41064866.9493147,Unchanged
8942,2204724.42468358,Unchanged
8943,2204724.42460695,Unchanged
8944,5809679.07687892,Unchanged
8945,0,Unchanged
8946,0.704424069087758,Unchanged
8947,0.704424121948799,Unchanged
8948,0.000859397849459517,Unchanged
8949,0.704424106897482,Unchanged
8950,0,Unchanged
8951,0.795252692898982,Unchanged
8952,0.537515490283999,Unchanged
8953,0.537341059896098,Unchanged
8954,1.22430275282862,Unchanged
8955,1.22430287176282,Unchanged
8956,555734.67149262,Unchanged
8957,4683861.80034263,Unchanged
8958,0,Unchanged
8959,4683861.722725,Unchanged
8960,4683861.71055411,Unchanged
8961,9367723.39616696,Unchanged
8962,0,Unchanged
8963,5584081.1484108,Unchanged
8964,0,Unchanged
8965,0,Unchanged
8966,0.0369375205157897,Downregulated
8967,0,Unchanged
8968,0.0594225634713795,Downregulated
8969,0.088864905301783,Downregulated
8970,0.088864903808354,Downregulated
8971,1.21557011642944,Unchanged
8972,0.0888649028171968,Downregulated
8973,0.112837741668415,Downregulated
8974,1.11396630858449e-07,Unchanged
8975,0,Unchanged
8976,0,Unchanged
8977,0,Unchanged
8978,0.112837741144861,Downregulated
8979,0.1573994015679,Downregulated
8980,0.617616184885443,Unchanged
8981,1.9403400790452e-07,Unchanged
8982,7.52721710897377e-08,Unchanged
8983,2.48404372410299,Upregulated
8984,12.454672985339,Upregulated
8985,0,Unchanged
8986,0.140094898774132,Downregulated
8987,0,Unchanged
8988,0.106753525883688,Downregulated
8989,0,Unchanged
8990,0,Unchanged
8991,1.25075423015588,Unchanged
8992,0,Unchanged
8993,2.64935961564259e-08,Unchanged
8994,0,Unchanged
8995,0,Unchanged
8996,1289.82121055711,Upregulated
8997,11273899.9533579,Unchanged
8998,0,Unchanged
8999,9367723.56077925,Unchanged
9000,209.246569415384,Upregulated
9001,26266.3347465076,Unchanged
9002,0,Unchanged
9003,0,Unchanged
9004,0,Unchanged
9005,0,Unchanged
9006,0.381485762945006,Downregulated
9007,0,Unchanged
9008,0,Unchanged
9009,0,Unchanged
9010,0,Unchanged
9011,0.0160564350562852,Downregulated
9012,0.055359306155915,Downregulated
9013,0,Unchanged
9014,0,Unchanged
9015,0,Unchanged
9016,0,Unchanged
9017,0,Unchanged
9018,2.16345602212836,Upregulated
9019,0,Unchanged
9020,0,Unchanged
9021,2.38927364868302,Upregulated
9022,0,Unchanged
9023,0,Unchanged
9024,0.0199348411615913,Downregulated
9025,0.352564439345713,Downregulated
9026,0,Unchanged
9027,0,Unchanged
9028,1.21557006490074,Unchanged
9029,0,Unchanged
9030,0,Unchanged
9031,0.352564422132393,Downregulated
9032,0,Unchanged
9033,0.649919077298437,Unchanged
9034,1.64007984780413,Unchanged
9035,11702945.2910543,Unchanged
9036,0,Unchanged
9037,0,Unchanged
9038,0.0147076194532588,Downregulated
9039,1927349.58708197,Unchanged
9040,0.134534137785621,Downregulated
9041,0,Unchanged
9042,0,Unchanged
9043,0.879225068954839,Unchanged
9044,50.2253682845074,Upregulated
9045,0.0370400566552236,Downregulated
9046,0,Unchanged
9047,1.90566721342019,Unchanged
9048,0.138533658689104,Downregulated
9049,0,Unchanged
9050,0,Unchanged
9051,18414034.1454046,Unchanged
9052,6652414.36917395,Unchanged
9053,2.12744489659605e-06,Unchanged
9054,0.0376668423298566,Downregulated
9055,6.53803645402272,Upregulated
9056,0.320496093605244,Downregulated
9057,0,Unchanged
9058,0,Unchanged
9059,0.0507466140853712,Downregulated
9060,5.77381961193169e-08,Unchanged
9061,0,Unchanged
9062,0.0714808590426255,Downregulated
9063,0.365311146855555,Downregulated
9064,0.270266133532836,Downregulated
9065,0,Unchanged
9066,1.58507453954673,Unchanged
9067,0,Unchanged
9068,3.23413993386098e-06,Unchanged
9069,0.362492793682169,Downregulated
9070,0.000426673292324998,Unchanged
9071,0,Unchanged
9072,0.0447289706534036,Downregulated
9073,4.3190724786359e-08,Unchanged
9074,0.000302747398159105,Unchanged
9075,0.281894881903703,Downregulated
9076,0,Unchanged
9077,0,Unchanged
9078,1.42095774799166,Unchanged
9079,0.129149776456744,Downregulated
9080,0,Unchanged
9081,0,Unchanged
9082,0.0699783719300501,Downregulated
9083,0,Unchanged
9084,0.0369914896527743,Downregulated
9085,0.620861518617972,Unchanged
9086,0.749787254195812,Unchanged
9087,1.40037447927384,Unchanged
9088,0,Unchanged
9089,0.620861518655249,Unchanged
9090,0,Unchanged
9091,1.27272801779227e-07,Unchanged
9092,0,Unchanged
9093,1.27272969343383e-07,Unchanged
9094,1.99569984787581e-07,Unchanged
9095,1.99569984787581e-07,Unchanged
9096,0,Unchanged
9097,0.100372635595019,Downregulated
9098,2.51435425662088e-06,Unchanged
9099,4.26594293890573e-08,Unchanged
9100,0.0791075857023958,Downregulated
9101,0,Unchanged
9102,0.012534672791834,Downregulated
9103,1.78874751177422e-08,Unchanged
9104,0,Unchanged
9105,0,Unchanged
9106,0,Unchanged
9107,0.0982503922795799,Downregulated
9108,0.0158357603802057,Downregulated
9109,0.949064212142987,Unchanged
9110,0,Unchanged
9111,0.14493751598104,Downregulated
9112,1.0595582575107,Unchanged
9113,0.290273453720646,Downregulated
9114,0.144062765266667,Downregulated
9115,0,Unchanged
9116,0,Unchanged
9117,0.0549308226977016,Downregulated
9118,0.0748338367901572,Downregulated
9119,0.149221104320947,Downregulated
9120,0,Unchanged
9121,0.21562584598256,Downregulated
9122,0.0273712874955388,Downregulated
9123,8.39782666402876e-08,Unchanged
9124,2.51911072006858e-08,Unchanged
9125,0.027737685702226,Downregulated
9126,2.34577571317047e-06,Unchanged
9127,0,Unchanged
9128,1.1419893408741,Unchanged
9129,3.3303808227057e-08,Unchanged
9130,0.790205272505936,Unchanged
9131,0,Unchanged
9132,0.0293166129290003,Downregulated
9133,0.0582640370183944,Downregulated
9134,0.0452251249997251,Downregulated
9135,0,Unchanged
9136,0.493230632278128,Downregulated
9137,0.121569831957702,Downregulated
9138,0.0416376103832488,Downregulated
9139,0.17218193010301,Downregulated
9140,0,Unchanged
9141,0.079667758853319,Downregulated
9142,0.0316295362562507,Downregulated
9143,0,Unchanged
9144,0.0705025255559216,Downregulated
9145,0,Unchanged
9146,0.0435886034389174,Downregulated
9147,0.176493513643303,Downregulated
9148,0.0196778651396941,Downregulated
9149,0.0599988145859998,Downregulated
9150,2.15820603482408e-08,Unchanged
9151,0,Unchanged
9152,0.173308045378726,Downregulated
9153,0.177729804463368,Downregulated
9154,0.166565603320402,Downregulated
9155,5650636.86650479,Unchanged
9156,0,Unchanged
9157,0,Unchanged
9158,0,Unchanged
9159,0,Unchanged
9160,0,Unchanged
9161,0,Unchanged
9162,0,Unchanged
9163,0,Unchanged
9164,0,Unchanged
9165,1.45812571428223e-07,Unchanged
9166,0,Unchanged
9167,0.146189385027941,Downregulated
9168,0,Unchanged
9169,0,Unchanged
9170,0,Unchanged
9171,0,Unchanged
9172,0,Unchanged
9173,2606446.00881153,Unchanged
9174,0.00117676323700981,Unchanged
9175,0,Unchanged
9176,3.66358257592179e-10,Unchanged
9177,0,Unchanged
9178,3.66358257592179e-10,Unchanged
9179,0.0592540497038518,Downregulated
9180,0.0604537279407307,Downregulated
9181,6.439921502447e-10,Unchanged
9182,1.06498684956102e-09,Unchanged
9183,5.32493426260282e-10,Unchanged
9184,0,Unchanged
9185,5.32493422334897e-10,Unchanged
9186,5.32493422334897e-10,Unchanged
9187,0,Unchanged
9188,5.32493422334897e-10,Unchanged
9189,5.32493422334897e-10,Unchanged
9190,0,Unchanged
9191,0,Unchanged
9192,0,Unchanged
9193,0,Unchanged
9194,0.0888649031982663,Downregulated
9195,0,Unchanged
9196,0,Unchanged
9197,-5.32493430735044e-10,Unchanged
9198,9.97863189221157,Upregulated
9199,5.32493430735044e-10,Unchanged
9200,1.06498686147009e-09,Unchanged
9201,0,Unchanged
9202,0.490954797901744,Downregulated
9203,0,Unchanged
9204,0,Unchanged
9205,0,Unchanged
9206,0.231713990159937,Downregulated
9207,1.54552080147147,Unchanged
9208,5.32863945138376,Upregulated
9209,1.21557006843052,Unchanged
9210,1.54552080396908,Unchanged
9211,0.0777527272618433,Downregulated
9212,0.0777527272618433,Downregulated
9213,0.0777527272618433,Downregulated
9214,0.0777527272618433,Downregulated
9215,0.0650043146876787,Downregulated
9216,0.0650043157800304,Downregulated
9217,0.0441233781288807,Downregulated
9218,0.0494581536472701,Downregulated
9219,0.0494581536472701,Downregulated
9220,0.0777527272618433,Downregulated
9221,0.0777527272618433,Downregulated
9222,0,Unchanged
9223,0.0494581536472701,Downregulated
9224,0,Unchanged
9225,0.0777527272618433,Downregulated
9226,0,Unchanged
9227,0.0604537279407307,Downregulated
9228,0,Unchanged
9229,0,Unchanged
9230,0,Unchanged
9231,0.0494581539205076,Downregulated
9232,0.0494581539205076,Downregulated
9233,0.0494581539205076,Downregulated
9234,0.0777527276913975,Downregulated
9235,0.0777527276913975,Downregulated
9236,0.0494581541423896,Downregulated
9237,0.0777527289179559,Downregulated
9238,0.0777527289179559,Downregulated
9239,0,Unchanged
9240,0.0604537283869436,Downregulated
9241,0.0604537283869436,Downregulated
9242,0,Unchanged
9243,0,Unchanged
9244,0.0494406119947644,Downregulated
9245,0.0494406119947644,Downregulated
9246,0.077725150184609,Downregulated
9247,0.0777527276913975,Downregulated
9248,0,Unchanged
9249,0.0494581540686484,Downregulated
9250,0.0777527272618433,Downregulated
9251,0.0494581536472701,Downregulated
9252,0.0494581536472701,Downregulated
9253,0.0494581536472701,Downregulated
9254,0.0777527272618433,Downregulated
9255,0.0494581536472701,Downregulated
9256,0.0777527272618433,Downregulated
9257,0.0777527272618433,Downregulated
9258,0.0777527272618433,Downregulated
9259,0,Unchanged
9260,5.32493419393074e-10,Unchanged
9261,0.299148859740216,Downregulated
9262,0.0777527272618433,Downregulated
9263,0.0777527272618433,Downregulated
9264,0.299148858906748,Downregulated
9265,0.485083761676279,Downregulated
9266,0,Unchanged
9267,0,Unchanged
9268,0,Unchanged
9269,5.32493426198256e-10,Unchanged
9270,0,Unchanged
9271,5.32493425143354e-10,Unchanged
9272,0,Unchanged
9273,0,Unchanged
9274,0,Unchanged
9275,0.0100153167071338,Downregulated
9276,0.0604537278718842,Downregulated
9277,0,Unchanged
9278,0,Unchanged
9279,-6.76142716688697e-10,Unchanged
9280,0,Unchanged
9281,0,Unchanged
9282,0,Unchanged
9283,0,Unchanged
9284,0,Unchanged
9285,0,Unchanged
9286,0,Unchanged
9287,0.0477915733686421,Downregulated
9288,0,Unchanged
9289,0,Unchanged
9290,0,Unchanged
9291,0,Unchanged
9292,0,Unchanged
9293,0,Unchanged
9294,0.723353678996067,Unchanged
9295,0.178879757692398,Downregulated
9296,0.72335366165824,Unchanged
9297,0.760096811930056,Unchanged
9298,0.206053011877577,Downregulated
9299,0,Unchanged
9300,814.937554049623,Upregulated
9301,0.178879757692398,Downregulated
9302,0,Unchanged
9303,0,Unchanged
9304,0,Unchanged
9305,1.1976727030771e-05,Unchanged
9306,0.137672716815589,Downregulated
9307,0.43066768377896,Downregulated
9308,0.114431974988882,Downregulated
9309,0,Unchanged
9310,7.42090843438358e-09,Unchanged
9311,0,Unchanged
9312,0,Unchanged
9313,0,Unchanged
9314,4590912.51328857,Unchanged
9315,0,Unchanged
9316,13306.0481973628,Upregulated
9317,8909196.90732958,Unchanged
9318,0.0496351264359363,Downregulated
9319,0.0459618925630742,Downregulated
9320,0,Unchanged
9321,443900.058256191,Unchanged
9322,0,Unchanged
9323,734194.10758271,Unchanged
9324,2491662.1031288,Unchanged
9325,2.6349719028887,Upregulated
9326,1144305.5771388,Unchanged
9327,4590912.5300614,Unchanged
9328,4637232.29526414,Unchanged
9329,5589636.55523159,Unchanged
9330,4590912.54204199,Unchanged
9331,6202377.75026029,Unchanged
9332,6282068.86091475,Unchanged
9333,0,Unchanged
9334,4683861.71055411,Unchanged
9335,0.129172922155782,Downregulated
9336,0,Unchanged
9337,0,Unchanged
9338,1.52201839446766,Unchanged
9339,9367723.39429636,Unchanged
9340,0.0445163478275616,Downregulated
9341,0,Unchanged
9342,0.0894483619368246,Downregulated
9343,6855.6464973057,Upregulated
9344,410.158676511547,Upregulated
9345,418.462888007385,Upregulated
9346,4683861.83237226,Unchanged
9347,0.286316217867517,Downregulated
9348,4590912.52706625,Unchanged
9349,2825244.18141876,Unchanged
9350,9367723.04200114,Unchanged
9351,9367723.3313197,Unchanged
9352,9181824.98823925,Unchanged
9353,0.200046788815986,Downregulated
9354,0.0888649025925706,Downregulated
9355,1.49068695298973,Unchanged
9356,0.227113506458582,Downregulated
9357,22538914.4336145,Unchanged
9358,4590912.52287304,Unchanged
9359,0.436906529969959,Downregulated
9360,0.00741745448166176,Unchanged
9361,10029242.6204819,Unchanged
9362,10029242.6204819,Unchanged
9363,0.150558958643505,Downregulated
9364,0.68846276436792,Unchanged
9365,4683861.72053061,Unchanged
9366,0.147571182332254,Downregulated
9367,0,Unchanged
9368,5295577.2491176,Unchanged
9369,26937.4194198028,Unchanged
9370,52.3555162155913,Upregulated
9371,11.6008538579035,Upregulated
9372,9181825.0744995,Unchanged
9373,0.18186470454252,Downregulated
9374,0.0109347587683878,Downregulated
9375,0.087101417223186,Downregulated
9376,0.0888649013143565,Downregulated
9377,0.0871014159301702,Downregulated
9378,9181825.01699267,Unchanged
9379,4683861.71055411,Unchanged
9380,0.0888648885345143,Downregulated
9381,0.0871014195163334,Downregulated
9382,9181825.06491503,Unchanged
9383,0.0888649023793434,Downregulated
9384,0.0888649034443302,Downregulated
9385,0.081290209315224,Downregulated
9386,0.0812902054007765,Downregulated
9387,0.0888649045093171,Downregulated
9388,1561289.07066649,Unchanged
9389,9181825.07929174,Unchanged
9390,0.087101415868749,Downregulated
9391,9367723.3412962,Unchanged
9392,0.186761356338936,Downregulated
9393,0.0871014131622964,Downregulated
9394,0,Unchanged
9395,0,Unchanged
9396,0.0042047622092267,Unchanged
9397,9145566.82496564,Unchanged
9398,0.15714598057438,Downregulated
9399,0.0348093863690209,Downregulated
9400,0.0341186109905498,Downregulated
9401,0.034118608951775,Downregulated
9402,0.0348093867517505,Downregulated
9403,0.0341186103070187,Downregulated
9404,0.034809387828945,Downregulated
9405,0.0894483719620036,Downregulated
9406,0.0876733079656992,Downregulated
9407,0.0525604095679891,Downregulated
9408,0.165192053563096,Downregulated
9409,427842.290883578,Unchanged
9410,0.0888649033673634,Downregulated
9411,9367723.3412962,Unchanged
9412,0.0888649021900634,Downregulated
9413,0.0871014172013254,Downregulated
9414,0.0815136939651153,Downregulated
9415,14.2220845247191,Upregulated
9416,0.0888649020007835,Downregulated
9417,0.0888649016222237,Downregulated
9418,0.132540619030022,Downregulated
9419,0.132540611723054,Downregulated
9420,0.0536245625907337,Downregulated
9421,0.0536245412909968,Downregulated
9422,0.147571180783698,Downregulated
9423,0.0871014174740886,Downregulated
9424,0.0888649016222237,Downregulated
9425,0.088864903219704,Downregulated
9426,0.0871014164302359,Downregulated
9427,0.0435507078236732,Downregulated
9428,4683861.6706481,Unchanged
9429,0.0604537278410897,Downregulated
9430,0.147850242265232,Downregulated
9431,9181825.06970727,Unchanged
9432,9367723.41633639,Unchanged
9433,0.0928394757954386,Downregulated
9434,4.18451219682099e-10,Unchanged
9435,6632540.79236942,Unchanged
9436,0.258599679447475,Downregulated
9437,6202377.73083717,Unchanged
9438,0.301604241615725,Downregulated
9439,0.756534882306425,Unchanged
9440,0.771851944796311,Unchanged
9441,0.0703506515626748,Downregulated
9442,0.0888649015806751,Downregulated
9443,0.0888648967882342,Downregulated
9444,0.0871014120275227,Downregulated
9445,0.0871014120275227,Downregulated
9446,0.162482303904779,Downregulated
9447,0.162482303762289,Downregulated
9448,9181825.04574609,Unchanged
9449,9181825.04574609,Unchanged
9450,9367723.3930493,Unchanged
9451,9367723.3930493,Unchanged
9452,9181825.03136938,Unchanged
9453,9181825.03136938,Unchanged
9454,0.0752239195438224,Downregulated
9455,0,Unchanged
9456,0.232292945717226,Downregulated
9457,0.321740219065914,Downregulated
9458,137.589556854521,Upregulated
9459,0.620849065785668,Unchanged
9460,0.859914702672284,Unchanged
9461,0.78224689820308,Unchanged
9462,0.378194212498267,Downregulated
9463,0.20131935284925,Downregulated
9464,1.08964897917396,Unchanged
9465,0.0922932984395699,Downregulated
9466,0.127045762357103,Downregulated
9467,4024849.14338785,Unchanged
9468,0,Unchanged
9469,4024849.10056926,Unchanged
9470,0.183480644801612,Downregulated
9471,1.31768049023935,Unchanged
9472,0,Unchanged
9473,4683861.69210279,Unchanged
9474,0,Unchanged
9475,0.0411659905398699,Downregulated
9476,2.74568485333251,Upregulated
9477,2.00143235614209,Upregulated
9478,2.00143239861381,Upregulated
9479,0,Unchanged
9480,76252570.1266215,Unchanged
9481,1.22553870986843,Unchanged
9482,0,Unchanged
9483,0.0893992925566288,Downregulated
9484,0.12397309238613,Downregulated
9485,2550921.1762707,Unchanged
9486,7148103.60763489,Unchanged
9487,1.03226580586523,Unchanged
9488,0.261298334274963,Downregulated
9489,3.67903526681862,Upregulated
9490,0.0144395966500381,Downregulated
9491,0.0441268416678728,Downregulated
9492,0.0767724860580301,Downregulated
9493,0.226484258957306,Downregulated
9494,0,Unchanged
9495,2553491.90649616,Unchanged
9496,0.502895833714441,Unchanged
9497,87.2933600438924,Upregulated
9498,0.0628146350032817,Downregulated
9499,0,Unchanged
9500,1.89725731161161e-08,Unchanged
9501,1.72372634706602,Unchanged
9502,7361471.61844426,Unchanged
9503,0,Unchanged
9504,1490425.35426537,Unchanged
9505,1490425.35426537,Unchanged
9506,0.0141386023116985,Downregulated
9507,1490425.3420517,Unchanged
9508,0.0141386003631184,Downregulated
9509,0,Unchanged
9510,0.0141386008714436,Downregulated
9511,0.0141386008714436,Downregulated
9512,0,Unchanged
9513,0.000105751487559823,Unchanged
9514,1490425.33970583,Unchanged
9515,1490425.33970583,Unchanged
9516,1205420.26453116,Unchanged
9517,0.0141386010864085,Downregulated
9518,1490425.33970583,Unchanged
9519,0.00706930017043244,Unchanged
9520,1006791.23107172,Unchanged
9521,0.00858795632237969,Unchanged
9522,0,Unchanged
9523,0.00730007939152601,Unchanged
9524,704827.199407763,Unchanged
9525,0.00560857742824407,Unchanged
9526,0.36460927979446,Downregulated
9527,0.36460927979446,Downregulated
9528,1126641.30275485,Unchanged
9529,5.18602687045767,Upregulated
9530,0.106863604421003,Downregulated
9531,217148.322924676,Unchanged
9532,0.0213042619550534,Downregulated
9533,1.32734395394103e-05,Unchanged
9534,0.165050440047661,Downregulated
9535,0,Unchanged
9536,2245795.95684848,Unchanged
9537,0.037107043020652,Downregulated
9538,1122897.97842424,Unchanged
9539,28.9922003720424,Upregulated
9540,9410744.31547599,Unchanged
9541,3.66562200320113,Upregulated
9542,11388287.2257873,Unchanged
9543,0.936415266706354,Unchanged
9544,0,Unchanged
9545,0.115165978070788,Downregulated
9546,927693.347334098,Unchanged
9547,0,Unchanged
9548,0,Unchanged
9549,8908494.12955486,Unchanged
9550,905774.830512308,Unchanged
9551,0,Unchanged
9552,0,Unchanged
9553,0,Unchanged
9554,0,Unchanged
9555,1.99999920665378,Unchanged
9556,0,Unchanged
9557,2823322.73935545,Unchanged
9558,6.48404346994556e-10,Unchanged
9559,5703424.97398709,Unchanged
9560,0.612652601175751,Unchanged
9561,0.229823143894492,Downregulated
9562,96.8092667489126,Upregulated
9563,4334447.360846,Unchanged
9564,8668701.10317218,Unchanged
9565,0.111592146106965,Downregulated
9566,0.0541043175458273,Downregulated
9567,0.0515844694482033,Downregulated
9568,0,Unchanged
9569,0.151208239559207,Downregulated
9570,0.107216098997855,Downregulated
9571,0.0279833376775073,Downregulated
9572,0.0917295796033271,Downregulated
9573,0.00109408776188261,Unchanged
9574,0,Unchanged
9575,6513511.43146814,Unchanged
9576,0,Unchanged
9577,0.0589183281768343,Downregulated
9578,107169.462327091,Unchanged
9579,13882.37801965,Upregulated
9580,3355391.44644071,Unchanged
9581,0,Unchanged
9582,253872.360801167,Unchanged
9583,0.147210148335928,Downregulated
9584,9.23626019483602e-05,Unchanged
9585,0,Unchanged
9586,3917915.64321863,Unchanged
9587,5703424.87080939,Unchanged
9588,0,Unchanged
9589,0,Unchanged
9590,0.0821441161747958,Downregulated
9591,2447542.50746477,Unchanged
9592,0.0738889395343657,Downregulated
9593,0.0765241918530864,Downregulated
9594,0.0358688747544247,Downregulated
9595,0.0358688747544247,Downregulated
9596,0.189990696363888,Downregulated
9597,4331688.90721548,Unchanged
9598,3231305.3698682,Unchanged
9599,0.106380281772139,Downregulated
9600,0.106380281772139,Downregulated
9601,0,Unchanged
9602,0.042485825562783,Downregulated
9603,0.0832267575174363,Downregulated
9604,901414.186661685,Unchanged
9605,5703424.92739071,Unchanged
9606,1183941.24466995,Unchanged
9607,0,Unchanged
9608,93306.0116090547,Unchanged
9609,0.189611350318352,Downregulated
9610,0,Unchanged
9611,6131689.14307939,Unchanged
9612,0.0699665476758469,Downregulated
9613,0.151668028810211,Downregulated
9614,4783174.90700853,Unchanged
9615,0.00254207457111622,Unchanged
9616,0.0217635799480438,Downregulated
9617,0.0572473899704427,Downregulated
9618,0.0112614148405403,Downregulated
9619,0.0941926174855549,Downregulated
9620,3086318.94728734,Unchanged
9621,0.0732476931514251,Downregulated
9622,0.385322270643354,Downregulated
9623,0,Unchanged
9624,0.168333142135236,Downregulated
9625,13540796.8854885,Unchanged
9626,0.551453415973472,Unchanged
9627,7143880.75498646,Unchanged
9628,0,Unchanged
9629,0,Unchanged
9630,0.0415595442717889,Downregulated
9631,0,Unchanged
9632,0,Unchanged
9633,3323033.65318612,Unchanged
9634,222991.532213062,Unchanged
9635,0.00030421090564518,Unchanged
9636,222991.532215888,Unchanged
9637,4219.22547092804,Upregulated
9638,222991.53324758,Unchanged
9639,6909820.19598665,Unchanged
9640,4128614.84546778,Unchanged
9641,0,Unchanged
9642,4128614.84546778,Unchanged
9643,1721335.44350089,Unchanged
9644,0,Unchanged
9645,281842.305462589,Unchanged
9646,0,Unchanged
9647,847417.542908784,Unchanged
9648,2108407.40851642,Unchanged
9649,0,Unchanged
9650,0,Unchanged
9651,3048916.51914852,Unchanged
9652,1832276.83598861,Unchanged
9653,2955824.96733188,Unchanged
9654,2955824.96733188,Unchanged
9655,0,Unchanged
9656,0,Unchanged
9657,0,Unchanged
9658,0,Unchanged
9659,0,Unchanged
9660,0,Unchanged
9661,0.0541043181480228,Downregulated
9662,0,Unchanged
9663,0,Unchanged
9664,0,Unchanged
9665,0,Unchanged
9666,0,Unchanged
9667,0.0821441203745255,Downregulated
9668,0,Unchanged
9669,0,Unchanged
9670,0.0321767806764185,Downregulated
9671,0.0821441195799122,Downregulated
9672,0,Unchanged
9673,0.0927962472634547,Downregulated
9674,0.0927962472634547,Downregulated
9675,0,Unchanged
9676,0,Unchanged
9677,0,Unchanged
9678,0.054104316456849,Downregulated
9679,0,Unchanged
9680,0,Unchanged
9681,0.0541043181401568,Downregulated
9682,0.0124797653919552,Downregulated
9683,0,Unchanged
9684,0,Unchanged
9685,0.0533700558278174,Downregulated
9686,0,Unchanged
9687,0,Unchanged
9688,0,Unchanged
9689,0,Unchanged
9690,0,Unchanged
9691,0,Unchanged
9692,0.078307390343219,Downregulated
9693,0.078307390343219,Downregulated
9694,0,Unchanged
9695,0.132411710227403,Downregulated
9696,0.132411710227403,Downregulated
9697,0,Unchanged
9698,0.137480184044752,Downregulated
9699,0.137480184044752,Downregulated
9700,0,Unchanged
9701,0,Unchanged
9702,0,Unchanged
9703,0,Unchanged
9704,0.153686729278124,Downregulated
9705,0.0287195772470758,Downregulated
9706,0,Unchanged
9707,0,Unchanged
9708,0.0581669554124834,Downregulated
9709,0.0581669554124834,Downregulated
9710,0,Unchanged
9711,0.132411709970238,Downregulated
9712,0.132411709970238,Downregulated
9713,0,Unchanged
9714,0.0197907306571777,Downregulated
9715,0,Unchanged
9716,0.00404707161921417,Unchanged
9717,0,Unchanged
9718,0.0827450342150417,Downregulated
9719,0.0827450342150417,Downregulated
9720,0.0827450352066861,Downregulated
9721,0.0827450352066861,Downregulated
9722,0.0827450352066861,Downregulated
9723,0.0827450352066861,Downregulated
9724,0.0827450366941526,Downregulated
9725,0.0827450361983304,Downregulated
9726,0.0827450366941526,Downregulated
9727,0.0827450361983304,Downregulated
9728,0.0827450361983304,Downregulated
9729,0.0827450361983304,Downregulated
9730,0.0827450361983304,Downregulated
9731,0.0827450361983304,Downregulated
9732,0.0827450361983304,Downregulated
9733,0.0827450361983304,Downregulated
9734,0.0827450361983304,Downregulated
9735,0.0827450361983304,Downregulated
9736,0.0827450361983304,Downregulated
9737,0.0827450361983304,Downregulated
9738,0.0827450361983304,Downregulated
9739,0.0827450361983304,Downregulated
9740,0.0827450361983304,Downregulated
9741,0.0827450361983304,Downregulated
9742,0.0477553992662687,Downregulated
9743,8722595.83655269,Unchanged
9744,0.075900086460149,Downregulated
9745,48.7055718689533,Upregulated
9746,0.129627205848867,Downregulated
9747,0.230255837654526,Downregulated
9748,43807.8014753294,Unchanged
9749,726980.397528487,Unchanged
9750,4361297.91827635,Unchanged
9751,0.0827450371899747,Downregulated
9752,0.0827450371899747,Downregulated
9753,0.0827450376857969,Downregulated
9754,8722595.83655269,Unchanged
9755,13.782762183613,Upregulated
9756,0.0827449800464698,Downregulated
9757,8722595.83655269,Unchanged
9758,0.0319659772597355,Downregulated
9759,0.0319659772597355,Downregulated
9760,0,Unchanged
9761,0.227421753837486,Downregulated
9762,0,Unchanged
9763,0.428386176749656,Downregulated
9764,9698790.20992946,Unchanged
9765,0,Unchanged
9766,0.0539879362513827,Downregulated
9767,0.0539879383885948,Downregulated
9768,0.0539879362513827,Downregulated
9769,0.0539879383885948,Downregulated
9770,0.0274112596439887,Downregulated
9771,0.0274112596029255,Downregulated
9772,0.0274112596439887,Downregulated
9773,0.0274112596029255,Downregulated
9774,0.100597292747931,Downregulated
9775,0.127232106631014,Downregulated
9776,0.127232103189403,Downregulated
9777,0.0497941076507487,Downregulated
9778,0.0363490328770794,Downregulated
9779,0.0497941076507487,Downregulated
9780,0.000945979437242324,Unchanged
9781,0.00460547819303823,Unchanged
9782,0.00115118295570149,Unchanged
9783,1315278.42673214,Unchanged
9784,0.0192267673009844,Downregulated
9785,1315278.42673197,Unchanged
9786,1315278.42673195,Unchanged
9787,0.0384535345800721,Downregulated
9788,0.0384535345800721,Downregulated
9789,1315278.42673223,Unchanged
9790,0.149275496579947,Downregulated
9791,0.0511143966510671,Downregulated
9792,0,Unchanged
9793,843012.697486168,Unchanged
9794,0.0327611892093828,Downregulated
9795,0.0837102059011733,Downregulated
9796,0.0837102081705885,Downregulated
9797,0.0816292092394181,Downregulated
9798,0.0319467613159099,Downregulated
9799,0.0319467613159099,Downregulated
9800,0.0296817908491613,Downregulated
9801,0.000547914206998359,Unchanged
9802,0.000354132752975218,Unchanged
9803,0.000521751212386235,Unchanged
9804,0,Unchanged
9805,0.0101837768816057,Downregulated
9806,0.00343804284906176,Unchanged
9807,0.0086398720782275,Unchanged
9808,0.0326486708303652,Downregulated
9809,0.0823295397782444,Downregulated
9810,2851712.43170657,Unchanged
9811,2851712.43170657,Unchanged
9812,5703424.94403228,Unchanged
9813,0.180519991706478,Downregulated
9814,0.0837102041918513,Downregulated
9815,0.0496286430034558,Downregulated
9816,0.0803430983752771,Downregulated
9817,0.0803430983752771,Downregulated
9818,0,Unchanged
9819,0.117694340244031,Downregulated
9820,0.261523811268611,Downregulated
9821,2.31214196683006,Upregulated
9822,0.169030373606738,Downregulated
9823,0.261523819877908,Downregulated
9824,0.261523819877908,Downregulated
9825,0.169030373606738,Downregulated
9826,0.13652357848186,Downregulated
9827,0.169030372340665,Downregulated
9828,0.0193086939527526,Downregulated
9829,0.0193086939527526,Downregulated
9830,0.0124797653730082,Downregulated
9831,0.0124797656534364,Downregulated
9832,0.0191626324718824,Downregulated
9833,0.0191626319152687,Downregulated
9834,0.0123853621448097,Downregulated
9835,0.0191626319523763,Downregulated
9836,0.00864526442770506,Unchanged
9837,0.016556154642837,Downregulated
9838,0.00267363677247511,Unchanged
9839,0.00413665070850752,Unchanged
9840,0.00413665070850752,Unchanged
9841,0.00267363546474796,Unchanged
9842,0.00267363525647663,Unchanged
9843,0.00267363518037748,Unchanged
9844,0.00413664879733823,Unchanged
9845,0.0837102066833696,Downregulated
9846,0.0541043159596581,Downregulated
9847,0.0541043159596581,Downregulated
9848,0.0837102066833696,Downregulated
9849,0.0961479093643598,Downregulated
9850,0.0621431611892479,Downregulated
9851,0.0621431711502065,Downregulated
9852,0.0621431622132717,Downregulated
9853,0.0232211685875899,Downregulated
9854,0.112147831490027,Downregulated
9855,0.147210139514848,Downregulated
9856,0.227763545587743,Downregulated
9857,0.227763543382473,Downregulated
9858,0.0457879701612012,Downregulated
9859,0.122678627786993,Downregulated
9860,0.147210144807496,Downregulated
9861,0.119129752806706,Downregulated
9862,0.119129752806706,Downregulated
9863,0.147210144807496,Downregulated
9864,0.147210144807496,Downregulated
9865,0.147210144807496,Downregulated
9866,0.227763547351958,Downregulated
9867,0.227763547351958,Downregulated
9868,0.147210144807496,Downregulated
9869,0.147210148335928,Downregulated
9870,0.147210136427471,Downregulated
9871,0.227763539854041,Downregulated
9872,0.227763539854041,Downregulated
9873,0.147210136427471,Downregulated
9874,0.147210158866091,Downregulated
9875,0.172867214004692,Downregulated
9876,0.147210139955902,Downregulated
9877,0.227763552203552,Downregulated
9878,0.227763552203552,Downregulated
9879,0.147210139955902,Downregulated
9880,0.147210141720118,Downregulated
9881,0.227763552203552,Downregulated
9882,0.227763552203552,Downregulated
9883,0.131094128636023,Downregulated
9884,0.0200009550014576,Downregulated
9885,0.0268926616021889,Downregulated
9886,0.0433831826259306,Downregulated
9887,0.0280397999088429,Downregulated
9888,0.0821441196442801,Downregulated
9889,0.127093384454736,Downregulated
9890,0.14357436277522,Downregulated
9891,0.136248436589739,Downregulated
9892,0.14303661970916,Downregulated
9893,0.157741232618489,Downregulated
9894,0.0287195769017471,Downregulated
9895,0.058166957159269,Downregulated
9896,0.204867401198455,Downregulated
9897,0.0374469937608562,Downregulated
9898,0.0833758695654409,Downregulated
9899,0.0292715493258265,Downregulated
9900,0.12899914987421,Downregulated
9901,0.121157201578815,Downregulated
9902,0.132411713380124,Downregulated
9903,0.137480187351295,Downregulated
9904,0.0541043181419726,Downregulated
9905,0.083710202688786,Downregulated
9906,0.083710202688786,Downregulated
9907,0.0541043181419726,Downregulated
9908,0.0633114714219148,Downregulated
9909,0.0374223157257374,Downregulated
9910,0.0374223157285346,Downregulated
9911,0,Unchanged
9912,0.0374223157257374,Downregulated
9913,0.0374223157285346,Downregulated
9914,0.0871014167526202,Downregulated
9915,2.93904240886769e-08,Unchanged
9916,0.128023128414407,Downregulated
9917,0.0827450375618414,Downregulated
9918,0.0827450375618414,Downregulated
9919,0.128023128414407,Downregulated
9920,0.128023128414407,Downregulated
9921,0.0827450375618414,Downregulated
9922,0.0827450410325966,Downregulated
9923,0.128023128166496,Downregulated
9924,0.128023128166496,Downregulated
9925,0.0827450410325966,Downregulated
9926,0.0827450347108639,Downregulated
9927,0.128023128662319,Downregulated
9928,0.128023130893518,Downregulated
9929,0.0827450371899747,Downregulated
9930,1.84947415649315,Unchanged
9931,0.0827450396690856,Downregulated
9932,0.0827450416523743,Downregulated
9933,0.0827450416523743,Downregulated
9934,0.0827450416523743,Downregulated
9935,0.0827450416523743,Downregulated
9936,0.128023126431119,Downregulated
9937,0.128023126431119,Downregulated
9938,0.0827450416523743,Downregulated
9939,0.0827450416523743,Downregulated
9940,0.12802312444783,Downregulated
9941,0.12802312444783,Downregulated
9942,0.0827450416523743,Downregulated
9943,0.0827450416523743,Downregulated
9944,0.12802312444783,Downregulated
9945,0.12802312444783,Downregulated
9946,0.0827450416523743,Downregulated
9947,1387405.78950238,Unchanged
9948,4361297.91827635,Unchanged
9949,0.177839105980079,Downregulated
9950,0,Unchanged
9951,0.0180532541747724,Downregulated
9952,0.0827450318249852,Downregulated
9953,0.287678589513707,Downregulated
9954,0.0827450359504193,Downregulated
9955,0.0827450327275752,Downregulated
9956,0.0827450359504193,Downregulated
9957,0.287678589513707,Downregulated
9958,0.287678589513707,Downregulated
9959,0.0827450349657756,Downregulated
9960,0.0827450327275752,Downregulated
9961,0.0827450327275752,Downregulated
9962,0,Unchanged
9963,0.0827450327275752,Downregulated
9964,0,Unchanged
9965,0.0213026723453475,Downregulated
9966,0.0827450322317531,Downregulated
9967,0.0213026723453475,Downregulated
9968,0.0827450366941526,Downregulated
9969,0.0465514235397572,Downregulated
9970,1289270.75944285,Unchanged
9971,0.0365750191515279,Downregulated
9972,0.0731500410300778,Downregulated
9973,0.037693173341621,Downregulated
9974,0.0731500469799438,Downregulated
9975,0.037693173341621,Downregulated
9976,0.0731500494590546,Downregulated
9977,0.0731500437570997,Downregulated
9978,0.0365750208869055,Downregulated
9979,0.03657502076295,Downregulated
9980,0.03657502076295,Downregulated
9981,1289270.75944279,Unchanged
9982,1289270.75944253,Unchanged
9983,0.0188465862989439,Downregulated
9984,1289270.75944259,Unchanged
9985,0.073150044748744,Downregulated
9986,0.073150044748744,Downregulated
9987,0.125911596544279,Downregulated
9988,0.125911589354858,Downregulated
9989,0.049931596968594,Downregulated
9990,0.0499315771357073,Downregulated
9991,13.5107666187384,Upregulated
9992,0.598919716244384,Unchanged
9993,0.598919716029729,Unchanged
9994,0.125911588394202,Downregulated
9995,0.125911588394202,Downregulated
9996,0.125911590510613,Downregulated
9997,0.0499316054956319,Downregulated
9998,0.0664244165988775,Downregulated
9999,0.0664244158743142,Downregulated
10000,0.0664244165988775,Downregulated
10001,426800.62914197,Unchanged
10002,0.598919716244384,Unchanged
10003,0.598919716244384,Unchanged
10004,0.598919716244384,Unchanged
10005,0.0664244134535057,Downregulated
10006,0.0664244126630729,Downregulated
10007,4361297.9846103,Unchanged
10008,4361297.91827635,Unchanged
10009,0.0656467371289731,Downregulated
10010,3.04175828166962e-07,Unchanged
10011,0.035544814249366,Downregulated
10012,0.0637065872400097,Downregulated
10013,0.0637065881235867,Downregulated
10014,0.0714233929246946,Downregulated
10015,0.00388624004302451,Unchanged
10016,0.00188978265879293,Unchanged
10017,0.00160378919757772,Unchanged
10018,0.0746596676915683,Downregulated
10019,0.000799569198136102,Unchanged
10020,0.00754690454000205,Unchanged
10021,0.0299486824909678,Downregulated
10022,0.0299486825197099,Downregulated
10023,0,Unchanged
10024,0.00107808445759085,Unchanged
10025,0.0299486823980209,Downregulated
10026,0.000843221037931909,Unchanged
10027,0.00388623998508138,Unchanged
10028,0.00388624004302451,Unchanged
10029,4683861.70120114,Unchanged
10030,0.037666842304298,Downregulated
10031,0.0376668420636098,Downregulated
10032,0.0376668424647568,Downregulated
10033,0.00915683882805167,Unchanged
10034,0.00915683882852581,Unchanged
10035,0.00915683882852581,Unchanged
10036,0.020455029919196,Downregulated
10037,0.692261327644344,Unchanged
10038,0.0251872260699159,Downregulated
10039,0.0376668430263625,Downregulated
10040,0.0224362080722406,Downregulated
10041,0.0128682796503648,Downregulated
10042,0.0780738706448647,Downregulated
10043,0.0376668426252155,Downregulated
10044,0,Unchanged
10045,0.00148016711683267,Unchanged
10046,0.0594225641808746,Downregulated
10047,0,Unchanged
10048,0,Unchanged
10049,0,Unchanged
10050,0.0225579903219164,Downregulated
10051,0,Unchanged
10052,1.49078663298496e-08,Unchanged
10053,1.49078662730062e-08,Unchanged
10054,8.99116443520143e-10,Unchanged
10055,8.99116443520143e-10,Unchanged
10056,3.2144190791783e-08,Unchanged
10057,0,Unchanged
10058,0.0192815561742378,Downregulated
10059,0,Unchanged
10060,0,Unchanged
10061,0,Unchanged
10062,0,Unchanged
10063,1542835.11104433,Unchanged
10064,0,Unchanged
10065,0,Unchanged
10066,1224348.00491976,Unchanged
10067,5266635.2016068,Unchanged
10068,5656158.19236168,Unchanged
10069,7868523.35883445,Unchanged
10070,0.0108122212863914,Downregulated
10071,0.0108122213749949,Downregulated
10072,0.198837849024286,Downregulated
10073,0.0122235604613768,Downregulated
10074,0.0768283590517602,Downregulated
10075,0.0768283590517602,Downregulated
10076,0.0768283590517602,Downregulated
10077,0.0768283590517602,Downregulated
10078,0.204096509823824,Downregulated
10079,0.204096509823824,Downregulated
10080,0.223735807106783,Downregulated
10081,0.223735807106783,Downregulated
10082,0.204096507979136,Downregulated
10083,0.204096507979136,Downregulated
10084,0.204096507979136,Downregulated
10085,0.204096507979136,Downregulated
10086,0,Unchanged
10087,0,Unchanged
10088,0,Unchanged
10089,0,Unchanged
10090,0.181718249911175,Downregulated
10091,0.112913828759895,Downregulated
10092,0.0967441235111345,Downregulated
10093,0.122273791856816,Downregulated
10094,0,Unchanged
10095,0,Unchanged
10096,0.150775941448299,Downregulated
10097,0.0867152276206813,Downregulated
10098,0.150775946215779,Downregulated
10099,0.0776879323412855,Downregulated
10100,0.0776879328822365,Downregulated
10101,0.0441233789747155,Downregulated
10102,0.0441233789747155,Downregulated
10103,0.0441233789747155,Downregulated
10104,0.0441233789747155,Downregulated
10105,0.20409651891984,Downregulated
10106,0.204096516746239,Downregulated
10107,0.204096516746239,Downregulated
10108,0.204096516746239,Downregulated
10109,0.0562693809650101,Downregulated
10110,0.0562693809650101,Downregulated
10111,0.0562693809650101,Downregulated
10112,0.0562693815642716,Downregulated
10113,0.0441086360953768,Downregulated
10114,0.0441086360953768,Downregulated
10115,0.0441086360953768,Downregulated
10116,0.0441086360953768,Downregulated
10117,0.0628138858401096,Downregulated
10118,0.0628138858401096,Downregulated
10119,0.0628138858401096,Downregulated
10120,0.06281388517115,Downregulated
10121,0.0483073217786151,Downregulated
10122,0.120298446533202,Downregulated
10123,0.120298446533202,Downregulated
10124,0.0689516179242667,Downregulated
10125,0.0689516192737489,Downregulated
10126,0.110332111323909,Downregulated
10127,0.110332111323909,Downregulated
10128,0.220664216567076,Downregulated
10129,0.220664216567076,Downregulated
10130,0.106541893642155,Downregulated
10131,0.301117912150078,Downregulated
10132,0,Unchanged
10133,0.134826069734666,Downregulated
10134,0.269652138356525,Downregulated
10135,0.269652138356525,Downregulated
10136,0,Unchanged
10137,0,Unchanged
10138,0,Unchanged
10139,0,Unchanged
10140,0,Unchanged
10141,0,Unchanged
10142,2.263494573886e-07,Unchanged
10143,0,Unchanged
10144,0,Unchanged
10145,0,Unchanged
10146,0,Unchanged
10147,0,Unchanged
10148,0,Unchanged
10149,0.0819972596888209,Downregulated
10150,4257022.27391721,Unchanged
10151,0.00261770847583143,Unchanged
10152,0.0935859958006599,Downregulated
10153,0.0027271573946037,Unchanged
10154,0.00181806954303064,Unchanged
10155,346013.534008607,Unchanged
10156,0.0507149488822601,Downregulated
10157,0.00872573233207275,Unchanged
10158,0.125188393040504,Downregulated
10159,0.231602705834671,Downregulated
10160,0.00106227232061564,Unchanged
10161,0.143487779894261,Downregulated
10162,4.56251009407948e-05,Unchanged
10163,2.11151171905085e-05,Unchanged
10164,3.69512701587387e-09,Unchanged
10165,0,Unchanged
10166,0,Unchanged
10167,0,Unchanged
10168,0.0377030806680815,Downregulated
10169,0.29159719210566,Downregulated
10170,0,Unchanged
10171,0.00624384471541669,Unchanged
10172,0.598689525574779,Unchanged
10173,0.0898498493995889,Downregulated
10174,1.16245249208113,Unchanged
10175,0,Unchanged
10176,0.0268363012945769,Downregulated
10177,0.0916075495427257,Downregulated
10178,0.0293145588023161,Downregulated
10179,0.481828383964837,Downregulated
10180,1.01301902957986,Unchanged
10181,0.00188010422639304,Unchanged
10182,23598245.5778186,Unchanged
10183,4.35744115065972e-08,Unchanged
10184,0.24221250669376,Downregulated
10185,0.0995891915267744,Downregulated
10186,0.263228783587832,Downregulated
10187,0.286827714680103,Downregulated
10188,0.0356643945569443,Downregulated
10189,0.0366765780318162,Downregulated
10190,0.0759201608908981,Downregulated
10191,0,Unchanged
10192,0.00337927567934538,Unchanged
10193,0,Unchanged
10194,0,Unchanged
10195,0.0588429839910774,Downregulated
10196,0.0242066307513854,Downregulated
10197,0.0642282976469393,Downregulated
10198,0.0842273741385305,Downregulated
10199,4.94624880528514e-08,Unchanged
10200,0.00126628530315647,Unchanged
10201,2.86641893717536e-12,Unchanged
10202,4.44322685124318e-10,Unchanged
10203,1.25709792704063e-10,Unchanged
10204,0.275250942121525,Downregulated
10205,0,Unchanged
10206,0,Unchanged
10207,0,Unchanged
10208,0,Unchanged
10209,0,Unchanged
10210,0,Unchanged
10211,0,Unchanged
10212,0,Unchanged
10213,0,Unchanged
10214,0,Unchanged
10215,0,Unchanged
10216,0,Unchanged
10217,0,Unchanged
10218,0,Unchanged
10219,0,Unchanged
10220,0,Unchanged
10221,0.0811912045785983,Downregulated
10222,2.01560905131682,Upregulated
10223,0.000475297357266694,Unchanged
10224,0.0899641011680933,Downregulated
10225,0.000634878521559464,Unchanged
10226,35305339.7120757,Unchanged
10227,113784137.568708,Unchanged
10228,35305339.7120757,Unchanged
10229,0,Unchanged
10230,27734294.4905467,Unchanged
10231,0.149487313183798,Downregulated
10232,0.530244842673928,Unchanged
10233,0.530244844345803,Unchanged
10234,0.530244842464944,Unchanged
10235,0.326651745483949,Downregulated
10236,0.0684258182724925,Downregulated
10237,0.000134605244477622,Unchanged
10238,0.0784284380362262,Downregulated
10239,0.0619534831369357,Downregulated
10240,0.0619534834468152,Downregulated
10241,7.73984743561957e-10,Unchanged
10242,7.73984747539975e-10,Unchanged
10243,0.0116572933143768,Downregulated
10244,0.117133723622788,Downregulated
10245,0.13202602341658,Downregulated
10246,0.000307983901692194,Unchanged
10247,0.0317106404589743,Downregulated
10248,0.0836981044683934,Downregulated
10249,0.0919385937676284,Downregulated
10250,0.0278749504159584,Downregulated
10251,0.14027441281989,Downregulated
10252,2.23834565303848,Upregulated
10253,0.000150034848973936,Unchanged
10254,0.0317106405120364,Downregulated
10255,0.000412441747574714,Unchanged
10256,2.52689728066156,Upregulated
10257,0,Unchanged
10258,0.000150518321526381,Unchanged
10259,0.00446110341742138,Unchanged
10260,0.00925780858278373,Unchanged
10261,0.00446110341048449,Unchanged
10262,0.0544508943118763,Downregulated
10263,0.00244057849069362,Unchanged
10264,0.00336792593126981,Unchanged
10265,0.0945950616657945,Downregulated
10266,0.000467380616355694,Unchanged
10267,0.0554612444062186,Downregulated
10268,0.807805883056453,Unchanged
10269,0.106681299775715,Downregulated
10270,1.06196302310238,Unchanged
10271,2.20865848327797,Upregulated
10272,0.174582558614643,Downregulated
10273,2.31546045609529,Upregulated
10274,0.0590734418985789,Downregulated
10275,0.0836981045362213,Downregulated
10276,0.194788780537314,Downregulated
10277,0.194788781336347,Downregulated
10278,0.00325075767299869,Unchanged
10279,0.136494819147217,Downregulated
10280,0.106681299643483,Downregulated
10281,0.16546907808859,Downregulated
10282,0.165469077962667,Downregulated
10283,0.250679627940603,Downregulated
10284,0.442811776450967,Downregulated
10285,0,Unchanged
10286,0.0538013739245258,Downregulated
10287,0.0538013740029991,Downregulated
10288,0.0570268453888023,Downregulated
10289,0.00717853882475206,Unchanged
10290,0.0269811891844441,Downregulated
10291,0.0183008549167968,Downregulated
10292,0.0269811892488113,Downregulated
10293,0,Unchanged
10294,0.030063406955999,Downregulated
10295,0.0318657528019434,Downregulated
10296,0.0247299593022475,Downregulated
10297,0,Unchanged
10298,0,Unchanged
10299,0.0806543109494205,Downregulated
10300,0.0786596937403604,Downregulated
10301,0.0786596937403604,Downregulated
10302,0,Unchanged
10303,0,Unchanged
10304,1.90729942226519,Unchanged
10305,0.0877101683130506,Downregulated
10306,0.0385599012476131,Downregulated
10307,0.0385599012476131,Downregulated
10308,1.90729942226519,Unchanged
10309,0.90086431722702,Unchanged
10310,0,Unchanged
10311,0.0350007376330914,Downregulated
10312,0.223566657039729,Downregulated
10313,6.71383701351668e-08,Unchanged
10314,6.71383701351668e-08,Unchanged
10315,0.32196269221735,Downregulated
10316,0,Unchanged
10317,0.226481833532799,Downregulated
10318,0.522250914915188,Unchanged
10319,5.29584776061957,Upregulated
10320,5.29858126909368,Upregulated
10321,105.562444524597,Upregulated
10322,0,Unchanged
10323,0,Unchanged
10324,0,Unchanged
10325,0,Unchanged
10326,0,Unchanged
10327,0,Unchanged
10328,0,Unchanged
10329,0,Unchanged
10330,0,Unchanged
10331,0,Unchanged
10332,0,Unchanged
10333,0,Unchanged
10334,1.86418667230354,Unchanged
10335,1.9667985859313,Unchanged
10336,0.235817129295676,Downregulated
10337,0.506509531458781,Unchanged
10338,0.000654709686448294,Unchanged
10339,0.000654709686448294,Unchanged
10340,0,Unchanged
10341,0,Unchanged
10342,0,Unchanged
10343,0.000191329691052776,Unchanged
10344,0.000297096538521664,Unchanged
10345,0,Unchanged
10346,0,Unchanged
10347,0,Unchanged
10348,0,Unchanged
10349,0,Unchanged
10350,0,Unchanged
10351,0,Unchanged
10352,0,Unchanged
10353,0,Unchanged
10354,0,Unchanged
10355,0,Unchanged
10356,0,Unchanged
10357,0,Unchanged
10358,0,Unchanged
10359,0,Unchanged
10360,0,Unchanged
10361,0.0634243325898536,Downregulated
10362,0.101132883500351,Downregulated
10363,0.00864721570930327,Unchanged
10364,0.389891854236707,Downregulated
10365,0,Unchanged
10366,0.194945928119358,Downregulated
10367,0,Unchanged
10368,0.194945928119358,Downregulated
10369,0.0536897111274368,Downregulated
10370,0.0257498029780861,Downregulated
10371,0.00213805806217468,Unchanged
10372,0.0586308848748112,Downregulated
10373,0.124038541198294,Downregulated
10374,0,Unchanged
10375,0.233004323286541,Downregulated
10376,0,Unchanged
10377,0.028835144873282,Downregulated
10378,0.0640497510667625,Downregulated
10379,0.00608536908817282,Unchanged
10380,0.00525943427741076,Unchanged
10381,0.0640497502611597,Downregulated
10382,0,Unchanged
10383,0,Unchanged
10384,0,Unchanged
10385,0,Unchanged
10386,0,Unchanged
10387,0.201299107098504,Downregulated
10388,0.149407388294403,Downregulated
10389,0.0593529229731913,Downregulated
10390,0,Unchanged
10391,4.35744115065972e-08,Unchanged
10392,6.05589769966199e-06,Unchanged
10393,0,Unchanged
10394,0.135586654411427,Downregulated
10395,0.0515125245477725,Downregulated
10396,0.0515125242055853,Downregulated
10397,0,Unchanged
10398,2.95502433441732,Upregulated
10399,0.795278806472362,Unchanged
10400,0.0991643110040692,Downregulated
10401,0.881665007887405,Unchanged
10402,0.881665007887405,Unchanged
10403,0.881665007887405,Unchanged
10404,0.804476337352619,Unchanged
10405,0.804476337352619,Unchanged
10406,0.804476337352619,Unchanged
10407,0.0570693270386393,Downregulated
10408,0.0452197554535139,Downregulated
10409,0,Unchanged
10410,0.0991643110257075,Downregulated
10411,0.00065007667946927,Unchanged
10412,0,Unchanged
10413,0,Unchanged
10414,9.42029919315246e-09,Unchanged
10415,0,Unchanged
10416,9.42029919315246e-09,Unchanged
10417,9.42029919315246e-09,Unchanged
10418,9.42029919315246e-09,Unchanged
10419,9.42029919315246e-09,Unchanged
10420,0.00635089919048524,Unchanged
10421,0.00635089919048524,Unchanged
10422,0.0290764994116249,Downregulated
10423,0.00144043904066753,Unchanged
10424,0.0426219561134342,Downregulated
10425,9.42029919315246e-09,Unchanged
10426,9.42029919315246e-09,Unchanged
10427,9.42029919315246e-09,Unchanged
10428,0,Unchanged
10429,0,Unchanged
10430,0.739138597279815,Unchanged
10431,2.66369890834347e-06,Unchanged
10432,0,Unchanged
10433,0.000249210724212903,Unchanged
10434,0,Unchanged
10435,0.039352605763512,Downregulated
10436,0,Unchanged
10437,0,Unchanged
10438,0,Unchanged
10439,0,Unchanged
10440,0.0434101255527037,Downregulated
10441,0,Unchanged
10442,0.1427039227242,Downregulated
10443,0.0595899995980154,Downregulated
10444,0.0900823602241323,Downregulated
10445,0.0641049106494735,Downregulated
10446,0,Unchanged
10447,0.0293893095240501,Downregulated
10448,0.0194145658468097,Downregulated
10449,0.156437872872247,Downregulated
10450,0,Unchanged
10451,0.000197131888503988,Unchanged
10452,0.000197131888503988,Unchanged
10453,0.0555586451275262,Downregulated
10454,0.00843800295478276,Unchanged
10455,0.000197124119505379,Unchanged
10456,0.0667065621613542,Downregulated
10457,0.128453086459106,Downregulated
10458,0.200569078515162,Downregulated
10459,0.198702335398859,Downregulated
10460,5.2978703211717,Upregulated
10461,0,Unchanged
10462,11624013.0990776,Unchanged
10463,0.669727881082632,Unchanged
10464,0.983659533754253,Unchanged
10465,0.341215504578764,Downregulated
10466,0.000174327123905108,Unchanged
10467,0,Unchanged
10468,0.211482722619341,Downregulated
10469,0,Unchanged
10470,0,Unchanged
10471,0.237498230454028,Downregulated
10472,0.0158589724100881,Downregulated
10473,0,Unchanged
10474,0.295669441176459,Downregulated
10475,0.0835598764795918,Downregulated
10476,0.0835598770474663,Downregulated
10477,0.208031789062884,Downregulated
10478,0.0493271983938185,Downregulated
10479,0.000249272045033304,Unchanged
10480,0.000249272045444453,Unchanged
10481,0,Unchanged
10482,0.296360380236059,Downregulated
10483,0,Unchanged
10484,0,Unchanged
10485,0.296360380236059,Downregulated
10486,0,Unchanged
10487,0,Unchanged
10488,0,Unchanged
10489,0,Unchanged
10490,0,Unchanged
10491,0,Unchanged
10492,0,Unchanged
10493,0,Unchanged
10494,0,Unchanged
10495,0.00950995660269809,Unchanged
10496,0.00950995680173546,Unchanged
10497,0,Unchanged
10498,1.08038726992103e-06,Unchanged
10499,1.08038732055095e-06,Unchanged
10500,0.0421645131071791,Downregulated
10501,0.0421645131611868,Downregulated
10502,0.0421645132470396,Downregulated
10503,0.0835598758585137,Downregulated
10504,0,Unchanged
10505,0.0238429553005366,Downregulated
10506,0.00021348511910598,Unchanged
10507,0.100911615107119,Downregulated
10508,2.9354363391576e-08,Unchanged
10509,0,Unchanged
10510,0,Unchanged
10511,0.156965829514244,Downregulated
10512,0.13761299698065,Downregulated
10513,1.00505718970155e-07,Unchanged
10514,1.00505714995279e-07,Unchanged
10515,0.0835598766012792,Downregulated
10516,0,Unchanged
10517,0.240525705659767,Downregulated
10518,0.276762764688441,Downregulated
10519,0,Unchanged
10520,0.00138214669534688,Unchanged
10521,1.00505718970155e-07,Unchanged
10522,0,Unchanged
10523,1.00505681932998e-07,Unchanged
10524,0,Unchanged
10525,0,Unchanged
10526,0.240525704352762,Downregulated
10527,2.23555919215914,Upregulated
10528,0.0835598765336751,Downregulated
10529,0,Unchanged
10530,0,Unchanged
10531,2.9354363391576e-08,Unchanged
10532,0.137464440973384,Downregulated
10533,2.93543627662984e-08,Unchanged
10534,0.000867718379653555,Unchanged
10535,2.9354363391576e-08,Unchanged
10536,0.17605317149922,Downregulated
10537,0.176053170658942,Downregulated
10538,0,Unchanged
10539,0,Unchanged
10540,155.96602425364,Upregulated
10541,0.24591488413312,Downregulated
10542,0.156965828164174,Downregulated
10543,0.156965831784678,Downregulated
10544,0.156965828164174,Downregulated
10545,0,Unchanged
10546,0,Unchanged
10547,0.000372460223798339,Unchanged
10548,0.0835598769663414,Downregulated
10549,0,Unchanged
10550,0,Unchanged
10551,0,Unchanged
10552,3.41329672568655,Upregulated
10553,3.41329652739563,Upregulated
10554,3.41329672568655,Upregulated
10555,3.41329672568655,Upregulated
10556,2.50680899431924,Upregulated
10557,3273.88309338377,Upregulated
10558,8.67742592931205,Upregulated
10559,1.40673016186662,Unchanged
10560,2.27762477189746,Upregulated
10561,7.25184186094396,Upregulated
10562,0.00704889570779057,Unchanged
10563,0,Unchanged
10564,5616079.43174753,Unchanged
10565,2.27401201540157,Upregulated
10566,5616079.40638082,Unchanged
10567,29.795977455629,Upregulated
10568,3126085.86227925,Unchanged
10569,1120323.74220243,Unchanged
10570,0,Unchanged
10571,717.213849790351,Upregulated
10572,0,Unchanged
10573,0,Unchanged
10574,0,Unchanged
10575,0,Unchanged
10576,8.63086530824584,Upregulated
10577,1.18262215665592,Unchanged
10578,2.42313861848888,Upregulated
10579,0.328629663513283,Downregulated
10580,38875419.9684828,Unchanged
10581,57388410.8955086,Unchanged
10582,74202025.8860143,Unchanged
10583,74202025.8860143,Unchanged
10584,82608832.639233,Unchanged
10585,0.881746305412021,Unchanged
10586,5347274.13559486,Unchanged
10587,0.0640012961569672,Downregulated
10588,1.49654884325895,Unchanged
10589,1.89725716950306e-08,Unchanged
10590,0.0889432479656906,Downregulated
10591,0,Unchanged
10592,2.23353570634117e-05,Unchanged
10593,63.5796341311534,Upregulated
10594,0,Unchanged
10595,0,Unchanged
10596,4687991.19043888,Unchanged
10597,0,Unchanged
10598,0,Unchanged
10599,0.0482313387386322,Downregulated
10600,0.0387027100806865,Downregulated
10601,0,Unchanged
10602,492847.797572304,Unchanged
10603,0,Unchanged
10604,0,Unchanged
10605,0.00979600952524809,Unchanged
10606,155433172.906745,Unchanged
10607,0,Unchanged
10608,0,Unchanged
10609,0,Unchanged
10610,0,Unchanged
10611,0.843067255025428,Unchanged
10612,0,Unchanged
10613,0,Unchanged
10614,577610.483277855,Unchanged
10615,0,Unchanged
10616,1.7076144508633,Unchanged
10617,1.70761445086331,Unchanged
10618,0,Unchanged
10619,0,Unchanged
10620,5.10915594987967,Upregulated
10621,881585.238711342,Unchanged
10622,0.0701971762799539,Downregulated
10623,0,Unchanged
10624,0.0357720632628074,Downregulated
10625,9.04491087398247e-05,Unchanged
10626,7.40759622283738,Upregulated
10627,0.0620131503944499,Downregulated
10628,0,Unchanged
10629,0.0444716237400656,Downregulated
10630,8548027375.74825,Unchanged
10631,0,Unchanged
10632,0,Unchanged
10633,0.127606450328819,Downregulated
10634,0.548122836304169,Unchanged
10635,2.23061703248775,Upregulated
10636,0.0540071571215551,Downregulated
10637,0.0424366032026702,Downregulated
10638,0.0964776991385641,Downregulated
10639,0,Unchanged
10640,0,Unchanged
10641,0.00588007097510778,Unchanged
10642,0.0589103359750727,Downregulated
10643,0,Unchanged
10644,0,Unchanged
10645,0.126225794270199,Downregulated
10646,0,Unchanged
10647,0,Unchanged
10648,0,Unchanged
10649,0.154241064344944,Downregulated
10650,0,Unchanged
10651,0.0915013843374869,Downregulated
10652,0.0114647323664806,Downregulated
10653,0.104316263284046,Downregulated
10654,0.323769775040173,Downregulated
10655,0.317056743506165,Downregulated
10656,0.191099688133678,Downregulated
10657,0.0109587561283105,Downregulated
10658,3.04180984595517,Upregulated
10659,3.49142721380591e-07,Unchanged
10660,0,Unchanged
10661,7.40001577194789e-08,Unchanged
10662,7.40001555023727e-08,Unchanged
10663,0.00416943081410974,Unchanged
10664,1.25374425751847e-07,Unchanged
10665,0.00416943083803305,Unchanged
10666,0.00416943082501195,Unchanged
10667,0.00416943082366605,Unchanged
10668,0.00416943081762426,Unchanged
10669,0.00833886134334989,Unchanged
10670,0.0314984096071914,Downregulated
10671,0.0141280787330594,Downregulated
10672,0.00353201968513729,Unchanged
10673,0.0141280788785727,Downregulated
10674,0.00706172569134329,Unchanged
10675,0.0314984100606721,Downregulated
10676,0.00416943082065344,Unchanged
10677,7.40001546155256e-08,Unchanged
10678,0.00416943080799693,Unchanged
10679,0.00416943080601773,Unchanged
10680,7.40001546155335e-08,Unchanged
10681,7.40001546155274e-08,Unchanged
10682,0.00833886157880562,Unchanged
10683,0.0041682351294999,Unchanged
10684,0.00833886176370991,Unchanged
10685,219760.979553168,Unchanged
10686,439521.951426334,Unchanged
10687,0.00833886129671543,Unchanged
10688,0.01250829191101,Downregulated
10689,0.00833886130671563,Unchanged
10690,0.00833886130859067,Unchanged
10691,0.0125082925860324,Downregulated
10692,0.00416943088081327,Unchanged
10693,0.00416943122330062,Unchanged
10694,0.00833886247096845,Unchanged
10695,0.0083388617764185,Unchanged
10696,0.00416943087393813,Unchanged
10697,0.00330218699816693,Unchanged
10698,0.104316264507227,Downregulated
10699,0.104316270962629,Downregulated
10700,0.104316266605067,Downregulated
10701,5498267.11414334,Unchanged
10702,5718028.00902064,Unchanged
10703,0.10431626264772,Downregulated
10704,0.0528104849306952,Downregulated
10705,0.0569799149097838,Downregulated
10706,0.0528104842967209,Downregulated
10707,0.0041694049273199,Unchanged
10708,0.0528104846716617,Downregulated
10709,0.0528104833891526,Downregulated
10710,2783517.56391886,Unchanged
10711,0.0264052440153182,Downregulated
10712,0.00208471551077707,Unchanged
10713,0.00208471551009997,Unchanged
10714,0.0369744980868964,Downregulated
10715,0,Unchanged
10716,0,Unchanged
10717,6204064.23640208,Unchanged
10718,3897678.93397162,Unchanged
10719,12408128.4728042,Unchanged
10720,6714945.80123893,Unchanged
10721,0.0369744966202722,Downregulated
10722,0.0588535275618461,Downregulated
10723,0,Unchanged
10724,6.06858470547738,Upregulated
10725,9591019.13806972,Unchanged
10726,1155220.96655571,Unchanged
10727,5693182.70348325,Unchanged
10728,5693182.66847713,Unchanged
10729,5693182.66847713,Unchanged
10730,232558050.353124,Unchanged
10731,232558050.353124,Unchanged
10732,3015337.31594825,Unchanged
10733,10694548.267939,Unchanged
10734,9567783341.12551,Unchanged
10735,0.530524725219736,Unchanged
10736,14173823.9244244,Unchanged
10737,3.41522890172659,Upregulated
10738,3.41522890172662,Upregulated
10739,10255026.3269607,Unchanged
10740,0.261946156089368,Downregulated
10741,1.76365883931691,Unchanged
10742,0,Unchanged
10743,0.0320251210578712,Downregulated
10744,0,Unchanged
10745,0,Unchanged
10746,0,Unchanged
10747,0,Unchanged
10748,4.27643150219384,Upregulated
10749,57387.4291346123,Unchanged
10750,0,Unchanged
10751,0,Unchanged
10752,0,Unchanged
10753,0,Unchanged
10754,0,Unchanged
10755,0.00954173414470009,Unchanged
10756,0.00954173414470009,Unchanged
10757,1.42862975970206e-08,Unchanged
10758,0,Unchanged
10759,0,Unchanged
10760,0,Unchanged
10761,0.0465618060269614,Downregulated
10762,1.8505188553923e-06,Unchanged
10763,0.0135903163299966,Downregulated
10764,0,Unchanged
10765,0,Unchanged
10766,0.275575634769098,Downregulated
10767,11.3418518603472,Upregulated
10768,1.24188455896972,Unchanged
10769,0.275575626743858,Downregulated
10770,0.743252247390043,Unchanged
10771,0,Unchanged
10772,0.628225727791864,Unchanged
10773,5.17068986976479,Upregulated
10774,0,Unchanged
10775,0,Unchanged
10776,10.7984697854829,Upregulated
10777,126.256913341633,Upregulated
10778,2.13801355244482,Upregulated
10779,0.0803654590898293,Downregulated
10780,0.0730393598136528,Downregulated
10781,0,Unchanged
10782,1.52035524005831e-05,Unchanged
10783,0.0200376705871196,Downregulated
10784,0,Unchanged
10785,4458238.56737857,Unchanged
10786,0.0639871617459959,Downregulated
10787,2.85514974478831,Upregulated
10788,70295.4033856754,Unchanged
10789,2.91010689680455,Upregulated
10790,0,Unchanged
10791,0,Unchanged
10792,0.406103319049436,Downregulated
10793,0.437401170414314,Downregulated
10794,0,Unchanged
10795,0,Unchanged
10796,0,Unchanged
10797,0,Unchanged
10798,0,Unchanged
10799,227.526621780472,Upregulated
10800,91278.2841021325,Unchanged
10801,0,Unchanged
10802,0,Unchanged
10803,0.189754892697621,Downregulated
10804,127.159270196054,Upregulated
10805,0.120262575022981,Downregulated
10806,0,Unchanged
10807,30170082.0636521,Unchanged
10808,0,Unchanged
10809,0.389078831452539,Downregulated
10810,3.61791824006472,Upregulated
10811,0,Unchanged
10812,0.119023820951694,Downregulated
10813,0.590399357480256,Unchanged
10814,9119716.1194124,Unchanged
10815,0.128541621885787,Downregulated
10816,0.138897145827798,Downregulated
10817,2.70982163956587,Upregulated
10818,0.568758958473162,Unchanged
10819,336.929773289803,Upregulated
10820,2.0461580629768,Upregulated
10821,0,Unchanged
10822,0,Unchanged
10823,0,Unchanged
10824,0,Unchanged
10825,0,Unchanged
10826,0,Unchanged
10827,0.226355554071022,Downregulated
10828,6.31656615033109,Upregulated
10829,0,Unchanged
10830,0,Unchanged
10831,0,Unchanged
10832,0,Unchanged
10833,0,Unchanged
10834,0,Unchanged
10835,0,Unchanged
10836,0,Unchanged
10837,0,Unchanged
10838,7629.59461399684,Upregulated
10839,0.828073887624364,Unchanged
10840,0.00478798908208536,Unchanged
10841,2.28191168079409,Upregulated
10842,5.79842799418735,Upregulated
10843,1.90161382495391,Unchanged
10844,1907.39860697366,Upregulated
10845,2.74505534890937,Upregulated
10846,1.0876175901233,Unchanged
10847,1.06401829306421e-08,Unchanged
10848,0.339822110582862,Downregulated
10849,0.437694175856947,Downregulated
10850,0,Unchanged
10851,0.859093418779056,Unchanged
10852,1.26178920523971,Unchanged
10853,2.16092081934109,Upregulated
10854,1.92541080969149,Unchanged
10855,0.657028067697686,Unchanged
10856,97.9741733028278,Upregulated
10857,127.956019049198,Upregulated
10858,3.58621872815788,Upregulated
10859,0.258836254968589,Downregulated
10860,0.622431846326037,Unchanged
10861,0,Unchanged
10862,88.8911318443824,Upregulated
10863,1.27857231403213,Unchanged
10864,0.253394701590852,Downregulated
10865,3.72531343021785,Upregulated
10866,0.968628114425563,Unchanged
10867,0.833157320542705,Unchanged
10868,0,Unchanged
10869,24.5696561370827,Upregulated
10870,0,Unchanged
10871,0.251192088969372,Downregulated
10872,0.147612561212367,Downregulated
10873,0,Unchanged
10874,85779.2176777323,Unchanged
10875,381.47781449991,Upregulated
10876,95.3694546199714,Upregulated
10877,0,Unchanged
10878,323162.336270863,Unchanged
10879,1.1993189056611,Unchanged
10880,0.253820552987344,Downregulated
10881,0.0022339189127707,Unchanged
10882,50.7585945136485,Upregulated
10883,0,Unchanged
10884,22.8268999587795,Upregulated
10885,0,Unchanged
10886,0,Unchanged
10887,7.79692616039258,Upregulated
10888,13761.0105374508,Upregulated
10889,5.17181157133903,Upregulated
10890,0.998736025467651,Unchanged
10891,3.79399189747375,Upregulated
10892,26.0093683835072,Upregulated
10893,0.0925975539917454,Downregulated
10894,19.5686794144001,Upregulated
10895,0,Unchanged
10896,68.5353857980938,Upregulated
10897,19.92447842491,Upregulated
10898,0,Unchanged
10899,14.1972556833964,Upregulated
10900,15.8057511400345,Upregulated
10901,50.3234501418922,Upregulated
10902,1.96202202191272,Unchanged
10903,1.26134052758349,Unchanged
10904,79.9294198497675,Upregulated
10905,26.8755819246033,Upregulated
10906,11.7137166070848,Upregulated
10907,0,Unchanged
10908,0,Unchanged
10909,0,Unchanged
10910,0,Unchanged
10911,6.41153359456766,Upregulated
10912,8.44339149567107,Upregulated
10913,6.41153359685262,Upregulated
10914,10.6443691362236,Upregulated
10915,123.611158038807,Upregulated
10916,123.611158227992,Upregulated
10917,0,Unchanged
10918,2.90981268731803,Upregulated
10919,6.69559848576216,Upregulated
10920,0,Unchanged
10921,0.0556315709192293,Downregulated
10922,0.0113287787699174,Downregulated
10923,6.080769570279,Upregulated
10924,0.0574959268302415,Downregulated
10925,127.326696244924,Upregulated
10926,79.2036322154831,Upregulated
10927,0,Unchanged
10928,200.551948137583,Upregulated
10929,0,Unchanged
10930,0.00288941545136515,Unchanged
10931,43.9707056950166,Upregulated
10932,0.216051795533249,Downregulated
10933,0,Unchanged
10934,4682930.40969829,Unchanged
10935,0.000660184033091391,Unchanged
10936,0.00500131858723883,Unchanged
10937,0.0260921617901367,Downregulated
10938,25.8813508138878,Upregulated
10939,0.354692183991135,Downregulated
10940,5.75854578601997e-05,Unchanged
10941,6.40287412585118,Upregulated
10942,0,Unchanged
10943,65273.6735315096,Unchanged
10944,1.42002698715906,Unchanged
10945,1.67807121546592,Unchanged
10946,4356233.46805457,Unchanged
10947,7227501.18601774,Unchanged
10948,10072418.7364602,Unchanged
10949,5.18423231713957,Upregulated
10950,0,Unchanged
10951,2.63763590979114e-06,Unchanged
10952,0,Unchanged
10953,1.43330313335355e-07,Unchanged
10954,1.98834173162393e-05,Unchanged
10955,0.152142284948039,Downregulated
10956,679.684905719871,Upregulated
10957,0.00788675419379726,Unchanged
10958,0.0538996021097776,Downregulated
10959,2404043.96524868,Unchanged
10960,0,Unchanged
10961,0,Unchanged
10962,0,Unchanged
10963,0.0725024520022035,Downregulated
10964,3.21192942048645,Upregulated
10965,6.0092353690374,Upregulated
10966,23598245.6886104,Unchanged
10967,1.99283005327465,Unchanged
10968,0,Unchanged
10969,0,Unchanged
10970,0.106933565140762,Downregulated
10971,0,Unchanged
10972,2.42077739812641e-07,Unchanged
10973,0,Unchanged
10974,0,Unchanged
10975,2.75385296753046,Upregulated
10976,311.173127688551,Upregulated
10977,580.218638989501,Upregulated
10978,4.80115447478194,Upregulated
10979,16711321.656982,Unchanged
10980,0,Unchanged
10981,0,Unchanged
10982,12.7576084251276,Upregulated
10983,557189.815691356,Unchanged
10984,2.59166432689868,Upregulated
10985,23.853540817532,Upregulated
10986,0.974147254723786,Unchanged
10987,0,Unchanged
10988,10.290375569395,Upregulated
10989,1.7594145549192,Unchanged
10990,3.81700476837648,Upregulated
10991,0.0514203262704013,Downregulated
10992,6144472.93045511,Unchanged
10993,0.282364935739159,Downregulated
10994,0,Unchanged
10995,0.0409638539312836,Downregulated
10996,0.00105308319200778,Unchanged
10997,0,Unchanged
10998,0.00143168905251874,Unchanged
10999,0.0744996006090016,Downregulated
11000,1.24029222919996,Unchanged
11001,4.32488702427503,Upregulated
11002,0,Unchanged
11003,0,Unchanged
11004,0,Unchanged
11005,0.0358871929726653,Downregulated
11006,0.00280151189367665,Unchanged
11007,0.498195685298845,Downregulated
11008,1757.5999910821,Upregulated
11009,10.2236453276791,Upregulated
11010,39.9647095828946,Upregulated
11011,40.8945792909189,Upregulated
11012,57.1067195137509,Upregulated
11013,8952405.64212991,Unchanged
11014,30.9938557487618,Upregulated
11015,79.9294185072783,Upregulated
11016,0,Unchanged
11017,0.00740318506076595,Unchanged
11018,3.55644755397319,Upregulated
11019,3.36650550354574e-06,Unchanged
11020,0,Unchanged
11021,75125.2729264962,Unchanged
11022,0,Unchanged
11023,273133211.489256,Unchanged
11024,335191888.494141,Unchanged
11025,2657416.19930259,Unchanged
11026,0,Unchanged
11027,0.369941778729061,Downregulated
11028,0.0443755485345693,Downregulated
11029,0,Unchanged
11030,2209.76583784727,Upregulated
11031,170676207.130516,Unchanged
11032,85.0888054830119,Upregulated
11033,0,Unchanged
11034,28.9787284464299,Upregulated
11035,0,Unchanged
11036,0,Unchanged
11037,0,Unchanged
11038,0,Unchanged
11039,4.68310240876235e-07,Unchanged
11040,0,Unchanged
11041,3.21353707253857e-07,Unchanged
11042,0,Unchanged
11043,0,Unchanged
11044,1.13218705965188e-08,Unchanged
11045,0,Unchanged
11046,0,Unchanged
11047,0.0482547455530798,Downregulated
11048,27.9550762166862,Upregulated
11049,13.9432984713696,Upregulated
11050,225.463757845862,Upregulated
11051,1.63435134623755,Unchanged
11052,2690.28367769393,Upregulated
11053,7774895.84781133,Unchanged
11054,0,Unchanged
11055,2846591.35174163,Unchanged
11056,282834.754023102,Unchanged
11057,652085.636813621,Unchanged
11058,3887447.92390566,Unchanged
11059,3889362.47875551,Unchanged
11060,652085.636808318,Unchanged
11061,3803952.85986811,Unchanged
11062,0,Unchanged
11063,0,Unchanged
11064,0,Unchanged
11065,0,Unchanged
11066,170676207.130516,Unchanged
11067,19.9244783075236,Upregulated
11068,8.00922178182285,Upregulated
11069,18.3723506760872,Upregulated
11070,6.70933851540812e-07,Unchanged
11071,3699929.43919166,Unchanged
11072,3699929.43452272,Unchanged
11073,0,Unchanged
11074,0,Unchanged
11075,0,Unchanged
11076,0.0479894583882745,Downregulated
11077,0,Unchanged
11078,0,Unchanged
11079,0,Unchanged
11080,0,Unchanged
11081,0,Unchanged
11082,6.5186924919385,Upregulated
11083,0,Unchanged
11084,0,Unchanged
11085,0,Unchanged
11086,1.32020339132122,Unchanged
11087,3.43080800746216,Upregulated
11088,1.59254546062722,Unchanged
11089,5.63645757115005,Upregulated
11090,11835355.9600204,Unchanged
11091,1348925.18810008,Unchanged
11092,1522.90510732381,Upregulated
11093,0,Unchanged
11094,0,Unchanged
11095,0,Unchanged
11096,0,Unchanged
11097,0,Unchanged
11098,0,Unchanged
11099,315666.161082021,Unchanged
11100,0.821023558271032,Unchanged
11101,15.0666091754667,Upregulated
11102,2490502.9036892,Unchanged
11103,2563756.58995987,Unchanged
11104,2092387.56171957,Unchanged
11105,0,Unchanged
11106,2.0203539987776,Upregulated
11107,2564861.47426135,Unchanged
11108,0,Unchanged
11109,0,Unchanged
11110,0,Unchanged
11111,5347274.14047089,Unchanged
11112,5347274.14047089,Unchanged
11113,0,Unchanged
11114,1617364.26891074,Unchanged
11115,1.33308797934427,Unchanged
11116,0,Unchanged
11117,4.28731632425402e-08,Unchanged
11118,4.28731593500452e-08,Unchanged
11119,0,Unchanged
11120,6.84774941942718,Upregulated
11121,0.125132738089762,Downregulated
11122,0.135778689918271,Downregulated
11123,0,Unchanged
11124,0.0664775842900487,Downregulated
11125,0,Unchanged
11126,0,Unchanged
11127,4.53544649186751e-08,Unchanged
11128,0.580088189026639,Unchanged
11129,0,Unchanged
11130,3.58621870075589,Upregulated
11131,0.79100567822975,Unchanged
11132,1233.08706743527,Upregulated
11133,11.0983088091265,Upregulated
11134,48518675.1558345,Unchanged
11135,4.19120983099368,Upregulated
11136,53173991.7069238,Unchanged
11137,0,Unchanged
11138,1281.79065055249,Upregulated
11139,34239544.6384244,Unchanged
11140,148404051.772029,Unchanged
11141,3.42855717125898,Upregulated
11142,38.6865653358587,Upregulated
11143,15.7647509413401,Upregulated
11144,13.8579301033806,Upregulated
11145,13.7504521643443,Upregulated
11146,2.68194136144266e-07,Unchanged
11147,0.080468420781273,Downregulated
11148,1.25757913838722e-07,Unchanged
11149,0.00279662054502196,Unchanged
11150,1532199.9243322,Unchanged
11151,1532199.9243322,Unchanged
11152,0,Unchanged
11153,0,Unchanged
11154,286.298898097196,Upregulated
11155,261.220450102492,Upregulated
11156,0.794979786054773,Unchanged
11157,0.706212846901631,Unchanged
11158,0,Unchanged
11159,0,Unchanged
11160,0,Unchanged
11161,4687991.19043888,Unchanged
11162,0,Unchanged
11163,0,Unchanged
11164,0,Unchanged
11165,0,Unchanged
11166,0,Unchanged
11167,1.33308800059409,Unchanged
11168,819270.253521892,Unchanged
11169,3.10889614758795,Upregulated
11170,0,Unchanged
11171,0,Unchanged
11172,2783517.58285697,Unchanged
11173,64.1428385553643,Upregulated
11174,29.3138037635987,Upregulated
11175,0,Unchanged
11176,0,Unchanged
11177,0,Unchanged
11178,2.67189549177336,Upregulated
11179,6.65993172227293e-05,Unchanged
11180,2.32043738455771e-05,Unchanged
11181,0,Unchanged
11182,0,Unchanged
11183,0,Unchanged
11184,0,Unchanged
11185,0.00144810394756806,Unchanged
11186,0.00115062210174891,Unchanged
11187,0.000443858551831633,Unchanged
11188,6875408.15649633,Unchanged
11189,4.93864114332609e-08,Unchanged
11190,0,Unchanged
11191,0,Unchanged
11192,0,Unchanged
11193,0.110065274934027,Downregulated
11194,0.0997228246961491,Downregulated
11195,303948.231651813,Unchanged
11196,0,Unchanged
11197,0.0597094203546141,Downregulated
11198,3.03116447941676e-07,Unchanged
11199,75989278.1822416,Unchanged
11200,6319592.23762079,Unchanged
11201,345908.531660222,Unchanged
11202,0.0794153335765004,Downregulated
11203,0,Unchanged
11204,0,Unchanged
11205,0.000726317285948142,Unchanged
11206,1.38281470537257,Unchanged
11207,3.29889125174156,Upregulated
11208,1.28122450789565,Unchanged
11209,0.0363477393204832,Downregulated
11210,2.54574221739033,Upregulated
11211,0.000624780277127649,Unchanged
11212,0,Unchanged
11213,1.33308795550467,Unchanged
11214,10694548.2971952,Unchanged
11215,0,Unchanged
11216,10694548.2695644,Unchanged
11217,0.0276023242286256,Downregulated
11218,0,Unchanged
11219,0.0276023241482316,Downregulated
11220,0.0276023245144708,Downregulated
11221,0,Unchanged
11222,3.87646866739313e-08,Unchanged
11223,0.0322287388212896,Downregulated
11224,0.0742984512617695,Downregulated
11225,219.078357768944,Upregulated
11226,41.2176045980532,Upregulated
11227,0,Unchanged
11228,0,Unchanged
11229,5693182.69242869,Unchanged
11230,0.0427821010875262,Downregulated
11231,0.0390769063280909,Downregulated
11232,0.0427820998504874,Downregulated
11233,0.035962345805634,Downregulated
11234,0.0333076155355779,Downregulated
11235,1.94508664350825,Unchanged
11236,6.8159294204109,Upregulated
11237,160.323088188564,Upregulated
11238,5666727.69134583,Unchanged
11239,5.145823076682e-08,Unchanged
11240,5.14582307668201e-08,Unchanged
11241,0.0390769064545516,Downregulated
11242,0.0781538125550133,Downregulated
11243,0.151380785080991,Downregulated
11244,0.042782099712036,Downregulated
11245,0.0359623462537021,Downregulated
11246,0.035962346335169,Downregulated
11247,4.00623398888095e-08,Unchanged
11248,4.00623375623949e-08,Unchanged
11249,0.62230799320159,Unchanged
11250,2846591.32594764,Unchanged
11251,0,Unchanged
11252,0,Unchanged
11253,37776827.6645682,Unchanged
11254,2.70304537903224,Upregulated
11255,2846591.3365416,Unchanged
11256,0.408002828210688,Downregulated
11257,10425441.1241072,Unchanged
11258,29.3138043880465,Upregulated
11259,4756828.53440949,Unchanged
11260,0.300793757361403,Downregulated
11261,6.8363355417082,Upregulated
11262,0,Unchanged
11263,0,Unchanged
11264,9.47426214210582e-05,Unchanged
11265,5693182.67768927,Unchanged
11266,46958219.8078194,Unchanged
11267,144709392.161203,Unchanged
11268,0,Unchanged
11269,21053325.1589612,Unchanged
11270,0,Unchanged
11271,10635607.5658505,Unchanged
11272,5251469.14746978,Unchanged
11273,2824116.9776174,Unchanged
11274,0,Unchanged
11275,1.49133623573497,Unchanged
11276,8053581.54724883,Unchanged
11277,0.644761821809565,Unchanged
11278,0,Unchanged
11279,0,Unchanged
11280,0,Unchanged
11281,0,Unchanged
11282,23.5718556195662,Upregulated
11283,0.00144239711550291,Unchanged
11284,2.70618852916372,Upregulated
11285,1565372.82631832,Unchanged
11286,1087298.50942573,Unchanged
11287,1.05096536179674,Unchanged
11288,1.05096539187594,Unchanged
11289,0.0325394930036931,Downregulated
11290,0,Unchanged
11291,0,Unchanged
11292,0.996666873851388,Unchanged
11293,0,Unchanged
11294,1,Unchanged
11295,0,Unchanged
11296,9.696623351374e-09,Unchanged
11297,8.28259995144695,Upregulated
11298,0.525685153809815,Unchanged
11299,0.066788271176122,Downregulated
11300,0.219644896831245,Downregulated
11301,0.00506878092662576,Unchanged
11302,0,Unchanged
11303,0.311141225222043,Downregulated
11304,0,Unchanged
11305,115744903.546163,Unchanged
11306,43.1756213823384,Upregulated
11307,0.0160673862683624,Downregulated
11308,233.12912269182,Upregulated
11309,1.07086838075763,Unchanged
11310,2.77788817831538,Upregulated
11311,2.77788817831538,Upregulated
11312,2.77788811939618,Upregulated
11313,36.2420877014052,Upregulated
11314,1.17303524813499,Unchanged
11315,0.719509095078829,Unchanged
11316,170676287.059937,Unchanged
11317,0,Unchanged
11318,6.41153284011072,Upregulated
11319,1426.25598823922,Upregulated
11320,0,Unchanged
11321,19.3256092113274,Upregulated
11322,114776822.880466,Unchanged
11323,13.7504518297021,Upregulated
11324,81786434.5084818,Unchanged
11325,131590437.008749,Unchanged
11326,2013.45203090716,Upregulated
11327,2007.46714094378,Upregulated
11328,33.6417091079614,Upregulated
11329,33.6417091079614,Upregulated
11330,1.40875776213476,Unchanged
11331,0,Unchanged
11332,20.7189298524328,Upregulated
11333,2.38182094301991,Upregulated
11334,2.6180938024407,Upregulated
11335,12.954204834266,Upregulated
11336,3.07964510332988,Upregulated
11337,850.694340770002,Upregulated
11338,89.439026957033,Upregulated
11339,5.55577644118272,Upregulated
11340,0,Unchanged
11341,0,Unchanged
11342,170676205.770848,Unchanged
11343,85398172.8985007,Unchanged
11344,2638.25573876497,Upregulated
11345,85398172.8985007,Unchanged
11346,93592038.4087619,Unchanged
11347,93592038.4087619,Unchanged
11348,170676205.770848,Unchanged
11349,170676205.770848,Unchanged
11350,2292.36668422971,Upregulated
11351,74202026.1933588,Unchanged
11352,2552.08302869066,Upregulated
11353,82608832.8138499,Unchanged
11354,151.907218316687,Upregulated
11355,4917111.97193505,Unchanged
11356,8193865.46580042,Unchanged
11357,4795509.5062504,Unchanged
11358,8090729.99561227,Unchanged
11359,2610379.65331097,Unchanged
11360,2.45101145519608,Upregulated
11361,0,Unchanged
11362,0,Unchanged
11363,0,Unchanged
11364,1.28427686354256,Unchanged
11365,159.080640375754,Upregulated
11366,0,Unchanged
11367,3.08935854731089e-05,Unchanged
11368,169.321129604941,Upregulated
11369,84.6605647948586,Upregulated
11370,2638.25568428259,Upregulated
11371,30196379.5614851,Unchanged
11372,1199.64806694776,Upregulated
11373,10811553.627398,Unchanged
11374,737388.985248569,Unchanged
11375,0,Unchanged
11376,1725235.62165551,Unchanged
11377,4437593.92057363,Unchanged
11378,1725235.61705111,Unchanged
11379,7.44874663196423e-07,Unchanged
11380,7.44874676654792e-07,Unchanged
11381,0,Unchanged
11382,3.04792062425709,Upregulated
11383,1.17533031923852,Unchanged
11384,0,Unchanged
11385,0,Unchanged
11386,1.33308795636845,Unchanged
11387,0,Unchanged
11388,0,Unchanged
11389,2.60621535678468,Upregulated
11390,1.915074704824,Unchanged
11391,0.246192929946971,Downregulated
11392,2.27233977499013,Upregulated
11393,2324439.21236375,Unchanged
11394,542162.844382498,Unchanged
11395,4.68310262817795e-07,Unchanged
11396,0,Unchanged
11397,10.6846273804306,Upregulated
11398,3.29601012161365,Upregulated
11399,10.6846273813751,Upregulated
11400,3.81945980741402,Upregulated
11401,4.17232679714988,Upregulated
11402,15.6929939534719,Upregulated
11403,0,Unchanged
11404,0,Unchanged
11405,0,Unchanged
11406,0,Unchanged
11407,0,Unchanged
11408,185656.283698865,Unchanged
11409,1.00205654793368,Unchanged
11410,0,Unchanged
11411,54.45466155448,Upregulated
11412,0,Unchanged
11413,2.63663784433972,Upregulated
11414,0,Unchanged
11415,0,Unchanged
11416,0,Unchanged
11417,0,Unchanged
11418,0,Unchanged
11419,0,Unchanged
11420,0,Unchanged
11421,0,Unchanged
11422,0,Unchanged
11423,0.761697151135831,Unchanged
11424,0,Unchanged
11425,0,Unchanged
11426,1106.10515032718,Upregulated
11427,2.41476126291218e-07,Unchanged
11428,0,Unchanged
11429,0.0916344039832743,Downregulated
11430,0.0916344071921282,Downregulated
11431,0.0431585769464109,Downregulated
11432,9.82243634136823,Upregulated
11433,0,Unchanged
11434,0,Unchanged
11435,0,Unchanged
11436,8.73763642009181,Upregulated
11437,0.00417432893619751,Unchanged
11438,0,Unchanged
11439,0,Unchanged
11440,0,Unchanged
11441,0.584324067262148,Unchanged
11442,0,Unchanged
11443,1.60342948136075e-06,Unchanged
11444,0,Unchanged
11445,0,Unchanged
11446,0,Unchanged
11447,0.493562543426376,Downregulated
11448,67612.9762348214,Unchanged
11449,0,Unchanged
11450,18.4309454625192,Upregulated
11451,0.362449908175016,Downregulated
11452,0,Unchanged
11453,0.933896704014716,Unchanged
11454,1.68043609955644,Unchanged
11455,0.150075767246985,Downregulated
11456,0,Unchanged
11457,0,Unchanged
11458,4.07560797018484,Upregulated
11459,13.7504524571844,Upregulated
11460,2.26759225349778,Upregulated
11461,0,Unchanged
11462,13.7504517511739,Upregulated
11463,0,Unchanged
11464,1.71218060925438,Unchanged
11465,2.78515170892747,Upregulated
11466,2.25905994592927,Upregulated
11467,3.58621857161008,Upregulated
11468,0,Unchanged
11469,0.119489264127073,Downregulated
11470,2.39603281761447e-07,Unchanged
11471,0.831692048005103,Unchanged
11472,0,Unchanged
11473,0,Unchanged
11474,0,Unchanged
11475,1.99948297847641e-07,Unchanged
11476,0.320216034788523,Downregulated
11477,0.218175686869918,Downregulated
11478,8.28259984174421,Upregulated
11479,0,Unchanged
11480,0,Unchanged
11481,1.9999906078005,Unchanged
11482,0,Unchanged
11483,7783956.73999669,Unchanged
11484,0,Unchanged
11485,0,Unchanged
11486,2.63229381376931,Upregulated
11487,12639184.5170127,Unchanged
11488,114776821.81214,Unchanged
11489,24291863.3736329,Unchanged
11490,22383678.8983378,Unchanged
11491,114776821.81214,Unchanged
11492,114776822.407119,Unchanged
11493,18809509.2701139,Unchanged
11494,0.0139333545371577,Downregulated
11495,0.448436529657345,Downregulated
11496,0,Unchanged
11497,0,Unchanged
11498,248.001326012957,Upregulated
11499,76.7823459545959,Upregulated
11500,0.00715356205928611,Unchanged
11501,0,Unchanged
11502,0.00233005664492307,Unchanged
11503,0.000172422413392482,Unchanged
11504,4.60503400484072e-07,Unchanged
11505,0.00595483709088265,Unchanged
11506,0.000568553791367917,Unchanged
11507,0.200872906725311,Downregulated
11508,0,Unchanged
11509,0.001768766027113,Unchanged
11510,3.75654775363425e-08,Unchanged
11511,0.00595483742516196,Unchanged
11512,0,Unchanged
11513,0.0040907810165833,Unchanged
11514,0,Unchanged
11515,0,Unchanged
11516,0,Unchanged
11517,0,Unchanged
11518,428093.321798258,Unchanged
11519,0.051008806841516,Downregulated
11520,0.000117191358272549,Unchanged
11521,1.99999941858598,Unchanged
11522,0,Unchanged
11523,0.00411984138557873,Unchanged
11524,0.0580530407219164,Downregulated
11525,1.13218705965188e-08,Unchanged
11526,1.40414072885668e-05,Unchanged
11527,3.87634781632636e-08,Unchanged
11528,0.0133649427038247,Downregulated
11529,0,Unchanged
11530,0,Unchanged
11531,1.2192784168974e-08,Unchanged
11532,0.000234222178191326,Unchanged
11533,2.58247806890015,Upregulated
11534,11058531.9545335,Unchanged
11535,2.00801031784523,Upregulated
11536,2.96829010584182,Upregulated
11537,0.212809833915847,Downregulated
11538,0.0657444050573612,Downregulated
11539,0.0149723067794224,Downregulated
11540,0.0493422271132581,Downregulated
11541,0.00122615909969406,Unchanged
11542,1.2192782798173e-08,Unchanged
11543,0.228653634987493,Downregulated
11544,0.0271695494594364,Downregulated
11545,0,Unchanged
11546,0.160160175906791,Downregulated
11547,0.565907314563315,Unchanged
11548,0.155895147519187,Downregulated
11549,0,Unchanged
11550,0,Unchanged
11551,0,Unchanged
11552,1.26334770100302e-08,Unchanged
11553,1.29281000483834e-05,Unchanged
11554,2.0275171703409e-07,Unchanged
11555,2209.5954077785,Upregulated
11556,0,Unchanged
11557,898347.387872444,Unchanged
11558,0.0314469921336382,Downregulated
11559,0.147174929468979,Downregulated
11560,1.2812245101561,Unchanged
11561,0.176300682681461,Downregulated
11562,12.9819007595197,Upregulated
11563,3577095.32556437,Unchanged
11564,1.33308796381075,Unchanged
11565,0,Unchanged
11566,2.02109863123369e-08,Unchanged
11567,0,Unchanged
11568,0,Unchanged
11569,0,Unchanged
11570,0,Unchanged
11571,0.266223216407591,Downregulated
11572,0,Unchanged
11573,0.114685796073333,Downregulated
11574,0,Unchanged
11575,4.65834097085952e-05,Unchanged
11576,0,Unchanged
11577,0,Unchanged
11578,0,Unchanged
11579,2846591.33884463,Unchanged
11580,0,Unchanged
11581,56.7472214657548,Upregulated
11582,0,Unchanged
11583,0,Unchanged
11584,0.0178121656986009,Downregulated
11585,0.0739004497224786,Downregulated
11586,0.00566918003049476,Unchanged
11587,0.0360096967802302,Downregulated
11588,0,Unchanged
11589,0.592812419144805,Unchanged
11590,0,Unchanged
11591,0.0390769063280909,Downregulated
11592,0.0824163866605969,Downregulated
11593,0.166877605410831,Downregulated
11594,0,Unchanged
11595,0.0621202210531859,Downregulated
11596,0.922960567562075,Unchanged
11597,0.000746442682118231,Unchanged
11598,0,Unchanged
11599,0.000801405298287264,Unchanged
11600,0,Unchanged
11601,0,Unchanged
11602,0,Unchanged
11603,0,Unchanged
11604,1.73559360394592e-08,Unchanged
11605,0,Unchanged
11606,0,Unchanged
11607,0,Unchanged
11608,0.0386065379723597,Downregulated
11609,0.0386065379118995,Downregulated
11610,0,Unchanged
11611,1.73559358005974e-08,Unchanged
11612,0.00234090620407456,Unchanged
11613,16983.6451480507,Upregulated
11614,4.76886386355949,Upregulated
11615,1.66854119464323,Unchanged
11616,0.0355554688231754,Downregulated
11617,1.13282936898479,Unchanged
11618,0,Unchanged
11619,0,Unchanged
11620,5938.7122969463,Upregulated
11621,2.33827484970131,Upregulated
11622,5526203.69830617,Unchanged
11623,0,Unchanged
11624,2.66889250359388,Upregulated
11625,1.09503811942358e-06,Unchanged
11626,2.21905860216067,Upregulated
11627,0,Unchanged
11628,5482558.73507513,Unchanged
11629,4824.49642412906,Upregulated
11630,8808229.57670071,Unchanged
11631,0,Unchanged
11632,0.00139936384914398,Unchanged
11633,0.00459814126486279,Unchanged
11634,0,Unchanged
11635,1.8323971912646,Unchanged
11636,0.00257395059126972,Unchanged
11637,0,Unchanged
11638,0.000416755687606764,Unchanged
11639,7.24368845709852e-06,Unchanged
11640,2.33827470656394,Upregulated
11641,0,Unchanged
11642,0,Unchanged
11643,10298619.9064616,Unchanged
11644,460.04676666256,Upregulated
11645,12.4456237770202,Upregulated
11646,0.00354662285941226,Unchanged
11647,0.0510215505834448,Downregulated
11648,0.913504099458077,Unchanged
11649,0.464774261674581,Downregulated
11650,0.11814355392427,Downregulated
11651,0,Unchanged
11652,0,Unchanged
11653,0,Unchanged
11654,0.34086439780316,Downregulated
11655,0,Unchanged
11656,0,Unchanged
11657,502595.729685758,Unchanged
11658,0,Unchanged
11659,1.91772801137898e-06,Unchanged
11660,0,Unchanged
11661,0.434949373514955,Downregulated
11662,30.2370945806359,Upregulated
11663,0,Unchanged
11664,0,Unchanged
11665,2.23353574451721e-05,Unchanged
11666,0,Unchanged
11667,3.19577289185283,Upregulated
11668,0.00417377594060638,Unchanged
11669,0.185726844277338,Downregulated
11670,0,Unchanged
11671,0,Unchanged
11672,0,Unchanged
11673,2192270.8576821,Unchanged
11674,0.0036516757836521,Unchanged
11675,0,Unchanged
11676,105728.812095238,Unchanged
11677,2480.11821026937,Upregulated
11678,0.0152887770853933,Downregulated
11679,0,Unchanged
11680,0.221930687960088,Downregulated
11681,0,Unchanged
11682,0.207574268061345,Downregulated
11683,0,Unchanged
11684,9.82243635567254,Upregulated
11685,2.16136825282099,Upregulated
11686,0,Unchanged
11687,1.1966748556585,Unchanged
11688,1.16071485529962,Unchanged
11689,0,Unchanged
11690,0.0202890940390187,Downregulated
11691,10694548.3036966,Unchanged
11692,7783956.99067886,Unchanged
11693,1.59680500892319,Unchanged
11694,5.16397927073037,Upregulated
11695,0,Unchanged
11696,3.47186449346282e-07,Unchanged
11697,3.47186451207904e-07,Unchanged
11698,4.68310316136922e-07,Unchanged
11699,0,Unchanged
11700,3.73769553616338,Upregulated
11701,9.68398917279956e-07,Unchanged
11702,0,Unchanged
11703,0,Unchanged
11704,5.39029163292229,Upregulated
11705,0,Unchanged
11706,0.352103579352941,Downregulated
11707,0,Unchanged
11708,0,Unchanged
11709,5.71082313424248e-05,Unchanged
11710,0.018837484170146,Downregulated
11711,13.4592764239174,Upregulated
11712,2548963.01426811,Unchanged
11713,2.4965227681854,Upregulated
11714,0.0378395536624097,Downregulated
11715,0.0378395534348802,Downregulated
11716,0.0378395537542439,Downregulated
11717,0.0378395535417916,Downregulated
11718,0.0378395536624097,Downregulated
11719,0.041018461375949,Downregulated
11720,0.0478760370582826,Downregulated
11721,0.033069667086919,Downregulated
11722,5032290.67368772,Unchanged
11723,0,Unchanged
11724,6.98051500529246,Upregulated
11725,1.84228395701379,Unchanged
11726,0,Unchanged
11727,0.0429272747304021,Downregulated
11728,20890400.4350965,Unchanged
11729,20890400.4350965,Unchanged
11730,8.39492447991063,Upregulated
11731,0.0603429153403654,Downregulated
11732,0,Unchanged
11733,0,Unchanged
11734,8.09050989829296,Upregulated
11735,3.9992639477425,Upregulated
11736,0,Unchanged
11737,0,Unchanged
11738,0.694576779697682,Unchanged
11739,0,Unchanged
11740,0.0185547394365867,Downregulated
11741,0.041018461375949,Downregulated
11742,0.00301679379217723,Unchanged
11743,0.0633868039041777,Downregulated
11744,10694548.2776911,Unchanged
11745,0,Unchanged
11746,1203394.67860472,Unchanged
11747,647937.591773172,Unchanged
11748,323968.795886586,Unchanged
11749,574479.434169392,Unchanged
11750,0.0905718667567508,Downregulated
11751,1.94452126875569,Unchanged
11752,5693182.68598019,Unchanged
11753,5693182.68321655,Unchanged
11754,5693182.64544679,Unchanged
11755,29.3138042475033,Upregulated
11756,0.682052657723251,Unchanged
11757,1.25471897783401,Unchanged
11758,1.2192784168974e-08,Unchanged
11759,0,Unchanged
11760,0,Unchanged
11761,0,Unchanged
11762,2.23353576865293e-05,Unchanged
11763,1.5850618986881e-07,Unchanged
11764,1.0000349803541,Unchanged
11765,4.68310268914252e-07,Unchanged
11766,1.07151468009761e-05,Unchanged
11767,1.23574341404264e-05,Unchanged
11768,0,Unchanged
11769,1.58506191458703e-07,Unchanged
11770,1.30257869386696e-07,Unchanged
11771,0.684337111776684,Unchanged
11772,9.48628576225019e-09,Unchanged
11773,1.00000035389312,Unchanged
11774,1.79836957613588e-06,Unchanged
11775,0,Unchanged
11776,1,Unchanged
11777,9.48628576225019e-09,Unchanged
11778,0,Unchanged
11779,0.432500429032852,Downregulated
11780,0.432500429032045,Downregulated
11781,0,Unchanged
11782,0,Unchanged
11783,7.42253880155042e-09,Unchanged
11784,1.50292381340701e-08,Unchanged
11785,1.50292381308402e-08,Unchanged
11786,1.17008770508155e-08,Unchanged
11787,0,Unchanged
11788,0.684337111777525,Unchanged
11789,1.60602349978944e-08,Unchanged
11790,5.36091699586905e-07,Unchanged
11791,5.36091699586905e-07,Unchanged
11792,0,Unchanged
11793,0,Unchanged
11794,0,Unchanged
11795,0,Unchanged
11796,2.09763654765993e-08,Unchanged
11797,8.57095129617846e-07,Unchanged
11798,8.57095129617846e-07,Unchanged
11799,8.57095129617846e-07,Unchanged
11800,4.96179459219093e-07,Unchanged
11801,1.56851051596572e-08,Unchanged
11802,1.62757781080038e-08,Unchanged
11803,0,Unchanged
11804,0,Unchanged
11805,0,Unchanged
11806,1.56347202046714e-07,Unchanged
11807,1.62757787099822e-08,Unchanged
11808,1.62757783647719e-08,Unchanged
11809,0,Unchanged
11810,1,Unchanged
11811,9.48628576225019e-09,Unchanged
11812,3.47186435078584e-07,Unchanged
11813,1.66600620893576e-07,Unchanged
11814,4.08021291882505e-05,Unchanged
11815,4.3938758018669e-08,Unchanged
11816,4.6831027304961e-07,Unchanged
11817,1.29632347787947e-05,Unchanged
11818,4.683102575882e-07,Unchanged
11819,0,Unchanged
11820,1.29959567402693e-07,Unchanged
11821,8.20255029850614e-06,Unchanged
11822,0,Unchanged
11823,0,Unchanged
11824,1.61827352150645e-07,Unchanged
11825,9.49492896324925e-08,Unchanged
11826,5.00844035617547e-05,Unchanged
11827,3.49803566251126e-05,Unchanged
11828,1.66600620893576e-07,Unchanged
11829,2.34155125028224e-07,Unchanged
11830,2.34155125028224e-07,Unchanged
11831,2.34155125028224e-07,Unchanged
11832,0.137669162945027,Downregulated
11833,4.68310268615824e-07,Unchanged
11834,0.137669162944993,Downregulated
11835,4.68310267706329e-07,Unchanged
11836,2.34155125028224e-07,Unchanged
11837,4.68310263272542e-07,Unchanged
11838,8.82673855776517e-06,Unchanged
11839,1.00005760469626,Unchanged
11840,0,Unchanged
11841,0,Unchanged
11842,1.29959567402693e-07,Unchanged
11843,1.2192784168974e-08,Unchanged
11844,6.77821822137048e-08,Unchanged
11845,1.32037057263196e-06,Unchanged
11846,1.50292388389189e-08,Unchanged
11847,1.2192784168974e-08,Unchanged
11848,1.2192782798173e-08,Unchanged
11849,1.2192782798173e-08,Unchanged
11850,1.13218705965188e-08,Unchanged
11851,1.18530110356119e-07,Unchanged
11852,1.50292381340701e-08,Unchanged
11853,1.26334770100302e-08,Unchanged
11854,0.0642215085784524,Downregulated
11855,0,Unchanged
11856,0,Unchanged
11857,0,Unchanged
11858,0,Unchanged
11859,0,Unchanged
11860,0,Unchanged
11861,0,Unchanged
11862,0,Unchanged
11863,0,Unchanged
11864,0,Unchanged
11865,0,Unchanged
11866,0,Unchanged
11867,0,Unchanged
11868,6.77821799837194e-08,Unchanged
11869,4.68310265205218e-07,Unchanged
11870,0,Unchanged
11871,2.39603288480339e-07,Unchanged
11872,0,Unchanged
11873,0,Unchanged
11874,1.33308797330281,Unchanged
11875,1.33308796618484,Unchanged
11876,0.674209112162142,Unchanged
11877,0,Unchanged
11878,0,Unchanged
11879,0,Unchanged
11880,0,Unchanged
11881,0,Unchanged
11882,0,Unchanged
11883,0,Unchanged
11884,0,Unchanged
11885,0,Unchanged
11886,3.11350617432709e-05,Unchanged
11887,0,Unchanged
11888,0.319366435028814,Downregulated
11889,0,Unchanged
11890,0,Unchanged
11891,0.943300979372172,Unchanged
11892,4.6831028203087e-07,Unchanged
11893,0,Unchanged
11894,1.81318385330087e-07,Unchanged
11895,2.13071608598666,Upregulated
11896,2.06162566895439,Upregulated
11897,2.13071606291125,Upregulated
11898,5693182.67492563,Unchanged
11899,5693182.66939834,Unchanged
11900,1.33308795771587,Unchanged
11901,4.75518570738132e-07,Unchanged
11902,4.55607878961928e-08,Unchanged
11903,4.68310294593266e-07,Unchanged
11904,4.68310279302386e-07,Unchanged
11905,4.68310257019766e-07,Unchanged
11906,4.82952258689551e-07,Unchanged
11907,1.68699841651687e-08,Unchanged
11908,4.98539350701321e-07,Unchanged
11909,0.166667165205983,Downregulated
11910,0,Unchanged
11911,0,Unchanged
11912,0,Unchanged
11913,0,Unchanged
11914,0,Unchanged
11915,0,Unchanged
11916,0,Unchanged
11917,2.39031533531294e-07,Unchanged
11918,2.13286311127092e-06,Unchanged
11919,2.13286311122829e-06,Unchanged
11920,0,Unchanged
11921,4.22277359803047e-07,Unchanged
11922,9.13155135111765e-06,Unchanged
11923,0.0431585769491888,Downregulated
11924,0,Unchanged
11925,3.46260260926101e-07,Unchanged
11926,0,Unchanged
11927,0,Unchanged
11928,1.54893870139775e-06,Unchanged
11929,1.44848733798142e-06,Unchanged
11930,4.93864114332609e-08,Unchanged
11931,0.137669162945007,Downregulated
11932,0,Unchanged
11933,2.81689741547808e-06,Unchanged
11934,0,Unchanged
11935,2531724.85929591,Unchanged
11936,0,Unchanged
11937,0,Unchanged
11938,0,Unchanged
11939,0,Unchanged
11940,0.682052639144143,Unchanged
11941,0,Unchanged
11942,0,Unchanged
11943,0,Unchanged
11944,0,Unchanged
11945,0,Unchanged
11946,0,Unchanged
11947,0,Unchanged
11948,0,Unchanged
11949,0,Unchanged
11950,0,Unchanged
11951,150390.591438739,Unchanged
11952,0.102915378697574,Downregulated
11953,0.113701847656026,Downregulated
11954,0.0762980340872311,Downregulated
11955,0.102916318623808,Downregulated
11956,0.102916323358984,Downregulated
11957,0.132081528567429,Downregulated
11958,0,Unchanged
11959,0.0107855277433151,Downregulated
11960,0.102916322462646,Downregulated
11961,6.07899275995263,Upregulated
11962,0,Unchanged
11963,4.49273603635447e-08,Unchanged
11964,0,Unchanged
11965,0,Unchanged
11966,0,Unchanged
11967,0,Unchanged
11968,0,Unchanged
11969,0,Unchanged
11970,0,Unchanged
11971,0,Unchanged
11972,2.57489479412357,Upregulated
11973,4.68310274058581e-07,Unchanged
11974,4.6831026838845e-07,Unchanged
11975,0.183395156378663,Downregulated
11976,0.386627726903838,Downregulated
11977,0.137669162945028,Downregulated
11978,0.137669162945027,Downregulated
11979,4.68310257645044e-07,Unchanged
11980,4.68310269525318e-07,Unchanged
11981,0.137669162945036,Downregulated
11982,0.137669162944993,Downregulated
11983,4.68310259066129e-07,Unchanged
11984,4.68310261794613e-07,Unchanged
11985,4.15035176676331e-08,Unchanged
11986,4.68310274936101e-07,Unchanged
11987,4.68310251562798e-07,Unchanged
11988,4.68310270605343e-07,Unchanged
11989,4.68310260657745e-07,Unchanged
11990,4.68310267706329e-07,Unchanged
11991,11057401.1997504,Unchanged
11992,0.226996829993659,Downregulated
11993,7572161.17890278,Unchanged
11994,357.685549708089,Upregulated
11995,0.955189352712377,Unchanged
11996,0,Unchanged
11997,0.270281825672241,Downregulated
11998,3.762079138311,Upregulated
11999,0,Unchanged
12000,0,Unchanged
12001,0,Unchanged
12002,0,Unchanged
12003,0,Unchanged
12004,0,Unchanged
12005,5347274.11609074,Unchanged
12006,0.23785271712031,Downregulated
12007,8.98096888875508,Upregulated
12008,1.30303242110025,Unchanged
12009,0.143393647148646,Downregulated
12010,0.0716968207432705,Downregulated
12011,0.0485878927078737,Downregulated
12012,0.0824697041732236,Downregulated
12013,7.31513166239489,Upregulated
12014,0.748573006497726,Unchanged
12015,1.21423027959883,Unchanged
12016,3.56338894149346,Upregulated
12017,15218068.7385525,Unchanged
12018,5828062.93455459,Unchanged
12019,1.15171698017543,Unchanged
12020,145026.402452323,Unchanged
12021,0,Unchanged
12022,0.709649610377667,Unchanged
12023,3.83727141811764,Upregulated
12024,0,Unchanged
12025,0,Unchanged
12026,0,Unchanged
12027,0.030277373777925,Downregulated
12028,0.0302773736651073,Downregulated
12029,0.030277373777925,Downregulated
12030,0.00717853887548651,Unchanged
12031,2.57862818421875,Upregulated
12032,0.620582014987425,Unchanged
12033,0,Unchanged
12034,0,Unchanged
12035,3.42932348089945,Upregulated
12036,0.810058001031774,Unchanged
12037,0.226996826967919,Downregulated
12038,0.152639684291588,Downregulated
12039,0,Unchanged
12040,0,Unchanged
12041,484714.606047417,Unchanged
12042,0,Unchanged
12043,325937.086280117,Unchanged
12044,484714.606050304,Unchanged
12045,180819.207919284,Unchanged
12046,484714.606050304,Unchanged
12047,0.0780955969720014,Downregulated
12048,0.116139212790583,Downregulated
12049,7.27992117950194,Upregulated
12050,10.8262737570046,Upregulated
12051,33333.766000719,Unchanged
12052,49572.0309482298,Unchanged
12053,0,Unchanged
12054,0.08093411601459,Downregulated
12055,0.00397408054567771,Unchanged
12056,0.00548787604594413,Unchanged
12057,0.0351655053900385,Downregulated
12058,0.00411771869356,Unchanged
12059,0.00665397488419149,Unchanged
12060,0.00241928065884167,Unchanged
12061,0.00359781297108661,Unchanged
12062,0,Unchanged
12063,0.00665397487795807,Unchanged
12064,0.00411771868623611,Unchanged
12065,0.00612363083196239,Unchanged
12066,0,Unchanged
12067,0.00359781297108661,Unchanged
12068,0.00146212917591182,Unchanged
12069,0,Unchanged
12070,0.0396903499364453,Downregulated
12071,0.0429527188310846,Downregulated
12072,0.0751667181633657,Downregulated
12073,0.0207428960868669,Downregulated
12074,0.09789255769979,Downregulated
12075,0,Unchanged
12076,0.127194248175191,Downregulated
12077,0.0390345869112421,Downregulated
12078,0,Unchanged
12079,0.00369023428283587,Unchanged
12080,0.00564617466059256,Unchanged
12081,0.00564455549853208,Unchanged
12082,0.0210015107818928,Downregulated
12083,0,Unchanged
12084,0,Unchanged
12085,0.0546201157052547,Downregulated
12086,0.0414976096952662,Downregulated
12087,0.0304031810449703,Downregulated
12088,0.0017782305675543,Unchanged
12089,0.00112803377154376,Unchanged
12090,0,Unchanged
12091,0,Unchanged
12092,0,Unchanged
12093,0,Unchanged
12094,1.3471598935991e-05,Unchanged
12095,0.102007961172859,Downregulated
12096,0,Unchanged
12097,0.0575540371321633,Downregulated
12098,0.0380591655239224,Downregulated
12099,0.0291472815461888,Downregulated
12100,0.117164578401841,Downregulated
12101,0.114014443734853,Downregulated
12102,0.0126401075306465,Downregulated
12103,0.0585203626077926,Downregulated
12104,1.64789653259478e-07,Unchanged
12105,0,Unchanged
12106,0.817627849920175,Unchanged
12107,0,Unchanged
12108,2563756.5951906,Unchanged
12109,1056347.64369038,Unchanged
12110,1.92506513309212,Unchanged
12111,0,Unchanged
12112,1.11942206870864,Unchanged
12113,0.374785701407039,Downregulated
12114,5529265.97726677,Unchanged
12115,5529265.97726677,Unchanged
12116,5529265.97726677,Unchanged
12117,5529265.97726677,Unchanged
12118,32.7401197621274,Upregulated
12119,5529265.97726677,Unchanged
12120,3.04569460554223,Upregulated
12121,5529265.97726677,Unchanged
12122,0,Unchanged
12123,0.0674171466736646,Downregulated
12124,0.00459807031691467,Unchanged
12125,0.00522399321490854,Unchanged
12126,0.0203946455334318,Downregulated
12127,0,Unchanged
12128,0,Unchanged
12129,0.0973083670849354,Downregulated
12130,0.0399626214586385,Downregulated
12131,0.0973083665784992,Downregulated
12132,4497662.63669755,Unchanged
12133,0,Unchanged
12134,4497662.63669755,Unchanged
12135,9048960.17409209,Unchanged
12136,0.402997558779215,Downregulated
12137,6.59366857843397,Upregulated
12138,0,Unchanged
12139,1.59572854497293,Unchanged
12140,0.880221315303588,Unchanged
12141,0,Unchanged
12142,5713221.53600297,Unchanged
12143,0.114562556288637,Downregulated
12144,0.124118318895119,Downregulated
12145,1.79880623066746,Unchanged
12146,1.35745367896879,Unchanged
12147,0.0976141877334669,Downregulated
12148,5997512.81335689,Unchanged
12149,0,Unchanged
12150,0,Unchanged
12151,2.36210608936942,Upregulated
12152,0.156677515783636,Downregulated
12153,0.243164411647449,Downregulated
12154,0.035790414361763,Downregulated
12155,0.13972698362618,Downregulated
12156,2782414.14521541,Unchanged
12157,10846962.5485827,Unchanged
12158,0,Unchanged
12159,3240864.98299347,Unchanged
12160,186.689042221955,Upregulated
12161,0.0314254469906752,Downregulated
12162,1.51773036245537,Unchanged
12163,0.580283381423922,Unchanged
12164,0.294365077117667,Downregulated
12165,16910186.5689709,Unchanged
12166,16910186.5689709,Unchanged
12167,16991268.3290147,Unchanged
12168,16991268.3283949,Unchanged
12169,16991268.3290147,Unchanged
12170,16991268.3290147,Unchanged
12171,19930743.2174581,Unchanged
12172,19930743.1717078,Unchanged
12173,19930743.1722977,Unchanged
12174,19930743.2174581,Unchanged
12175,0,Unchanged
12176,0.104522662881699,Downregulated
12177,1714422.44282413,Unchanged
12178,0.354526854478191,Downregulated
12179,0.0968700274349694,Downregulated
12180,0.0968700275916636,Downregulated
12181,0.619213156563317,Unchanged
12182,2782412.67913651,Unchanged
12183,2782412.67913651,Unchanged
12184,2782412.67913651,Unchanged
12185,10183129.2699778,Unchanged
12186,10183129.2699778,Unchanged
12187,10183129.2699778,Unchanged
12188,0,Unchanged
12189,1.34377248404625,Unchanged
12190,0,Unchanged
12191,5564825.34067017,Unchanged
12192,5564825.34067017,Unchanged
12193,20983.5281368564,Unchanged
12194,0,Unchanged
12195,10255631.7394917,Unchanged
12196,5172803.73192648,Unchanged
12197,0,Unchanged
12198,2846591.34022645,Unchanged
12199,0,Unchanged
12200,0,Unchanged
12201,0,Unchanged
12202,0.000383600360153522,Unchanged
12203,0,Unchanged
12204,7.6311051575758,Upregulated
12205,7268513.98640705,Unchanged
12206,0,Unchanged
12207,2.21610799546393,Upregulated
12208,4.86953449468008,Upregulated
12209,0,Unchanged
12210,0,Unchanged
12211,1.07765477770937,Unchanged
12212,0,Unchanged
12213,0.190191497086277,Downregulated
12214,0,Unchanged
12215,0,Unchanged
12216,0,Unchanged
12217,0,Unchanged
12218,3.14494388427881,Upregulated
12219,0,Unchanged
12220,0,Unchanged
12221,1.79062508204301,Unchanged
12222,0.0751667163936037,Downregulated
12223,0,Unchanged
12224,0.792747412153468,Unchanged
12225,0,Unchanged
12226,0,Unchanged
12227,0.339003441216434,Downregulated
12228,0,Unchanged
12229,111.707286081718,Upregulated
12230,10002731.1920297,Unchanged
12231,10002731.2105139,Unchanged
12232,0,Unchanged
12233,0,Unchanged
12234,0,Unchanged
12235,0,Unchanged
12236,0,Unchanged
12237,0,Unchanged
12238,0,Unchanged
12239,0,Unchanged
12240,0,Unchanged
12241,0,Unchanged
12242,0,Unchanged
12243,0,Unchanged
12244,0,Unchanged
12245,0,Unchanged
12246,0,Unchanged
12247,0,Unchanged
12248,0,Unchanged
12249,0,Unchanged
12250,0,Unchanged
12251,0,Unchanged
12252,0,Unchanged
12253,0,Unchanged
12254,0,Unchanged
12255,0.0281629307135789,Downregulated
12256,0,Unchanged
12257,0.00584085677118311,Unchanged
12258,0,Unchanged
12259,0,Unchanged
12260,0,Unchanged
12261,0,Unchanged
12262,0,Unchanged
12263,0,Unchanged
12264,10002731.1877641,Unchanged
12265,0,Unchanged
12266,7.74680884692689,Upregulated
12267,0,Unchanged
12268,0,Unchanged
12269,0,Unchanged
12270,11671803.6281446,Unchanged
12271,0.843249499569304,Unchanged
12272,0,Unchanged
12273,3.17371502932156,Upregulated
12274,185170.112016568,Unchanged
12275,463829.11932567,Unchanged
12276,0.194638160436332,Downregulated
12277,14.9745719632858,Upregulated
12278,363237.892490495,Unchanged
12279,0.0043564864982752,Unchanged
12280,366129.517592557,Unchanged
12281,15727.1844104983,Upregulated
12282,0,Unchanged
12283,36364.163862048,Unchanged
12284,0.265166980027267,Downregulated
12285,36364.163862048,Unchanged
12286,4209691.01162411,Unchanged
12287,314.593371630306,Upregulated
12288,8020192.64868733,Unchanged
12289,8084038.93473228,Unchanged
12290,0.333669788974591,Downregulated
12291,366129.5235516,Unchanged
12292,802.229218808319,Upregulated
12293,21.0907801767039,Upregulated
12294,36364.163862048,Unchanged
12295,0.623275009303175,Unchanged
12296,0,Unchanged
12297,5010302.47658721,Unchanged
12298,5001369.20248794,Unchanged
12299,0,Unchanged
12300,0.802810183410876,Unchanged
12301,1.76847876084196,Unchanged
12302,0,Unchanged
12303,0.056366177709091,Downregulated
12304,0,Unchanged
12305,0.0862936329266858,Downregulated
12306,0,Unchanged
12307,0,Unchanged
12308,0,Unchanged
12309,1220610.01734606,Unchanged
12310,8084038.93473228,Unchanged
12311,1.75476286509816,Unchanged
12312,17.2421487026753,Upregulated
12313,1.93696234001562,Unchanged
12314,2.32553796709526,Upregulated
12315,6.90771153071195,Upregulated
12316,0.332061215082994,Downregulated
12317,1.75476285805229,Unchanged
12318,0.0884115350172102,Downregulated
12319,0.00439053854623077,Unchanged
12320,223.619379013291,Upregulated
12321,0,Unchanged
12322,0.00247231376919581,Unchanged
12323,250556.016605835,Unchanged
12324,784.712782058832,Upregulated
12325,0,Unchanged
12326,13782916.4850981,Unchanged
12327,0,Unchanged
12328,250.365962668753,Upregulated
12329,0,Unchanged
12330,0,Unchanged
12331,2.90694493389187,Upregulated
12332,4023423.73676661,Unchanged
12333,201142.969013018,Unchanged
12334,0.000828389977337051,Unchanged
12335,8084038.93473228,Unchanged
12336,2.94081390808764,Upregulated
12337,0,Unchanged
12338,0,Unchanged
12339,129.414863312174,Upregulated
12340,3.42972525365719,Upregulated
12341,0,Unchanged
12342,226.252808449434,Upregulated
12343,1.3321659811079,Unchanged
12344,3.42972541934438,Upregulated
12345,23.3576852543364,Upregulated
12346,4960771.64916446,Unchanged
12347,8084038.93648277,Unchanged
12348,0,Unchanged
12349,4435696.12203844,Unchanged
12350,0,Unchanged
12351,8.72664628398509e+15,Unchanged
12352,2.28343451616986e-07,Unchanged
12353,732259.035185114,Unchanged
12354,36364.163862048,Unchanged
12355,0,Unchanged
12356,0.149139438757306,Downregulated
12357,6891463.21098393,Unchanged
12358,0,Unchanged
12359,0,Unchanged
12360,7290165.13131908,Unchanged
12361,0,Unchanged
12362,0,Unchanged
12363,0,Unchanged
12364,0,Unchanged
12365,0,Unchanged
12366,3746143.49795728,Unchanged
12367,0,Unchanged
12368,1.1356410211616,Unchanged
12369,0,Unchanged
12370,379626857523262,Unchanged
12371,0,Unchanged
12372,0,Unchanged
12373,0,Unchanged
12374,0,Unchanged
12375,0,Unchanged
12376,0,Unchanged
12377,0,Unchanged
12378,0,Unchanged
12379,0,Unchanged
12380,1.29727573686287,Unchanged
12381,0,Unchanged
12382,82.6492275907081,Upregulated
12383,18101903.324091,Unchanged
12384,0,Unchanged
12385,0,Unchanged
12386,0,Unchanged
12387,0,Unchanged
12388,0,Unchanged
12389,0,Unchanged
12390,51.9875882842997,Upregulated
12391,3.01957419486044,Upregulated
12392,2846591.33608099,Unchanged
12393,0.101139840501986,Downregulated
12394,5001653.69885636,Unchanged
12395,0,Unchanged
12396,1.21133829613244,Unchanged
12397,94.3600233603606,Upregulated
12398,0,Unchanged
12399,0,Unchanged
12400,45.6702249042848,Upregulated
12401,0,Unchanged
12402,0.038729180575476,Downregulated
12403,0,Unchanged
12404,9.13155109522279e-06,Unchanged
12405,3.14849729329635e-07,Unchanged
12406,0,Unchanged
12407,0,Unchanged
12408,1.27599793229527e-06,Unchanged
12409,6.03749951814336e-07,Unchanged
12410,2.05140529698388e-07,Unchanged
12411,6.03749951814336e-07,Unchanged
12412,2.05140529698388e-07,Unchanged
12413,1.27483354997923,Unchanged
12414,2.06626132440573,Upregulated
12415,6.03749953558719e-07,Unchanged
12416,2.05140529698388e-07,Unchanged
12417,2.20859899856573e-10,Unchanged
12418,0.421068311344268,Downregulated
12419,8.05688610195398e-10,Unchanged
12420,0,Unchanged
12421,0.0441037875113435,Downregulated
12422,0.0441037875113435,Downregulated
12423,6.07138992301378,Upregulated
12424,23.9634943798308,Upregulated
12425,0,Unchanged
12426,2.13286314451011e-06,Unchanged
12427,0.835251303545593,Unchanged
12428,36.6527136886275,Upregulated
12429,3373434.47890794,Unchanged
12430,1.98254580765666,Unchanged
12431,0.118671944850854,Downregulated
12432,186809.842645545,Unchanged
12433,5705395.92777482,Unchanged
12434,516003.33567826,Unchanged
12435,0,Unchanged
12436,246236.76915861,Unchanged
12437,0,Unchanged
12438,0.0681913330747493,Downregulated
12439,9074489.17477321,Unchanged
12440,4.68310269145178e-07,Unchanged
12441,4.68310269145178e-07,Unchanged
12442,0,Unchanged
12443,0,Unchanged
12444,0,Unchanged
12445,0.0840155518381699,Downregulated
12446,286.665546353701,Upregulated
12447,1172334.72761474,Unchanged
12448,0,Unchanged
12449,58407.4417037176,Unchanged
12450,5.74260371356504,Upregulated
12451,0,Unchanged
12452,37310649.8703926,Unchanged
12453,28678292.5437823,Unchanged
12454,0,Unchanged
12455,1.58506190615464e-07,Unchanged
12456,2.84847876855565e-07,Unchanged
12457,1.96162520822199,Unchanged
12458,0,Unchanged
12459,0,Unchanged
12460,0,Unchanged
12461,0,Unchanged
12462,0,Unchanged
12463,0,Unchanged
12464,393970.183766233,Unchanged
12465,113784138.652449,Unchanged
12466,0,Unchanged
12467,0,Unchanged
12468,0,Unchanged
12469,3477323.63797393,Unchanged
12470,2457469.69898651,Unchanged
12471,629089.064980693,Unchanged
12472,18191700.483065,Unchanged
12473,0,Unchanged
12474,1.61578009700246,Unchanged
12475,3733356.72254646,Unchanged
12476,0,Unchanged
12477,2846593.15227457,Unchanged
12478,0,Unchanged
12479,0,Unchanged
12480,0.0261349781319479,Downregulated
12481,0.091794273712,Downregulated
12482,2551189.07551761,Unchanged
12483,10994841.990591,Unchanged
12484,0,Unchanged
12485,0,Unchanged
12486,0.265506946085647,Downregulated
12487,0,Unchanged
12488,8.99709458771189,Upregulated
12489,8.91541865501699,Upregulated
12490,1.57763008096075,Unchanged
12491,3.35864404092002,Upregulated
12492,1001.29575239951,Upregulated
12493,13867147.2999277,Unchanged
12494,13867147.4474943,Unchanged
12495,13867147.2889968,Unchanged
12496,0,Unchanged
12497,2.4797214432427e-06,Unchanged
12498,3.31856415626941e-08,Unchanged
12499,0,Unchanged
12500,0,Unchanged
12501,0,Unchanged
12502,0,Unchanged
12503,9.3004910203622e-05,Unchanged
12504,0.0736394333874088,Downregulated
12505,8064998.50071604,Unchanged
12506,1.61925847573215,Unchanged
12507,1134677.00247407,Unchanged
12508,8033117.7275758,Unchanged
12509,0.245903022454598,Downregulated
12510,0.682052672904349,Unchanged
12511,0,Unchanged
12512,1.36410524779499,Unchanged
12513,1.65121600068923,Unchanged
12514,0.258836270876644,Downregulated
12515,0,Unchanged
12516,0,Unchanged
12517,0,Unchanged
12518,0.739554552767915,Unchanged
12519,1.07765475685302,Unchanged
12520,0.00251390066194753,Unchanged
12521,0.86319057943299,Unchanged
12522,0.682052663754198,Unchanged
12523,0.682052625552939,Unchanged
12524,0.682052641870851,Unchanged
12525,0.682052673456163,Unchanged
12526,0.0803351566562734,Downregulated
12527,0.813816511836507,Unchanged
12528,3.46504053703233e-06,Unchanged
12529,0,Unchanged
12530,0.668477925514775,Unchanged
12531,1.12325813816005,Unchanged
12532,0.00360006345861907,Unchanged
12533,2.39603287506422e-07,Unchanged
12534,0,Unchanged
12535,1018.48586246042,Upregulated
12536,0,Unchanged
12537,9815504.40546167,Unchanged
12538,19063141.7384231,Unchanged
12539,0,Unchanged
12540,0.00849012183382577,Unchanged
12541,0.542541038691165,Unchanged
12542,648001.241914516,Unchanged
12543,1451305.44399311,Unchanged
12544,1849397.42899523,Unchanged
12545,2.611096973879,Upregulated
12546,8501434677.3513,Unchanged
12547,0,Unchanged
12548,0,Unchanged
12549,0,Unchanged
12550,0,Unchanged
12551,0,Unchanged
12552,0,Unchanged
12553,85.5418439197973,Upregulated
12554,85.5418454458454,Upregulated
12555,1.40284981751713,Unchanged
12556,0,Unchanged
12557,0,Unchanged
12558,0,Unchanged
12559,1.2759257981768,Unchanged
12560,4.84098810822982,Upregulated
12561,4.68225728613377,Upregulated
12562,0,Unchanged
12563,0,Unchanged
12564,0,Unchanged
12565,0,Unchanged
12566,0,Unchanged
12567,0,Unchanged
12568,0,Unchanged
12569,0,Unchanged
12570,0,Unchanged
12571,0,Unchanged
12572,0,Unchanged
12573,0,Unchanged
12574,0.00641867656359832,Unchanged
12575,0,Unchanged
12576,8366257.52534029,Unchanged
12577,0,Unchanged
12578,0,Unchanged
12579,0,Unchanged
12580,0,Unchanged
12581,0,Unchanged
12582,0,Unchanged
12583,3015.8601369004,Upregulated
12584,0,Unchanged
12585,0,Unchanged
12586,0,Unchanged
12587,0,Unchanged
12588,5269576.44496969,Unchanged
12589,0,Unchanged
12590,0,Unchanged
12591,3064386.02901137,Unchanged
12592,0,Unchanged
12593,2347066.77552761,Unchanged
12594,2242039.17669941,Unchanged
12595,7769.75555162161,Upregulated
12596,8193865.4963319,Unchanged
12597,2163195.17333013,Unchanged
12598,0,Unchanged
12599,36177348.1146974,Unchanged
12600,2846591.34068706,Unchanged
12601,3066352.31717123,Unchanged
12602,5751278.21629319,Unchanged
12603,5751278.21629319,Unchanged
12604,0,Unchanged
12605,0,Unchanged
12606,0,Unchanged
12607,3105026.43317761,Unchanged
12608,18.4024987346525,Upregulated
12609,2846591.33239614,Unchanged
12610,2846591.34437192,Unchanged
12611,502595.730288828,Unchanged
12612,0,Unchanged
12613,0,Unchanged
12614,3957647.80953786,Unchanged
12615,36520375.663843,Unchanged
12616,1032006.6677241,Unchanged
12617,5347274.14047089,Unchanged
12618,4489562.47762921,Unchanged
12619,0,Unchanged
12620,0,Unchanged
12621,0,Unchanged
12622,626351.043129573,Unchanged
12623,0,Unchanged
12624,219760.976945783,Unchanged
12625,6341.13301815437,Upregulated
12626,0,Unchanged
12627,0,Unchanged
12628,11624013.1259595,Unchanged
12629,5567035.1357653,Unchanged
12630,18.4024987346525,Upregulated
12631,4778656.26332111,Unchanged
12632,756361.616800105,Unchanged
12633,0,Unchanged
12634,27519108.0897883,Unchanged
12635,0,Unchanged
12636,3052957.39399569,Unchanged
12637,0,Unchanged
12638,0,Unchanged
12639,0,Unchanged
12640,3357472.90446411,Unchanged
12641,0,Unchanged
12642,4489562.48000555,Unchanged
12643,0,Unchanged
12644,0,Unchanged
12645,0,Unchanged
12646,0,Unchanged
12647,219759.615254311,Unchanged
12648,0,Unchanged
12649,0,Unchanged
12650,0,Unchanged
12651,0,Unchanged
12652,4046838.38050053,Unchanged
12653,2846591.35082041,Unchanged
12654,0,Unchanged
12655,6126965.50746417,Unchanged
12656,0,Unchanged
12657,0,Unchanged
12658,0,Unchanged
12659,0,Unchanged
12660,0,Unchanged
12661,300184.475722704,Unchanged
12662,11550109.2085785,Unchanged
12663,0,Unchanged
12664,3.22187024116695,Upregulated
12665,5.40903464699223,Upregulated
12666,896690.268068614,Unchanged
12667,23100218.3969351,Unchanged
12668,1.45677787214475,Unchanged
12669,2192270.85452988,Unchanged
12670,0.513331478126392,Unchanged
12671,10694548.3297021,Unchanged
12672,277.751532068758,Upregulated
12673,277.927535134745,Upregulated
12674,1890029.54655274,Unchanged
12675,376469.143760168,Unchanged
12676,3391806.43952915,Unchanged
12677,6105914.79222988,Unchanged
12678,5693182.66755592,Unchanged
12679,0,Unchanged
12680,0,Unchanged
12681,3.08935851546721e-05,Unchanged
12682,3.08935841288189e-05,Unchanged
12683,0,Unchanged
12684,20.7764824419875,Upregulated
12685,7.56933938364129,Upregulated
12686,0,Unchanged
12687,0,Unchanged
12688,41.5529663729156,Upregulated
12689,41.5529680441834,Upregulated
12690,79.2036306334954,Upregulated
12691,173.934242585706,Upregulated
12692,3.42385650292637,Upregulated
12693,0,Unchanged
12694,1.50991495011671,Unchanged
12695,0,Unchanged
12696,3703464.37467098,Unchanged
12697,361773.818231678,Unchanged
12698,0,Unchanged
12699,0,Unchanged
12700,0,Unchanged
12701,0,Unchanged
12702,0.0519755611556347,Downregulated
12703,2.50418346767079,Upregulated
12704,1.69797082788916,Unchanged
12705,0,Unchanged
12706,6210052.92773549,Unchanged
12707,0,Unchanged
12708,6.30996006224755,Upregulated
12709,0,Unchanged
12710,3.9992638833445,Upregulated
12711,0.409681467274289,Downregulated
12712,0.468131986721871,Downregulated
12713,0.68205264032826,Unchanged
12714,37.8786049746649,Upregulated
12715,3.13713746550804e-05,Unchanged
12716,486432.047651594,Unchanged
12717,277.942100493551,Upregulated
12718,6105914.79222988,Unchanged
12719,0.116750192613072,Downregulated
12720,0,Unchanged
12721,2.17762963385361,Upregulated
12722,0,Unchanged
12723,1.15924890164749,Unchanged
12724,4.58067934717661,Upregulated
12725,1.38647192162574,Unchanged
12726,1.15924886359829,Unchanged
12727,4.28688920266745,Upregulated
12728,0.0356777564437234,Downregulated
12729,4.53025766954856,Upregulated
12730,0.351781713762522,Downregulated
12731,0.118775224631603,Downregulated
12732,5278371.64746343,Unchanged
12733,12.9734384494699,Upregulated
12734,0.390570052626163,Downregulated
12735,0.0890188587886738,Downregulated
12736,0.239727113103665,Downregulated
12737,0.711623424066306,Unchanged
12738,1077133.85143057,Unchanged
12739,278967.273366711,Unchanged
12740,6173158.22867376,Unchanged
12741,0,Unchanged
12742,0.711623429170348,Unchanged
12743,0.0448310609337653,Downregulated
12744,0,Unchanged
12745,0,Unchanged
12746,4.82952246215973e-07,Unchanged
12747,0,Unchanged
12748,1.55944446093369,Unchanged
12749,1.33308797028292,Unchanged
12750,1.83551080062549e-06,Unchanged
12751,0,Unchanged
12752,1.52603396286477,Unchanged
12753,8.3871122998845,Upregulated
12754,1.75608089448642,Unchanged
12755,0,Unchanged
12756,0,Unchanged
12757,5.64325626686435,Upregulated
12758,0,Unchanged
12759,9.27030711589921,Upregulated
12760,0,Unchanged
12761,3.79923468090268,Upregulated
12762,0,Unchanged
12763,0,Unchanged
12764,0,Unchanged
12765,2.86662931322706,Upregulated
12766,0,Unchanged
12767,63.2301990636469,Upregulated
12768,0,Unchanged
12769,0.361417845738505,Downregulated
12770,0,Unchanged
12771,2.48789949890147,Upregulated
12772,2.40681716499565,Upregulated
12773,0,Unchanged
12774,2.86662932317931,Upregulated
12775,0,Unchanged
12776,0,Unchanged
12777,0,Unchanged
12778,0.081472059644761,Downregulated
12779,0,Unchanged
12780,1.02708061009784,Unchanged
12781,0,Unchanged
12782,303948.230941425,Unchanged
12783,303948.230941425,Unchanged
12784,0.486583583468121,Downregulated
12785,0.47845845101854,Downregulated
12786,0.49205013630062,Downregulated
12787,0,Unchanged
12788,0,Unchanged
12789,0,Unchanged
12790,0,Unchanged
12791,0.000773048903505563,Unchanged
12792,0.00077304890350465,Unchanged
12793,0.00438949954812021,Unchanged
12794,0.0389362218655349,Downregulated
12795,166283.864387534,Unchanged
12796,0.960163845730553,Unchanged
12797,0,Unchanged
12798,52942.1582647753,Unchanged
12799,0,Unchanged
12800,31866.8357049379,Unchanged
12801,31866.8356828007,Unchanged
12802,0.0295519403925753,Downregulated
12803,0.0296349521380646,Downregulated
12804,0,Unchanged
12805,25.9937942916482,Upregulated
12806,8376112.76805005,Unchanged
12807,11386365.3277421,Unchanged
12808,0.755095898476331,Unchanged
12809,0.576303841691916,Unchanged
12810,2.13071605797234,Upregulated
12811,2846591.33331735,Unchanged
12812,0.387066059150348,Downregulated
12813,2723936.7895215,Unchanged
12814,0.68205263974657,Unchanged
12815,0.687383825367588,Unchanged
12816,0.682052632303311,Unchanged
12817,0.47530311544115,Downregulated
12818,2.31543532415898,Upregulated
12819,0.68205261083287,Unchanged
12820,3.35667693689163,Upregulated
12821,4.12325146523421,Upregulated
12822,0.0753099086230488,Downregulated
12823,0.692798991923294,Unchanged
12824,1.37476766606773,Unchanged
12825,0,Unchanged
12826,0.458470076792935,Downregulated
12827,4.40336723759982,Upregulated
12828,0.903905227659237,Unchanged
12829,0.903905227659237,Unchanged
12830,0.903905227659237,Unchanged
12831,0.903905227659237,Unchanged
12832,4.40336718648234,Upregulated
12833,4.40336720036626,Upregulated
12834,1.28055069836236,Unchanged
12835,4.40336718995332,Upregulated
12836,0.903905227805498,Unchanged
12837,0.90390522665096,Unchanged
12838,0.903905223563932,Unchanged
12839,0.903905223725742,Unchanged
12840,7.74427307786265,Upregulated
12841,7.74427308287506,Upregulated
12842,7.74427304277583,Upregulated
12843,0.903905219468627,Unchanged
12844,7.74427304277583,Upregulated
12845,7.74427304277583,Upregulated
12846,7.74427307911575,Upregulated
12847,7.74427300768901,Upregulated
12848,0.97024710088437,Unchanged
12849,1.00738907095162,Unchanged
12850,0.97024710088437,Unchanged
12851,0.633086944863794,Unchanged
12852,0.633086944863794,Unchanged
12853,4.4091955410165,Upregulated
12854,4.40919552483551,Upregulated
12855,0.316543476870895,Downregulated
12856,0.256533226007144,Downregulated
12857,0.689044929238964,Unchanged
12858,0.6890449324723,Unchanged
12859,0.771016163060391,Unchanged
12860,1.48001871491997,Unchanged
12861,0,Unchanged
12862,0,Unchanged
12863,8.30576811403305,Upregulated
12864,2.29584769158464e-07,Unchanged
12865,0.712866779911719,Unchanged
12866,0,Unchanged
12867,0.661110284200965,Unchanged
12868,0.0457490474543434,Downregulated
12869,17.6482281025848,Upregulated
12870,17.4744974446554,Upregulated
12871,6.5936692204335,Upregulated
12872,0,Unchanged
12873,0.185925289512937,Downregulated
12874,0,Unchanged
12875,0.804921775806116,Unchanged
12876,0.804921776514555,Unchanged
12877,0.0381945547072295,Downregulated
12878,1.58995209480976,Unchanged
12879,2.7133891617858,Upregulated
12880,3.46059917963914,Upregulated
12881,3.46059918019407,Upregulated
12882,3.46059917963914,Upregulated
12883,0,Unchanged
12884,0.488173439350242,Downregulated
12885,1.20123157600628,Unchanged
12886,0.783917498784165,Unchanged
12887,1.49599834183602,Unchanged
12888,0.976280753657377,Unchanged
12889,2.18961933511961,Upregulated
12890,2.18961932259711,Upregulated
12891,0.350514024548221,Downregulated
12892,3.12607285811293,Upregulated
12893,11.3679101878516,Upregulated
12894,2.21684124228513,Upregulated
12895,0,Unchanged
12896,0,Unchanged
12897,25.3565367002913,Upregulated
12898,0.439930328939117,Downregulated
12899,1.04790039522234,Unchanged
12900,2.61755990997926,Upregulated
12901,25.3565366976374,Upregulated
12902,6.97281908946825,Upregulated
12903,2.17762956906244,Upregulated
12904,2.1776295657529,Upregulated
12905,2.17762957981842,Upregulated
12906,1.18863210131265,Unchanged
12907,6.92027556383567,Upregulated
12908,4.23749794512073,Upregulated
12909,9.61918587496794,Upregulated
12910,15.526588449665,Upregulated
12911,25.3565363437064,Upregulated
12912,2.17762953246939,Upregulated
12913,3.42359710514361,Upregulated
12914,1.41843500181452,Unchanged
12915,2.42802261083057,Upregulated
12916,3.93699430796846,Upregulated
12917,2067406.9565292,Unchanged
12918,0,Unchanged
12919,0,Unchanged
12920,0,Unchanged
12921,0.0533506625936957,Downregulated
12922,4.00251443728388,Upregulated
12923,0,Unchanged
12924,16.5651996537593,Upregulated
12925,37.1527158024428,Upregulated
12926,3.80557821033148,Upregulated
12927,0,Unchanged
12928,0,Unchanged
12929,0.911296482687175,Unchanged
12930,8.28259998671263,Upregulated
12931,23985917.3659316,Unchanged
12932,23985917.2287553,Unchanged
12933,4.08774287139237,Upregulated
12934,0,Unchanged
12935,0,Unchanged
12936,0,Unchanged
12937,10694548.310198,Unchanged
12938,10694548.2711897,Unchanged
12939,40457311.2983149,Unchanged
12940,5693182.68874383,Unchanged
12941,0.140437141842866,Downregulated
12942,7.30727177026724e-10,Unchanged
12943,1.2009282314584e-10,Unchanged
12944,0.00727487202032832,Unchanged
12945,1.13354835141143,Unchanged
12946,2.90301099434582,Upregulated
12947,0.974856231480381,Unchanged
12948,0,Unchanged
12949,0.974756672352307,Unchanged
12950,0,Unchanged
12951,6.00025758625797e-10,Unchanged
12952,1.23801219559836,Unchanged
12953,0,Unchanged
12954,1.13747875008409e-09,Unchanged
12955,20010737.80443,Unchanged
12956,6.07914689123729e-10,Unchanged
12957,1.07957202927213e-10,Unchanged
12958,0,Unchanged
12959,6.07914689493289e-10,Unchanged
12960,6.07914689493289e-10,Unchanged
12961,0,Unchanged
12962,0,Unchanged
12963,1.21582937898658e-09,Unchanged
12964,3.03957344746645e-09,Unchanged
12965,1.61809984166048e-09,Unchanged
12966,0,Unchanged
12967,0,Unchanged
12968,0,Unchanged
12969,1.06542099484996e-09,Unchanged
12970,6.07914688569389e-10,Unchanged
12971,301.164236585175,Upregulated
12972,10414088.5214932,Unchanged
12973,9815504.38355556,Unchanged
12974,163.977028486797,Upregulated
12975,6.07914687091148e-10,Unchanged
12976,0,Unchanged
12977,5693182.6666347,Unchanged
12978,0,Unchanged
12979,3.23619966761149e-10,Unchanged
12980,6.07914691063921e-10,Unchanged
12981,1.29435914962701,Unchanged
12982,0.689044813584278,Unchanged
12983,0.689044902903389,Unchanged
12984,2.50418339467746,Upregulated
12985,0,Unchanged
12986,0,Unchanged
12987,0,Unchanged
12988,1.28122446726015,Unchanged
12989,0,Unchanged
12990,2809910.60755149,Unchanged
12991,2.86662926474689,Upregulated
12992,3.22841647712984,Upregulated
12993,235835.043035915,Unchanged
12994,0,Unchanged
12995,125545.459988377,Unchanged
12996,3.11921635737305,Upregulated
12997,0,Unchanged
12998,1.41645994315042,Unchanged
12999,0,Unchanged
13000,1.41645994040005,Unchanged
13001,0,Unchanged
13002,2.66079626995226,Upregulated
13003,0,Unchanged
13004,0.583951238688033,Unchanged
13005,0.594316052137665,Unchanged
13006,1.13367225257406,Unchanged
13007,0.603504052778643,Unchanged
13008,0.636855795741268,Unchanged
13009,2.66079625822511,Upregulated
13010,0,Unchanged
13011,2.66079627116541,Upregulated
13012,0,Unchanged
13013,1.71862938367575,Unchanged
13014,0,Unchanged
13015,1.13367225210563,Unchanged
13016,2.35514391398953,Upregulated
13017,0,Unchanged
13018,1.41645993787888,Unchanged
13019,0,Unchanged
13020,1.25428914774054,Unchanged
13021,0.689044923893016,Unchanged
13022,0,Unchanged
13023,0,Unchanged
13024,0,Unchanged
13025,1.25374762573561,Unchanged
13026,1.37155194636109,Unchanged
13027,1.25374763324176,Unchanged
13028,1.13367225102341,Unchanged
13029,1.13367225102341,Unchanged
13030,1.25374763324176,Unchanged
13031,1.41645994910955,Unchanged
13032,0,Unchanged
13033,2.35514390887782,Upregulated
13034,1.41645994910955,Unchanged
13035,0,Unchanged
13036,0.603504055512926,Unchanged
13037,2.66079626590841,Upregulated
13038,0,Unchanged
13039,1.41645994681758,Unchanged
13040,0,Unchanged
13041,1.07844934415901,Unchanged
13042,0,Unchanged
13043,0.0711633148245559,Downregulated
13044,1.75312921016648,Unchanged
13045,0.729557892271892,Unchanged
13046,0,Unchanged
13047,0,Unchanged
13048,0.603504052583337,Unchanged
13049,2.35514392247922,Upregulated
13050,2.66079627642241,Upregulated
13051,0,Unchanged
13052,0.603504052583337,Unchanged
13053,2.35514391532059,Upregulated
13054,0,Unchanged
13055,0.603504052583337,Unchanged
13056,1.25374762756143,Unchanged
13057,2.35514391854197,Upregulated
13058,1.133672254297,Unchanged
13059,1.25374762756143,Unchanged
13060,0.603504052583337,Unchanged
13061,2.3551439267744,Upregulated
13062,1.13367225825976,Unchanged
13063,1.25374762756143,Unchanged
13064,0.0643199976234538,Downregulated
13065,2.3551439052985,Upregulated
13066,0,Unchanged
13067,0,Unchanged
13068,2.31621837327932e-09,Unchanged
13069,11.4050040819822,Upregulated
13070,280476.223947174,Unchanged
13071,2.66079625903388,Upregulated
13072,0,Unchanged
13073,2.66079626954787,Upregulated
13074,0,Unchanged
13075,0.667713773853186,Unchanged
13076,0,Unchanged
13077,0,Unchanged
13078,2.35514391532059,Upregulated
13079,3.236199651902e-10,Unchanged
13080,3.23619964561821e-10,Unchanged
13081,0,Unchanged
13082,1.21582938416042e-09,Unchanged
13083,0,Unchanged
13084,0.00638455082363921,Unchanged
13085,0,Unchanged
13086,0,Unchanged
13087,1.33542756542538,Unchanged
13088,1.86306931167445e-09,Unchanged
13089,0,Unchanged
13090,6.47239938968251e-10,Unchanged
13091,0,Unchanged
13092,0,Unchanged
13093,0,Unchanged
13094,0,Unchanged
13095,0,Unchanged
13096,0,Unchanged
13097,0,Unchanged
13098,0.388376044506966,Downregulated
13099,0,Unchanged
13100,0.388376045952358,Downregulated
13101,1.32037927886751,Unchanged
13102,1.32149729436148e-09,Unchanged
13103,0,Unchanged
13104,0,Unchanged
13105,0,Unchanged
13106,0,Unchanged
13107,0,Unchanged
13108,0.853304354399024,Unchanged
13109,1.3459039517421,Unchanged
13110,2.50418342783203,Upregulated
13111,1.3459039517421,Unchanged
13112,1.29435931603446,Unchanged
13113,0.261489798332948,Downregulated
13114,2.58871862080699,Upregulated
13115,0.261489797406654,Downregulated
13116,1.29435930973958,Unchanged
13117,2.58871862080699,Upregulated
13118,2.85020841456713,Upregulated
13119,1.55584914153959,Unchanged
13120,986.312937108035,Upregulated
13121,0,Unchanged
13122,0,Unchanged
13123,5347274.17785378,Unchanged
13124,16041822.4067846,Unchanged
13125,23549636.6974541,Unchanged
13126,6427544.23759575,Unchanged
13127,12855088.574913,Unchanged
13128,10694548.2659074,Unchanged
13129,16041822.5219808,Unchanged
13130,6427544.2212746,Unchanged
13131,5347274.14453425,Unchanged
13132,10694548.2728151,Unchanged
13133,0,Unchanged
13134,0.049677556926537,Downregulated
13135,1080270.08151025,Unchanged
13136,4032499.25109749,Unchanged
13137,3.12304716397038,Upregulated
13138,5.27261975940166,Upregulated
13139,0.770872288373048,Unchanged
13140,11428.6285296396,Upregulated
13141,4497662.63669755,Unchanged
13142,4497662.63554766,Unchanged
13143,4027339.35915033,Unchanged
13144,4027339.35915033,Unchanged
13145,1.8858515160739,Unchanged
13146,0,Unchanged
13147,8301.86311367531,Upregulated
13148,0,Unchanged
13149,4497662.63554766,Unchanged
13150,0,Unchanged
13151,0,Unchanged
13152,0.439217754409833,Downregulated
13153,0,Unchanged
13154,0.117056352465692,Downregulated
13155,0,Unchanged
13156,0,Unchanged
13157,0.0438344167330272,Downregulated
13158,0.166092212762662,Downregulated
13159,866122.976795518,Unchanged
13160,0,Unchanged
13161,0.470842911493481,Downregulated
13162,2598367.51387607,Unchanged
13163,2598367.50070765,Unchanged
13164,2598367.60279848,Unchanged
13165,0,Unchanged
13166,0.253742718978351,Downregulated
13167,0,Unchanged
13168,0.470842924482436,Downregulated
13169,0.253742718978351,Downregulated
13170,1.21684218498189,Unchanged
13171,0,Unchanged
13172,1.00000069507374,Unchanged
13173,0.310772218619468,Downregulated
13174,0.787033030874561,Unchanged
13175,3284733.85971958,Unchanged
13176,2023934.65571173,Unchanged
13177,3284733.85971958,Unchanged
13178,0.0318508266737747,Downregulated
13179,6569467.71943916,Unchanged
13180,6569467.71943916,Unchanged
13181,6569467.71943916,Unchanged
13182,1.01875125028336,Unchanged
13183,1.5382746182092,Unchanged
13184,0,Unchanged
13185,0,Unchanged
13186,6543525.4812489,Unchanged
13187,0,Unchanged
13188,36.804997469306,Upregulated
13189,0.0374185980021005,Downregulated
13190,0,Unchanged
13191,0,Unchanged
13192,112.532782848489,Upregulated
13193,0.756877202063748,Unchanged
13194,0.161952887074481,Downregulated
13195,0.161952882710169,Downregulated
13196,28975.3437168348,Unchanged
13197,5696333.2194092,Unchanged
13198,28763.4205659349,Unchanged
13199,129.250156431313,Upregulated
13200,0,Unchanged
13201,1856.02555524835,Upregulated
13202,166196162.21117,Unchanged
13203,166196162.21117,Unchanged
13204,38.9156824592104,Upregulated
13205,38.9156861388784,Upregulated
13206,38.9156837770889,Upregulated
13207,38.9156852697399,Upregulated
13208,166196162.21117,Unchanged
13209,19.9105735380375,Upregulated
13210,209.981934300933,Upregulated
13211,5.48692992142105,Upregulated
13212,38.9156848894918,Upregulated
13213,33.2253059215791,Upregulated
13214,153.79535463526,Upregulated
13215,152315290.393978,Unchanged
13216,152315290.393978,Unchanged
13217,0.714167837757981,Unchanged
13218,5693182.67400441,Unchanged
13219,3.83727137984384,Upregulated
13220,2.22128920697307,Upregulated
13221,0,Unchanged
13222,0,Unchanged
13223,0,Unchanged
13224,0,Unchanged
13225,30.1109269703897,Upregulated
13226,3870065.34841443,Unchanged
13227,0.0926033563872917,Downregulated
13228,0.0926033602229227,Downregulated
13229,0.17782898986906,Downregulated
13230,0.286512958178743,Downregulated
13231,0.286512917034943,Downregulated
13232,0.286512888974979,Downregulated
13233,0.473348188992758,Downregulated
13234,0,Unchanged
13235,0.173090294493289,Downregulated
13236,3.67381581326156,Upregulated
13237,2662523.63127928,Unchanged
13238,1.30303242460376,Unchanged
13239,1283906.26789768,Unchanged
13240,1.30303240301227,Unchanged
13241,1.30303240301227,Unchanged
13242,0.0484225943976101,Downregulated
13243,11.4735390593505,Upregulated
13244,1.7841730686971,Unchanged
13245,4.76886392144388,Upregulated
13246,15.7730431547324,Upregulated
13247,2.43991121382022,Upregulated
13248,2.43991128791224,Upregulated
13249,0.441029636663878,Downregulated
13250,0.441029628488887,Downregulated
13251,4.30978667390732,Upregulated
13252,1.30303240692798,Unchanged
13253,3.0872054639338,Upregulated
13254,1.54360267725713,Unchanged
13255,1.54631182011988,Unchanged
13256,13184445.1105912,Unchanged
13257,18749270.5584961,Unchanged
13258,0.189578045949722,Downregulated
13259,18675231.3745636,Unchanged
13260,3.25474620276406,Upregulated
13261,2.2940562615036,Upregulated
13262,8757721.76270792,Unchanged
13263,2.25058140803447,Upregulated
13264,1.06822291233275,Unchanged
13265,1.22017976478306,Unchanged
13266,1.39218855938309,Unchanged
13267,1.60453955410174,Unchanged
13268,1.30303242461335,Unchanged
13269,5.07974121694655,Upregulated
13270,2.84617695910253,Upregulated
13271,2.84617700366796,Upregulated
13272,12155091.0975313,Unchanged
13273,12155091.0975313,Unchanged
13274,7268513.98640705,Unchanged
13275,2052584.71201781,Unchanged
13276,11345361.2165815,Unchanged
13277,11345361.2165815,Unchanged
13278,14.9767133906207,Upregulated
13279,0.0911045836371479,Downregulated
13280,3.43557718295793,Upregulated
13281,0,Unchanged
13282,0.170982658543898,Downregulated
13283,0.00215730956851525,Unchanged
13284,0.0982201939634747,Downregulated
13285,2046870.43912231,Unchanged
13286,0.231112568979572,Downregulated
13287,0.44470818004038,Downregulated
13288,0,Unchanged
13289,0,Unchanged
13290,0,Unchanged
13291,0,Unchanged
13292,0,Unchanged
13293,0,Unchanged
13294,0.0908723146099502,Downregulated
13295,0,Unchanged
13296,0,Unchanged
13297,0,Unchanged
13298,0,Unchanged
13299,1.07895717337972,Unchanged
13300,0.5,Downregulated
13301,0,Unchanged
13302,9.70958267612063,Upregulated
13303,0,Unchanged
13304,35.8714312091123,Upregulated
13305,0,Unchanged
13306,0,Unchanged
13307,0,Unchanged
13308,5555606.47473381,Unchanged
13309,106.445555970955,Upregulated
13310,0,Unchanged
13311,3.329465885595,Upregulated
13312,0,Unchanged
13313,0,Unchanged
13314,0,Unchanged
13315,0,Unchanged
13316,0,Unchanged
13317,0,Unchanged
13318,4.51596919347223,Upregulated
13319,0,Unchanged
13320,0,Unchanged
13321,0,Unchanged
13322,1895037.58652687,Unchanged
13323,5.10547437840252,Upregulated
13324,0,Unchanged
13325,6592369.82085342,Unchanged
13326,3.03574725564262,Upregulated
13327,12964684.1423248,Unchanged
13328,12964684.1423248,Unchanged
13329,3.46758858318495,Upregulated
13330,7404633.68633476,Unchanged
13331,14808936.6098311,Unchanged
13332,0,Unchanged
13333,0,Unchanged
13334,1.30303246669316,Unchanged
13335,0,Unchanged
13336,0,Unchanged
13337,3.58034076079175,Upregulated
13338,1904481.72448611,Unchanged
13339,0,Unchanged
13340,18410894.8526248,Unchanged
13341,18749270.5592709,Unchanged
13342,0,Unchanged
13343,0,Unchanged
13344,0,Unchanged
13345,0,Unchanged
13346,0,Unchanged
13347,0,Unchanged
13348,0,Unchanged
13349,0.994456168231814,Unchanged
13350,0,Unchanged
13351,2.78314208760763,Upregulated
13352,2.73963387700673,Upregulated
13353,0,Unchanged
13354,2.74540133603614,Upregulated
13355,16882000.5490275,Unchanged
13356,188.847528811101,Upregulated
13357,2.94170051105866,Upregulated
13358,8.3851426681072,Upregulated
13359,0,Unchanged
13360,0,Unchanged
13361,0,Unchanged
13362,0,Unchanged
13363,0,Unchanged
13364,0,Unchanged
13365,0,Unchanged
13366,0.181164420519505,Downregulated
13367,0,Unchanged
13368,0,Unchanged
13369,0.228305897519706,Downregulated
13370,6077545.55065516,Unchanged
13371,12155091.1013103,Unchanged
13372,847.497961913195,Upregulated
13373,0,Unchanged
13374,8455097.88085669,Unchanged
13375,9924000.25818443,Unchanged
13376,0,Unchanged
13377,203.016828894481,Upregulated
13378,1095734.22687636,Unchanged
13379,25.9119489636204,Upregulated
13380,20890400.0733949,Unchanged
13381,0,Unchanged
13382,1.27136408930982,Unchanged
13383,0,Unchanged
13384,1.58806782978398,Unchanged
13385,3.80721571571241,Upregulated
13386,13142360.8582826,Unchanged
13387,10195851.9647415,Unchanged
13388,0.459422242993866,Downregulated
13389,10195851.9647415,Unchanged
13390,849656.871911765,Unchanged
13391,10195851.9647415,Unchanged
13392,2204808.62258569,Unchanged
13393,8428640.9645902,Unchanged
13394,0.634745590661461,Unchanged
13395,52.4977374888796,Upregulated
13396,10195851.9647415,Unchanged
13397,10195851.9647415,Unchanged
13398,10195851.9647415,Unchanged
13399,5497814.30835307,Unchanged
13400,10195851.9647415,Unchanged
13401,8969384.03420187,Unchanged
13402,10195851.9647415,Unchanged
13403,10195851.9647415,Unchanged
13404,10195851.995026,Unchanged
13405,10195851.9647415,Unchanged
13406,2.38741104677707,Upregulated
13407,7.89637473435055,Upregulated
13408,0,Unchanged
13409,100.655302370443,Upregulated
13410,3.1621642711446,Upregulated
13411,2.38741109135499,Upregulated
13412,100.655300976632,Upregulated
13413,0.634745551254111,Unchanged
13414,0.924347715490689,Unchanged
13415,0,Unchanged
13416,52.4977360259244,Upregulated
13417,1.83768905179235,Unchanged
13418,0,Unchanged
13419,0,Unchanged
13420,355928.47023285,Unchanged
13421,2.50115462593153,Upregulated
13422,141.018008772898,Upregulated
13423,141.018008772898,Upregulated
13424,1.22147982104586,Unchanged
13425,5009220.06303067,Unchanged
13426,5264957.65919453,Unchanged
13427,0,Unchanged
13428,0,Unchanged
13429,3307957.43977404,Unchanged
13430,6114584.9922902,Unchanged
13431,4.66688574398391,Upregulated
13432,0,Unchanged
13433,9965371.60472629,Unchanged
13434,7583672.49637925,Unchanged
13435,7609034.36779609,Unchanged
13436,15218068.7355922,Unchanged
13437,15053832.1442729,Unchanged
13438,0.166513064914291,Downregulated
13439,0,Unchanged
13440,4688412.82463969,Unchanged
13441,0,Unchanged
13442,0,Unchanged
13443,3.67480019664183,Upregulated
13444,0.528958090973648,Unchanged
13445,0,Unchanged
13446,1.80379932100551,Unchanged
13447,1.27050116730773,Unchanged
13448,13387473.9669113,Unchanged
13449,0.392137079923287,Downregulated
13450,0.392137079923287,Downregulated
13451,3290841.14630689,Unchanged
13452,3996320.84434935,Unchanged
13453,3996320.84434935,Unchanged
13454,89.2592562814796,Upregulated
13455,0.802365502263039,Unchanged
13456,0.00435648665231382,Unchanged
13457,0.00435648665231382,Unchanged
13458,36364.163862048,Unchanged
13459,6.48602144526443,Upregulated
13460,2.63879484165239,Upregulated
13461,4.0003897964192,Upregulated
13462,458810.062306751,Unchanged
13463,0,Unchanged
13464,0.434344141003387,Downregulated
13465,1.30303244966043,Unchanged
13466,1.30303242178811,Unchanged
13467,0.0514581590404824,Downregulated
13468,0.11167911757279,Downregulated
13469,0.106272515178894,Downregulated
13470,0.0998286553037845,Downregulated
13471,0.167353246421552,Downregulated
13472,0.167353246136045,Downregulated
13473,0.167353246421555,Downregulated
13474,1.03637615593335e-07,Unchanged
13475,2.0082329499534,Upregulated
13476,21.4896760604703,Upregulated
13477,1.1435292077939,Unchanged
13478,6.91518649146153,Upregulated
13479,1.30303249601144,Unchanged
13480,0,Unchanged
13481,0.388318117501292,Downregulated
13482,0.651516202812169,Unchanged
13483,0,Unchanged
13484,4.68561702851648,Upregulated
13485,309.101716111062,Upregulated
13486,2.39731931975438,Upregulated
13487,15394094.7216404,Unchanged
13488,0.174718794099752,Downregulated
13489,22.4983858831894,Upregulated
13490,107.209001446559,Upregulated
13491,5.43913455543538,Upregulated
13492,0,Unchanged
13493,4.6856167734391,Upregulated
13494,456.802317353608,Upregulated
13495,3.4737285202103,Upregulated
13496,0.137646604972522,Downregulated
13497,0,Unchanged
13498,29.8139604001543,Upregulated
13499,4041901.43331763,Unchanged
13500,1445959.40436518,Unchanged
13501,116.582523223671,Upregulated
13502,0.677157632134237,Unchanged
13503,0.338578805114864,Downregulated
13504,0.151718852823945,Downregulated
13505,1.09503816711274e-06,Unchanged
13506,1.09503821070904e-06,Unchanged
13507,4.23972225155228e-07,Unchanged
13508,8.11817374337525e-07,Unchanged
13509,1.28459230796842,Unchanged
13510,4.67654976438527,Upregulated
13511,4.08321344185866e-08,Unchanged
13512,1.09503816103874e-06,Unchanged
13513,1.30303247410722,Unchanged
13514,124.292340080399,Upregulated
13515,0.628070088963866,Unchanged
13516,5564825.35651274,Unchanged
13517,7407354.89661268,Unchanged
13518,5698416.72478857,Unchanged
13519,0,Unchanged
13520,0.371981930176202,Downregulated
13521,104073.245901069,Unchanged
13522,0.000451270320867305,Unchanged
13523,0.0336959594799713,Downregulated
13524,3.24207119714006,Upregulated
13525,0,Unchanged
13526,1.32339507405251,Unchanged
13527,1.05102870292188,Unchanged
13528,753.406927465644,Upregulated
13529,0,Unchanged
13530,20366258.5294983,Unchanged
13531,314.593369010459,Upregulated
13532,0.447434057577791,Downregulated
13533,92.9877651903155,Upregulated
13534,92.9877651907497,Upregulated
13535,85.2190601973587,Upregulated
13536,85.2190601970647,Upregulated
13537,92.9877648727473,Upregulated
13538,92.9877648723855,Upregulated
13539,20366258.5294983,Unchanged
13540,20366258.5294983,Unchanged
13541,20366258.5294983,Unchanged
13542,20366258.5294983,Unchanged
13543,0,Unchanged
13544,0,Unchanged
13545,0,Unchanged
13546,0,Unchanged
13547,0,Unchanged
13548,510.015955617501,Upregulated
13549,510.015955617501,Upregulated
13550,510.015955617501,Upregulated
13551,20.2189733671006,Upregulated
13552,6.42890876984701,Upregulated
13553,1.35273531193871,Unchanged
13554,0,Unchanged
13555,0.892086501283745,Unchanged
13556,1.73271495854128,Unchanged
13557,3.08720543367677,Upregulated
13558,3.03574726374868,Upregulated
13559,3.46758843502322,Upregulated
13560,4.39023783044691,Upregulated
13561,4.39144803715963,Upregulated
13562,4.98633739740631,Upregulated
13563,1.64625922141386,Unchanged
13564,2.84617690071836,Upregulated
13565,3.95960688523135,Upregulated
13566,0.108831025444211,Downregulated
13567,2.6755603461847,Upregulated
13568,0.121062361805199,Downregulated
13569,2.80869688429266,Upregulated
13570,2.656574631977,Upregulated
13571,3.95960707144518,Upregulated
13572,3.97859279591913,Upregulated
13573,1.9250650330839,Unchanged
13574,1.92506511907227,Unchanged
13575,0.306117769537047,Downregulated
13576,1.92506513165805,Unchanged
13577,1.92506513165805,Unchanged
13578,1.92506513165805,Unchanged
13579,0.343234593671657,Downregulated
13580,0.0275976450278954,Downregulated
13581,0.0275976447492825,Downregulated
13582,0,Unchanged
13583,0.0275976438926126,Downregulated
13584,0.343234597921156,Downregulated
13585,0.071608381309855,Downregulated
13586,10002731.1593269,Unchanged
13587,2.38741101258261,Upregulated
13588,2.38741101258261,Upregulated
13589,2.38741101258261,Upregulated
13590,2.38741101258261,Upregulated
13591,2.38741101258261,Upregulated
13592,2.38741101258261,Upregulated
13593,2.38741101258261,Upregulated
13594,2.38741101258261,Upregulated
13595,2.38741111284772,Upregulated
13596,2.38741112530841,Upregulated
13597,2.38741112530841,Upregulated
13598,2.38741112530841,Upregulated
13599,2.38741112530841,Upregulated
13600,2.38741100388911,Upregulated
13601,2.38741111052945,Upregulated
13602,2.387411132553,Upregulated
13603,2.387411132553,Upregulated
13604,2.387411132553,Upregulated
13605,2.38741113964428,Upregulated
13606,2.38741101258261,Upregulated
13607,2.38741116211092,Upregulated
13608,2.38741110589291,Upregulated
13609,411.02749827874,Upregulated
13610,0.223996538143775,Downregulated
13611,56.9319997061491,Upregulated
13612,10195852.0511633,Unchanged
13613,0.269146306745544,Downregulated
13614,0.260659864795184,Downregulated
13615,5097926.02558163,Unchanged
13616,10195852.0511633,Unchanged
13617,10195851.9540311,Unchanged
13618,5097925.97701555,Unchanged
13619,5097925.97701555,Unchanged
13620,1.60508059771073,Unchanged
13621,5097928.3644266,Unchanged
13622,10195851.9540311,Unchanged
13623,16.1106860130843,Upregulated
13624,5097925.97701555,Unchanged
13625,2.38741106165619,Upregulated
13626,10195851.9832077,Unchanged
13627,411.027501535335,Upregulated
13628,2.38741114569342,Upregulated
13629,7.89637484266035,Upregulated
13630,7.89637493532399,Upregulated
13631,5097925.98237075,Unchanged
13632,5097925.98237075,Unchanged
13633,0.265833540741617,Downregulated
13634,3.49743195509502,Upregulated
13635,5097925.98237075,Unchanged
13636,1.76993083041231,Unchanged
13637,455.455988898284,Upregulated
13638,2881859.29268487,Unchanged
13639,0.975398691907434,Unchanged
13640,0.975398764555785,Unchanged
13641,1.50311064625845,Unchanged
13642,0.975398691907434,Unchanged
13643,0.975398764555785,Unchanged
13644,0.0474002225692202,Downregulated
13645,0.0474002225692202,Downregulated
13646,0.0474002225692202,Downregulated
13647,0.0474002225692202,Downregulated
13648,1.38080352543889,Unchanged
13649,2.10983460335049,Upregulated
13650,0.150030046846818,Downregulated
13651,0.305369964047093,Downregulated
13652,0.0440595921986907,Downregulated
13653,0.61073993295548,Unchanged
13654,0.8080527866853,Unchanged
13655,2.10983462123381,Upregulated
13656,0.0440595925721472,Downregulated
13657,0.603716500868079,Unchanged
13658,0.171038057075656,Downregulated
13659,0.61073993295548,Unchanged
13660,0.0440595921524076,Downregulated
13661,0.305369963726313,Downregulated
13662,1.22147984915486,Unchanged
13663,1.22147984271252,Unchanged
13664,1.22147982771088,Unchanged
13665,1.22147975170156,Unchanged
13666,0.808052778794088,Unchanged
13667,1.22147985234248,Unchanged
13668,2.10983460113419,Upregulated
13669,0.808052828968685,Unchanged
13670,1.22147985234248,Unchanged
13671,10195851.9540311,Unchanged
13672,10195851.9540311,Unchanged
13673,435589.382504236,Unchanged
13674,2.39603293152868e-07,Unchanged
13675,7.22826803244856e-07,Unchanged
13676,0.0787184403097807,Downregulated
13677,0.468211204106162,Downregulated
13678,0.625930081695675,Unchanged
13679,2.12207959944528,Upregulated
13680,2.1242207698557,Upregulated
13681,1.20295048754529,Unchanged
13682,23.8540416293608,Upregulated
13683,4.76986941700164e-08,Unchanged
13684,0.722480169390534,Unchanged
13685,0.281182464208099,Downregulated
13686,2.88192676755959,Upregulated
13687,0.00633324289978756,Unchanged
13688,0,Unchanged
13689,0,Unchanged
13690,2.45243327665692,Upregulated
13691,0,Unchanged
13692,0.725434753006545,Unchanged
13693,5.78870560037443,Upregulated
13694,0,Unchanged
13695,5.08725952386158e-09,Unchanged
13696,439521.955072022,Unchanged
13697,6.33023116733966e-08,Unchanged
13698,0.535046913648252,Unchanged
13699,0.147095355016001,Downregulated
13700,0.0127703618702228,Downregulated
13701,1.74031019923859e-08,Unchanged
13702,2.46353024703565e-07,Unchanged
13703,3.10519927641858,Upregulated
13704,4.68310280439255e-07,Unchanged
13705,2.39603285308476e-07,Unchanged
13706,2.39603285308476e-07,Unchanged
13707,4.22640073166238,Upregulated
13708,5.50831631012253e-07,Unchanged
13709,0.682052660010997,Unchanged
13710,0.682052662990796,Unchanged
13711,1.3330879672629,Unchanged
13712,0.682052659790271,Unchanged
13713,0.682052661666441,Unchanged
13714,1.33308797912678,Unchanged
13715,0.058694243055839,Downregulated
13716,0,Unchanged
13717,0.119489269526723,Downregulated
13718,0.119489268039042,Downregulated
13719,0.363923810165765,Downregulated
13720,0.270500925373118,Downregulated
13721,0,Unchanged
13722,0.175820422104507,Downregulated
13723,0,Unchanged
13724,27.9001958771232,Upregulated
13725,54.5315894349397,Upregulated
13726,27.9001953211243,Upregulated
13727,27.9001953211243,Upregulated
13728,26.8755818646058,Upregulated
13729,1.68712634834581,Unchanged
13730,0.682052631444483,Unchanged
13731,0.123636093337438,Downregulated
13732,6.50849652290771e-05,Unchanged
13733,1.33308793964824,Unchanged
13734,0.682052632658475,Unchanged
13735,0.68205263133412,Unchanged
13736,6.50815693968977e-05,Unchanged
13737,0.863190596020421,Unchanged
13738,0,Unchanged
13739,0,Unchanged
13740,8.9356177614463,Upregulated
13741,7.82608352650723,Upregulated
13742,0,Unchanged
13743,0,Unchanged
13744,4.68310268161076e-07,Unchanged
13745,0.156241866886561,Downregulated
13746,0.00703640899638896,Unchanged
13747,2.39603288150647e-07,Unchanged
13748,0.668477944386929,Unchanged
13749,4.68310268161076e-07,Unchanged
13750,4.68310268161076e-07,Unchanged
13751,2.00204385795157,Upregulated
13752,2.78515183267848,Upregulated
13753,2.56670828715384,Upregulated
13754,0.109340273814108,Downregulated
13755,8.20371625039494e-07,Unchanged
13756,3.56338901000404,Upregulated
13757,0.0366372573004315,Downregulated
13758,0,Unchanged
13759,3.9180043984078,Upregulated
13760,1.37252791511042,Unchanged
13761,0.0240955460450964,Downregulated
13762,0,Unchanged
13763,1.60343697882416e-06,Unchanged
13764,2.38741114213708,Upregulated
13765,0.682052662960921,Unchanged
13766,1.20719916808141,Unchanged
13767,1.21684221801823,Unchanged
13768,1.21684220962719,Unchanged
13769,1.20719917018824,Unchanged
13770,6.59366895763443,Upregulated
13771,1.21684221823165,Unchanged
13772,0,Unchanged
13773,1.33308792675651,Unchanged
13774,0.68205266254851,Unchanged
13775,0,Unchanged
13776,4.68310259009286e-07,Unchanged
13777,1.3330879655909,Unchanged
13778,0.682052635708279,Unchanged
13779,1.23025962692519,Unchanged
13780,0,Unchanged
13781,2.39603281761447e-07,Unchanged
13782,1.33308793824502,Unchanged
13783,0,Unchanged
13784,2.39603287582213e-07,Unchanged
13785,1.33308793824502,Unchanged
13786,0.682052652718553,Unchanged
13787,0.465047425316197,Downregulated
13788,0.425137001254365,Downregulated
13789,0,Unchanged
13790,0.661110264215183,Unchanged
13791,0.682052639961914,Unchanged
13792,0.179233893862786,Downregulated
13793,0.402129262445789,Downregulated
13794,0,Unchanged
13795,0.179233902338307,Downregulated
13796,0.179233902822258,Downregulated
13797,0,Unchanged
13798,0,Unchanged
13799,0.425136929343976,Downregulated
13800,0.682052655311873,Unchanged
13801,1.33308796995906,Unchanged
13802,0.350316881768196,Downregulated
13803,0.119455002376821,Downregulated
13804,0,Unchanged
13805,0.350316881647166,Downregulated
13806,0.00397791545322724,Unchanged
13807,0,Unchanged
13808,0.682052668479161,Unchanged
13809,1.53025360089674,Unchanged
13810,1.2302595189807,Unchanged
13811,0.0267075140894743,Downregulated
13812,0.179233899750125,Downregulated
13813,0.179233899342648,Downregulated
13814,0.119489263970891,Downregulated
13815,0.119489263455608,Downregulated
13816,0.4251369129458,Downregulated
13817,0.714167867024814,Unchanged
13818,0.3653922920324,Downregulated
13819,0.179233901234732,Downregulated
13820,0.350316894390927,Downregulated
13821,1.33308802109101,Unchanged
13822,0.682052648192234,Unchanged
13823,0.682052648192234,Unchanged
13824,1.33308802109101,Unchanged
13825,1.33308802109101,Unchanged
13826,0.682052630393136,Unchanged
13827,0.682052630393136,Unchanged
13828,1.33308802109101,Unchanged
13829,0.0876281263772408,Downregulated
13830,0.0288787118740544,Downregulated
13831,0,Unchanged
13832,0.000452720454219785,Unchanged
13833,0.000389099437694238,Unchanged
13834,0,Unchanged
13835,0.0792687168491522,Downregulated
13836,0.24172013786923,Downregulated
13837,0,Unchanged
13838,0,Unchanged
13839,4.46751249363331e-08,Unchanged
13840,0.0792687166512761,Downregulated
13841,0.451202352476563,Downregulated
13842,0,Unchanged
13843,2.53115009847704e-07,Unchanged
13844,1.56799257410231,Unchanged
13845,0,Unchanged
13846,5.50831620628855e-07,Unchanged
13847,0.0375652359236202,Downregulated
13848,0.0375652368786621,Downregulated
13849,0,Unchanged
13850,0.350316882449844,Downregulated
13851,0.124903011873446,Downregulated
13852,0,Unchanged
13853,0.6820526559143,Unchanged
13854,0.68205265526706,Unchanged
13855,0.365392295545817,Downregulated
13856,0.682052655436054,Unchanged
13857,0.682052667299915,Unchanged
13858,0.682052647986354,Unchanged
13859,0.682052608561222,Unchanged
13860,0.170513181435332,Downregulated
13861,0.682052668754535,Unchanged
13862,0.682052645331659,Unchanged
13863,0.170513181407741,Downregulated
13864,0.227350880816473,Downregulated
13865,0.341026328997086,Downregulated
13866,0.170513163980025,Downregulated
13867,0,Unchanged
13868,5.99008234138942e-08,Unchanged
13869,0.682052634616804,Unchanged
13870,0.0123010466032566,Downregulated
13871,0,Unchanged
13872,0.640612236092594,Unchanged
13873,0.640612228291022,Unchanged
13874,1.28122443388656,Unchanged
13875,0.640612241411848,Unchanged
13876,2.39603287004897e-07,Unchanged
13877,1.19801644416384e-07,Unchanged
13878,0,Unchanged
13879,1.28122441133665,Unchanged
13880,1.28122441133665,Unchanged
13881,1.2812244508891,Unchanged
13882,1.28122448958667,Unchanged
13883,0.342458990974771,Downregulated
13884,0.342458984626901,Downregulated
13885,6.69308839280144,Upregulated
13886,0,Unchanged
13887,0,Unchanged
13888,0.0533234919012259,Downregulated
13889,0.0533234920370338,Downregulated
13890,0,Unchanged
13891,0,Unchanged
13892,0,Unchanged
13893,9.61637519086333,Upregulated
13894,1.18924324625228,Unchanged
13895,0,Unchanged
13896,0,Unchanged
13897,2659236.42937858,Unchanged
13898,0,Unchanged
13899,0,Unchanged
13900,0,Unchanged
13901,0,Unchanged
13902,0,Unchanged
13903,0,Unchanged
13904,0,Unchanged
13905,0,Unchanged
13906,0,Unchanged
13907,0,Unchanged
13908,15350.797226425,Upregulated
13909,0,Unchanged
13910,0,Unchanged
13911,0,Unchanged
13912,0,Unchanged
13913,0,Unchanged
13914,0,Unchanged
13915,0,Unchanged
13916,0,Unchanged
13917,0.0522304205309388,Downregulated
13918,0.003340013034308,Unchanged
13919,0.0512641066156831,Downregulated
13920,0.0287480232954448,Downregulated
13921,0,Unchanged
13922,0.0376188828868541,Downregulated
13923,0.000150195853013489,Unchanged
13924,1.56850997781555e-08,Unchanged
13925,9604.39363416797,Upregulated
13926,7.51119846232224e-05,Unchanged
13927,0.0303861543268613,Downregulated
13928,1.56411635625621e-08,Unchanged
13929,0.0916084934406056,Downregulated
13930,0.0750073485373173,Downregulated
13931,0.0505511433403435,Downregulated
13932,0.0766357361377263,Downregulated
13933,0,Unchanged
13934,0.607371768725248,Unchanged
13935,0,Unchanged
13936,0,Unchanged
13937,0.00308107509599575,Unchanged
13938,0,Unchanged
13939,0.332919898687549,Downregulated
13940,1.62757781922393e-08,Unchanged
13941,1.72815975365793e-08,Unchanged
13942,0,Unchanged
13943,0,Unchanged
13944,0,Unchanged
13945,0.690500130056728,Unchanged
13946,3.61851483909578,Upregulated
13947,0.0266760305430139,Downregulated
13948,0,Unchanged
13949,9.68751155929078,Upregulated
13950,0.773591779592264,Unchanged
13951,1.98255703886621,Unchanged
13952,9.68751174078463,Upregulated
13953,1.17719755323198,Unchanged
13954,1447.07526440505,Upregulated
13955,0,Unchanged
13956,0,Unchanged
13957,0,Unchanged
13958,0.080787689893216,Downregulated
13959,0,Unchanged
13960,0.971365108283879,Unchanged
13961,0.714029185407497,Unchanged
13962,0.303915331717708,Downregulated
13963,0.714767934806606,Unchanged
13964,0,Unchanged
13965,1.50276227189445,Unchanged
13966,0,Unchanged
13967,0,Unchanged
13968,0.0140783410804399,Downregulated
13969,0,Unchanged
13970,8.54543974520767,Upregulated
13971,13.710228697932,Upregulated
13972,0,Unchanged
13973,0,Unchanged
13974,7.48514910839049e-07,Unchanged
13975,4.16069125396066,Upregulated
13976,9.47221271521328,Upregulated
13977,0,Unchanged
13978,0,Unchanged
13979,0,Unchanged
13980,0,Unchanged
13981,0,Unchanged
13982,0,Unchanged
13983,0,Unchanged
13984,0,Unchanged
13985,0,Unchanged
13986,0.233544588051318,Downregulated
13987,0,Unchanged
13988,3013616.76545266,Unchanged
13989,6319593.19640141,Unchanged
13990,0,Unchanged
13991,8090731.26865616,Unchanged
13992,0.500000074205347,Unchanged
13993,0,Unchanged
13994,0,Unchanged
13995,0,Unchanged
13996,0,Unchanged
13997,1.18610998623491,Unchanged
13998,5.66450411237684,Upregulated
13999,53.059202524707,Upregulated
14000,0,Unchanged
14001,2.33024484602192,Upregulated
14002,0,Unchanged
14003,2.53611585377326,Upregulated
14004,0.128095454354186,Downregulated
14005,0,Unchanged
14006,0.00317548509130921,Unchanged
14007,0,Unchanged
14008,0,Unchanged
14009,0.0961013717181744,Downregulated
14010,0,Unchanged
14011,0,Unchanged
14012,0,Unchanged
14013,0,Unchanged
14014,0,Unchanged
14015,0,Unchanged
14016,0.00247078303269956,Unchanged
14017,0.794686869672597,Unchanged
14018,0,Unchanged
14019,0,Unchanged
14020,0,Unchanged
14021,0,Unchanged
14022,0,Unchanged
14023,0,Unchanged
14024,0,Unchanged
14025,0,Unchanged
14026,0,Unchanged
14027,0,Unchanged
14028,0,Unchanged
14029,0,Unchanged
14030,0,Unchanged
14031,0,Unchanged
14032,0.655516139945347,Unchanged
14033,0,Unchanged
14034,0,Unchanged
14035,0,Unchanged
14036,0,Unchanged
14037,0,Unchanged
14038,0,Unchanged
14039,0,Unchanged
14040,0,Unchanged
14041,0,Unchanged
14042,0,Unchanged
14043,2020571487.77273,Unchanged
14044,0,Unchanged
14045,0,Unchanged
14046,0,Unchanged
14047,0,Unchanged
14048,0,Unchanged
14049,0,Unchanged
14050,0,Unchanged
14051,0,Unchanged
14052,0,Unchanged
14053,17.04665950528,Upregulated
14054,0,Unchanged
14055,0,Unchanged
14056,0.00745138040749433,Unchanged
14057,0.686420147005584,Unchanged
14058,46.1458789010263,Upregulated
14059,0.159777071985778,Downregulated
14060,2.81547037001457,Upregulated
14061,4914939.39797303,Unchanged
14062,18191700.483065,Unchanged
14063,393970.184551463,Unchanged
14064,1179795.50677735,Unchanged
14065,6.8661649504091,Upregulated
14066,0.152212457257051,Downregulated
14067,0.152212456777122,Downregulated
14068,0.0652816694580204,Downregulated
14069,13.7088515445008,Upregulated
14070,5.69851241703357,Upregulated
14071,0.0512408706429458,Downregulated
14072,0.0121041641763317,Downregulated
14073,0,Unchanged
14074,2.11151170427896e-05,Unchanged
14075,0.0167185286227447,Downregulated
14076,0.0149005969395973,Downregulated
14077,0,Unchanged
14078,1.39682967884061,Unchanged
14079,1.68901190220753,Unchanged
14080,0.743145705263442,Unchanged
14081,4.99015464929928,Upregulated
14082,3.25678999031406,Upregulated
14083,0.0101454519013182,Downregulated
14084,0.556818995287638,Unchanged
14085,0,Unchanged
14086,1.0506486041443,Unchanged
14087,1.19834845793191,Unchanged
14088,0.0578583209439146,Downregulated
14089,0.773433535927062,Unchanged
14090,2.52898856914322,Upregulated
14091,0,Unchanged
14092,8.93538042925091,Upregulated
14093,0,Unchanged
14094,0,Unchanged
14095,0,Unchanged
14096,0.000114005457421309,Unchanged
14097,0.886330304802988,Unchanged
14098,0,Unchanged
14099,0,Unchanged
14100,0,Unchanged
14101,0,Unchanged
14102,0.0218133097513097,Downregulated
14103,0.0452676003210801,Downregulated
14104,0.0218133097739224,Downregulated
14105,0.245013763284305,Downregulated
14106,0,Unchanged
14107,0,Unchanged
14108,0.0338588089447032,Downregulated
14109,0.0467241520813241,Downregulated
14110,0.00648874204228759,Unchanged
14111,1865024.14430901,Unchanged
14112,26.1609762074485,Upregulated
14113,0,Unchanged
14114,14.7522587088014,Upregulated
14115,0,Unchanged
14116,0.316422571587128,Downregulated
14117,0,Unchanged
14118,10.0498651724032,Upregulated
14119,0.586802975606594,Unchanged
14120,6173158.22870574,Unchanged
14121,13271538.3620185,Unchanged
14122,13271538.3720306,Unchanged
14123,1016286.38815325,Unchanged
14124,0.233323743991315,Downregulated
14125,75934278.2891028,Unchanged
14126,0.0254246522033152,Downregulated
14127,0,Unchanged
14128,0,Unchanged
14129,0,Unchanged
14130,0,Unchanged
14131,1.11922023091154,Unchanged
14132,0,Unchanged
14133,0,Unchanged
14134,1.76413927972362,Unchanged
14135,1.4269898545826,Unchanged
14136,0,Unchanged
14137,0,Unchanged
14138,0,Unchanged
14139,0.936875401808387,Unchanged
14140,1.37404216329314,Unchanged
14141,0.604759255006708,Unchanged
14142,5.18110321991117e-07,Unchanged
14143,0,Unchanged
14144,5.18110321991117e-07,Unchanged
14145,0,Unchanged
14146,26.8335772312198,Upregulated
14147,26.8335772312198,Upregulated
14148,14.5695289290217,Upregulated
14149,1.0739180926236,Unchanged
14150,0,Unchanged
14151,0.737947139183232,Unchanged
14152,2.62096482856578e-07,Unchanged
14153,5742002.06988331,Unchanged
14154,7131428.67924952,Unchanged
14155,1.62983640079674,Unchanged
14156,3.59806649390702e-07,Unchanged
14157,3.5980664516536e-07,Unchanged
14158,2.39603287951695e-07,Unchanged
14159,0,Unchanged
14160,1.73101940057349,Unchanged
14161,0,Unchanged
14162,0.32664128458592,Downregulated
14163,0.32664128458592,Downregulated
14164,2.20193693504678,Upregulated
14165,1.39376236707888,Unchanged
14166,27.9889714782657,Upregulated
14167,27.9889714782657,Upregulated
14168,0,Unchanged
14169,3.59806645165297e-07,Unchanged
14170,1.70907311822305,Unchanged
14171,0,Unchanged
14172,1.50565657093582,Unchanged
14173,0.160098869596386,Downregulated
14174,1.82923977882895,Unchanged
14175,1.82923980777811,Unchanged
14176,3.41173717943445,Upregulated
14177,0,Unchanged
14178,0,Unchanged
14179,0.0671293325647249,Downregulated
14180,0.020412362574304,Downregulated
14181,0.0348816467141868,Downregulated
14182,0,Unchanged
14183,0.161859508865745,Downregulated
14184,0.161806504636196,Downregulated
14185,1.03083401501766,Unchanged
14186,1.03083401501766,Unchanged
14187,0,Unchanged
14188,0,Unchanged
14189,0.161533761378323,Downregulated
14190,0.472139094998312,Downregulated
14191,1.09932652160615,Unchanged
14192,0,Unchanged
14193,0,Unchanged
14194,0,Unchanged
14195,0,Unchanged
14196,3.411737239526,Upregulated
14197,1.09932654396943,Unchanged
14198,0.523567500918545,Unchanged
14199,0.523567500658414,Unchanged
14200,1.09932654167576,Unchanged
14201,0.753649506684365,Unchanged
14202,0.989927928450443,Unchanged
14203,5.71694615851094,Upregulated
14204,0.560427731694717,Unchanged
14205,39.9700938958227,Upregulated
14206,0,Unchanged
14207,5.05315619530001,Upregulated
14208,2.61611929011072,Upregulated
14209,0,Unchanged
14210,5.05315619530001,Upregulated
14211,0,Unchanged
14212,1.25764719599618,Unchanged
14213,2.21511487765783,Upregulated
14214,2.1923095907769,Upregulated
14215,4.53361899068718,Upregulated
14216,2.52657809490887,Upregulated
14217,0,Unchanged
14218,4.55522714502522,Upregulated
14219,9.02608747717719,Upregulated
14220,0,Unchanged
14221,0,Unchanged
14222,0,Unchanged
14223,0,Unchanged
14224,0,Unchanged
14225,0,Unchanged
14226,0,Unchanged
14227,427597.902825076,Unchanged
14228,240656.466860593,Unchanged
14229,0.0529819458745838,Downregulated
14230,0,Unchanged
14231,552.942091181749,Upregulated
14232,0,Unchanged
14233,0,Unchanged
14234,0,Unchanged
14235,0,Unchanged
14236,0,Unchanged
14237,0,Unchanged
14238,0,Unchanged
14239,0,Unchanged
14240,8824.09903737271,Upregulated
14241,8824.09950508015,Upregulated
14242,8109.60260530607,Upregulated
14243,8109.60260530607,Upregulated
14244,1478.56917369473,Upregulated
14245,291.181888955942,Upregulated
14246,191.608941912465,Upregulated
14247,0,Unchanged
14248,127.25892434819,Upregulated
14249,0.258883778550925,Downregulated
14250,0.652364670420806,Unchanged
14251,0.652364673023406,Unchanged
14252,0.652364670420806,Unchanged
14253,0.652364664525471,Unchanged
14254,4.07241058837826e-07,Unchanged
14255,4.07241058837826e-07,Unchanged
14256,4.07241058837826e-07,Unchanged
14257,0,Unchanged
14258,0,Unchanged
14259,0,Unchanged
14260,0,Unchanged
14261,0,Unchanged
14262,0,Unchanged
14263,0,Unchanged
14264,0,Unchanged
14265,0,Unchanged
14266,0,Unchanged
14267,0,Unchanged
14268,0,Unchanged
14269,0,Unchanged
14270,0,Unchanged
14271,0,Unchanged
14272,0,Unchanged
14273,0.104423742256723,Downregulated
14274,2.08257397725584e-08,Unchanged
14275,2.08257397725584e-08,Unchanged
14276,0.00180310587296268,Unchanged
14277,0.0950975542137506,Downregulated
14278,2.5067171784906e-08,Unchanged
14279,0.017665901351934,Downregulated
14280,0.0153981575061079,Downregulated
14281,0,Unchanged
14282,0.0841734140756017,Downregulated
14283,0,Unchanged
14284,0,Unchanged
14285,0,Unchanged
14286,0,Unchanged
14287,0,Unchanged
14288,0,Unchanged
14289,0,Unchanged
14290,1.97314193263308,Unchanged
14291,7.12851355021206,Upregulated
14292,7.12851359051206,Upregulated
14293,7.36888337855619,Upregulated
14294,2.59828156954838,Upregulated
14295,0,Unchanged
14296,5.66307462650073e-07,Unchanged
14297,5.66307462650073e-07,Unchanged
14298,5.66307426225876e-07,Unchanged
14299,0.208429723146772,Downregulated
14300,2.52675136259219,Upregulated
14301,5.66307426225876e-07,Unchanged
14302,4.07241061239461e-07,Unchanged
14303,4.07241061239461e-07,Unchanged
14304,0.149885270291834,Downregulated
14305,0,Unchanged
14306,0.947828874965017,Unchanged
14307,0.0458597565974379,Downregulated
14308,0,Unchanged
14309,0.806366492014374,Unchanged
14310,0.809910983396585,Unchanged
14311,0.000142362175148005,Unchanged
14312,0.130355805939618,Downregulated
14313,0,Unchanged
14314,1.58258776850367,Unchanged
14315,2.07676192317283,Upregulated
14316,3.60658141448083,Upregulated
14317,4.47449547496542,Upregulated
14318,0.00962289618511529,Unchanged
14319,0.906060030599624,Unchanged
14320,0.696271733217546,Unchanged
14321,0,Unchanged
14322,4.42152211537536,Upregulated
14323,0,Unchanged
14324,0,Unchanged
14325,1.84229677008317,Unchanged
14326,0,Unchanged
14327,1.66901952207042e-07,Unchanged
14328,1.11143740816657e-07,Unchanged
14329,0.278180033316835,Downregulated
14330,0,Unchanged
14331,0,Unchanged
14332,0,Unchanged
14333,0,Unchanged
14334,0,Unchanged
14335,0,Unchanged
14336,0,Unchanged
14337,0,Unchanged
14338,0,Unchanged
14339,0,Unchanged
14340,0,Unchanged
14341,0,Unchanged
14342,0,Unchanged
14343,0,Unchanged
14344,0,Unchanged
14345,0,Unchanged
14346,0,Unchanged
14347,0,Unchanged
14348,0.271087491373481,Downregulated
14349,0.195765719252611,Downregulated
14350,0,Unchanged
14351,2.36812216366506e-06,Unchanged
14352,4.18797300241159e-06,Unchanged
14353,0.115165929020753,Downregulated
14354,0.69238513777537,Unchanged
14355,0.123333851617789,Downregulated
14356,0.0787110667118441,Downregulated
14357,0.352946455346535,Downregulated
14358,0,Unchanged
14359,0.534225074845737,Unchanged
14360,0.0316328988700838,Downregulated
14361,1.373448149979,Unchanged
14362,0.879025242029042,Unchanged
14363,1.46816194583979e-07,Unchanged
14364,0,Unchanged
14365,0.738958082422248,Unchanged
14366,1570.19339739242,Upregulated
14367,4.07241068671738e-07,Unchanged
14368,4.07241068671738e-07,Unchanged
14369,1.03635413571668,Unchanged
14370,0,Unchanged
14371,2.0639804561298,Upregulated
14372,4.49854071234768e-07,Unchanged
14373,1.00514040117012,Unchanged
14374,4.498540712774e-07,Unchanged
14375,4.49854071234768e-07,Unchanged
14376,20.0372381332516,Upregulated
14377,1.51640836912551,Unchanged
14378,1.67096560636479,Unchanged
14379,0,Unchanged
14380,0,Unchanged
14381,0,Unchanged
14382,0,Unchanged
14383,1.7090731085216,Unchanged
14384,23.4202127005243,Upregulated
14385,18.4131604218636,Upregulated
14386,0.609746607135187,Unchanged
14387,2.39603287951695e-07,Unchanged
14388,2.39603287951695e-07,Unchanged
14389,2.39603287951695e-07,Unchanged
14390,0.745102204335746,Unchanged
14391,0.745102208813889,Unchanged
14392,0,Unchanged
14393,1153.43255976166,Upregulated
14394,1.55501113455017,Unchanged
14395,6.81826965844982,Upregulated
14396,1.09932648722043,Unchanged
14397,6.81826965844982,Upregulated
14398,0,Unchanged
14399,3.59806645165343e-07,Unchanged
14400,0.0481215981568236,Downregulated
14401,9393625.30357982,Unchanged
14402,0,Unchanged
14403,0,Unchanged
14404,27.9889721949642,Upregulated
14405,27.9889721949642,Upregulated
14406,27.9889721949642,Upregulated
14407,27.9889721949642,Upregulated
14408,19.3981303047399,Upregulated
14409,21.1072034417,Upregulated
14410,21.1072034417,Upregulated
14411,9.53195215280315,Upregulated
14412,27.9889721123948,Upregulated
14413,0.0775241722247973,Downregulated
14414,0,Unchanged
14415,2.39603293380242e-07,Unchanged
14416,0,Unchanged
14417,2.39603293380242e-07,Unchanged
14418,0,Unchanged
14419,13.0749759648327,Upregulated
14420,14.7840489569984,Upregulated
14421,13.074975385831,Upregulated
14422,16.4931221195072,Upregulated
14423,18.2021953413337,Upregulated
14424,0.534580273114804,Unchanged
14425,0,Unchanged
14426,0,Unchanged
14427,2.39603287951695e-07,Unchanged
14428,0,Unchanged
14429,0,Unchanged
14430,13.0749756686009,Upregulated
14431,13.0749756686009,Upregulated
14432,14.7840486220452,Upregulated
14433,14.7840486220452,Upregulated
14434,13.0749755424772,Upregulated
14435,13.0749755424772,Upregulated
14436,16.4931217458326,Upregulated
14437,16.4931217458326,Upregulated
14438,18.2021949289376,Upregulated
14439,18.2021949289376,Upregulated
14440,6.81826966715079,Upregulated
14441,2.39603287951695e-07,Unchanged
14442,2.39603287951695e-07,Unchanged
14443,2.39603281698919e-07,Unchanged
14444,0,Unchanged
14445,0.32664128458592,Downregulated
14446,2.39603287951695e-07,Unchanged
14447,2.39603287951695e-07,Unchanged
14448,1345691.71346776,Unchanged
14449,2.39603293380242e-07,Unchanged
14450,2.42023247592539e-07,Unchanged
14451,2.39603293380242e-07,Unchanged
14452,2.4202324759254e-07,Unchanged
14453,0.609746614202273,Unchanged
14454,2.4202324759254e-07,Unchanged
14455,0,Unchanged
14456,0,Unchanged
14457,0,Unchanged
14458,0,Unchanged
14459,0,Unchanged
14460,0,Unchanged
14461,0,Unchanged
14462,0,Unchanged
14463,0,Unchanged
14464,0,Unchanged
14465,923.834900221309,Upregulated
14466,0,Unchanged
14467,0,Unchanged
14468,0,Unchanged
14469,0,Unchanged
14470,0,Unchanged
14471,0,Unchanged
14472,0,Unchanged
14473,0,Unchanged
14474,0,Unchanged
14475,0,Unchanged
14476,0,Unchanged
14477,0,Unchanged
14478,0,Unchanged
14479,0,Unchanged
14480,1.07709206479353,Unchanged
14481,0.0382466668468016,Downregulated
14482,0,Unchanged
14483,0.150197618191599,Downregulated
14484,0,Unchanged
14485,0,Unchanged
14486,0,Unchanged
14487,0,Unchanged
14488,0,Unchanged
14489,0,Unchanged
14490,134602.253665239,Unchanged
14491,0.402070641652009,Downregulated
14492,0,Unchanged
14493,0.131148996903246,Downregulated
14494,0,Unchanged
14495,3.1014728455634e-07,Unchanged
14496,1.23292580955336e-06,Unchanged
14497,18.8677520077244,Upregulated
14498,116813803.840239,Unchanged
14499,130.026796933096,Upregulated
14500,1486765.80489429,Unchanged
14501,0.250146808629208,Downregulated
14502,0.478005926053349,Downregulated
14503,3.87141913826998,Upregulated
14504,1837540.19610784,Unchanged
14505,3678112.65475917,Unchanged
14506,23475.737867317,Unchanged
14507,1146287.10873031,Unchanged
14508,7473001.52565632,Unchanged
14509,85718.7009796862,Unchanged
14510,0.424915076962606,Downregulated
14511,2544817.34767461,Unchanged
14512,2544817.34767461,Unchanged
14513,2206468468.34461,Unchanged
14514,0.312917010683989,Downregulated
14515,8.30296967665456e-06,Unchanged
14516,8.30296966859208e-06,Unchanged
14517,35.9889552789801,Upregulated
14518,0,Unchanged
14519,35.4592682562323,Upregulated
14520,2609.07800590497,Upregulated
14521,159.316503819865,Upregulated
14522,0,Unchanged
14523,2.95235598193326,Upregulated
14524,3.2385803525375,Upregulated
14525,0.276109234410781,Downregulated
14526,0,Unchanged
14527,0,Unchanged
14528,0,Unchanged
14529,0,Unchanged
14530,0,Unchanged
14531,0.0248306956490062,Downregulated
14532,0,Unchanged
14533,0.794486172578518,Unchanged
14534,1.72054805969662,Unchanged
14535,24.5097224942036,Upregulated
14536,8.26369015862177,Upregulated
14537,9.79782545351146,Upregulated
14538,2.87266924740096,Upregulated
14539,7.76261867993639,Upregulated
14540,439168.804407015,Unchanged
14541,1.11003686413559e-07,Unchanged
14542,0,Unchanged
14543,0.000170259910171436,Unchanged
14544,1.84140758024098,Unchanged
14545,15823558.6277994,Unchanged
14546,60.086836436292,Upregulated
14547,0.00768772738633694,Unchanged
14548,0.075551984645634,Downregulated
14549,1177664.56304111,Unchanged
14550,8147224.01779139,Unchanged
14551,5525267.73764179,Unchanged
14552,68.2781321761315,Upregulated
14553,203.479281168255,Upregulated
14554,0,Unchanged
14555,26.4734175268444,Upregulated
14556,0,Unchanged
14557,0,Unchanged
14558,9516252.502491,Unchanged
14559,2544817.38006947,Unchanged
14560,2544817.38006947,Unchanged
14561,116813803.840239,Unchanged
14562,116813803.840239,Unchanged
14563,0,Unchanged
14564,4588111.1417401,Unchanged
14565,0,Unchanged
14566,0,Unchanged
14567,0,Unchanged
14568,0,Unchanged
14569,0,Unchanged
14570,5.07251162867162e-08,Unchanged
14571,4.12555973170619,Upregulated
14572,0,Unchanged
14573,14.4995471280706,Upregulated
14574,0.121383856232745,Downregulated
14575,5.21776497667948e-07,Unchanged
14576,2.44082388973928,Upregulated
14577,2.79537559354293,Upregulated
14578,0,Unchanged
14579,0,Unchanged
14580,0.147446221146089,Downregulated
14581,324.122765797863,Upregulated
14582,0,Unchanged
14583,66.8178690873863,Upregulated
14584,0,Unchanged
14585,0,Unchanged
14586,1.19176408124975,Unchanged
14587,0,Unchanged
14588,0.00641586274599386,Unchanged
14589,0,Unchanged
14590,0,Unchanged
14591,1.25516592802946e-07,Unchanged
14592,0,Unchanged
14593,0,Unchanged
14594,3.34042367308765,Upregulated
14595,3.34042366699281,Upregulated
14596,674172.023044304,Unchanged
14597,4588111.12498773,Unchanged
14598,2.14865956537923,Upregulated
14599,4086589.47523483,Unchanged
14600,4588111.12738093,Unchanged
14601,4211998.97624939,Unchanged
14602,4588111.16088566,Unchanged
14603,4207952.88240611,Unchanged
14604,4588111.10344898,Unchanged
14605,2.14865956649999,Upregulated
14606,4572706.25742857,Unchanged
14607,4588111.10105579,Unchanged
14608,2.14804339488899,Upregulated
14609,4588113.30954504,Unchanged
14610,4588111.1393469,Unchanged
14611,7.10670291438171,Upregulated
14612,7.10670298610279,Upregulated
14613,7.10670298610279,Upregulated
14614,2.14865954912487,Upregulated
14615,2.71223666095916,Upregulated
14616,8.18109715748113,Upregulated
14617,8.18109715748193,Upregulated
14618,1798901.52660132,Unchanged
14619,2051591.60076738,Unchanged
14620,1798901.51672034,Unchanged
14621,2.08215386372268,Upregulated
14622,2906371.68588378,Unchanged
14623,0.500000234155132,Unchanged
14624,1.04698061193155,Unchanged
14625,0.191558450204936,Downregulated
14626,352586.623062188,Unchanged
14627,2562116.47405353,Unchanged
14628,1182253.60146963,Unchanged
14629,0,Unchanged
14630,0,Unchanged
14631,0,Unchanged
14632,0,Unchanged
14633,0,Unchanged
14634,0,Unchanged
14635,0.178032006990305,Downregulated
14636,0,Unchanged
14637,0.36474946259095,Downregulated
14638,86.4254833698769,Upregulated
14639,1174271.15669449,Unchanged
14640,18356962.8185889,Unchanged
14641,308323.956647908,Unchanged
14642,861713.586468163,Unchanged
14643,0,Unchanged
14644,11.8252985704985,Upregulated
14645,11.8252983632786,Upregulated
14646,3522813.4986208,Unchanged
14647,3522813.49862019,Unchanged
14648,0.0573751094864197,Downregulated
14649,3.57529055577325,Upregulated
14650,3.57529055577325,Upregulated
14651,4.15148504492897e-06,Unchanged
14652,0,Unchanged
14653,0.638428110970273,Unchanged
14654,0,Unchanged
14655,41.2545270692649,Upregulated
14656,41.2545270692649,Upregulated
14657,136.449565336839,Upregulated
14658,136.449563658086,Upregulated
14659,125.401094617954,Upregulated
14660,125.401093432937,Upregulated
14661,125.401094430422,Upregulated
14662,125.401094433874,Upregulated
14663,16.3295775372706,Upregulated
14664,9.2874750832915,Upregulated
14665,25.6749026825079,Upregulated
14666,2.60237343195662,Upregulated
14667,125.401094516261,Upregulated
14668,37.9141010362874,Upregulated
14669,37.9141010362874,Upregulated
14670,41.2545253366813,Upregulated
14671,6.66832067367067,Upregulated
14672,0,Unchanged
14673,8622108.41448287,Unchanged
14674,14973471.7370994,Unchanged
14675,25180241.2795172,Unchanged
14676,25180241.3497755,Unchanged
14677,25180241.3583223,Unchanged
14678,32.2361949198794,Upregulated
14679,35.5766187105929,Upregulated
14680,125.401093405781,Upregulated
14681,0.169817063475241,Downregulated
14682,0,Unchanged
14683,3.74515539311326,Upregulated
14684,25.5553479539248,Upregulated
14685,1.04637838327997,Unchanged
14686,3.26322774519716,Upregulated
14687,6.66832070960994,Upregulated
14688,0,Unchanged
14689,1.24669164655124,Unchanged
14690,1.12800362902459,Unchanged
14691,6.36702275374975,Upregulated
14692,3.5752905306031,Upregulated
14693,3.57529053103707,Upregulated
14694,3.5752905306031,Upregulated
14695,3.57529228054667,Upregulated
14696,1.8292397653577,Unchanged
14697,1.82923978414506,Unchanged
14698,3.57529236707335,Upregulated
14699,3.57529240379369,Upregulated
14700,3.57529236707335,Upregulated
14701,10.601679886176,Upregulated
14702,2.34818606654136,Upregulated
14703,0,Unchanged
14704,0,Unchanged
14705,0,Unchanged
14706,0,Unchanged
14707,0.535362364316997,Unchanged
14708,10.601679886176,Upregulated
14709,74.7971717943022,Upregulated
14710,25.5553484616102,Upregulated
14711,25.5553482150984,Upregulated
14712,32.2361955794295,Upregulated
14713,35.576619487884,Upregulated
14714,8.34223190674603,Upregulated
14715,8.34223190674603,Upregulated
14716,61702194.2746699,Unchanged
14717,0,Unchanged
14718,0,Unchanged
14719,54569265.9489427,Unchanged
14720,68835122.7849496,Unchanged
14721,18.2021953262197,Upregulated
14722,38.2687492641724,Upregulated
14723,74.7971714674629,Upregulated
14724,74.7971714674629,Upregulated
14725,74.7971714674629,Upregulated
14726,25.5553481365494,Upregulated
14727,74.7971714674629,Upregulated
14728,74.7971714674629,Upregulated
14729,74.7971714674629,Upregulated
14730,74.7971714674629,Upregulated
14731,74.7971714674629,Upregulated
14732,74.7971714674629,Upregulated
14733,38.2687492641724,Upregulated
14734,38.2687492641724,Upregulated
14735,74.7971714674629,Upregulated
14736,1783.66949579645,Upregulated
14737,1783.66949579645,Upregulated
14738,0,Unchanged
14739,0,Unchanged
14740,2.23814259940323,Upregulated
14741,0,Unchanged
14742,1.50179602877682,Unchanged
14743,10.6016802464884,Upregulated
14744,4.68310295900665e-07,Unchanged
14745,1.11676785460872e-05,Unchanged
14746,1.11676785460872e-05,Unchanged
14747,1.11676785460872e-05,Unchanged
14748,4.68310295900665e-07,Unchanged
14749,0,Unchanged
14750,0.768369329722033,Unchanged
14751,0,Unchanged
14752,2.34818596184423,Upregulated
14753,0,Unchanged
14754,0,Unchanged
14755,0,Unchanged
14756,14.2098436981265,Upregulated
14757,0,Unchanged
14758,0,Unchanged
14759,12529211.7772451,Unchanged
14760,5089634.68087709,Unchanged
14761,1336366.21947062,Unchanged
14762,21487.1965458554,Unchanged
14763,35253306.5454642,Unchanged
14764,7711370634.25265,Unchanged
14765,0,Unchanged
14766,0,Unchanged
14767,173161.279516307,Unchanged
14768,4125843.95610028,Unchanged
14769,716.02869030088,Upregulated
14770,33151606.321029,Unchanged
14771,33151606.3756925,Unchanged
14772,2095.69693300799,Upregulated
14773,33151606.321029,Unchanged
14774,64899406.6493424,Unchanged
14775,15.4675894326187,Upregulated
14776,2.40108833678513e-06,Unchanged
14777,0,Unchanged
14778,0.213072652939814,Downregulated
14779,7.79217907977496,Upregulated
14780,560291.255485698,Unchanged
14781,0,Unchanged
14782,0,Unchanged
14783,2133481.3862093,Unchanged
14784,0,Unchanged
14785,0,Unchanged
14786,35.9272434020311,Upregulated
14787,12.4072356170175,Upregulated
14788,0,Unchanged
14789,0,Unchanged
14790,0,Unchanged
14791,0,Unchanged
14792,0,Unchanged
14793,3.59590672587728e-07,Unchanged
14794,0,Unchanged
14795,0,Unchanged
14796,0,Unchanged
14797,2.38838621652169,Upregulated
14798,10755756.6899106,Unchanged
14799,10213412.757514,Unchanged
14800,0,Unchanged
14801,33151606.5099709,Unchanged
14802,0,Unchanged
14803,4.69840735785245,Upregulated
14804,8.95880112813176,Upregulated
14805,41843305.3302141,Unchanged
14806,33151606.3756925,Unchanged
14807,0.261977297104212,Downregulated
14808,175216.455956062,Unchanged
14809,0,Unchanged
14810,0,Unchanged
14811,397.870240686484,Upregulated
14812,397.870243290836,Upregulated
14813,0.41199905079072,Downregulated
14814,0,Unchanged
14815,0,Unchanged
14816,0.210967690419208,Downregulated
14817,0,Unchanged
14818,0,Unchanged
14819,0.0277682113442927,Downregulated
14820,0.0142207566950034,Downregulated
14821,0,Unchanged
14822,0,Unchanged
14823,7.51528841647087e-09,Unchanged
14824,136723.87140811,Unchanged
14825,0,Unchanged
14826,0,Unchanged
14827,7.0388059986656,Upregulated
14828,0.001085428597414,Unchanged
14829,0,Unchanged
14830,0,Unchanged
14831,0.019806715597443,Downregulated
14832,0.122534729250658,Downregulated
14833,80.3375831067427,Upregulated
14834,0,Unchanged
14835,0,Unchanged
14836,0,Unchanged
14837,0.0382466673748606,Downregulated
14838,0.0363621766834514,Downregulated
14839,0.000207156217501135,Unchanged
14840,1227314.86816752,Unchanged
14841,0.690189628613074,Unchanged
14842,0.75524842181301,Unchanged
14843,1.51512233060366,Unchanged
14844,0.590175066310975,Unchanged
14845,319434251.141259,Unchanged
14846,616.280513242993,Upregulated
14847,159717182.093422,Unchanged
14848,1.51512227613045,Unchanged
14849,2.78556078197342,Upregulated
14850,0.0463186631622838,Downregulated
14851,1.66970611439116,Unchanged
14852,2.78556078197344,Upregulated
14853,1.32704725457603e-05,Unchanged
14854,0.0880774096578889,Downregulated
14855,0,Unchanged
14856,0.846475797174625,Unchanged
14857,0,Unchanged
14858,0,Unchanged
14859,0,Unchanged
14860,0.590175066310975,Unchanged
14861,2.23353569538176e-05,Unchanged
14862,0,Unchanged
14863,26623088.2674721,Unchanged
14864,5.56057069125776,Upregulated
14865,98411938.1835688,Unchanged
14866,123404388.473234,Unchanged
14867,106478084.572581,Unchanged
14868,0,Unchanged
14869,0,Unchanged
14870,0,Unchanged
14871,1.37310580567849e-05,Unchanged
14872,0,Unchanged
14873,2,Upregulated
14874,2.2335356997587e-05,Unchanged
14875,0,Unchanged
14876,0,Unchanged
14877,0,Unchanged
14878,0,Unchanged
14879,4.80794564746482,Upregulated
14880,24.3039448941648,Upregulated
14881,161918728.503917,Unchanged
14882,5.34571138374266,Upregulated
14883,1.48611552208392,Unchanged
14884,0,Unchanged
14885,0.435240353836347,Downregulated
14886,0,Unchanged
14887,3.16024322160047e-06,Unchanged
14888,0,Unchanged
14889,0.051825943990984,Downregulated
14890,0,Unchanged
14891,10759081.5573499,Unchanged
14892,0,Unchanged
14893,0,Unchanged
14894,69595388.1044409,Unchanged
14895,9558374.51918384,Unchanged
14896,9736934.87486257,Unchanged
14897,16.7897988133632,Upregulated
14898,11.74813014533,Upregulated
14899,0,Unchanged
14900,10028334.4906246,Unchanged
14901,10028334.4906246,Unchanged
14902,4.01552084667856e-07,Unchanged
14903,3.00335315296546,Upregulated
14904,0,Unchanged
14905,3734918.74901416,Unchanged
14906,0,Unchanged
14907,319434251.141259,Unchanged
14908,109138532.193363,Unchanged
14909,109138531.922914,Unchanged
14910,151936102.966079,Unchanged
14911,16.7897988133618,Upregulated
14912,3675080.39503072,Unchanged
14913,3675080.38965655,Unchanged
14914,0,Unchanged
14915,1.99999791565507,Unchanged
14916,1919066.17251126,Unchanged
14917,0,Unchanged
14918,1.99999921408929,Unchanged
14919,0,Unchanged
14920,0,Unchanged
14921,0,Unchanged
14922,661498.361467706,Unchanged
14923,0,Unchanged
14924,0,Unchanged
14925,0,Unchanged
14926,0,Unchanged
14927,2.84545113136458e-10,Unchanged
14928,1.85413577031262e-09,Unchanged
14929,9.2706788815055e-09,Unchanged
14930,1.8844506493416e-09,Unchanged
14931,2.01562603798677e-15,Unchanged
14932,1.4964789987002,Unchanged
14933,0,Unchanged
14934,1.14008963617868e-09,Unchanged
14935,0,Unchanged
14936,9.48809875987418e-10,Unchanged
14937,4.5949912744622e-10,Unchanged
14938,2.16093600749718e-11,Unchanged
14939,0,Unchanged
14940,0,Unchanged
14941,1.04477383907338e-09,Unchanged
14942,2.24020296324696e-10,Unchanged
14943,1.67513205790706,Unchanged
14944,0.0956927819760029,Downregulated
14945,4588111.12020134,Unchanged
14946,4588111.12857753,Unchanged
14947,0,Unchanged
14948,0,Unchanged
14949,2.42240844280248,Upregulated
14950,4.94702318292184e-08,Unchanged
14951,13550734.7790579,Unchanged
14952,0.056667016437446,Downregulated
14953,5089634.70013483,Unchanged
14954,15268903.934749,Unchanged
14955,113.678812549054,Upregulated
14956,2.43641333662088,Upregulated
14957,0,Unchanged
14958,3.2144193937711e-08,Unchanged
14959,16192.2243675613,Upregulated
14960,13193.3736292519,Upregulated
14961,2.52691676519134e-06,Unchanged
14962,0.158493171124121,Downregulated
14963,0,Unchanged
14964,0,Unchanged
14965,0,Unchanged
14966,3.04846920652377,Upregulated
14967,0.152191068286762,Downregulated
14968,0.00544967384924894,Unchanged
14969,0.00466099798120732,Unchanged
14970,72.0516535515399,Upregulated
14971,77470974.3435934,Unchanged
14972,1.408943568957,Unchanged
14973,250.802191671281,Upregulated
14974,136.449563016276,Upregulated
14975,4.26816631335798,Upregulated
14976,13.0749757624391,Upregulated
14977,9.78017982146118,Upregulated
14978,8.64956635703297,Upregulated
14979,84.5244475522114,Upregulated
14980,1.53359678382283,Unchanged
14981,16.1463850606769,Upregulated
14982,1.53625975002156,Unchanged
14983,151336120.954065,Unchanged
14984,19.3116877926327,Upregulated
14985,13.3412655271507,Upregulated
14986,161918728.37261,Unchanged
14987,176184584.805735,Unchanged
14988,21.4221649399429,Upregulated
14989,73723731.3064141,Unchanged
14990,18.9457102314984,Upregulated
14991,137670245.350819,Unchanged
14992,0,Unchanged
14993,160.573543994028,Upregulated
14994,151936103.453318,Unchanged
14995,0,Unchanged
14996,1003047.12392678,Unchanged
14997,1.03276208136556e-07,Unchanged
14998,0.234868640057075,Downregulated
14999,5.91132024228854,Upregulated
15000,80961172.5397887,Unchanged
15001,20.6251675674401,Upregulated
15002,904.128165153096,Upregulated
15003,0,Unchanged
15004,0,Unchanged
15005,5089634.68835488,Unchanged
15006,0.111816115499676,Downregulated
15007,69.7143885572219,Upregulated
15008,39.7207114477612,Upregulated
15009,23.2381294176631,Upregulated
15010,15268904.0076374,Unchanged
15011,0,Unchanged
15012,0,Unchanged
15013,0,Unchanged
15014,0,Unchanged
15015,0,Unchanged
15016,169.414024227537,Upregulated
15017,0,Unchanged
15018,0.0969835334780547,Downregulated
15019,0,Unchanged
15020,382393.876223739,Unchanged
15021,0,Unchanged
15022,0,Unchanged
15023,1.00502454496675,Unchanged
15024,12.254861307366,Upregulated
15025,0,Unchanged
15026,1.26025628920535,Unchanged
15027,0,Unchanged
15028,0,Unchanged
15029,0.282650170152597,Downregulated
15030,0,Unchanged
15031,0.486906185428751,Downregulated
15032,0,Unchanged
15033,0,Unchanged
15034,0.00216724641671452,Unchanged
15035,0,Unchanged
15036,0.0185426971766862,Downregulated
15037,0.100873052019582,Downregulated
15038,0.0415664988385167,Downregulated
15039,0.195767564894629,Downregulated
15040,0.073740559448323,Downregulated
15041,3.08955029764985,Upregulated
15042,1.19176409302033,Unchanged
15043,0.364749460032201,Downregulated
15044,0.0818011003765309,Downregulated
15045,0.222826393013679,Downregulated
15046,7.59119114528594e-09,Unchanged
15047,0,Unchanged
15048,0,Unchanged
15049,0,Unchanged
15050,0.0317476011549738,Downregulated
15051,4.63648898575512,Upregulated
15052,46649.7259552633,Unchanged
15053,0,Unchanged
15054,331630.705445398,Unchanged
15055,0.510053537104391,Unchanged
15056,0,Unchanged
15057,0,Unchanged
15058,0.944204988891181,Unchanged
15059,4477823.98139187,Unchanged
15060,0,Unchanged
15061,2815555.29147274,Unchanged
15062,83709.7050485375,Unchanged
15063,0,Unchanged
15064,0.45986691423743,Downregulated
15065,1601912.80772055,Unchanged
15066,1950916.82866549,Unchanged
15067,1336366.21916608,Unchanged
15068,76848530.1671258,Unchanged
15069,23415.8073137595,Unchanged
15070,410555.878638009,Unchanged
15071,1346539.85705299,Unchanged
15072,0,Unchanged
15073,61707.5713852936,Unchanged
15074,2.02330017640215e-11,Unchanged
15075,81338.0595183304,Unchanged
15076,5089634.72185411,Unchanged
15077,0,Unchanged
15078,687329.175852471,Unchanged
15079,3388717.075507,Unchanged
15080,12661341.759999,Unchanged
15081,2544817.36184736,Unchanged
15082,0,Unchanged
15083,206990.821043765,Unchanged
15084,0.270089788745581,Downregulated
15085,0.5,Downregulated
15086,10451545.4620505,Unchanged
15087,1530626.16735765,Unchanged
15088,803548.3355841,Unchanged
15089,26809.9384775567,Unchanged
15090,44590.2868792401,Unchanged
15091,6138059.23002989,Unchanged
15092,0,Unchanged
15093,750143.81836075,Unchanged
15094,0,Unchanged
15095,0,Unchanged
15096,927493.315494622,Unchanged
15097,0,Unchanged
15098,0,Unchanged
15099,0,Unchanged
15100,7668646700.96642,Unchanged
15101,7668646700.96642,Unchanged
15102,1016526.7826631,Unchanged
15103,3854487.74398783,Unchanged
15104,0.0968897013238983,Downregulated
15105,0.163359487664885,Downregulated
15106,2753360.85671407,Unchanged
15107,798206.086098219,Unchanged
15108,1990624.95260327,Unchanged
15109,3715223.79191773,Unchanged
15110,2812041.23573457,Unchanged
15111,10179269.4422357,Unchanged
15112,1928686.35203752,Unchanged
15113,2544817.35356459,Unchanged
15114,1815545.63248894,Unchanged
15115,3972928.51732948,Unchanged
15116,2811434.13818396,Unchanged
15117,937144.722624138,Unchanged
15118,1510297.73622496,Unchanged
15119,755148.862978343,Unchanged
15120,5089634.7247991,Unchanged
15121,837930.746260628,Unchanged
15122,13715739.9869913,Unchanged
15123,1712609.09910181,Unchanged
15124,5089634.7137554,Unchanged
15125,2544817.34417744,Unchanged
15126,2544817.35595739,Unchanged
15127,39326.9049370312,Unchanged
15128,399103.042256859,Unchanged
15129,0,Unchanged
15130,16309150.7888625,Unchanged
15131,16309150.7641483,Unchanged
15132,1141533.5367903,Unchanged
15133,9516252.54282699,Unchanged
15134,1030697.50595528,Unchanged
15135,77337.5015824918,Unchanged
15136,179039.52562517,Unchanged
15137,64995.6194647259,Unchanged
15138,0.0255403867073414,Downregulated
15139,0,Unchanged
15140,4.432345178111,Upregulated
15141,490712.68396243,Unchanged
15142,1604597.31137711,Unchanged
15143,18467930.6051517,Unchanged
15144,60300933.9332113,Unchanged
15145,3121068.26308635,Unchanged
15146,4953654.64547502,Unchanged
15147,305379.000430605,Unchanged
15148,2626745.0136791,Unchanged
15149,536121.817394038,Unchanged
15150,0,Unchanged
15151,0,Unchanged
15152,0.448571894394025,Downregulated
15153,3411226.63468766,Unchanged
15154,657293.296854764,Unchanged
15155,0,Unchanged
15156,995121.516044328,Unchanged
15157,409041.742030861,Unchanged
15158,4758298.41770294,Unchanged
15159,11372369.7922032,Unchanged
15160,8083594.147903,Unchanged
15161,808684.994052199,Unchanged
15162,471883.753003044,Unchanged
15163,887957.664615577,Unchanged
15164,0,Unchanged
15165,6.76152743327356,Upregulated
15166,0,Unchanged
15167,1262049.29713087,Unchanged
15168,0,Unchanged
15169,0,Unchanged
15170,2,Upregulated
15171,0.867332355485005,Unchanged
15172,0,Unchanged
15173,0.218787976604697,Downregulated
15174,96603.7112167419,Unchanged
15175,96603.7106120709,Unchanged
15176,36916.6129576553,Unchanged
15177,39756.3524177132,Unchanged
15178,57703.3707422542,Unchanged
15179,0,Unchanged
15180,3566510.89693266,Unchanged
15181,2780374.11122391,Unchanged
15182,12538881.0981014,Unchanged
15183,0,Unchanged
15184,17712935.4918886,Unchanged
15185,32297961.2864401,Unchanged
15186,53470141.0357922,Unchanged
15187,53470141.0333706,Unchanged
15188,47929383.9627726,Unchanged
15189,124065983.820303,Unchanged
15190,159717125.570629,Unchanged
15191,159717125.570629,Unchanged
15192,123404388.473234,Unchanged
15193,68835122.6893759,Unchanged
15194,68835122.6893759,Unchanged
15195,60956390.2089103,Unchanged
15196,159717125.570629,Unchanged
15197,159717125.570629,Unchanged
15198,159717126.858871,Unchanged
15199,159717126.858871,Unchanged
15200,159717126.858871,Unchanged
15201,54569265.7990808,Unchanged
15202,25076592.336576,Unchanged
15203,26427381.4293318,Unchanged
15204,20316650.7677986,Unchanged
15205,54569266.4749595,Unchanged
15206,22545015.5856263,Unchanged
15207,61702194.1716931,Unchanged
15208,75968052.1118053,Unchanged
15209,65758844.4440002,Unchanged
15210,24547476.5527139,Unchanged
15211,88092292.6556088,Unchanged
15212,4630659.15125658,Unchanged
15213,54569265.6205561,Unchanged
15214,161918728.503917,Unchanged
15215,0,Unchanged
15216,0,Unchanged
15217,34077132.7937585,Unchanged
15218,25562458.6951194,Unchanged
15219,71644613.583931,Unchanged
15220,27241983.4739079,Unchanged
15221,22990087.5290296,Unchanged
15222,189845616.21795,Unchanged
15223,96231260.4099377,Unchanged
15224,161918728.835229,Unchanged
15225,138365440.510189,Unchanged
15226,176184585.311218,Unchanged
15227,176184585.901723,Unchanged
15228,71644614.1613002,Unchanged
15229,24629198.774302,Unchanged
15230,8414860.20149683,Unchanged
15231,8414860.20156594,Unchanged
15232,30877501.5117565,Unchanged
15233,68835122.4305553,Unchanged
15234,75968052.1118053,Unchanged
15235,75968051.4557021,Unchanged
15236,190077.941369839,Unchanged
15237,0,Unchanged
15238,3673900.3845741,Unchanged
15239,6745394.22484814,Unchanged
15240,9374713.09311503,Unchanged
15241,6802228.78025011,Unchanged
15242,65246.5377170325,Unchanged
15243,59457.59092896,Unchanged
15244,0,Unchanged
15245,0,Unchanged
15246,469961.223839511,Unchanged
15247,3694577.43136224,Unchanged
15248,160629928.912043,Unchanged
15249,0.826289858074102,Unchanged
15250,0.752924133869834,Unchanged
15251,0.826289858076776,Unchanged
15252,0,Unchanged
15253,0.367896614469137,Downregulated
15254,9719567.09765417,Unchanged
15255,63044337.1836876,Unchanged
15256,0,Unchanged
15257,0.156829739572133,Downregulated
15258,0,Unchanged
15259,989321.655521465,Unchanged
15260,525097.435763196,Unchanged
15261,2418830.30629671,Unchanged
15262,25967242.2341199,Unchanged
15263,4470771.69259382,Unchanged
15264,28088847.2384839,Unchanged
15265,0,Unchanged
15266,856304.552786649,Unchanged
15267,0.315550773944531,Downregulated
15268,2467.48740139601,Upregulated
15269,18019100.2693845,Unchanged
15270,0.0284050981243447,Downregulated
15271,0.0284050981243447,Downregulated
15272,1.27486175245779,Unchanged
15273,0,Unchanged
15274,497515.361624311,Unchanged
15275,5849207.43509629,Unchanged
15276,0,Unchanged
15277,0,Unchanged
15278,1141533.54562652,Unchanged
15279,0.336489592348162,Downregulated
15280,2058097.69901299,Unchanged
15281,2428157.94377192,Unchanged
15282,24031943.9466464,Unchanged
15283,313.104838847429,Upregulated
15284,828536.230721712,Unchanged
15285,258650.554874558,Unchanged
15286,12252057.3639551,Unchanged
15287,3473448.97227553,Unchanged
15288,0,Unchanged
15289,2950356.71078469,Unchanged
15290,37370740.050916,Unchanged
15291,42813472.6014243,Unchanged
15292,64899406.6239008,Unchanged
15293,74187780.9880059,Unchanged
15294,29761670.0160324,Unchanged
15295,64899406.6239008,Unchanged
15296,47091045.7681487,Unchanged
15297,54874.6516436931,Unchanged
15298,394924.024970518,Unchanged
15299,0,Unchanged
15300,571739.243677026,Unchanged
15301,1776241.77232041,Unchanged
15302,1776241.77231313,Unchanged
15303,4232168.37509011,Unchanged
15304,0,Unchanged
15305,0,Unchanged
15306,3306533.94836154,Unchanged
15307,70807.0804585388,Unchanged
15308,0,Unchanged
15309,0,Unchanged
15310,0,Unchanged
15311,5089634.67473432,Unchanged
15312,0,Unchanged
15313,0,Unchanged
15314,0,Unchanged
15315,1029153.89085748,Unchanged
15316,0,Unchanged
15317,0,Unchanged
15318,0,Unchanged
15319,1368.60345328372,Upregulated
15320,6283956.18268126,Unchanged
15321,0,Unchanged
15322,0,Unchanged
15323,0,Unchanged
15324,0.448571894385351,Downregulated
15325,0,Unchanged
15326,0.569271378429801,Unchanged
15327,0,Unchanged
15328,0.0279629296911318,Downregulated
15329,0,Unchanged
15330,1368.6034619947,Upregulated
15331,1001567.76561272,Unchanged
15332,1141533.5391795,Unchanged
15333,146873.463859154,Unchanged
15334,705172.906556728,Unchanged
15335,0,Unchanged
15336,196328.864850318,Unchanged
15337,14265856.9047022,Unchanged
15338,361779.466132533,Unchanged
15339,6579872.23519483,Unchanged
15340,1955399.39432137,Unchanged
15341,3448033.18256126,Unchanged
15342,2726517.54699803,Unchanged
15343,1499117.3361276,Unchanged
15344,0,Unchanged
15345,0,Unchanged
15346,9604955.38715941,Unchanged
15347,9604955.38715941,Unchanged
15348,9604955.38715941,Unchanged
15349,27840425.41849,Unchanged
15350,1093492.04450915,Unchanged
15351,9176222.31698492,Unchanged
15352,0,Unchanged
15353,717304.977822905,Unchanged
15354,164355.934707614,Unchanged
15355,786491.483434242,Unchanged
15356,0,Unchanged
15357,0,Unchanged
15358,58754.054776941,Unchanged
15359,7199712.84252409,Unchanged
15360,2198670.55600748,Unchanged
15361,1213020.56782115,Unchanged
15362,14239108.3757074,Unchanged
15363,56912988.5534141,Unchanged
15364,308710.610464802,Unchanged
15365,0,Unchanged
15366,30721.7262577977,Unchanged
15367,0,Unchanged
15368,0,Unchanged
15369,0,Unchanged
15370,0,Unchanged
15371,0,Unchanged
15372,0,Unchanged
15373,0,Unchanged
15374,0,Unchanged
15375,0,Unchanged
15376,0,Unchanged
15377,0,Unchanged
15378,0,Unchanged
15379,0,Unchanged
15380,0,Unchanged
15381,0.0191859520378419,Downregulated
15382,6597229.42785469,Unchanged
15383,5089634.68651426,Unchanged
15384,0,Unchanged
15385,4647121.00925631,Unchanged
15386,0,Unchanged
15387,0,Unchanged
15388,0,Unchanged
15389,74496.1392119632,Unchanged
15390,81632.8072547798,Unchanged
15391,4531.7193112441,Upregulated
15392,0,Unchanged
15393,32873.8910748705,Unchanged
15394,1119851.27947261,Unchanged
15395,1070510.52014803,Unchanged
15396,1046963.32059351,Unchanged
15397,1876633.46070624,Unchanged
15398,0,Unchanged
15399,290422.82570996,Unchanged
15400,0,Unchanged
15401,2344938.63185563,Unchanged
15402,1186403.12312394,Unchanged
15403,0,Unchanged
15404,9928507.6333731,Unchanged
15405,0.679466767394719,Unchanged
15406,13194458.9645663,Unchanged
15407,0,Unchanged
15408,0,Unchanged
15409,0,Unchanged
15410,501523.562463795,Unchanged
15411,748941.150577358,Unchanged
15412,63769.5436336673,Unchanged
15413,9176222.29305298,Unchanged
15414,2,Upregulated
15415,0,Unchanged
15416,1812780.69253555,Unchanged
15417,127539.087267335,Unchanged
15418,21847.8876045592,Unchanged
15419,13194458.9645663,Unchanged
15420,1.99999920092255,Unchanged
15421,1.66094449766482,Unchanged
15422,22478538.1098015,Unchanged
15423,4070.37441537411,Upregulated
15424,15673053.7181215,Unchanged
15425,12268230.5766968,Unchanged
15426,3734918.74901416,Unchanged
15427,4446144.86063335,Unchanged
15428,32618301.558536,Unchanged
15429,35253306.854535,Unchanged
15430,4125843.95610028,Unchanged
15431,3.02266476937711,Upregulated
15432,10.0518653535735,Upregulated
15433,9176222.23082991,Unchanged
15434,5427291.01022673,Unchanged
15435,2380979.72799412,Unchanged
15436,9176222.26912103,Unchanged
15437,9065935.16104582,Unchanged
15438,2.45105360146324,Upregulated
15439,654977.670711151,Unchanged
15440,2123722.20757595,Unchanged
15441,437757.31469375,Unchanged
15442,4069063.13526662,Unchanged
15443,2294055.57685304,Unchanged
15444,1.00019810815866e-08,Unchanged
15445,5966707.86218428,Unchanged
15446,2737652.15350809,Unchanged
15447,3021607.84611196,Unchanged
15448,956207.980741414,Unchanged
15449,155077.805545118,Unchanged
15450,3105723.54831175,Unchanged
15451,1107199.99971925,Unchanged
15452,0,Unchanged
15453,0,Unchanged
15454,0,Unchanged
15455,501523.562449507,Unchanged
15456,0,Unchanged
15457,0,Unchanged
15458,1475039.51274555,Unchanged
15459,1495321.76421901,Unchanged
15460,0,Unchanged
15461,0,Unchanged
15462,0.794297156549888,Unchanged
15463,961933.428746432,Unchanged
15464,0,Unchanged
15465,163755.006736783,Unchanged
15466,4019121.17612399,Unchanged
15467,74174.1334100849,Unchanged
15468,1077411.46723611,Unchanged
15469,0,Unchanged
15470,0,Unchanged
15471,0.528296361580963,Unchanged
15472,0,Unchanged
15473,0.999999991556783,Unchanged
15474,0,Unchanged
15475,0.0130415198788065,Downregulated
15476,4208860.70125708,Unchanged
15477,48639.1010527897,Unchanged
15478,65305.6178842413,Unchanged
15479,2294055.56010067,Unchanged
15480,0,Unchanged
15481,0.0841397278347447,Downregulated
15482,0,Unchanged
15483,2734896.43430088,Unchanged
15484,9516252.54282699,Unchanged
15485,0.0175219988479235,Downregulated
15486,1809335.03397155,Unchanged
15487,0,Unchanged
15488,594714.728751784,Unchanged
15489,0,Unchanged
15490,0,Unchanged
15491,0.210185632019505,Downregulated
15492,1033159.85217343,Unchanged
15493,0,Unchanged
15494,9176222.26912103,Unchanged
15495,0.999999600461273,Unchanged
15496,2544817.33552654,Unchanged
15497,19857015.2667462,Unchanged
15498,0,Unchanged
15499,19857015.2667462,Unchanged
15500,12807486.737463,Unchanged
15501,73533.2528820294,Unchanged
15502,0.68383274244265,Unchanged
15503,315021.517438882,Unchanged
15504,26934.1305228343,Unchanged
15505,0,Unchanged
15506,0,Unchanged
15507,0,Unchanged
15508,0.154205120381848,Downregulated
15509,0,Unchanged
15510,0,Unchanged
15511,0,Unchanged
15512,647104.396982008,Unchanged
15513,0,Unchanged
15514,2562116.47026525,Unchanged
15515,0,Unchanged
15516,0,Unchanged
15517,0,Unchanged
15518,0,Unchanged
15519,4283420.36802707,Unchanged
15520,4283420.33256693,Unchanged
15521,1075956.53385897,Unchanged
15522,0,Unchanged
15523,2989895.47845738,Unchanged
15524,0,Unchanged
15525,0,Unchanged
15526,86580.6303121472,Unchanged
15527,1300698.65648553,Unchanged
15528,675310.01912989,Unchanged
15529,1300698.65648553,Unchanged
15530,294009.235440313,Unchanged
15531,2138923.45798467,Unchanged
15532,675531.235745077,Unchanged
15533,2562116.48897934,Unchanged
15534,647337.697938536,Unchanged
15535,0,Unchanged
15536,0,Unchanged
15537,0,Unchanged
15538,0,Unchanged
15539,70702.8920305291,Unchanged
15540,49058.9481678688,Unchanged
15541,68520.5516725076,Unchanged
15542,2.18813668067709,Upregulated
15543,2.1565472337131,Upregulated
15544,0,Unchanged
15545,0,Unchanged
15546,837822.826727021,Unchanged
15547,42596093.4735092,Unchanged
15548,0,Unchanged
15549,0.523014005369076,Unchanged
15550,0,Unchanged
15551,8.7262220507256e-08,Unchanged
15552,0,Unchanged
15553,8.72622223946351e-08,Unchanged
15554,0,Unchanged
15555,0.218407337272206,Downregulated
15556,1430389.13859031,Unchanged
15557,1219304.25071704,Unchanged
15558,0,Unchanged
15559,0,Unchanged
15560,5269386.49255073,Unchanged
15561,0,Unchanged
15562,0,Unchanged
15563,0,Unchanged
15564,131241.168654684,Unchanged
15565,0,Unchanged
15566,0.0239502697457755,Downregulated
15567,0,Unchanged
15568,62019.9757006891,Unchanged
15569,5028410.79506003,Unchanged
15570,165706.623530217,Unchanged
15571,0,Unchanged
15572,2830040.90043649,Unchanged
15573,0,Unchanged
15574,408043.416920185,Unchanged
15575,0,Unchanged
15576,703797.25055879,Unchanged
15577,8566840.73605414,Unchanged
15578,0,Unchanged
15579,82121.8023515676,Unchanged
15580,0,Unchanged
15581,0,Unchanged
15582,87054.0104931918,Unchanged
15583,0.203059706320468,Downregulated
15584,50259.5676512694,Unchanged
15585,1970503.36546229,Unchanged
15586,883912.427493172,Unchanged
15587,0,Unchanged
15588,145135.087116352,Unchanged
15589,0.322953362043171,Downregulated
15590,3700953.12969203,Unchanged
15591,2880229.70321805,Unchanged
15592,0,Unchanged
15593,76848529.8314258,Unchanged
15594,0,Unchanged
15595,52399389.2795402,Unchanged
15596,0,Unchanged
15597,0,Unchanged
15598,569099.808518854,Unchanged
15599,232406.707891207,Unchanged
15600,228056.357163501,Unchanged
15601,0,Unchanged
15602,0,Unchanged
15603,0.169431032190987,Downregulated
15604,0,Unchanged
15605,0.715794081605425,Unchanged
15606,0,Unchanged
15607,1567966.08879502,Unchanged
15608,4588111.16088566,Unchanged
15609,8379220.8720785,Unchanged
15610,76766.2870618977,Unchanged
15611,0,Unchanged
15612,4588111.12977412,Unchanged
15613,4588111.15370607,Unchanged
15614,802604.995302038,Unchanged
15615,620158.537434235,Unchanged
15616,3132344.28742922,Unchanged
15617,1805750.12210402,Unchanged
15618,34540.3454283478,Unchanged
15619,2058097.70758626,Unchanged
15620,2307471.81604013,Unchanged
15621,2058097.71189608,Unchanged
15622,1221366.49223279,Unchanged
15623,2058097.71512102,Unchanged
15624,2646937.70653458,Unchanged
15625,677688.739498226,Unchanged
15626,677688.737393256,Unchanged
15627,2058097.70007629,Unchanged
15628,2058097.707585,Unchanged
15629,1887569.39235184,Unchanged
15630,2058097.69520474,Unchanged
15631,2051186.53868473,Unchanged
15632,0,Unchanged
15633,0,Unchanged
15634,43846014.3832611,Unchanged
15635,0.448571894392048,Downregulated
15636,4207952.90555604,Unchanged
15637,4207952.90555604,Unchanged
15638,0,Unchanged
15639,0,Unchanged
15640,1457981.79025168,Unchanged
15641,0,Unchanged
15642,0,Unchanged
15643,22478538.1098015,Unchanged
15644,0,Unchanged
15645,6421548.21063759,Unchanged
15646,400440.915293598,Unchanged
15647,400440.908666128,Unchanged
15648,675531.239510498,Unchanged
15649,17020.3207721323,Upregulated
15650,106278.033922963,Unchanged
15651,55697.9540767759,Unchanged
15652,1515437.28549347,Unchanged
15653,122198.133948359,Unchanged
15654,536121.816871212,Unchanged
15655,6.00667653984627,Upregulated
15656,3.0032984776716,Upregulated
15657,5469792.86860176,Unchanged
15658,5.91132024228848,Upregulated
15659,0,Unchanged
15660,0,Unchanged
15661,558184.61005667,Unchanged
15662,24564.6475238969,Unchanged
15663,558184.610058645,Unchanged
15664,100675.9256987,Unchanged
15665,4968269.38802751,Unchanged
15666,2021341.18524037,Unchanged
15667,5089634.68835488,Unchanged
15668,1501497.19382372,Unchanged
15669,72444.134298996,Unchanged
15670,276842.319301544,Unchanged
15671,276842.318740887,Unchanged
15672,246566.592224515,Unchanged
15673,246566.593829547,Unchanged
15674,246566.594186221,Unchanged
15675,0,Unchanged
15676,0,Unchanged
15677,0,Unchanged
15678,276842.319982342,Unchanged
15679,0,Unchanged
15680,0,Unchanged
15681,0,Unchanged
15682,0,Unchanged
15683,0,Unchanged
15684,0,Unchanged
15685,0,Unchanged
15686,0,Unchanged
15687,0,Unchanged
15688,0,Unchanged
15689,0,Unchanged
15690,0,Unchanged
15691,0,Unchanged
15692,0,Unchanged
15693,0,Unchanged
15694,0,Unchanged
15695,0,Unchanged
15696,0,Unchanged
15697,0,Unchanged
15698,0,Unchanged
15699,0,Unchanged
15700,0,Unchanged
15701,0,Unchanged
15702,0,Unchanged
15703,0,Unchanged
15704,0,Unchanged
15705,0,Unchanged
15706,0,Unchanged
15707,0,Unchanged
15708,0,Unchanged
15709,0,Unchanged
15710,0,Unchanged
15711,0,Unchanged
15712,0,Unchanged
15713,0,Unchanged
15714,0,Unchanged
15715,0,Unchanged
15716,0,Unchanged
15717,0,Unchanged
15718,0,Unchanged
15719,0,Unchanged
15720,0,Unchanged
15721,0,Unchanged
15722,0,Unchanged
15723,0,Unchanged
15724,0,Unchanged
15725,0,Unchanged
15726,0,Unchanged
15727,0,Unchanged
15728,0,Unchanged
15729,0,Unchanged
15730,0,Unchanged
15731,0,Unchanged
15732,0,Unchanged
15733,0,Unchanged
15734,0,Unchanged
15735,0,Unchanged
15736,0,Unchanged
15737,0,Unchanged
15738,0.0968897013315443,Downregulated
15739,0.0968897013238983,Downregulated
15740,0,Unchanged
15741,205026.765400699,Unchanged
15742,24288.2768603642,Unchanged
15743,0,Unchanged
15744,0,Unchanged
15745,0,Unchanged
15746,0,Unchanged
15747,0,Unchanged
15748,0,Unchanged
15749,0.819256571397498,Unchanged
15750,421581.273973024,Unchanged
15751,28029.8254923662,Unchanged
15752,389862.854071195,Unchanged
15753,71507.7225478058,Unchanged
15754,0,Unchanged
15755,80521.3804839588,Unchanged
15756,0,Unchanged
15757,0,Unchanged
15758,0,Unchanged
15759,0,Unchanged
15760,121010.563839211,Unchanged
15761,0,Unchanged
15762,0,Unchanged
15763,0,Unchanged
15764,0,Unchanged
15765,19691.200490761,Upregulated
15766,3461.58937330098,Upregulated
15767,23240.3225495172,Unchanged
15768,23240.3225512885,Unchanged
15769,23240.3225512885,Unchanged
15770,23240.3225512885,Unchanged
15771,61083.9990747342,Unchanged
15772,23240.3225580579,Unchanged
15773,23240.3225580579,Unchanged
15774,58788.9367823997,Unchanged
15775,58788.9367823997,Unchanged
15776,58788.9367823997,Unchanged
15777,0,Unchanged
15778,0,Unchanged
15779,20808.8086533067,Unchanged
15780,0,Unchanged
15781,0,Unchanged
15782,64701.0234776403,Unchanged
15783,14265856.9278391,Unchanged
15784,8778506.11360871,Unchanged
15785,2102595.75927616,Unchanged
15786,678400.237169415,Unchanged
15787,809156.060297749,Unchanged
15788,0,Unchanged
15789,36627.2596762052,Unchanged
15790,2294055.5457415,Unchanged
15791,0,Unchanged
15792,0,Unchanged
15793,2544817.3506196,Unchanged
15794,959533.089395788,Unchanged
15795,9899.22657681875,Upregulated
15796,52646.4420545901,Unchanged
15797,121318.944135791,Unchanged
15798,0,Unchanged
15799,360846.245792712,Unchanged
15800,120282.082162203,Unchanged
15801,726102.339248374,Unchanged
15802,360846.245790861,Unchanged
15803,0,Unchanged
15804,0,Unchanged
15805,396426.229739508,Unchanged
15806,136482.320964583,Unchanged
15807,516.037154464742,Upregulated
15808,180423.122421729,Unchanged
15809,959533.088453741,Unchanged
15810,180423.122895431,Unchanged
15811,0,Unchanged
15812,97.0316041911885,Upregulated
15813,959533.088558413,Unchanged
15814,180423.122895431,Unchanged
15815,2736739.73207049,Unchanged
15816,1790116.28792759,Unchanged
15817,5390.51807658219,Upregulated
15818,784250.192215843,Unchanged
15819,180423.122895431,Unchanged
15820,0,Unchanged
15821,27822.169385928,Unchanged
15822,131763.838958577,Unchanged
15823,17345.0517897317,Upregulated
15824,0,Unchanged
15825,13128.8533265465,Upregulated
15826,0,Unchanged
15827,0,Unchanged
15828,0,Unchanged
15829,0,Unchanged
15830,0,Unchanged
15831,0,Unchanged
15832,50349.8532102485,Unchanged
15833,244654.833129018,Unchanged
15834,1526395.93045522,Unchanged
15835,720334.349277863,Unchanged
15836,13111832.4374309,Unchanged
15837,0,Unchanged
15838,1208699.56948324,Unchanged
15839,402899.858155448,Unchanged
15840,0,Unchanged
15841,188400.808619376,Unchanged
15842,2021911.69969758,Unchanged
15843,3042578.72718411,Unchanged
15844,0,Unchanged
15845,6036134.81004887,Unchanged
15846,12931.7811396815,Upregulated
15847,4436769.78742183,Unchanged
15848,7389154.90184728,Unchanged
15849,1323644.29531937,Unchanged
15850,1457140.14069706,Unchanged
15851,0,Unchanged
15852,0,Unchanged
15853,2021911.69971463,Unchanged
15854,0,Unchanged
15855,707510.226135454,Unchanged
15856,707510.219126251,Unchanged
15857,0,Unchanged
15858,392865.790959513,Unchanged
15859,11850436.7938574,Unchanged
15860,267798.269260297,Unchanged
15861,707510.229091717,Unchanged
15862,0,Unchanged
15863,220539.981841017,Unchanged
15864,656889.037910968,Unchanged
15865,457761.287670996,Unchanged
15866,320469.116770765,Unchanged
15867,1493111.86687076,Unchanged
15868,1465162.75830442,Unchanged
15869,2526432.87013097,Unchanged
15870,189076.347630154,Unchanged
15871,189076.347630154,Unchanged
15872,87900.5726383722,Unchanged
15873,58409.8950070166,Unchanged
15874,6667035.5949645,Unchanged
15875,3333517.79709083,Unchanged
15876,6667035.5949645,Unchanged
15877,5249789.21682154,Unchanged
15878,150610.820198979,Unchanged
15879,552112.926953304,Unchanged
15880,205277.939022725,Unchanged
15881,305378.999363511,Unchanged
15882,0,Unchanged
15883,0,Unchanged
15884,307054.804492208,Unchanged
15885,896901.268502968,Unchanged
15886,1336366.21957214,Unchanged
15887,1803966.99906662,Unchanged
15888,0,Unchanged
15889,0,Unchanged
15890,7.95179908848975,Upregulated
15891,7335855.01847589,Unchanged
15892,0,Unchanged
15893,4434755.05638847,Unchanged
15894,1197158.64888921,Unchanged
15895,2422444.38136448,Unchanged
15896,5510296.04367836,Unchanged
15897,2117050.87024105,Unchanged
15898,1938130.76365863,Unchanged
15899,1554866.41542137,Unchanged
15900,3093819.30361072,Unchanged
15901,2352378.9385863,Unchanged
15902,28207.6145744749,Unchanged
15903,38169.2961861833,Unchanged
15904,28207.6143451097,Unchanged
15905,28207.6143483538,Unchanged
15906,28207.6143451097,Unchanged
15907,28207.6143451097,Unchanged
15908,41617.617187219,Unchanged
15909,41235.6754496952,Unchanged
15910,4588111.16327885,Unchanged
15911,0,Unchanged
15912,793949.081381661,Unchanged
15913,2562116.47927756,Unchanged
15914,8528947.75141189,Unchanged
15915,2370792.69642998,Unchanged
15916,1681211.2683245,Unchanged
15917,1681211.26829696,Unchanged
15918,3253588.63617577,Unchanged
15919,29512.4948750875,Unchanged
15920,52045.4644292189,Unchanged
15921,52045.464445869,Unchanged
15922,5399073.97536816,Unchanged
15923,5737723.37453281,Unchanged
15924,3495396.03634681,Unchanged
15925,2983240.68227742,Unchanged
15926,11343698.7242874,Unchanged
15927,51447.9376315019,Unchanged
15928,67805.2894695872,Unchanged
15929,67810.6453880124,Unchanged
15930,164894.337565767,Unchanged
15931,203415.86840813,Unchanged
15932,12538888.8223219,Unchanged
15933,4503913.59629396,Unchanged
15934,5124232.9702991,Unchanged
15935,8210446.86849714,Unchanged
15936,1001886.14510854,Unchanged
15937,5124232.94362932,Unchanged
15938,145873.188242878,Unchanged
15939,931312.785013981,Unchanged
15940,2562116.48524789,Unchanged
15941,2562116.48524789,Unchanged
15942,19142675.5127279,Unchanged
15943,19142675.5127279,Unchanged
15944,9571337.75636394,Unchanged
15945,0,Unchanged
15946,166839.556923626,Unchanged
15947,58095.6260182963,Unchanged
15948,58095.6260209592,Unchanged
15949,53945.9384456226,Unchanged
15950,53945.9384456226,Unchanged
15951,0,Unchanged
15952,588170.647015047,Unchanged
15953,3694577.4504823,Unchanged
15954,1336366.22271911,Unchanged
15955,750143.819184659,Unchanged
15956,3273803.98691067,Unchanged
15957,0,Unchanged
15958,0,Unchanged
15959,0.470933440729082,Downregulated
15960,96802.5340875192,Unchanged
15961,0,Unchanged
15962,474449.767456946,Unchanged
15963,0,Unchanged
15964,0,Unchanged
15965,5.02573253271915,Upregulated
15966,0,Unchanged
15967,0,Unchanged
15968,0,Unchanged
15969,1143198.3235206,Unchanged
15970,1143198.32881793,Unchanged
15971,5418111.40122329,Unchanged
15972,6731589.74724376,Unchanged
15973,2672732.44493064,Unchanged
15974,0,Unchanged
15975,0,Unchanged
15976,0,Unchanged
15977,85084.9978115903,Unchanged
15978,342611.471837594,Unchanged
15979,389651.982570984,Unchanged
15980,0,Unchanged
15981,2252631.41775062,Unchanged
15982,22004962.5087599,Unchanged
15983,0,Unchanged
15984,0,Unchanged
15985,8820279.44122426,Unchanged
15986,8820279.44122426,Unchanged
15987,8820279.44122426,Unchanged
15988,3644053.72382417,Unchanged
15989,0,Unchanged
15990,0,Unchanged
15991,0,Unchanged
15992,0,Unchanged
15993,0,Unchanged
15994,0,Unchanged
15995,0,Unchanged
15996,0,Unchanged
15997,2249407.37715634,Unchanged
15998,0,Unchanged
15999,0,Unchanged
16000,946299896974954,Unchanged
16001,125544.868109144,Unchanged
16002,125544.868107889,Unchanged
16003,8820279.54293638,Unchanged
16004,0,Unchanged
16005,0,Unchanged
16006,0,Unchanged
16007,0,Unchanged
16008,0,Unchanged
16009,0,Unchanged
16010,0,Unchanged
16011,0,Unchanged
16012,0,Unchanged
16013,0,Unchanged
16014,0,Unchanged
16015,0,Unchanged
16016,0,Unchanged
16017,0,Unchanged
16018,0,Unchanged
16019,1.7592186044416e+16,Unchanged
16020,0,Unchanged
16021,5.91461173965875e+15,Unchanged
16022,0,Unchanged
16023,0,Unchanged
16024,0,Unchanged
16025,0,Unchanged
16026,0,Unchanged
16027,0,Unchanged
16028,0,Unchanged
16029,0,Unchanged
16030,0,Unchanged
16031,0,Unchanged
16032,0,Unchanged
16033,0,Unchanged
16034,0,Unchanged
16035,0,Unchanged
16036,0,Unchanged
16037,0,Unchanged
16038,6093279.18434559,Unchanged
16039,3300063.23768628,Unchanged
16040,0,Unchanged
16041,0,Unchanged
16042,2.199023255552e+15,Unchanged
16043,0,Unchanged
16044,0,Unchanged
16045,12953007.7178928,Unchanged
16046,0,Unchanged
16047,57703.3705419227,Unchanged
16048,0,Unchanged
16049,0,Unchanged
16050,0,Unchanged
16051,0,Unchanged
16052,0,Unchanged
16053,0,Unchanged
16054,0,Unchanged
16055,105624.5824961,Unchanged
16056,0,Unchanged
16057,0,Unchanged
16058,21164.6504218448,Unchanged
16059,20784.0556068479,Unchanged
16060,4301.5085320595,Upregulated
16061,3702.57985359381,Upregulated
16062,0.103139263366675,Downregulated
16063,26167.851043556,Unchanged
16064,64547.3203616264,Unchanged
16065,32517.2116044965,Unchanged
16066,76285.04857496,Unchanged
16067,30926.3928664743,Unchanged
16068,70836.1165349927,Unchanged
16069,30084.0187775472,Unchanged
16070,80209.0653594102,Unchanged
16071,16105.4932581763,Upregulated
16072,129256.269302664,Unchanged
16073,13863.0144137858,Upregulated
16074,183635.2272217,Unchanged
16075,164971.539963163,Unchanged
16076,8598558.96843159,Unchanged
16077,7473001.48822434,Unchanged
16078,1363906.83099971,Unchanged
16079,3364301.14254632,Unchanged
16080,865213.310818896,Unchanged
16081,76285.0485758073,Unchanged
16082,105943.388711059,Unchanged
16083,142818.326941757,Unchanged
16084,8820279.54293638,Unchanged
16085,8820279.54293638,Unchanged
16086,0,Unchanged
16087,0,Unchanged
16088,17197117.9368632,Unchanged
16089,3352178.43436442,Unchanged
16090,0,Unchanged
16091,2727813.66199942,Unchanged
16092,2779887.91359574,Unchanged
16093,558184.611410142,Unchanged
16094,1734804.51853551,Unchanged
16095,0,Unchanged
16096,0,Unchanged
16097,0,Unchanged
16098,14946002.9764487,Unchanged
16099,17197117.9368632,Unchanged
16100,14946002.9764487,Unchanged
16101,4624.30733406055,Upregulated
16102,4595581.97845421,Unchanged
16103,14946002.9764487,Unchanged
16104,917109.372766315,Unchanged
16105,4496353.46254299,Unchanged
16106,0.652110655369964,Unchanged
16107,728953.034555766,Unchanged
16108,6728602.28509265,Unchanged
16109,11060671.6582702,Unchanged
16110,695665.503432244,Unchanged
16111,3364301.14254632,Unchanged
16112,390541.290547772,Unchanged
16113,6728602.28509265,Unchanged
16114,0,Unchanged
16115,4482563.82349741,Unchanged
16116,3995561.91435767,Unchanged
16117,2839256.40316844,Unchanged
16118,0,Unchanged
16119,0,Unchanged
16120,4684261.65804346,Unchanged
16121,7473001.48822434,Unchanged
16122,457494.370445034,Unchanged
16123,1169274.73353939,Unchanged
16124,6174865.33906444,Unchanged
16125,917109.372768558,Unchanged
16126,383702.065638326,Unchanged
16127,0,Unchanged
16128,7104902.06966734,Unchanged
16129,6174865.33903117,Unchanged
16130,4444998.89591801,Unchanged
16131,1363906.83099971,Unchanged
16132,7104902.06963177,Unchanged
16133,57472.0991836951,Unchanged
16134,75460.8462045325,Unchanged
16135,65535.9935569241,Unchanged
16136,7737591.45509109,Unchanged
16137,0,Unchanged
16138,5984.81466424125,Upregulated
16139,11795750.1111133,Unchanged
16140,7473001.48822434,Unchanged
16141,1889162.66032408,Unchanged
16142,2727813.66199942,Unchanged
16143,2727813.66199942,Unchanged
16144,0,Unchanged
16145,1504336.41660839,Unchanged
16146,0,Unchanged
16147,0,Unchanged
16148,5.02593267678682,Upregulated
16149,0,Unchanged
16150,758850.592384632,Unchanged
16151,2480683.04995231,Unchanged
16152,1005683.02717823,Unchanged
16153,85014.635173291,Unchanged
16154,5175317.81711663,Unchanged
16155,4644252.17644379,Unchanged
16156,53206.9474041568,Unchanged
16157,0,Unchanged
16158,58677.362588754,Unchanged
16159,382941.110221384,Unchanged
16160,2105569.15969034,Unchanged
16161,2105569.15759526,Unchanged
16162,2807425.53601375,Unchanged
16163,2941160.946375,Unchanged
16164,0,Unchanged
16165,0,Unchanged
16166,8.796093022208e+15,Unchanged
16167,0,Unchanged
16168,0,Unchanged
16169,65648.6353538965,Unchanged
16170,0,Unchanged
16171,725060.059162588,Unchanged
16172,2825344.67182264,Unchanged
16173,0,Unchanged
16174,0,Unchanged
16175,0,Unchanged
16176,0,Unchanged
16177,0,Unchanged
16178,0,Unchanged
16179,0,Unchanged
16180,0,Unchanged
16181,0,Unchanged
16182,0,Unchanged
16183,2407.06125324231,Upregulated
16184,814180.407684203,Unchanged
16185,2636605.38667729,Unchanged
16186,10779948.8383913,Unchanged
16187,4730541201497.94,Unchanged
16188,0,Unchanged
16189,0,Unchanged
16190,0,Unchanged
16191,0,Unchanged
16192,0,Unchanged
16193,5147946.84128577,Unchanged
16194,1376.71910782431,Upregulated
16195,2385.83866570745,Upregulated
16196,739743.243295445,Unchanged
16197,0,Unchanged
16198,4410139.74714573,Unchanged
16199,3364301.14254632,Unchanged
16200,12597065.0231694,Unchanged
16201,1178135.24854225,Unchanged
16202,5351469.45439628,Unchanged
16203,0,Unchanged
16204,1748498.90299945,Unchanged
16205,0,Unchanged
16206,0,Unchanged
16207,0,Unchanged
16208,0,Unchanged
16209,0,Unchanged
16210,0,Unchanged
16211,0,Unchanged
16212,0,Unchanged
16213,3476988.84073943,Unchanged
16214,0,Unchanged
16215,4279593.22433105,Unchanged
16216,4086587.55334942,Unchanged
16217,13174138.9680012,Unchanged
16218,5.96744702737744,Upregulated
16219,0,Unchanged
16220,1051378.39642996,Unchanged
16221,8669092.42809374,Unchanged
16222,3791109.69327043,Unchanged
16223,3791109.69227492,Unchanged
16224,17294121.7483798,Unchanged
16225,437832.849894498,Unchanged
16226,1791359.54962989,Unchanged
16227,1836974.49283053,Unchanged
16228,320299.511579649,Unchanged
16229,16088.5080768669,Upregulated
16230,22561.836621807,Unchanged
16231,91808.5479280142,Unchanged
16232,1799409.19094096,Unchanged
16233,0,Unchanged
16234,0,Unchanged
16235,1338700.7426834,Unchanged
16236,0.84701784037541,Unchanged
16237,6188765.89568745,Unchanged
16238,0,Unchanged
16239,0,Unchanged
16240,0,Unchanged
16241,1631717.73514758,Unchanged
16242,238847.732343361,Unchanged
16243,0.826289858075911,Unchanged
16244,3173164.22903779,Unchanged
16245,40074.4492428507,Unchanged
16246,4926.72262626632,Upregulated
16247,884296.607063058,Unchanged
16248,0,Unchanged
16249,0,Unchanged
16250,1352451.95068981,Unchanged
16251,4588111.12738093,Unchanged
16252,1336366.22505396,Unchanged
16253,233627604.077234,Unchanged
16254,20983175.1989326,Unchanged
16255,16304292.6224049,Unchanged
16256,5101345.81127108,Unchanged
16257,581998.733115289,Unchanged
16258,1285455.79444288,Unchanged
16259,0,Unchanged
16260,0,Unchanged
16261,0,Unchanged
16262,0,Unchanged
16263,0,Unchanged
16264,2111861.38159282,Unchanged
16265,0,Unchanged
16266,0.283970702357306,Downregulated
16267,0.0285119953929984,Downregulated
16268,2153414.51568938,Unchanged
16269,0,Unchanged
16270,5089634.67841555,Unchanged
16271,0,Unchanged
16272,0,Unchanged
16273,0,Unchanged
16274,953288.211664066,Unchanged
16275,5089634.7358428,Unchanged
16276,5089634.76271581,Unchanged
16277,3808333.39531609,Unchanged
16278,0.5,Downregulated
16279,0,Unchanged
16280,0,Unchanged
16281,0,Unchanged
16282,0,Unchanged
16283,0.164600187225917,Downregulated
16284,0.16460018722521,Downregulated
16285,9310457.38215257,Unchanged
16286,9180869.52662935,Unchanged
16287,919990.800686545,Unchanged
16288,2345030.94741128,Unchanged
16289,2458604.15566968,Unchanged
16290,2458604.14430875,Unchanged
16291,15072901.3770348,Unchanged
16292,7151907.27915747,Unchanged
16293,361521.707582088,Unchanged
16294,335698.728648921,Unchanged
16295,2005904.72325315,Unchanged
16296,345986.70370993,Unchanged
16297,371876.142053135,Unchanged
16298,152929.211111145,Unchanged
16299,152929.212226644,Unchanged
16300,152929.212437808,Unchanged
16301,371876.141529691,Unchanged
16302,0,Unchanged
16303,104688.024056169,Unchanged
16304,24573.1717868923,Unchanged
16305,38306.5362103781,Unchanged
16306,38310.4539601096,Unchanged
16307,60813.7980426377,Unchanged
16308,60813.7994888291,Unchanged
16309,11082.2323423622,Upregulated
16310,76601.8716816744,Unchanged
16311,60671.5665356927,Unchanged
16312,97649.4869220341,Unchanged
16313,7998.32026010446,Upregulated
16314,63467.8733169488,Unchanged
16315,0,Unchanged
16316,0,Unchanged
16317,80061.250632279,Unchanged
16318,85084.9978112824,Unchanged
16319,1534474.78610414,Unchanged
16320,132617.017349647,Unchanged
16321,129238.217237769,Unchanged
16322,146338.860979341,Unchanged
16323,0,Unchanged
16324,0,Unchanged
16325,0,Unchanged
16326,0.0191859520378419,Downregulated
16327,0.0191859520378419,Downregulated
16328,82415.7253486075,Unchanged
16329,0,Unchanged
16330,0.0229452895314676,Downregulated
16331,25574.0593356606,Unchanged
16332,60362.8750264672,Unchanged
16333,2216371.85046955,Unchanged
16334,0,Unchanged
16335,0.0210552247060292,Downregulated
16336,0.0210552247060332,Downregulated
16337,0.0090707517683539,Unchanged
16338,0.0090707517683539,Unchanged
16339,0.0238412264423728,Downregulated
16340,2330379.51658283,Unchanged
16341,125963.092981992,Unchanged
16342,45697.5899420393,Unchanged
16343,117764.510764609,Unchanged
16344,117764.511050602,Unchanged
16345,3016021323.06542,Unchanged
16346,0,Unchanged
16347,0.400769202830536,Downregulated
16348,0.298783256609096,Downregulated
16349,2772775.07829827,Unchanged
16350,3855685317.12632,Unchanged
16351,1948980.37224173,Unchanged
16352,2168644.1334806,Unchanged
16353,2887661.24304004,Unchanged
16354,1279016.95364805,Unchanged
16355,0,Unchanged
16356,9868670.73457963,Unchanged
16357,2185143.18452617,Unchanged
16358,6017.7770532631,Upregulated
16359,0,Unchanged
16360,0,Unchanged
16361,1194800408.20297,Unchanged
16362,0,Unchanged
16363,8216684.99982633,Unchanged
16364,0,Unchanged
16365,0,Unchanged
16366,0.5,Downregulated
16367,0,Unchanged
16368,0,Unchanged
16369,0,Unchanged
16370,62968.2360645312,Unchanged
16371,3377400.92484016,Unchanged
16372,3794803.81457122,Unchanged
16373,0,Unchanged
16374,0,Unchanged
16375,0,Unchanged
16376,0,Unchanged
16377,0,Unchanged
16378,0,Unchanged
16379,0,Unchanged
16380,0,Unchanged
16381,0,Unchanged
16382,0,Unchanged
16383,38387.719559707,Unchanged
16384,0,Unchanged
16385,0,Unchanged
16386,328710.192917763,Unchanged
16387,0,Unchanged
16388,0,Unchanged
16389,0,Unchanged
16390,0,Unchanged
16391,10834174.1655607,Unchanged
16392,0,Unchanged
16393,0,Unchanged
16394,0,Unchanged
16395,4154.48886866859,Upregulated
16396,0,Unchanged
16397,0,Unchanged
16398,264279.462921949,Unchanged
16399,63297.6103346759,Unchanged
16400,0,Unchanged
16401,0,Unchanged
16402,4410139.75488469,Unchanged
16403,0,Unchanged
16404,0,Unchanged
16405,0.390357883389749,Downregulated
16406,7632342.66544265,Unchanged
16407,0,Unchanged
16408,767879.877936024,Unchanged
16409,0,Unchanged
16410,217665.041315338,Unchanged
16411,0,Unchanged
16412,982757.49573328,Unchanged
16413,306200.201328614,Unchanged
16414,0,Unchanged
16415,4462807.53894193,Unchanged
16416,11.5185976166869,Upregulated
16417,5089634.6776793,Unchanged
16418,8809795.99829374,Unchanged
16419,0.297750306615267,Downregulated
16420,716359.374781652,Unchanged
16421,0,Unchanged
16422,1626692.23452113,Unchanged
16423,621904.019089515,Unchanged
16424,2482128.58024986,Unchanged
16425,0.0175219988479235,Downregulated
16426,0,Unchanged
16427,0,Unchanged
16428,3022172.14535443,Unchanged
16429,4370286.34516748,Unchanged
16430,1478762.11718933,Unchanged
16431,3.02266560391171,Upregulated
16432,0,Unchanged
16433,2,Upregulated
16434,10989003.0061021,Unchanged
16435,17.729634128116,Upregulated
16436,7507567.15710847,Unchanged
16437,3.02266739903323,Upregulated
16438,5982518.89209326,Unchanged
16439,4247444.38804292,Unchanged
16440,25174298.1378738,Unchanged
16441,0.551035866586716,Unchanged
16442,3.02266739903322,Upregulated
16443,1.25144123152313,Unchanged
16444,0,Unchanged
16445,8163135.00016324,Unchanged
16446,5270009.93324537,Unchanged
16447,377123.924267599,Unchanged
16448,0,Unchanged
16449,0,Unchanged
16450,0,Unchanged
16451,0,Unchanged
16452,0,Unchanged
16453,0,Unchanged
16454,0,Unchanged
16455,0,Unchanged
16456,0,Unchanged
16457,0,Unchanged
16458,891367.442656385,Unchanged
16459,11009568.7509885,Unchanged
16460,2544817.3568892,Unchanged
16461,2991259.4437984,Unchanged
16462,0,Unchanged
16463,5089634.69240424,Unchanged
16464,4125843.92525733,Unchanged
16465,0,Unchanged
16466,0,Unchanged
16467,0,Unchanged
16468,5009953.0408973,Unchanged
16469,0,Unchanged
16470,0,Unchanged
16471,0,Unchanged
16472,70268.5089828851,Unchanged
16473,13423109.5673657,Unchanged
16474,0,Unchanged
16475,729145.136091374,Unchanged
16476,386209.619184329,Unchanged
16477,386209.619184329,Unchanged
16478,0.0176989681807269,Downregulated
16479,0.45310239748954,Downregulated
16480,0,Unchanged
16481,1.72191174361809,Unchanged
16482,0.0142079156099681,Downregulated
16483,511913.85925516,Unchanged
16484,418877.411066404,Unchanged
16485,1.2877376484999,Unchanged
16486,50102.9959914096,Unchanged
16487,1450321.61739433,Unchanged
16488,7.46480336309227,Upregulated
16489,0,Unchanged
16490,1596226.90715935,Unchanged
16491,0,Unchanged
16492,60671.5663633457,Unchanged
16493,0,Unchanged
16494,0,Unchanged
16495,263745.653684704,Unchanged
16496,0,Unchanged
16497,0,Unchanged
16498,1092987.4875667,Unchanged
16499,6333579.42653522,Unchanged
16500,0,Unchanged
16501,2.0201938825988,Upregulated
16502,3.0033531529659,Upregulated
16503,3.00335315296553,Upregulated
16504,2.02019967403751,Upregulated
16505,3.00335315296553,Upregulated
16506,0,Unchanged
16507,21804354.8788609,Unchanged
16508,15268904.1180744,Unchanged
16509,5089634.66958059,Unchanged
16510,5089634.73915591,Unchanged
16511,5089634.69424486,Unchanged
16512,2.02019967403751,Upregulated
16513,2.02019967403751,Upregulated
16514,1.31882333532461e-07,Unchanged
16515,3.02266739903319,Upregulated
16516,2.0198817599719,Upregulated
16517,1.51133369951661,Unchanged
16518,254917.789626234,Unchanged
16519,2584292.72005408,Unchanged
16520,0,Unchanged
16521,395352.799532704,Unchanged
16522,25028777.9098232,Unchanged
16523,17507618.5652145,Unchanged
16524,3707872.45225955,Unchanged
16525,1478762.11905386,Unchanged
16526,0.122685689015684,Downregulated
16527,128613.171141263,Unchanged
16528,0,Unchanged
16529,0,Unchanged
16530,72965.4211910967,Unchanged
16531,83019.3492967717,Unchanged
16532,3876906.00321886,Unchanged
16533,79398.1775731364,Unchanged
16534,582396.886792549,Unchanged
16535,0,Unchanged
16536,49182.5896886158,Unchanged
16537,388830.153926002,Unchanged
16538,1017265.79725695,Unchanged
16539,3.02266739903321,Upregulated
16540,8345819.98698479,Unchanged
16541,553470.903325363,Unchanged
16542,0,Unchanged
16543,0,Unchanged
16544,0.174614665497684,Downregulated
16545,0,Unchanged
16546,704736.077222343,Unchanged
16547,8113583.93953782,Unchanged
16548,4255986.89383015,Unchanged
16549,2943666.18089172,Unchanged
16550,2544817.36239955,Unchanged
16551,2125876.88397342,Unchanged
16552,0,Unchanged
16553,0,Unchanged
16554,3410765.3891801,Unchanged
16555,1149587.92607077,Unchanged
16556,1530073.06473678,Unchanged
16557,0,Unchanged
16558,382751.215862804,Unchanged
16559,6134115.28834838,Unchanged
16560,0,Unchanged
16561,0,Unchanged
16562,0,Unchanged
16563,1.03885467414009,Unchanged
16564,1348343.4146456,Unchanged
16565,0,Unchanged
16566,5368228.10063985,Unchanged
16567,0.243629261133067,Downregulated
16568,3854580.40589813,Unchanged
16569,2869749.68661069,Unchanged
16570,0,Unchanged
16571,0.367195338644396,Downregulated
16572,0,Unchanged
16573,0.552451671063528,Unchanged
16574,1817332.14586014,Unchanged
16575,781666.357391705,Unchanged
16576,7856322.2631536,Unchanged
16577,2132499.46498273,Unchanged
16578,1892069.15167501,Unchanged
16579,2132499.46548582,Unchanged
16580,45141.3486967093,Unchanged
16581,103384.929251116,Unchanged
16582,4781045.60479075,Unchanged
16583,3153476.93872601,Unchanged
16584,7018763.49963759,Unchanged
16585,2361740.86878313,Unchanged
16586,2240009.09897328,Unchanged
16587,1099245.84653926,Unchanged
16588,6685444.4507726,Unchanged
16589,6685444.4507726,Unchanged
16590,6852103.96048856,Unchanged
16591,6852103.96048856,Unchanged
16592,4607447.24091636,Unchanged
16593,6852103.96048856,Unchanged
16594,46528.4758558706,Unchanged
16595,33481.8185232283,Unchanged
16596,4604183.83380906,Unchanged
16597,5277707.71052511,Unchanged
16598,2544817.40565405,Unchanged
16599,7345788.11839294,Unchanged
16600,5089634.68320115,Unchanged
16601,418428.409282852,Unchanged
16602,4205513.5281522,Unchanged
16603,933813.348231849,Unchanged
16604,4829789.20405681,Unchanged
16605,5089634.69304846,Unchanged
16606,5089634.69304846,Unchanged
16607,2544817.34652423,Unchanged
16608,1338505.689186,Unchanged
16609,5089634.69304846,Unchanged
16610,2544817.34652423,Unchanged
16611,11340591.4268252,Unchanged
16612,2105723.18365923,Unchanged
16613,13950566.1793531,Unchanged
16614,3153872.36346353,Unchanged
16615,3165040.17492939,Unchanged
16616,2544817.33626279,Unchanged
16617,1966017.2106741,Unchanged
16618,462827.436262508,Unchanged
16619,2544817.33626279,Unchanged
16620,6756064.86653425,Unchanged
16621,2544817.34528181,Unchanged
16622,2102756.76304472,Unchanged
16623,1908284.08274236,Unchanged
16624,3711558.39792513,Unchanged
16625,30790509.630383,Unchanged
16626,19192806.1591256,Unchanged
16627,5089634.73142532,Unchanged
16628,11250012.1674111,Unchanged
16629,1904947.84892342,Unchanged
16630,909112.653144062,Unchanged
16631,1711169.55550115,Unchanged
16632,1711169.55550115,Unchanged
16633,4535442.30389072,Unchanged
16634,2699996.58281022,Unchanged
16635,4647574.12110691,Unchanged
16636,1072994.6836383,Unchanged
16637,691970.921441652,Unchanged
16638,2544817.35227616,Unchanged
16639,462925.53647405,Unchanged
16640,2544817.35227616,Unchanged
16641,462925.536483302,Unchanged
16642,5089634.70455231,Unchanged
16643,5089634.70455231,Unchanged
16644,1163055.10453535,Unchanged
16645,1534160.92209136,Unchanged
16646,3516052.4491014,Unchanged
16647,684385.948702974,Unchanged
16648,2617261.48087714,Unchanged
16649,2102756.76409675,Unchanged
16650,444362.429716032,Unchanged
16651,2755873.89600942,Unchanged
16652,444362.429716032,Unchanged
16653,645908.104246475,Unchanged
16654,1297993.0875153,Unchanged
16655,678710.281946869,Unchanged
16656,1711169.54474288,Unchanged
16657,1928686.3180209,Unchanged
16658,5089634.67252558,Unchanged
16659,5089634.67252558,Unchanged
16660,5089634.67252558,Unchanged
16661,2971677.16034234,Unchanged
16662,5089634.69056362,Unchanged
16663,2544817.34528181,Unchanged
16664,2.89312236564207e-10,Unchanged
16665,3524855.07010383,Unchanged
16666,2544817.35227616,Unchanged
16667,4750186.80725002,Unchanged
16668,1711587.13219111,Unchanged
16669,5089634.70455231,Unchanged
16670,2544817.35227616,Unchanged
16671,5089634.70455231,Unchanged
16672,2544817.35227616,Unchanged
16673,1279850.0627449,Unchanged
16674,1279850.06275621,Unchanged
16675,1587846.71200278,Unchanged
16676,1700597.6086862,Unchanged
16677,1809125.28867203,Unchanged
16678,2837091.89426458,Unchanged
16679,556775.439333023,Unchanged
16680,1928686.33015724,Unchanged
16681,71160.54869847,Unchanged
16682,5089634.70455231,Unchanged
16683,0,Unchanged
16684,3183000.606321,Unchanged
16685,1120448.42750638,Unchanged
16686,0,Unchanged
16687,1430255.67799211,Unchanged
16688,25879822.1026372,Unchanged
16689,0.368256182657054,Downregulated
16690,2715643.44532155,Unchanged
16691,0,Unchanged
16692,1.11485089164146,Unchanged
16693,211909.87498078,Unchanged
16694,2.16094939235118e-11,Unchanged
16695,10.1369491218249,Upregulated
16696,5197935.93897583,Unchanged
16697,17419369.8511846,Unchanged
16698,0,Unchanged
16699,0.397997306781659,Downregulated
16700,5853911.08754197,Unchanged
16701,2,Upregulated
16702,5823680.75540948,Unchanged
16703,190190.397970274,Unchanged
16704,190079.119824618,Unchanged
16705,7497152.09480618,Unchanged
16706,7497152.14239823,Unchanged
16707,7634452.05296317,Unchanged
16708,7634452.0518588,Unchanged
16709,7634452.05296317,Unchanged
16710,10412666.4339633,Unchanged
16711,264623.577990233,Unchanged
16712,19963.3679093737,Upregulated
16713,687198.170739786,Unchanged
16714,281732.173060994,Unchanged
16715,7680939.65687488,Unchanged
16716,5223062.68351199,Unchanged
16717,5223062.68759857,Unchanged
16718,1223662.75984381,Unchanged
16719,5903869.7297585,Unchanged
16720,25671864.7363406,Unchanged
16721,25671864.80245,Unchanged
16722,2234369.90281413,Unchanged
16723,13485559.9909847,Unchanged
16724,13595735.4383859,Unchanged
16725,6805256.94849533,Unchanged
16726,10491125.8904361,Unchanged
16727,13595735.4383859,Unchanged
16728,1,Unchanged
16729,19301333.6906318,Unchanged
16730,4006336.71732527,Unchanged
16731,13595735.4383859,Unchanged
16732,11192767.3916931,Unchanged
16733,1290753.64412794,Unchanged
16734,4588111.13815031,Unchanged
16735,9176222.26971933,Unchanged
16736,2235461.80382446,Unchanged
16737,3603579.9309911,Unchanged
16738,39038930.5366977,Unchanged
16739,8726803.52366823,Unchanged
16740,4968921.277588,Unchanged
16741,14203952.7438904,Unchanged
16742,8966821.55883512,Unchanged
16743,132783.930421263,Unchanged
16744,51118.5913010232,Unchanged
16745,0,Unchanged
16746,0,Unchanged
16747,0,Unchanged
16748,0.619665765106577,Unchanged
16749,15964305.5904349,Unchanged
16750,5143681.42589649,Unchanged
16751,380158.237086147,Unchanged
16752,0,Unchanged
16753,146847.01118521,Unchanged
16754,0,Unchanged
16755,3796457.91208357,Unchanged
16756,834442.494406533,Unchanged
16757,12835932.3681703,Unchanged
16758,3793607.27779151,Unchanged
16759,3793607.25453655,Unchanged
16760,0,Unchanged
16761,198139.887344323,Unchanged
16762,190079.118543073,Unchanged
16763,157068.782936979,Unchanged
16764,1571618.31874481,Unchanged
16765,0,Unchanged
16766,0,Unchanged
16767,18685370.032208,Unchanged
16768,10469048.0056903,Unchanged
16769,1330975.33648711,Unchanged
16770,125811.70073436,Unchanged
16771,125811.700763895,Unchanged
16772,365404.616195807,Unchanged
16773,0,Unchanged
16774,0,Unchanged
16775,6602092.94388885,Unchanged
16776,3095242.03459484,Unchanged
16777,0,Unchanged
16778,4588111.11780815,Unchanged
16779,2058097.69579813,Unchanged
16780,1141533.54405803,Unchanged
16781,4588111.11541496,Unchanged
16782,2058097.69522749,Unchanged
16783,1141533.54406248,Unchanged
16784,2058097.69900704,Unchanged
16785,2058097.71082122,Unchanged
16786,1689957.66260537,Unchanged
16787,1141533.53192391,Unchanged
16788,2058097.70330751,Unchanged
16789,4588111.13456051,Unchanged
16790,1141533.53220283,Unchanged
16791,1141533.53415469,Unchanged
16792,2058097.71403632,Unchanged
16793,2058097.71404178,Unchanged
16794,1141533.53415316,Unchanged
16795,1488966.83922079,Unchanged
16796,994780.608772118,Unchanged
16797,3014705.70708765,Unchanged
16798,1141533.53843547,Unchanged
16799,2058097.70274213,Unchanged
16800,2058097.70222288,Unchanged
16801,1141533.53844519,Unchanged
16802,2058097.71616724,Unchanged
16803,5089634.69350861,Unchanged
16804,119837.293439791,Unchanged
16805,4588111.16567205,Unchanged
16806,2058097.71725841,Unchanged
16807,1141533.53441654,Unchanged
16808,5089634.65448753,Unchanged
16809,9176222.33134409,Unchanged
16810,130611.237061753,Unchanged
16811,276842.317120123,Unchanged
16812,4205513.57296117,Unchanged
16813,5089634.73326594,Unchanged
16814,9176222.24997547,Unchanged
16815,9176222.24997547,Unchanged
16816,619991.974751386,Unchanged
16817,1117798.12279411,Unchanged
16818,3758840.21101521,Unchanged
16819,3969782.80846431,Unchanged
16820,1689600.28761303,Unchanged
16821,330076.928643781,Unchanged
16822,1088310.15927809,Unchanged
16823,4422848.82043,Unchanged
16824,3712336.28821051,Unchanged
16825,1711587.12364939,Unchanged
16826,1620158.41223389,Unchanged
16827,2772934.58373128,Unchanged
16828,2067625.31564736,Unchanged
16829,4588111.12020134,Unchanged
16830,1934527.37797253,Unchanged
16831,1614340.35853219,Unchanged
16832,5089634.70602481,Unchanged
16833,897767.30017363,Unchanged
16834,1618605.80135583,Unchanged
16835,1618605.80135583,Unchanged
16836,867753.078825374,Unchanged
16837,489483.172503863,Unchanged
16838,3791109.71203573,Unchanged
16839,2102756.74586437,Unchanged
16840,3791109.70214887,Unchanged
16841,3560822.69898972,Unchanged
16842,2102756.7455608,Unchanged
16843,2102756.74556882,Unchanged
16844,3791109.70610642,Unchanged
16845,3791109.70610642,Unchanged
16846,2102756.74579747,Unchanged
16847,2102756.74556703,Unchanged
16848,3791109.70215434,Unchanged
16849,3791109.70215601,Unchanged
16850,2102756.74555749,Unchanged
16851,2102756.74556195,Unchanged
16852,3791109.70610827,Unchanged
16853,3791109.7061028,Unchanged
16854,2102756.74555773,Unchanged
16855,2544817.35043554,Unchanged
16856,9176222.24040269,Unchanged
16857,11190732.2252631,Unchanged
16858,5089634.72921658,Unchanged
16859,9176222.27869381,Unchanged
16860,3634825.71936212,Unchanged
16861,2544817.36460829,Unchanged
16862,2544817.36460829,Unchanged
16863,9176222.32177131,Unchanged
16864,9176222.32177131,Unchanged
16865,5089634.72921658,Unchanged
16866,9176222.24518908,Unchanged
16867,5089634.7310572,Unchanged
16868,5089634.72921658,Unchanged
16869,9176222.30023256,Unchanged
16870,9176222.30023256,Unchanged
16871,5089634.72921658,Unchanged
16872,760316.474878786,Unchanged
16873,705172.911138103,Unchanged
16874,9176222.20211157,Unchanged
16875,5089634.6666356,Unchanged
16876,5418111.38995962,Unchanged
16877,5849951.20261999,Unchanged
16878,10794004.995909,Unchanged
16879,10794004.995909,Unchanged
16880,9176222.27869381,Unchanged
16881,5089634.67510244,Unchanged
16882,9176222.27869381,Unchanged
16883,5089634.67510244,Unchanged
16884,760316.475848159,Unchanged
16885,5089634.68835488,Unchanged
16886,9176222.25954825,Unchanged
16887,9176222.25954825,Unchanged
16888,5089634.68835488,Unchanged
16889,5089634.68835488,Unchanged
16890,9176222.25954825,Unchanged
16891,9176222.25954825,Unchanged
16892,5089634.68835488,Unchanged
16893,5089634.6803482,Unchanged
16894,9176222.3289509,Unchanged
16895,9176222.3289509,Unchanged
16896,5089634.6803482,Unchanged
16897,5089634.70096311,Unchanged
16898,9176222.25476186,Unchanged
16899,9176222.25476186,Unchanged
16900,5089634.70096311,Unchanged
16901,760316.476488931,Unchanged
16902,760316.479109525,Unchanged
16903,9176222.25476186,Unchanged
16904,5445577.41708357,Unchanged
16905,9176222.25476186,Unchanged
16906,5089634.70676105,Unchanged
16907,9176222.27869381,Unchanged
16908,5089634.68356928,Unchanged
16909,9176222.27869381,Unchanged
16910,5089634.68356928,Unchanged
16911,9176222.32177131,Unchanged
16912,5089634.70418419,Unchanged
16913,5089634.68356928,Unchanged
16914,9176222.2356163,Unchanged
16915,9176222.2356163,Unchanged
16916,5089634.68356928,Unchanged
16917,5089634.68356928,Unchanged
16918,4588111.14652649,Unchanged
16919,9176222.29305298,Unchanged
16920,2544817.34178464,Unchanged
16921,5089634.68356928,Unchanged
16922,9176222.24040269,Unchanged
16923,4588111.12020134,Unchanged
16924,0,Unchanged
16925,3016021323.06542,Unchanged
16926,2124481.68476484,Unchanged
16927,9879899.32055924,Unchanged
16928,9898920.74726704,Unchanged
16929,5089634.68982738,Unchanged
16930,0.991860993103682,Unchanged
16931,7132928.49573286,Unchanged
16932,7132928.49573286,Unchanged
16933,34797694.088596,Unchanged
16934,7132928.47114986,Unchanged
16935,0.826289858071638,Unchanged
16936,0.826289858070355,Unchanged
16937,0,Unchanged
16938,1804460.57644586,Unchanged
16939,2246030.36709782,Unchanged
16940,76169.49058109,Unchanged
16941,0,Unchanged
16942,0,Unchanged
16943,56912989.2228055,Unchanged
16944,4468739.79552135,Unchanged
16945,2544817.56655523,Unchanged
16946,0,Unchanged
16947,0,Unchanged
16948,1360102.16902402,Unchanged
16949,8075331.29020615,Unchanged
16950,0.44857189439019,Downregulated
16951,5519576.01927272,Unchanged
16952,1040306.26661229,Unchanged
16953,8484476.48084209,Unchanged
16954,1302033.49407107,Unchanged
16955,1302033.49687434,Unchanged
16956,1302033.49687434,Unchanged
16957,1295307.56382724,Unchanged
16958,1324488.15894144,Unchanged
16959,5439474.24234324,Unchanged
16960,456042.518424473,Unchanged
16961,936449.122218795,Unchanged
16962,445995.174873228,Unchanged
16963,0,Unchanged
16964,13232536.8661679,Unchanged
16965,3419573.38730852,Unchanged
16966,3057207.19152448,Unchanged
16967,12081058.5964504,Unchanged
16968,4468739.81650671,Unchanged
16969,658632.248382043,Unchanged
16970,3299327.25773584,Unchanged
16971,3299327.25521,Unchanged
16972,3299327.25521,Unchanged
16973,1352451.95488909,Unchanged
16974,1302753.77031265,Unchanged
16975,1302753.77033926,Unchanged
16976,4588111.13815031,Unchanged
16977,847798.881902996,Unchanged
16978,2340182.32013458,Unchanged
16979,5596671.31773697,Unchanged
16980,2839657.93978531,Unchanged
16981,5454172.6510963,Unchanged
16982,8657922.83325112,Unchanged
16983,5539764.18179426,Unchanged
16984,259011.126960017,Unchanged
16985,2111304.88882672,Unchanged
16986,1719066.05230758,Unchanged
16987,3059300.20916267,Unchanged
16988,0.668085594318523,Unchanged
16989,0.344937216268749,Downregulated
16990,5.7251573943263,Upregulated
16991,1719066.0523039,Unchanged
16992,0,Unchanged
16993,6153821.10869833,Unchanged
16994,0,Unchanged
16995,0,Unchanged
16996,0.344937216268749,Downregulated
16997,0,Unchanged
16998,0.476081511150269,Downregulated
16999,0,Unchanged
17000,0,Unchanged
17001,4089475.14056775,Unchanged
17002,1016558.54913436,Unchanged
17003,1142392.3101849,Unchanged
17004,1016558.55302989,Unchanged
17005,5894165.6921001,Unchanged
17006,1981658.30612636,Unchanged
17007,1142392.31018735,Unchanged
17008,1403051.65483254,Unchanged
17009,1142392.31528293,Unchanged
17010,1016558.55739373,Unchanged
17011,4089475.15623892,Unchanged
17012,1016558.55302989,Unchanged
17013,1142392.3101849,Unchanged
17014,1016558.55302989,Unchanged
17015,4089475.15623892,Unchanged
17016,1016558.55302989,Unchanged
17017,5894165.6921001,Unchanged
17018,17.7296341281162,Upregulated
17019,0.0272518734369274,Downregulated
17020,4660880.00996529,Unchanged
17021,3466893.09495242,Unchanged
17022,114875.830213195,Unchanged
17023,1233000.50099834,Unchanged
17024,1408716.53230885,Unchanged
17025,2727642.74649946,Unchanged
17026,711161.588753263,Unchanged
17027,544492.212286694,Unchanged
17028,1252105.71616451,Unchanged
17029,1252105.71616451,Unchanged
17030,3756317.1484675,Unchanged
17031,9092008.35948844,Unchanged
17032,3231780.51132847,Unchanged
17033,0,Unchanged
17034,2.12354571790006,Upregulated
17035,2.91830109693463,Upregulated
17036,0,Unchanged
17037,0,Unchanged
17038,2555043.9769231,Unchanged
17039,584931.845918462,Unchanged
17040,404518.954138974,Unchanged
17041,67626.8169515404,Unchanged
17042,69788.2247929132,Unchanged
17043,2177427.15091345,Unchanged
17044,7389154.86272448,Unchanged
17045,48239.1675549823,Unchanged
17046,434482.503323817,Unchanged
17047,0.309880166538809,Downregulated
17048,63264151.9755947,Unchanged
17049,105366289.269761,Unchanged
17050,162887008.897333,Unchanged
17051,141496250.161368,Unchanged
17052,9754798.31523838,Unchanged
17053,81443504.4486663,Unchanged
17054,36533267.0763258,Unchanged
17055,27404891.6113239,Unchanged
17056,13405616.0805576,Unchanged
17057,162887008.897333,Unchanged
17058,18266633.5381623,Unchanged
17059,36533267.0766016,Unchanged
17060,37613934.3178924,Unchanged
17061,81443504.4486663,Unchanged
17062,1941933.67677812,Unchanged
17063,0,Unchanged
17064,47368162.3626622,Unchanged
17065,34472090.398312,Unchanged
17066,153697058.729162,Unchanged
17067,51673988.9865368,Unchanged
17068,0,Unchanged
17069,2228165.44998369,Unchanged
17070,690092.673857726,Unchanged
17071,0.377688221527076,Downregulated
17072,0,Unchanged
17073,0,Unchanged
17074,0,Unchanged
17075,0,Unchanged
17076,881084.065479184,Unchanged
17077,622092.166138635,Unchanged
17078,694783.773585238,Unchanged
17079,1757531.51675603,Unchanged
17080,1166666.57483125,Unchanged
17081,1166666.57483125,Unchanged
17082,4302253.11378238,Unchanged
17083,4302253.11378238,Unchanged
17084,2562116.4766154,Unchanged
17085,2562116.4766154,Unchanged
17086,694783.77376631,Unchanged
17087,2562116.4766154,Unchanged
17088,2562116.48230483,Unchanged
17089,2562116.48230483,Unchanged
17090,2562116.48230483,Unchanged
17091,1026817.38019063,Unchanged
17092,1073811.08857558,Unchanged
17093,7796965.41725769,Unchanged
17094,8417721.3961542,Unchanged
17095,730338.582536171,Unchanged
17096,623634.833631668,Unchanged
17097,1450139.4948225,Unchanged
17098,91825.7486947324,Unchanged
17099,617188.465223645,Unchanged
17100,612277.562253232,Unchanged
17101,5709582.34753141,Unchanged
17102,5709582.34753141,Unchanged
17103,4068252.93312652,Unchanged
17104,4068252.93312652,Unchanged
17105,1089015.7862467,Unchanged
17106,1089015.7862467,Unchanged
17107,1149293.44694412,Unchanged
17108,898265.930690709,Unchanged
17109,1810969.13659327,Unchanged
17110,1810969.13659327,Unchanged
17111,1810969.13659327,Unchanged
17112,2597810.50582462,Unchanged
17113,204236.369011347,Unchanged
17114,3461342.49343256,Unchanged
17115,1792595.3419661,Unchanged
17116,1792595.3419661,Unchanged
17117,426880.777945737,Unchanged
17118,515351.683805146,Unchanged
17119,1973425.32501461,Unchanged
17120,1598243.93841133,Unchanged
17121,1598243.93841133,Unchanged
17122,1986303.18586278,Unchanged
17123,416435.585175114,Unchanged
17124,465372.537505211,Unchanged
17125,465372.537505211,Unchanged
17126,610996.841184561,Unchanged
17127,465372.535734892,Unchanged
17128,1614386.9767656,Unchanged
17129,690213.44851278,Unchanged
17130,690213.44851278,Unchanged
17131,690213.44851278,Unchanged
17132,469808.003541504,Unchanged
17133,391142.522986986,Unchanged
17134,157064.189352732,Unchanged
17135,191554.23159786,Unchanged
17136,1070150.8442874,Unchanged
17137,1120298.86541909,Unchanged
17138,1882433.90678799,Unchanged
17139,370689.269525232,Unchanged
17140,1120298.86541909,Unchanged
17141,2024168.9876663,Unchanged
17142,2024168.9876663,Unchanged
17143,3401203.42264771,Unchanged
17144,3401203.42264771,Unchanged
17145,0,Unchanged
17146,316228.651015242,Unchanged
17147,299076.403950994,Unchanged
17148,299076.403950994,Unchanged
17149,0,Unchanged
17150,0,Unchanged
17151,0,Unchanged
17152,0,Unchanged
17153,0,Unchanged
17154,0.724285947197381,Unchanged
17155,0,Unchanged
17156,1208062.46955724,Unchanged
17157,0,Unchanged
17158,0,Unchanged
17159,0,Unchanged
17160,4508276.92269672,Unchanged
17161,0.5,Downregulated
17162,0,Unchanged
17163,0,Unchanged
17164,0,Unchanged
17165,1924804.87223059,Unchanged
17166,0,Unchanged
17167,0,Unchanged
17168,1198266.24457731,Unchanged
17169,0,Unchanged
17170,394540.553071769,Unchanged
17171,0,Unchanged
17172,1699912.75130791,Unchanged
17173,5228928.07211863,Unchanged
17174,5228928.07211863,Unchanged
17175,5228928.07211863,Unchanged
17176,0,Unchanged
17177,2562116.46994893,Unchanged
17178,1281058.23497447,Unchanged
17179,1281058.23497447,Unchanged
17180,0,Unchanged
17181,2562116.48823305,Unchanged
17182,0,Unchanged
17183,0,Unchanged
17184,0,Unchanged
17185,1654297.59322091,Unchanged
17186,1654297.59322091,Unchanged
17187,10330824.6014904,Unchanged
17188,0,Unchanged
17189,10330824.6014904,Unchanged
17190,4399351.22889763,Unchanged
17191,1705342.29142874,Unchanged
17192,0,Unchanged
17193,5467529.20072628,Unchanged
17194,10935058.4014526,Unchanged
17195,10935058.4014526,Unchanged
17196,5124232.96452545,Unchanged
17197,0,Unchanged
17198,2.9127892074288e-10,Unchanged
17199,0,Unchanged
17200,0,Unchanged
17201,0,Unchanged
17202,0,Unchanged
17203,0,Unchanged
17204,0,Unchanged
17205,0,Unchanged
17206,0,Unchanged
17207,0,Unchanged
17208,0,Unchanged
17209,0,Unchanged
17210,0,Unchanged
17211,0,Unchanged
17212,0,Unchanged
17213,0,Unchanged
17214,0,Unchanged
17215,0,Unchanged
17216,1366061.81153629,Unchanged
17217,0,Unchanged
17218,6351213.73364655,Unchanged
17219,0,Unchanged
17220,1.30460724638707e-09,Unchanged
17221,0,Unchanged
17222,0,Unchanged
17223,6.44814609699765e-10,Unchanged
17224,0,Unchanged
17225,0,Unchanged
17226,0,Unchanged
17227,0,Unchanged
17228,0,Unchanged
17229,0,Unchanged
17230,0,Unchanged
17231,0,Unchanged
17232,0,Unchanged
17233,0,Unchanged
17234,4.14554288018971e-10,Unchanged
17235,4.14554288018971e-10,Unchanged
17236,0,Unchanged
17237,0,Unchanged
17238,11475446.7490656,Unchanged
17239,11475446.7490656,Unchanged
17240,1207922.76132089,Unchanged
17241,0,Unchanged
17242,63537.2216497068,Unchanged
17243,63537.2216497068,Unchanged
17244,0,Unchanged
17245,0,Unchanged
17246,8415905.79500778,Unchanged
17247,8415905.79500778,Unchanged
17248,2650338.00352325,Unchanged
17249,0,Unchanged
17250,0,Unchanged
17251,2359294.94623213,Unchanged
17252,0,Unchanged
17253,0,Unchanged
17254,0,Unchanged
17255,0,Unchanged
17256,9176222.24518908,Unchanged
17257,3791109.68830607,Unchanged
17258,0.0606109301314163,Downregulated
17259,0,Unchanged
17260,0,Unchanged
17261,0,Unchanged
17262,0,Unchanged
17263,0,Unchanged
17264,0,Unchanged
17265,0,Unchanged
17266,0,Unchanged
17267,5136500.56254608,Unchanged
17268,6646208.8205387,Unchanged
17269,1778512.22328558,Unchanged
17270,4588111.12259454,Unchanged
17271,2694643.49973344,Unchanged
17272,1766933.09099667,Unchanged
17273,1585182.2603683,Unchanged
17274,1585182.25954139,Unchanged
17275,1142531.38105332,Unchanged
17276,891367.444051218,Unchanged
17277,1142531.38105332,Unchanged
17278,891367.444051218,Unchanged
17279,1142531.38224523,Unchanged
17280,891367.439401775,Unchanged
17281,1142531.37509379,Unchanged
17282,891367.439401775,Unchanged
17283,1135949.56063709,Unchanged
17284,1689600.27880058,Unchanged
17285,535571.189293211,Unchanged
17286,805187.90739222,Unchanged
17287,805187.91453209,Unchanged
17288,778382.837883096,Unchanged
17289,1142531.38105332,Unchanged
17290,891367.443818746,Unchanged
17291,1142531.37092211,Unchanged
17292,891367.436147166,Unchanged
17293,1135949.53059687,Unchanged
17294,1973683.66870507,Unchanged
17295,1973683.66252814,Unchanged
17296,1973683.6620134,Unchanged
17297,0,Unchanged
17298,805187.911592143,Unchanged
17299,778382.837680091,Unchanged
17300,0,Unchanged
17301,2383454.42350331,Unchanged
17302,1452255.84284169,Unchanged
17303,1065175.25793541,Unchanged
17304,0,Unchanged
17305,0,Unchanged
17306,0,Unchanged
17307,729886.416984513,Unchanged
17308,755021.425433197,Unchanged
17309,729886.416984513,Unchanged
17310,755021.425433197,Unchanged
17311,755021.425433197,Unchanged
17312,729886.416984513,Unchanged
17313,1071347.02285743,Unchanged
17314,835831.622039049,Unchanged
17315,729886.416984513,Unchanged
17316,1071347.02285743,Unchanged
17317,835831.622039049,Unchanged
17318,755021.425433197,Unchanged
17319,1071347.02285743,Unchanged
17320,835831.622039049,Unchanged
17321,37310.600493126,Unchanged
17322,29108.569925592,Unchanged
17323,0,Unchanged
17324,37095.6633621774,Unchanged
17325,18957.618324945,Upregulated
17326,0,Unchanged
17327,0,Unchanged
17328,0,Unchanged
17329,0,Unchanged
17330,71784.5440660103,Unchanged
17331,69394.8037741387,Unchanged
17332,79467.6679474533,Unchanged
17333,71784.5440965322,Unchanged
17334,69394.8038036444,Unchanged
17335,101859.56982727,Unchanged
17336,101859.570200794,Unchanged
17337,0,Unchanged
17338,71784.5443597695,Unchanged
17339,434668.525934857,Unchanged
17340,434668.525934857,Unchanged
17341,638018.218114092,Unchanged
17342,449637.152309475,Unchanged
17343,434668.524969632,Unchanged
17344,449637.151311011,Unchanged
17345,434668.524969632,Unchanged
17346,449637.151311011,Unchanged
17347,921029.813989664,Unchanged
17348,1351912.47051485,Unchanged
17349,952747.204007366,Unchanged
17350,921029.813989664,Unchanged
17351,1351912.47051485,Unchanged
17352,1351912.47051485,Unchanged
17353,1351912.47051485,Unchanged
17354,6.1719805826369e-10,Unchanged
17355,4340655.50113757,Unchanged
17356,0,Unchanged
17357,6.1719805826369e-10,Unchanged
17358,2160700.12904587,Unchanged
17359,1159404.18083528,Unchanged
17360,638018.221719492,Unchanged
17361,497761.970465883,Unchanged
17362,638018.221719492,Unchanged
17363,237308.866590599,Unchanged
17364,743985.870487534,Unchanged
17365,0.0161364555773215,Downregulated
17366,302423.98889425,Unchanged
17367,0.00892405952273047,Unchanged
17368,1183735.74879497,Unchanged
17369,1183735.74879497,Unchanged
17370,1183735.74879497,Unchanged
17371,1183735.74879497,Unchanged
17372,1117232.81831569,Unchanged
17373,1117232.81831276,Unchanged
17374,1117232.81831853,Unchanged
17375,661385.903234919,Unchanged
17376,2.91278921394481e-10,Unchanged
17377,0,Unchanged
17378,2.91278921394481e-10,Unchanged
17379,2.91278921394481e-10,Unchanged
17380,0,Unchanged
17381,2726086.83752176,Unchanged
17382,0,Unchanged
17383,1108131.33445519,Unchanged
17384,237566.424313034,Unchanged
17385,5.12789147585808e-12,Unchanged
17386,0,Unchanged
17387,1.08813512282051e-09,Unchanged
17388,1.08813512282051e-09,Unchanged
17389,0,Unchanged
17390,0,Unchanged
17391,1.08813512282051e-09,Unchanged
17392,0,Unchanged
17393,0,Unchanged
17394,0,Unchanged
17395,6170383.33808301,Unchanged
17396,6170383.33808301,Unchanged
17397,6170383.33808301,Unchanged
17398,2126294.87609541,Unchanged
17399,1.08813512282051e-09,Unchanged
17400,1.08813512282051e-09,Unchanged
17401,1.08813512282051e-09,Unchanged
17402,1.08813512282051e-09,Unchanged
17403,0,Unchanged
17404,1.08813512282051e-09,Unchanged
17405,0.126441506929281,Downregulated
17406,7908699.3201639,Unchanged
17407,0.126441507206318,Downregulated
17408,0.126441506929281,Downregulated
17409,2369723.98674815,Unchanged
17410,2369723.98674815,Unchanged
17411,5190818.0008905,Unchanged
17412,7652680.76205434,Unchanged
17413,7652680.76205434,Unchanged
17414,2.17627024564101e-09,Unchanged
17415,0,Unchanged
17416,1.74932720246036e-10,Unchanged
17417,0,Unchanged
17418,0,Unchanged
17419,1837540.19525661,Unchanged
17420,4268127.79665929,Unchanged
17421,4399351.22987895,Unchanged
17422,5467529.20171102,Unchanged
17423,7716360.60293671,Unchanged
17424,6743322.63445105,Unchanged
17425,7801785.3537048,Unchanged
17426,1084765.15440565,Unchanged
17427,1833891.771965,Unchanged
17428,5737723.37269723,Unchanged
17429,444342.468490368,Unchanged
17430,1394938.75907749,Unchanged
17431,275409.479337367,Unchanged
17432,457384.919872796,Unchanged
17433,610969.95548428,Unchanged
17434,5737723.34792382,Unchanged
17435,5671849.29021698,Unchanged
17436,4259839.33793956,Unchanged
17437,3519862.04194934,Unchanged
17438,5124232.96460966,Unchanged
17439,429761.519470203,Unchanged
17440,2562116.48541836,Unchanged
17441,2562116.48541836,Unchanged
17442,1280529.83121419,Unchanged
17443,63853.0876326777,Unchanged
17444,984262.050600596,Unchanged
17445,0,Unchanged
17446,291972.671826433,Unchanged
17447,44116.7883695976,Unchanged
17448,28412.0983350687,Unchanged
17449,2430733.78549853,Unchanged
17450,0,Unchanged
17451,4588111.12259454,Unchanged
17452,4588111.12259454,Unchanged
17453,2729043.86630504,Unchanged
17454,511860.921176586,Unchanged
17455,3006525.51746187,Unchanged
17456,4588111.12259454,Unchanged
17457,1477155.14323397,Unchanged
17458,4849333.5942628,Unchanged
17459,9176222.24518908,Unchanged
17460,9176222.24518908,Unchanged
17461,864408.151938241,Unchanged
17462,4588111.12259454,Unchanged
17463,3265284.54322639,Unchanged
17464,4588111.12259454,Unchanged
17465,1477155.14323922,Unchanged
17466,864408.151938241,Unchanged
17467,3791109.68829664,Unchanged
17468,6999959.86239676,Unchanged
17469,9176222.24997547,Unchanged
17470,80392.877803519,Unchanged
17471,7970594.86494275,Unchanged
17472,987194.899101004,Unchanged
17473,987194.899130404,Unchanged
17474,0.403701245876469,Downregulated
17475,1538824.58219228,Unchanged
17476,4588111.09866259,Unchanged
17477,9176222.19732518,Unchanged
17478,80392.8773841834,Unchanged
17479,769595.609130696,Unchanged
17480,1493663.11909101,Unchanged
17481,4588111.09866259,Unchanged
17482,1493752.74830558,Unchanged
17483,4588111.12259454,Unchanged
17484,2709055.71104097,Unchanged
17485,3482185.78776061,Unchanged
17486,4588111.12139794,Unchanged
17487,3058615.15378377,Unchanged
17488,124852.850128537,Unchanged
17489,1669636.02729968,Unchanged
17490,3644323.58629184,Unchanged
17491,0.400368733453866,Downregulated
17492,4588111.12259454,Unchanged
17493,680832.632544367,Unchanged
17494,4588111.15609927,Unchanged
17495,4094348.08613385,Unchanged
17496,4016619.80595169,Unchanged
17497,2058097.69742108,Unchanged
17498,3791109.6883206,Unchanged
17499,9176222.24518908,Unchanged
17500,4588111.12259454,Unchanged
17501,987194.899294276,Unchanged
17502,2058097.69794858,Unchanged
17503,4588111.12259454,Unchanged
17504,3791109.68831447,Unchanged
17505,1592880.8223913,Unchanged
17506,1623816.41508165,Unchanged
17507,9176222.24518908,Unchanged
17508,9176222.24518908,Unchanged
17509,9176222.24518908,Unchanged
17510,1895554.844163,Unchanged
17511,9176222.24518908,Unchanged
17512,3791109.68880765,Unchanged
17513,3791109.68830047,Unchanged
17514,4588111.12259454,Unchanged
17515,4588111.12259454,Unchanged
17516,9176222.24997547,Unchanged
17517,4588111.12259454,Unchanged
17518,4588111.12259454,Unchanged
17519,4588111.12259454,Unchanged
17520,4588111.12259454,Unchanged
17521,1.20366296989548,Unchanged
17522,4588111.09866259,Unchanged
17523,4.32915327478219,Upregulated
17524,170334.838919689,Unchanged
17525,2008828.02805609,Unchanged
17526,189042.107410514,Unchanged
17527,189042.107410618,Unchanged
17528,189042.107409737,Unchanged
17529,87746.783065273,Unchanged
17530,189042.108395681,Unchanged
17531,111620.139463674,Unchanged
17532,189042.108396499,Unchanged
17533,216057.479095484,Unchanged
17534,291950.235047575,Unchanged
17535,291950.229869228,Unchanged
17536,291950.229871452,Unchanged
17537,291950.229870341,Unchanged
17538,291950.233372284,Unchanged
17539,291950.232459928,Unchanged
17540,2981187.30491756,Unchanged
17541,1302889.1474909,Unchanged
17542,0,Unchanged
17543,1570504.1214288,Unchanged
17544,1362728.48822475,Unchanged
17545,377608.607875246,Unchanged
17546,0.227462227909191,Downregulated
17547,1429362.6604232,Unchanged
17548,1668817.19953224,Unchanged
17549,2928093.29199084,Unchanged
17550,3368017.8899828,Unchanged
17551,1266485.32573641,Unchanged
17552,54569266.0196641,Unchanged
17553,0,Unchanged
17554,1.35823493194091,Unchanged
17555,105791.757838602,Unchanged
17556,269838.776621655,Unchanged
17557,0.871249232056146,Unchanged
17558,730572.286347387,Unchanged
17559,45090031.1710424,Unchanged
17560,58857.1019159591,Unchanged
17561,1090826.33661353,Unchanged
17562,20962079.4965322,Unchanged
17563,39782016.0097133,Unchanged
17564,0,Unchanged
17565,10491587.5989306,Unchanged
17566,2280447.93970895,Unchanged
17567,63769.5436336673,Unchanged
17568,1,Unchanged
17569,9868670.73519786,Unchanged
17570,9868670.73519786,Unchanged
17571,39782223.3634456,Unchanged
17572,2234369.89776068,Unchanged
17573,17.7296341281161,Upregulated
17574,1363258.77349901,Unchanged
17575,1,Unchanged
17576,1,Unchanged
17577,2544817.36350392,Unchanged
17578,5089634.68365955,Unchanged
17579,2544817.35356459,Unchanged
17580,2544817.35006742,Unchanged
17581,2544817.34767461,Unchanged
17582,16575803.3120324,Unchanged
17583,2544817.354036,Unchanged
17584,2544817.34859492,Unchanged
17585,2544817.36092706,Unchanged
17586,0.502512272483374,Unchanged
17587,0,Unchanged
17588,1753323.15282499,Unchanged
17589,1753323.14478674,Unchanged
17590,1753323.1493301,Unchanged
17591,1753323.1524755,Unchanged
17592,5816958.47316734,Unchanged
17593,3884163.46251018,Unchanged
17594,0.756456926137156,Unchanged
17595,335894.772207233,Unchanged
17596,14265856.9047022,Unchanged
17597,7132928.48994862,Unchanged
17598,7132928.48127227,Unchanged
17599,7132928.4523511,Unchanged
17600,7132928.4523511,Unchanged
17601,117081865.028333,Unchanged
17602,5513469.90874797,Unchanged
17603,21298261.3985361,Unchanged
17604,51262344.5658399,Unchanged
17605,9926648.28339173,Unchanged
17606,4482948.71599913,Unchanged
17607,1121344.92162173,Unchanged
17608,13612484.755232,Unchanged
17609,5089634.68761864,Unchanged
17610,668183.107092742,Unchanged
17611,1.01009983701876,Unchanged
17612,0,Unchanged
17613,2102756.76136336,Unchanged
17614,1141533.53225318,Unchanged
17615,731261.713024056,Unchanged
17616,1.31650653943556,Unchanged
17617,0,Unchanged
17618,0,Unchanged
17619,4446144.86063335,Unchanged
17620,8677018.08517998,Unchanged
17621,0,Unchanged
17622,0,Unchanged
17623,20921652.9463873,Unchanged
17624,286776.262471607,Unchanged
17625,0,Unchanged
17626,0,Unchanged
17627,0,Unchanged
17628,0.180754320439513,Downregulated
17629,0,Unchanged
17630,0,Unchanged
17631,754271.507438877,Unchanged
17632,0.180754320439488,Downregulated
17633,481187.170169142,Unchanged
17634,0.180754320436228,Downregulated
17635,0.0548667290758902,Downregulated
17636,0,Unchanged
17637,10460826.4389497,Unchanged
17638,1808960.67418832,Unchanged
17639,7844008.62556791,Unchanged
17640,1187301.08531217,Unchanged
17641,0.0435101054947711,Downregulated
17642,2482079.02502646,Unchanged
17643,73936.0621114947,Unchanged
17644,2916.73877758176,Upregulated
17645,1.66094449766483,Unchanged
17646,26223664.8748619,Unchanged
17647,823025.832000327,Unchanged
17648,2897081.70330682,Unchanged
17649,4388848.67332281,Unchanged
17650,26172134.3495618,Unchanged
17651,4588111.15609927,Unchanged
17652,2588562.63059637,Unchanged
17653,5110087.96868971,Unchanged
17654,5527338.50682066,Unchanged
17655,5894165.66951324,Unchanged
17656,5110087.95384619,Unchanged
17657,4698116.06625883,Unchanged
17658,2455988.88865377,Unchanged
17659,4647574.13318813,Unchanged
17660,3824667.42469722,Unchanged
17661,1.02851199539674,Unchanged
17662,0,Unchanged
17663,0,Unchanged
17664,0,Unchanged
17665,0,Unchanged
17666,0.776785729000857,Unchanged
17667,0,Unchanged
17668,0.950913507782263,Unchanged
17669,5089634.72038162,Unchanged
17670,5089634.72038162,Unchanged
17671,1245646.37223744,Unchanged
17672,5089634.72038162,Unchanged
17673,2102756.77536585,Unchanged
17674,1268290.02434462,Unchanged
17675,0,Unchanged
17676,0,Unchanged
17677,1752505.45218628,Unchanged
17678,5089634.72038162,Unchanged
17679,109656.96637582,Unchanged
17680,2102756.77537303,Unchanged
17681,0,Unchanged
17682,0.347566912758429,Downregulated
17683,884494.313415574,Unchanged
17684,3711558.41966637,Unchanged
17685,0,Unchanged
17686,0,Unchanged
17687,0,Unchanged
17688,1115840.64243054,Unchanged
17689,3137124.90200607,Unchanged
17690,2234118.01950272,Unchanged
17691,2133481.38093089,Unchanged
17692,2133481.40121603,Unchanged
17693,533370.350304006,Unchanged
17694,0,Unchanged
17695,0,Unchanged
17696,2.16575245094402,Upregulated
17697,0,Unchanged
17698,0.982929174286204,Unchanged
17699,0,Unchanged
17700,0,Unchanged
17701,0,Unchanged
17702,0,Unchanged
17703,0.5,Downregulated
17704,1.053087383942,Unchanged
17705,340003.834818786,Unchanged
17706,4324.0848129862,Upregulated
17707,0,Unchanged
17708,0,Unchanged
17709,0,Unchanged
17710,0,Unchanged
17711,0,Unchanged
17712,150934.838950209,Unchanged
17713,0,Unchanged
17714,443465.354066104,Unchanged
17715,2185143.1922192,Unchanged
17716,5192369.27836452,Unchanged
17717,1.50167657648295,Unchanged
17718,3.00335315296612,Upregulated
17719,1249675.0035252,Unchanged
17720,89186.7491116912,Unchanged
17721,134030.454797813,Unchanged
17722,118903.940379659,Unchanged
17723,356746.99636357,Unchanged
17724,4649256.16391042,Unchanged
17725,487252.853953369,Unchanged
17726,11633916.8445291,Unchanged
17727,13604457.5605002,Unchanged
17728,5087205.55317349,Unchanged
17729,80517272.8329451,Unchanged
17730,0,Unchanged
17731,1739524.83903655,Unchanged
17732,2060876.69483413,Unchanged
17733,0.448571894390638,Downregulated
17734,0,Unchanged
17735,0,Unchanged
17736,4446144.86063335,Unchanged
17737,6736035.79389568,Unchanged
17738,38423792.1799861,Unchanged
17739,4870801.86749997,Unchanged
17740,3328981.67960456,Unchanged
17741,39782223.3634456,Unchanged
17742,76828.3347098801,Unchanged
17743,0,Unchanged
17744,1913460.85364734,Unchanged
17745,181143.242019833,Unchanged
17746,18699.001867175,Upregulated
17747,2174358.97752392,Unchanged
17748,6029411.37933646,Unchanged
17749,383163.627951932,Unchanged
17750,5014167.25674552,Unchanged
17751,4070777.32612907,Unchanged
17752,0,Unchanged
17753,380158.238918098,Unchanged
17754,18589875.9292851,Unchanged
17755,2557182.06373968,Unchanged
17756,2416877.67447539,Unchanged
17757,0.189566348501645,Downregulated
17758,15872954.4472865,Unchanged
17759,45090030.9868015,Unchanged
17760,5996544.94147171,Unchanged
17761,9374713.12046603,Unchanged
17762,1760300.09761557,Unchanged
17763,138.051075356276,Upregulated
17764,414154.045376496,Unchanged
17765,7620.35094407371,Upregulated
17766,11593393.9109633,Unchanged
17767,245543.747278234,Unchanged
17768,95202.2045067964,Unchanged
17769,0,Unchanged
17770,4845107.13010282,Unchanged
17771,2179999.57864606,Unchanged
17772,1736636.68640143,Unchanged
17773,0,Unchanged
17774,0,Unchanged
17775,0,Unchanged
17776,0,Unchanged
17777,0,Unchanged
17778,0,Unchanged
17779,0,Unchanged
17780,0,Unchanged
17781,0,Unchanged
17782,0,Unchanged
17783,0,Unchanged
17784,0,Unchanged
17785,0,Unchanged
17786,0,Unchanged
17787,0,Unchanged
17788,0,Unchanged
17789,0,Unchanged
17790,0,Unchanged
17791,0,Unchanged
17792,0,Unchanged
17793,0,Unchanged
17794,0,Unchanged
17795,0,Unchanged
17796,0,Unchanged
17797,0,Unchanged
17798,0.611545792879417,Unchanged
17799,0.428570697538163,Downregulated
17800,94608948.8778252,Unchanged
17801,6736035.81540993,Unchanged
17802,26886.4474868285,Unchanged
17803,10124990.5078893,Unchanged
17804,2471647.36498209,Unchanged
17805,4522505.25445755,Unchanged
17806,190079.118341805,Unchanged
17807,0,Unchanged
17808,14107605.4753186,Unchanged
17809,28215210.9654741,Unchanged
17810,28215210.7429187,Unchanged
17811,6328275.30673552,Unchanged
17812,6328275.27181471,Unchanged
17813,3086574.45668229,Unchanged
17814,2881961.95377657,Unchanged
17815,908654.070274907,Unchanged
17816,4223514.75803443,Unchanged
17817,6475484.72483216,Unchanged
17818,6704383.61029752,Unchanged
17819,924531.790576082,Unchanged
17820,2654869.69950205,Unchanged
17821,2037933.65451302,Unchanged
17822,78326385.6200634,Unchanged
17823,4766254.80041623,Unchanged
17824,362616.567950743,Unchanged
17825,5324212.11312894,Unchanged
17826,4172909.97468573,Unchanged
17827,12276118.5405588,Unchanged
17828,6745394.22484814,Unchanged
17829,9085875.95467626,Unchanged
17830,0.635730164464687,Unchanged
17831,2329639.96785082,Unchanged
17832,1805561.65181338,Unchanged
17833,2323560.50462815,Unchanged
17834,0,Unchanged
17835,7282.40370344171,Upregulated
17836,21848.659011553,Unchanged
17837,7767721.19708883,Unchanged
17838,1847943.91245876,Unchanged
17839,2231262.05679468,Unchanged
17840,48332.0497720253,Unchanged
17841,7018763.49963759,Unchanged
17842,6685444.4507726,Unchanged
17843,0.597929845761527,Unchanged
17844,22506.7169495383,Unchanged
17845,11100700.6246285,Unchanged
17846,41646322.2604655,Unchanged
17847,2288320.3550775,Unchanged
17848,2302394.31813115,Unchanged
17849,76957134.2550356,Unchanged
17850,92529.3914361678,Unchanged
17851,16603251.1351294,Unchanged
17852,0,Unchanged
17853,2265873.97035198,Unchanged
17854,3157743.84841685,Unchanged
17855,7497152.09480618,Unchanged
17856,1871908.30865229,Unchanged
17857,81462.3409706763,Unchanged
17858,6085157.39699377,Unchanged
17859,287842.870681509,Unchanged
17860,3885408.44030475,Unchanged
17861,15.8639523733656,Upregulated
17862,0,Unchanged
17863,3409155.33684706,Unchanged
17864,2628314.0418948,Unchanged
17865,1401976.06274762,Unchanged
17866,0.55192285070556,Unchanged
17867,0.381109214676949,Downregulated
17868,15342937.3086467,Unchanged
17869,14799089.4159584,Unchanged
17870,0,Unchanged
17871,0,Unchanged
17872,0,Unchanged
17873,0,Unchanged
17874,0,Unchanged
17875,0,Unchanged
17876,46866.412350513,Unchanged
17877,496738.605914721,Unchanged
17878,507088.789652498,Unchanged
17879,22937.6763651459,Unchanged
17880,6123879.58953992,Unchanged
17881,213695.289512276,Unchanged
17882,566568.26061777,Unchanged
17883,0,Unchanged
17884,13526977.4494022,Unchanged
17885,642765.23404605,Unchanged
17886,0,Unchanged
17887,0.247585452097292,Downregulated
17888,2482601.04628654,Unchanged
17889,167318.97106339,Unchanged
17890,0,Unchanged
17891,625154.480850093,Unchanged
17892,2542630.00026809,Unchanged
17893,785609.266943166,Unchanged
17894,6545995.3587851,Unchanged
17895,173232.675765108,Unchanged
17896,5112361.95977082,Unchanged
17897,0,Unchanged
17898,0.826289858069912,Unchanged
17899,4143155.55091506,Unchanged
17900,853393.620321245,Unchanged
17901,3363642.0190414,Unchanged
17902,0,Unchanged
17903,200105.7709286,Unchanged
17904,145430.525643613,Unchanged
17905,9294937.96464757,Unchanged
17906,3041354.65921723,Unchanged
17907,3314017.54224908,Unchanged
17908,3.32415112407531,Upregulated
17909,0,Unchanged
17910,4607716.02553606,Unchanged
17911,186121.757717352,Unchanged
17912,1126446.89603498,Unchanged
17913,0,Unchanged
17914,7936477.22363191,Unchanged
17915,0,Unchanged
17916,402127.667250898,Unchanged
17917,3472346.12302201,Unchanged
17918,2073149.83075369,Unchanged
17919,596530.816633905,Unchanged
17920,353507.487867018,Unchanged
17921,0,Unchanged
17922,4745847.75166957,Unchanged
17923,1435435.9479373,Unchanged
17924,2138783.10379693,Unchanged
17925,5451223.78087353,Unchanged
17926,0.826289858068267,Unchanged
17927,867356.647861221,Unchanged
17928,1597181.06187788,Unchanged
17929,2038781.59395187,Unchanged
17930,59142.3944778865,Unchanged
17931,40901.1696189196,Unchanged
17932,3229391.68496264,Unchanged
17933,913674.173013277,Unchanged
17934,505613.282448814,Unchanged
17935,1435435.94403925,Unchanged
17936,0,Unchanged
17937,0,Unchanged
17938,0,Unchanged
17939,0,Unchanged
17940,0,Unchanged
17941,0,Unchanged
17942,0,Unchanged
17943,0,Unchanged
17944,0,Unchanged
17945,0,Unchanged
17946,0,Unchanged
17947,0,Unchanged
17948,0,Unchanged
17949,0,Unchanged
17950,3756200.84116981,Unchanged
17951,0,Unchanged
17952,0,Unchanged
17953,0,Unchanged
17954,0,Unchanged
17955,0,Unchanged
17956,0,Unchanged
17957,0,Unchanged
17958,0,Unchanged
17959,0,Unchanged
17960,0,Unchanged
17961,0,Unchanged
17962,0,Unchanged
17963,0.826289858068267,Unchanged
17964,3870227.42802514,Unchanged
17965,0.826289858068267,Unchanged
17966,0.826289858068267,Unchanged
17967,4683489.66252487,Unchanged
17968,50196474.6899489,Unchanged
17969,16.6945183227015,Upregulated
17970,3490902.33950693,Unchanged
17971,42010.3248025116,Unchanged
17972,1.80652634774106,Unchanged
17973,11131123.6690813,Unchanged
17974,5982518.92394522,Unchanged
17975,3960702.32325227,Unchanged
17976,3094570.7459706,Unchanged
17977,29529.9429181926,Unchanged
17978,51728.5415759205,Unchanged
17979,97085.1013178016,Unchanged
17980,0,Unchanged
17981,294041.803767711,Unchanged
17982,6823849.93786616,Unchanged
17983,13647699.9078852,Unchanged
17984,6823849.90518417,Unchanged
17985,5638478.02185073,Unchanged
17986,5638478.00958862,Unchanged
17987,3265607.23991589,Unchanged
17988,848937.515843356,Unchanged
17989,5305078.94256177,Unchanged
17990,11428.6286295012,Upregulated
17991,860464.722644217,Unchanged
17992,3572910.35611742,Unchanged
17993,2953202.7486665,Unchanged
17994,1219330.19596958,Unchanged
17995,1219330.21227644,Unchanged
17996,15487.0452916273,Upregulated
17997,89538.9223311503,Unchanged
17998,1442295.6983729,Unchanged
17999,285976.050937927,Unchanged
18000,0,Unchanged
18001,49709359.8103422,Unchanged
18002,8.91492936293745,Upregulated
18003,6298532.51442785,Unchanged
18004,32524.7876216282,Unchanged
18005,37474.1937308515,Unchanged
18006,2851300.30283967,Unchanged
18007,365101.02641098,Unchanged
18008,0,Unchanged
18009,1605723.77854314,Unchanged
18010,1857883.61009717,Unchanged
18011,2305878.30225917,Unchanged
18012,1316185.07175549,Unchanged
18013,35347.2312911643,Unchanged
18014,1.25254985185934,Unchanged
18015,0,Unchanged
18016,1055363.43274145,Unchanged
18017,6037658.43656724,Unchanged
18018,130040.453905284,Unchanged
18019,44.812499284106,Upregulated
18020,9.32058246738632,Upregulated
18021,319740.436145605,Unchanged
18022,0.581956712944846,Unchanged
18023,2681879.64037505,Unchanged
18024,0,Unchanged
18025,51411.5691748522,Unchanged
18026,0.337612844880275,Downregulated
18027,558020.118783722,Unchanged
18028,3257361.78708679,Unchanged
18029,18343.1973483897,Upregulated
18030,56643.4214331249,Unchanged
18031,21835.1332038555,Unchanged
18032,223891.58967287,Unchanged
18033,17.9470718822577,Upregulated
18034,44247.682586389,Unchanged
18035,2.69806568027959,Upregulated
18036,1.54257557732579,Unchanged
18037,1445532.49020095,Unchanged
18038,510734.518689218,Unchanged
18039,2998902.47138162,Unchanged
18040,3073661.27932382,Unchanged
18041,0.992102073741111,Unchanged
18042,2.44166548292383,Upregulated
18043,222726.542349643,Unchanged
18044,1676659.67074796,Unchanged
18045,352758.067755362,Unchanged
18046,546456.711965738,Unchanged
18047,15737334.9206925,Unchanged
18048,133983.644540495,Unchanged
18049,2764187.49812837,Unchanged
18050,0,Unchanged
18051,14830661.7295263,Unchanged
18052,150482465.166443,Unchanged
18053,6.84775478861024,Upregulated
18054,45255.7535758311,Unchanged
18055,12990769.3672878,Unchanged
18056,14139207.7822987,Unchanged
18057,7318801.49877874,Unchanged
18058,0,Unchanged
18059,146977.447508966,Unchanged
18060,1279013.17708588,Unchanged
18061,2393616.31885068,Unchanged
18062,2393616.34936126,Unchanged
18063,18119.8954530136,Upregulated
18064,142909.089435185,Unchanged
18065,546456.713639334,Unchanged
18066,1.16430947636549,Unchanged
18067,874571116.660498,Unchanged
18068,1035759.17736009,Unchanged
18069,934924.430706662,Unchanged
18070,28480.5515697001,Unchanged
18071,871442.512275979,Unchanged
18072,7.11612316933238,Upregulated
18073,0.10765282116793,Downregulated
18074,164917.25692844,Unchanged
18075,3054904.57163659,Unchanged
18076,1418704.04577537,Unchanged
18077,0.558508245290177,Unchanged
18078,0.179603149235805,Downregulated
18079,80517272.8329451,Unchanged
18080,17418774.7736901,Unchanged
18081,84286.5641939443,Unchanged
18082,0.310801307398725,Downregulated
18083,0.237482063071888,Downregulated
18084,0,Unchanged
18085,1995475.25490594,Unchanged
18086,190882.313548531,Unchanged
18087,92164.2077913463,Unchanged
18088,1799409.2154638,Unchanged
18089,997207.818365097,Unchanged
18090,45110.3586224571,Unchanged
18091,24917308.4643423,Unchanged
18092,491922.083175724,Unchanged
18093,1251487.07194633,Unchanged
18094,2541615.8050071,Unchanged
18095,24917308.5647236,Unchanged
18096,450600.031431968,Unchanged
18097,169491.725966388,Unchanged
18098,56773.0369531413,Unchanged
18099,8285414.35101572,Unchanged
18100,90833.2431761579,Unchanged
18101,541245.580485314,Unchanged
18102,1250308.96170284,Unchanged
18103,1380329.6080868,Unchanged
18104,1018004.16954682,Unchanged
18105,6145496.03823369,Unchanged
18106,173232.676351546,Unchanged
18107,2775372.18143885,Unchanged
18108,1262701.31687902,Unchanged
18109,0.82628985807053,Unchanged
18110,2249214.50543981,Unchanged
18111,853393.622831984,Unchanged
18112,3363642.01904176,Unchanged
18113,0.448571894391795,Downregulated
18114,108632.368738333,Unchanged
18115,1888483.08185426,Unchanged
18116,9294937.96463787,Unchanged
18117,1651074.62917133,Unchanged
18118,1799096.42173875,Unchanged
18119,3.32415112398243,Upregulated
18120,0.82628985807066,Unchanged
18121,4607716.02555702,Unchanged
18122,1312061.84681957,Unchanged
18123,611519.568947398,Unchanged
18124,621968.257016526,Unchanged
18125,4308513.0335866,Unchanged
18126,1275672.47052975,Unchanged
18127,1403912.06843964,Unchanged
18128,24478238.9863852,Unchanged
18129,2508986.13450086,Unchanged
18130,7746230.37373776,Unchanged
18131,89955.1522097664,Unchanged
18132,323600.218287765,Unchanged
18133,4745847.75166783,Unchanged
18134,810630.798175816,Unchanged
18135,1207830.59576689,Unchanged
18136,5451223.78094115,Unchanged
18137,0.448571894392712,Downregulated
18138,470866.021974917,Unchanged
18139,1597181.06189769,Unchanged
18140,2038781.61512474,Unchanged
18141,59141.8502615792,Unchanged
18142,22204.0743882043,Unchanged
18143,1753155.18120018,Unchanged
18144,913674.165944796,Unchanged
18145,0,Unchanged
18146,779261.929135904,Unchanged
18147,0,Unchanged
18148,0,Unchanged
18149,0,Unchanged
18150,0,Unchanged
18151,0,Unchanged
18152,0,Unchanged
18153,0,Unchanged
18154,0,Unchanged
18155,0,Unchanged
18156,0,Unchanged
18157,0,Unchanged
18158,0,Unchanged
18159,0,Unchanged
18160,0,Unchanged
18161,2039146.57055833,Unchanged
18162,0,Unchanged
18163,0,Unchanged
18164,0,Unchanged
18165,0,Unchanged
18166,0,Unchanged
18167,0,Unchanged
18168,0,Unchanged
18169,0,Unchanged
18170,0,Unchanged
18171,0,Unchanged
18172,0,Unchanged
18173,0,Unchanged
18174,0.448571894498026,Downregulated
18175,3870227.42805711,Unchanged
18176,0.826289858068237,Unchanged
18177,0.448571894394361,Downregulated
18178,2542548.26848037,Unchanged
18179,50196475.0366234,Unchanged
18180,9.06303234491288,Upregulated
18181,4224791.4431176,Unchanged
18182,22806.344282881,Unchanged
18183,1.80652634776012,Unchanged
18184,13471209.4316236,Unchanged
18185,2471647.34441088,Unchanged
18186,3915639.30313926,Unchanged
18187,1423988.55036732,Unchanged
18188,85264.150218916,Unchanged
18189,83363.1588860378,Unchanged
18190,235681.633056236,Unchanged
18191,0,Unchanged
18192,6823849.95249876,Unchanged
18193,5638477.97306439,Unchanged
18194,3060987.30350041,Unchanged
18195,3060987.2958518,Unchanged
18196,5638478.01972297,Unchanged
18197,5638478.00246085,Unchanged
18198,3545631.3825676,Unchanged
18199,190404.754850662,Unchanged
18200,2400239.43765629,Unchanged
18201,4721.67996410042,Upregulated
18202,2029554.59542389,Unchanged
18203,1603219.21305338,Unchanged
18204,2953202.76778935,Unchanged
18205,5539764.11098079,Unchanged
18206,3007398.02929202,Unchanged
18207,249286.955016016,Unchanged
18208,2654869.70752542,Unchanged
18209,5584081.13777586,Unchanged
18210,5994485.28601883,Unchanged
18211,2304139.80701061,Unchanged
18212,35339995.5111503,Unchanged
18213,8.70221004704846,Upregulated
18214,5204413.55229725,Unchanged
18215,122965.764003402,Unchanged
18216,260977.104756304,Unchanged
18217,1279013.16768981,Unchanged
18218,2542630.00470455,Unchanged
18219,420140.530066358,Unchanged
18220,4817171.2908898,Unchanged
18221,5573650.88528283,Unchanged
18222,3755409.32258161,Unchanged
18223,2143570.8979126,Unchanged
18224,124715.992633376,Unchanged
18225,1.03496923932164,Unchanged
18226,33852.5633845183,Unchanged
18227,473406.376054372,Unchanged
18228,2494427.96632083,Unchanged
18229,458823.047712585,Unchanged
18230,44.812499284085,Upregulated
18231,9.32058246732578,Upregulated
18232,588976.444741106,Unchanged
18233,1.29735438226273,Unchanged
18234,8030.56952425383,Upregulated
18235,557061.244355521,Unchanged
18236,33784.4216576659,Unchanged
18237,0.516102793815774,Unchanged
18238,3209194.65781541,Unchanged
18239,2489735.72055038,Unchanged
18240,44797.8881682933,Unchanged
18241,92965.8505461718,Unchanged
18242,4835.20092927439,Upregulated
18243,546789.630013244,Unchanged
18244,17.9470717734483,Upregulated
18245,114732.345441243,Unchanged
18246,18.7787333980398,Upregulated
18247,6.61010267680329,Upregulated
18248,2662736.67854844,Unchanged
18249,0,Unchanged
18250,5524114.92654923,Unchanged
18251,0,Unchanged
18252,0.266949853263948,Downregulated
18253,7.62310674917549,Upregulated
18254,5351469.52369748,Unchanged
18255,13078196.7387349,Unchanged
18256,649796.423549604,Unchanged
18257,1257025.95779995,Unchanged
18258,1694875.69980982,Unchanged
18259,0,Unchanged
18260,3066026.08103092,Unchanged
18261,0,Unchanged
18262,1162944.40832453,Unchanged
18263,75241232.5832213,Unchanged
18264,3.42387739430512,Upregulated
18265,100888.517490695,Unchanged
18266,72330409.6966852,Unchanged
18267,35313698.7350975,Unchanged
18268,2039038.81462306,Unchanged
18269,0,Unchanged
18270,74657.1319537106,Unchanged
18271,2851300.26577729,Unchanged
18272,766670.413914131,Unchanged
18273,1196808.15887573,Unchanged
18274,45255.4730213567,Unchanged
18275,356925.817970038,Unchanged
18276,3042578.71473141,Unchanged
18277,1.16430947636549,Unchanged
18278,392308022.588475,Unchanged
18279,577130.883310348,Unchanged
18280,204143.574432279,Unchanged
18281,0,Unchanged
18282,0,Unchanged
18283,11460.1498535551,Upregulated
18284,0,Unchanged
18285,0,Unchanged
18286,0,Unchanged
18287,0,Unchanged
18288,0,Unchanged
18289,0,Unchanged
18290,0,Unchanged
18291,0,Unchanged
18292,0,Unchanged
18293,0,Unchanged
18294,0,Unchanged
18295,0,Unchanged
18296,0,Unchanged
18297,0,Unchanged
18298,0,Unchanged
18299,0,Unchanged
18300,2.2759812256851,Upregulated
18301,0,Unchanged
18302,2666980.4326285,Unchanged
18303,0,Unchanged
18304,0,Unchanged
18305,1709864.97624615,Unchanged
18306,11755817.349611,Unchanged
18307,11755817.349611,Unchanged
18308,2127461.40925993,Unchanged
18309,0,Unchanged
18310,0,Unchanged
18311,0.661999494474695,Unchanged
18312,0,Unchanged
18313,0,Unchanged
18314,0.999999999990279,Unchanged
18315,0,Unchanged
18316,0,Unchanged
18317,0,Unchanged
18318,0,Unchanged
18319,0,Unchanged
18320,0,Unchanged
18321,0,Unchanged
18322,0,Unchanged
18323,0,Unchanged
18324,0,Unchanged
18325,0,Unchanged
18326,0,Unchanged
18327,0,Unchanged
18328,0,Unchanged
18329,0,Unchanged
18330,0,Unchanged
18331,0,Unchanged
18332,0,Unchanged
18333,0,Unchanged
18334,0,Unchanged
18335,3216217.58082735,Unchanged
18336,0,Unchanged
18337,0,Unchanged
18338,0,Unchanged
18339,228.24394443974,Upregulated
18340,0,Unchanged
18341,0,Unchanged
18342,0,Unchanged
18343,0,Unchanged
18344,0,Unchanged
18345,0,Unchanged
18346,0,Unchanged
18347,0,Unchanged
18348,0,Unchanged
18349,0,Unchanged
18350,0,Unchanged
18351,0,Unchanged
18352,0,Unchanged
18353,0,Unchanged
18354,0,Unchanged
18355,0,Unchanged
18356,0,Unchanged
18357,0,Unchanged
18358,0,Unchanged
18359,0,Unchanged
18360,0,Unchanged
18361,0,Unchanged
18362,0,Unchanged
18363,0,Unchanged
18364,0,Unchanged
18365,0,Unchanged
18366,0,Unchanged
18367,0,Unchanged
18368,0,Unchanged
18369,0,Unchanged
18370,0,Unchanged
18371,0,Unchanged
18372,0,Unchanged
18373,0,Unchanged
18374,0,Unchanged
18375,0,Unchanged
18376,0,Unchanged
18377,0,Unchanged
18378,0,Unchanged
18379,0,Unchanged
18380,2815.02690484297,Upregulated
18381,0,Unchanged
18382,0,Unchanged
18383,0,Unchanged
18384,0,Unchanged
18385,0,Unchanged
18386,0,Unchanged
18387,0,Unchanged
18388,0,Unchanged
18389,0,Unchanged
18390,0,Unchanged
18391,0,Unchanged
18392,61172.9826201536,Unchanged
18393,13541.7593237142,Upregulated
18394,0,Unchanged
18395,0,Unchanged
18396,0,Unchanged
18397,0,Unchanged
18398,0,Unchanged
18399,0,Unchanged
18400,0,Unchanged
18401,0,Unchanged
18402,0,Unchanged
18403,0,Unchanged
18404,0,Unchanged
18405,0,Unchanged
18406,0,Unchanged
18407,0,Unchanged
18408,0,Unchanged
18409,5168948.23621442,Unchanged
18410,0.834607648582525,Unchanged
18411,0,Unchanged
18412,0,Unchanged
18413,0,Unchanged
18414,0,Unchanged
18415,0,Unchanged
18416,0,Unchanged
18417,0,Unchanged
18418,0,Unchanged
18419,0,Unchanged
18420,0,Unchanged
18421,0,Unchanged
18422,0,Unchanged
18423,8151.95443404707,Upregulated
18424,0,Unchanged
18425,0,Unchanged
18426,0,Unchanged
18427,0,Unchanged
18428,0,Unchanged
18429,0,Unchanged
18430,0,Unchanged
18431,0,Unchanged
18432,0,Unchanged
18433,0,Unchanged
18434,0,Unchanged
18435,0,Unchanged
18436,0,Unchanged
18437,0,Unchanged
18438,0,Unchanged
18439,0,Unchanged
18440,0,Unchanged
18441,0,Unchanged
18442,0,Unchanged
18443,0,Unchanged
18444,0,Unchanged
18445,0,Unchanged
18446,0,Unchanged
18447,0.310082555379948,Downregulated
18448,0,Unchanged
18449,0,Unchanged
18450,0,Unchanged
18451,0,Unchanged
18452,0,Unchanged
18453,0,Unchanged
18454,0,Unchanged
18455,0,Unchanged
18456,0,Unchanged
18457,0,Unchanged
18458,0,Unchanged
18459,0,Unchanged
18460,0,Unchanged
18461,0,Unchanged
18462,0,Unchanged
18463,0,Unchanged
18464,0,Unchanged
18465,0,Unchanged
18466,0,Unchanged
18467,0,Unchanged
18468,0,Unchanged
18469,0,Unchanged
18470,0,Unchanged
18471,0,Unchanged
18472,0,Unchanged
18473,0,Unchanged
18474,0.404460471664264,Downregulated
18475,0,Unchanged
18476,0,Unchanged
18477,0,Unchanged
18478,0,Unchanged
18479,0,Unchanged
18480,0,Unchanged
18481,0,Unchanged
18482,0,Unchanged
18483,0,Unchanged
18484,0,Unchanged
18485,0,Unchanged
18486,0,Unchanged
18487,45084583.7850694,Unchanged
18488,0,Unchanged
18489,0.999999918596011,Unchanged
18490,0,Unchanged
18491,0.99999913436552,Unchanged
18492,0,Unchanged
18493,20265753.2331352,Unchanged
18494,0,Unchanged
18495,0,Unchanged
18496,0,Unchanged
18497,0,Unchanged
18498,0,Unchanged
18499,0,Unchanged
18500,5656667.05980473,Unchanged
18501,3496690.21036794,Unchanged
18502,0,Unchanged
18503,0,Unchanged
18504,0,Unchanged
18505,0,Unchanged
18506,0,Unchanged
18507,0,Unchanged
18508,0,Unchanged
18509,0,Unchanged
18510,0,Unchanged
18511,0,Unchanged
18512,0,Unchanged
18513,0,Unchanged
18514,0,Unchanged
18515,0,Unchanged
18516,0,Unchanged
18517,0,Unchanged
18518,0,Unchanged
18519,0,Unchanged
18520,0,Unchanged
18521,0,Unchanged
18522,0,Unchanged
18523,5043220.77664916,Unchanged
18524,0,Unchanged
18525,0,Unchanged
18526,0,Unchanged
18527,0,Unchanged
18528,0,Unchanged
18529,0,Unchanged
18530,0,Unchanged
18531,25873.0813914412,Unchanged
18532,2580.34294956619,Upregulated
18533,2580.34269430123,Upregulated
18534,269511.661270112,Unchanged
18535,0,Unchanged
18536,0,Unchanged
18537,0,Unchanged
18538,0,Unchanged
18539,0,Unchanged
18540,14241.4870733596,Upregulated
18541,0,Unchanged
18542,0,Unchanged
18543,0,Unchanged
18544,408410.064092099,Unchanged
18545,0,Unchanged
18546,0,Unchanged
18547,0,Unchanged
18548,61429.8555892672,Unchanged
18549,57233.5168869696,Unchanged
18550,24304.5432186198,Unchanged
18551,24301.0640051625,Unchanged
18552,43410.7387499447,Unchanged
18553,781062239.29099,Unchanged
18554,1.99999444781938,Unchanged
18555,0,Unchanged
18556,3438752.34869775,Unchanged
18557,0,Unchanged
18558,0,Unchanged
18559,255734979.733543,Unchanged
18560,1130637.85268782,Unchanged
18561,0,Unchanged
18562,0,Unchanged
18563,271714.016698038,Unchanged
18564,0,Unchanged
18565,0,Unchanged
18566,159879.828041011,Unchanged
18567,0,Unchanged
18568,0,Unchanged
18569,307640.151463009,Unchanged
18570,1639903.56606332,Unchanged
18571,0,Unchanged
18572,0,Unchanged
18573,1.99999445281087,Unchanged
18574,3447400.59079826,Unchanged
18575,0,Unchanged
18576,0,Unchanged
18577,0,Unchanged
18578,84216.3796776582,Unchanged
18579,0,Unchanged
18580,0,Unchanged
18581,0,Unchanged
18582,0,Unchanged
18583,0,Unchanged
18584,93612.4245182419,Unchanged
18585,0,Unchanged
18586,215875.970533541,Unchanged
18587,0.724285885136127,Unchanged
18588,3831598.10160209,Unchanged
18589,74388361.1712761,Unchanged
18590,8905295.47149058,Unchanged
18591,0,Unchanged
18592,2243538.43977627,Unchanged
18593,0,Unchanged
18594,4144953.3434815,Unchanged
18595,0,Unchanged
18596,0,Unchanged
18597,0,Unchanged
18598,0,Unchanged
18599,0,Unchanged
18600,0,Unchanged
18601,0,Unchanged
18602,0,Unchanged
18603,0,Unchanged
18604,1697753.74864077,Unchanged
18605,0,Unchanged
18606,0,Unchanged
18607,0,Unchanged
18608,0,Unchanged
18609,0,Unchanged
18610,3928.71593441418,Upregulated
18611,0,Unchanged
18612,29267.9844319539,Unchanged
18613,0,Unchanged
18614,0,Unchanged
18615,0,Unchanged
18616,0,Unchanged
18617,0,Unchanged
18618,0,Unchanged
18619,0,Unchanged
18620,0,Unchanged
18621,0,Unchanged
18622,0,Unchanged
18623,0,Unchanged
18624,0,Unchanged
18625,0,Unchanged
18626,0,Unchanged
18627,0,Unchanged
18628,3868.21630605656,Upregulated
18629,3868.21630605656,Upregulated
18630,0,Unchanged
18631,0,Unchanged
18632,0,Unchanged
18633,0,Unchanged
18634,0,Unchanged
18635,0,Unchanged
18636,0,Unchanged
